"player","pos","team","games","pass_att","pass_comp","pass_yds","pass_yds_g","pass_tds","pass_int","pass_rate","rush_att","rush_yds","rush_avg","rush_tds","fumbles_lost","site_pts","site_fppg","src_id","data_src","id","source","position_asked","rec_tgt","rec","rec_yds","rec_yds_g","rec_avg","rec_tds","fg","fg_att","fg_0019","fg_att_0019","fg_2029","fg_att_2029","fg_3039","fg_att_3039","fg_4049","fg_att_4049","fg_50","fg_att_50","xp","xp_att","dst_int","dst_safety","dst_sacks","dst_tackles","dst_fum_rec","dst_fum_force","dst_td","dst_pts_allowed","dst_pts_allowed_g","dst_pass_yds_allowed","dst_rush_yds_allowed","dst_yds_allowed","dst_avg_yds_allowed","dst_fumbles","fg_50_att","fg_4049_att","fg_0039","fg_att_39","opp","fg_miss","xp_miss","bye","draft_rank","pass_comp_pct","pct_owned","misc_tds","misc_yds","fg_pct","xp_pct","idp_solo","pos_rank","overall_rank","opp_def_rank","team_id","team_name","home_team_id","home_team","home_abbr","away_team_id","away_team","away_abbr","proj_type","fumblesRecovered","opponentOffensiveRank"
"Justin Herbert","QB","LAC",1,32.4,22.8,254,254,2.3,0.7,108.1,5.1,35.7,7,0.2,0.1,26.4,26.4,"2221960","CBS","14779","CBS","QB",NA,NA,NA,NA,NA,NA,NA,NA,NA,NA,NA,NA,NA,NA,NA,NA,NA,NA,NA,NA,NA,NA,NA,NA,NA,NA,NA,NA,NA,NA,NA,NA,NA,NA,NA,NA,NA,NA,NA,NA,NA,NA,NA,NA,NA,NA,NA,NA,NA,NA,NA,NA,NA,NA,NA,NA,NA,NA,NA,NA,NA,NA,NA,NA
"Jalen Hurts","QB","PHI",1,27.6,18,221,221,1.8,0.3,107,7,31.7,4.5,0.6,0.2,24.4,24.4,"2240246","CBS","14783","CBS","QB",NA,NA,NA,NA,NA,NA,NA,NA,NA,NA,NA,NA,NA,NA,NA,NA,NA,NA,NA,NA,NA,NA,NA,NA,NA,NA,NA,NA,NA,NA,NA,NA,NA,NA,NA,NA,NA,NA,NA,NA,NA,NA,NA,NA,NA,NA,NA,NA,NA,NA,NA,NA,NA,NA,NA,NA,NA,NA,NA,NA,NA,NA,NA,NA
"Joe Burrow","QB","CIN",1,35.7,23.6,255,255,2.2,0.9,97,1.8,9.5,5.3,0.1,0.1,21.8,21.8,"2179798","CBS","14777","CBS","QB",NA,NA,NA,NA,NA,NA,NA,NA,NA,NA,NA,NA,NA,NA,NA,NA,NA,NA,NA,NA,NA,NA,NA,NA,NA,NA,NA,NA,NA,NA,NA,NA,NA,NA,NA,NA,NA,NA,NA,NA,NA,NA,NA,NA,NA,NA,NA,NA,NA,NA,NA,NA,NA,NA,NA,NA,NA,NA,NA,NA,NA,NA,NA,NA
"Jared Goff","QB","DET",1,30.9,21.2,252,252,2.2,0.6,108.9,1.4,2.8,2,0,0.2,21.6,21.6,"2061053","CBS","12611","CBS","QB",NA,NA,NA,NA,NA,NA,NA,NA,NA,NA,NA,NA,NA,NA,NA,NA,NA,NA,NA,NA,NA,NA,NA,NA,NA,NA,NA,NA,NA,NA,NA,NA,NA,NA,NA,NA,NA,NA,NA,NA,NA,NA,NA,NA,NA,NA,NA,NA,NA,NA,NA,NA,NA,NA,NA,NA,NA,NA,NA,NA,NA,NA,NA,NA
"Dak Prescott","QB","DAL",1,36.1,23.4,262,262,1.9,0.7,95.8,3,12.5,4.2,0.1,0.1,21.4,21.4,"1824864","CBS","12620","CBS","QB",NA,NA,NA,NA,NA,NA,NA,NA,NA,NA,NA,NA,NA,NA,NA,NA,NA,NA,NA,NA,NA,NA,NA,NA,NA,NA,NA,NA,NA,NA,NA,NA,NA,NA,NA,NA,NA,NA,NA,NA,NA,NA,NA,NA,NA,NA,NA,NA,NA,NA,NA,NA,NA,NA,NA,NA,NA,NA,NA,NA,NA,NA,NA,NA
"Caleb Williams","QB","CHI",1,35,20.9,246,246,1.8,0.6,91.1,4.7,25.3,5.4,0.1,0.1,21,21,"26695775","CBS","16579","CBS","QB",NA,NA,NA,NA,NA,NA,NA,NA,NA,NA,NA,NA,NA,NA,NA,NA,NA,NA,NA,NA,NA,NA,NA,NA,NA,NA,NA,NA,NA,NA,NA,NA,NA,NA,NA,NA,NA,NA,NA,NA,NA,NA,NA,NA,NA,NA,NA,NA,NA,NA,NA,NA,NA,NA,NA,NA,NA,NA,NA,NA,NA,NA,NA,NA
"Lamar Jackson","QB","BAL",1,23.5,15.8,199,199,1.9,0.6,109.7,6.2,35.7,5.8,0.2,0.3,20.8,20.8,"2181169","CBS","13593","CBS","QB",NA,NA,NA,NA,NA,NA,NA,NA,NA,NA,NA,NA,NA,NA,NA,NA,NA,NA,NA,NA,NA,NA,NA,NA,NA,NA,NA,NA,NA,NA,NA,NA,NA,NA,NA,NA,NA,NA,NA,NA,NA,NA,NA,NA,NA,NA,NA,NA,NA,NA,NA,NA,NA,NA,NA,NA,NA,NA,NA,NA,NA,NA,NA,NA
"Trevor Lawrence","QB","JAC",1,30.5,17.9,203,203,1.9,0.8,88.6,4.4,17.5,4,0.3,0.2,20.2,20.2,"2967185","CBS","15237","CBS","QB",NA,NA,NA,NA,NA,NA,NA,NA,NA,NA,NA,NA,NA,NA,NA,NA,NA,NA,NA,NA,NA,NA,NA,NA,NA,NA,NA,NA,NA,NA,NA,NA,NA,NA,NA,NA,NA,NA,NA,NA,NA,NA,NA,NA,NA,NA,NA,NA,NA,NA,NA,NA,NA,NA,NA,NA,NA,NA,NA,NA,NA,NA,NA,NA
"Jaxson Dart","QB","NYG",1,26.9,17.3,198,198,1.5,0.8,92.5,5.3,30.7,5.8,0.4,0.1,19.6,19.6,"26694019","CBS","17032","CBS","QB",NA,NA,NA,NA,NA,NA,NA,NA,NA,NA,NA,NA,NA,NA,NA,NA,NA,NA,NA,NA,NA,NA,NA,NA,NA,NA,NA,NA,NA,NA,NA,NA,NA,NA,NA,NA,NA,NA,NA,NA,NA,NA,NA,NA,NA,NA,NA,NA,NA,NA,NA,NA,NA,NA,NA,NA,NA,NA,NA,NA,NA,NA,NA,NA
"Matthew Stafford","QB","LAR",1,32.4,21.1,230,230,1.9,0.4,100.3,1.6,2.2,1.4,0,0.1,19.4,19.4,"1114942","CBS","9431","CBS","QB",NA,NA,NA,NA,NA,NA,NA,NA,NA,NA,NA,NA,NA,NA,NA,NA,NA,NA,NA,NA,NA,NA,NA,NA,NA,NA,NA,NA,NA,NA,NA,NA,NA,NA,NA,NA,NA,NA,NA,NA,NA,NA,NA,NA,NA,NA,NA,NA,NA,NA,NA,NA,NA,NA,NA,NA,NA,NA,NA,NA,NA,NA,NA,NA
"Baker Mayfield","QB","TB",1,33.2,20.8,240,240,1.7,1,88.9,3.5,27,7.7,0.1,0.2,19.4,19.4,"2080032","CBS","13590","CBS","QB",NA,NA,NA,NA,NA,NA,NA,NA,NA,NA,NA,NA,NA,NA,NA,NA,NA,NA,NA,NA,NA,NA,NA,NA,NA,NA,NA,NA,NA,NA,NA,NA,NA,NA,NA,NA,NA,NA,NA,NA,NA,NA,NA,NA,NA,NA,NA,NA,NA,NA,NA,NA,NA,NA,NA,NA,NA,NA,NA,NA,NA,NA,NA,NA
"Malik Willis","QB","MIA",1,27.6,20.2,194,194,1.6,0.8,99.6,8.5,37.8,4.5,0.3,0.3,19.2,19.2,"2804167","CBS","15694","CBS","QB",NA,NA,NA,NA,NA,NA,NA,NA,NA,NA,NA,NA,NA,NA,NA,NA,NA,NA,NA,NA,NA,NA,NA,NA,NA,NA,NA,NA,NA,NA,NA,NA,NA,NA,NA,NA,NA,NA,NA,NA,NA,NA,NA,NA,NA,NA,NA,NA,NA,NA,NA,NA,NA,NA,NA,NA,NA,NA,NA,NA,NA,NA,NA,NA
"Cam Ward","QB","TEN",1,33.3,20.1,210,210,1.9,0.4,92.7,2.1,8.3,4,0.2,0.3,19.2,19.2,"3168422","CBS","17030","CBS","QB",NA,NA,NA,NA,NA,NA,NA,NA,NA,NA,NA,NA,NA,NA,NA,NA,NA,NA,NA,NA,NA,NA,NA,NA,NA,NA,NA,NA,NA,NA,NA,NA,NA,NA,NA,NA,NA,NA,NA,NA,NA,NA,NA,NA,NA,NA,NA,NA,NA,NA,NA,NA,NA,NA,NA,NA,NA,NA,NA,NA,NA,NA,NA,NA
"Geno Smith","QB","NYJ",1,28.9,19.8,208,208,1.8,0.7,99.8,3.4,16.2,4.8,0.1,0.1,18.8,18.8,"1700358","CBS","11150","CBS","QB",NA,NA,NA,NA,NA,NA,NA,NA,NA,NA,NA,NA,NA,NA,NA,NA,NA,NA,NA,NA,NA,NA,NA,NA,NA,NA,NA,NA,NA,NA,NA,NA,NA,NA,NA,NA,NA,NA,NA,NA,NA,NA,NA,NA,NA,NA,NA,NA,NA,NA,NA,NA,NA,NA,NA,NA,NA,NA,NA,NA,NA,NA,NA,NA
"Bryce Young","QB","CAR",1,30.5,20.5,219,219,1.6,0.9,93.2,3.7,19.9,5.4,0.3,0.1,18.4,18.4,"3161957","CBS","16148","CBS","QB",NA,NA,NA,NA,NA,NA,NA,NA,NA,NA,NA,NA,NA,NA,NA,NA,NA,NA,NA,NA,NA,NA,NA,NA,NA,NA,NA,NA,NA,NA,NA,NA,NA,NA,NA,NA,NA,NA,NA,NA,NA,NA,NA,NA,NA,NA,NA,NA,NA,NA,NA,NA,NA,NA,NA,NA,NA,NA,NA,NA,NA,NA,NA,NA
"Josh Allen","QB","BUF",1,28.3,17.5,197,197,1.3,1,83.2,7.4,35.1,4.7,0.5,0.2,18.4,18.4,"2181054","CBS","13589","CBS","QB",NA,NA,NA,NA,NA,NA,NA,NA,NA,NA,NA,NA,NA,NA,NA,NA,NA,NA,NA,NA,NA,NA,NA,NA,NA,NA,NA,NA,NA,NA,NA,NA,NA,NA,NA,NA,NA,NA,NA,NA,NA,NA,NA,NA,NA,NA,NA,NA,NA,NA,NA,NA,NA,NA,NA,NA,NA,NA,NA,NA,NA,NA,NA,NA
"Sam Darnold","QB","SEA",1,29.2,20.1,233,233,1.8,0.8,101.8,2.8,8,2.9,0,0.3,17.6,17.6,"2180320","CBS","13592","CBS","QB",NA,NA,NA,NA,NA,NA,NA,NA,NA,NA,NA,NA,NA,NA,NA,NA,NA,NA,NA,NA,NA,NA,NA,NA,NA,NA,NA,NA,NA,NA,NA,NA,NA,NA,NA,NA,NA,NA,NA,NA,NA,NA,NA,NA,NA,NA,NA,NA,NA,NA,NA,NA,NA,NA,NA,NA,NA,NA,NA,NA,NA,NA,NA,NA
"C.J. Stroud","QB","HOU",1,34.1,19.6,206,206,1.6,0.8,81,3.2,16.8,5.3,0.1,0.1,17.4,17.4,"3163079","CBS","16150","CBS","QB",NA,NA,NA,NA,NA,NA,NA,NA,NA,NA,NA,NA,NA,NA,NA,NA,NA,NA,NA,NA,NA,NA,NA,NA,NA,NA,NA,NA,NA,NA,NA,NA,NA,NA,NA,NA,NA,NA,NA,NA,NA,NA,NA,NA,NA,NA,NA,NA,NA,NA,NA,NA,NA,NA,NA,NA,NA,NA,NA,NA,NA,NA,NA,NA
"Drake Maye","QB","NE",1,27.8,18.7,203,203,1.2,0.7,92.5,6.9,31.2,4.5,0.2,0.3,17.4,17.4,"26695757","CBS","16580","CBS","QB",NA,NA,NA,NA,NA,NA,NA,NA,NA,NA,NA,NA,NA,NA,NA,NA,NA,NA,NA,NA,NA,NA,NA,NA,NA,NA,NA,NA,NA,NA,NA,NA,NA,NA,NA,NA,NA,NA,NA,NA,NA,NA,NA,NA,NA,NA,NA,NA,NA,NA,NA,NA,NA,NA,NA,NA,NA,NA,NA,NA,NA,NA,NA,NA
"Tyler Shough","QB","NO",1,31.7,19.9,227,227,1.4,0.9,87.1,4.5,19.8,4.4,0.2,0.2,17.4,17.4,"2964064","CBS","17039","CBS","QB",NA,NA,NA,NA,NA,NA,NA,NA,NA,NA,NA,NA,NA,NA,NA,NA,NA,NA,NA,NA,NA,NA,NA,NA,NA,NA,NA,NA,NA,NA,NA,NA,NA,NA,NA,NA,NA,NA,NA,NA,NA,NA,NA,NA,NA,NA,NA,NA,NA,NA,NA,NA,NA,NA,NA,NA,NA,NA,NA,NA,NA,NA,NA,NA
"Patrick Mahomes","QB","KC",1,33,18.8,185,185,1.4,0.8,77,4.5,26.7,5.9,0.2,0,17,17,"2142052","CBS","13116","CBS","QB",NA,NA,NA,NA,NA,NA,NA,NA,NA,NA,NA,NA,NA,NA,NA,NA,NA,NA,NA,NA,NA,NA,NA,NA,NA,NA,NA,NA,NA,NA,NA,NA,NA,NA,NA,NA,NA,NA,NA,NA,NA,NA,NA,NA,NA,NA,NA,NA,NA,NA,NA,NA,NA,NA,NA,NA,NA,NA,NA,NA,NA,NA,NA,NA
"Brock Purdy","QB","SF",1,32.6,21.6,230,230,1.4,1.1,87,4.8,19.9,4.2,0.2,0.3,16.8,16.8,"2961306","CBS","15698","CBS","QB",NA,NA,NA,NA,NA,NA,NA,NA,NA,NA,NA,NA,NA,NA,NA,NA,NA,NA,NA,NA,NA,NA,NA,NA,NA,NA,NA,NA,NA,NA,NA,NA,NA,NA,NA,NA,NA,NA,NA,NA,NA,NA,NA,NA,NA,NA,NA,NA,NA,NA,NA,NA,NA,NA,NA,NA,NA,NA,NA,NA,NA,NA,NA,NA
"Kyler Murray","QB","MIN",1,28.8,18.9,196,196,1.5,1.1,86.6,5,26.3,5.3,0.2,0.2,16.6,16.6,"2180829","CBS","14056","CBS","QB",NA,NA,NA,NA,NA,NA,NA,NA,NA,NA,NA,NA,NA,NA,NA,NA,NA,NA,NA,NA,NA,NA,NA,NA,NA,NA,NA,NA,NA,NA,NA,NA,NA,NA,NA,NA,NA,NA,NA,NA,NA,NA,NA,NA,NA,NA,NA,NA,NA,NA,NA,NA,NA,NA,NA,NA,NA,NA,NA,NA,NA,NA,NA,NA
"Kirk Cousins","QB","LV",1,29.8,22.1,204,204,1.6,0.8,99.1,1.3,1.8,1.4,0.1,0.1,16.4,16.4,"1272574","CBS","10700","CBS","QB",NA,NA,NA,NA,NA,NA,NA,NA,NA,NA,NA,NA,NA,NA,NA,NA,NA,NA,NA,NA,NA,NA,NA,NA,NA,NA,NA,NA,NA,NA,NA,NA,NA,NA,NA,NA,NA,NA,NA,NA,NA,NA,NA,NA,NA,NA,NA,NA,NA,NA,NA,NA,NA,NA,NA,NA,NA,NA,NA,NA,NA,NA,NA,NA
"Jayden Daniels","QB","WAS",1,27.1,15,173,173,1.1,0.8,76,8.5,42.4,5,0.2,0.1,16,16,"3123337","CBS","16581","CBS","QB",NA,NA,NA,NA,NA,NA,NA,NA,NA,NA,NA,NA,NA,NA,NA,NA,NA,NA,NA,NA,NA,NA,NA,NA,NA,NA,NA,NA,NA,NA,NA,NA,NA,NA,NA,NA,NA,NA,NA,NA,NA,NA,NA,NA,NA,NA,NA,NA,NA,NA,NA,NA,NA,NA,NA,NA,NA,NA,NA,NA,NA,NA,NA,NA
"Aaron Rodgers","QB","PIT",1,28,17.5,179,179,1.6,0.6,90.9,1.2,4.4,3.7,0.1,0.1,15.8,15.8,"419780","CBS","7836","CBS","QB",NA,NA,NA,NA,NA,NA,NA,NA,NA,NA,NA,NA,NA,NA,NA,NA,NA,NA,NA,NA,NA,NA,NA,NA,NA,NA,NA,NA,NA,NA,NA,NA,NA,NA,NA,NA,NA,NA,NA,NA,NA,NA,NA,NA,NA,NA,NA,NA,NA,NA,NA,NA,NA,NA,NA,NA,NA,NA,NA,NA,NA,NA,NA,NA
"Daniel Jones","QB","IND",1,31.5,18.7,212,212,1.4,0.7,85.2,3.2,9.3,2.9,0.2,0.2,15.8,15.8,"2179245","CBS","14059","CBS","QB",NA,NA,NA,NA,NA,NA,NA,NA,NA,NA,NA,NA,NA,NA,NA,NA,NA,NA,NA,NA,NA,NA,NA,NA,NA,NA,NA,NA,NA,NA,NA,NA,NA,NA,NA,NA,NA,NA,NA,NA,NA,NA,NA,NA,NA,NA,NA,NA,NA,NA,NA,NA,NA,NA,NA,NA,NA,NA,NA,NA,NA,NA,NA,NA
"Jacoby Brissett","QB","ARI",1,33.6,20.6,214,214,1.4,0.8,83.7,3.3,15.6,4.7,0.1,0.3,15.8,15.8,"1877247","CBS","12616","CBS","QB",NA,NA,NA,NA,NA,NA,NA,NA,NA,NA,NA,NA,NA,NA,NA,NA,NA,NA,NA,NA,NA,NA,NA,NA,NA,NA,NA,NA,NA,NA,NA,NA,NA,NA,NA,NA,NA,NA,NA,NA,NA,NA,NA,NA,NA,NA,NA,NA,NA,NA,NA,NA,NA,NA,NA,NA,NA,NA,NA,NA,NA,NA,NA,NA
"Bo Nix","QB","DEN",1,32.9,21.2,186,186,1.2,0.5,85.2,4.2,16.3,3.9,0.1,0.1,14.6,14.6,"3121193","CBS","16582","CBS","QB",NA,NA,NA,NA,NA,NA,NA,NA,NA,NA,NA,NA,NA,NA,NA,NA,NA,NA,NA,NA,NA,NA,NA,NA,NA,NA,NA,NA,NA,NA,NA,NA,NA,NA,NA,NA,NA,NA,NA,NA,NA,NA,NA,NA,NA,NA,NA,NA,NA,NA,NA,NA,NA,NA,NA,NA,NA,NA,NA,NA,NA,NA,NA,NA
"Jordan Love","QB","GB",1,26.9,17.1,190,190,1.3,0.6,91.3,3.1,10.6,3.4,0,0.1,14.4,14.4,"2239997","CBS","14782","CBS","QB",NA,NA,NA,NA,NA,NA,NA,NA,NA,NA,NA,NA,NA,NA,NA,NA,NA,NA,NA,NA,NA,NA,NA,NA,NA,NA,NA,NA,NA,NA,NA,NA,NA,NA,NA,NA,NA,NA,NA,NA,NA,NA,NA,NA,NA,NA,NA,NA,NA,NA,NA,NA,NA,NA,NA,NA,NA,NA,NA,NA,NA,NA,NA,NA
"Tua Tagovailoa","QB","ATL",1,29.5,18,209,209,1.1,0.6,86.4,1.6,3.2,2,0,0.1,13.2,13.2,"2741209","CBS","14778","CBS","QB",NA,NA,NA,NA,NA,NA,NA,NA,NA,NA,NA,NA,NA,NA,NA,NA,NA,NA,NA,NA,NA,NA,NA,NA,NA,NA,NA,NA,NA,NA,NA,NA,NA,NA,NA,NA,NA,NA,NA,NA,NA,NA,NA,NA,NA,NA,NA,NA,NA,NA,NA,NA,NA,NA,NA,NA,NA,NA,NA,NA,NA,NA,NA,NA
"Deshaun Watson","QB","CLE",1,26.9,16,147,147,0.9,0.7,74.7,3.5,13.9,4,0.1,0.3,10,10,"2133482","CBS","13113","CBS","QB",NA,NA,NA,NA,NA,NA,NA,NA,NA,NA,NA,NA,NA,NA,NA,NA,NA,NA,NA,NA,NA,NA,NA,NA,NA,NA,NA,NA,NA,NA,NA,NA,NA,NA,NA,NA,NA,NA,NA,NA,NA,NA,NA,NA,NA,NA,NA,NA,NA,NA,NA,NA,NA,NA,NA,NA,NA,NA,NA,NA,NA,NA,NA,NA
"Ty Simpson","QB","LAR",1,3.6,2.4,25.5,25.5,0.2,0,105.7,0.4,1.8,4.5,0,0,2.2,2.2,"28878532","CBS","17463","CBS","QB",NA,NA,NA,NA,NA,NA,NA,NA,NA,NA,NA,NA,NA,NA,NA,NA,NA,NA,NA,NA,NA,NA,NA,NA,NA,NA,NA,NA,NA,NA,NA,NA,NA,NA,NA,NA,NA,NA,NA,NA,NA,NA,NA,NA,NA,NA,NA,NA,NA,NA,NA,NA,NA,NA,NA,NA,NA,NA,NA,NA,NA,NA,NA,NA
"Shedeur Sanders","QB","CLE",1,6.7,4,36.8,36.8,0.2,0.2,72.2,0.6,3.5,5.8,0,0,1.8,1.8,"26710004","CBS","17031","CBS","QB",NA,NA,NA,NA,NA,NA,NA,NA,NA,NA,NA,NA,NA,NA,NA,NA,NA,NA,NA,NA,NA,NA,NA,NA,NA,NA,NA,NA,NA,NA,NA,NA,NA,NA,NA,NA,NA,NA,NA,NA,NA,NA,NA,NA,NA,NA,NA,NA,NA,NA,NA,NA,NA,NA,NA,NA,NA,NA,NA,NA,NA,NA,NA,NA
"Justin Fields","QB","KC",1,1.3,0.8,7.4,7.4,0.1,0,102.7,0.3,1.3,4.3,0,0,0.6,0.6,"1273205","CBS","15238","CBS","QB",NA,NA,NA,NA,NA,NA,NA,NA,NA,NA,NA,NA,NA,NA,NA,NA,NA,NA,NA,NA,NA,NA,NA,NA,NA,NA,NA,NA,NA,NA,NA,NA,NA,NA,NA,NA,NA,NA,NA,NA,NA,NA,NA,NA,NA,NA,NA,NA,NA,NA,NA,NA,NA,NA,NA,NA,NA,NA,NA,NA,NA,NA,NA,NA
"Cole Payton","QB","PHI",1,0.8,0.6,6.9,6.9,0.1,0,140.1,0.1,0.7,7,0,0,0.6,0.6,"26725861","CBS","17654","CBS","QB",NA,NA,NA,NA,NA,NA,NA,NA,NA,NA,NA,NA,NA,NA,NA,NA,NA,NA,NA,NA,NA,NA,NA,NA,NA,NA,NA,NA,NA,NA,NA,NA,NA,NA,NA,NA,NA,NA,NA,NA,NA,NA,NA,NA,NA,NA,NA,NA,NA,NA,NA,NA,NA,NA,NA,NA,NA,NA,NA,NA,NA,NA,NA,NA
"Tyler Huntley","QB","BAL",1,1,0.6,7.9,7.9,0.1,0,118.3,0.3,1.6,5.3,0,0,0.6,0.6,"3159137","CBS","14789","CBS","QB",NA,NA,NA,NA,NA,NA,NA,NA,NA,NA,NA,NA,NA,NA,NA,NA,NA,NA,NA,NA,NA,NA,NA,NA,NA,NA,NA,NA,NA,NA,NA,NA,NA,NA,NA,NA,NA,NA,NA,NA,NA,NA,NA,NA,NA,NA,NA,NA,NA,NA,NA,NA,NA,NA,NA,NA,NA,NA,NA,NA,NA,NA,NA,NA
"Anthony Richardson","QB","IND",1,1.3,0.8,8.9,8.9,0.1,0,107.5,0.3,1.1,3.7,0,0,0.6,0.6,"3163263","CBS","16152","CBS","QB",NA,NA,NA,NA,NA,NA,NA,NA,NA,NA,NA,NA,NA,NA,NA,NA,NA,NA,NA,NA,NA,NA,NA,NA,NA,NA,NA,NA,NA,NA,NA,NA,NA,NA,NA,NA,NA,NA,NA,NA,NA,NA,NA,NA,NA,NA,NA,NA,NA,NA,NA,NA,NA,NA,NA,NA,NA,NA,NA,NA,NA,NA,NA,NA
"Jameis Winston","QB","NYG",1,1.2,0.8,8.8,8.8,0.1,0,116,0.3,1.4,4.7,0,0,0.6,0.6,"1998197","CBS","12140","CBS","QB",NA,NA,NA,NA,NA,NA,NA,NA,NA,NA,NA,NA,NA,NA,NA,NA,NA,NA,NA,NA,NA,NA,NA,NA,NA,NA,NA,NA,NA,NA,NA,NA,NA,NA,NA,NA,NA,NA,NA,NA,NA,NA,NA,NA,NA,NA,NA,NA,NA,NA,NA,NA,NA,NA,NA,NA,NA,NA,NA,NA,NA,NA,NA,NA
"Joshua Dobbs","QB","DET",1,1.3,0.9,10.7,10.7,0.1,0,119.7,0.3,0.5,1.7,0,0,0.6,0.6,"2071844","CBS","13119","CBS","QB",NA,NA,NA,NA,NA,NA,NA,NA,NA,NA,NA,NA,NA,NA,NA,NA,NA,NA,NA,NA,NA,NA,NA,NA,NA,NA,NA,NA,NA,NA,NA,NA,NA,NA,NA,NA,NA,NA,NA,NA,NA,NA,NA,NA,NA,NA,NA,NA,NA,NA,NA,NA,NA,NA,NA,NA,NA,NA,NA,NA,NA,NA,NA,NA
"Kenny Pickett","QB","CAR",1,1.2,0.8,8.8,8.8,0.1,0,116,0.2,1.6,8,0,0,0.6,0.6,"2804969","CBS","15692","CBS","QB",NA,NA,NA,NA,NA,NA,NA,NA,NA,NA,NA,NA,NA,NA,NA,NA,NA,NA,NA,NA,NA,NA,NA,NA,NA,NA,NA,NA,NA,NA,NA,NA,NA,NA,NA,NA,NA,NA,NA,NA,NA,NA,NA,NA,NA,NA,NA,NA,NA,NA,NA,NA,NA,NA,NA,NA,NA,NA,NA,NA,NA,NA,NA,NA
"Cooper Rush","QB","ATL",1,1.3,0.7,8.6,8.6,0.1,0,100.2,0.3,0.3,1,0,0,0.6,0.6,"2000176","CBS","13124","CBS","QB",NA,NA,NA,NA,NA,NA,NA,NA,NA,NA,NA,NA,NA,NA,NA,NA,NA,NA,NA,NA,NA,NA,NA,NA,NA,NA,NA,NA,NA,NA,NA,NA,NA,NA,NA,NA,NA,NA,NA,NA,NA,NA,NA,NA,NA,NA,NA,NA,NA,NA,NA,NA,NA,NA,NA,NA,NA,NA,NA,NA,NA,NA,NA,NA
"Davis Mills","QB","HOU",1,1.4,0.8,8.4,8.4,0.1,0,98.5,0.3,1.3,4.3,0,0,0.6,0.6,"2867381","CBS","15252","CBS","QB",NA,NA,NA,NA,NA,NA,NA,NA,NA,NA,NA,NA,NA,NA,NA,NA,NA,NA,NA,NA,NA,NA,NA,NA,NA,NA,NA,NA,NA,NA,NA,NA,NA,NA,NA,NA,NA,NA,NA,NA,NA,NA,NA,NA,NA,NA,NA,NA,NA,NA,NA,NA,NA,NA,NA,NA,NA,NA,NA,NA,NA,NA,NA,NA
"Kyle McCord","QB","MIA",1,0.8,0.6,5.8,5.8,0.1,0,134.4,0.1,0.4,4,0,0,0.6,0.6,"26702687","CBS","17038","CBS","QB",NA,NA,NA,NA,NA,NA,NA,NA,NA,NA,NA,NA,NA,NA,NA,NA,NA,NA,NA,NA,NA,NA,NA,NA,NA,NA,NA,NA,NA,NA,NA,NA,NA,NA,NA,NA,NA,NA,NA,NA,NA,NA,NA,NA,NA,NA,NA,NA,NA,NA,NA,NA,NA,NA,NA,NA,NA,NA,NA,NA,NA,NA,NA,NA
"Quinn Ewers","QB","JAC",1,1.2,0.7,8.3,8.3,0.1,0,107.3,0.3,1,3.3,0,0,0.6,0.6,"26746721","CBS","17034","CBS","QB",NA,NA,NA,NA,NA,NA,NA,NA,NA,NA,NA,NA,NA,NA,NA,NA,NA,NA,NA,NA,NA,NA,NA,NA,NA,NA,NA,NA,NA,NA,NA,NA,NA,NA,NA,NA,NA,NA,NA,NA,NA,NA,NA,NA,NA,NA,NA,NA,NA,NA,NA,NA,NA,NA,NA,NA,NA,NA,NA,NA,NA,NA,NA,NA
"Joe Flacco","QB","CIN",1,1.5,1,10.4,10.4,0.1,0,108.8,0.2,0.9,4.5,0,0,0.6,0.6,"1250697","CBS","9064","CBS","QB",NA,NA,NA,NA,NA,NA,NA,NA,NA,NA,NA,NA,NA,NA,NA,NA,NA,NA,NA,NA,NA,NA,NA,NA,NA,NA,NA,NA,NA,NA,NA,NA,NA,NA,NA,NA,NA,NA,NA,NA,NA,NA,NA,NA,NA,NA,NA,NA,NA,NA,NA,NA,NA,NA,NA,NA,NA,NA,NA,NA,NA,NA,NA,NA
"Brady Cook","QB","MIA",1,1.1,0.8,7.8,7.8,0.1,0,122.5,0.3,1,3.3,0,0,0.6,0.6,"3163207","CBS","17040","CBS","QB",NA,NA,NA,NA,NA,NA,NA,NA,NA,NA,NA,NA,NA,NA,NA,NA,NA,NA,NA,NA,NA,NA,NA,NA,NA,NA,NA,NA,NA,NA,NA,NA,NA,NA,NA,NA,NA,NA,NA,NA,NA,NA,NA,NA,NA,NA,NA,NA,NA,NA,NA,NA,NA,NA,NA,NA,NA,NA,NA,NA,NA,NA,NA,NA
"Stetson Bennett","QB","LAR",1,1.1,0.7,7.7,7.7,0.1,0,114.6,0.1,0.5,5,0,0,0.6,0.6,"2871628","CBS","16153","CBS","QB",NA,NA,NA,NA,NA,NA,NA,NA,NA,NA,NA,NA,NA,NA,NA,NA,NA,NA,NA,NA,NA,NA,NA,NA,NA,NA,NA,NA,NA,NA,NA,NA,NA,NA,NA,NA,NA,NA,NA,NA,NA,NA,NA,NA,NA,NA,NA,NA,NA,NA,NA,NA,NA,NA,NA,NA,NA,NA,NA,NA,NA,NA,NA,NA
"Mitch Trubisky","QB","TEN",1,1.4,0.7,7.7,7.7,0.1,0,90.5,0.2,0.4,2,0,0,0.6,0.6,"2060476","CBS","13115","CBS","QB",NA,NA,NA,NA,NA,NA,NA,NA,NA,NA,NA,NA,NA,NA,NA,NA,NA,NA,NA,NA,NA,NA,NA,NA,NA,NA,NA,NA,NA,NA,NA,NA,NA,NA,NA,NA,NA,NA,NA,NA,NA,NA,NA,NA,NA,NA,NA,NA,NA,NA,NA,NA,NA,NA,NA,NA,NA,NA,NA,NA,NA,NA,NA,NA
"J.J. McCarthy","QB","MIN",1,1.2,0.7,7.7,7.7,0.1,0,105.2,0.2,1,5,0,0,0.6,0.6,"26695214","CBS","16584","CBS","QB",NA,NA,NA,NA,NA,NA,NA,NA,NA,NA,NA,NA,NA,NA,NA,NA,NA,NA,NA,NA,NA,NA,NA,NA,NA,NA,NA,NA,NA,NA,NA,NA,NA,NA,NA,NA,NA,NA,NA,NA,NA,NA,NA,NA,NA,NA,NA,NA,NA,NA,NA,NA,NA,NA,NA,NA,NA,NA,NA,NA,NA,NA,NA,NA
"Jarrett Stidham","QB","DEN",1,1.4,0.9,7.6,7.6,0.1,0,102.1,0.3,1,3.3,0,0,0.6,0.6,"2180697","CBS","14063","CBS","QB",NA,NA,NA,NA,NA,NA,NA,NA,NA,NA,NA,NA,NA,NA,NA,NA,NA,NA,NA,NA,NA,NA,NA,NA,NA,NA,NA,NA,NA,NA,NA,NA,NA,NA,NA,NA,NA,NA,NA,NA,NA,NA,NA,NA,NA,NA,NA,NA,NA,NA,NA,NA,NA,NA,NA,NA,NA,NA,NA,NA,NA,NA,NA,NA
"Spencer Rattler","QB","NO",1,1.3,0.8,9.1,9.1,0.1,0,108.2,0.3,1,3.3,0,0,0.6,0.6,"3125863","CBS","16586","CBS","QB",NA,NA,NA,NA,NA,NA,NA,NA,NA,NA,NA,NA,NA,NA,NA,NA,NA,NA,NA,NA,NA,NA,NA,NA,NA,NA,NA,NA,NA,NA,NA,NA,NA,NA,NA,NA,NA,NA,NA,NA,NA,NA,NA,NA,NA,NA,NA,NA,NA,NA,NA,NA,NA,NA,NA,NA,NA,NA,NA,NA,NA,NA,NA,NA
"Tyrod Taylor","QB","GB",1,1.1,0.7,7.8,7.8,0.1,0,115,0.3,1,3.3,0,0,0.6,0.6,"1243338","CBS","10413","CBS","QB",NA,NA,NA,NA,NA,NA,NA,NA,NA,NA,NA,NA,NA,NA,NA,NA,NA,NA,NA,NA,NA,NA,NA,NA,NA,NA,NA,NA,NA,NA,NA,NA,NA,NA,NA,NA,NA,NA,NA,NA,NA,NA,NA,NA,NA,NA,NA,NA,NA,NA,NA,NA,NA,NA,NA,NA,NA,NA,NA,NA,NA,NA,NA,NA
"Cade Klubnik","QB","NYJ",1,0.9,0.6,6.4,6.4,0.1,0,124.3,0.1,0.6,6,0,0,0.6,0.6,"28874636","CBS","17467","CBS","QB",NA,NA,NA,NA,NA,NA,NA,NA,NA,NA,NA,NA,NA,NA,NA,NA,NA,NA,NA,NA,NA,NA,NA,NA,NA,NA,NA,NA,NA,NA,NA,NA,NA,NA,NA,NA,NA,NA,NA,NA,NA,NA,NA,NA,NA,NA,NA,NA,NA,NA,NA,NA,NA,NA,NA,NA,NA,NA,NA,NA,NA,NA,NA,NA
"Gardner Minshew","QB","ARI",1,1.4,0.8,8.7,8.7,0.1,0,99.4,0.2,1,5,0,0,0.6,0.6,"2183083","CBS","14067","CBS","QB",NA,NA,NA,NA,NA,NA,NA,NA,NA,NA,NA,NA,NA,NA,NA,NA,NA,NA,NA,NA,NA,NA,NA,NA,NA,NA,NA,NA,NA,NA,NA,NA,NA,NA,NA,NA,NA,NA,NA,NA,NA,NA,NA,NA,NA,NA,NA,NA,NA,NA,NA,NA,NA,NA,NA,NA,NA,NA,NA,NA,NA,NA,NA,NA
"Tanner McKee","QB","PHI",1,1.1,0.7,8.5,8.5,0.1,0,117.6,0.3,1,3.3,0,0,0.6,0.6,"2963945","CBS","15702","CBS","QB",NA,NA,NA,NA,NA,NA,NA,NA,NA,NA,NA,NA,NA,NA,NA,NA,NA,NA,NA,NA,NA,NA,NA,NA,NA,NA,NA,NA,NA,NA,NA,NA,NA,NA,NA,NA,NA,NA,NA,NA,NA,NA,NA,NA,NA,NA,NA,NA,NA,NA,NA,NA,NA,NA,NA,NA,NA,NA,NA,NA,NA,NA,NA,NA
"Mason Rudolph","QB","PIT",1,1.2,0.8,8,8,0.1,0,113.2,0.2,1.1,5.5,0,0,0.6,0.6,"2131167","CBS","13595","CBS","QB",NA,NA,NA,NA,NA,NA,NA,NA,NA,NA,NA,NA,NA,NA,NA,NA,NA,NA,NA,NA,NA,NA,NA,NA,NA,NA,NA,NA,NA,NA,NA,NA,NA,NA,NA,NA,NA,NA,NA,NA,NA,NA,NA,NA,NA,NA,NA,NA,NA,NA,NA,NA,NA,NA,NA,NA,NA,NA,NA,NA,NA,NA,NA,NA
"Fernando Mendoza","QB","LV",1,0.9,0.7,6.4,6.4,0.1,0,133.3,0.1,0.5,5,0,0,0.6,0.6,"28916321","CBS","17462","CBS","QB",NA,NA,NA,NA,NA,NA,NA,NA,NA,NA,NA,NA,NA,NA,NA,NA,NA,NA,NA,NA,NA,NA,NA,NA,NA,NA,NA,NA,NA,NA,NA,NA,NA,NA,NA,NA,NA,NA,NA,NA,NA,NA,NA,NA,NA,NA,NA,NA,NA,NA,NA,NA,NA,NA,NA,NA,NA,NA,NA,NA,NA,NA,NA,NA
"Jalon Daniels","QB","TB",1,1,0.6,7.3,7.3,0.1,0,115.8,0.1,0.7,7,0,0,0.6,0.6,"3166688","CBS","17469","CBS","QB",NA,NA,NA,NA,NA,NA,NA,NA,NA,NA,NA,NA,NA,NA,NA,NA,NA,NA,NA,NA,NA,NA,NA,NA,NA,NA,NA,NA,NA,NA,NA,NA,NA,NA,NA,NA,NA,NA,NA,NA,NA,NA,NA,NA,NA,NA,NA,NA,NA,NA,NA,NA,NA,NA,NA,NA,NA,NA,NA,NA,NA,NA,NA,NA
"Sam Howell","QB","DAL",1,1.5,0.9,9.6,9.6,0.1,0,101,0.2,0.9,4.5,0,0,0.6,0.6,"3123797","CBS","15693","CBS","QB",NA,NA,NA,NA,NA,NA,NA,NA,NA,NA,NA,NA,NA,NA,NA,NA,NA,NA,NA,NA,NA,NA,NA,NA,NA,NA,NA,NA,NA,NA,NA,NA,NA,NA,NA,NA,NA,NA,NA,NA,NA,NA,NA,NA,NA,NA,NA,NA,NA,NA,NA,NA,NA,NA,NA,NA,NA,NA,NA,NA,NA,NA,NA,NA
"Drew Lock","QB","SEA",1,1.2,0.8,9,9,0.1,0,116.7,0.3,1.2,4,0,0,0.6,0.6,"2185479","CBS","14057","CBS","QB",NA,NA,NA,NA,NA,NA,NA,NA,NA,NA,NA,NA,NA,NA,NA,NA,NA,NA,NA,NA,NA,NA,NA,NA,NA,NA,NA,NA,NA,NA,NA,NA,NA,NA,NA,NA,NA,NA,NA,NA,NA,NA,NA,NA,NA,NA,NA,NA,NA,NA,NA,NA,NA,NA,NA,NA,NA,NA,NA,NA,NA,NA,NA,NA
"Marcus Mariota","QB","WAS",1,2.7,1.5,17.3,17.3,0.1,0.1,72,0.1,0.3,3,0,0,0.4,0.4,"1880862","CBS","12141","CBS","QB",NA,NA,NA,NA,NA,NA,NA,NA,NA,NA,NA,NA,NA,NA,NA,NA,NA,NA,NA,NA,NA,NA,NA,NA,NA,NA,NA,NA,NA,NA,NA,NA,NA,NA,NA,NA,NA,NA,NA,NA,NA,NA,NA,NA,NA,NA,NA,NA,NA,NA,NA,NA,NA,NA,NA,NA,NA,NA,NA,NA,NA,NA,NA,NA
"Mac Jones","QB","SF",1,1.3,0.9,9.3,9.3,0.1,0.1,83.2,0.3,1.1,3.7,0,0,0.4,0.4,"2741202","CBS","15241","CBS","QB",NA,NA,NA,NA,NA,NA,NA,NA,NA,NA,NA,NA,NA,NA,NA,NA,NA,NA,NA,NA,NA,NA,NA,NA,NA,NA,NA,NA,NA,NA,NA,NA,NA,NA,NA,NA,NA,NA,NA,NA,NA,NA,NA,NA,NA,NA,NA,NA,NA,NA,NA,NA,NA,NA,NA,NA,NA,NA,NA,NA,NA,NA,NA,NA
"Andy Dalton","QB","PHI",1,1.1,0.8,9.2,9.2,0.1,0,127.8,0.3,1.5,5,0,0.1,0.4,0.4,"1125961","CBS","10313","CBS","QB",NA,NA,NA,NA,NA,NA,NA,NA,NA,NA,NA,NA,NA,NA,NA,NA,NA,NA,NA,NA,NA,NA,NA,NA,NA,NA,NA,NA,NA,NA,NA,NA,NA,NA,NA,NA,NA,NA,NA,NA,NA,NA,NA,NA,NA,NA,NA,NA,NA,NA,NA,NA,NA,NA,NA,NA,NA,NA,NA,NA,NA,NA,NA,NA
"Jahmyr Gibbs","RB","DET",1,NA,NA,NA,NA,NA,NA,NA,19.5,93.6,4.8,1.1,0.1,20.2,20.2,"3162723","CBS","16162","CBS","RB",5.5,4.5,39.1,39.1,8.7,0.3,NA,NA,NA,NA,NA,NA,NA,NA,NA,NA,NA,NA,NA,NA,NA,NA,NA,NA,NA,NA,NA,NA,NA,NA,NA,NA,NA,NA,NA,NA,NA,NA,NA,NA,NA,NA,NA,NA,NA,NA,NA,NA,NA,NA,NA,NA,NA,NA,NA,NA,NA,NA,NA,NA,NA,NA,NA,NA
"Derrick Henry","RB","BAL",1,NA,NA,NA,NA,NA,NA,NA,17.8,97.9,5.5,0.8,0.1,14.6,14.6,"2061188","CBS","12626","CBS","RB",1.3,1,10.1,10.1,10.1,0,NA,NA,NA,NA,NA,NA,NA,NA,NA,NA,NA,NA,NA,NA,NA,NA,NA,NA,NA,NA,NA,NA,NA,NA,NA,NA,NA,NA,NA,NA,NA,NA,NA,NA,NA,NA,NA,NA,NA,NA,NA,NA,NA,NA,NA,NA,NA,NA,NA,NA,NA,NA,NA,NA,NA,NA,NA,NA
"Bijan Robinson","RB","ATL",1,NA,NA,NA,NA,NA,NA,NA,17,79.8,4.7,0.4,0.1,14.4,14.4,"3168163","CBS","16161","CBS","RB",5.4,4.2,43,43,10.2,0.2,NA,NA,NA,NA,NA,NA,NA,NA,NA,NA,NA,NA,NA,NA,NA,NA,NA,NA,NA,NA,NA,NA,NA,NA,NA,NA,NA,NA,NA,NA,NA,NA,NA,NA,NA,NA,NA,NA,NA,NA,NA,NA,NA,NA,NA,NA,NA,NA,NA,NA,NA,NA,NA,NA,NA,NA,NA,NA
"Jonathan Taylor","RB","IND",1,NA,NA,NA,NA,NA,NA,NA,21.2,85.1,4,0.7,0.1,13.6,13.6,"2866395","CBS","14802","CBS","RB",3,2.4,19.1,19.1,8,0.1,NA,NA,NA,NA,NA,NA,NA,NA,NA,NA,NA,NA,NA,NA,NA,NA,NA,NA,NA,NA,NA,NA,NA,NA,NA,NA,NA,NA,NA,NA,NA,NA,NA,NA,NA,NA,NA,NA,NA,NA,NA,NA,NA,NA,NA,NA,NA,NA,NA,NA,NA,NA,NA,NA,NA,NA,NA,NA
"Saquon Barkley","RB","PHI",1,NA,NA,NA,NA,NA,NA,NA,18.1,89,4.9,0.5,0.1,13.4,13.4,"2185957","CBS","13604","CBS","RB",3.3,2.4,21.1,21.1,8.8,0.1,NA,NA,NA,NA,NA,NA,NA,NA,NA,NA,NA,NA,NA,NA,NA,NA,NA,NA,NA,NA,NA,NA,NA,NA,NA,NA,NA,NA,NA,NA,NA,NA,NA,NA,NA,NA,NA,NA,NA,NA,NA,NA,NA,NA,NA,NA,NA,NA,NA,NA,NA,NA,NA,NA,NA,NA,NA,NA
"Omarion Hampton","RB","LAC",1,NA,NA,NA,NA,NA,NA,NA,13.5,61.4,4.6,0.8,0.1,13.2,13.2,"28908905","CBS","17044","CBS","RB",3.4,3,20.1,20.1,6.7,0.1,NA,NA,NA,NA,NA,NA,NA,NA,NA,NA,NA,NA,NA,NA,NA,NA,NA,NA,NA,NA,NA,NA,NA,NA,NA,NA,NA,NA,NA,NA,NA,NA,NA,NA,NA,NA,NA,NA,NA,NA,NA,NA,NA,NA,NA,NA,NA,NA,NA,NA,NA,NA,NA,NA,NA,NA,NA,NA
"D'Andre Swift","RB","CHI",1,NA,NA,NA,NA,NA,NA,NA,14.8,70.4,4.8,0.6,0.1,13,13,"2871710","CBS","14797","CBS","RB",3,2.2,20.4,20.4,9.3,0.1,NA,NA,NA,NA,NA,NA,NA,NA,NA,NA,NA,NA,NA,NA,NA,NA,NA,NA,NA,NA,NA,NA,NA,NA,NA,NA,NA,NA,NA,NA,NA,NA,NA,NA,NA,NA,NA,NA,NA,NA,NA,NA,NA,NA,NA,NA,NA,NA,NA,NA,NA,NA,NA,NA,NA,NA,NA,NA
"De'Von Achane","RB","MIA",1,NA,NA,NA,NA,NA,NA,NA,13.4,59,4.4,0.4,0.1,12.6,12.6,"3171161","CBS","16167","CBS","RB",6,4.9,34.5,34.5,7,0.4,NA,NA,NA,NA,NA,NA,NA,NA,NA,NA,NA,NA,NA,NA,NA,NA,NA,NA,NA,NA,NA,NA,NA,NA,NA,NA,NA,NA,NA,NA,NA,NA,NA,NA,NA,NA,NA,NA,NA,NA,NA,NA,NA,NA,NA,NA,NA,NA,NA,NA,NA,NA,NA,NA,NA,NA,NA,NA
"Javonte Williams","RB","DAL",1,NA,NA,NA,NA,NA,NA,NA,15.2,86.3,5.7,0.7,0.1,12.6,12.6,"2961719","CBS","15256","CBS","RB",2.5,1.8,8.7,8.7,4.8,0.1,NA,NA,NA,NA,NA,NA,NA,NA,NA,NA,NA,NA,NA,NA,NA,NA,NA,NA,NA,NA,NA,NA,NA,NA,NA,NA,NA,NA,NA,NA,NA,NA,NA,NA,NA,NA,NA,NA,NA,NA,NA,NA,NA,NA,NA,NA,NA,NA,NA,NA,NA,NA,NA,NA,NA,NA,NA,NA
"Chase Brown","RB","CIN",1,NA,NA,NA,NA,NA,NA,NA,13.3,57.8,4.4,0.6,0.1,12.2,12.2,"2965160","CBS","16181","CBS","RB",5.3,4.2,28.1,28.1,6.7,0.3,NA,NA,NA,NA,NA,NA,NA,NA,NA,NA,NA,NA,NA,NA,NA,NA,NA,NA,NA,NA,NA,NA,NA,NA,NA,NA,NA,NA,NA,NA,NA,NA,NA,NA,NA,NA,NA,NA,NA,NA,NA,NA,NA,NA,NA,NA,NA,NA,NA,NA,NA,NA,NA,NA,NA,NA,NA,NA
"Breece Hall","RB","NYJ",1,NA,NA,NA,NA,NA,NA,NA,13.6,66.6,4.9,0.5,0.1,12,12,"3123469","CBS","15708","CBS","RB",3.5,2.6,26.7,26.7,10.3,0.2,NA,NA,NA,NA,NA,NA,NA,NA,NA,NA,NA,NA,NA,NA,NA,NA,NA,NA,NA,NA,NA,NA,NA,NA,NA,NA,NA,NA,NA,NA,NA,NA,NA,NA,NA,NA,NA,NA,NA,NA,NA,NA,NA,NA,NA,NA,NA,NA,NA,NA,NA,NA,NA,NA,NA,NA,NA,NA
"Christian McCaffrey","RB","SF",1,NA,NA,NA,NA,NA,NA,NA,15.1,57.5,3.8,0.4,0.1,12,12,"2136743","CBS","13130","CBS","RB",5.3,4.2,37.8,37.8,9,0.3,NA,NA,NA,NA,NA,NA,NA,NA,NA,NA,NA,NA,NA,NA,NA,NA,NA,NA,NA,NA,NA,NA,NA,NA,NA,NA,NA,NA,NA,NA,NA,NA,NA,NA,NA,NA,NA,NA,NA,NA,NA,NA,NA,NA,NA,NA,NA,NA,NA,NA,NA,NA,NA,NA,NA,NA,NA,NA
"James Cook","RB","BUF",1,NA,NA,NA,NA,NA,NA,NA,17,82.6,4.9,0.4,0.2,11.6,11.6,"2975698","CBS","15715","CBS","RB",2.1,1.7,14.6,14.6,8.6,0.1,NA,NA,NA,NA,NA,NA,NA,NA,NA,NA,NA,NA,NA,NA,NA,NA,NA,NA,NA,NA,NA,NA,NA,NA,NA,NA,NA,NA,NA,NA,NA,NA,NA,NA,NA,NA,NA,NA,NA,NA,NA,NA,NA,NA,NA,NA,NA,NA,NA,NA,NA,NA,NA,NA,NA,NA,NA,NA
"Cam Skattebo","RB","NYG",1,NA,NA,NA,NA,NA,NA,NA,12.3,57,4.6,0.6,0.1,11.6,11.6,"26697012","CBS","17045","CBS","RB",3.4,2.5,22.7,22.7,9.1,0.2,NA,NA,NA,NA,NA,NA,NA,NA,NA,NA,NA,NA,NA,NA,NA,NA,NA,NA,NA,NA,NA,NA,NA,NA,NA,NA,NA,NA,NA,NA,NA,NA,NA,NA,NA,NA,NA,NA,NA,NA,NA,NA,NA,NA,NA,NA,NA,NA,NA,NA,NA,NA,NA,NA,NA,NA,NA,NA
"Bucky Irving","RB","TB",1,NA,NA,NA,NA,NA,NA,NA,15.4,69.6,4.5,0.4,0.1,11.4,11.4,"26693770","CBS","16598","CBS","RB",3,2.6,24.3,24.3,9.4,0.2,NA,NA,NA,NA,NA,NA,NA,NA,NA,NA,NA,NA,NA,NA,NA,NA,NA,NA,NA,NA,NA,NA,NA,NA,NA,NA,NA,NA,NA,NA,NA,NA,NA,NA,NA,NA,NA,NA,NA,NA,NA,NA,NA,NA,NA,NA,NA,NA,NA,NA,NA,NA,NA,NA,NA,NA,NA,NA
"Travis Etienne","RB","NO",1,NA,NA,NA,NA,NA,NA,NA,17.3,69.5,4,0.3,0.1,11.4,11.4,"2809206","CBS","15253","CBS","RB",4.2,3,23.5,23.5,7.8,0.3,NA,NA,NA,NA,NA,NA,NA,NA,NA,NA,NA,NA,NA,NA,NA,NA,NA,NA,NA,NA,NA,NA,NA,NA,NA,NA,NA,NA,NA,NA,NA,NA,NA,NA,NA,NA,NA,NA,NA,NA,NA,NA,NA,NA,NA,NA,NA,NA,NA,NA,NA,NA,NA,NA,NA,NA,NA,NA
"Kenneth Walker III","RB","KC",1,NA,NA,NA,NA,NA,NA,NA,16.5,73.7,4.5,0.4,0.1,10.2,10.2,"3121372","CBS","15711","CBS","RB",2.9,2.5,18.1,18.1,7.2,0,NA,NA,NA,NA,NA,NA,NA,NA,NA,NA,NA,NA,NA,NA,NA,NA,NA,NA,NA,NA,NA,NA,NA,NA,NA,NA,NA,NA,NA,NA,NA,NA,NA,NA,NA,NA,NA,NA,NA,NA,NA,NA,NA,NA,NA,NA,NA,NA,NA,NA,NA,NA,NA,NA,NA,NA,NA,NA
"Kyren Williams","RB","LAR",1,NA,NA,NA,NA,NA,NA,NA,13,59.4,4.6,0.5,0.1,10,10,"3121836","CBS","15710","CBS","RB",2.6,2,13.8,13.8,6.9,0.2,NA,NA,NA,NA,NA,NA,NA,NA,NA,NA,NA,NA,NA,NA,NA,NA,NA,NA,NA,NA,NA,NA,NA,NA,NA,NA,NA,NA,NA,NA,NA,NA,NA,NA,NA,NA,NA,NA,NA,NA,NA,NA,NA,NA,NA,NA,NA,NA,NA,NA,NA,NA,NA,NA,NA,NA,NA,NA
"David Montgomery","RB","HOU",1,NA,NA,NA,NA,NA,NA,NA,15.6,68.4,4.4,0.5,0.1,9.8,9.8,"2261252","CBS","14071","CBS","RB",1.7,1.5,11.7,11.7,7.8,0,NA,NA,NA,NA,NA,NA,NA,NA,NA,NA,NA,NA,NA,NA,NA,NA,NA,NA,NA,NA,NA,NA,NA,NA,NA,NA,NA,NA,NA,NA,NA,NA,NA,NA,NA,NA,NA,NA,NA,NA,NA,NA,NA,NA,NA,NA,NA,NA,NA,NA,NA,NA,NA,NA,NA,NA,NA,NA
"Rico Dowdle","RB","PIT",1,NA,NA,NA,NA,NA,NA,NA,11.6,53.7,4.6,0.5,0.1,9.4,9.4,"2252798","CBS","14823","CBS","RB",2.7,2.1,14.9,14.9,7.1,0.1,NA,NA,NA,NA,NA,NA,NA,NA,NA,NA,NA,NA,NA,NA,NA,NA,NA,NA,NA,NA,NA,NA,NA,NA,NA,NA,NA,NA,NA,NA,NA,NA,NA,NA,NA,NA,NA,NA,NA,NA,NA,NA,NA,NA,NA,NA,NA,NA,NA,NA,NA,NA,NA,NA,NA,NA,NA,NA
"Jadarian Price","RB","SEA",1,NA,NA,NA,NA,NA,NA,NA,13.5,54,4,0.5,0.2,9.2,9.2,"28875230","CBS","17473","CBS","RB",1.6,1.2,12.5,12.5,10.4,0.1,NA,NA,NA,NA,NA,NA,NA,NA,NA,NA,NA,NA,NA,NA,NA,NA,NA,NA,NA,NA,NA,NA,NA,NA,NA,NA,NA,NA,NA,NA,NA,NA,NA,NA,NA,NA,NA,NA,NA,NA,NA,NA,NA,NA,NA,NA,NA,NA,NA,NA,NA,NA,NA,NA,NA,NA,NA,NA
"Jeremiyah Love","RB","ARI",1,NA,NA,NA,NA,NA,NA,NA,10.8,52.8,4.9,0.3,0.2,9,9,"29133405","CBS","17472","CBS","RB",2.8,2.2,20.1,20.1,9.1,0.1,NA,NA,NA,NA,NA,NA,NA,NA,NA,NA,NA,NA,NA,NA,NA,NA,NA,NA,NA,NA,NA,NA,NA,NA,NA,NA,NA,NA,NA,NA,NA,NA,NA,NA,NA,NA,NA,NA,NA,NA,NA,NA,NA,NA,NA,NA,NA,NA,NA,NA,NA,NA,NA,NA,NA,NA,NA,NA
"Bhayshul Tuten","RB","JAC",1,NA,NA,NA,NA,NA,NA,NA,12.7,47.1,3.7,0.7,0.2,9,9,"26732838","CBS","17052","CBS","RB",1.2,0.9,6.8,6.8,7.6,0.2,NA,NA,NA,NA,NA,NA,NA,NA,NA,NA,NA,NA,NA,NA,NA,NA,NA,NA,NA,NA,NA,NA,NA,NA,NA,NA,NA,NA,NA,NA,NA,NA,NA,NA,NA,NA,NA,NA,NA,NA,NA,NA,NA,NA,NA,NA,NA,NA,NA,NA,NA,NA,NA,NA,NA,NA,NA,NA
"Quinshon Judkins","RB","CLE",1,NA,NA,NA,NA,NA,NA,NA,16.5,52.8,3.2,0.5,0.1,8.8,8.8,"28878286","CBS","17051","CBS","RB",3.2,2.3,13.5,13.5,5.9,0,NA,NA,NA,NA,NA,NA,NA,NA,NA,NA,NA,NA,NA,NA,NA,NA,NA,NA,NA,NA,NA,NA,NA,NA,NA,NA,NA,NA,NA,NA,NA,NA,NA,NA,NA,NA,NA,NA,NA,NA,NA,NA,NA,NA,NA,NA,NA,NA,NA,NA,NA,NA,NA,NA,NA,NA,NA,NA
"Jaylen Warren","RB","PIT",1,NA,NA,NA,NA,NA,NA,NA,11.8,53.8,4.6,0.4,0.1,8.8,8.8,"3126535","CBS","15742","CBS","RB",2.7,2.3,18.7,18.7,8.1,0.1,NA,NA,NA,NA,NA,NA,NA,NA,NA,NA,NA,NA,NA,NA,NA,NA,NA,NA,NA,NA,NA,NA,NA,NA,NA,NA,NA,NA,NA,NA,NA,NA,NA,NA,NA,NA,NA,NA,NA,NA,NA,NA,NA,NA,NA,NA,NA,NA,NA,NA,NA,NA,NA,NA,NA,NA,NA,NA
"Chuba Hubbard","RB","CAR",1,NA,NA,NA,NA,NA,NA,NA,10.6,53.7,5.1,0.3,0.1,8.8,8.8,"2865693","CBS","15261","CBS","RB",2.8,2.1,14.6,14.6,7,0.2,NA,NA,NA,NA,NA,NA,NA,NA,NA,NA,NA,NA,NA,NA,NA,NA,NA,NA,NA,NA,NA,NA,NA,NA,NA,NA,NA,NA,NA,NA,NA,NA,NA,NA,NA,NA,NA,NA,NA,NA,NA,NA,NA,NA,NA,NA,NA,NA,NA,NA,NA,NA,NA,NA,NA,NA,NA,NA
"Jonathon Brooks","RB","CAR",1,NA,NA,NA,NA,NA,NA,NA,12.4,59.5,4.8,0.4,0.1,8.8,8.8,"26730706","CBS","16597","CBS","RB",1.8,1.4,13.2,13.2,9.4,0.1,NA,NA,NA,NA,NA,NA,NA,NA,NA,NA,NA,NA,NA,NA,NA,NA,NA,NA,NA,NA,NA,NA,NA,NA,NA,NA,NA,NA,NA,NA,NA,NA,NA,NA,NA,NA,NA,NA,NA,NA,NA,NA,NA,NA,NA,NA,NA,NA,NA,NA,NA,NA,NA,NA,NA,NA,NA,NA
"Tony Pollard","RB","TEN",1,NA,NA,NA,NA,NA,NA,NA,13.1,55.4,4.2,0.5,0.1,8.8,8.8,"2184011","CBS","14085","CBS","RB",2.6,2,13.5,13.5,6.8,0,NA,NA,NA,NA,NA,NA,NA,NA,NA,NA,NA,NA,NA,NA,NA,NA,NA,NA,NA,NA,NA,NA,NA,NA,NA,NA,NA,NA,NA,NA,NA,NA,NA,NA,NA,NA,NA,NA,NA,NA,NA,NA,NA,NA,NA,NA,NA,NA,NA,NA,NA,NA,NA,NA,NA,NA,NA,NA
"Rhamondre Stevenson","RB","NE",1,NA,NA,NA,NA,NA,NA,NA,13.8,50.6,3.7,0.4,0.2,8.6,8.6,"3125832","CBS","15259","CBS","RB",2.5,2.1,19.2,19.2,9.1,0.1,NA,NA,NA,NA,NA,NA,NA,NA,NA,NA,NA,NA,NA,NA,NA,NA,NA,NA,NA,NA,NA,NA,NA,NA,NA,NA,NA,NA,NA,NA,NA,NA,NA,NA,NA,NA,NA,NA,NA,NA,NA,NA,NA,NA,NA,NA,NA,NA,NA,NA,NA,NA,NA,NA,NA,NA,NA,NA
"Mike Washington Jr.","RB","LV",1,NA,NA,NA,NA,NA,NA,NA,9.8,40.3,4.1,0.4,0.1,7.8,7.8,"26693539","CBS","17482","CBS","RB",2.4,1.9,15.2,15.2,8,0.1,NA,NA,NA,NA,NA,NA,NA,NA,NA,NA,NA,NA,NA,NA,NA,NA,NA,NA,NA,NA,NA,NA,NA,NA,NA,NA,NA,NA,NA,NA,NA,NA,NA,NA,NA,NA,NA,NA,NA,NA,NA,NA,NA,NA,NA,NA,NA,NA,NA,NA,NA,NA,NA,NA,NA,NA,NA,NA
"Kyle Monangai","RB","CHI",1,NA,NA,NA,NA,NA,NA,NA,12.3,53.7,4.4,0.3,0.1,7.6,7.6,"3177368","CBS","17066","CBS","RB",2.3,1.4,13,13,9.3,0,NA,NA,NA,NA,NA,NA,NA,NA,NA,NA,NA,NA,NA,NA,NA,NA,NA,NA,NA,NA,NA,NA,NA,NA,NA,NA,NA,NA,NA,NA,NA,NA,NA,NA,NA,NA,NA,NA,NA,NA,NA,NA,NA,NA,NA,NA,NA,NA,NA,NA,NA,NA,NA,NA,NA,NA,NA,NA
"J.K. Dobbins","RB","DEN",1,NA,NA,NA,NA,NA,NA,NA,14.2,60.5,4.3,0.3,0.1,7.6,7.6,"2804420","CBS","14800","CBS","RB",1.5,1.2,4.1,4.1,3.4,0,NA,NA,NA,NA,NA,NA,NA,NA,NA,NA,NA,NA,NA,NA,NA,NA,NA,NA,NA,NA,NA,NA,NA,NA,NA,NA,NA,NA,NA,NA,NA,NA,NA,NA,NA,NA,NA,NA,NA,NA,NA,NA,NA,NA,NA,NA,NA,NA,NA,NA,NA,NA,NA,NA,NA,NA,NA,NA
"Ashton Jeanty","RB","LV",1,NA,NA,NA,NA,NA,NA,NA,7,29.9,4.3,0.4,0,7.2,7.2,"28874008","CBS","17042","CBS","RB",3.5,2.6,15.8,15.8,6.1,0.3,NA,NA,NA,NA,NA,NA,NA,NA,NA,NA,NA,NA,NA,NA,NA,NA,NA,NA,NA,NA,NA,NA,NA,NA,NA,NA,NA,NA,NA,NA,NA,NA,NA,NA,NA,NA,NA,NA,NA,NA,NA,NA,NA,NA,NA,NA,NA,NA,NA,NA,NA,NA,NA,NA,NA,NA,NA,NA
"MarShawn Lloyd","RB","GB",1,NA,NA,NA,NA,NA,NA,NA,16.4,57.3,3.5,0.4,0.2,7,7,"3162514","CBS","16604","CBS","RB",1.1,0.9,7.6,7.6,8.4,0,NA,NA,NA,NA,NA,NA,NA,NA,NA,NA,NA,NA,NA,NA,NA,NA,NA,NA,NA,NA,NA,NA,NA,NA,NA,NA,NA,NA,NA,NA,NA,NA,NA,NA,NA,NA,NA,NA,NA,NA,NA,NA,NA,NA,NA,NA,NA,NA,NA,NA,NA,NA,NA,NA,NA,NA,NA,NA
"Blake Corum","RB","LAR",1,NA,NA,NA,NA,NA,NA,NA,10.3,50.3,4.9,0.3,0,6.8,6.8,"3169252","CBS","16593","CBS","RB",0.5,0.4,2.1,2.1,5.3,0,NA,NA,NA,NA,NA,NA,NA,NA,NA,NA,NA,NA,NA,NA,NA,NA,NA,NA,NA,NA,NA,NA,NA,NA,NA,NA,NA,NA,NA,NA,NA,NA,NA,NA,NA,NA,NA,NA,NA,NA,NA,NA,NA,NA,NA,NA,NA,NA,NA,NA,NA,NA,NA,NA,NA,NA,NA,NA
"Kenneth Gainwell","RB","TB",1,NA,NA,NA,NA,NA,NA,NA,7.2,36.2,5,0.2,0.1,6.6,6.6,"2968948","CBS","15255","CBS","RB",4.2,3.5,26.7,26.7,7.6,0.1,NA,NA,NA,NA,NA,NA,NA,NA,NA,NA,NA,NA,NA,NA,NA,NA,NA,NA,NA,NA,NA,NA,NA,NA,NA,NA,NA,NA,NA,NA,NA,NA,NA,NA,NA,NA,NA,NA,NA,NA,NA,NA,NA,NA,NA,NA,NA,NA,NA,NA,NA,NA,NA,NA,NA,NA,NA,NA
"Jordan Mason","RB","MIN",1,NA,NA,NA,NA,NA,NA,NA,11.6,48.5,4.2,0.4,0.1,6.2,6.2,"2967536","CBS","15972","CBS","RB",1.3,1.1,4.6,4.6,4.2,0,NA,NA,NA,NA,NA,NA,NA,NA,NA,NA,NA,NA,NA,NA,NA,NA,NA,NA,NA,NA,NA,NA,NA,NA,NA,NA,NA,NA,NA,NA,NA,NA,NA,NA,NA,NA,NA,NA,NA,NA,NA,NA,NA,NA,NA,NA,NA,NA,NA,NA,NA,NA,NA,NA,NA,NA,NA,NA
"Chris Rodriguez Jr.","RB","JAC",1,NA,NA,NA,NA,NA,NA,NA,10.1,36.7,3.6,0.5,0,6,6,"2964667","CBS","16174","CBS","RB",0.1,0.1,1.2,1.2,12,0,NA,NA,NA,NA,NA,NA,NA,NA,NA,NA,NA,NA,NA,NA,NA,NA,NA,NA,NA,NA,NA,NA,NA,NA,NA,NA,NA,NA,NA,NA,NA,NA,NA,NA,NA,NA,NA,NA,NA,NA,NA,NA,NA,NA,NA,NA,NA,NA,NA,NA,NA,NA,NA,NA,NA,NA,NA,NA
"Tank Bigsby","RB","PHI",1,NA,NA,NA,NA,NA,NA,NA,7.5,42,5.6,0.3,0,5.8,5.8,"3162021","CBS","16164","CBS","RB",0.3,0.2,2.4,2.4,12,0,NA,NA,NA,NA,NA,NA,NA,NA,NA,NA,NA,NA,NA,NA,NA,NA,NA,NA,NA,NA,NA,NA,NA,NA,NA,NA,NA,NA,NA,NA,NA,NA,NA,NA,NA,NA,NA,NA,NA,NA,NA,NA,NA,NA,NA,NA,NA,NA,NA,NA,NA,NA,NA,NA,NA,NA,NA,NA
"Braelon Allen","RB","NYJ",1,NA,NA,NA,NA,NA,NA,NA,7.3,30.7,4.2,0.4,0.2,5.6,5.6,"26726580","CBS","16596","CBS","RB",1.3,0.9,7.3,7.3,8.1,0.1,NA,NA,NA,NA,NA,NA,NA,NA,NA,NA,NA,NA,NA,NA,NA,NA,NA,NA,NA,NA,NA,NA,NA,NA,NA,NA,NA,NA,NA,NA,NA,NA,NA,NA,NA,NA,NA,NA,NA,NA,NA,NA,NA,NA,NA,NA,NA,NA,NA,NA,NA,NA,NA,NA,NA,NA,NA,NA
"Aaron Jones","RB","MIN",1,NA,NA,NA,NA,NA,NA,NA,9.4,35.5,3.8,0.2,0.1,5.6,5.6,"2071937","CBS","13319","CBS","RB",3.2,2.3,16.3,16.3,7.1,0.1,NA,NA,NA,NA,NA,NA,NA,NA,NA,NA,NA,NA,NA,NA,NA,NA,NA,NA,NA,NA,NA,NA,NA,NA,NA,NA,NA,NA,NA,NA,NA,NA,NA,NA,NA,NA,NA,NA,NA,NA,NA,NA,NA,NA,NA,NA,NA,NA,NA,NA,NA,NA,NA,NA,NA,NA,NA,NA
"Jacory Croskey-Merritt","RB","WAS",1,NA,NA,NA,NA,NA,NA,NA,10.4,46.9,4.5,0.3,0.1,5.6,5.6,"3126952","CBS","17256","CBS","RB",0.7,0.5,3.6,3.6,7.2,0,NA,NA,NA,NA,NA,NA,NA,NA,NA,NA,NA,NA,NA,NA,NA,NA,NA,NA,NA,NA,NA,NA,NA,NA,NA,NA,NA,NA,NA,NA,NA,NA,NA,NA,NA,NA,NA,NA,NA,NA,NA,NA,NA,NA,NA,NA,NA,NA,NA,NA,NA,NA,NA,NA,NA,NA,NA,NA
"Woody Marks","RB","HOU",1,NA,NA,NA,NA,NA,NA,NA,8.9,37.9,4.3,0.2,0,5.4,5.4,"3171045","CBS","17053","CBS","RB",1.8,1.2,9.8,9.8,8.2,0.2,NA,NA,NA,NA,NA,NA,NA,NA,NA,NA,NA,NA,NA,NA,NA,NA,NA,NA,NA,NA,NA,NA,NA,NA,NA,NA,NA,NA,NA,NA,NA,NA,NA,NA,NA,NA,NA,NA,NA,NA,NA,NA,NA,NA,NA,NA,NA,NA,NA,NA,NA,NA,NA,NA,NA,NA,NA,NA
"RJ Harvey","RB","DEN",1,NA,NA,NA,NA,NA,NA,NA,8.5,28.2,3.3,0.2,0.1,5.2,5.2,"3121207","CBS","17068","CBS","RB",3.3,2.6,17.6,17.6,6.8,0.2,NA,NA,NA,NA,NA,NA,NA,NA,NA,NA,NA,NA,NA,NA,NA,NA,NA,NA,NA,NA,NA,NA,NA,NA,NA,NA,NA,NA,NA,NA,NA,NA,NA,NA,NA,NA,NA,NA,NA,NA,NA,NA,NA,NA,NA,NA,NA,NA,NA,NA,NA,NA,NA,NA,NA,NA,NA,NA
"Tyler Allgeier","RB","ARI",1,NA,NA,NA,NA,NA,NA,NA,9.3,35.7,3.8,0.3,0,4.8,4.8,"2975590","CBS","15712","CBS","RB",1.1,1,6.1,6.1,6.1,0,NA,NA,NA,NA,NA,NA,NA,NA,NA,NA,NA,NA,NA,NA,NA,NA,NA,NA,NA,NA,NA,NA,NA,NA,NA,NA,NA,NA,NA,NA,NA,NA,NA,NA,NA,NA,NA,NA,NA,NA,NA,NA,NA,NA,NA,NA,NA,NA,NA,NA,NA,NA,NA,NA,NA,NA,NA,NA
"Tyjae Spears","RB","TEN",1,NA,NA,NA,NA,NA,NA,NA,5.3,19.4,3.7,0.3,0,4.8,4.8,"3122588","CBS","16165","CBS","RB",3.4,3,20.6,20.6,6.9,0,NA,NA,NA,NA,NA,NA,NA,NA,NA,NA,NA,NA,NA,NA,NA,NA,NA,NA,NA,NA,NA,NA,NA,NA,NA,NA,NA,NA,NA,NA,NA,NA,NA,NA,NA,NA,NA,NA,NA,NA,NA,NA,NA,NA,NA,NA,NA,NA,NA,NA,NA,NA,NA,NA,NA,NA,NA,NA
"Jordan James","RB","SF",1,NA,NA,NA,NA,NA,NA,NA,7.4,28.2,3.8,0.2,0.1,4.6,4.6,"28916212","CBS","17055","CBS","RB",1.8,1.4,12.9,12.9,9.2,0.1,NA,NA,NA,NA,NA,NA,NA,NA,NA,NA,NA,NA,NA,NA,NA,NA,NA,NA,NA,NA,NA,NA,NA,NA,NA,NA,NA,NA,NA,NA,NA,NA,NA,NA,NA,NA,NA,NA,NA,NA,NA,NA,NA,NA,NA,NA,NA,NA,NA,NA,NA,NA,NA,NA,NA,NA,NA,NA
"Brian Robinson Jr.","RB","ATL",1,NA,NA,NA,NA,NA,NA,NA,7,30.1,4.3,0.2,0,4.2,4.2,"2741207","CBS","15716","CBS","RB",0.3,0.2,1.4,1.4,7,0,NA,NA,NA,NA,NA,NA,NA,NA,NA,NA,NA,NA,NA,NA,NA,NA,NA,NA,NA,NA,NA,NA,NA,NA,NA,NA,NA,NA,NA,NA,NA,NA,NA,NA,NA,NA,NA,NA,NA,NA,NA,NA,NA,NA,NA,NA,NA,NA,NA,NA,NA,NA,NA,NA,NA,NA,NA,NA
"Malik Davis","RB","DAL",1,NA,NA,NA,NA,NA,NA,NA,6.8,39.9,5.9,0.2,0,4.2,4.2,"2773009","CBS","15738","CBS","RB",1,0.5,4.4,4.4,8.8,0,NA,NA,NA,NA,NA,NA,NA,NA,NA,NA,NA,NA,NA,NA,NA,NA,NA,NA,NA,NA,NA,NA,NA,NA,NA,NA,NA,NA,NA,NA,NA,NA,NA,NA,NA,NA,NA,NA,NA,NA,NA,NA,NA,NA,NA,NA,NA,NA,NA,NA,NA,NA,NA,NA,NA,NA,NA,NA
"Rachaad White","RB","WAS",1,NA,NA,NA,NA,NA,NA,NA,8.4,38.8,4.6,0.2,0,4.2,4.2,"3169147","CBS","15721","CBS","RB",1.4,1.3,8.5,8.5,6.5,0,NA,NA,NA,NA,NA,NA,NA,NA,NA,NA,NA,NA,NA,NA,NA,NA,NA,NA,NA,NA,NA,NA,NA,NA,NA,NA,NA,NA,NA,NA,NA,NA,NA,NA,NA,NA,NA,NA,NA,NA,NA,NA,NA,NA,NA,NA,NA,NA,NA,NA,NA,NA,NA,NA,NA,NA,NA,NA
"Christopher Brooks","RB","GB",1,NA,NA,NA,NA,NA,NA,NA,7.9,30,3.8,0.2,0,4.2,4.2,"2962350","CBS","16387","CBS","RB",1.1,0.9,5.3,5.3,5.9,0,NA,NA,NA,NA,NA,NA,NA,NA,NA,NA,NA,NA,NA,NA,NA,NA,NA,NA,NA,NA,NA,NA,NA,NA,NA,NA,NA,NA,NA,NA,NA,NA,NA,NA,NA,NA,NA,NA,NA,NA,NA,NA,NA,NA,NA,NA,NA,NA,NA,NA,NA,NA,NA,NA,NA,NA,NA,NA
"Tyrone Tracy Jr.","RB","NYG",1,NA,NA,NA,NA,NA,NA,NA,7.2,32.9,4.6,0.1,0.1,4,4,"2963637","CBS","16747","CBS","RB",1.5,1.1,9,9,8.2,0.1,NA,NA,NA,NA,NA,NA,NA,NA,NA,NA,NA,NA,NA,NA,NA,NA,NA,NA,NA,NA,NA,NA,NA,NA,NA,NA,NA,NA,NA,NA,NA,NA,NA,NA,NA,NA,NA,NA,NA,NA,NA,NA,NA,NA,NA,NA,NA,NA,NA,NA,NA,NA,NA,NA,NA,NA,NA,NA
"Kaelon Black","RB","SF",1,NA,NA,NA,NA,NA,NA,NA,9,33.9,3.8,0.2,0.1,4,4,"3162599","CBS","17485","CBS","RB",1,0.7,7,7,10,0,NA,NA,NA,NA,NA,NA,NA,NA,NA,NA,NA,NA,NA,NA,NA,NA,NA,NA,NA,NA,NA,NA,NA,NA,NA,NA,NA,NA,NA,NA,NA,NA,NA,NA,NA,NA,NA,NA,NA,NA,NA,NA,NA,NA,NA,NA,NA,NA,NA,NA,NA,NA,NA,NA,NA,NA,NA,NA
"Justice Hill","RB","BAL",1,NA,NA,NA,NA,NA,NA,NA,3.7,19.2,5.2,0.2,0,3.8,3.8,"2250388","CBS","14086","CBS","RB",1.9,1.5,12.9,12.9,8.6,0.1,NA,NA,NA,NA,NA,NA,NA,NA,NA,NA,NA,NA,NA,NA,NA,NA,NA,NA,NA,NA,NA,NA,NA,NA,NA,NA,NA,NA,NA,NA,NA,NA,NA,NA,NA,NA,NA,NA,NA,NA,NA,NA,NA,NA,NA,NA,NA,NA,NA,NA,NA,NA,NA,NA,NA,NA,NA,NA
"Kimani Vidal","RB","LAC",1,NA,NA,NA,NA,NA,NA,NA,5.3,22.9,4.3,0.2,0,3.8,3.8,"3163421","CBS","16757","CBS","RB",1.5,1,9.8,9.8,9.8,0.1,NA,NA,NA,NA,NA,NA,NA,NA,NA,NA,NA,NA,NA,NA,NA,NA,NA,NA,NA,NA,NA,NA,NA,NA,NA,NA,NA,NA,NA,NA,NA,NA,NA,NA,NA,NA,NA,NA,NA,NA,NA,NA,NA,NA,NA,NA,NA,NA,NA,NA,NA,NA,NA,NA,NA,NA,NA,NA
"Dylan Sampson","RB","CLE",1,NA,NA,NA,NA,NA,NA,NA,6.2,15.7,2.5,0.1,0.1,3.6,3.6,"28912068","CBS","17047","CBS","RB",3.3,2.7,19.5,19.5,7.2,0.2,NA,NA,NA,NA,NA,NA,NA,NA,NA,NA,NA,NA,NA,NA,NA,NA,NA,NA,NA,NA,NA,NA,NA,NA,NA,NA,NA,NA,NA,NA,NA,NA,NA,NA,NA,NA,NA,NA,NA,NA,NA,NA,NA,NA,NA,NA,NA,NA,NA,NA,NA,NA,NA,NA,NA,NA,NA,NA
"Keaton Mitchell","RB","LAC",1,NA,NA,NA,NA,NA,NA,NA,6.6,32.6,4.9,0.1,0,3.6,3.6,"3164710","CBS","16178","CBS","RB",0.9,0.7,4.9,4.9,7,0,NA,NA,NA,NA,NA,NA,NA,NA,NA,NA,NA,NA,NA,NA,NA,NA,NA,NA,NA,NA,NA,NA,NA,NA,NA,NA,NA,NA,NA,NA,NA,NA,NA,NA,NA,NA,NA,NA,NA,NA,NA,NA,NA,NA,NA,NA,NA,NA,NA,NA,NA,NA,NA,NA,NA,NA,NA,NA
"Samaje Perine","RB","CIN",1,NA,NA,NA,NA,NA,NA,NA,5.4,25.4,4.7,0.3,0.2,3.4,3.4,"2131148","CBS","13133","CBS","RB",1.2,1,7.8,7.8,7.8,0,NA,NA,NA,NA,NA,NA,NA,NA,NA,NA,NA,NA,NA,NA,NA,NA,NA,NA,NA,NA,NA,NA,NA,NA,NA,NA,NA,NA,NA,NA,NA,NA,NA,NA,NA,NA,NA,NA,NA,NA,NA,NA,NA,NA,NA,NA,NA,NA,NA,NA,NA,NA,NA,NA,NA,NA,NA,NA
"Emanuel Wilson","RB","SEA",1,NA,NA,NA,NA,NA,NA,NA,6.3,24.4,3.9,0.2,0,3.2,3.2,"29104952","CBS","16432","CBS","RB",0.9,0.8,4.9,4.9,6.1,0,NA,NA,NA,NA,NA,NA,NA,NA,NA,NA,NA,NA,NA,NA,NA,NA,NA,NA,NA,NA,NA,NA,NA,NA,NA,NA,NA,NA,NA,NA,NA,NA,NA,NA,NA,NA,NA,NA,NA,NA,NA,NA,NA,NA,NA,NA,NA,NA,NA,NA,NA,NA,NA,NA,NA,NA,NA,NA
"Najee Harris","RB","NYG",1,NA,NA,NA,NA,NA,NA,NA,4.7,22.2,4.7,0.2,0,3.2,3.2,"2741200","CBS","15254","CBS","RB",0.7,0.6,4.8,4.8,8,0,NA,NA,NA,NA,NA,NA,NA,NA,NA,NA,NA,NA,NA,NA,NA,NA,NA,NA,NA,NA,NA,NA,NA,NA,NA,NA,NA,NA,NA,NA,NA,NA,NA,NA,NA,NA,NA,NA,NA,NA,NA,NA,NA,NA,NA,NA,NA,NA,NA,NA,NA,NA,NA,NA,NA,NA,NA,NA
"Ty Johnson","RB","BUF",1,NA,NA,NA,NA,NA,NA,NA,3.1,12.9,4.2,0.1,0,3.2,3.2,"2179323","CBS","14095","CBS","RB",1.7,1.3,14.9,14.9,11.5,0.1,NA,NA,NA,NA,NA,NA,NA,NA,NA,NA,NA,NA,NA,NA,NA,NA,NA,NA,NA,NA,NA,NA,NA,NA,NA,NA,NA,NA,NA,NA,NA,NA,NA,NA,NA,NA,NA,NA,NA,NA,NA,NA,NA,NA,NA,NA,NA,NA,NA,NA,NA,NA,NA,NA,NA,NA,NA,NA
"George Holani","RB","SEA",1,NA,NA,NA,NA,NA,NA,NA,8.5,28.1,3.3,0.3,0.3,3.2,3.2,"3131661","CBS","16608","CBS","RB",0.9,0.8,6.1,6.1,7.6,0,NA,NA,NA,NA,NA,NA,NA,NA,NA,NA,NA,NA,NA,NA,NA,NA,NA,NA,NA,NA,NA,NA,NA,NA,NA,NA,NA,NA,NA,NA,NA,NA,NA,NA,NA,NA,NA,NA,NA,NA,NA,NA,NA,NA,NA,NA,NA,NA,NA,NA,NA,NA,NA,NA,NA,NA,NA,NA
"Jaylen Wright","RB","MIA",1,NA,NA,NA,NA,NA,NA,NA,6.1,20.1,3.3,0.1,0.1,2.4,2.4,"26698774","CBS","16610","CBS","RB",0.8,0.4,3,3,7.5,0,NA,NA,NA,NA,NA,NA,NA,NA,NA,NA,NA,NA,NA,NA,NA,NA,NA,NA,NA,NA,NA,NA,NA,NA,NA,NA,NA,NA,NA,NA,NA,NA,NA,NA,NA,NA,NA,NA,NA,NA,NA,NA,NA,NA,NA,NA,NA,NA,NA,NA,NA,NA,NA,NA,NA,NA,NA,NA
"Kendre Miller","RB","NO",1,NA,NA,NA,NA,NA,NA,NA,3.5,13.9,4,0.2,0,2.2,2.2,"3162256","CBS","16171","CBS","RB",0.5,0.4,2.9,2.9,7.3,0,NA,NA,NA,NA,NA,NA,NA,NA,NA,NA,NA,NA,NA,NA,NA,NA,NA,NA,NA,NA,NA,NA,NA,NA,NA,NA,NA,NA,NA,NA,NA,NA,NA,NA,NA,NA,NA,NA,NA,NA,NA,NA,NA,NA,NA,NA,NA,NA,NA,NA,NA,NA,NA,NA,NA,NA,NA,NA
"Jacob Saylors","RB","DET",1,NA,NA,NA,NA,NA,NA,NA,2.3,10,4.4,0.1,0,1.6,1.6,"2976071","CBS","16850","CBS","RB",0.8,0.6,6.2,6.2,10.3,0,NA,NA,NA,NA,NA,NA,NA,NA,NA,NA,NA,NA,NA,NA,NA,NA,NA,NA,NA,NA,NA,NA,NA,NA,NA,NA,NA,NA,NA,NA,NA,NA,NA,NA,NA,NA,NA,NA,NA,NA,NA,NA,NA,NA,NA,NA,NA,NA,NA,NA,NA,NA,NA,NA,NA,NA,NA,NA
"Corey Kiner","RB","NE",1,NA,NA,NA,NA,NA,NA,NA,4.2,16.4,3.9,0.1,0,1.6,1.6,"26698879","CBS","17274","CBS","RB",1.1,0.8,7.7,7.7,9.6,0,NA,NA,NA,NA,NA,NA,NA,NA,NA,NA,NA,NA,NA,NA,NA,NA,NA,NA,NA,NA,NA,NA,NA,NA,NA,NA,NA,NA,NA,NA,NA,NA,NA,NA,NA,NA,NA,NA,NA,NA,NA,NA,NA,NA,NA,NA,NA,NA,NA,NA,NA,NA,NA,NA,NA,NA,NA,NA
"Isaiah Davis","RB","NYJ",1,NA,NA,NA,NA,NA,NA,NA,1.9,10.5,5.5,0.1,0,1.6,1.6,"26718641","CBS","16752","CBS","RB",0.6,0.4,4.3,4.3,10.8,0,NA,NA,NA,NA,NA,NA,NA,NA,NA,NA,NA,NA,NA,NA,NA,NA,NA,NA,NA,NA,NA,NA,NA,NA,NA,NA,NA,NA,NA,NA,NA,NA,NA,NA,NA,NA,NA,NA,NA,NA,NA,NA,NA,NA,NA,NA,NA,NA,NA,NA,NA,NA,NA,NA,NA,NA,NA,NA
"Kyle Juszczyk","FB","SF",1,NA,NA,NA,NA,NA,NA,NA,0.2,0.1,0.5,0,0,1.6,1.6,"1683145","CBS","11367","CBS","RB",1.9,1.5,14.1,14.1,9.4,0.1,NA,NA,NA,NA,NA,NA,NA,NA,NA,NA,NA,NA,NA,NA,NA,NA,NA,NA,NA,NA,NA,NA,NA,NA,NA,NA,NA,NA,NA,NA,NA,NA,NA,NA,NA,NA,NA,NA,NA,NA,NA,NA,NA,NA,NA,NA,NA,NA,NA,NA,NA,NA,NA,NA,NA,NA,NA,NA
"Brashard Smith","RB","KC",1,NA,NA,NA,NA,NA,NA,NA,3.3,11.4,3.5,0,0,1.6,1.6,"26694196","CBS","17049","CBS","RB",1.6,1.1,7.1,7.1,6.5,0.1,NA,NA,NA,NA,NA,NA,NA,NA,NA,NA,NA,NA,NA,NA,NA,NA,NA,NA,NA,NA,NA,NA,NA,NA,NA,NA,NA,NA,NA,NA,NA,NA,NA,NA,NA,NA,NA,NA,NA,NA,NA,NA,NA,NA,NA,NA,NA,NA,NA,NA,NA,NA,NA,NA,NA,NA,NA,NA
"Roschon Johnson","RB","CHI",1,NA,NA,NA,NA,NA,NA,NA,2,7.3,3.7,0.2,0,1.2,1.2,"3121395","CBS","16175","CBS","RB",0.2,0.2,1.1,1.1,5.5,0,NA,NA,NA,NA,NA,NA,NA,NA,NA,NA,NA,NA,NA,NA,NA,NA,NA,NA,NA,NA,NA,NA,NA,NA,NA,NA,NA,NA,NA,NA,NA,NA,NA,NA,NA,NA,NA,NA,NA,NA,NA,NA,NA,NA,NA,NA,NA,NA,NA,NA,NA,NA,NA,NA,NA,NA,NA,NA
"Emari Demercado","RB","DAL",1,NA,NA,NA,NA,NA,NA,NA,1.9,14.8,7.8,0,0,1,1,"2964372","CBS","16385","CBS","RB",0.4,0.3,2.4,2.4,8,0,NA,NA,NA,NA,NA,NA,NA,NA,NA,NA,NA,NA,NA,NA,NA,NA,NA,NA,NA,NA,NA,NA,NA,NA,NA,NA,NA,NA,NA,NA,NA,NA,NA,NA,NA,NA,NA,NA,NA,NA,NA,NA,NA,NA,NA,NA,NA,NA,NA,NA,NA,NA,NA,NA,NA,NA,NA,NA
"LeQuint Allen","RB","JAC",1,NA,NA,NA,NA,NA,NA,NA,3.2,11.5,3.6,0,0,1,1,"28877884","CBS","17061","CBS","RB",0.5,0.5,2.7,2.7,5.4,0,NA,NA,NA,NA,NA,NA,NA,NA,NA,NA,NA,NA,NA,NA,NA,NA,NA,NA,NA,NA,NA,NA,NA,NA,NA,NA,NA,NA,NA,NA,NA,NA,NA,NA,NA,NA,NA,NA,NA,NA,NA,NA,NA,NA,NA,NA,NA,NA,NA,NA,NA,NA,NA,NA,NA,NA,NA,NA
"Emmett Johnson","RB","KC",1,NA,NA,NA,NA,NA,NA,NA,1.9,7.7,4.1,0.1,0,0.6,0.6,"28877097","CBS","17474","CBS","RB",0.2,0.1,1.2,1.2,12,0,NA,NA,NA,NA,NA,NA,NA,NA,NA,NA,NA,NA,NA,NA,NA,NA,NA,NA,NA,NA,NA,NA,NA,NA,NA,NA,NA,NA,NA,NA,NA,NA,NA,NA,NA,NA,NA,NA,NA,NA,NA,NA,NA,NA,NA,NA,NA,NA,NA,NA,NA,NA,NA,NA,NA,NA,NA,NA
"Nicholas Singleton","RB","TEN",1,NA,NA,NA,NA,NA,NA,NA,1.4,5.8,4.1,0.1,0,0.6,0.6,"28876754","CBS","17476","CBS","RB",0.2,0.1,1.3,1.3,13,0,NA,NA,NA,NA,NA,NA,NA,NA,NA,NA,NA,NA,NA,NA,NA,NA,NA,NA,NA,NA,NA,NA,NA,NA,NA,NA,NA,NA,NA,NA,NA,NA,NA,NA,NA,NA,NA,NA,NA,NA,NA,NA,NA,NA,NA,NA,NA,NA,NA,NA,NA,NA,NA,NA,NA,NA,NA,NA
"Michael Burton","FB","CLE",1,NA,NA,NA,NA,NA,NA,NA,0.5,0.5,1,0.1,0,0.6,0.6,"1759407","CBS","12325","CBS","RB",0.5,0.4,2.2,2.2,5.5,0,NA,NA,NA,NA,NA,NA,NA,NA,NA,NA,NA,NA,NA,NA,NA,NA,NA,NA,NA,NA,NA,NA,NA,NA,NA,NA,NA,NA,NA,NA,NA,NA,NA,NA,NA,NA,NA,NA,NA,NA,NA,NA,NA,NA,NA,NA,NA,NA,NA,NA,NA,NA,NA,NA,NA,NA,NA,NA
"Seth McGowan","RB","IND",1,NA,NA,NA,NA,NA,NA,NA,1.9,7.6,4,0.1,0,0.6,0.6,"3161581","CBS","17475","CBS","RB",0.2,0.1,1.4,1.4,14,0,NA,NA,NA,NA,NA,NA,NA,NA,NA,NA,NA,NA,NA,NA,NA,NA,NA,NA,NA,NA,NA,NA,NA,NA,NA,NA,NA,NA,NA,NA,NA,NA,NA,NA,NA,NA,NA,NA,NA,NA,NA,NA,NA,NA,NA,NA,NA,NA,NA,NA,NA,NA,NA,NA,NA,NA,NA,NA
"Sean Tucker","RB","TB",1,NA,NA,NA,NA,NA,NA,NA,2,9.8,4.9,0.1,0,0.6,0.6,"3168416","CBS","16166","CBS","RB",0.1,0.1,0.4,0.4,4,0,NA,NA,NA,NA,NA,NA,NA,NA,NA,NA,NA,NA,NA,NA,NA,NA,NA,NA,NA,NA,NA,NA,NA,NA,NA,NA,NA,NA,NA,NA,NA,NA,NA,NA,NA,NA,NA,NA,NA,NA,NA,NA,NA,NA,NA,NA,NA,NA,NA,NA,NA,NA,NA,NA,NA,NA,NA,NA
"Jonah Coleman","RB","DEN",1,NA,NA,NA,NA,NA,NA,NA,1.8,7.2,4,0.1,0,0.6,0.6,"28877250","CBS","17477","CBS","RB",0.2,0.2,1.2,1.2,6,0,NA,NA,NA,NA,NA,NA,NA,NA,NA,NA,NA,NA,NA,NA,NA,NA,NA,NA,NA,NA,NA,NA,NA,NA,NA,NA,NA,NA,NA,NA,NA,NA,NA,NA,NA,NA,NA,NA,NA,NA,NA,NA,NA,NA,NA,NA,NA,NA,NA,NA,NA,NA,NA,NA,NA,NA,NA,NA
"Raheim Sanders","RB","CLE",1,NA,NA,NA,NA,NA,NA,NA,1.7,5.8,3.4,0.1,0,0.6,0.6,"26700087","CBS","17062","CBS","RB",0.2,0.1,0.9,0.9,9,0,NA,NA,NA,NA,NA,NA,NA,NA,NA,NA,NA,NA,NA,NA,NA,NA,NA,NA,NA,NA,NA,NA,NA,NA,NA,NA,NA,NA,NA,NA,NA,NA,NA,NA,NA,NA,NA,NA,NA,NA,NA,NA,NA,NA,NA,NA,NA,NA,NA,NA,NA,NA,NA,NA,NA,NA,NA,NA
"Ollie Gordon II","RB","MIA",1,NA,NA,NA,NA,NA,NA,NA,1.8,4.2,2.3,0.1,0,0.6,0.6,"28873887","CBS","17059","CBS","RB",0.1,0.1,0.2,0.2,2,0,NA,NA,NA,NA,NA,NA,NA,NA,NA,NA,NA,NA,NA,NA,NA,NA,NA,NA,NA,NA,NA,NA,NA,NA,NA,NA,NA,NA,NA,NA,NA,NA,NA,NA,NA,NA,NA,NA,NA,NA,NA,NA,NA,NA,NA,NA,NA,NA,NA,NA,NA,NA,NA,NA,NA,NA,NA,NA
"Zonovan Knight","RB","ARI",1,NA,NA,NA,NA,NA,NA,NA,1.5,5.6,3.7,0.1,0,0.6,0.6,"3121860","CBS","15727","CBS","RB",0.2,0.2,1.2,1.2,6,0,NA,NA,NA,NA,NA,NA,NA,NA,NA,NA,NA,NA,NA,NA,NA,NA,NA,NA,NA,NA,NA,NA,NA,NA,NA,NA,NA,NA,NA,NA,NA,NA,NA,NA,NA,NA,NA,NA,NA,NA,NA,NA,NA,NA,NA,NA,NA,NA,NA,NA,NA,NA,NA,NA,NA,NA,NA,NA
"Rasheen Ali","RB","BAL",1,NA,NA,NA,NA,NA,NA,NA,0.8,2.8,3.5,0,0,0.6,0.6,"3168797","CBS","16746","CBS","RB",0.5,0.4,3.1,3.1,7.8,0.1,NA,NA,NA,NA,NA,NA,NA,NA,NA,NA,NA,NA,NA,NA,NA,NA,NA,NA,NA,NA,NA,NA,NA,NA,NA,NA,NA,NA,NA,NA,NA,NA,NA,NA,NA,NA,NA,NA,NA,NA,NA,NA,NA,NA,NA,NA,NA,NA,NA,NA,NA,NA,NA,NA,NA,NA,NA,NA
"Devin Singletary","RB","NYG",1,NA,NA,NA,NA,NA,NA,NA,2,8.2,4.1,0.1,0,0.6,0.6,"2241251","CBS","14080","CBS","RB",0.1,0.1,0.6,0.6,6,0,NA,NA,NA,NA,NA,NA,NA,NA,NA,NA,NA,NA,NA,NA,NA,NA,NA,NA,NA,NA,NA,NA,NA,NA,NA,NA,NA,NA,NA,NA,NA,NA,NA,NA,NA,NA,NA,NA,NA,NA,NA,NA,NA,NA,NA,NA,NA,NA,NA,NA,NA,NA,NA,NA,NA,NA,NA,NA
"Eli Heidenreich","RB","PIT",1,NA,NA,NA,NA,NA,NA,NA,1.8,7.5,4.2,0.1,0,0.6,0.6,"28901170","CBS","17685","CBS","RB",0.2,0.1,1.2,1.2,12,0,NA,NA,NA,NA,NA,NA,NA,NA,NA,NA,NA,NA,NA,NA,NA,NA,NA,NA,NA,NA,NA,NA,NA,NA,NA,NA,NA,NA,NA,NA,NA,NA,NA,NA,NA,NA,NA,NA,NA,NA,NA,NA,NA,NA,NA,NA,NA,NA,NA,NA,NA,NA,NA,NA,NA,NA,NA,NA
"Demond Claiborne","RB","MIN",1,NA,NA,NA,NA,NA,NA,NA,1.8,7.1,3.9,0.1,0,0.6,0.6,"28883197","CBS","17481","CBS","RB",0.2,0.1,1.2,1.2,12,0,NA,NA,NA,NA,NA,NA,NA,NA,NA,NA,NA,NA,NA,NA,NA,NA,NA,NA,NA,NA,NA,NA,NA,NA,NA,NA,NA,NA,NA,NA,NA,NA,NA,NA,NA,NA,NA,NA,NA,NA,NA,NA,NA,NA,NA,NA,NA,NA,NA,NA,NA,NA,NA,NA,NA,NA,NA,NA
"Andrew Beck","FB","NYJ",1,NA,NA,NA,NA,NA,NA,NA,0.1,0.5,5,0,0,0.6,0.6,"2131774","CBS","14319","CBS","RB",0.5,0.3,2.5,2.5,8.3,0.1,NA,NA,NA,NA,NA,NA,NA,NA,NA,NA,NA,NA,NA,NA,NA,NA,NA,NA,NA,NA,NA,NA,NA,NA,NA,NA,NA,NA,NA,NA,NA,NA,NA,NA,NA,NA,NA,NA,NA,NA,NA,NA,NA,NA,NA,NA,NA,NA,NA,NA,NA,NA,NA,NA,NA,NA,NA,NA
"Kaytron Allen","RB","WAS",1,NA,NA,NA,NA,NA,NA,NA,2,9.3,4.7,0.1,0,0.6,0.6,"28875485","CBS","17478","CBS","RB",0.1,0.1,1.1,1.1,11,0,NA,NA,NA,NA,NA,NA,NA,NA,NA,NA,NA,NA,NA,NA,NA,NA,NA,NA,NA,NA,NA,NA,NA,NA,NA,NA,NA,NA,NA,NA,NA,NA,NA,NA,NA,NA,NA,NA,NA,NA,NA,NA,NA,NA,NA,NA,NA,NA,NA,NA,NA,NA,NA,NA,NA,NA,NA,NA
"Dylan Laube","RB","LV",1,NA,NA,NA,NA,NA,NA,NA,3.1,7.7,2.5,0.1,0.3,1.1102230246252e-16,0,"2964322","CBS","16613","CBS","RB",0.6,0.4,2.8,2.8,7,0,NA,NA,NA,NA,NA,NA,NA,NA,NA,NA,NA,NA,NA,NA,NA,NA,NA,NA,NA,NA,NA,NA,NA,NA,NA,NA,NA,NA,NA,NA,NA,NA,NA,NA,NA,NA,NA,NA,NA,NA,NA,NA,NA,NA,NA,NA,NA,NA,NA,NA,NA,NA,NA,NA,NA,NA,NA,NA
"Jaxon Smith-Njigba","WR","SEA",1,NA,NA,NA,NA,NA,NA,NA,0.4,2,5,0,0,13.2,13.2,"3162959","CBS","16185","CBS","WR",9.2,6.6,91.3,91.3,13.8,0.7,NA,NA,NA,NA,NA,NA,NA,NA,NA,NA,NA,NA,NA,NA,NA,NA,NA,NA,NA,NA,NA,NA,NA,NA,NA,NA,NA,NA,NA,NA,NA,NA,NA,NA,NA,NA,NA,NA,NA,NA,NA,NA,NA,NA,NA,NA,NA,NA,NA,NA,NA,NA,NA,NA,NA,NA,NA,NA
"Ja'Marr Chase","WR","CIN",1,NA,NA,NA,NA,NA,NA,NA,0.2,1.1,5.5,0,0,12.6,12.6,"2966320","CBS","15281","CBS","WR",10.7,7.4,92.6,92.6,12.5,0.6,NA,NA,NA,NA,NA,NA,NA,NA,NA,NA,NA,NA,NA,NA,NA,NA,NA,NA,NA,NA,NA,NA,NA,NA,NA,NA,NA,NA,NA,NA,NA,NA,NA,NA,NA,NA,NA,NA,NA,NA,NA,NA,NA,NA,NA,NA,NA,NA,NA,NA,NA,NA,NA,NA,NA,NA,NA,NA
"Puka Nacua","WR","LAR",1,NA,NA,NA,NA,NA,NA,NA,0.9,6.2,6.9,0.1,0,12.6,12.6,"3121687","CBS","16211","CBS","WR",10.9,8,96.5,96.5,12.1,0.5,NA,NA,NA,NA,NA,NA,NA,NA,NA,NA,NA,NA,NA,NA,NA,NA,NA,NA,NA,NA,NA,NA,NA,NA,NA,NA,NA,NA,NA,NA,NA,NA,NA,NA,NA,NA,NA,NA,NA,NA,NA,NA,NA,NA,NA,NA,NA,NA,NA,NA,NA,NA,NA,NA,NA,NA,NA,NA
"Amon-Ra St. Brown","WR","DET",1,NA,NA,NA,NA,NA,NA,NA,0.2,0.5,2.5,0,0,12.2,12.2,"2967690","CBS","15287","CBS","WR",9.4,6.7,81.3,81.3,12.1,0.7,NA,NA,NA,NA,NA,NA,NA,NA,NA,NA,NA,NA,NA,NA,NA,NA,NA,NA,NA,NA,NA,NA,NA,NA,NA,NA,NA,NA,NA,NA,NA,NA,NA,NA,NA,NA,NA,NA,NA,NA,NA,NA,NA,NA,NA,NA,NA,NA,NA,NA,NA,NA,NA,NA,NA,NA,NA,NA
"George Pickens","WR","DAL",1,NA,NA,NA,NA,NA,NA,NA,0,-0.1,0,0,0,11.6,11.6,"3123212","CBS","15762","CBS","WR",8.3,5.5,81.8,81.8,14.9,0.6,NA,NA,NA,NA,NA,NA,NA,NA,NA,NA,NA,NA,NA,NA,NA,NA,NA,NA,NA,NA,NA,NA,NA,NA,NA,NA,NA,NA,NA,NA,NA,NA,NA,NA,NA,NA,NA,NA,NA,NA,NA,NA,NA,NA,NA,NA,NA,NA,NA,NA,NA,NA,NA,NA,NA,NA,NA,NA
"Chris Olave","WR","NO",1,NA,NA,NA,NA,NA,NA,NA,0.1,0,0,0,0,10.6,10.6,"2963666","CBS","15754","CBS","WR",9,5.8,75.2,75.2,13,0.6,NA,NA,NA,NA,NA,NA,NA,NA,NA,NA,NA,NA,NA,NA,NA,NA,NA,NA,NA,NA,NA,NA,NA,NA,NA,NA,NA,NA,NA,NA,NA,NA,NA,NA,NA,NA,NA,NA,NA,NA,NA,NA,NA,NA,NA,NA,NA,NA,NA,NA,NA,NA,NA,NA,NA,NA,NA,NA
"Drake London","WR","ATL",1,NA,NA,NA,NA,NA,NA,NA,0,-0.1,0,0,0.1,10.4,10.4,"3127902","CBS","15751","CBS","WR",9.1,5.6,77.1,77.1,13.8,0.6,NA,NA,NA,NA,NA,NA,NA,NA,NA,NA,NA,NA,NA,NA,NA,NA,NA,NA,NA,NA,NA,NA,NA,NA,NA,NA,NA,NA,NA,NA,NA,NA,NA,NA,NA,NA,NA,NA,NA,NA,NA,NA,NA,NA,NA,NA,NA,NA,NA,NA,NA,NA,NA,NA,NA,NA,NA,NA
"Tee Higgins","WR","CIN",1,NA,NA,NA,NA,NA,NA,NA,0,0,0,0,0,10.2,10.2,"2809208","CBS","14835","CBS","WR",6.8,4.2,61.7,61.7,14.7,0.7,NA,NA,NA,NA,NA,NA,NA,NA,NA,NA,NA,NA,NA,NA,NA,NA,NA,NA,NA,NA,NA,NA,NA,NA,NA,NA,NA,NA,NA,NA,NA,NA,NA,NA,NA,NA,NA,NA,NA,NA,NA,NA,NA,NA,NA,NA,NA,NA,NA,NA,NA,NA,NA,NA,NA,NA,NA,NA
"Malik Nabers","WR","NYG",1,NA,NA,NA,NA,NA,NA,NA,0.2,0.1,0.5,0,0,10.2,10.2,"26697761","CBS","16615","CBS","WR",8,4.8,66.8,66.8,13.9,0.7,NA,NA,NA,NA,NA,NA,NA,NA,NA,NA,NA,NA,NA,NA,NA,NA,NA,NA,NA,NA,NA,NA,NA,NA,NA,NA,NA,NA,NA,NA,NA,NA,NA,NA,NA,NA,NA,NA,NA,NA,NA,NA,NA,NA,NA,NA,NA,NA,NA,NA,NA,NA,NA,NA,NA,NA,NA,NA
"Garrett Wilson","WR","NYJ",1,NA,NA,NA,NA,NA,NA,NA,0.1,0.2,2,0,0.1,10,10,"3123864","CBS","15753","CBS","WR",9,5.7,67.7,67.7,11.9,0.7,NA,NA,NA,NA,NA,NA,NA,NA,NA,NA,NA,NA,NA,NA,NA,NA,NA,NA,NA,NA,NA,NA,NA,NA,NA,NA,NA,NA,NA,NA,NA,NA,NA,NA,NA,NA,NA,NA,NA,NA,NA,NA,NA,NA,NA,NA,NA,NA,NA,NA,NA,NA,NA,NA,NA,NA,NA,NA
"Tetairoa McMillan","WR","CAR",1,NA,NA,NA,NA,NA,NA,NA,0,0,0,0,0.1,9.8,9.8,"28877124","CBS","17071","CBS","WR",8.7,5,79,79,15.8,0.5,NA,NA,NA,NA,NA,NA,NA,NA,NA,NA,NA,NA,NA,NA,NA,NA,NA,NA,NA,NA,NA,NA,NA,NA,NA,NA,NA,NA,NA,NA,NA,NA,NA,NA,NA,NA,NA,NA,NA,NA,NA,NA,NA,NA,NA,NA,NA,NA,NA,NA,NA,NA,NA,NA,NA,NA,NA,NA
"Nico Collins","WR","HOU",1,NA,NA,NA,NA,NA,NA,NA,0.1,0.9,9,0.1,0,9.6,9.6,"2878193","CBS","15290","CBS","WR",7.5,4.5,68.2,68.2,15.2,0.5,NA,NA,NA,NA,NA,NA,NA,NA,NA,NA,NA,NA,NA,NA,NA,NA,NA,NA,NA,NA,NA,NA,NA,NA,NA,NA,NA,NA,NA,NA,NA,NA,NA,NA,NA,NA,NA,NA,NA,NA,NA,NA,NA,NA,NA,NA,NA,NA,NA,NA,NA,NA,NA,NA,NA,NA,NA,NA
"Ladd McConkey","WR","LAC",1,NA,NA,NA,NA,NA,NA,NA,0,0,0,0,0,9.6,9.6,"3163962","CBS","16627","CBS","WR",8.2,5.3,69.8,69.8,13.2,0.6,NA,NA,NA,NA,NA,NA,NA,NA,NA,NA,NA,NA,NA,NA,NA,NA,NA,NA,NA,NA,NA,NA,NA,NA,NA,NA,NA,NA,NA,NA,NA,NA,NA,NA,NA,NA,NA,NA,NA,NA,NA,NA,NA,NA,NA,NA,NA,NA,NA,NA,NA,NA,NA,NA,NA,NA,NA,NA
"A.J. Brown","WR","NE",1,NA,NA,NA,NA,NA,NA,NA,0,0,0,0,0,9.4,9.4,"2258303","CBS","14104","CBS","WR",8.3,5.3,70.1,70.1,13.2,0.4,NA,NA,NA,NA,NA,NA,NA,NA,NA,NA,NA,NA,NA,NA,NA,NA,NA,NA,NA,NA,NA,NA,NA,NA,NA,NA,NA,NA,NA,NA,NA,NA,NA,NA,NA,NA,NA,NA,NA,NA,NA,NA,NA,NA,NA,NA,NA,NA,NA,NA,NA,NA,NA,NA,NA,NA,NA,NA
"CeeDee Lamb","WR","DAL",1,NA,NA,NA,NA,NA,NA,NA,0.3,1.8,6,0,0,9.4,9.4,"2865251","CBS","14832","CBS","WR",9.1,5.9,78.6,78.6,13.3,0.4,NA,NA,NA,NA,NA,NA,NA,NA,NA,NA,NA,NA,NA,NA,NA,NA,NA,NA,NA,NA,NA,NA,NA,NA,NA,NA,NA,NA,NA,NA,NA,NA,NA,NA,NA,NA,NA,NA,NA,NA,NA,NA,NA,NA,NA,NA,NA,NA,NA,NA,NA,NA,NA,NA,NA,NA,NA,NA
"DeVonta Smith","WR","PHI",1,NA,NA,NA,NA,NA,NA,NA,0,0,0,0,0,9.4,9.4,"2866975","CBS","15282","CBS","WR",7.6,5.4,77.8,77.8,14.4,0.4,NA,NA,NA,NA,NA,NA,NA,NA,NA,NA,NA,NA,NA,NA,NA,NA,NA,NA,NA,NA,NA,NA,NA,NA,NA,NA,NA,NA,NA,NA,NA,NA,NA,NA,NA,NA,NA,NA,NA,NA,NA,NA,NA,NA,NA,NA,NA,NA,NA,NA,NA,NA,NA,NA,NA,NA,NA,NA
"Rashee Rice","WR","KC",1,NA,NA,NA,NA,NA,NA,NA,0.6,2.1,3.5,0.1,0,9.2,9.2,"3124978","CBS","16194","CBS","WR",8,5.6,52.7,52.7,9.4,0.6,NA,NA,NA,NA,NA,NA,NA,NA,NA,NA,NA,NA,NA,NA,NA,NA,NA,NA,NA,NA,NA,NA,NA,NA,NA,NA,NA,NA,NA,NA,NA,NA,NA,NA,NA,NA,NA,NA,NA,NA,NA,NA,NA,NA,NA,NA,NA,NA,NA,NA,NA,NA,NA,NA,NA,NA,NA,NA
"Quentin Johnston","WR","LAC",1,NA,NA,NA,NA,NA,NA,NA,0.2,0.5,2.5,0,0.1,9,9,"3162609","CBS","16188","CBS","WR",6.3,3.8,53,53,14,0.7,NA,NA,NA,NA,NA,NA,NA,NA,NA,NA,NA,NA,NA,NA,NA,NA,NA,NA,NA,NA,NA,NA,NA,NA,NA,NA,NA,NA,NA,NA,NA,NA,NA,NA,NA,NA,NA,NA,NA,NA,NA,NA,NA,NA,NA,NA,NA,NA,NA,NA,NA,NA,NA,NA,NA,NA,NA,NA
"Jameson Williams","WR","DET",1,NA,NA,NA,NA,NA,NA,NA,0.5,2.4,4.8,0,0,9,9,"3125968","CBS","15756","CBS","WR",5.7,3.6,64.3,64.3,17.9,0.5,NA,NA,NA,NA,NA,NA,NA,NA,NA,NA,NA,NA,NA,NA,NA,NA,NA,NA,NA,NA,NA,NA,NA,NA,NA,NA,NA,NA,NA,NA,NA,NA,NA,NA,NA,NA,NA,NA,NA,NA,NA,NA,NA,NA,NA,NA,NA,NA,NA,NA,NA,NA,NA,NA,NA,NA,NA,NA
"Emeka Egbuka","WR","TB",1,NA,NA,NA,NA,NA,NA,NA,0.1,0.7,7,0,0,9,9,"26696165","CBS","17081","CBS","WR",8.4,4.2,68,68,16.2,0.5,NA,NA,NA,NA,NA,NA,NA,NA,NA,NA,NA,NA,NA,NA,NA,NA,NA,NA,NA,NA,NA,NA,NA,NA,NA,NA,NA,NA,NA,NA,NA,NA,NA,NA,NA,NA,NA,NA,NA,NA,NA,NA,NA,NA,NA,NA,NA,NA,NA,NA,NA,NA,NA,NA,NA,NA,NA,NA
"Justin Jefferson","WR","MIN",1,NA,NA,NA,NA,NA,NA,NA,0.1,0.3,3,0,0,8.8,8.8,"2871343","CBS","14836","CBS","WR",8.8,5.5,71.4,71.4,13,0.3,NA,NA,NA,NA,NA,NA,NA,NA,NA,NA,NA,NA,NA,NA,NA,NA,NA,NA,NA,NA,NA,NA,NA,NA,NA,NA,NA,NA,NA,NA,NA,NA,NA,NA,NA,NA,NA,NA,NA,NA,NA,NA,NA,NA,NA,NA,NA,NA,NA,NA,NA,NA,NA,NA,NA,NA,NA,NA
"Alec Pierce","WR","IND",1,NA,NA,NA,NA,NA,NA,NA,0,0,0,0,0,8.4,8.4,"2965664","CBS","15768","CBS","WR",5.2,2.9,61.2,61.2,21.1,0.4,NA,NA,NA,NA,NA,NA,NA,NA,NA,NA,NA,NA,NA,NA,NA,NA,NA,NA,NA,NA,NA,NA,NA,NA,NA,NA,NA,NA,NA,NA,NA,NA,NA,NA,NA,NA,NA,NA,NA,NA,NA,NA,NA,NA,NA,NA,NA,NA,NA,NA,NA,NA,NA,NA,NA,NA,NA,NA
"Luther Burden III","WR","CHI",1,NA,NA,NA,NA,NA,NA,NA,0.5,2,4,0,0,8.4,8.4,"28874444","CBS","17070","CBS","WR",6.4,4.6,68.6,68.6,14.9,0.4,NA,NA,NA,NA,NA,NA,NA,NA,NA,NA,NA,NA,NA,NA,NA,NA,NA,NA,NA,NA,NA,NA,NA,NA,NA,NA,NA,NA,NA,NA,NA,NA,NA,NA,NA,NA,NA,NA,NA,NA,NA,NA,NA,NA,NA,NA,NA,NA,NA,NA,NA,NA,NA,NA,NA,NA,NA,NA
"Zay Flowers","WR","BAL",1,NA,NA,NA,NA,NA,NA,NA,0.6,3.5,5.8,0,0.1,8.2,8.2,"3127049","CBS","16190","CBS","WR",6.9,4.9,69.9,69.9,14.3,0.4,NA,NA,NA,NA,NA,NA,NA,NA,NA,NA,NA,NA,NA,NA,NA,NA,NA,NA,NA,NA,NA,NA,NA,NA,NA,NA,NA,NA,NA,NA,NA,NA,NA,NA,NA,NA,NA,NA,NA,NA,NA,NA,NA,NA,NA,NA,NA,NA,NA,NA,NA,NA,NA,NA,NA,NA,NA,NA
"Rome Odunze","WR","CHI",1,NA,NA,NA,NA,NA,NA,NA,0.1,0.3,3,0,0,8,8,"3162979","CBS","16616","CBS","WR",7.7,3.8,57.6,57.6,15.2,0.5,NA,NA,NA,NA,NA,NA,NA,NA,NA,NA,NA,NA,NA,NA,NA,NA,NA,NA,NA,NA,NA,NA,NA,NA,NA,NA,NA,NA,NA,NA,NA,NA,NA,NA,NA,NA,NA,NA,NA,NA,NA,NA,NA,NA,NA,NA,NA,NA,NA,NA,NA,NA,NA,NA,NA,NA,NA,NA
"DK Metcalf","WR","PIT",1,NA,NA,NA,NA,NA,NA,NA,0.1,0.6,6,0.1,0,8,8,"2260185","CBS","14102","CBS","WR",6,3.6,52.7,52.7,14.6,0.4,NA,NA,NA,NA,NA,NA,NA,NA,NA,NA,NA,NA,NA,NA,NA,NA,NA,NA,NA,NA,NA,NA,NA,NA,NA,NA,NA,NA,NA,NA,NA,NA,NA,NA,NA,NA,NA,NA,NA,NA,NA,NA,NA,NA,NA,NA,NA,NA,NA,NA,NA,NA,NA,NA,NA,NA,NA,NA
"Davante Adams","WR","LAR",1,NA,NA,NA,NA,NA,NA,NA,0,0,0,0,0,7.6,7.6,"1893167","CBS","11675","CBS","WR",7.9,4.2,48.3,48.3,11.5,0.6,NA,NA,NA,NA,NA,NA,NA,NA,NA,NA,NA,NA,NA,NA,NA,NA,NA,NA,NA,NA,NA,NA,NA,NA,NA,NA,NA,NA,NA,NA,NA,NA,NA,NA,NA,NA,NA,NA,NA,NA,NA,NA,NA,NA,NA,NA,NA,NA,NA,NA,NA,NA,NA,NA,NA,NA,NA,NA
"Marvin Harrison Jr.","WR","ARI",1,NA,NA,NA,NA,NA,NA,NA,0,0,0,0,0,7.4,7.4,"26701883","CBS","16614","CBS","WR",6.5,3.6,54.2,54.2,15.1,0.4,NA,NA,NA,NA,NA,NA,NA,NA,NA,NA,NA,NA,NA,NA,NA,NA,NA,NA,NA,NA,NA,NA,NA,NA,NA,NA,NA,NA,NA,NA,NA,NA,NA,NA,NA,NA,NA,NA,NA,NA,NA,NA,NA,NA,NA,NA,NA,NA,NA,NA,NA,NA,NA,NA,NA,NA,NA,NA
"Wan'Dale Robinson","WR","TEN",1,NA,NA,NA,NA,NA,NA,NA,0.1,0.3,3,0,0,7.4,7.4,"3124107","CBS","15757","CBS","WR",7.7,5.1,50.1,50.1,9.8,0.4,NA,NA,NA,NA,NA,NA,NA,NA,NA,NA,NA,NA,NA,NA,NA,NA,NA,NA,NA,NA,NA,NA,NA,NA,NA,NA,NA,NA,NA,NA,NA,NA,NA,NA,NA,NA,NA,NA,NA,NA,NA,NA,NA,NA,NA,NA,NA,NA,NA,NA,NA,NA,NA,NA,NA,NA,NA,NA
"Jalen Coker","WR","CAR",1,NA,NA,NA,NA,NA,NA,NA,0,0,0,0,0.1,7.2,7.2,"3163990","CBS","16809","CBS","WR",4.9,3.7,50.3,50.3,13.6,0.4,NA,NA,NA,NA,NA,NA,NA,NA,NA,NA,NA,NA,NA,NA,NA,NA,NA,NA,NA,NA,NA,NA,NA,NA,NA,NA,NA,NA,NA,NA,NA,NA,NA,NA,NA,NA,NA,NA,NA,NA,NA,NA,NA,NA,NA,NA,NA,NA,NA,NA,NA,NA,NA,NA,NA,NA,NA,NA
"Brian Thomas Jr.","WR","JAC",1,NA,NA,NA,NA,NA,NA,NA,0.2,1.6,8,0.1,0,7,7,"3132164","CBS","16618","CBS","WR",5.8,3.3,49.7,49.7,15.1,0.4,NA,NA,NA,NA,NA,NA,NA,NA,NA,NA,NA,NA,NA,NA,NA,NA,NA,NA,NA,NA,NA,NA,NA,NA,NA,NA,NA,NA,NA,NA,NA,NA,NA,NA,NA,NA,NA,NA,NA,NA,NA,NA,NA,NA,NA,NA,NA,NA,NA,NA,NA,NA,NA,NA,NA,NA,NA,NA
"Jaylen Waddle","WR","DEN",1,NA,NA,NA,NA,NA,NA,NA,0.2,1.3,6.5,0,0,6.8,6.8,"2962110","CBS","15284","CBS","WR",6.6,4.3,52.8,52.8,12.3,0.3,NA,NA,NA,NA,NA,NA,NA,NA,NA,NA,NA,NA,NA,NA,NA,NA,NA,NA,NA,NA,NA,NA,NA,NA,NA,NA,NA,NA,NA,NA,NA,NA,NA,NA,NA,NA,NA,NA,NA,NA,NA,NA,NA,NA,NA,NA,NA,NA,NA,NA,NA,NA,NA,NA,NA,NA,NA,NA
"Calvin Ridley","WR","TEN",1,NA,NA,NA,NA,NA,NA,NA,0.2,1.3,6.5,0.1,0,6.8,6.8,"2186328","CBS","13629","CBS","WR",6,3,53.3,53.3,17.8,0.2,NA,NA,NA,NA,NA,NA,NA,NA,NA,NA,NA,NA,NA,NA,NA,NA,NA,NA,NA,NA,NA,NA,NA,NA,NA,NA,NA,NA,NA,NA,NA,NA,NA,NA,NA,NA,NA,NA,NA,NA,NA,NA,NA,NA,NA,NA,NA,NA,NA,NA,NA,NA,NA,NA,NA,NA,NA,NA
"Chris Godwin","WR","TB",1,NA,NA,NA,NA,NA,NA,NA,0,0.1,0,0,0,6.8,6.8,"2818150","CBS","13163","CBS","WR",6.3,4.4,51.1,51.1,11.6,0.3,NA,NA,NA,NA,NA,NA,NA,NA,NA,NA,NA,NA,NA,NA,NA,NA,NA,NA,NA,NA,NA,NA,NA,NA,NA,NA,NA,NA,NA,NA,NA,NA,NA,NA,NA,NA,NA,NA,NA,NA,NA,NA,NA,NA,NA,NA,NA,NA,NA,NA,NA,NA,NA,NA,NA,NA,NA,NA
"Parker Washington","WR","JAC",1,NA,NA,NA,NA,NA,NA,NA,0.4,0.1,0.3,0,0,6.4,6.4,"3168820","CBS","16192","CBS","WR",5.6,3.4,48.8,48.8,14.4,0.4,NA,NA,NA,NA,NA,NA,NA,NA,NA,NA,NA,NA,NA,NA,NA,NA,NA,NA,NA,NA,NA,NA,NA,NA,NA,NA,NA,NA,NA,NA,NA,NA,NA,NA,NA,NA,NA,NA,NA,NA,NA,NA,NA,NA,NA,NA,NA,NA,NA,NA,NA,NA,NA,NA,NA,NA,NA,NA
"Mike Evans","WR","SF",1,NA,NA,NA,NA,NA,NA,NA,0,0,0,0,0,6.4,6.4,"1824909","CBS","11671","CBS","WR",6.8,3.9,49.5,49.5,12.7,0.4,NA,NA,NA,NA,NA,NA,NA,NA,NA,NA,NA,NA,NA,NA,NA,NA,NA,NA,NA,NA,NA,NA,NA,NA,NA,NA,NA,NA,NA,NA,NA,NA,NA,NA,NA,NA,NA,NA,NA,NA,NA,NA,NA,NA,NA,NA,NA,NA,NA,NA,NA,NA,NA,NA,NA,NA,NA,NA
"Michael Pittman","WR","PIT",1,NA,NA,NA,NA,NA,NA,NA,0,0,0,0,0,6.4,6.4,"2240188","CBS","14842","CBS","WR",6.4,4.5,40,40,8.9,0.4,NA,NA,NA,NA,NA,NA,NA,NA,NA,NA,NA,NA,NA,NA,NA,NA,NA,NA,NA,NA,NA,NA,NA,NA,NA,NA,NA,NA,NA,NA,NA,NA,NA,NA,NA,NA,NA,NA,NA,NA,NA,NA,NA,NA,NA,NA,NA,NA,NA,NA,NA,NA,NA,NA,NA,NA,NA,NA
"Terry McLaurin","WR","WAS",1,NA,NA,NA,NA,NA,NA,NA,0,0,0,0,0,6.4,6.4,"2139279","CBS","14109","CBS","WR",5.1,3.3,47,47,14.2,0.4,NA,NA,NA,NA,NA,NA,NA,NA,NA,NA,NA,NA,NA,NA,NA,NA,NA,NA,NA,NA,NA,NA,NA,NA,NA,NA,NA,NA,NA,NA,NA,NA,NA,NA,NA,NA,NA,NA,NA,NA,NA,NA,NA,NA,NA,NA,NA,NA,NA,NA,NA,NA,NA,NA,NA,NA,NA,NA
"Christian Watson","WR","GB",1,NA,NA,NA,NA,NA,NA,NA,0.2,0.6,3,0,0,6.4,6.4,"2869806","CBS","15789","CBS","WR",5.4,3.2,48.6,48.6,15.2,0.4,NA,NA,NA,NA,NA,NA,NA,NA,NA,NA,NA,NA,NA,NA,NA,NA,NA,NA,NA,NA,NA,NA,NA,NA,NA,NA,NA,NA,NA,NA,NA,NA,NA,NA,NA,NA,NA,NA,NA,NA,NA,NA,NA,NA,NA,NA,NA,NA,NA,NA,NA,NA,NA,NA,NA,NA,NA,NA
"Tre Tucker","WR","LV",1,NA,NA,NA,NA,NA,NA,NA,0.7,3.4,4.9,0,0,6.4,6.4,"3121848","CBS","16287","CBS","WR",5.8,3.5,40.4,40.4,11.5,0.4,NA,NA,NA,NA,NA,NA,NA,NA,NA,NA,NA,NA,NA,NA,NA,NA,NA,NA,NA,NA,NA,NA,NA,NA,NA,NA,NA,NA,NA,NA,NA,NA,NA,NA,NA,NA,NA,NA,NA,NA,NA,NA,NA,NA,NA,NA,NA,NA,NA,NA,NA,NA,NA,NA,NA,NA,NA,NA
"Jordan Addison","WR","MIN",1,NA,NA,NA,NA,NA,NA,NA,0.2,4.2,21,0.1,0,6.4,6.4,"3162290","CBS","16186","CBS","WR",5.4,3,41.4,41.4,13.8,0.3,NA,NA,NA,NA,NA,NA,NA,NA,NA,NA,NA,NA,NA,NA,NA,NA,NA,NA,NA,NA,NA,NA,NA,NA,NA,NA,NA,NA,NA,NA,NA,NA,NA,NA,NA,NA,NA,NA,NA,NA,NA,NA,NA,NA,NA,NA,NA,NA,NA,NA,NA,NA,NA,NA,NA,NA,NA,NA
"DJ Moore","WR","BUF",1,NA,NA,NA,NA,NA,NA,NA,0.9,4.7,5.2,0,0.1,6.2,6.2,"2179328","CBS","13635","CBS","WR",5.7,3.6,43.4,43.4,12.1,0.4,NA,NA,NA,NA,NA,NA,NA,NA,NA,NA,NA,NA,NA,NA,NA,NA,NA,NA,NA,NA,NA,NA,NA,NA,NA,NA,NA,NA,NA,NA,NA,NA,NA,NA,NA,NA,NA,NA,NA,NA,NA,NA,NA,NA,NA,NA,NA,NA,NA,NA,NA,NA,NA,NA,NA,NA,NA,NA
"Rashod Bateman","WR","BAL",1,NA,NA,NA,NA,NA,NA,NA,0,0,0,0,0,6,6,"2960940","CBS","15293","CBS","WR",4.2,2.3,34.4,34.4,15,0.5,NA,NA,NA,NA,NA,NA,NA,NA,NA,NA,NA,NA,NA,NA,NA,NA,NA,NA,NA,NA,NA,NA,NA,NA,NA,NA,NA,NA,NA,NA,NA,NA,NA,NA,NA,NA,NA,NA,NA,NA,NA,NA,NA,NA,NA,NA,NA,NA,NA,NA,NA,NA,NA,NA,NA,NA,NA,NA
"Elic Ayomanor","WR","TEN",1,NA,NA,NA,NA,NA,NA,NA,0,0,0,0,0,6,6,"28900714","CBS","17073","CBS","WR",5.1,2.6,35.8,35.8,13.8,0.5,NA,NA,NA,NA,NA,NA,NA,NA,NA,NA,NA,NA,NA,NA,NA,NA,NA,NA,NA,NA,NA,NA,NA,NA,NA,NA,NA,NA,NA,NA,NA,NA,NA,NA,NA,NA,NA,NA,NA,NA,NA,NA,NA,NA,NA,NA,NA,NA,NA,NA,NA,NA,NA,NA,NA,NA,NA,NA
"Courtland Sutton","WR","DEN",1,NA,NA,NA,NA,NA,NA,NA,0,0,0,0,0,5.8,5.8,"2218461","CBS","13630","CBS","WR",6.9,4.1,48.4,48.4,11.8,0.3,NA,NA,NA,NA,NA,NA,NA,NA,NA,NA,NA,NA,NA,NA,NA,NA,NA,NA,NA,NA,NA,NA,NA,NA,NA,NA,NA,NA,NA,NA,NA,NA,NA,NA,NA,NA,NA,NA,NA,NA,NA,NA,NA,NA,NA,NA,NA,NA,NA,NA,NA,NA,NA,NA,NA,NA,NA,NA
"Ja'Kobi Lane","WR","BAL",1,NA,NA,NA,NA,NA,NA,NA,0.1,1,10,0,0.1,5.8,5.8,"29158151","CBS","17517","CBS","WR",4.2,2.6,38.6,38.6,14.9,0.5,NA,NA,NA,NA,NA,NA,NA,NA,NA,NA,NA,NA,NA,NA,NA,NA,NA,NA,NA,NA,NA,NA,NA,NA,NA,NA,NA,NA,NA,NA,NA,NA,NA,NA,NA,NA,NA,NA,NA,NA,NA,NA,NA,NA,NA,NA,NA,NA,NA,NA,NA,NA,NA,NA,NA,NA,NA,NA
"Jakobi Meyers","WR","JAC",1,NA,NA,NA,NA,NA,NA,NA,0.2,0.9,4.5,0,0,5.8,5.8,"2183835","CBS","14127","CBS","WR",5.6,3.7,43,43,11.6,0.3,NA,NA,NA,NA,NA,NA,NA,NA,NA,NA,NA,NA,NA,NA,NA,NA,NA,NA,NA,NA,NA,NA,NA,NA,NA,NA,NA,NA,NA,NA,NA,NA,NA,NA,NA,NA,NA,NA,NA,NA,NA,NA,NA,NA,NA,NA,NA,NA,NA,NA,NA,NA,NA,NA,NA,NA,NA,NA
"Michael Wilson","WR","ARI",1,NA,NA,NA,NA,NA,NA,NA,0,0.1,0,0,0,5.8,5.8,"2965181","CBS","16206","CBS","WR",5.8,3.6,47.6,47.6,13.2,0.3,NA,NA,NA,NA,NA,NA,NA,NA,NA,NA,NA,NA,NA,NA,NA,NA,NA,NA,NA,NA,NA,NA,NA,NA,NA,NA,NA,NA,NA,NA,NA,NA,NA,NA,NA,NA,NA,NA,NA,NA,NA,NA,NA,NA,NA,NA,NA,NA,NA,NA,NA,NA,NA,NA,NA,NA,NA,NA
"Romeo Doubs","WR","NE",1,NA,NA,NA,NA,NA,NA,NA,0,0,0,0,0,5.8,5.8,"2961886","CBS","15779","CBS","WR",5.4,3.5,42.8,42.8,12.2,0.3,NA,NA,NA,NA,NA,NA,NA,NA,NA,NA,NA,NA,NA,NA,NA,NA,NA,NA,NA,NA,NA,NA,NA,NA,NA,NA,NA,NA,NA,NA,NA,NA,NA,NA,NA,NA,NA,NA,NA,NA,NA,NA,NA,NA,NA,NA,NA,NA,NA,NA,NA,NA,NA,NA,NA,NA,NA,NA
"Carnell Tate","WR","TEN",1,NA,NA,NA,NA,NA,NA,NA,0.1,0.5,5,0,0.1,5.6,5.6,"29124411","CBS","17497","CBS","WR",5.5,3.4,48.5,48.5,14.3,0.3,NA,NA,NA,NA,NA,NA,NA,NA,NA,NA,NA,NA,NA,NA,NA,NA,NA,NA,NA,NA,NA,NA,NA,NA,NA,NA,NA,NA,NA,NA,NA,NA,NA,NA,NA,NA,NA,NA,NA,NA,NA,NA,NA,NA,NA,NA,NA,NA,NA,NA,NA,NA,NA,NA,NA,NA,NA,NA
"Deebo Samuel","WR","SF",1,NA,NA,NA,NA,NA,NA,NA,2.1,6.5,3.1,0.1,0,5.4,5.4,"2139735","CBS","14136","CBS","WR",5.2,3.7,36,36,9.7,0.3,NA,NA,NA,NA,NA,NA,NA,NA,NA,NA,NA,NA,NA,NA,NA,NA,NA,NA,NA,NA,NA,NA,NA,NA,NA,NA,NA,NA,NA,NA,NA,NA,NA,NA,NA,NA,NA,NA,NA,NA,NA,NA,NA,NA,NA,NA,NA,NA,NA,NA,NA,NA,NA,NA,NA,NA,NA,NA
"Marquise Brown","WR","PHI",1,NA,NA,NA,NA,NA,NA,NA,0,0,0,0,0,5.4,5.4,"2804128","CBS","14105","CBS","WR",4.1,2.7,36.8,36.8,13.6,0.4,NA,NA,NA,NA,NA,NA,NA,NA,NA,NA,NA,NA,NA,NA,NA,NA,NA,NA,NA,NA,NA,NA,NA,NA,NA,NA,NA,NA,NA,NA,NA,NA,NA,NA,NA,NA,NA,NA,NA,NA,NA,NA,NA,NA,NA,NA,NA,NA,NA,NA,NA,NA,NA,NA,NA,NA,NA,NA
"Jalen Nailor","WR","LV",1,NA,NA,NA,NA,NA,NA,NA,0.1,0.4,4,0,0,5.4,5.4,"2967232","CBS","15786","CBS","WR",5.2,3,38,38,12.7,0.4,NA,NA,NA,NA,NA,NA,NA,NA,NA,NA,NA,NA,NA,NA,NA,NA,NA,NA,NA,NA,NA,NA,NA,NA,NA,NA,NA,NA,NA,NA,NA,NA,NA,NA,NA,NA,NA,NA,NA,NA,NA,NA,NA,NA,NA,NA,NA,NA,NA,NA,NA,NA,NA,NA,NA,NA,NA,NA
"Jauan Jennings","WR","MIN",1,NA,NA,NA,NA,NA,NA,NA,0,0,0,0,0,5.4,5.4,"2180514","CBS","14860","CBS","WR",5,3.1,35.4,35.4,11.4,0.4,NA,NA,NA,NA,NA,NA,NA,NA,NA,NA,NA,NA,NA,NA,NA,NA,NA,NA,NA,NA,NA,NA,NA,NA,NA,NA,NA,NA,NA,NA,NA,NA,NA,NA,NA,NA,NA,NA,NA,NA,NA,NA,NA,NA,NA,NA,NA,NA,NA,NA,NA,NA,NA,NA,NA,NA,NA,NA
"Matthew Golden","WR","GB",1,NA,NA,NA,NA,NA,NA,NA,0.8,3.2,4,0,0,5.2,5.2,"28874927","CBS","17075","CBS","WR",4.7,3.2,40.3,40.3,12.6,0.2,NA,NA,NA,NA,NA,NA,NA,NA,NA,NA,NA,NA,NA,NA,NA,NA,NA,NA,NA,NA,NA,NA,NA,NA,NA,NA,NA,NA,NA,NA,NA,NA,NA,NA,NA,NA,NA,NA,NA,NA,NA,NA,NA,NA,NA,NA,NA,NA,NA,NA,NA,NA,NA,NA,NA,NA,NA,NA
"Bryce Lance","WR","NO",1,NA,NA,NA,NA,NA,NA,NA,0.1,0.6,6,0,0.1,5,5,"26725855","CBS","17519","CBS","WR",5.1,3.1,43,43,13.9,0.2,NA,NA,NA,NA,NA,NA,NA,NA,NA,NA,NA,NA,NA,NA,NA,NA,NA,NA,NA,NA,NA,NA,NA,NA,NA,NA,NA,NA,NA,NA,NA,NA,NA,NA,NA,NA,NA,NA,NA,NA,NA,NA,NA,NA,NA,NA,NA,NA,NA,NA,NA,NA,NA,NA,NA,NA,NA,NA
"De'Zhaun Stribling","WR","SF",1,NA,NA,NA,NA,NA,NA,NA,0.2,0.7,3.5,0,0.1,5,5,"26696676","CBS","17514","CBS","WR",5.5,3.4,47.4,47.4,13.9,0.2,NA,NA,NA,NA,NA,NA,NA,NA,NA,NA,NA,NA,NA,NA,NA,NA,NA,NA,NA,NA,NA,NA,NA,NA,NA,NA,NA,NA,NA,NA,NA,NA,NA,NA,NA,NA,NA,NA,NA,NA,NA,NA,NA,NA,NA,NA,NA,NA,NA,NA,NA,NA,NA,NA,NA,NA,NA,NA
"Denzel Boston","WR","CLE",1,NA,NA,NA,NA,NA,NA,NA,0.1,0.5,5,0,0.1,5,5,"28875368","CBS","17500","CBS","WR",6.4,3.9,43.4,43.4,11.1,0.2,NA,NA,NA,NA,NA,NA,NA,NA,NA,NA,NA,NA,NA,NA,NA,NA,NA,NA,NA,NA,NA,NA,NA,NA,NA,NA,NA,NA,NA,NA,NA,NA,NA,NA,NA,NA,NA,NA,NA,NA,NA,NA,NA,NA,NA,NA,NA,NA,NA,NA,NA,NA,NA,NA,NA,NA,NA,NA
"Rashid Shaheed","WR","SEA",1,NA,NA,NA,NA,NA,NA,NA,0.8,5,6.3,0,0.1,5,5,"2250863","CBS","16080","CBS","WR",5.5,3.2,46.6,46.6,14.6,0.2,NA,NA,NA,NA,NA,NA,NA,NA,NA,NA,NA,NA,NA,NA,NA,NA,NA,NA,NA,NA,NA,NA,NA,NA,NA,NA,NA,NA,NA,NA,NA,NA,NA,NA,NA,NA,NA,NA,NA,NA,NA,NA,NA,NA,NA,NA,NA,NA,NA,NA,NA,NA,NA,NA,NA,NA,NA,NA
"Jerry Jeudy","WR","CLE",1,NA,NA,NA,NA,NA,NA,NA,0.1,0.2,2,0,0.1,5,5,"2741201","CBS","14833","CBS","WR",7.9,4.1,46.1,46.1,11.2,0.2,NA,NA,NA,NA,NA,NA,NA,NA,NA,NA,NA,NA,NA,NA,NA,NA,NA,NA,NA,NA,NA,NA,NA,NA,NA,NA,NA,NA,NA,NA,NA,NA,NA,NA,NA,NA,NA,NA,NA,NA,NA,NA,NA,NA,NA,NA,NA,NA,NA,NA,NA,NA,NA,NA,NA,NA,NA,NA
"Xavier Worthy","WR","KC",1,NA,NA,NA,NA,NA,NA,NA,1.4,9.3,6.6,0.1,0,4.8,4.8,"26730787","CBS","16620","CBS","WR",4.7,2.8,32.3,32.3,11.5,0.2,NA,NA,NA,NA,NA,NA,NA,NA,NA,NA,NA,NA,NA,NA,NA,NA,NA,NA,NA,NA,NA,NA,NA,NA,NA,NA,NA,NA,NA,NA,NA,NA,NA,NA,NA,NA,NA,NA,NA,NA,NA,NA,NA,NA,NA,NA,NA,NA,NA,NA,NA,NA,NA,NA,NA,NA,NA,NA
"KC Concepcion","WR","CLE",1,NA,NA,NA,NA,NA,NA,NA,0.1,0.5,5,0,0.2,4.8,4.8,"29123718","CBS","17501","CBS","WR",6.9,4.3,47,47,10.9,0.2,NA,NA,NA,NA,NA,NA,NA,NA,NA,NA,NA,NA,NA,NA,NA,NA,NA,NA,NA,NA,NA,NA,NA,NA,NA,NA,NA,NA,NA,NA,NA,NA,NA,NA,NA,NA,NA,NA,NA,NA,NA,NA,NA,NA,NA,NA,NA,NA,NA,NA,NA,NA,NA,NA,NA,NA,NA,NA
"Jalen McMillan","WR","TB",1,NA,NA,NA,NA,NA,NA,NA,0.3,1.9,6.3,0,0,4.8,4.8,"3162347","CBS","16628","CBS","WR",3.8,2.7,38,38,14.1,0.3,NA,NA,NA,NA,NA,NA,NA,NA,NA,NA,NA,NA,NA,NA,NA,NA,NA,NA,NA,NA,NA,NA,NA,NA,NA,NA,NA,NA,NA,NA,NA,NA,NA,NA,NA,NA,NA,NA,NA,NA,NA,NA,NA,NA,NA,NA,NA,NA,NA,NA,NA,NA,NA,NA,NA,NA,NA,NA
"Josh Downs","WR","IND",1,NA,NA,NA,NA,NA,NA,NA,0.1,0.1,1,0,0,4.8,4.8,"3162970","CBS","16187","CBS","WR",5.8,3.8,39.4,39.4,10.4,0.3,NA,NA,NA,NA,NA,NA,NA,NA,NA,NA,NA,NA,NA,NA,NA,NA,NA,NA,NA,NA,NA,NA,NA,NA,NA,NA,NA,NA,NA,NA,NA,NA,NA,NA,NA,NA,NA,NA,NA,NA,NA,NA,NA,NA,NA,NA,NA,NA,NA,NA,NA,NA,NA,NA,NA,NA,NA,NA
"Chimere Dike","WR","TEN",1,NA,NA,NA,NA,NA,NA,NA,0.6,0.9,1.5,0,0.1,4.8,4.8,"3162452","CBS","17171","CBS","WR",4.2,2.8,27.1,27.1,9.7,0.5,NA,NA,NA,NA,NA,NA,NA,NA,NA,NA,NA,NA,NA,NA,NA,NA,NA,NA,NA,NA,NA,NA,NA,NA,NA,NA,NA,NA,NA,NA,NA,NA,NA,NA,NA,NA,NA,NA,NA,NA,NA,NA,NA,NA,NA,NA,NA,NA,NA,NA,NA,NA,NA,NA,NA,NA,NA,NA
"Kayshon Boutte","WR","HOU",1,NA,NA,NA,NA,NA,NA,NA,0,0,0,0,0,4.8,4.8,"3163170","CBS","16193","CBS","WR",3.4,2.1,32.3,32.3,15.4,0.3,NA,NA,NA,NA,NA,NA,NA,NA,NA,NA,NA,NA,NA,NA,NA,NA,NA,NA,NA,NA,NA,NA,NA,NA,NA,NA,NA,NA,NA,NA,NA,NA,NA,NA,NA,NA,NA,NA,NA,NA,NA,NA,NA,NA,NA,NA,NA,NA,NA,NA,NA,NA,NA,NA,NA,NA,NA,NA
"Omar Cooper Jr.","WR","NYJ",1,NA,NA,NA,NA,NA,NA,NA,0.1,0.8,8,0,0.1,4.6,4.6,"28900921","CBS","17502","CBS","WR",4.6,2.8,36.9,36.9,13.2,0.3,NA,NA,NA,NA,NA,NA,NA,NA,NA,NA,NA,NA,NA,NA,NA,NA,NA,NA,NA,NA,NA,NA,NA,NA,NA,NA,NA,NA,NA,NA,NA,NA,NA,NA,NA,NA,NA,NA,NA,NA,NA,NA,NA,NA,NA,NA,NA,NA,NA,NA,NA,NA,NA,NA,NA,NA,NA,NA
"Troy Franklin","WR","DEN",1,NA,NA,NA,NA,NA,NA,NA,0.2,0.6,3,0,0,4.2,4.2,"26693436","CBS","16619","CBS","WR",5.3,3.3,31.3,31.3,9.5,0.2,NA,NA,NA,NA,NA,NA,NA,NA,NA,NA,NA,NA,NA,NA,NA,NA,NA,NA,NA,NA,NA,NA,NA,NA,NA,NA,NA,NA,NA,NA,NA,NA,NA,NA,NA,NA,NA,NA,NA,NA,NA,NA,NA,NA,NA,NA,NA,NA,NA,NA,NA,NA,NA,NA,NA,NA,NA,NA
"Devaughn Vele","WR","NO",1,NA,NA,NA,NA,NA,NA,NA,0,0,0,0,0,4.2,4.2,"3121113","CBS","16788","CBS","WR",4,2.7,35.8,35.8,13.3,0.2,NA,NA,NA,NA,NA,NA,NA,NA,NA,NA,NA,NA,NA,NA,NA,NA,NA,NA,NA,NA,NA,NA,NA,NA,NA,NA,NA,NA,NA,NA,NA,NA,NA,NA,NA,NA,NA,NA,NA,NA,NA,NA,NA,NA,NA,NA,NA,NA,NA,NA,NA,NA,NA,NA,NA,NA,NA,NA
"Keenan Allen","WR","IND",1,NA,NA,NA,NA,NA,NA,NA,0,0,0,0,0,4.2,4.2,"1737096","CBS","11222","CBS","WR",5.5,3.5,37.4,37.4,10.7,0.2,NA,NA,NA,NA,NA,NA,NA,NA,NA,NA,NA,NA,NA,NA,NA,NA,NA,NA,NA,NA,NA,NA,NA,NA,NA,NA,NA,NA,NA,NA,NA,NA,NA,NA,NA,NA,NA,NA,NA,NA,NA,NA,NA,NA,NA,NA,NA,NA,NA,NA,NA,NA,NA,NA,NA,NA,NA,NA
"Cooper Kupp","WR","SEA",1,NA,NA,NA,NA,NA,NA,NA,0,0.2,0,0,0,4.2,4.2,"2006951","CBS","13164","CBS","WR",5.1,3.4,39.3,39.3,11.6,0.2,NA,NA,NA,NA,NA,NA,NA,NA,NA,NA,NA,NA,NA,NA,NA,NA,NA,NA,NA,NA,NA,NA,NA,NA,NA,NA,NA,NA,NA,NA,NA,NA,NA,NA,NA,NA,NA,NA,NA,NA,NA,NA,NA,NA,NA,NA,NA,NA,NA,NA,NA,NA,NA,NA,NA,NA,NA,NA
"Jayden Reed","WR","GB",1,NA,NA,NA,NA,NA,NA,NA,1,7.3,7.3,0,0,4.2,4.2,"2967762","CBS","16184","CBS","WR",4.7,3.6,37.7,37.7,10.5,0.2,NA,NA,NA,NA,NA,NA,NA,NA,NA,NA,NA,NA,NA,NA,NA,NA,NA,NA,NA,NA,NA,NA,NA,NA,NA,NA,NA,NA,NA,NA,NA,NA,NA,NA,NA,NA,NA,NA,NA,NA,NA,NA,NA,NA,NA,NA,NA,NA,NA,NA,NA,NA,NA,NA,NA,NA,NA,NA
"Stefon Diggs","WR","WAS",1,NA,NA,NA,NA,NA,NA,NA,0,0.1,0,0,0,4.2,4.2,"2000038","CBS","12186","CBS","WR",4.3,3.5,38,38,10.9,0.2,NA,NA,NA,NA,NA,NA,NA,NA,NA,NA,NA,NA,NA,NA,NA,NA,NA,NA,NA,NA,NA,NA,NA,NA,NA,NA,NA,NA,NA,NA,NA,NA,NA,NA,NA,NA,NA,NA,NA,NA,NA,NA,NA,NA,NA,NA,NA,NA,NA,NA,NA,NA,NA,NA,NA,NA,NA,NA
"Khalil Shakir","WR","BUF",1,NA,NA,NA,NA,NA,NA,NA,0.1,0.2,2,0,0,4.2,4.2,"2969119","CBS","15761","CBS","WR",4.4,3.5,34.5,34.5,9.9,0.2,NA,NA,NA,NA,NA,NA,NA,NA,NA,NA,NA,NA,NA,NA,NA,NA,NA,NA,NA,NA,NA,NA,NA,NA,NA,NA,NA,NA,NA,NA,NA,NA,NA,NA,NA,NA,NA,NA,NA,NA,NA,NA,NA,NA,NA,NA,NA,NA,NA,NA,NA,NA,NA,NA,NA,NA,NA,NA
"Makai Lemon","WR","PHI",1,NA,NA,NA,NA,NA,NA,NA,0.1,0.9,9,0,0.1,4,4,"29123772","CBS","17499","CBS","WR",4,2.5,38.4,38.4,15.4,0.2,NA,NA,NA,NA,NA,NA,NA,NA,NA,NA,NA,NA,NA,NA,NA,NA,NA,NA,NA,NA,NA,NA,NA,NA,NA,NA,NA,NA,NA,NA,NA,NA,NA,NA,NA,NA,NA,NA,NA,NA,NA,NA,NA,NA,NA,NA,NA,NA,NA,NA,NA,NA,NA,NA,NA,NA,NA,NA
"Adonai Mitchell","WR","NYJ",1,NA,NA,NA,NA,NA,NA,NA,0.1,-0.1,-1,0,0.1,4,4,"26701928","CBS","16626","CBS","WR",4.9,2.4,34,34,14.2,0.2,NA,NA,NA,NA,NA,NA,NA,NA,NA,NA,NA,NA,NA,NA,NA,NA,NA,NA,NA,NA,NA,NA,NA,NA,NA,NA,NA,NA,NA,NA,NA,NA,NA,NA,NA,NA,NA,NA,NA,NA,NA,NA,NA,NA,NA,NA,NA,NA,NA,NA,NA,NA,NA,NA,NA,NA,NA,NA
"Malik Benson","WR","LV",1,NA,NA,NA,NA,NA,NA,NA,0.1,0.6,6,0,0.1,4,4,"29121426","CBS","17706","CBS","WR",5.3,3.3,36.8,36.8,11.2,0.2,NA,NA,NA,NA,NA,NA,NA,NA,NA,NA,NA,NA,NA,NA,NA,NA,NA,NA,NA,NA,NA,NA,NA,NA,NA,NA,NA,NA,NA,NA,NA,NA,NA,NA,NA,NA,NA,NA,NA,NA,NA,NA,NA,NA,NA,NA,NA,NA,NA,NA,NA,NA,NA,NA,NA,NA,NA,NA
"Germie Bernard","WR","PIT",1,NA,NA,NA,NA,NA,NA,NA,0.1,0.7,7,0,0.1,4,4,"28878358","CBS","17503","CBS","WR",4,2.5,30.2,30.2,12.1,0.2,NA,NA,NA,NA,NA,NA,NA,NA,NA,NA,NA,NA,NA,NA,NA,NA,NA,NA,NA,NA,NA,NA,NA,NA,NA,NA,NA,NA,NA,NA,NA,NA,NA,NA,NA,NA,NA,NA,NA,NA,NA,NA,NA,NA,NA,NA,NA,NA,NA,NA,NA,NA,NA,NA,NA,NA,NA,NA
"Jahdae Walker","WR","CHI",1,NA,NA,NA,NA,NA,NA,NA,0.1,0.4,4,0,0,3.8,3.8,"29174299","CBS","17353","CBS","WR",3.2,1.9,27.1,27.1,14.3,0.3,NA,NA,NA,NA,NA,NA,NA,NA,NA,NA,NA,NA,NA,NA,NA,NA,NA,NA,NA,NA,NA,NA,NA,NA,NA,NA,NA,NA,NA,NA,NA,NA,NA,NA,NA,NA,NA,NA,NA,NA,NA,NA,NA,NA,NA,NA,NA,NA,NA,NA,NA,NA,NA,NA,NA,NA,NA,NA
"Isaac TeSlaa","WR","DET",1,NA,NA,NA,NA,NA,NA,NA,0,0,0,0,0,3.8,3.8,"29122587","CBS","17157","CBS","WR",2.7,1.6,24,24,15,0.3,NA,NA,NA,NA,NA,NA,NA,NA,NA,NA,NA,NA,NA,NA,NA,NA,NA,NA,NA,NA,NA,NA,NA,NA,NA,NA,NA,NA,NA,NA,NA,NA,NA,NA,NA,NA,NA,NA,NA,NA,NA,NA,NA,NA,NA,NA,NA,NA,NA,NA,NA,NA,NA,NA,NA,NA,NA,NA
"Malik Washington","WR","MIA",1,NA,NA,NA,NA,NA,NA,NA,0.8,4.4,5.5,0.1,0.1,3.6,3.6,"3124729","CBS","16684","CBS","WR",4.2,3,21.8,21.8,7.3,0.2,NA,NA,NA,NA,NA,NA,NA,NA,NA,NA,NA,NA,NA,NA,NA,NA,NA,NA,NA,NA,NA,NA,NA,NA,NA,NA,NA,NA,NA,NA,NA,NA,NA,NA,NA,NA,NA,NA,NA,NA,NA,NA,NA,NA,NA,NA,NA,NA,NA,NA,NA,NA,NA,NA,NA,NA,NA,NA
"Ashton Dulin","WR","IND",1,NA,NA,NA,NA,NA,NA,NA,0.3,3.6,12,0,0,3.6,3.6,"3116796","CBS","14315","CBS","WR",2.8,1.4,30.5,30.5,21.8,0.1,NA,NA,NA,NA,NA,NA,NA,NA,NA,NA,NA,NA,NA,NA,NA,NA,NA,NA,NA,NA,NA,NA,NA,NA,NA,NA,NA,NA,NA,NA,NA,NA,NA,NA,NA,NA,NA,NA,NA,NA,NA,NA,NA,NA,NA,NA,NA,NA,NA,NA,NA,NA,NA,NA,NA,NA,NA,NA
"Malachi Fields","WR","NYG",1,NA,NA,NA,NA,NA,NA,NA,0.1,0.8,8,0,0.1,3.6,3.6,"26706066","CBS","17511","CBS","WR",3,1.9,26.6,26.6,14,0.3,NA,NA,NA,NA,NA,NA,NA,NA,NA,NA,NA,NA,NA,NA,NA,NA,NA,NA,NA,NA,NA,NA,NA,NA,NA,NA,NA,NA,NA,NA,NA,NA,NA,NA,NA,NA,NA,NA,NA,NA,NA,NA,NA,NA,NA,NA,NA,NA,NA,NA,NA,NA,NA,NA,NA,NA,NA,NA
"Antonio Williams","WR","WAS",1,NA,NA,NA,NA,NA,NA,NA,0.1,0.8,8,0,0.1,3.4,3.4,"28877974","CBS","17512","CBS","WR",3.7,2.3,32.9,32.9,14.3,0.1,NA,NA,NA,NA,NA,NA,NA,NA,NA,NA,NA,NA,NA,NA,NA,NA,NA,NA,NA,NA,NA,NA,NA,NA,NA,NA,NA,NA,NA,NA,NA,NA,NA,NA,NA,NA,NA,NA,NA,NA,NA,NA,NA,NA,NA,NA,NA,NA,NA,NA,NA,NA,NA,NA,NA,NA,NA,NA
"Tyquan Thornton","WR","KC",1,NA,NA,NA,NA,NA,NA,NA,0,0,0,0,0,3.2,3.2,"2965066","CBS","15787","CBS","WR",2.8,1.4,28.8,28.8,20.6,0.2,NA,NA,NA,NA,NA,NA,NA,NA,NA,NA,NA,NA,NA,NA,NA,NA,NA,NA,NA,NA,NA,NA,NA,NA,NA,NA,NA,NA,NA,NA,NA,NA,NA,NA,NA,NA,NA,NA,NA,NA,NA,NA,NA,NA,NA,NA,NA,NA,NA,NA,NA,NA,NA,NA,NA,NA,NA,NA
"Ben Skowronek","WR","PIT",1,NA,NA,NA,NA,NA,NA,NA,0,0,0,0,0,3.2,3.2,"2247046","CBS","15491","CBS","WR",1.8,1.4,22.1,22.1,15.8,0.2,NA,NA,NA,NA,NA,NA,NA,NA,NA,NA,NA,NA,NA,NA,NA,NA,NA,NA,NA,NA,NA,NA,NA,NA,NA,NA,NA,NA,NA,NA,NA,NA,NA,NA,NA,NA,NA,NA,NA,NA,NA,NA,NA,NA,NA,NA,NA,NA,NA,NA,NA,NA,NA,NA,NA,NA,NA,NA
"Demarcus Robinson","WR","SF",1,NA,NA,NA,NA,NA,NA,NA,0.1,0.3,3,0,0,3.2,3.2,"2061095","CBS","12785","CBS","WR",3,1.8,25.5,25.5,14.2,0.2,NA,NA,NA,NA,NA,NA,NA,NA,NA,NA,NA,NA,NA,NA,NA,NA,NA,NA,NA,NA,NA,NA,NA,NA,NA,NA,NA,NA,NA,NA,NA,NA,NA,NA,NA,NA,NA,NA,NA,NA,NA,NA,NA,NA,NA,NA,NA,NA,NA,NA,NA,NA,NA,NA,NA,NA,NA,NA
"Andrei Iosivas","WR","CIN",1,NA,NA,NA,NA,NA,NA,NA,0.1,0.6,6,0,0,3.2,3.2,"2966908","CBS","16207","CBS","WR",3.5,2,28.1,28.1,14.1,0.2,NA,NA,NA,NA,NA,NA,NA,NA,NA,NA,NA,NA,NA,NA,NA,NA,NA,NA,NA,NA,NA,NA,NA,NA,NA,NA,NA,NA,NA,NA,NA,NA,NA,NA,NA,NA,NA,NA,NA,NA,NA,NA,NA,NA,NA,NA,NA,NA,NA,NA,NA,NA,NA,NA,NA,NA,NA,NA
"Jaylin Noel","WR","HOU",1,NA,NA,NA,NA,NA,NA,NA,0.4,0.9,2.3,0,0,3.2,3.2,"26697286","CBS","17080","CBS","WR",3.2,2.2,25,25,11.4,0.2,NA,NA,NA,NA,NA,NA,NA,NA,NA,NA,NA,NA,NA,NA,NA,NA,NA,NA,NA,NA,NA,NA,NA,NA,NA,NA,NA,NA,NA,NA,NA,NA,NA,NA,NA,NA,NA,NA,NA,NA,NA,NA,NA,NA,NA,NA,NA,NA,NA,NA,NA,NA,NA,NA,NA,NA,NA,NA
"Xavier Legette","WR","CAR",1,NA,NA,NA,NA,NA,NA,NA,0.2,0.5,2.5,0,0,3.2,3.2,"3131575","CBS","16639","CBS","WR",3.8,2.1,22.4,22.4,10.7,0.2,NA,NA,NA,NA,NA,NA,NA,NA,NA,NA,NA,NA,NA,NA,NA,NA,NA,NA,NA,NA,NA,NA,NA,NA,NA,NA,NA,NA,NA,NA,NA,NA,NA,NA,NA,NA,NA,NA,NA,NA,NA,NA,NA,NA,NA,NA,NA,NA,NA,NA,NA,NA,NA,NA,NA,NA,NA,NA
"Jalen Tolbert","WR","MIA",1,NA,NA,NA,NA,NA,NA,NA,0,0,0,0,0,3.2,3.2,"2868238","CBS","15788","CBS","WR",3.5,2,21.8,21.8,10.9,0.2,NA,NA,NA,NA,NA,NA,NA,NA,NA,NA,NA,NA,NA,NA,NA,NA,NA,NA,NA,NA,NA,NA,NA,NA,NA,NA,NA,NA,NA,NA,NA,NA,NA,NA,NA,NA,NA,NA,NA,NA,NA,NA,NA,NA,NA,NA,NA,NA,NA,NA,NA,NA,NA,NA,NA,NA,NA,NA
"Xavier Hutchinson","WR","HOU",1,NA,NA,NA,NA,NA,NA,NA,0.1,1.1,11,0,0,3.2,3.2,"3161943","CBS","16201","CBS","WR",4.4,2.4,28.2,28.2,11.8,0.2,NA,NA,NA,NA,NA,NA,NA,NA,NA,NA,NA,NA,NA,NA,NA,NA,NA,NA,NA,NA,NA,NA,NA,NA,NA,NA,NA,NA,NA,NA,NA,NA,NA,NA,NA,NA,NA,NA,NA,NA,NA,NA,NA,NA,NA,NA,NA,NA,NA,NA,NA,NA,NA,NA,NA,NA,NA,NA
"Dontayvion Wicks","WR","PHI",1,NA,NA,NA,NA,NA,NA,NA,0.1,0.3,3,0,0,3.2,3.2,"3122375","CBS","16195","CBS","WR",3.9,2.3,26.9,26.9,11.7,0.2,NA,NA,NA,NA,NA,NA,NA,NA,NA,NA,NA,NA,NA,NA,NA,NA,NA,NA,NA,NA,NA,NA,NA,NA,NA,NA,NA,NA,NA,NA,NA,NA,NA,NA,NA,NA,NA,NA,NA,NA,NA,NA,NA,NA,NA,NA,NA,NA,NA,NA,NA,NA,NA,NA,NA,NA,NA,NA
"Ted Hurst","WR","TB",1,NA,NA,NA,NA,NA,NA,NA,0.1,0.9,9,0,0.1,3,3,"29421796","CBS","17520","CBS","WR",3.4,2.1,29.5,29.5,14.1,0.2,NA,NA,NA,NA,NA,NA,NA,NA,NA,NA,NA,NA,NA,NA,NA,NA,NA,NA,NA,NA,NA,NA,NA,NA,NA,NA,NA,NA,NA,NA,NA,NA,NA,NA,NA,NA,NA,NA,NA,NA,NA,NA,NA,NA,NA,NA,NA,NA,NA,NA,NA,NA,NA,NA,NA,NA,NA,NA
"Caleb Douglas","WR","MIA",1,NA,NA,NA,NA,NA,NA,NA,0.1,0.6,6,0,0.1,3,3,"28900321","CBS","17599","CBS","WR",3.7,2.3,27.1,27.1,11.8,0.2,NA,NA,NA,NA,NA,NA,NA,NA,NA,NA,NA,NA,NA,NA,NA,NA,NA,NA,NA,NA,NA,NA,NA,NA,NA,NA,NA,NA,NA,NA,NA,NA,NA,NA,NA,NA,NA,NA,NA,NA,NA,NA,NA,NA,NA,NA,NA,NA,NA,NA,NA,NA,NA,NA,NA,NA,NA,NA
"Roman Wilson","WR","PIT",1,NA,NA,NA,NA,NA,NA,NA,0,0.2,0,0,0.1,3,3,"3169495","CBS","16629","CBS","WR",2.7,1.6,22,22,13.8,0.2,NA,NA,NA,NA,NA,NA,NA,NA,NA,NA,NA,NA,NA,NA,NA,NA,NA,NA,NA,NA,NA,NA,NA,NA,NA,NA,NA,NA,NA,NA,NA,NA,NA,NA,NA,NA,NA,NA,NA,NA,NA,NA,NA,NA,NA,NA,NA,NA,NA,NA,NA,NA,NA,NA,NA,NA,NA,NA
"Zavion Thomas","WR","CHI",1,NA,NA,NA,NA,NA,NA,NA,0.1,0.8,8,0,0.1,3,3,"28909795","CBS","17521","CBS","WR",3.3,2.1,28.7,28.7,13.7,0.2,NA,NA,NA,NA,NA,NA,NA,NA,NA,NA,NA,NA,NA,NA,NA,NA,NA,NA,NA,NA,NA,NA,NA,NA,NA,NA,NA,NA,NA,NA,NA,NA,NA,NA,NA,NA,NA,NA,NA,NA,NA,NA,NA,NA,NA,NA,NA,NA,NA,NA,NA,NA,NA,NA,NA,NA,NA,NA
"Devontez Walker","WR","BAL",1,NA,NA,NA,NA,NA,NA,NA,0,0.2,0,0,0,2.6,2.6,"26702084","CBS","16621","CBS","WR",1.9,1.3,23.7,23.7,18.2,0.1,NA,NA,NA,NA,NA,NA,NA,NA,NA,NA,NA,NA,NA,NA,NA,NA,NA,NA,NA,NA,NA,NA,NA,NA,NA,NA,NA,NA,NA,NA,NA,NA,NA,NA,NA,NA,NA,NA,NA,NA,NA,NA,NA,NA,NA,NA,NA,NA,NA,NA,NA,NA,NA,NA,NA,NA,NA,NA
"Olamide Zaccheaus","WR","ATL",1,NA,NA,NA,NA,NA,NA,NA,0.2,1,5,0,0,2.6,2.6,"2186266","CBS","14592","CBS","WR",4,2.5,22.3,22.3,8.9,0.1,NA,NA,NA,NA,NA,NA,NA,NA,NA,NA,NA,NA,NA,NA,NA,NA,NA,NA,NA,NA,NA,NA,NA,NA,NA,NA,NA,NA,NA,NA,NA,NA,NA,NA,NA,NA,NA,NA,NA,NA,NA,NA,NA,NA,NA,NA,NA,NA,NA,NA,NA,NA,NA,NA,NA,NA,NA,NA
"Isaiah Bond","WR","CLE",1,NA,NA,NA,NA,NA,NA,NA,0.3,1.9,6.3,0,0,2.6,2.6,"28910521","CBS","17076","CBS","WR",3.3,1.6,27.2,27.2,17,0.1,NA,NA,NA,NA,NA,NA,NA,NA,NA,NA,NA,NA,NA,NA,NA,NA,NA,NA,NA,NA,NA,NA,NA,NA,NA,NA,NA,NA,NA,NA,NA,NA,NA,NA,NA,NA,NA,NA,NA,NA,NA,NA,NA,NA,NA,NA,NA,NA,NA,NA,NA,NA,NA,NA,NA,NA,NA,NA
"Brock Bowers","TE","LV",1,NA,NA,NA,NA,NA,NA,NA,NA,NA,NA,NA,0,10.2,10.2,"26693971","CBS","16641","CBS","TE",8.2,6,65.6,65.6,10.9,0.7,NA,NA,NA,NA,NA,NA,NA,NA,NA,NA,NA,NA,NA,NA,NA,NA,NA,NA,NA,NA,NA,NA,NA,NA,NA,NA,NA,NA,NA,NA,NA,NA,NA,NA,NA,NA,NA,NA,NA,NA,NA,NA,NA,NA,NA,NA,NA,NA,NA,NA,NA,NA,NA,NA,NA,NA,NA,NA
"Dallas Goedert","TE","PHI",1,NA,NA,NA,NA,NA,NA,NA,NA,NA,NA,NA,0,9.4,9.4,"2132551","CBS","13674","CBS","TE",5.5,4.1,48.3,48.3,11.8,0.8,NA,NA,NA,NA,NA,NA,NA,NA,NA,NA,NA,NA,NA,NA,NA,NA,NA,NA,NA,NA,NA,NA,NA,NA,NA,NA,NA,NA,NA,NA,NA,NA,NA,NA,NA,NA,NA,NA,NA,NA,NA,NA,NA,NA,NA,NA,NA,NA,NA,NA,NA,NA,NA,NA,NA,NA,NA,NA
"Trey McBride","TE","ARI",1,NA,NA,NA,NA,NA,NA,NA,NA,NA,NA,NA,0,9,9,"2963385","CBS","15794","CBS","TE",8.4,6.3,64.5,64.5,10.2,0.5,NA,NA,NA,NA,NA,NA,NA,NA,NA,NA,NA,NA,NA,NA,NA,NA,NA,NA,NA,NA,NA,NA,NA,NA,NA,NA,NA,NA,NA,NA,NA,NA,NA,NA,NA,NA,NA,NA,NA,NA,NA,NA,NA,NA,NA,NA,NA,NA,NA,NA,NA,NA,NA,NA,NA,NA,NA,NA
"Colston Loveland","TE","CHI",1,NA,NA,NA,NA,NA,NA,NA,NA,NA,NA,NA,0,9,9,"28874696","CBS","17104","CBS","TE",7.8,5.1,65.1,65.1,12.8,0.5,NA,NA,NA,NA,NA,NA,NA,NA,NA,NA,NA,NA,NA,NA,NA,NA,NA,NA,NA,NA,NA,NA,NA,NA,NA,NA,NA,NA,NA,NA,NA,NA,NA,NA,NA,NA,NA,NA,NA,NA,NA,NA,NA,NA,NA,NA,NA,NA,NA,NA,NA,NA,NA,NA,NA,NA,NA,NA
"George Kittle","TE","SF",1,NA,NA,NA,NA,NA,NA,NA,NA,NA,NA,NA,0,7.4,7.4,"2818265","CBS","13299","CBS","TE",5.6,4.6,52.5,52.5,11.4,0.4,NA,NA,NA,NA,NA,NA,NA,NA,NA,NA,NA,NA,NA,NA,NA,NA,NA,NA,NA,NA,NA,NA,NA,NA,NA,NA,NA,NA,NA,NA,NA,NA,NA,NA,NA,NA,NA,NA,NA,NA,NA,NA,NA,NA,NA,NA,NA,NA,NA,NA,NA,NA,NA,NA,NA,NA,NA,NA
"Harold Fannin Jr.","TE","CLE",1,NA,NA,NA,NA,NA,NA,NA,NA,NA,NA,NA,0.1,7.4,7.4,"28900882","CBS","17103","CBS","TE",8,5.4,48.7,48.7,9,0.5,NA,NA,NA,NA,NA,NA,NA,NA,NA,NA,NA,NA,NA,NA,NA,NA,NA,NA,NA,NA,NA,NA,NA,NA,NA,NA,NA,NA,NA,NA,NA,NA,NA,NA,NA,NA,NA,NA,NA,NA,NA,NA,NA,NA,NA,NA,NA,NA,NA,NA,NA,NA,NA,NA,NA,NA,NA,NA
"Sam LaPorta","TE","DET",1,NA,NA,NA,NA,NA,NA,NA,NA,NA,NA,NA,0,7.4,7.4,"3124197","CBS","16214","CBS","TE",5.3,4.2,54,54,12.9,0.4,NA,NA,NA,NA,NA,NA,NA,NA,NA,NA,NA,NA,NA,NA,NA,NA,NA,NA,NA,NA,NA,NA,NA,NA,NA,NA,NA,NA,NA,NA,NA,NA,NA,NA,NA,NA,NA,NA,NA,NA,NA,NA,NA,NA,NA,NA,NA,NA,NA,NA,NA,NA,NA,NA,NA,NA,NA,NA
"Isaiah Likely","TE","NYG",1,NA,NA,NA,NA,NA,NA,NA,NA,NA,NA,NA,0.1,7.2,7.2,"2961906","CBS","15798","CBS","TE",5.5,4,53.8,53.8,13.5,0.4,NA,NA,NA,NA,NA,NA,NA,NA,NA,NA,NA,NA,NA,NA,NA,NA,NA,NA,NA,NA,NA,NA,NA,NA,NA,NA,NA,NA,NA,NA,NA,NA,NA,NA,NA,NA,NA,NA,NA,NA,NA,NA,NA,NA,NA,NA,NA,NA,NA,NA,NA,NA,NA,NA,NA,NA,NA,NA
"Tucker Kraft","TE","GB",1,NA,NA,NA,NA,NA,NA,NA,NA,NA,NA,NA,0,7,7,"3133332","CBS","16222","CBS","TE",4.6,3.4,42.1,42.1,12.4,0.5,NA,NA,NA,NA,NA,NA,NA,NA,NA,NA,NA,NA,NA,NA,NA,NA,NA,NA,NA,NA,NA,NA,NA,NA,NA,NA,NA,NA,NA,NA,NA,NA,NA,NA,NA,NA,NA,NA,NA,NA,NA,NA,NA,NA,NA,NA,NA,NA,NA,NA,NA,NA,NA,NA,NA,NA,NA,NA
"Kyle Pitts","TE","ATL",1,NA,NA,NA,NA,NA,NA,NA,NA,NA,NA,NA,0,6.8,6.8,"2964514","CBS","15329","CBS","TE",6.1,4.4,50.4,50.4,11.5,0.3,NA,NA,NA,NA,NA,NA,NA,NA,NA,NA,NA,NA,NA,NA,NA,NA,NA,NA,NA,NA,NA,NA,NA,NA,NA,NA,NA,NA,NA,NA,NA,NA,NA,NA,NA,NA,NA,NA,NA,NA,NA,NA,NA,NA,NA,NA,NA,NA,NA,NA,NA,NA,NA,NA,NA,NA,NA,NA
"Tyler Warren","TE","IND",1,NA,NA,NA,NA,NA,NA,NA,NA,NA,NA,NA,0,6.8,6.8,"3168800","CBS","17102","CBS","TE",6.1,4.2,50.1,50.1,11.9,0.3,NA,NA,NA,NA,NA,NA,NA,NA,NA,NA,NA,NA,NA,NA,NA,NA,NA,NA,NA,NA,NA,NA,NA,NA,NA,NA,NA,NA,NA,NA,NA,NA,NA,NA,NA,NA,NA,NA,NA,NA,NA,NA,NA,NA,NA,NA,NA,NA,NA,NA,NA,NA,NA,NA,NA,NA,NA,NA
"Mark Andrews","TE","BAL",1,NA,NA,NA,NA,NA,NA,NA,NA,NA,NA,NA,0,6,6,"2131121","CBS","13671","CBS","TE",4.9,3.5,35,35,10,0.5,NA,NA,NA,NA,NA,NA,NA,NA,NA,NA,NA,NA,NA,NA,NA,NA,NA,NA,NA,NA,NA,NA,NA,NA,NA,NA,NA,NA,NA,NA,NA,NA,NA,NA,NA,NA,NA,NA,NA,NA,NA,NA,NA,NA,NA,NA,NA,NA,NA,NA,NA,NA,NA,NA,NA,NA,NA,NA
"Juwan Johnson","TE","NO",1,NA,NA,NA,NA,NA,NA,NA,NA,NA,NA,NA,0.1,6,6,"2186637","CBS","14861","CBS","TE",5.5,4.2,52.7,52.7,12.6,0.2,NA,NA,NA,NA,NA,NA,NA,NA,NA,NA,NA,NA,NA,NA,NA,NA,NA,NA,NA,NA,NA,NA,NA,NA,NA,NA,NA,NA,NA,NA,NA,NA,NA,NA,NA,NA,NA,NA,NA,NA,NA,NA,NA,NA,NA,NA,NA,NA,NA,NA,NA,NA,NA,NA,NA,NA,NA,NA
"Dalton Kincaid","TE","BUF",1,NA,NA,NA,NA,NA,NA,NA,NA,NA,NA,NA,0,5.8,5.8,"2982991","CBS","16213","CBS","TE",4.2,3.1,41.4,41.4,13.4,0.3,NA,NA,NA,NA,NA,NA,NA,NA,NA,NA,NA,NA,NA,NA,NA,NA,NA,NA,NA,NA,NA,NA,NA,NA,NA,NA,NA,NA,NA,NA,NA,NA,NA,NA,NA,NA,NA,NA,NA,NA,NA,NA,NA,NA,NA,NA,NA,NA,NA,NA,NA,NA,NA,NA,NA,NA,NA,NA
"Travis Kelce","TE","KC",1,NA,NA,NA,NA,NA,NA,NA,NA,NA,NA,NA,0,5.8,5.8,"1725130","CBS","11244","CBS","TE",5.9,4.2,40.8,40.8,9.7,0.3,NA,NA,NA,NA,NA,NA,NA,NA,NA,NA,NA,NA,NA,NA,NA,NA,NA,NA,NA,NA,NA,NA,NA,NA,NA,NA,NA,NA,NA,NA,NA,NA,NA,NA,NA,NA,NA,NA,NA,NA,NA,NA,NA,NA,NA,NA,NA,NA,NA,NA,NA,NA,NA,NA,NA,NA,NA,NA
"Brenton Strange","TE","JAC",1,NA,NA,NA,NA,NA,NA,NA,NA,NA,NA,NA,0,5.8,5.8,"3121696","CBS","16269","CBS","TE",5.2,3.9,43,43,11,0.3,NA,NA,NA,NA,NA,NA,NA,NA,NA,NA,NA,NA,NA,NA,NA,NA,NA,NA,NA,NA,NA,NA,NA,NA,NA,NA,NA,NA,NA,NA,NA,NA,NA,NA,NA,NA,NA,NA,NA,NA,NA,NA,NA,NA,NA,NA,NA,NA,NA,NA,NA,NA,NA,NA,NA,NA,NA,NA
"Darren Waller","TE","CAR",1,NA,NA,NA,NA,NA,NA,NA,NA,NA,NA,NA,0,5.4,5.4,"1850793","CBS","12263","CBS","TE",4,2.8,31.6,31.6,11.3,0.4,NA,NA,NA,NA,NA,NA,NA,NA,NA,NA,NA,NA,NA,NA,NA,NA,NA,NA,NA,NA,NA,NA,NA,NA,NA,NA,NA,NA,NA,NA,NA,NA,NA,NA,NA,NA,NA,NA,NA,NA,NA,NA,NA,NA,NA,NA,NA,NA,NA,NA,NA,NA,NA,NA,NA,NA,NA,NA
"Jake Ferguson","TE","DAL",1,NA,NA,NA,NA,NA,NA,NA,NA,NA,NA,NA,0.1,5.2,5.2,"2867159","CBS","15799","CBS","TE",5.8,4.5,37.5,37.5,8.3,0.4,NA,NA,NA,NA,NA,NA,NA,NA,NA,NA,NA,NA,NA,NA,NA,NA,NA,NA,NA,NA,NA,NA,NA,NA,NA,NA,NA,NA,NA,NA,NA,NA,NA,NA,NA,NA,NA,NA,NA,NA,NA,NA,NA,NA,NA,NA,NA,NA,NA,NA,NA,NA,NA,NA,NA,NA,NA,NA
"Kenyon Sadiq","TE","NYJ",1,NA,NA,NA,NA,NA,NA,NA,NA,NA,NA,NA,0.1,5.2,5.2,"29125433","CBS","17543","CBS","TE",4.4,3,37.4,37.4,12.5,0.4,NA,NA,NA,NA,NA,NA,NA,NA,NA,NA,NA,NA,NA,NA,NA,NA,NA,NA,NA,NA,NA,NA,NA,NA,NA,NA,NA,NA,NA,NA,NA,NA,NA,NA,NA,NA,NA,NA,NA,NA,NA,NA,NA,NA,NA,NA,NA,NA,NA,NA,NA,NA,NA,NA,NA,NA,NA,NA
"Cade Otton","TE","TB",1,NA,NA,NA,NA,NA,NA,NA,NA,NA,NA,NA,0,5.2,5.2,"2815179","CBS","15802","CBS","TE",5.5,3.9,43,43,11,0.2,NA,NA,NA,NA,NA,NA,NA,NA,NA,NA,NA,NA,NA,NA,NA,NA,NA,NA,NA,NA,NA,NA,NA,NA,NA,NA,NA,NA,NA,NA,NA,NA,NA,NA,NA,NA,NA,NA,NA,NA,NA,NA,NA,NA,NA,NA,NA,NA,NA,NA,NA,NA,NA,NA,NA,NA,NA,NA
"David Njoku","TE","LAC",1,NA,NA,NA,NA,NA,NA,NA,NA,NA,NA,NA,0,5,5,"2136474","CBS","13192","CBS","TE",4,2.7,27.2,27.2,10.1,0.5,NA,NA,NA,NA,NA,NA,NA,NA,NA,NA,NA,NA,NA,NA,NA,NA,NA,NA,NA,NA,NA,NA,NA,NA,NA,NA,NA,NA,NA,NA,NA,NA,NA,NA,NA,NA,NA,NA,NA,NA,NA,NA,NA,NA,NA,NA,NA,NA,NA,NA,NA,NA,NA,NA,NA,NA,NA,NA
"Greg Dulcich","TE","MIA",1,NA,NA,NA,NA,NA,NA,NA,NA,NA,NA,NA,0.1,5,5,"2964274","CBS","15797","CBS","TE",5,3.8,42.2,42.2,11.1,0.2,NA,NA,NA,NA,NA,NA,NA,NA,NA,NA,NA,NA,NA,NA,NA,NA,NA,NA,NA,NA,NA,NA,NA,NA,NA,NA,NA,NA,NA,NA,NA,NA,NA,NA,NA,NA,NA,NA,NA,NA,NA,NA,NA,NA,NA,NA,NA,NA,NA,NA,NA,NA,NA,NA,NA,NA,NA,NA
"Mason Taylor","TE","NYJ",1,NA,NA,NA,NA,NA,NA,NA,NA,NA,NA,NA,0,4.8,4.8,"28878064","CBS","17106","CBS","TE",5.3,3.6,32.7,32.7,9.1,0.3,NA,NA,NA,NA,NA,NA,NA,NA,NA,NA,NA,NA,NA,NA,NA,NA,NA,NA,NA,NA,NA,NA,NA,NA,NA,NA,NA,NA,NA,NA,NA,NA,NA,NA,NA,NA,NA,NA,NA,NA,NA,NA,NA,NA,NA,NA,NA,NA,NA,NA,NA,NA,NA,NA,NA,NA,NA,NA
"Terrance Ferguson","TE","LAR",1,NA,NA,NA,NA,NA,NA,NA,NA,NA,NA,NA,0,4.8,4.8,"26701481","CBS","17107","CBS","TE",3.5,1.8,30.1,30.1,16.7,0.3,NA,NA,NA,NA,NA,NA,NA,NA,NA,NA,NA,NA,NA,NA,NA,NA,NA,NA,NA,NA,NA,NA,NA,NA,NA,NA,NA,NA,NA,NA,NA,NA,NA,NA,NA,NA,NA,NA,NA,NA,NA,NA,NA,NA,NA,NA,NA,NA,NA,NA,NA,NA,NA,NA,NA,NA,NA,NA
"Pat Freiermuth","TE","PIT",1,NA,NA,NA,NA,NA,NA,NA,NA,NA,NA,NA,0,4.8,4.8,"2961270","CBS","15331","CBS","TE",3.5,2.7,30.2,30.2,11.2,0.3,NA,NA,NA,NA,NA,NA,NA,NA,NA,NA,NA,NA,NA,NA,NA,NA,NA,NA,NA,NA,NA,NA,NA,NA,NA,NA,NA,NA,NA,NA,NA,NA,NA,NA,NA,NA,NA,NA,NA,NA,NA,NA,NA,NA,NA,NA,NA,NA,NA,NA,NA,NA,NA,NA,NA,NA,NA,NA
"Brock Wright","TE","DET",1,NA,NA,NA,NA,NA,NA,NA,NA,NA,NA,NA,0,4.4,4.4,"2807423","CBS","15626","CBS","TE",4.8,3.2,29,29,9.1,0.4,NA,NA,NA,NA,NA,NA,NA,NA,NA,NA,NA,NA,NA,NA,NA,NA,NA,NA,NA,NA,NA,NA,NA,NA,NA,NA,NA,NA,NA,NA,NA,NA,NA,NA,NA,NA,NA,NA,NA,NA,NA,NA,NA,NA,NA,NA,NA,NA,NA,NA,NA,NA,NA,NA,NA,NA,NA,NA
"AJ Barner","TE","SEA",1,NA,NA,NA,NA,NA,NA,NA,NA,NA,NA,NA,0,4.4,4.4,"3169283","CBS","16723","CBS","TE",3.6,2.8,26.7,26.7,9.5,0.4,NA,NA,NA,NA,NA,NA,NA,NA,NA,NA,NA,NA,NA,NA,NA,NA,NA,NA,NA,NA,NA,NA,NA,NA,NA,NA,NA,NA,NA,NA,NA,NA,NA,NA,NA,NA,NA,NA,NA,NA,NA,NA,NA,NA,NA,NA,NA,NA,NA,NA,NA,NA,NA,NA,NA,NA,NA,NA
"Dalton Schultz","TE","HOU",1,NA,NA,NA,NA,NA,NA,NA,NA,NA,NA,NA,0,4.2,4.2,"2136748","CBS","13772","CBS","TE",5.3,4,37.8,37.8,9.5,0.2,NA,NA,NA,NA,NA,NA,NA,NA,NA,NA,NA,NA,NA,NA,NA,NA,NA,NA,NA,NA,NA,NA,NA,NA,NA,NA,NA,NA,NA,NA,NA,NA,NA,NA,NA,NA,NA,NA,NA,NA,NA,NA,NA,NA,NA,NA,NA,NA,NA,NA,NA,NA,NA,NA,NA,NA,NA,NA
"Oronde Gadsden II","TE","LAC",1,NA,NA,NA,NA,NA,NA,NA,NA,NA,NA,NA,0,4.2,4.2,"26727374","CBS","17099","CBS","TE",3.4,2.5,36.1,36.1,14.4,0.2,NA,NA,NA,NA,NA,NA,NA,NA,NA,NA,NA,NA,NA,NA,NA,NA,NA,NA,NA,NA,NA,NA,NA,NA,NA,NA,NA,NA,NA,NA,NA,NA,NA,NA,NA,NA,NA,NA,NA,NA,NA,NA,NA,NA,NA,NA,NA,NA,NA,NA,NA,NA,NA,NA,NA,NA,NA,NA
"Hunter Henry","TE","NE",1,NA,NA,NA,NA,NA,NA,NA,NA,NA,NA,NA,0,4.2,4.2,"2079848","CBS","12676","CBS","TE",4.8,3.3,37,37,11.2,0.2,NA,NA,NA,NA,NA,NA,NA,NA,NA,NA,NA,NA,NA,NA,NA,NA,NA,NA,NA,NA,NA,NA,NA,NA,NA,NA,NA,NA,NA,NA,NA,NA,NA,NA,NA,NA,NA,NA,NA,NA,NA,NA,NA,NA,NA,NA,NA,NA,NA,NA,NA,NA,NA,NA,NA,NA,NA,NA
"Mike Gesicki","TE","CIN",1,NA,NA,NA,NA,NA,NA,NA,NA,NA,NA,NA,0,4.2,4.2,"2139298","CBS","13672","CBS","TE",4,2.8,32.3,32.3,11.5,0.2,NA,NA,NA,NA,NA,NA,NA,NA,NA,NA,NA,NA,NA,NA,NA,NA,NA,NA,NA,NA,NA,NA,NA,NA,NA,NA,NA,NA,NA,NA,NA,NA,NA,NA,NA,NA,NA,NA,NA,NA,NA,NA,NA,NA,NA,NA,NA,NA,NA,NA,NA,NA,NA,NA,NA,NA,NA,NA
"Theo Johnson","TE","NYG",1,NA,NA,NA,NA,NA,NA,NA,NA,NA,NA,NA,0,3.8,3.8,"3162129","CBS","16649","CBS","TE",3.3,2.1,25.1,25.1,12,0.3,NA,NA,NA,NA,NA,NA,NA,NA,NA,NA,NA,NA,NA,NA,NA,NA,NA,NA,NA,NA,NA,NA,NA,NA,NA,NA,NA,NA,NA,NA,NA,NA,NA,NA,NA,NA,NA,NA,NA,NA,NA,NA,NA,NA,NA,NA,NA,NA,NA,NA,NA,NA,NA,NA,NA,NA,NA,NA
"Colby Parkinson","TE","LAR",1,NA,NA,NA,NA,NA,NA,NA,NA,NA,NA,NA,0,3.8,3.8,"2867522","CBS","14871","CBS","TE",3.5,2.5,24.7,24.7,9.9,0.3,NA,NA,NA,NA,NA,NA,NA,NA,NA,NA,NA,NA,NA,NA,NA,NA,NA,NA,NA,NA,NA,NA,NA,NA,NA,NA,NA,NA,NA,NA,NA,NA,NA,NA,NA,NA,NA,NA,NA,NA,NA,NA,NA,NA,NA,NA,NA,NA,NA,NA,NA,NA,NA,NA,NA,NA,NA,NA
"Charlie Kolar","TE","LAC",1,NA,NA,NA,NA,NA,NA,NA,NA,NA,NA,NA,0,3.8,3.8,"2866273","CBS","15795","CBS","TE",2.3,1.6,22.4,22.4,14,0.3,NA,NA,NA,NA,NA,NA,NA,NA,NA,NA,NA,NA,NA,NA,NA,NA,NA,NA,NA,NA,NA,NA,NA,NA,NA,NA,NA,NA,NA,NA,NA,NA,NA,NA,NA,NA,NA,NA,NA,NA,NA,NA,NA,NA,NA,NA,NA,NA,NA,NA,NA,NA,NA,NA,NA,NA,NA,NA
"Chigoziem Okonkwo","TE","WAS",1,NA,NA,NA,NA,NA,NA,NA,NA,NA,NA,NA,0,3.6,3.6,"2965208","CBS","15889","CBS","TE",3.8,2.7,31.9,31.9,11.8,0.1,NA,NA,NA,NA,NA,NA,NA,NA,NA,NA,NA,NA,NA,NA,NA,NA,NA,NA,NA,NA,NA,NA,NA,NA,NA,NA,NA,NA,NA,NA,NA,NA,NA,NA,NA,NA,NA,NA,NA,NA,NA,NA,NA,NA,NA,NA,NA,NA,NA,NA,NA,NA,NA,NA,NA,NA,NA,NA
"T.J. Hockenson","TE","MIN",1,NA,NA,NA,NA,NA,NA,NA,NA,NA,NA,NA,0,3.2,3.2,"2251097","CBS","14138","CBS","TE",4.4,3.3,29,29,8.8,0.2,NA,NA,NA,NA,NA,NA,NA,NA,NA,NA,NA,NA,NA,NA,NA,NA,NA,NA,NA,NA,NA,NA,NA,NA,NA,NA,NA,NA,NA,NA,NA,NA,NA,NA,NA,NA,NA,NA,NA,NA,NA,NA,NA,NA,NA,NA,NA,NA,NA,NA,NA,NA,NA,NA,NA,NA,NA,NA
"Gunnar Helm","TE","TEN",1,NA,NA,NA,NA,NA,NA,NA,NA,NA,NA,NA,0,3.2,3.2,"26696189","CBS","17105","CBS","TE",3.3,2.7,23.8,23.8,8.8,0.2,NA,NA,NA,NA,NA,NA,NA,NA,NA,NA,NA,NA,NA,NA,NA,NA,NA,NA,NA,NA,NA,NA,NA,NA,NA,NA,NA,NA,NA,NA,NA,NA,NA,NA,NA,NA,NA,NA,NA,NA,NA,NA,NA,NA,NA,NA,NA,NA,NA,NA,NA,NA,NA,NA,NA,NA,NA,NA
"Daniel Bellinger","TE","TEN",1,NA,NA,NA,NA,NA,NA,NA,NA,NA,NA,NA,0,3.2,3.2,"2963615","CBS","15873","CBS","TE",2.1,1.6,20.9,20.9,13.1,0.2,NA,NA,NA,NA,NA,NA,NA,NA,NA,NA,NA,NA,NA,NA,NA,NA,NA,NA,NA,NA,NA,NA,NA,NA,NA,NA,NA,NA,NA,NA,NA,NA,NA,NA,NA,NA,NA,NA,NA,NA,NA,NA,NA,NA,NA,NA,NA,NA,NA,NA,NA,NA,NA,NA,NA,NA,NA,NA
"Tyler Higbee","TE","LAR",1,NA,NA,NA,NA,NA,NA,NA,NA,NA,NA,NA,0,3.2,3.2,"1853103","CBS","12678","CBS","TE",3.6,2.5,28.3,28.3,11.3,0.2,NA,NA,NA,NA,NA,NA,NA,NA,NA,NA,NA,NA,NA,NA,NA,NA,NA,NA,NA,NA,NA,NA,NA,NA,NA,NA,NA,NA,NA,NA,NA,NA,NA,NA,NA,NA,NA,NA,NA,NA,NA,NA,NA,NA,NA,NA,NA,NA,NA,NA,NA,NA,NA,NA,NA,NA,NA,NA
"Eli Stowers","TE","PHI",1,NA,NA,NA,NA,NA,NA,NA,NA,NA,NA,NA,0.1,3,3,"26696120","CBS","17544","CBS","TE",2.7,1.8,21.7,21.7,12.1,0.2,NA,NA,NA,NA,NA,NA,NA,NA,NA,NA,NA,NA,NA,NA,NA,NA,NA,NA,NA,NA,NA,NA,NA,NA,NA,NA,NA,NA,NA,NA,NA,NA,NA,NA,NA,NA,NA,NA,NA,NA,NA,NA,NA,NA,NA,NA,NA,NA,NA,NA,NA,NA,NA,NA,NA,NA,NA,NA
"Will Kacmarek","TE","MIA",1,NA,NA,NA,NA,NA,NA,NA,NA,NA,NA,NA,0.1,3,3,"26717403","CBS","17605","CBS","TE",3.3,2.3,20.5,20.5,8.9,0.2,NA,NA,NA,NA,NA,NA,NA,NA,NA,NA,NA,NA,NA,NA,NA,NA,NA,NA,NA,NA,NA,NA,NA,NA,NA,NA,NA,NA,NA,NA,NA,NA,NA,NA,NA,NA,NA,NA,NA,NA,NA,NA,NA,NA,NA,NA,NA,NA,NA,NA,NA,NA,NA,NA,NA,NA,NA,NA
"Dawson Knox","TE","BUF",1,NA,NA,NA,NA,NA,NA,NA,NA,NA,NA,NA,0,2.6,2.6,"2186345","CBS","14143","CBS","TE",2.5,1.8,21.3,21.3,11.8,0.1,NA,NA,NA,NA,NA,NA,NA,NA,NA,NA,NA,NA,NA,NA,NA,NA,NA,NA,NA,NA,NA,NA,NA,NA,NA,NA,NA,NA,NA,NA,NA,NA,NA,NA,NA,NA,NA,NA,NA,NA,NA,NA,NA,NA,NA,NA,NA,NA,NA,NA,NA,NA,NA,NA,NA,NA,NA,NA
"Michael Mayer","TE","LV",1,NA,NA,NA,NA,NA,NA,NA,NA,NA,NA,NA,0,2.6,2.6,"3171673","CBS","16212","CBS","TE",4,2.8,23.1,23.1,8.3,0.1,NA,NA,NA,NA,NA,NA,NA,NA,NA,NA,NA,NA,NA,NA,NA,NA,NA,NA,NA,NA,NA,NA,NA,NA,NA,NA,NA,NA,NA,NA,NA,NA,NA,NA,NA,NA,NA,NA,NA,NA,NA,NA,NA,NA,NA,NA,NA,NA,NA,NA,NA,NA,NA,NA,NA,NA,NA,NA
"Evan Engram","TE","DEN",1,NA,NA,NA,NA,NA,NA,NA,NA,NA,NA,NA,0,2.6,2.6,"2079887","CBS","13189","CBS","TE",4.9,3.3,25.4,25.4,7.7,0.1,NA,NA,NA,NA,NA,NA,NA,NA,NA,NA,NA,NA,NA,NA,NA,NA,NA,NA,NA,NA,NA,NA,NA,NA,NA,NA,NA,NA,NA,NA,NA,NA,NA,NA,NA,NA,NA,NA,NA,NA,NA,NA,NA,NA,NA,NA,NA,NA,NA,NA,NA,NA,NA,NA,NA,NA,NA,NA
"Darnell Washington","TE","PIT",1,NA,NA,NA,NA,NA,NA,NA,NA,NA,NA,NA,0.1,2.4,2.4,"3163963","CBS","16216","CBS","TE",2.8,2,22.6,22.6,11.3,0.1,NA,NA,NA,NA,NA,NA,NA,NA,NA,NA,NA,NA,NA,NA,NA,NA,NA,NA,NA,NA,NA,NA,NA,NA,NA,NA,NA,NA,NA,NA,NA,NA,NA,NA,NA,NA,NA,NA,NA,NA,NA,NA,NA,NA,NA,NA,NA,NA,NA,NA,NA,NA,NA,NA,NA,NA,NA,NA
"Davis Allen","TE","LAR",1,NA,NA,NA,NA,NA,NA,NA,NA,NA,NA,NA,0,2.2,2.2,"3123267","CBS","16219","CBS","TE",2.3,1.6,13.7,13.7,8.6,0.2,NA,NA,NA,NA,NA,NA,NA,NA,NA,NA,NA,NA,NA,NA,NA,NA,NA,NA,NA,NA,NA,NA,NA,NA,NA,NA,NA,NA,NA,NA,NA,NA,NA,NA,NA,NA,NA,NA,NA,NA,NA,NA,NA,NA,NA,NA,NA,NA,NA,NA,NA,NA,NA,NA,NA,NA,NA,NA
"Josh Oliver","TE","MIN",1,NA,NA,NA,NA,NA,NA,NA,NA,NA,NA,NA,0,2.2,2.2,"2184618","CBS","14209","CBS","TE",1.7,1.3,13.7,13.7,10.5,0.2,NA,NA,NA,NA,NA,NA,NA,NA,NA,NA,NA,NA,NA,NA,NA,NA,NA,NA,NA,NA,NA,NA,NA,NA,NA,NA,NA,NA,NA,NA,NA,NA,NA,NA,NA,NA,NA,NA,NA,NA,NA,NA,NA,NA,NA,NA,NA,NA,NA,NA,NA,NA,NA,NA,NA,NA,NA,NA
"Noah Fant","TE","NO",1,NA,NA,NA,NA,NA,NA,NA,NA,NA,NA,NA,0.2,2.2,2.2,"2251095","CBS","14137","CBS","TE",3.2,2.6,25.6,25.6,9.9,0.1,NA,NA,NA,NA,NA,NA,NA,NA,NA,NA,NA,NA,NA,NA,NA,NA,NA,NA,NA,NA,NA,NA,NA,NA,NA,NA,NA,NA,NA,NA,NA,NA,NA,NA,NA,NA,NA,NA,NA,NA,NA,NA,NA,NA,NA,NA,NA,NA,NA,NA,NA,NA,NA,NA,NA,NA,NA,NA
"Ja'Tavion Sanders","TE","CAR",1,NA,NA,NA,NA,NA,NA,NA,NA,NA,NA,NA,0,1.6,1.6,"26731381","CBS","16643","CBS","TE",1.9,1.6,12.9,12.9,8.1,0.1,NA,NA,NA,NA,NA,NA,NA,NA,NA,NA,NA,NA,NA,NA,NA,NA,NA,NA,NA,NA,NA,NA,NA,NA,NA,NA,NA,NA,NA,NA,NA,NA,NA,NA,NA,NA,NA,NA,NA,NA,NA,NA,NA,NA,NA,NA,NA,NA,NA,NA,NA,NA,NA,NA,NA,NA,NA,NA
"Jeremy Ruckert","TE","NYJ",1,NA,NA,NA,NA,NA,NA,NA,NA,NA,NA,NA,0,1.6,1.6,"2965446","CBS","15796","CBS","TE",2.3,1.7,13.9,13.9,8.2,0.1,NA,NA,NA,NA,NA,NA,NA,NA,NA,NA,NA,NA,NA,NA,NA,NA,NA,NA,NA,NA,NA,NA,NA,NA,NA,NA,NA,NA,NA,NA,NA,NA,NA,NA,NA,NA,NA,NA,NA,NA,NA,NA,NA,NA,NA,NA,NA,NA,NA,NA,NA,NA,NA,NA,NA,NA,NA,NA
"John Bates","TE","WAS",1,NA,NA,NA,NA,NA,NA,NA,NA,NA,NA,NA,0,1.6,1.6,"2257291","CBS","15344","CBS","TE",1.6,1.1,10.3,10.3,9.4,0.1,NA,NA,NA,NA,NA,NA,NA,NA,NA,NA,NA,NA,NA,NA,NA,NA,NA,NA,NA,NA,NA,NA,NA,NA,NA,NA,NA,NA,NA,NA,NA,NA,NA,NA,NA,NA,NA,NA,NA,NA,NA,NA,NA,NA,NA,NA,NA,NA,NA,NA,NA,NA,NA,NA,NA,NA,NA,NA
"Nate Boerkircher","TE","JAC",1,NA,NA,NA,NA,NA,NA,NA,NA,NA,NA,NA,0,1.6,1.6,"3162867","CBS","17591","CBS","TE",1.7,1.2,12.7,12.7,10.6,0.1,NA,NA,NA,NA,NA,NA,NA,NA,NA,NA,NA,NA,NA,NA,NA,NA,NA,NA,NA,NA,NA,NA,NA,NA,NA,NA,NA,NA,NA,NA,NA,NA,NA,NA,NA,NA,NA,NA,NA,NA,NA,NA,NA,NA,NA,NA,NA,NA,NA,NA,NA,NA,NA,NA,NA,NA,NA,NA
"Erick All","TE","CIN",1,NA,NA,NA,NA,NA,NA,NA,NA,NA,NA,NA,0,1.6,1.6,"3121555","CBS","16645","CBS","TE",2.5,2,18,18,9,0.1,NA,NA,NA,NA,NA,NA,NA,NA,NA,NA,NA,NA,NA,NA,NA,NA,NA,NA,NA,NA,NA,NA,NA,NA,NA,NA,NA,NA,NA,NA,NA,NA,NA,NA,NA,NA,NA,NA,NA,NA,NA,NA,NA,NA,NA,NA,NA,NA,NA,NA,NA,NA,NA,NA,NA,NA,NA,NA
"Cole Kmet","TE","CHI",1,NA,NA,NA,NA,NA,NA,NA,NA,NA,NA,NA,0,1.6,1.6,"2868619","CBS","14867","CBS","TE",2,1.3,14.4,14.4,11.1,0.1,NA,NA,NA,NA,NA,NA,NA,NA,NA,NA,NA,NA,NA,NA,NA,NA,NA,NA,NA,NA,NA,NA,NA,NA,NA,NA,NA,NA,NA,NA,NA,NA,NA,NA,NA,NA,NA,NA,NA,NA,NA,NA,NA,NA,NA,NA,NA,NA,NA,NA,NA,NA,NA,NA,NA,NA,NA,NA
"Austin Hooper","TE","ATL",1,NA,NA,NA,NA,NA,NA,NA,NA,NA,NA,NA,0,1.6,1.6,"2067004","CBS","12677","CBS","TE",1.8,1.3,15.3,15.3,11.8,0.1,NA,NA,NA,NA,NA,NA,NA,NA,NA,NA,NA,NA,NA,NA,NA,NA,NA,NA,NA,NA,NA,NA,NA,NA,NA,NA,NA,NA,NA,NA,NA,NA,NA,NA,NA,NA,NA,NA,NA,NA,NA,NA,NA,NA,NA,NA,NA,NA,NA,NA,NA,NA,NA,NA,NA,NA,NA,NA
"Charlie Woerner","TE","ATL",1,NA,NA,NA,NA,NA,NA,NA,NA,NA,NA,NA,0,1.6,1.6,"2248629","CBS","14984","CBS","TE",1.7,1.4,12,12,8.6,0.1,NA,NA,NA,NA,NA,NA,NA,NA,NA,NA,NA,NA,NA,NA,NA,NA,NA,NA,NA,NA,NA,NA,NA,NA,NA,NA,NA,NA,NA,NA,NA,NA,NA,NA,NA,NA,NA,NA,NA,NA,NA,NA,NA,NA,NA,NA,NA,NA,NA,NA,NA,NA,NA,NA,NA,NA,NA,NA
"Eli Raridon","TE","NE",1,NA,NA,NA,NA,NA,NA,NA,NA,NA,NA,NA,0,1.6,1.6,"28924611","CBS","17607","CBS","TE",1.8,1.3,12.7,12.7,9.8,0.1,NA,NA,NA,NA,NA,NA,NA,NA,NA,NA,NA,NA,NA,NA,NA,NA,NA,NA,NA,NA,NA,NA,NA,NA,NA,NA,NA,NA,NA,NA,NA,NA,NA,NA,NA,NA,NA,NA,NA,NA,NA,NA,NA,NA,NA,NA,NA,NA,NA,NA,NA,NA,NA,NA,NA,NA,NA,NA
"Adam Trautman","TE","DEN",1,NA,NA,NA,NA,NA,NA,NA,NA,NA,NA,NA,0,1.6,1.6,"2182228","CBS","14870","CBS","TE",2.1,1.6,14.9,14.9,9.3,0.1,NA,NA,NA,NA,NA,NA,NA,NA,NA,NA,NA,NA,NA,NA,NA,NA,NA,NA,NA,NA,NA,NA,NA,NA,NA,NA,NA,NA,NA,NA,NA,NA,NA,NA,NA,NA,NA,NA,NA,NA,NA,NA,NA,NA,NA,NA,NA,NA,NA,NA,NA,NA,NA,NA,NA,NA,NA,NA
"Tommy Tremble","TE","CAR",1,NA,NA,NA,NA,NA,NA,NA,NA,NA,NA,NA,0,1.6,1.6,"2969027","CBS","15332","CBS","TE",1.9,1.4,13.6,13.6,9.7,0.1,NA,NA,NA,NA,NA,NA,NA,NA,NA,NA,NA,NA,NA,NA,NA,NA,NA,NA,NA,NA,NA,NA,NA,NA,NA,NA,NA,NA,NA,NA,NA,NA,NA,NA,NA,NA,NA,NA,NA,NA,NA,NA,NA,NA,NA,NA,NA,NA,NA,NA,NA,NA,NA,NA,NA,NA,NA,NA
"Elijah Higgins","TE","ARI",1,NA,NA,NA,NA,NA,NA,NA,NA,NA,NA,NA,0,1.6,1.6,"3122914","CBS","16333","CBS","TE",1.5,1.2,12.5,12.5,10.4,0.1,NA,NA,NA,NA,NA,NA,NA,NA,NA,NA,NA,NA,NA,NA,NA,NA,NA,NA,NA,NA,NA,NA,NA,NA,NA,NA,NA,NA,NA,NA,NA,NA,NA,NA,NA,NA,NA,NA,NA,NA,NA,NA,NA,NA,NA,NA,NA,NA,NA,NA,NA,NA,NA,NA,NA,NA,NA,NA
"Marlin Klein","TE","HOU",1,NA,NA,NA,NA,NA,NA,NA,NA,NA,NA,NA,0.1,1.4,1.4,"28927889","CBS","17593","CBS","TE",2.9,1.9,19.3,19.3,10.2,0.1,NA,NA,NA,NA,NA,NA,NA,NA,NA,NA,NA,NA,NA,NA,NA,NA,NA,NA,NA,NA,NA,NA,NA,NA,NA,NA,NA,NA,NA,NA,NA,NA,NA,NA,NA,NA,NA,NA,NA,NA,NA,NA,NA,NA,NA,NA,NA,NA,NA,NA,NA,NA,NA,NA,NA,NA,NA,NA
"Connor Heyward","FB","LV",1,NA,NA,NA,NA,NA,NA,NA,NA,NA,NA,NA,0,1.2,1.2,"2867599","CBS","15800","CBS","TE",1.3,1,6.8,6.8,6.8,0.1,NA,NA,NA,NA,NA,NA,NA,NA,NA,NA,NA,NA,NA,NA,NA,NA,NA,NA,NA,NA,NA,NA,NA,NA,NA,NA,NA,NA,NA,NA,NA,NA,NA,NA,NA,NA,NA,NA,NA,NA,NA,NA,NA,NA,NA,NA,NA,NA,NA,NA,NA,NA,NA,NA,NA,NA,NA,NA
"Luke Schoonmaker","TE","DAL",1,NA,NA,NA,NA,NA,NA,NA,NA,NA,NA,NA,0,0.6,0.6,"2968473","CBS","16221","CBS","TE",1.3,0.9,7.9,7.9,8.8,0.1,NA,NA,NA,NA,NA,NA,NA,NA,NA,NA,NA,NA,NA,NA,NA,NA,NA,NA,NA,NA,NA,NA,NA,NA,NA,NA,NA,NA,NA,NA,NA,NA,NA,NA,NA,NA,NA,NA,NA,NA,NA,NA,NA,NA,NA,NA,NA,NA,NA,NA,NA,NA,NA,NA,NA,NA,NA,NA
"Bauer Sharp","TE","TB",1,NA,NA,NA,NA,NA,NA,NA,NA,NA,NA,NA,0,0.6,0.6,"26730919","CBS","17660","CBS","TE",0.8,0.6,6.9,6.9,11.5,0.1,NA,NA,NA,NA,NA,NA,NA,NA,NA,NA,NA,NA,NA,NA,NA,NA,NA,NA,NA,NA,NA,NA,NA,NA,NA,NA,NA,NA,NA,NA,NA,NA,NA,NA,NA,NA,NA,NA,NA,NA,NA,NA,NA,NA,NA,NA,NA,NA,NA,NA,NA,NA,NA,NA,NA,NA,NA,NA
"Josh Cuevas","TE","BAL",1,NA,NA,NA,NA,NA,NA,NA,NA,NA,NA,NA,0,0.6,0.6,"26706410","CBS","17651","CBS","TE",0.6,0.5,5.7,5.7,11.4,0.1,NA,NA,NA,NA,NA,NA,NA,NA,NA,NA,NA,NA,NA,NA,NA,NA,NA,NA,NA,NA,NA,NA,NA,NA,NA,NA,NA,NA,NA,NA,NA,NA,NA,NA,NA,NA,NA,NA,NA,NA,NA,NA,NA,NA,NA,NA,NA,NA,NA,NA,NA,NA,NA,NA,NA,NA,NA,NA
"Ben Sinnott","TE","WAS",1,NA,NA,NA,NA,NA,NA,NA,NA,NA,NA,NA,0,0.6,0.6,"3168647","CBS","16644","CBS","TE",0.7,0.6,6.2,6.2,10.3,0.1,NA,NA,NA,NA,NA,NA,NA,NA,NA,NA,NA,NA,NA,NA,NA,NA,NA,NA,NA,NA,NA,NA,NA,NA,NA,NA,NA,NA,NA,NA,NA,NA,NA,NA,NA,NA,NA,NA,NA,NA,NA,NA,NA,NA,NA,NA,NA,NA,NA,NA,NA,NA,NA,NA,NA,NA,NA,NA
"Mitchell Evans","TE","CAR",1,NA,NA,NA,NA,NA,NA,NA,NA,NA,NA,NA,0,0.6,0.6,"26693662","CBS","17109","CBS","TE",1.4,1,9.6,9.6,9.6,0.1,NA,NA,NA,NA,NA,NA,NA,NA,NA,NA,NA,NA,NA,NA,NA,NA,NA,NA,NA,NA,NA,NA,NA,NA,NA,NA,NA,NA,NA,NA,NA,NA,NA,NA,NA,NA,NA,NA,NA,NA,NA,NA,NA,NA,NA,NA,NA,NA,NA,NA,NA,NA,NA,NA,NA,NA,NA,NA
"Jackson Hawes","TE","BUF",1,NA,NA,NA,NA,NA,NA,NA,NA,NA,NA,NA,0,0.6,0.6,"3135324","CBS","17213","CBS","TE",0.6,0.5,6.4,6.4,12.8,0.1,NA,NA,NA,NA,NA,NA,NA,NA,NA,NA,NA,NA,NA,NA,NA,NA,NA,NA,NA,NA,NA,NA,NA,NA,NA,NA,NA,NA,NA,NA,NA,NA,NA,NA,NA,NA,NA,NA,NA,NA,NA,NA,NA,NA,NA,NA,NA,NA,NA,NA,NA,NA,NA,NA,NA,NA,NA,NA
"Max Klare","TE","LAR",1,NA,NA,NA,NA,NA,NA,NA,NA,NA,NA,NA,0,0.6,0.6,"28921209","CBS","17547","CBS","TE",0.9,0.7,7.2,7.2,10.3,0.1,NA,NA,NA,NA,NA,NA,NA,NA,NA,NA,NA,NA,NA,NA,NA,NA,NA,NA,NA,NA,NA,NA,NA,NA,NA,NA,NA,NA,NA,NA,NA,NA,NA,NA,NA,NA,NA,NA,NA,NA,NA,NA,NA,NA,NA,NA,NA,NA,NA,NA,NA,NA,NA,NA,NA,NA,NA,NA
"Tanner Koziol","TE","JAC",1,NA,NA,NA,NA,NA,NA,NA,NA,NA,NA,NA,0,0.6,0.6,"28874303","CBS","17644","CBS","TE",0.7,0.6,5.8,5.8,9.7,0.1,NA,NA,NA,NA,NA,NA,NA,NA,NA,NA,NA,NA,NA,NA,NA,NA,NA,NA,NA,NA,NA,NA,NA,NA,NA,NA,NA,NA,NA,NA,NA,NA,NA,NA,NA,NA,NA,NA,NA,NA,NA,NA,NA,NA,NA,NA,NA,NA,NA,NA,NA,NA,NA,NA,NA,NA,NA,NA
"Brevyn Spann-Ford","TE","DAL",1,NA,NA,NA,NA,NA,NA,NA,NA,NA,NA,NA,0,0.6,0.6,"2961760","CBS","16647","CBS","TE",0.9,0.6,6.2,6.2,10.3,0.1,NA,NA,NA,NA,NA,NA,NA,NA,NA,NA,NA,NA,NA,NA,NA,NA,NA,NA,NA,NA,NA,NA,NA,NA,NA,NA,NA,NA,NA,NA,NA,NA,NA,NA,NA,NA,NA,NA,NA,NA,NA,NA,NA,NA,NA,NA,NA,NA,NA,NA,NA,NA,NA,NA,NA,NA,NA,NA
"Jack Endries","TE","CIN",1,NA,NA,NA,NA,NA,NA,NA,NA,NA,NA,NA,0,0.6,0.6,"28916552","CBS","17545","CBS","TE",0.9,0.7,7.3,7.3,10.4,0.1,NA,NA,NA,NA,NA,NA,NA,NA,NA,NA,NA,NA,NA,NA,NA,NA,NA,NA,NA,NA,NA,NA,NA,NA,NA,NA,NA,NA,NA,NA,NA,NA,NA,NA,NA,NA,NA,NA,NA,NA,NA,NA,NA,NA,NA,NA,NA,NA,NA,NA,NA,NA,NA,NA,NA,NA,NA,NA
"Payne Durham","TE","TB",1,NA,NA,NA,NA,NA,NA,NA,NA,NA,NA,NA,0,0.6,0.6,"2968469","CBS","16218","CBS","TE",0.9,0.5,5.5,5.5,11,0.1,NA,NA,NA,NA,NA,NA,NA,NA,NA,NA,NA,NA,NA,NA,NA,NA,NA,NA,NA,NA,NA,NA,NA,NA,NA,NA,NA,NA,NA,NA,NA,NA,NA,NA,NA,NA,NA,NA,NA,NA,NA,NA,NA,NA,NA,NA,NA,NA,NA,NA,NA,NA,NA,NA,NA,NA,NA,NA
"Jake Tonges","TE","SF",1,NA,NA,NA,NA,NA,NA,NA,NA,NA,NA,NA,0,0.6,0.6,"2870660","CBS","16036","CBS","TE",0.9,0.7,5.7,5.7,8.1,0.1,NA,NA,NA,NA,NA,NA,NA,NA,NA,NA,NA,NA,NA,NA,NA,NA,NA,NA,NA,NA,NA,NA,NA,NA,NA,NA,NA,NA,NA,NA,NA,NA,NA,NA,NA,NA,NA,NA,NA,NA,NA,NA,NA,NA,NA,NA,NA,NA,NA,NA,NA,NA,NA,NA,NA,NA,NA,NA
"Jelani Woods","TE","NYJ",1,NA,NA,NA,NA,NA,NA,NA,NA,NA,NA,NA,0,0.6,0.6,"2787078","CBS","15840","CBS","TE",0.5,0.4,3.4,3.4,8.5,0.1,NA,NA,NA,NA,NA,NA,NA,NA,NA,NA,NA,NA,NA,NA,NA,NA,NA,NA,NA,NA,NA,NA,NA,NA,NA,NA,NA,NA,NA,NA,NA,NA,NA,NA,NA,NA,NA,NA,NA,NA,NA,NA,NA,NA,NA,NA,NA,NA,NA,NA,NA,NA,NA,NA,NA,NA,NA,NA
"Drew Sample","TE","CIN",1,NA,NA,NA,NA,NA,NA,NA,NA,NA,NA,NA,0,0.6,0.6,"2139646","CBS","14146","CBS","TE",0.9,0.7,6,6,8.6,0.1,NA,NA,NA,NA,NA,NA,NA,NA,NA,NA,NA,NA,NA,NA,NA,NA,NA,NA,NA,NA,NA,NA,NA,NA,NA,NA,NA,NA,NA,NA,NA,NA,NA,NA,NA,NA,NA,NA,NA,NA,NA,NA,NA,NA,NA,NA,NA,NA,NA,NA,NA,NA,NA,NA,NA,NA,NA,NA
"Hunter Long","TE","ARI",1,NA,NA,NA,NA,NA,NA,NA,NA,NA,NA,NA,0,0.6,0.6,"2867428","CBS","15334","CBS","TE",0.9,0.6,5,5,8.3,0.1,NA,NA,NA,NA,NA,NA,NA,NA,NA,NA,NA,NA,NA,NA,NA,NA,NA,NA,NA,NA,NA,NA,NA,NA,NA,NA,NA,NA,NA,NA,NA,NA,NA,NA,NA,NA,NA,NA,NA,NA,NA,NA,NA,NA,NA,NA,NA,NA,NA,NA,NA,NA,NA,NA,NA,NA,NA,NA
"Andrew Ogletree","TE","IND",1,NA,NA,NA,NA,NA,NA,NA,NA,NA,NA,NA,0,0.6,0.6,"26725942","CBS","15916","CBS","TE",0.7,0.5,4.2,4.2,8.4,0.1,NA,NA,NA,NA,NA,NA,NA,NA,NA,NA,NA,NA,NA,NA,NA,NA,NA,NA,NA,NA,NA,NA,NA,NA,NA,NA,NA,NA,NA,NA,NA,NA,NA,NA,NA,NA,NA,NA,NA,NA,NA,NA,NA,NA,NA,NA,NA,NA,NA,NA,NA,NA,NA,NA,NA,NA,NA,NA
"Foster Moreau","TE","HOU",1,NA,NA,NA,NA,NA,NA,NA,NA,NA,NA,NA,0,0.6,0.6,"2180634","CBS","14239","CBS","TE",0.8,0.6,6.9,6.9,11.5,0.1,NA,NA,NA,NA,NA,NA,NA,NA,NA,NA,NA,NA,NA,NA,NA,NA,NA,NA,NA,NA,NA,NA,NA,NA,NA,NA,NA,NA,NA,NA,NA,NA,NA,NA,NA,NA,NA,NA,NA,NA,NA,NA,NA,NA,NA,NA,NA,NA,NA,NA,NA,NA,NA,NA,NA,NA,NA,NA
"Chris Manhertz","TE","NYG",1,NA,NA,NA,NA,NA,NA,NA,NA,NA,NA,NA,0,0.6,0.6,"2167520","CBS","12955","CBS","TE",0.7,0.5,5.2,5.2,10.4,0.1,NA,NA,NA,NA,NA,NA,NA,NA,NA,NA,NA,NA,NA,NA,NA,NA,NA,NA,NA,NA,NA,NA,NA,NA,NA,NA,NA,NA,NA,NA,NA,NA,NA,NA,NA,NA,NA,NA,NA,NA,NA,NA,NA,NA,NA,NA,NA,NA,NA,NA,NA,NA,NA,NA,NA,NA,NA,NA
"Nate Adkins","TE","DEN",1,NA,NA,NA,NA,NA,NA,NA,NA,NA,NA,NA,0,0.6,0.6,"2977285","CBS","16474","CBS","TE",1.3,0.9,5.7,5.7,6.3,0.1,NA,NA,NA,NA,NA,NA,NA,NA,NA,NA,NA,NA,NA,NA,NA,NA,NA,NA,NA,NA,NA,NA,NA,NA,NA,NA,NA,NA,NA,NA,NA,NA,NA,NA,NA,NA,NA,NA,NA,NA,NA,NA,NA,NA,NA,NA,NA,NA,NA,NA,NA,NA,NA,NA,NA,NA,NA,NA
"Sam Roush","TE","CHI",1,NA,NA,NA,NA,NA,NA,NA,NA,NA,NA,NA,0,0.6,0.6,"28877184","CBS","17549","CBS","TE",0.8,0.6,7,7,11.7,0.1,NA,NA,NA,NA,NA,NA,NA,NA,NA,NA,NA,NA,NA,NA,NA,NA,NA,NA,NA,NA,NA,NA,NA,NA,NA,NA,NA,NA,NA,NA,NA,NA,NA,NA,NA,NA,NA,NA,NA,NA,NA,NA,NA,NA,NA,NA,NA,NA,NA,NA,NA,NA,NA,NA,NA,NA,NA,NA
"Thomas Fidone II","TE","NYG",1,NA,NA,NA,NA,NA,NA,NA,NA,NA,NA,NA,0,0.6,0.6,"26699695","CBS","17243","CBS","TE",0.7,0.6,6.2,6.2,10.3,0.1,NA,NA,NA,NA,NA,NA,NA,NA,NA,NA,NA,NA,NA,NA,NA,NA,NA,NA,NA,NA,NA,NA,NA,NA,NA,NA,NA,NA,NA,NA,NA,NA,NA,NA,NA,NA,NA,NA,NA,NA,NA,NA,NA,NA,NA,NA,NA,NA,NA,NA,NA,NA,NA,NA,NA,NA,NA,NA
"Cade Stover","TE","HOU",1,NA,NA,NA,NA,NA,NA,NA,NA,NA,NA,NA,0,0.6,0.6,"3125978","CBS","16642","CBS","TE",1.2,0.8,6.7,6.7,8.4,0.1,NA,NA,NA,NA,NA,NA,NA,NA,NA,NA,NA,NA,NA,NA,NA,NA,NA,NA,NA,NA,NA,NA,NA,NA,NA,NA,NA,NA,NA,NA,NA,NA,NA,NA,NA,NA,NA,NA,NA,NA,NA,NA,NA,NA,NA,NA,NA,NA,NA,NA,NA,NA,NA,NA,NA,NA,NA,NA
"Matthew Hibner","TE","BAL",1,NA,NA,NA,NA,NA,NA,NA,NA,NA,NA,NA,0,0.6,0.6,"3169490","CBS","17627","CBS","TE",0.6,0.5,5.7,5.7,11.4,0.1,NA,NA,NA,NA,NA,NA,NA,NA,NA,NA,NA,NA,NA,NA,NA,NA,NA,NA,NA,NA,NA,NA,NA,NA,NA,NA,NA,NA,NA,NA,NA,NA,NA,NA,NA,NA,NA,NA,NA,NA,NA,NA,NA,NA,NA,NA,NA,NA,NA,NA,NA,NA,NA,NA,NA,NA,NA,NA
"Cameron Dicker","K","LAC",1,NA,NA,NA,NA,NA,NA,NA,NA,NA,NA,NA,NA,10.8,10.8,"2961997","CBS","15979","CBS","K",NA,NA,NA,NA,NA,NA,2.6,2.9,0,0,0.6,0.6,0.9,0.9,0.8,0.9,0.4,0.4,3,3.2,NA,NA,NA,NA,NA,NA,NA,NA,NA,NA,NA,NA,NA,NA,NA,NA,NA,NA,NA,NA,NA,NA,NA,NA,NA,NA,NA,NA,NA,NA,NA,NA,NA,NA,NA,NA,NA,NA,NA,NA,NA,NA,NA,NA
"Joey Slye","K","TEN",1,NA,NA,NA,NA,NA,NA,NA,NA,NA,NA,NA,NA,9.9,9.9,"3116871","CBS","14600","CBS","K",NA,NA,NA,NA,NA,NA,2.4,2.9,0,0,0.6,0.6,0.7,0.7,0.6,0.8,0.5,0.5,2.7,2.8,NA,NA,NA,NA,NA,NA,NA,NA,NA,NA,NA,NA,NA,NA,NA,NA,NA,NA,NA,NA,NA,NA,NA,NA,NA,NA,NA,NA,NA,NA,NA,NA,NA,NA,NA,NA,NA,NA,NA,NA,NA,NA,NA,NA
"Jake Bates","K","DET",1,NA,NA,NA,NA,NA,NA,NA,NA,NA,NA,NA,NA,9.7,9.7,"3173439","CBS","16846","CBS","K",NA,NA,NA,NA,NA,NA,2.1,2.5,0,0,0.4,0.5,0.6,0.6,0.6,0.8,0.3,0.3,3.4,3.6,NA,NA,NA,NA,NA,NA,NA,NA,NA,NA,NA,NA,NA,NA,NA,NA,NA,NA,NA,NA,NA,NA,NA,NA,NA,NA,NA,NA,NA,NA,NA,NA,NA,NA,NA,NA,NA,NA,NA,NA,NA,NA,NA,NA
"Jason Myers","K","SEA",1,NA,NA,NA,NA,NA,NA,NA,NA,NA,NA,NA,NA,9.2,9.2,"2169640","CBS","12437","CBS","K",NA,NA,NA,NA,NA,NA,2.1,2.4,0,0,0.5,0.5,0.7,0.7,0.6,0.7,0.4,0.4,2.9,2.9,NA,NA,NA,NA,NA,NA,NA,NA,NA,NA,NA,NA,NA,NA,NA,NA,NA,NA,NA,NA,NA,NA,NA,NA,NA,NA,NA,NA,NA,NA,NA,NA,NA,NA,NA,NA,NA,NA,NA,NA,NA,NA,NA,NA
"Brandon Aubrey","K","DAL",1,NA,NA,NA,NA,NA,NA,NA,NA,NA,NA,NA,NA,9.2,9.2,"2815718","CBS","16414","CBS","K",NA,NA,NA,NA,NA,NA,2.1,2.3,0,0,0.5,0.5,0.6,0.6,0.6,0.7,0.4,0.4,2.9,3,NA,NA,NA,NA,NA,NA,NA,NA,NA,NA,NA,NA,NA,NA,NA,NA,NA,NA,NA,NA,NA,NA,NA,NA,NA,NA,NA,NA,NA,NA,NA,NA,NA,NA,NA,NA,NA,NA,NA,NA,NA,NA,NA,NA
"Ka'imi Fairbairn","K","HOU",1,NA,NA,NA,NA,NA,NA,NA,NA,NA,NA,NA,NA,9,9,"1996562","CBS","12860","CBS","K",NA,NA,NA,NA,NA,NA,2.2,2.5,0,0,0.5,0.5,0.6,0.6,0.7,0.8,0.4,0.4,2.4,2.5,NA,NA,NA,NA,NA,NA,NA,NA,NA,NA,NA,NA,NA,NA,NA,NA,NA,NA,NA,NA,NA,NA,NA,NA,NA,NA,NA,NA,NA,NA,NA,NA,NA,NA,NA,NA,NA,NA,NA,NA,NA,NA,NA,NA
"Evan McPherson","K","CIN",1,NA,NA,NA,NA,NA,NA,NA,NA,NA,NA,NA,NA,8.4,8.4,"2962681","CBS","15368","CBS","K",NA,NA,NA,NA,NA,NA,1.8,2.1,0,0,0.4,0.4,0.5,0.5,0.6,0.7,0.3,0.3,3,3.2,NA,NA,NA,NA,NA,NA,NA,NA,NA,NA,NA,NA,NA,NA,NA,NA,NA,NA,NA,NA,NA,NA,NA,NA,NA,NA,NA,NA,NA,NA,NA,NA,NA,NA,NA,NA,NA,NA,NA,NA,NA,NA,NA,NA
"Cairo Santos","K","CHI",1,NA,NA,NA,NA,NA,NA,NA,NA,NA,NA,NA,NA,8.3,8.3,"2132690","CBS","11945","CBS","K",NA,NA,NA,NA,NA,NA,1.8,2.1,0,0,0.4,0.4,0.5,0.6,0.6,0.7,0.3,0.3,2.9,2.9,NA,NA,NA,NA,NA,NA,NA,NA,NA,NA,NA,NA,NA,NA,NA,NA,NA,NA,NA,NA,NA,NA,NA,NA,NA,NA,NA,NA,NA,NA,NA,NA,NA,NA,NA,NA,NA,NA,NA,NA,NA,NA,NA,NA
"Chris Boswell","K","PIT",1,NA,NA,NA,NA,NA,NA,NA,NA,NA,NA,NA,NA,8.2,8.2,"1724930","CBS","11936","CBS","K",NA,NA,NA,NA,NA,NA,1.9,2.1,0,0,0.4,0.4,0.5,0.6,0.6,0.6,0.3,0.3,2.5,2.5,NA,NA,NA,NA,NA,NA,NA,NA,NA,NA,NA,NA,NA,NA,NA,NA,NA,NA,NA,NA,NA,NA,NA,NA,NA,NA,NA,NA,NA,NA,NA,NA,NA,NA,NA,NA,NA,NA,NA,NA,NA,NA,NA,NA
"Cam Little","K","JAC",1,NA,NA,NA,NA,NA,NA,NA,NA,NA,NA,NA,NA,8.1,8.1,"26702477","CBS","16680","CBS","K",NA,NA,NA,NA,NA,NA,1.7,2,0,0,0.4,0.4,0.5,0.5,0.5,0.6,0.3,0.3,3,3.1,NA,NA,NA,NA,NA,NA,NA,NA,NA,NA,NA,NA,NA,NA,NA,NA,NA,NA,NA,NA,NA,NA,NA,NA,NA,NA,NA,NA,NA,NA,NA,NA,NA,NA,NA,NA,NA,NA,NA,NA,NA,NA,NA,NA
"Harrison Mevis","K","LAR",1,NA,NA,NA,NA,NA,NA,NA,NA,NA,NA,NA,NA,8,8,"3162619","CBS","16843","CBS","K",NA,NA,NA,NA,NA,NA,1.6,1.7,0,0,0.4,0.4,0.4,0.5,0.6,0.6,0.2,0.2,3.2,3.2,NA,NA,NA,NA,NA,NA,NA,NA,NA,NA,NA,NA,NA,NA,NA,NA,NA,NA,NA,NA,NA,NA,NA,NA,NA,NA,NA,NA,NA,NA,NA,NA,NA,NA,NA,NA,NA,NA,NA,NA,NA,NA,NA,NA
"Will Reichard","K","MIN",1,NA,NA,NA,NA,NA,NA,NA,NA,NA,NA,NA,NA,8,8,"3121084","CBS","16681","CBS","K",NA,NA,NA,NA,NA,NA,1.9,2,0,0,0.5,0.5,0.6,0.6,0.5,0.5,0.4,0.4,2.3,2.3,NA,NA,NA,NA,NA,NA,NA,NA,NA,NA,NA,NA,NA,NA,NA,NA,NA,NA,NA,NA,NA,NA,NA,NA,NA,NA,NA,NA,NA,NA,NA,NA,NA,NA,NA,NA,NA,NA,NA,NA,NA,NA,NA,NA
"Blake Grupe","K","NYJ",1,NA,NA,NA,NA,NA,NA,NA,NA,NA,NA,NA,NA,7.9,7.9,"2876348","CBS","16444","CBS","K",NA,NA,NA,NA,NA,NA,1.7,2.2,0,0,0.5,0.5,0.6,0.7,0.4,0.6,0.3,0.3,2.8,2.8,NA,NA,NA,NA,NA,NA,NA,NA,NA,NA,NA,NA,NA,NA,NA,NA,NA,NA,NA,NA,NA,NA,NA,NA,NA,NA,NA,NA,NA,NA,NA,NA,NA,NA,NA,NA,NA,NA,NA,NA,NA,NA,NA,NA
"Jake Elliott","K","PHI",1,NA,NA,NA,NA,NA,NA,NA,NA,NA,NA,NA,NA,7.9,7.9,"2080295","CBS","13303","CBS","K",NA,NA,NA,NA,NA,NA,1.7,2.2,0,0,0.4,0.4,0.6,0.6,0.6,0.7,0.2,0.2,2.8,2.9,NA,NA,NA,NA,NA,NA,NA,NA,NA,NA,NA,NA,NA,NA,NA,NA,NA,NA,NA,NA,NA,NA,NA,NA,NA,NA,NA,NA,NA,NA,NA,NA,NA,NA,NA,NA,NA,NA,NA,NA,NA,NA,NA,NA
"Tyler Loop","K","BAL",1,NA,NA,NA,NA,NA,NA,NA,NA,NA,NA,NA,NA,7.5,7.5,"3174704","CBS","17222","CBS","K",NA,NA,NA,NA,NA,NA,1.6,1.8,0,0,0.5,0.5,0.6,0.6,0.4,0.5,0.1,0.1,2.7,2.8,NA,NA,NA,NA,NA,NA,NA,NA,NA,NA,NA,NA,NA,NA,NA,NA,NA,NA,NA,NA,NA,NA,NA,NA,NA,NA,NA,NA,NA,NA,NA,NA,NA,NA,NA,NA,NA,NA,NA,NA,NA,NA,NA,NA
"Spencer Shrader","K","IND",1,NA,NA,NA,NA,NA,NA,NA,NA,NA,NA,NA,NA,7.5,7.5,"3131541","CBS","16896","CBS","K",NA,NA,NA,NA,NA,NA,1.7,2,0,0,0.5,0.5,0.6,0.7,0.4,0.5,0.1,0.1,2.4,2.4,NA,NA,NA,NA,NA,NA,NA,NA,NA,NA,NA,NA,NA,NA,NA,NA,NA,NA,NA,NA,NA,NA,NA,NA,NA,NA,NA,NA,NA,NA,NA,NA,NA,NA,NA,NA,NA,NA,NA,NA,NA,NA,NA,NA
"Harrison Butker","K","KC",1,NA,NA,NA,NA,NA,NA,NA,NA,NA,NA,NA,NA,7.4,7.4,"2078888","CBS","13354","CBS","K",NA,NA,NA,NA,NA,NA,1.9,2.2,0,0,0.6,0.6,0.6,0.6,0.5,0.6,0.3,0.3,1.7,1.9,NA,NA,NA,NA,NA,NA,NA,NA,NA,NA,NA,NA,NA,NA,NA,NA,NA,NA,NA,NA,NA,NA,NA,NA,NA,NA,NA,NA,NA,NA,NA,NA,NA,NA,NA,NA,NA,NA,NA,NA,NA,NA,NA,NA
"Matt Gay","K","LV",1,NA,NA,NA,NA,NA,NA,NA,NA,NA,NA,NA,NA,7.3,7.3,"2870511","CBS","14244","CBS","K",NA,NA,NA,NA,NA,NA,1.6,2.2,0,0,0.4,0.4,0.4,0.5,0.5,0.6,0.3,0.3,2.5,2.5,NA,NA,NA,NA,NA,NA,NA,NA,NA,NA,NA,NA,NA,NA,NA,NA,NA,NA,NA,NA,NA,NA,NA,NA,NA,NA,NA,NA,NA,NA,NA,NA,NA,NA,NA,NA,NA,NA,NA,NA,NA,NA,NA,NA
"Riley Patterson","K","MIA",1,NA,NA,NA,NA,NA,NA,NA,NA,NA,NA,NA,NA,7.1,7.1,"2865368","CBS","15369","CBS","K",NA,NA,NA,NA,NA,NA,1.6,1.8,0,0,0.4,0.4,0.5,0.6,0.5,0.6,0.2,0.2,2.3,2.4,NA,NA,NA,NA,NA,NA,NA,NA,NA,NA,NA,NA,NA,NA,NA,NA,NA,NA,NA,NA,NA,NA,NA,NA,NA,NA,NA,NA,NA,NA,NA,NA,NA,NA,NA,NA,NA,NA,NA,NA,NA,NA,NA,NA
"Daniel Carlson","K","NO",1,NA,NA,NA,NA,NA,NA,NA,NA,NA,NA,NA,NA,7.1,7.1,"2079862","CBS","13718","CBS","K",NA,NA,NA,NA,NA,NA,1.7,2,0,0,0.4,0.4,0.5,0.5,0.4,0.6,0.3,0.3,2,2.1,NA,NA,NA,NA,NA,NA,NA,NA,NA,NA,NA,NA,NA,NA,NA,NA,NA,NA,NA,NA,NA,NA,NA,NA,NA,NA,NA,NA,NA,NA,NA,NA,NA,NA,NA,NA,NA,NA,NA,NA,NA,NA,NA,NA
"Chase McLaughlin","K","TB",1,NA,NA,NA,NA,NA,NA,NA,NA,NA,NA,NA,NA,7,7,"2165272","CBS","14717","CBS","K",NA,NA,NA,NA,NA,NA,1.5,1.8,0,0,0.4,0.4,0.4,0.5,0.4,0.5,0.3,0.3,2.5,2.6,NA,NA,NA,NA,NA,NA,NA,NA,NA,NA,NA,NA,NA,NA,NA,NA,NA,NA,NA,NA,NA,NA,NA,NA,NA,NA,NA,NA,NA,NA,NA,NA,NA,NA,NA,NA,NA,NA,NA,NA,NA,NA,NA,NA
"Ryan Fitzgerald","K","CAR",1,NA,NA,NA,NA,NA,NA,NA,NA,NA,NA,NA,NA,6.9,6.9,"3126649","CBS","17277","CBS","K",NA,NA,NA,NA,NA,NA,1.6,1.9,0,0,0.4,0.4,0.5,0.6,0.5,0.6,0.1,0.1,2.1,2.3,NA,NA,NA,NA,NA,NA,NA,NA,NA,NA,NA,NA,NA,NA,NA,NA,NA,NA,NA,NA,NA,NA,NA,NA,NA,NA,NA,NA,NA,NA,NA,NA,NA,NA,NA,NA,NA,NA,NA,NA,NA,NA,NA,NA
"Chad Ryland","K","ARI",1,NA,NA,NA,NA,NA,NA,NA,NA,NA,NA,NA,NA,6.8,6.8,"2964074","CBS","16292","CBS","K",NA,NA,NA,NA,NA,NA,1.6,2.1,0,0,0.4,0.4,0.5,0.6,0.5,0.7,0.3,0.3,2,2.1,NA,NA,NA,NA,NA,NA,NA,NA,NA,NA,NA,NA,NA,NA,NA,NA,NA,NA,NA,NA,NA,NA,NA,NA,NA,NA,NA,NA,NA,NA,NA,NA,NA,NA,NA,NA,NA,NA,NA,NA,NA,NA,NA,NA
"Eddy Pineiro","K","SF",1,NA,NA,NA,NA,NA,NA,NA,NA,NA,NA,NA,NA,6.6,6.6,"2221833","CBS","13719","CBS","K",NA,NA,NA,NA,NA,NA,1.6,1.7,0,0,0.3,0.3,0.4,0.4,0.5,0.6,0.3,0.3,1.8,2,NA,NA,NA,NA,NA,NA,NA,NA,NA,NA,NA,NA,NA,NA,NA,NA,NA,NA,NA,NA,NA,NA,NA,NA,NA,NA,NA,NA,NA,NA,NA,NA,NA,NA,NA,NA,NA,NA,NA,NA,NA,NA,NA,NA
"Trey Smack","K","GB",1,NA,NA,NA,NA,NA,NA,NA,NA,NA,NA,NA,NA,6.5,6.5,"28899321","CBS","17668","CBS","K",NA,NA,NA,NA,NA,NA,1.6,1.9,0,0,0.4,0.5,0.5,0.6,0.4,0.6,0.2,0.2,1.7,1.9,NA,NA,NA,NA,NA,NA,NA,NA,NA,NA,NA,NA,NA,NA,NA,NA,NA,NA,NA,NA,NA,NA,NA,NA,NA,NA,NA,NA,NA,NA,NA,NA,NA,NA,NA,NA,NA,NA,NA,NA,NA,NA,NA,NA
"Nick Folk","K","ATL",1,NA,NA,NA,NA,NA,NA,NA,NA,NA,NA,NA,NA,6.4,6.4,"410721","CBS","8851","CBS","K",NA,NA,NA,NA,NA,NA,1.5,1.7,0,0,0.4,0.4,0.4,0.5,0.4,0.5,0.3,0.3,1.9,2,NA,NA,NA,NA,NA,NA,NA,NA,NA,NA,NA,NA,NA,NA,NA,NA,NA,NA,NA,NA,NA,NA,NA,NA,NA,NA,NA,NA,NA,NA,NA,NA,NA,NA,NA,NA,NA,NA,NA,NA,NA,NA,NA,NA
"Wil Lutz","K","DEN",1,NA,NA,NA,NA,NA,NA,NA,NA,NA,NA,NA,NA,6.2,6.2,"2008545","CBS","12956","CBS","K",NA,NA,NA,NA,NA,NA,1.4,1.7,0,0,0.4,0.4,0.5,0.5,0.3,0.4,0.2,0.2,2,2,NA,NA,NA,NA,NA,NA,NA,NA,NA,NA,NA,NA,NA,NA,NA,NA,NA,NA,NA,NA,NA,NA,NA,NA,NA,NA,NA,NA,NA,NA,NA,NA,NA,NA,NA,NA,NA,NA,NA,NA,NA,NA,NA,NA
"Andre Szmyt","K","CLE",1,NA,NA,NA,NA,NA,NA,NA,NA,NA,NA,NA,NA,5.7,5.7,"2868551","CBS","16419","CBS","K",NA,NA,NA,NA,NA,NA,1.3,1.4,0,0,0.3,0.3,0.5,0.5,0.3,0.3,0.2,0.2,1.8,1.9,NA,NA,NA,NA,NA,NA,NA,NA,NA,NA,NA,NA,NA,NA,NA,NA,NA,NA,NA,NA,NA,NA,NA,NA,NA,NA,NA,NA,NA,NA,NA,NA,NA,NA,NA,NA,NA,NA,NA,NA,NA,NA,NA,NA
"Tyler Bass","K","BUF",1,NA,NA,NA,NA,NA,NA,NA,NA,NA,NA,NA,NA,5.6,5.6,"2188356","CBS","14983","CBS","K",NA,NA,NA,NA,NA,NA,1.2,1.4,0,0,0.4,0.4,0.3,0.3,0.3,0.4,0.2,0.2,2,2.2,NA,NA,NA,NA,NA,NA,NA,NA,NA,NA,NA,NA,NA,NA,NA,NA,NA,NA,NA,NA,NA,NA,NA,NA,NA,NA,NA,NA,NA,NA,NA,NA,NA,NA,NA,NA,NA,NA,NA,NA,NA,NA,NA,NA
"Drew Stevens","K","WAS",1,NA,NA,NA,NA,NA,NA,NA,NA,NA,NA,NA,NA,5.5,5.5,"28873746","CBS","17726","CBS","K",NA,NA,NA,NA,NA,NA,1.3,1.5,0,0,0.4,0.4,0.4,0.5,0.4,0.5,0.1,0.1,1.6,1.8,NA,NA,NA,NA,NA,NA,NA,NA,NA,NA,NA,NA,NA,NA,NA,NA,NA,NA,NA,NA,NA,NA,NA,NA,NA,NA,NA,NA,NA,NA,NA,NA,NA,NA,NA,NA,NA,NA,NA,NA,NA,NA,NA,NA
"Andres Borregales","K","NE",1,NA,NA,NA,NA,NA,NA,NA,NA,NA,NA,NA,NA,5.5,5.5,"26699665","CBS","17220","CBS","K",NA,NA,NA,NA,NA,NA,1.2,1.5,0,0,0.3,0.3,0.4,0.5,0.3,0.4,0.2,0.2,1.9,1.9,NA,NA,NA,NA,NA,NA,NA,NA,NA,NA,NA,NA,NA,NA,NA,NA,NA,NA,NA,NA,NA,NA,NA,NA,NA,NA,NA,NA,NA,NA,NA,NA,NA,NA,NA,NA,NA,NA,NA,NA,NA,NA,NA,NA
"Ben Sauls","K","NYG",1,NA,NA,NA,NA,NA,NA,NA,NA,NA,NA,NA,NA,5.2,5.2,"3169819","CBS","17434","CBS","K",NA,NA,NA,NA,NA,NA,1.2,1.6,0,0,0.4,0.4,0.4,0.5,0.3,0.5,0.1,0.1,1.6,2,NA,NA,NA,NA,NA,NA,NA,NA,NA,NA,NA,NA,NA,NA,NA,NA,NA,NA,NA,NA,NA,NA,NA,NA,NA,NA,NA,NA,NA,NA,NA,NA,NA,NA,NA,NA,NA,NA,NA,NA,NA,NA,NA,NA
"Dominic Zvada","K","NYG",1,NA,NA,NA,NA,NA,NA,NA,NA,NA,NA,NA,NA,1.8,1.8,"28876817","CBS","17736","CBS","K",NA,NA,NA,NA,NA,NA,0.4,0.5,0,0,0.1,0.1,0.1,0.2,0.1,0.2,0,0,0.6,0.8,NA,NA,NA,NA,NA,NA,NA,NA,NA,NA,NA,NA,NA,NA,NA,NA,NA,NA,NA,NA,NA,NA,NA,NA,NA,NA,NA,NA,NA,NA,NA,NA,NA,NA,NA,NA,NA,NA,NA,NA,NA,NA,NA,NA
NA,"DST","LAC",NA,NA,NA,NA,NA,NA,NA,NA,NA,NA,NA,NA,NA,14.4,14.4,"1924","CBS","0514","CBS","DST",NA,NA,NA,NA,NA,NA,NA,NA,NA,NA,NA,NA,NA,NA,NA,NA,NA,NA,NA,NA,0.8,0,4.4,37.5,0.6,0.9,0.2,19.4,19.4,0,98,279,279,NA,NA,NA,NA,NA,NA,NA,NA,NA,NA,NA,NA,NA,NA,NA,NA,NA,NA,NA,NA,NA,NA,NA,NA,NA,NA,NA,NA,NA,NA,NA
NA,"DST","SEA",NA,NA,NA,NA,NA,NA,NA,NA,NA,NA,NA,NA,NA,14,14,"1926","CBS","0515","CBS","DST",NA,NA,NA,NA,NA,NA,NA,NA,NA,NA,NA,NA,NA,NA,NA,NA,NA,NA,NA,NA,0.7,0,3.8,41.3,0.8,1.1,0.2,17.4,17.4,0,110,292,292,NA,NA,NA,NA,NA,NA,NA,NA,NA,NA,NA,NA,NA,NA,NA,NA,NA,NA,NA,NA,NA,NA,NA,NA,NA,NA,NA,NA,NA,NA,NA
NA,"DST","PHI",NA,NA,NA,NA,NA,NA,NA,NA,NA,NA,NA,NA,NA,13.9,13.9,"1921","CBS","0518","CBS","DST",NA,NA,NA,NA,NA,NA,NA,NA,NA,NA,NA,NA,NA,NA,NA,NA,NA,NA,NA,NA,0.8,0.1,3.1,38.5,0.9,1.2,0.2,17.3,17.3,0,133,287,287,NA,NA,NA,NA,NA,NA,NA,NA,NA,NA,NA,NA,NA,NA,NA,NA,NA,NA,NA,NA,NA,NA,NA,NA,NA,NA,NA,NA,NA,NA,NA
NA,"DST","DEN",NA,NA,NA,NA,NA,NA,NA,NA,NA,NA,NA,NA,NA,13.5,13.5,"1909","CBS","0511","CBS","DST",NA,NA,NA,NA,NA,NA,NA,NA,NA,NA,NA,NA,NA,NA,NA,NA,NA,NA,NA,NA,0.8,0,4.5,39.6,0.4,0.5,0.1,20.6,20.6,0,110,261,261,NA,NA,NA,NA,NA,NA,NA,NA,NA,NA,NA,NA,NA,NA,NA,NA,NA,NA,NA,NA,NA,NA,NA,NA,NA,NA,NA,NA,NA,NA,NA
NA,"DST","JAC",NA,NA,NA,NA,NA,NA,NA,NA,NA,NA,NA,NA,NA,13.1,13.1,"1913","CBS","0509","CBS","DST",NA,NA,NA,NA,NA,NA,NA,NA,NA,NA,NA,NA,NA,NA,NA,NA,NA,NA,NA,NA,0.8,0,2.9,39.4,0.7,1,0.2,17.2,17.2,0,90,253,253,NA,NA,NA,NA,NA,NA,NA,NA,NA,NA,NA,NA,NA,NA,NA,NA,NA,NA,NA,NA,NA,NA,NA,NA,NA,NA,NA,NA,NA,NA,NA
NA,"DST","GB",NA,NA,NA,NA,NA,NA,NA,NA,NA,NA,NA,NA,NA,12.8,12.8,"1911","CBS","0523","CBS","DST",NA,NA,NA,NA,NA,NA,NA,NA,NA,NA,NA,NA,NA,NA,NA,NA,NA,NA,NA,NA,1.1,0,3.8,37.9,0.8,1.1,0.2,21.7,21.7,0,102,264,264,NA,NA,NA,NA,NA,NA,NA,NA,NA,NA,NA,NA,NA,NA,NA,NA,NA,NA,NA,NA,NA,NA,NA,NA,NA,NA,NA,NA,NA,NA,NA
NA,"DST","MIN",NA,NA,NA,NA,NA,NA,NA,NA,NA,NA,NA,NA,NA,12.6,12.6,"1916","CBS","0524","CBS","DST",NA,NA,NA,NA,NA,NA,NA,NA,NA,NA,NA,NA,NA,NA,NA,NA,NA,NA,NA,NA,0.6,0,3.2,40.1,0.8,1.2,0.1,18.8,18.8,0,102,266,266,NA,NA,NA,NA,NA,NA,NA,NA,NA,NA,NA,NA,NA,NA,NA,NA,NA,NA,NA,NA,NA,NA,NA,NA,NA,NA,NA,NA,NA,NA,NA
NA,"DST","DET",NA,NA,NA,NA,NA,NA,NA,NA,NA,NA,NA,NA,NA,12.4,12.4,"1910","CBS","0522","CBS","DST",NA,NA,NA,NA,NA,NA,NA,NA,NA,NA,NA,NA,NA,NA,NA,NA,NA,NA,NA,NA,0.9,0,3.8,40.1,0.8,1.1,0.2,20.7,20.7,0,101,301,301,NA,NA,NA,NA,NA,NA,NA,NA,NA,NA,NA,NA,NA,NA,NA,NA,NA,NA,NA,NA,NA,NA,NA,NA,NA,NA,NA,NA,NA,NA,NA
NA,"DST","MIA",NA,NA,NA,NA,NA,NA,NA,NA,NA,NA,NA,NA,NA,12.3,12.3,"1915","CBS","0503","CBS","DST",NA,NA,NA,NA,NA,NA,NA,NA,NA,NA,NA,NA,NA,NA,NA,NA,NA,NA,NA,NA,0.8,0.1,4.1,38.5,0.6,0.8,0.2,22.3,22.3,0,80,256,256,NA,NA,NA,NA,NA,NA,NA,NA,NA,NA,NA,NA,NA,NA,NA,NA,NA,NA,NA,NA,NA,NA,NA,NA,NA,NA,NA,NA,NA,NA,NA
NA,"DST","HOU",NA,NA,NA,NA,NA,NA,NA,NA,NA,NA,NA,NA,NA,11.9,11.9,"1932","CBS","0532","CBS","DST",NA,NA,NA,NA,NA,NA,NA,NA,NA,NA,NA,NA,NA,NA,NA,NA,NA,NA,NA,NA,1,0,2.9,42.6,0.9,1.3,0.2,19.6,19.6,0,143,315,315,NA,NA,NA,NA,NA,NA,NA,NA,NA,NA,NA,NA,NA,NA,NA,NA,NA,NA,NA,NA,NA,NA,NA,NA,NA,NA,NA,NA,NA,NA,NA
NA,"DST","LAR",NA,NA,NA,NA,NA,NA,NA,NA,NA,NA,NA,NA,NA,11.4,11.4,"1923","CBS","0528","CBS","DST",NA,NA,NA,NA,NA,NA,NA,NA,NA,NA,NA,NA,NA,NA,NA,NA,NA,NA,NA,NA,1.2,0,2.4,43.3,0.7,1,0.2,20.6,20.6,0,105,315,315,NA,NA,NA,NA,NA,NA,NA,NA,NA,NA,NA,NA,NA,NA,NA,NA,NA,NA,NA,NA,NA,NA,NA,NA,NA,NA,NA,NA,NA,NA,NA
NA,"DST","ATL",NA,NA,NA,NA,NA,NA,NA,NA,NA,NA,NA,NA,NA,11,11,"1902","CBS","0526","CBS","DST",NA,NA,NA,NA,NA,NA,NA,NA,NA,NA,NA,NA,NA,NA,NA,NA,NA,NA,NA,NA,0.6,0.1,3.8,38.6,0.6,0.8,0.1,25.8,25.8,0,108,275,275,NA,NA,NA,NA,NA,NA,NA,NA,NA,NA,NA,NA,NA,NA,NA,NA,NA,NA,NA,NA,NA,NA,NA,NA,NA,NA,NA,NA,NA,NA,NA
NA,"DST","LV",NA,NA,NA,NA,NA,NA,NA,NA,NA,NA,NA,NA,NA,10.8,10.8,"1920","CBS","0513","CBS","DST",NA,NA,NA,NA,NA,NA,NA,NA,NA,NA,NA,NA,NA,NA,NA,NA,NA,NA,NA,NA,0.9,0,2.4,39.9,0.7,1,0.2,22.1,22.1,0,97,268,268,NA,NA,NA,NA,NA,NA,NA,NA,NA,NA,NA,NA,NA,NA,NA,NA,NA,NA,NA,NA,NA,NA,NA,NA,NA,NA,NA,NA,NA,NA,NA
NA,"DST","PIT",NA,NA,NA,NA,NA,NA,NA,NA,NA,NA,NA,NA,NA,10.4,10.4,"1922","CBS","0510","CBS","DST",NA,NA,NA,NA,NA,NA,NA,NA,NA,NA,NA,NA,NA,NA,NA,NA,NA,NA,NA,NA,0.6,0,2.2,41.3,0.9,1.3,0.2,18.5,18.5,0,117,319,319,NA,NA,NA,NA,NA,NA,NA,NA,NA,NA,NA,NA,NA,NA,NA,NA,NA,NA,NA,NA,NA,NA,NA,NA,NA,NA,NA,NA,NA,NA,NA
NA,"DST","TEN",NA,NA,NA,NA,NA,NA,NA,NA,NA,NA,NA,NA,NA,10.4,10.4,"1928","CBS","0508","CBS","DST",NA,NA,NA,NA,NA,NA,NA,NA,NA,NA,NA,NA,NA,NA,NA,NA,NA,NA,NA,NA,0.7,0,4.2,40.5,0.8,1.1,0.2,25.7,25.7,0,126,304,304,NA,NA,NA,NA,NA,NA,NA,NA,NA,NA,NA,NA,NA,NA,NA,NA,NA,NA,NA,NA,NA,NA,NA,NA,NA,NA,NA,NA,NA,NA,NA
NA,"DST","KC",NA,NA,NA,NA,NA,NA,NA,NA,NA,NA,NA,NA,NA,10.3,10.3,"1914","CBS","0512","CBS","DST",NA,NA,NA,NA,NA,NA,NA,NA,NA,NA,NA,NA,NA,NA,NA,NA,NA,NA,NA,NA,0.6,0,1.5,42,0.5,0.6,0.1,18.1,18.1,0,102,283,283,NA,NA,NA,NA,NA,NA,NA,NA,NA,NA,NA,NA,NA,NA,NA,NA,NA,NA,NA,NA,NA,NA,NA,NA,NA,NA,NA,NA,NA,NA,NA
NA,"DST","DAL",NA,NA,NA,NA,NA,NA,NA,NA,NA,NA,NA,NA,NA,9.5,9.5,"1908","CBS","0516","CBS","DST",NA,NA,NA,NA,NA,NA,NA,NA,NA,NA,NA,NA,NA,NA,NA,NA,NA,NA,NA,NA,0.9,0,3.5,42.1,0.5,0.7,0.2,25.4,25.4,0,135,331,331,NA,NA,NA,NA,NA,NA,NA,NA,NA,NA,NA,NA,NA,NA,NA,NA,NA,NA,NA,NA,NA,NA,NA,NA,NA,NA,NA,NA,NA,NA,NA
NA,"DST","CHI",NA,NA,NA,NA,NA,NA,NA,NA,NA,NA,NA,NA,NA,9.2,9.2,"1906","CBS","0521","CBS","DST",NA,NA,NA,NA,NA,NA,NA,NA,NA,NA,NA,NA,NA,NA,NA,NA,NA,NA,NA,NA,1,0,2.2,39.7,0.9,1.3,0.2,22.6,22.6,0,125,322,322,NA,NA,NA,NA,NA,NA,NA,NA,NA,NA,NA,NA,NA,NA,NA,NA,NA,NA,NA,NA,NA,NA,NA,NA,NA,NA,NA,NA,NA,NA,NA
NA,"DST","CIN",NA,NA,NA,NA,NA,NA,NA,NA,NA,NA,NA,NA,NA,9.1,9.1,"1907","CBS","0506","CBS","DST",NA,NA,NA,NA,NA,NA,NA,NA,NA,NA,NA,NA,NA,NA,NA,NA,NA,NA,NA,NA,1,0,2.7,43.3,0.6,0.8,0.2,23,23,0,148,365,365,NA,NA,NA,NA,NA,NA,NA,NA,NA,NA,NA,NA,NA,NA,NA,NA,NA,NA,NA,NA,NA,NA,NA,NA,NA,NA,NA,NA,NA,NA,NA
NA,"DST","IND",NA,NA,NA,NA,NA,NA,NA,NA,NA,NA,NA,NA,NA,8.4,8.4,"1912","CBS","0502","CBS","DST",NA,NA,NA,NA,NA,NA,NA,NA,NA,NA,NA,NA,NA,NA,NA,NA,NA,NA,NA,NA,0.6,0,2.4,39.8,0.8,1,0.2,25.8,25.8,0,164,344,344,NA,NA,NA,NA,NA,NA,NA,NA,NA,NA,NA,NA,NA,NA,NA,NA,NA,NA,NA,NA,NA,NA,NA,NA,NA,NA,NA,NA,NA,NA,NA
NA,"DST","BUF",NA,NA,NA,NA,NA,NA,NA,NA,NA,NA,NA,NA,NA,8.1,8.1,"1904","CBS","0501","CBS","DST",NA,NA,NA,NA,NA,NA,NA,NA,NA,NA,NA,NA,NA,NA,NA,NA,NA,NA,NA,NA,0.8,0,2.1,41.7,0.6,0.8,0.2,24.4,24.4,0,129,317,317,NA,NA,NA,NA,NA,NA,NA,NA,NA,NA,NA,NA,NA,NA,NA,NA,NA,NA,NA,NA,NA,NA,NA,NA,NA,NA,NA,NA,NA,NA,NA
NA,"DST","NYJ",NA,NA,NA,NA,NA,NA,NA,NA,NA,NA,NA,NA,NA,8.1,8.1,"1919","CBS","0505","CBS","DST",NA,NA,NA,NA,NA,NA,NA,NA,NA,NA,NA,NA,NA,NA,NA,NA,NA,NA,NA,NA,0.4,0.1,2.5,35.7,0.7,1,0.2,27.9,27.9,0,83,273,273,NA,NA,NA,NA,NA,NA,NA,NA,NA,NA,NA,NA,NA,NA,NA,NA,NA,NA,NA,NA,NA,NA,NA,NA,NA,NA,NA,NA,NA,NA,NA
NA,"DST","CLE",NA,NA,NA,NA,NA,NA,NA,NA,NA,NA,NA,NA,NA,7.9,7.9,"1930","CBS","0507","CBS","DST",NA,NA,NA,NA,NA,NA,NA,NA,NA,NA,NA,NA,NA,NA,NA,NA,NA,NA,NA,NA,0.8,0,2.7,39.1,0.5,0.7,0.1,27.1,27.1,0,101,285,285,NA,NA,NA,NA,NA,NA,NA,NA,NA,NA,NA,NA,NA,NA,NA,NA,NA,NA,NA,NA,NA,NA,NA,NA,NA,NA,NA,NA,NA,NA,NA
NA,"DST","BAL",NA,NA,NA,NA,NA,NA,NA,NA,NA,NA,NA,NA,NA,7.3,7.3,"1903","CBS","0531","CBS","DST",NA,NA,NA,NA,NA,NA,NA,NA,NA,NA,NA,NA,NA,NA,NA,NA,NA,NA,NA,NA,0.7,0,1.9,40.7,0.7,0.9,0.1,22.5,22.5,0,109,311,311,NA,NA,NA,NA,NA,NA,NA,NA,NA,NA,NA,NA,NA,NA,NA,NA,NA,NA,NA,NA,NA,NA,NA,NA,NA,NA,NA,NA,NA,NA,NA
NA,"DST","ARI",NA,NA,NA,NA,NA,NA,NA,NA,NA,NA,NA,NA,NA,7.2,7.2,"1901","CBS","0519","CBS","DST",NA,NA,NA,NA,NA,NA,NA,NA,NA,NA,NA,NA,NA,NA,NA,NA,NA,NA,NA,NA,0.7,0.1,3.6,44.2,0.7,0.9,0.1,31.4,31.4,0,128,358,358,NA,NA,NA,NA,NA,NA,NA,NA,NA,NA,NA,NA,NA,NA,NA,NA,NA,NA,NA,NA,NA,NA,NA,NA,NA,NA,NA,NA,NA,NA,NA
NA,"DST","NE",NA,NA,NA,NA,NA,NA,NA,NA,NA,NA,NA,NA,NA,6.9,6.9,"1931","CBS","0504","CBS","DST",NA,NA,NA,NA,NA,NA,NA,NA,NA,NA,NA,NA,NA,NA,NA,NA,NA,NA,NA,NA,0.8,0,2.1,43.2,1,1.3,0.2,27.5,27.5,0,117,329,329,NA,NA,NA,NA,NA,NA,NA,NA,NA,NA,NA,NA,NA,NA,NA,NA,NA,NA,NA,NA,NA,NA,NA,NA,NA,NA,NA,NA,NA,NA,NA
NA,"DST","TB",NA,NA,NA,NA,NA,NA,NA,NA,NA,NA,NA,NA,NA,6.7,6.7,"1927","CBS","0525","CBS","DST",NA,NA,NA,NA,NA,NA,NA,NA,NA,NA,NA,NA,NA,NA,NA,NA,NA,NA,NA,NA,0.9,0,2.3,39.7,0.7,1,0.2,28.1,28.1,0,90,326,326,NA,NA,NA,NA,NA,NA,NA,NA,NA,NA,NA,NA,NA,NA,NA,NA,NA,NA,NA,NA,NA,NA,NA,NA,NA,NA,NA,NA,NA,NA,NA
NA,"DST","WAS",NA,NA,NA,NA,NA,NA,NA,NA,NA,NA,NA,NA,NA,6.7,6.7,"1929","CBS","0520","CBS","DST",NA,NA,NA,NA,NA,NA,NA,NA,NA,NA,NA,NA,NA,NA,NA,NA,NA,NA,NA,NA,0.3,0,2.7,42.2,0.4,0.6,0.1,26.8,26.8,0,147,353,353,NA,NA,NA,NA,NA,NA,NA,NA,NA,NA,NA,NA,NA,NA,NA,NA,NA,NA,NA,NA,NA,NA,NA,NA,NA,NA,NA,NA,NA,NA,NA
NA,"DST","CAR",NA,NA,NA,NA,NA,NA,NA,NA,NA,NA,NA,NA,NA,6.5,6.5,"1905","CBS","0527","CBS","DST",NA,NA,NA,NA,NA,NA,NA,NA,NA,NA,NA,NA,NA,NA,NA,NA,NA,NA,NA,NA,0.6,0,1.9,44.1,0.4,0.5,0.1,26.1,26.1,0,137,364,364,NA,NA,NA,NA,NA,NA,NA,NA,NA,NA,NA,NA,NA,NA,NA,NA,NA,NA,NA,NA,NA,NA,NA,NA,NA,NA,NA,NA,NA,NA,NA
NA,"DST","NYG",NA,NA,NA,NA,NA,NA,NA,NA,NA,NA,NA,NA,NA,6.3,6.3,"1918","CBS","0517","CBS","DST",NA,NA,NA,NA,NA,NA,NA,NA,NA,NA,NA,NA,NA,NA,NA,NA,NA,NA,NA,NA,0.7,0.1,1.9,44.5,0.8,1.1,0.2,27.5,27.5,0,151,397,397,NA,NA,NA,NA,NA,NA,NA,NA,NA,NA,NA,NA,NA,NA,NA,NA,NA,NA,NA,NA,NA,NA,NA,NA,NA,NA,NA,NA,NA,NA,NA
NA,"DST","NO",NA,NA,NA,NA,NA,NA,NA,NA,NA,NA,NA,NA,NA,6.1,6.1,"1917","CBS","0529","CBS","DST",NA,NA,NA,NA,NA,NA,NA,NA,NA,NA,NA,NA,NA,NA,NA,NA,NA,NA,NA,NA,0.6,0.1,2.9,42.7,0.6,0.8,0.1,32.3,32.3,0,115,352,352,NA,NA,NA,NA,NA,NA,NA,NA,NA,NA,NA,NA,NA,NA,NA,NA,NA,NA,NA,NA,NA,NA,NA,NA,NA,NA,NA,NA,NA,NA,NA
NA,"DST","SF",NA,NA,NA,NA,NA,NA,NA,NA,NA,NA,NA,NA,NA,3.7,3.7,"1925","CBS","0530","CBS","DST",NA,NA,NA,NA,NA,NA,NA,NA,NA,NA,NA,NA,NA,NA,NA,NA,NA,NA,NA,NA,0.4,0,0.9,44.2,0.7,1,0.1,27.1,27.1,0,120,360,360,NA,NA,NA,NA,NA,NA,NA,NA,NA,NA,NA,NA,NA,NA,NA,NA,NA,NA,NA,NA,NA,NA,NA,NA,NA,NA,NA,NA,NA,NA,NA
"Josh Allen","QB","BUF",NA,30,20,224,NA,1,1,NA,7,32,NA,1,NA,NA,NA,"3918298","ESPN","13589","ESPN","QB",NA,NA,NA,NA,NA,NA,NA,NA,NA,NA,NA,NA,NA,NA,NA,NA,NA,NA,NA,NA,NA,NA,NA,NA,NA,NA,NA,NA,NA,NA,NA,NA,NA,NA,NA,NA,NA,NA,NA,NA,NA,NA,NA,NA,NA,NA,NA,NA,NA,NA,NA,NA,NA,NA,NA,NA,NA,NA,NA,NA,NA,NA,NA,NA
"Lamar Jackson","QB","BAL",NA,28,18,232,NA,2,1,NA,7,40,NA,0,NA,NA,NA,"3916387","ESPN","13593","ESPN","QB",NA,NA,NA,NA,NA,NA,NA,NA,NA,NA,NA,NA,NA,NA,NA,NA,NA,NA,NA,NA,NA,NA,NA,NA,NA,NA,NA,NA,NA,NA,NA,NA,NA,NA,NA,NA,NA,NA,NA,NA,NA,NA,NA,NA,NA,NA,NA,NA,NA,NA,NA,NA,NA,NA,NA,NA,NA,NA,NA,NA,NA,NA,NA,NA
"Jayden Daniels","QB","WAS",NA,31,20,220,NA,1,1,NA,8,38,NA,0,NA,NA,NA,"4426348","ESPN","16581","ESPN","QB",NA,NA,NA,NA,NA,NA,NA,NA,NA,NA,NA,NA,NA,NA,NA,NA,NA,NA,NA,NA,NA,NA,NA,NA,NA,NA,NA,NA,NA,NA,NA,NA,NA,NA,NA,NA,NA,NA,NA,NA,NA,NA,NA,NA,NA,NA,NA,NA,NA,NA,NA,NA,NA,NA,NA,NA,NA,NA,NA,NA,NA,NA,NA,NA
"Drake Maye","QB","NE",NA,32,21,232,NA,1,1,NA,6,30,NA,0,NA,NA,NA,"4431452","ESPN","16580","ESPN","QB",NA,NA,NA,NA,NA,NA,NA,NA,NA,NA,NA,NA,NA,NA,NA,NA,NA,NA,NA,NA,NA,NA,NA,NA,NA,NA,NA,NA,NA,NA,NA,NA,NA,NA,NA,NA,NA,NA,NA,NA,NA,NA,NA,NA,NA,NA,NA,NA,NA,NA,NA,NA,NA,NA,NA,NA,NA,NA,NA,NA,NA,NA,NA,NA
"Joe Burrow","QB","CIN",NA,34,23,243,NA,2,1,NA,3,11,NA,0,NA,NA,NA,"3915511","ESPN","14777","ESPN","QB",NA,NA,NA,NA,NA,NA,NA,NA,NA,NA,NA,NA,NA,NA,NA,NA,NA,NA,NA,NA,NA,NA,NA,NA,NA,NA,NA,NA,NA,NA,NA,NA,NA,NA,NA,NA,NA,NA,NA,NA,NA,NA,NA,NA,NA,NA,NA,NA,NA,NA,NA,NA,NA,NA,NA,NA,NA,NA,NA,NA,NA,NA,NA,NA
"Jalen Hurts","QB","PHI",NA,28,19,229,NA,2,1,NA,6,27,NA,1,NA,NA,NA,"4040715","ESPN","14783","ESPN","QB",NA,NA,NA,NA,NA,NA,NA,NA,NA,NA,NA,NA,NA,NA,NA,NA,NA,NA,NA,NA,NA,NA,NA,NA,NA,NA,NA,NA,NA,NA,NA,NA,NA,NA,NA,NA,NA,NA,NA,NA,NA,NA,NA,NA,NA,NA,NA,NA,NA,NA,NA,NA,NA,NA,NA,NA,NA,NA,NA,NA,NA,NA,NA,NA
"Dak Prescott","QB","DAL",NA,33,22,243,NA,2,1,NA,3,11,NA,0,NA,NA,NA,"2577417","ESPN","12620","ESPN","QB",NA,NA,NA,NA,NA,NA,NA,NA,NA,NA,NA,NA,NA,NA,NA,NA,NA,NA,NA,NA,NA,NA,NA,NA,NA,NA,NA,NA,NA,NA,NA,NA,NA,NA,NA,NA,NA,NA,NA,NA,NA,NA,NA,NA,NA,NA,NA,NA,NA,NA,NA,NA,NA,NA,NA,NA,NA,NA,NA,NA,NA,NA,NA,NA
"Jaxson Dart","QB","NYG",NA,30,20,221,NA,1,1,NA,6,33,NA,0,NA,NA,NA,"4689114","ESPN","17032","ESPN","QB",NA,NA,NA,NA,NA,NA,NA,NA,NA,NA,NA,NA,NA,NA,NA,NA,NA,NA,NA,NA,NA,NA,NA,NA,NA,NA,NA,NA,NA,NA,NA,NA,NA,NA,NA,NA,NA,NA,NA,NA,NA,NA,NA,NA,NA,NA,NA,NA,NA,NA,NA,NA,NA,NA,NA,NA,NA,NA,NA,NA,NA,NA,NA,NA
"Justin Herbert","QB","LAC",NA,29,20,234,NA,2,1,NA,5,26,NA,0,NA,NA,NA,"4038941","ESPN","14779","ESPN","QB",NA,NA,NA,NA,NA,NA,NA,NA,NA,NA,NA,NA,NA,NA,NA,NA,NA,NA,NA,NA,NA,NA,NA,NA,NA,NA,NA,NA,NA,NA,NA,NA,NA,NA,NA,NA,NA,NA,NA,NA,NA,NA,NA,NA,NA,NA,NA,NA,NA,NA,NA,NA,NA,NA,NA,NA,NA,NA,NA,NA,NA,NA,NA,NA
"Caleb Williams","QB","CHI",NA,31,19,225,NA,1,1,NA,4,22,NA,0,NA,NA,NA,"4431611","ESPN","16579","ESPN","QB",NA,NA,NA,NA,NA,NA,NA,NA,NA,NA,NA,NA,NA,NA,NA,NA,NA,NA,NA,NA,NA,NA,NA,NA,NA,NA,NA,NA,NA,NA,NA,NA,NA,NA,NA,NA,NA,NA,NA,NA,NA,NA,NA,NA,NA,NA,NA,NA,NA,NA,NA,NA,NA,NA,NA,NA,NA,NA,NA,NA,NA,NA,NA,NA
"Trevor Lawrence","QB","JAC",NA,31,19,226,NA,2,1,NA,4,20,NA,0,NA,NA,NA,"4360310","ESPN","15237","ESPN","QB",NA,NA,NA,NA,NA,NA,NA,NA,NA,NA,NA,NA,NA,NA,NA,NA,NA,NA,NA,NA,NA,NA,NA,NA,NA,NA,NA,NA,NA,NA,NA,NA,NA,NA,NA,NA,NA,NA,NA,NA,NA,NA,NA,NA,NA,NA,NA,NA,NA,NA,NA,NA,NA,NA,NA,NA,NA,NA,NA,NA,NA,NA,NA,NA
"Brock Purdy","QB","SF",NA,33,21,241,NA,1,1,NA,4,15,NA,0,NA,NA,NA,"4361741","ESPN","15698","ESPN","QB",NA,NA,NA,NA,NA,NA,NA,NA,NA,NA,NA,NA,NA,NA,NA,NA,NA,NA,NA,NA,NA,NA,NA,NA,NA,NA,NA,NA,NA,NA,NA,NA,NA,NA,NA,NA,NA,NA,NA,NA,NA,NA,NA,NA,NA,NA,NA,NA,NA,NA,NA,NA,NA,NA,NA,NA,NA,NA,NA,NA,NA,NA,NA,NA
"Patrick Mahomes","QB","KCC",NA,33,20,225,NA,1,1,NA,3,19,NA,0,NA,NA,NA,"3139477","ESPN","13116","ESPN","QB",NA,NA,NA,NA,NA,NA,NA,NA,NA,NA,NA,NA,NA,NA,NA,NA,NA,NA,NA,NA,NA,NA,NA,NA,NA,NA,NA,NA,NA,NA,NA,NA,NA,NA,NA,NA,NA,NA,NA,NA,NA,NA,NA,NA,NA,NA,NA,NA,NA,NA,NA,NA,NA,NA,NA,NA,NA,NA,NA,NA,NA,NA,NA,NA
"Bo Nix","QB","DEN",NA,34,22,225,NA,1,1,NA,5,20,NA,0,NA,NA,NA,"4426338","ESPN","16582","ESPN","QB",NA,NA,NA,NA,NA,NA,NA,NA,NA,NA,NA,NA,NA,NA,NA,NA,NA,NA,NA,NA,NA,NA,NA,NA,NA,NA,NA,NA,NA,NA,NA,NA,NA,NA,NA,NA,NA,NA,NA,NA,NA,NA,NA,NA,NA,NA,NA,NA,NA,NA,NA,NA,NA,NA,NA,NA,NA,NA,NA,NA,NA,NA,NA,NA
"Matthew Stafford","QB","LAR",NA,33,21,254,NA,2,1,NA,2,2,NA,0,NA,NA,NA,"12483","ESPN","9431","ESPN","QB",NA,NA,NA,NA,NA,NA,NA,NA,NA,NA,NA,NA,NA,NA,NA,NA,NA,NA,NA,NA,NA,NA,NA,NA,NA,NA,NA,NA,NA,NA,NA,NA,NA,NA,NA,NA,NA,NA,NA,NA,NA,NA,NA,NA,NA,NA,NA,NA,NA,NA,NA,NA,NA,NA,NA,NA,NA,NA,NA,NA,NA,NA,NA,NA
"Kyler Murray","QB","MIN",NA,32,22,219,NA,1,1,NA,5,29,NA,0,NA,NA,NA,"3917315","ESPN","14056","ESPN","QB",NA,NA,NA,NA,NA,NA,NA,NA,NA,NA,NA,NA,NA,NA,NA,NA,NA,NA,NA,NA,NA,NA,NA,NA,NA,NA,NA,NA,NA,NA,NA,NA,NA,NA,NA,NA,NA,NA,NA,NA,NA,NA,NA,NA,NA,NA,NA,NA,NA,NA,NA,NA,NA,NA,NA,NA,NA,NA,NA,NA,NA,NA,NA,NA
"Tyler Shough","QB","NO",NA,34,21,227,NA,1,1,NA,4,16,NA,0,NA,NA,NA,"4360689","ESPN","17039","ESPN","QB",NA,NA,NA,NA,NA,NA,NA,NA,NA,NA,NA,NA,NA,NA,NA,NA,NA,NA,NA,NA,NA,NA,NA,NA,NA,NA,NA,NA,NA,NA,NA,NA,NA,NA,NA,NA,NA,NA,NA,NA,NA,NA,NA,NA,NA,NA,NA,NA,NA,NA,NA,NA,NA,NA,NA,NA,NA,NA,NA,NA,NA,NA,NA,NA
"Jared Goff","QB","DET",NA,31,21,245,NA,2,1,NA,2,3,NA,0,NA,NA,NA,"3046779","ESPN","12611","ESPN","QB",NA,NA,NA,NA,NA,NA,NA,NA,NA,NA,NA,NA,NA,NA,NA,NA,NA,NA,NA,NA,NA,NA,NA,NA,NA,NA,NA,NA,NA,NA,NA,NA,NA,NA,NA,NA,NA,NA,NA,NA,NA,NA,NA,NA,NA,NA,NA,NA,NA,NA,NA,NA,NA,NA,NA,NA,NA,NA,NA,NA,NA,NA,NA,NA
"Baker Mayfield","QB","TB",NA,32,21,233,NA,2,1,NA,3,20,NA,0,NA,NA,NA,"3052587","ESPN","13590","ESPN","QB",NA,NA,NA,NA,NA,NA,NA,NA,NA,NA,NA,NA,NA,NA,NA,NA,NA,NA,NA,NA,NA,NA,NA,NA,NA,NA,NA,NA,NA,NA,NA,NA,NA,NA,NA,NA,NA,NA,NA,NA,NA,NA,NA,NA,NA,NA,NA,NA,NA,NA,NA,NA,NA,NA,NA,NA,NA,NA,NA,NA,NA,NA,NA,NA
"Daniel Jones","QB","IND",NA,32,21,217,NA,1,1,NA,4,17,NA,0,NA,NA,NA,"3917792","ESPN","14059","ESPN","QB",NA,NA,NA,NA,NA,NA,NA,NA,NA,NA,NA,NA,NA,NA,NA,NA,NA,NA,NA,NA,NA,NA,NA,NA,NA,NA,NA,NA,NA,NA,NA,NA,NA,NA,NA,NA,NA,NA,NA,NA,NA,NA,NA,NA,NA,NA,NA,NA,NA,NA,NA,NA,NA,NA,NA,NA,NA,NA,NA,NA,NA,NA,NA,NA
"Jordan Love","QB","GB",NA,32,20,234,NA,1,1,NA,3,12,NA,0,NA,NA,NA,"4036378","ESPN","14782","ESPN","QB",NA,NA,NA,NA,NA,NA,NA,NA,NA,NA,NA,NA,NA,NA,NA,NA,NA,NA,NA,NA,NA,NA,NA,NA,NA,NA,NA,NA,NA,NA,NA,NA,NA,NA,NA,NA,NA,NA,NA,NA,NA,NA,NA,NA,NA,NA,NA,NA,NA,NA,NA,NA,NA,NA,NA,NA,NA,NA,NA,NA,NA,NA,NA,NA
"Malik Willis","QB","MIA",NA,29,19,213,NA,1,1,NA,6,33,NA,0,NA,NA,NA,"4242512","ESPN","15694","ESPN","QB",NA,NA,NA,NA,NA,NA,NA,NA,NA,NA,NA,NA,NA,NA,NA,NA,NA,NA,NA,NA,NA,NA,NA,NA,NA,NA,NA,NA,NA,NA,NA,NA,NA,NA,NA,NA,NA,NA,NA,NA,NA,NA,NA,NA,NA,NA,NA,NA,NA,NA,NA,NA,NA,NA,NA,NA,NA,NA,NA,NA,NA,NA,NA,NA
"C.J. Stroud","QB","HOU",NA,33,21,243,NA,2,1,NA,3,15,NA,0,NA,NA,NA,"4432577","ESPN","16150","ESPN","QB",NA,NA,NA,NA,NA,NA,NA,NA,NA,NA,NA,NA,NA,NA,NA,NA,NA,NA,NA,NA,NA,NA,NA,NA,NA,NA,NA,NA,NA,NA,NA,NA,NA,NA,NA,NA,NA,NA,NA,NA,NA,NA,NA,NA,NA,NA,NA,NA,NA,NA,NA,NA,NA,NA,NA,NA,NA,NA,NA,NA,NA,NA,NA,NA
"Sam Darnold","QB","SEA",NA,30,19,233,NA,1,1,NA,3,7,NA,0,NA,NA,NA,"3912547","ESPN","13592","ESPN","QB",NA,NA,NA,NA,NA,NA,NA,NA,NA,NA,NA,NA,NA,NA,NA,NA,NA,NA,NA,NA,NA,NA,NA,NA,NA,NA,NA,NA,NA,NA,NA,NA,NA,NA,NA,NA,NA,NA,NA,NA,NA,NA,NA,NA,NA,NA,NA,NA,NA,NA,NA,NA,NA,NA,NA,NA,NA,NA,NA,NA,NA,NA,NA,NA
"Bryce Young","QB","CAR",NA,31,20,223,NA,1,1,NA,3,17,NA,0,NA,NA,NA,"4685720","ESPN","16148","ESPN","QB",NA,NA,NA,NA,NA,NA,NA,NA,NA,NA,NA,NA,NA,NA,NA,NA,NA,NA,NA,NA,NA,NA,NA,NA,NA,NA,NA,NA,NA,NA,NA,NA,NA,NA,NA,NA,NA,NA,NA,NA,NA,NA,NA,NA,NA,NA,NA,NA,NA,NA,NA,NA,NA,NA,NA,NA,NA,NA,NA,NA,NA,NA,NA,NA
"Cam Ward","QB","TEN",NA,32,20,221,NA,1,1,NA,3,12,NA,0,NA,NA,NA,"4688380","ESPN","17030","ESPN","QB",NA,NA,NA,NA,NA,NA,NA,NA,NA,NA,NA,NA,NA,NA,NA,NA,NA,NA,NA,NA,NA,NA,NA,NA,NA,NA,NA,NA,NA,NA,NA,NA,NA,NA,NA,NA,NA,NA,NA,NA,NA,NA,NA,NA,NA,NA,NA,NA,NA,NA,NA,NA,NA,NA,NA,NA,NA,NA,NA,NA,NA,NA,NA,NA
"Jacoby Brissett","QB","ARI",NA,35,22,225,NA,1,1,NA,3,14,NA,0,NA,NA,NA,"2578570","ESPN","12616","ESPN","QB",NA,NA,NA,NA,NA,NA,NA,NA,NA,NA,NA,NA,NA,NA,NA,NA,NA,NA,NA,NA,NA,NA,NA,NA,NA,NA,NA,NA,NA,NA,NA,NA,NA,NA,NA,NA,NA,NA,NA,NA,NA,NA,NA,NA,NA,NA,NA,NA,NA,NA,NA,NA,NA,NA,NA,NA,NA,NA,NA,NA,NA,NA,NA,NA
"Geno Smith","QB","NYJ",NA,31,21,225,NA,1,1,NA,3,13,NA,0,NA,NA,NA,"15864","ESPN","11150","ESPN","QB",NA,NA,NA,NA,NA,NA,NA,NA,NA,NA,NA,NA,NA,NA,NA,NA,NA,NA,NA,NA,NA,NA,NA,NA,NA,NA,NA,NA,NA,NA,NA,NA,NA,NA,NA,NA,NA,NA,NA,NA,NA,NA,NA,NA,NA,NA,NA,NA,NA,NA,NA,NA,NA,NA,NA,NA,NA,NA,NA,NA,NA,NA,NA,NA
"Fernando Mendoza","QB","LV",NA,1,1,9,NA,0,0,NA,0,0,NA,0,NA,NA,NA,"4837248","ESPN","17462","ESPN","QB",NA,NA,NA,NA,NA,NA,NA,NA,NA,NA,NA,NA,NA,NA,NA,NA,NA,NA,NA,NA,NA,NA,NA,NA,NA,NA,NA,NA,NA,NA,NA,NA,NA,NA,NA,NA,NA,NA,NA,NA,NA,NA,NA,NA,NA,NA,NA,NA,NA,NA,NA,NA,NA,NA,NA,NA,NA,NA,NA,NA,NA,NA,NA,NA
"Aaron Rodgers","QB","PIT",NA,32,21,229,NA,2,1,NA,2,6,NA,0,NA,NA,NA,"8439","ESPN","7836","ESPN","QB",NA,NA,NA,NA,NA,NA,NA,NA,NA,NA,NA,NA,NA,NA,NA,NA,NA,NA,NA,NA,NA,NA,NA,NA,NA,NA,NA,NA,NA,NA,NA,NA,NA,NA,NA,NA,NA,NA,NA,NA,NA,NA,NA,NA,NA,NA,NA,NA,NA,NA,NA,NA,NA,NA,NA,NA,NA,NA,NA,NA,NA,NA,NA,NA
"Deshaun Watson","QB","CLE",NA,31,19,205,NA,1,1,NA,4,21,NA,0,NA,NA,NA,"3122840","ESPN","13113","ESPN","QB",NA,NA,NA,NA,NA,NA,NA,NA,NA,NA,NA,NA,NA,NA,NA,NA,NA,NA,NA,NA,NA,NA,NA,NA,NA,NA,NA,NA,NA,NA,NA,NA,NA,NA,NA,NA,NA,NA,NA,NA,NA,NA,NA,NA,NA,NA,NA,NA,NA,NA,NA,NA,NA,NA,NA,NA,NA,NA,NA,NA,NA,NA,NA,NA
"Tua Tagovailoa","QB","ATL",NA,33,21,224,NA,1,1,NA,2,4,NA,0,NA,NA,NA,"4241479","ESPN","14778","ESPN","QB",NA,NA,NA,NA,NA,NA,NA,NA,NA,NA,NA,NA,NA,NA,NA,NA,NA,NA,NA,NA,NA,NA,NA,NA,NA,NA,NA,NA,NA,NA,NA,NA,NA,NA,NA,NA,NA,NA,NA,NA,NA,NA,NA,NA,NA,NA,NA,NA,NA,NA,NA,NA,NA,NA,NA,NA,NA,NA,NA,NA,NA,NA,NA,NA
"Shedeur Sanders","QB","CLE",NA,1,1,10,NA,0,0,NA,0,0,NA,0,NA,NA,NA,"4432762","ESPN","17031","ESPN","QB",NA,NA,NA,NA,NA,NA,NA,NA,NA,NA,NA,NA,NA,NA,NA,NA,NA,NA,NA,NA,NA,NA,NA,NA,NA,NA,NA,NA,NA,NA,NA,NA,NA,NA,NA,NA,NA,NA,NA,NA,NA,NA,NA,NA,NA,NA,NA,NA,NA,NA,NA,NA,NA,NA,NA,NA,NA,NA,NA,NA,NA,NA,NA,NA
"Kirk Cousins","QB","LV",NA,31,21,236,NA,1,1,NA,2,4,NA,0,NA,NA,NA,"14880","ESPN","10700","ESPN","QB",NA,NA,NA,NA,NA,NA,NA,NA,NA,NA,NA,NA,NA,NA,NA,NA,NA,NA,NA,NA,NA,NA,NA,NA,NA,NA,NA,NA,NA,NA,NA,NA,NA,NA,NA,NA,NA,NA,NA,NA,NA,NA,NA,NA,NA,NA,NA,NA,NA,NA,NA,NA,NA,NA,NA,NA,NA,NA,NA,NA,NA,NA,NA,NA
"Michael Penix Jr.","QB","ATL",NA,NA,NA,NA,NA,NA,NA,NA,NA,NA,NA,NA,NA,NA,NA,"4360423","ESPN","16583","ESPN","QB",NA,NA,NA,NA,NA,NA,NA,NA,NA,NA,NA,NA,NA,NA,NA,NA,NA,NA,NA,NA,NA,NA,NA,NA,NA,NA,NA,NA,NA,NA,NA,NA,NA,NA,NA,NA,NA,NA,NA,NA,NA,NA,NA,NA,NA,NA,NA,NA,NA,NA,NA,NA,NA,NA,NA,NA,NA,NA,NA,NA,NA,NA,NA,NA
"J.J. McCarthy","QB","MIN",NA,1,1,10,NA,0,0,NA,0,0,NA,0,NA,NA,NA,"4433970","ESPN","16584","ESPN","QB",NA,NA,NA,NA,NA,NA,NA,NA,NA,NA,NA,NA,NA,NA,NA,NA,NA,NA,NA,NA,NA,NA,NA,NA,NA,NA,NA,NA,NA,NA,NA,NA,NA,NA,NA,NA,NA,NA,NA,NA,NA,NA,NA,NA,NA,NA,NA,NA,NA,NA,NA,NA,NA,NA,NA,NA,NA,NA,NA,NA,NA,NA,NA,NA
"Carson Beck","QB","ARI",NA,NA,NA,NA,NA,NA,NA,NA,NA,NA,NA,NA,NA,NA,NA,"4430841","ESPN","17466","ESPN","QB",NA,NA,NA,NA,NA,NA,NA,NA,NA,NA,NA,NA,NA,NA,NA,NA,NA,NA,NA,NA,NA,NA,NA,NA,NA,NA,NA,NA,NA,NA,NA,NA,NA,NA,NA,NA,NA,NA,NA,NA,NA,NA,NA,NA,NA,NA,NA,NA,NA,NA,NA,NA,NA,NA,NA,NA,NA,NA,NA,NA,NA,NA,NA,NA
"Justin Fields","QB","KCC",NA,1,1,8,NA,0,0,NA,0,1,NA,0,NA,NA,NA,"4362887","ESPN","15238","ESPN","QB",NA,NA,NA,NA,NA,NA,NA,NA,NA,NA,NA,NA,NA,NA,NA,NA,NA,NA,NA,NA,NA,NA,NA,NA,NA,NA,NA,NA,NA,NA,NA,NA,NA,NA,NA,NA,NA,NA,NA,NA,NA,NA,NA,NA,NA,NA,NA,NA,NA,NA,NA,NA,NA,NA,NA,NA,NA,NA,NA,NA,NA,NA,NA,NA
"Joe Flacco","QB","CIN",NA,1,1,10,NA,0,0,NA,0,0,NA,0,NA,NA,NA,"11252","ESPN","9064","ESPN","QB",NA,NA,NA,NA,NA,NA,NA,NA,NA,NA,NA,NA,NA,NA,NA,NA,NA,NA,NA,NA,NA,NA,NA,NA,NA,NA,NA,NA,NA,NA,NA,NA,NA,NA,NA,NA,NA,NA,NA,NA,NA,NA,NA,NA,NA,NA,NA,NA,NA,NA,NA,NA,NA,NA,NA,NA,NA,NA,NA,NA,NA,NA,NA,NA
"Mac Jones","QB","SF",NA,1,1,8,NA,0,0,NA,0,0,NA,0,NA,NA,NA,"4241464","ESPN","15241","ESPN","QB",NA,NA,NA,NA,NA,NA,NA,NA,NA,NA,NA,NA,NA,NA,NA,NA,NA,NA,NA,NA,NA,NA,NA,NA,NA,NA,NA,NA,NA,NA,NA,NA,NA,NA,NA,NA,NA,NA,NA,NA,NA,NA,NA,NA,NA,NA,NA,NA,NA,NA,NA,NA,NA,NA,NA,NA,NA,NA,NA,NA,NA,NA,NA,NA
"Ty Simpson","QB","LAR",NA,1,1,9,NA,0,0,NA,0,0,NA,0,NA,NA,NA,"4685522","ESPN","17463","ESPN","QB",NA,NA,NA,NA,NA,NA,NA,NA,NA,NA,NA,NA,NA,NA,NA,NA,NA,NA,NA,NA,NA,NA,NA,NA,NA,NA,NA,NA,NA,NA,NA,NA,NA,NA,NA,NA,NA,NA,NA,NA,NA,NA,NA,NA,NA,NA,NA,NA,NA,NA,NA,NA,NA,NA,NA,NA,NA,NA,NA,NA,NA,NA,NA,NA
"Jameis Winston","QB","NYG",NA,1,1,10,NA,0,0,NA,0,0,NA,0,NA,NA,NA,"2969939","ESPN","12140","ESPN","QB",NA,NA,NA,NA,NA,NA,NA,NA,NA,NA,NA,NA,NA,NA,NA,NA,NA,NA,NA,NA,NA,NA,NA,NA,NA,NA,NA,NA,NA,NA,NA,NA,NA,NA,NA,NA,NA,NA,NA,NA,NA,NA,NA,NA,NA,NA,NA,NA,NA,NA,NA,NA,NA,NA,NA,NA,NA,NA,NA,NA,NA,NA,NA,NA
"Jahmyr Gibbs","RB","DET",NA,NA,NA,NA,NA,NA,NA,NA,19,90,NA,1,NA,NA,NA,"4429795","ESPN","16162","ESPN","RB",5,4,32,NA,NA,0,NA,NA,NA,NA,NA,NA,NA,NA,NA,NA,NA,NA,NA,NA,NA,NA,NA,NA,NA,NA,NA,NA,NA,NA,NA,NA,NA,NA,NA,NA,NA,NA,NA,NA,NA,NA,NA,NA,NA,NA,NA,NA,NA,NA,NA,NA,NA,NA,NA,NA,NA,NA,NA,NA,NA,NA,NA,NA
"Bijan Robinson","RB","ATL",NA,NA,NA,NA,NA,NA,NA,NA,16,76,NA,0,NA,NA,NA,"4430807","ESPN","16161","ESPN","RB",6,5,40,NA,NA,0,NA,NA,NA,NA,NA,NA,NA,NA,NA,NA,NA,NA,NA,NA,NA,NA,NA,NA,NA,NA,NA,NA,NA,NA,NA,NA,NA,NA,NA,NA,NA,NA,NA,NA,NA,NA,NA,NA,NA,NA,NA,NA,NA,NA,NA,NA,NA,NA,NA,NA,NA,NA,NA,NA,NA,NA,NA,NA
"Jonathan Taylor","RB","IND",NA,NA,NA,NA,NA,NA,NA,NA,19,83,NA,1,NA,NA,NA,"4242335","ESPN","14802","ESPN","RB",4,3,23,NA,NA,0,NA,NA,NA,NA,NA,NA,NA,NA,NA,NA,NA,NA,NA,NA,NA,NA,NA,NA,NA,NA,NA,NA,NA,NA,NA,NA,NA,NA,NA,NA,NA,NA,NA,NA,NA,NA,NA,NA,NA,NA,NA,NA,NA,NA,NA,NA,NA,NA,NA,NA,NA,NA,NA,NA,NA,NA,NA,NA
"Christian McCaffrey","RB","SF",NA,NA,NA,NA,NA,NA,NA,NA,15,57,NA,0,NA,NA,NA,"3117251","ESPN","13130","ESPN","RB",6,5,39,NA,NA,0,NA,NA,NA,NA,NA,NA,NA,NA,NA,NA,NA,NA,NA,NA,NA,NA,NA,NA,NA,NA,NA,NA,NA,NA,NA,NA,NA,NA,NA,NA,NA,NA,NA,NA,NA,NA,NA,NA,NA,NA,NA,NA,NA,NA,NA,NA,NA,NA,NA,NA,NA,NA,NA,NA,NA,NA,NA,NA
"James Cook III","RB","BUF",NA,NA,NA,NA,NA,NA,NA,NA,17,76,NA,1,NA,NA,NA,"4379399","ESPN","15715","ESPN","RB",3,2,17,NA,NA,0,NA,NA,NA,NA,NA,NA,NA,NA,NA,NA,NA,NA,NA,NA,NA,NA,NA,NA,NA,NA,NA,NA,NA,NA,NA,NA,NA,NA,NA,NA,NA,NA,NA,NA,NA,NA,NA,NA,NA,NA,NA,NA,NA,NA,NA,NA,NA,NA,NA,NA,NA,NA,NA,NA,NA,NA,NA,NA
"De'Von Achane","RB","MIA",NA,NA,NA,NA,NA,NA,NA,NA,16,83,NA,0,NA,NA,NA,"4429160","ESPN","16167","ESPN","RB",5,4,31,NA,NA,0,NA,NA,NA,NA,NA,NA,NA,NA,NA,NA,NA,NA,NA,NA,NA,NA,NA,NA,NA,NA,NA,NA,NA,NA,NA,NA,NA,NA,NA,NA,NA,NA,NA,NA,NA,NA,NA,NA,NA,NA,NA,NA,NA,NA,NA,NA,NA,NA,NA,NA,NA,NA,NA,NA,NA,NA,NA,NA
"Omarion Hampton","RB","LAC",NA,NA,NA,NA,NA,NA,NA,NA,17,74,NA,1,NA,NA,NA,"4685382","ESPN","17044","ESPN","RB",4,3,23,NA,NA,0,NA,NA,NA,NA,NA,NA,NA,NA,NA,NA,NA,NA,NA,NA,NA,NA,NA,NA,NA,NA,NA,NA,NA,NA,NA,NA,NA,NA,NA,NA,NA,NA,NA,NA,NA,NA,NA,NA,NA,NA,NA,NA,NA,NA,NA,NA,NA,NA,NA,NA,NA,NA,NA,NA,NA,NA,NA,NA
"Chase Brown","RB","CIN",NA,NA,NA,NA,NA,NA,NA,NA,14,61,NA,0,NA,NA,NA,"4362238","ESPN","16181","ESPN","RB",5,4,26,NA,NA,0,NA,NA,NA,NA,NA,NA,NA,NA,NA,NA,NA,NA,NA,NA,NA,NA,NA,NA,NA,NA,NA,NA,NA,NA,NA,NA,NA,NA,NA,NA,NA,NA,NA,NA,NA,NA,NA,NA,NA,NA,NA,NA,NA,NA,NA,NA,NA,NA,NA,NA,NA,NA,NA,NA,NA,NA,NA,NA
"Saquon Barkley","RB","PHI",NA,NA,NA,NA,NA,NA,NA,NA,18,83,NA,1,NA,NA,NA,"3929630","ESPN","13604","ESPN","RB",3,3,23,NA,NA,0,NA,NA,NA,NA,NA,NA,NA,NA,NA,NA,NA,NA,NA,NA,NA,NA,NA,NA,NA,NA,NA,NA,NA,NA,NA,NA,NA,NA,NA,NA,NA,NA,NA,NA,NA,NA,NA,NA,NA,NA,NA,NA,NA,NA,NA,NA,NA,NA,NA,NA,NA,NA,NA,NA,NA,NA,NA,NA
"Derrick Henry","RB","BAL",NA,NA,NA,NA,NA,NA,NA,NA,19,88,NA,1,NA,NA,NA,"3043078","ESPN","12626","ESPN","RB",2,1,13,NA,NA,0,NA,NA,NA,NA,NA,NA,NA,NA,NA,NA,NA,NA,NA,NA,NA,NA,NA,NA,NA,NA,NA,NA,NA,NA,NA,NA,NA,NA,NA,NA,NA,NA,NA,NA,NA,NA,NA,NA,NA,NA,NA,NA,NA,NA,NA,NA,NA,NA,NA,NA,NA,NA,NA,NA,NA,NA,NA,NA
"Ashton Jeanty","RB","LV",NA,NA,NA,NA,NA,NA,NA,NA,17,75,NA,1,NA,NA,NA,"4890973","ESPN","17042","ESPN","RB",4,3,27,NA,NA,0,NA,NA,NA,NA,NA,NA,NA,NA,NA,NA,NA,NA,NA,NA,NA,NA,NA,NA,NA,NA,NA,NA,NA,NA,NA,NA,NA,NA,NA,NA,NA,NA,NA,NA,NA,NA,NA,NA,NA,NA,NA,NA,NA,NA,NA,NA,NA,NA,NA,NA,NA,NA,NA,NA,NA,NA,NA,NA
"Jeremiyah Love","RB","ARI",NA,NA,NA,NA,NA,NA,NA,NA,13,57,NA,0,NA,NA,NA,"4870808","ESPN","17472","ESPN","RB",5,4,27,NA,NA,0,NA,NA,NA,NA,NA,NA,NA,NA,NA,NA,NA,NA,NA,NA,NA,NA,NA,NA,NA,NA,NA,NA,NA,NA,NA,NA,NA,NA,NA,NA,NA,NA,NA,NA,NA,NA,NA,NA,NA,NA,NA,NA,NA,NA,NA,NA,NA,NA,NA,NA,NA,NA,NA,NA,NA,NA,NA,NA
"Kenneth Walker III","RB","KCC",NA,NA,NA,NA,NA,NA,NA,NA,16,67,NA,0,NA,NA,NA,"4567048","ESPN","15711","ESPN","RB",4,3,21,NA,NA,0,NA,NA,NA,NA,NA,NA,NA,NA,NA,NA,NA,NA,NA,NA,NA,NA,NA,NA,NA,NA,NA,NA,NA,NA,NA,NA,NA,NA,NA,NA,NA,NA,NA,NA,NA,NA,NA,NA,NA,NA,NA,NA,NA,NA,NA,NA,NA,NA,NA,NA,NA,NA,NA,NA,NA,NA,NA,NA
"Breece Hall","RB","NYJ",NA,NA,NA,NA,NA,NA,NA,NA,16,71,NA,0,NA,NA,NA,"4427366","ESPN","15708","ESPN","RB",4,3,26,NA,NA,0,NA,NA,NA,NA,NA,NA,NA,NA,NA,NA,NA,NA,NA,NA,NA,NA,NA,NA,NA,NA,NA,NA,NA,NA,NA,NA,NA,NA,NA,NA,NA,NA,NA,NA,NA,NA,NA,NA,NA,NA,NA,NA,NA,NA,NA,NA,NA,NA,NA,NA,NA,NA,NA,NA,NA,NA,NA,NA
"Javonte Williams","RB","DAL",NA,NA,NA,NA,NA,NA,NA,NA,17,75,NA,1,NA,NA,NA,"4361579","ESPN","15256","ESPN","RB",3,2,13,NA,NA,0,NA,NA,NA,NA,NA,NA,NA,NA,NA,NA,NA,NA,NA,NA,NA,NA,NA,NA,NA,NA,NA,NA,NA,NA,NA,NA,NA,NA,NA,NA,NA,NA,NA,NA,NA,NA,NA,NA,NA,NA,NA,NA,NA,NA,NA,NA,NA,NA,NA,NA,NA,NA,NA,NA,NA,NA,NA,NA
"Kyren Williams","RB","LAR",NA,NA,NA,NA,NA,NA,NA,NA,14,62,NA,1,NA,NA,NA,"4430737","ESPN","15710","ESPN","RB",3,2,13,NA,NA,0,NA,NA,NA,NA,NA,NA,NA,NA,NA,NA,NA,NA,NA,NA,NA,NA,NA,NA,NA,NA,NA,NA,NA,NA,NA,NA,NA,NA,NA,NA,NA,NA,NA,NA,NA,NA,NA,NA,NA,NA,NA,NA,NA,NA,NA,NA,NA,NA,NA,NA,NA,NA,NA,NA,NA,NA,NA,NA
"Travis Etienne Jr.","RB","NO",NA,NA,NA,NA,NA,NA,NA,NA,16,66,NA,0,NA,NA,NA,"4239996","ESPN","15253","ESPN","RB",4,3,26,NA,NA,0,NA,NA,NA,NA,NA,NA,NA,NA,NA,NA,NA,NA,NA,NA,NA,NA,NA,NA,NA,NA,NA,NA,NA,NA,NA,NA,NA,NA,NA,NA,NA,NA,NA,NA,NA,NA,NA,NA,NA,NA,NA,NA,NA,NA,NA,NA,NA,NA,NA,NA,NA,NA,NA,NA,NA,NA,NA,NA
"Quinshon Judkins","RB","CLE",NA,NA,NA,NA,NA,NA,NA,NA,18,72,NA,0,NA,NA,NA,"4685702","ESPN","17051","ESPN","RB",2,2,13,NA,NA,0,NA,NA,NA,NA,NA,NA,NA,NA,NA,NA,NA,NA,NA,NA,NA,NA,NA,NA,NA,NA,NA,NA,NA,NA,NA,NA,NA,NA,NA,NA,NA,NA,NA,NA,NA,NA,NA,NA,NA,NA,NA,NA,NA,NA,NA,NA,NA,NA,NA,NA,NA,NA,NA,NA,NA,NA,NA,NA
"Cam Skattebo","RB","NYG",NA,NA,NA,NA,NA,NA,NA,NA,14,59,NA,0,NA,NA,NA,"4696981","ESPN","17045","ESPN","RB",3,3,20,NA,NA,0,NA,NA,NA,NA,NA,NA,NA,NA,NA,NA,NA,NA,NA,NA,NA,NA,NA,NA,NA,NA,NA,NA,NA,NA,NA,NA,NA,NA,NA,NA,NA,NA,NA,NA,NA,NA,NA,NA,NA,NA,NA,NA,NA,NA,NA,NA,NA,NA,NA,NA,NA,NA,NA,NA,NA,NA,NA,NA
"D'Andre Swift","RB","CHI",NA,NA,NA,NA,NA,NA,NA,NA,13,58,NA,0,NA,NA,NA,"4259545","ESPN","14797","ESPN","RB",2,2,16,NA,NA,0,NA,NA,NA,NA,NA,NA,NA,NA,NA,NA,NA,NA,NA,NA,NA,NA,NA,NA,NA,NA,NA,NA,NA,NA,NA,NA,NA,NA,NA,NA,NA,NA,NA,NA,NA,NA,NA,NA,NA,NA,NA,NA,NA,NA,NA,NA,NA,NA,NA,NA,NA,NA,NA,NA,NA,NA,NA,NA
"Bhayshul Tuten","RB","JAC",NA,NA,NA,NA,NA,NA,NA,NA,15,62,NA,0,NA,NA,NA,"4882093","ESPN","17052","ESPN","RB",3,2,16,NA,NA,0,NA,NA,NA,NA,NA,NA,NA,NA,NA,NA,NA,NA,NA,NA,NA,NA,NA,NA,NA,NA,NA,NA,NA,NA,NA,NA,NA,NA,NA,NA,NA,NA,NA,NA,NA,NA,NA,NA,NA,NA,NA,NA,NA,NA,NA,NA,NA,NA,NA,NA,NA,NA,NA,NA,NA,NA,NA,NA
"Bucky Irving","RB","TB",NA,NA,NA,NA,NA,NA,NA,NA,14,58,NA,0,NA,NA,NA,"4596448","ESPN","16598","ESPN","RB",3,2,18,NA,NA,0,NA,NA,NA,NA,NA,NA,NA,NA,NA,NA,NA,NA,NA,NA,NA,NA,NA,NA,NA,NA,NA,NA,NA,NA,NA,NA,NA,NA,NA,NA,NA,NA,NA,NA,NA,NA,NA,NA,NA,NA,NA,NA,NA,NA,NA,NA,NA,NA,NA,NA,NA,NA,NA,NA,NA,NA,NA,NA
"David Montgomery","RB","HOU",NA,NA,NA,NA,NA,NA,NA,NA,13,60,NA,1,NA,NA,NA,"4035538","ESPN","14071","ESPN","RB",2,2,14,NA,NA,0,NA,NA,NA,NA,NA,NA,NA,NA,NA,NA,NA,NA,NA,NA,NA,NA,NA,NA,NA,NA,NA,NA,NA,NA,NA,NA,NA,NA,NA,NA,NA,NA,NA,NA,NA,NA,NA,NA,NA,NA,NA,NA,NA,NA,NA,NA,NA,NA,NA,NA,NA,NA,NA,NA,NA,NA,NA,NA
"Jadarian Price","RB","SEA",NA,NA,NA,NA,NA,NA,NA,NA,16,66,NA,1,NA,NA,NA,"4685512","ESPN","17473","ESPN","RB",2,2,12,NA,NA,0,NA,NA,NA,NA,NA,NA,NA,NA,NA,NA,NA,NA,NA,NA,NA,NA,NA,NA,NA,NA,NA,NA,NA,NA,NA,NA,NA,NA,NA,NA,NA,NA,NA,NA,NA,NA,NA,NA,NA,NA,NA,NA,NA,NA,NA,NA,NA,NA,NA,NA,NA,NA,NA,NA,NA,NA,NA,NA
"TreVeyon Henderson","RB","NE",NA,NA,NA,NA,NA,NA,NA,NA,NA,NA,NA,NA,NA,NA,NA,"4432710","ESPN","17043","ESPN","RB",NA,NA,NA,NA,NA,NA,NA,NA,NA,NA,NA,NA,NA,NA,NA,NA,NA,NA,NA,NA,NA,NA,NA,NA,NA,NA,NA,NA,NA,NA,NA,NA,NA,NA,NA,NA,NA,NA,NA,NA,NA,NA,NA,NA,NA,NA,NA,NA,NA,NA,NA,NA,NA,NA,NA,NA,NA,NA,NA,NA,NA,NA,NA,NA
"Rhamondre Stevenson","RB","NE",NA,NA,NA,NA,NA,NA,NA,NA,14,55,NA,0,NA,NA,NA,"4569173","ESPN","15259","ESPN","RB",4,3,23,NA,NA,0,NA,NA,NA,NA,NA,NA,NA,NA,NA,NA,NA,NA,NA,NA,NA,NA,NA,NA,NA,NA,NA,NA,NA,NA,NA,NA,NA,NA,NA,NA,NA,NA,NA,NA,NA,NA,NA,NA,NA,NA,NA,NA,NA,NA,NA,NA,NA,NA,NA,NA,NA,NA,NA,NA,NA,NA,NA,NA
"Tony Pollard","RB","TEN",NA,NA,NA,NA,NA,NA,NA,NA,15,65,NA,0,NA,NA,NA,"3916148","ESPN","14085","ESPN","RB",2,2,11,NA,NA,0,NA,NA,NA,NA,NA,NA,NA,NA,NA,NA,NA,NA,NA,NA,NA,NA,NA,NA,NA,NA,NA,NA,NA,NA,NA,NA,NA,NA,NA,NA,NA,NA,NA,NA,NA,NA,NA,NA,NA,NA,NA,NA,NA,NA,NA,NA,NA,NA,NA,NA,NA,NA,NA,NA,NA,NA,NA,NA
"Jaylen Warren","RB","PIT",NA,NA,NA,NA,NA,NA,NA,NA,12,53,NA,0,NA,NA,NA,"4569987","ESPN","15742","ESPN","RB",3,3,20,NA,NA,0,NA,NA,NA,NA,NA,NA,NA,NA,NA,NA,NA,NA,NA,NA,NA,NA,NA,NA,NA,NA,NA,NA,NA,NA,NA,NA,NA,NA,NA,NA,NA,NA,NA,NA,NA,NA,NA,NA,NA,NA,NA,NA,NA,NA,NA,NA,NA,NA,NA,NA,NA,NA,NA,NA,NA,NA,NA,NA
"Kenny Gainwell","RB","TB",NA,NA,NA,NA,NA,NA,NA,NA,7,30,NA,0,NA,NA,NA,"4371733","ESPN","15255","ESPN","RB",4,3,21,NA,NA,0,NA,NA,NA,NA,NA,NA,NA,NA,NA,NA,NA,NA,NA,NA,NA,NA,NA,NA,NA,NA,NA,NA,NA,NA,NA,NA,NA,NA,NA,NA,NA,NA,NA,NA,NA,NA,NA,NA,NA,NA,NA,NA,NA,NA,NA,NA,NA,NA,NA,NA,NA,NA,NA,NA,NA,NA,NA,NA
"Josh Jacobs","RB","GB",NA,NA,NA,NA,NA,NA,NA,NA,NA,NA,NA,NA,NA,NA,NA,"4047365","ESPN","14073","ESPN","RB",NA,NA,NA,NA,NA,NA,NA,NA,NA,NA,NA,NA,NA,NA,NA,NA,NA,NA,NA,NA,NA,NA,NA,NA,NA,NA,NA,NA,NA,NA,NA,NA,NA,NA,NA,NA,NA,NA,NA,NA,NA,NA,NA,NA,NA,NA,NA,NA,NA,NA,NA,NA,NA,NA,NA,NA,NA,NA,NA,NA,NA,NA,NA,NA
"Jonathon Brooks","RB","CAR",NA,NA,NA,NA,NA,NA,NA,NA,12,51,NA,0,NA,NA,NA,"4678008","ESPN","16597","ESPN","RB",3,2,17,NA,NA,0,NA,NA,NA,NA,NA,NA,NA,NA,NA,NA,NA,NA,NA,NA,NA,NA,NA,NA,NA,NA,NA,NA,NA,NA,NA,NA,NA,NA,NA,NA,NA,NA,NA,NA,NA,NA,NA,NA,NA,NA,NA,NA,NA,NA,NA,NA,NA,NA,NA,NA,NA,NA,NA,NA,NA,NA,NA,NA
"MarShawn Lloyd","RB","GB",NA,NA,NA,NA,NA,NA,NA,NA,15,61,NA,1,NA,NA,NA,"4429023","ESPN","16604","ESPN","RB",2,2,12,NA,NA,0,NA,NA,NA,NA,NA,NA,NA,NA,NA,NA,NA,NA,NA,NA,NA,NA,NA,NA,NA,NA,NA,NA,NA,NA,NA,NA,NA,NA,NA,NA,NA,NA,NA,NA,NA,NA,NA,NA,NA,NA,NA,NA,NA,NA,NA,NA,NA,NA,NA,NA,NA,NA,NA,NA,NA,NA,NA,NA
"Rico Dowdle","RB","PIT",NA,NA,NA,NA,NA,NA,NA,NA,14,65,NA,0,NA,NA,NA,"4038815","ESPN","14823","ESPN","RB",2,2,13,NA,NA,0,NA,NA,NA,NA,NA,NA,NA,NA,NA,NA,NA,NA,NA,NA,NA,NA,NA,NA,NA,NA,NA,NA,NA,NA,NA,NA,NA,NA,NA,NA,NA,NA,NA,NA,NA,NA,NA,NA,NA,NA,NA,NA,NA,NA,NA,NA,NA,NA,NA,NA,NA,NA,NA,NA,NA,NA,NA,NA
"Chuba Hubbard","RB","CAR",NA,NA,NA,NA,NA,NA,NA,NA,11,48,NA,0,NA,NA,NA,"4241416","ESPN","15261","ESPN","RB",3,2,19,NA,NA,0,NA,NA,NA,NA,NA,NA,NA,NA,NA,NA,NA,NA,NA,NA,NA,NA,NA,NA,NA,NA,NA,NA,NA,NA,NA,NA,NA,NA,NA,NA,NA,NA,NA,NA,NA,NA,NA,NA,NA,NA,NA,NA,NA,NA,NA,NA,NA,NA,NA,NA,NA,NA,NA,NA,NA,NA,NA,NA
"Aaron Jones Sr.","RB","MIN",NA,NA,NA,NA,NA,NA,NA,NA,9,38,NA,0,NA,NA,NA,"3042519","ESPN","13319","ESPN","RB",4,3,20,NA,NA,0,NA,NA,NA,NA,NA,NA,NA,NA,NA,NA,NA,NA,NA,NA,NA,NA,NA,NA,NA,NA,NA,NA,NA,NA,NA,NA,NA,NA,NA,NA,NA,NA,NA,NA,NA,NA,NA,NA,NA,NA,NA,NA,NA,NA,NA,NA,NA,NA,NA,NA,NA,NA,NA,NA,NA,NA,NA,NA
"Rachaad White","RB","WAS",NA,NA,NA,NA,NA,NA,NA,NA,8,30,NA,0,NA,NA,NA,"4697815","ESPN","15721","ESPN","RB",3,2,15,NA,NA,0,NA,NA,NA,NA,NA,NA,NA,NA,NA,NA,NA,NA,NA,NA,NA,NA,NA,NA,NA,NA,NA,NA,NA,NA,NA,NA,NA,NA,NA,NA,NA,NA,NA,NA,NA,NA,NA,NA,NA,NA,NA,NA,NA,NA,NA,NA,NA,NA,NA,NA,NA,NA,NA,NA,NA,NA,NA,NA
"J.K. Dobbins","RB","DEN",NA,NA,NA,NA,NA,NA,NA,NA,11,52,NA,0,NA,NA,NA,"4241985","ESPN","14800","ESPN","RB",2,1,8,NA,NA,0,NA,NA,NA,NA,NA,NA,NA,NA,NA,NA,NA,NA,NA,NA,NA,NA,NA,NA,NA,NA,NA,NA,NA,NA,NA,NA,NA,NA,NA,NA,NA,NA,NA,NA,NA,NA,NA,NA,NA,NA,NA,NA,NA,NA,NA,NA,NA,NA,NA,NA,NA,NA,NA,NA,NA,NA,NA,NA
"Kyle Monangai","RB","CHI",NA,NA,NA,NA,NA,NA,NA,NA,11,48,NA,0,NA,NA,NA,"4608686","ESPN","17066","ESPN","RB",2,2,13,NA,NA,0,NA,NA,NA,NA,NA,NA,NA,NA,NA,NA,NA,NA,NA,NA,NA,NA,NA,NA,NA,NA,NA,NA,NA,NA,NA,NA,NA,NA,NA,NA,NA,NA,NA,NA,NA,NA,NA,NA,NA,NA,NA,NA,NA,NA,NA,NA,NA,NA,NA,NA,NA,NA,NA,NA,NA,NA,NA,NA
"RJ Harvey","RB","DEN",NA,NA,NA,NA,NA,NA,NA,NA,4,17,NA,0,NA,NA,NA,"4568490","ESPN","17068","ESPN","RB",4,3,21,NA,NA,0,NA,NA,NA,NA,NA,NA,NA,NA,NA,NA,NA,NA,NA,NA,NA,NA,NA,NA,NA,NA,NA,NA,NA,NA,NA,NA,NA,NA,NA,NA,NA,NA,NA,NA,NA,NA,NA,NA,NA,NA,NA,NA,NA,NA,NA,NA,NA,NA,NA,NA,NA,NA,NA,NA,NA,NA,NA,NA
"Blake Corum","RB","LAR",NA,NA,NA,NA,NA,NA,NA,NA,11,49,NA,0,NA,NA,NA,"4429096","ESPN","16593","ESPN","RB",1,1,7,NA,NA,0,NA,NA,NA,NA,NA,NA,NA,NA,NA,NA,NA,NA,NA,NA,NA,NA,NA,NA,NA,NA,NA,NA,NA,NA,NA,NA,NA,NA,NA,NA,NA,NA,NA,NA,NA,NA,NA,NA,NA,NA,NA,NA,NA,NA,NA,NA,NA,NA,NA,NA,NA,NA,NA,NA,NA,NA,NA,NA
"Jacory Croskey-Merritt","RB","WAS",NA,NA,NA,NA,NA,NA,NA,NA,11,45,NA,0,NA,NA,NA,"4575131","ESPN","17256","ESPN","RB",1,1,7,NA,NA,0,NA,NA,NA,NA,NA,NA,NA,NA,NA,NA,NA,NA,NA,NA,NA,NA,NA,NA,NA,NA,NA,NA,NA,NA,NA,NA,NA,NA,NA,NA,NA,NA,NA,NA,NA,NA,NA,NA,NA,NA,NA,NA,NA,NA,NA,NA,NA,NA,NA,NA,NA,NA,NA,NA,NA,NA,NA,NA
"Tyjae Spears","RB","TEN",NA,NA,NA,NA,NA,NA,NA,NA,7,28,NA,0,NA,NA,NA,"4428557","ESPN","16165","ESPN","RB",3,3,20,NA,NA,0,NA,NA,NA,NA,NA,NA,NA,NA,NA,NA,NA,NA,NA,NA,NA,NA,NA,NA,NA,NA,NA,NA,NA,NA,NA,NA,NA,NA,NA,NA,NA,NA,NA,NA,NA,NA,NA,NA,NA,NA,NA,NA,NA,NA,NA,NA,NA,NA,NA,NA,NA,NA,NA,NA,NA,NA,NA,NA
"Woody Marks","RB","HOU",NA,NA,NA,NA,NA,NA,NA,NA,9,37,NA,0,NA,NA,NA,"4429059","ESPN","17053","ESPN","RB",2,1,12,NA,NA,0,NA,NA,NA,NA,NA,NA,NA,NA,NA,NA,NA,NA,NA,NA,NA,NA,NA,NA,NA,NA,NA,NA,NA,NA,NA,NA,NA,NA,NA,NA,NA,NA,NA,NA,NA,NA,NA,NA,NA,NA,NA,NA,NA,NA,NA,NA,NA,NA,NA,NA,NA,NA,NA,NA,NA,NA,NA,NA
"Jordan Mason","RB","MIN",NA,NA,NA,NA,NA,NA,NA,NA,11,52,NA,0,NA,NA,NA,"4360569","ESPN","15972","ESPN","RB",1,1,5,NA,NA,0,NA,NA,NA,NA,NA,NA,NA,NA,NA,NA,NA,NA,NA,NA,NA,NA,NA,NA,NA,NA,NA,NA,NA,NA,NA,NA,NA,NA,NA,NA,NA,NA,NA,NA,NA,NA,NA,NA,NA,NA,NA,NA,NA,NA,NA,NA,NA,NA,NA,NA,NA,NA,NA,NA,NA,NA,NA,NA
"Zach Charbonnet","RB","SEA",NA,NA,NA,NA,NA,NA,NA,NA,NA,NA,NA,NA,NA,NA,NA,"4426385","ESPN","16169","ESPN","RB",NA,NA,NA,NA,NA,NA,NA,NA,NA,NA,NA,NA,NA,NA,NA,NA,NA,NA,NA,NA,NA,NA,NA,NA,NA,NA,NA,NA,NA,NA,NA,NA,NA,NA,NA,NA,NA,NA,NA,NA,NA,NA,NA,NA,NA,NA,NA,NA,NA,NA,NA,NA,NA,NA,NA,NA,NA,NA,NA,NA,NA,NA,NA,NA
"Isiah Pacheco","RB","DET",NA,NA,NA,NA,NA,NA,NA,NA,NA,NA,NA,NA,NA,NA,NA,"4361529","ESPN","15749","ESPN","RB",NA,NA,NA,NA,NA,NA,NA,NA,NA,NA,NA,NA,NA,NA,NA,NA,NA,NA,NA,NA,NA,NA,NA,NA,NA,NA,NA,NA,NA,NA,NA,NA,NA,NA,NA,NA,NA,NA,NA,NA,NA,NA,NA,NA,NA,NA,NA,NA,NA,NA,NA,NA,NA,NA,NA,NA,NA,NA,NA,NA,NA,NA,NA,NA
"Jonah Coleman","RB","DEN",NA,NA,NA,NA,NA,NA,NA,NA,4,15,NA,0,NA,NA,NA,"4702555","ESPN","17477","ESPN","RB",1,1,7,NA,NA,0,NA,NA,NA,NA,NA,NA,NA,NA,NA,NA,NA,NA,NA,NA,NA,NA,NA,NA,NA,NA,NA,NA,NA,NA,NA,NA,NA,NA,NA,NA,NA,NA,NA,NA,NA,NA,NA,NA,NA,NA,NA,NA,NA,NA,NA,NA,NA,NA,NA,NA,NA,NA,NA,NA,NA,NA,NA,NA
"Chris Rodriguez Jr.","RB","JAC",NA,NA,NA,NA,NA,NA,NA,NA,6,27,NA,0,NA,NA,NA,"4362619","ESPN","16174","ESPN","RB",1,0,3,NA,NA,0,NA,NA,NA,NA,NA,NA,NA,NA,NA,NA,NA,NA,NA,NA,NA,NA,NA,NA,NA,NA,NA,NA,NA,NA,NA,NA,NA,NA,NA,NA,NA,NA,NA,NA,NA,NA,NA,NA,NA,NA,NA,NA,NA,NA,NA,NA,NA,NA,NA,NA,NA,NA,NA,NA,NA,NA,NA,NA
"Alvin Kamara","RB","NO",NA,NA,NA,NA,NA,NA,NA,NA,NA,NA,NA,NA,NA,NA,NA,"3054850","ESPN","13132","ESPN","RB",NA,NA,NA,NA,NA,NA,NA,NA,NA,NA,NA,NA,NA,NA,NA,NA,NA,NA,NA,NA,NA,NA,NA,NA,NA,NA,NA,NA,NA,NA,NA,NA,NA,NA,NA,NA,NA,NA,NA,NA,NA,NA,NA,NA,NA,NA,NA,NA,NA,NA,NA,NA,NA,NA,NA,NA,NA,NA,NA,NA,NA,NA,NA,NA
"Tyler Allgeier","RB","ARI",NA,NA,NA,NA,NA,NA,NA,NA,7,29,NA,0,NA,NA,NA,"4373626","ESPN","15712","ESPN","RB",2,1,9,NA,NA,0,NA,NA,NA,NA,NA,NA,NA,NA,NA,NA,NA,NA,NA,NA,NA,NA,NA,NA,NA,NA,NA,NA,NA,NA,NA,NA,NA,NA,NA,NA,NA,NA,NA,NA,NA,NA,NA,NA,NA,NA,NA,NA,NA,NA,NA,NA,NA,NA,NA,NA,NA,NA,NA,NA,NA,NA,NA,NA
"Dylan Sampson","RB","CLE",NA,NA,NA,NA,NA,NA,NA,NA,3,12,NA,0,NA,NA,NA,"5081397","ESPN","17047","ESPN","RB",2,2,12,NA,NA,0,NA,NA,NA,NA,NA,NA,NA,NA,NA,NA,NA,NA,NA,NA,NA,NA,NA,NA,NA,NA,NA,NA,NA,NA,NA,NA,NA,NA,NA,NA,NA,NA,NA,NA,NA,NA,NA,NA,NA,NA,NA,NA,NA,NA,NA,NA,NA,NA,NA,NA,NA,NA,NA,NA,NA,NA,NA,NA
"Keaton Mitchell","RB","LAC",NA,NA,NA,NA,NA,NA,NA,NA,5,27,NA,0,NA,NA,NA,"4596334","ESPN","16178","ESPN","RB",1,1,10,NA,NA,0,NA,NA,NA,NA,NA,NA,NA,NA,NA,NA,NA,NA,NA,NA,NA,NA,NA,NA,NA,NA,NA,NA,NA,NA,NA,NA,NA,NA,NA,NA,NA,NA,NA,NA,NA,NA,NA,NA,NA,NA,NA,NA,NA,NA,NA,NA,NA,NA,NA,NA,NA,NA,NA,NA,NA,NA,NA,NA
"Mike Washington Jr.","RB","LV",NA,NA,NA,NA,NA,NA,NA,NA,7,33,NA,0,NA,NA,NA,"4686658","ESPN","17482","ESPN","RB",1,1,8,NA,NA,0,NA,NA,NA,NA,NA,NA,NA,NA,NA,NA,NA,NA,NA,NA,NA,NA,NA,NA,NA,NA,NA,NA,NA,NA,NA,NA,NA,NA,NA,NA,NA,NA,NA,NA,NA,NA,NA,NA,NA,NA,NA,NA,NA,NA,NA,NA,NA,NA,NA,NA,NA,NA,NA,NA,NA,NA,NA,NA
"Samaje Perine","RB","CIN",NA,NA,NA,NA,NA,NA,NA,NA,6,26,NA,0,NA,NA,NA,"3116389","ESPN","13133","ESPN","RB",1,1,8,NA,NA,0,NA,NA,NA,NA,NA,NA,NA,NA,NA,NA,NA,NA,NA,NA,NA,NA,NA,NA,NA,NA,NA,NA,NA,NA,NA,NA,NA,NA,NA,NA,NA,NA,NA,NA,NA,NA,NA,NA,NA,NA,NA,NA,NA,NA,NA,NA,NA,NA,NA,NA,NA,NA,NA,NA,NA,NA,NA,NA
"Brian Robinson Jr.","RB","ATL",NA,NA,NA,NA,NA,NA,NA,NA,8,31,NA,0,NA,NA,NA,"4241474","ESPN","15716","ESPN","RB",1,1,3,NA,NA,0,NA,NA,NA,NA,NA,NA,NA,NA,NA,NA,NA,NA,NA,NA,NA,NA,NA,NA,NA,NA,NA,NA,NA,NA,NA,NA,NA,NA,NA,NA,NA,NA,NA,NA,NA,NA,NA,NA,NA,NA,NA,NA,NA,NA,NA,NA,NA,NA,NA,NA,NA,NA,NA,NA,NA,NA,NA,NA
"Braelon Allen","RB","NYJ",NA,NA,NA,NA,NA,NA,NA,NA,5,21,NA,0,NA,NA,NA,"4685247","ESPN","16596","ESPN","RB",1,1,5,NA,NA,0,NA,NA,NA,NA,NA,NA,NA,NA,NA,NA,NA,NA,NA,NA,NA,NA,NA,NA,NA,NA,NA,NA,NA,NA,NA,NA,NA,NA,NA,NA,NA,NA,NA,NA,NA,NA,NA,NA,NA,NA,NA,NA,NA,NA,NA,NA,NA,NA,NA,NA,NA,NA,NA,NA,NA,NA,NA,NA
"Tank Bigsby","RB","PHI",NA,NA,NA,NA,NA,NA,NA,NA,5,24,NA,0,NA,NA,NA,"4429013","ESPN","16164","ESPN","RB",0,0,2,NA,NA,0,NA,NA,NA,NA,NA,NA,NA,NA,NA,NA,NA,NA,NA,NA,NA,NA,NA,NA,NA,NA,NA,NA,NA,NA,NA,NA,NA,NA,NA,NA,NA,NA,NA,NA,NA,NA,NA,NA,NA,NA,NA,NA,NA,NA,NA,NA,NA,NA,NA,NA,NA,NA,NA,NA,NA,NA,NA,NA
"Ray Davis","RB","BUF",NA,NA,NA,NA,NA,NA,NA,NA,2,7,NA,0,NA,NA,NA,"4429501","ESPN","16603","ESPN","RB",1,0,3,NA,NA,0,NA,NA,NA,NA,NA,NA,NA,NA,NA,NA,NA,NA,NA,NA,NA,NA,NA,NA,NA,NA,NA,NA,NA,NA,NA,NA,NA,NA,NA,NA,NA,NA,NA,NA,NA,NA,NA,NA,NA,NA,NA,NA,NA,NA,NA,NA,NA,NA,NA,NA,NA,NA,NA,NA,NA,NA,NA,NA
"Najee Harris","RB","NYG",NA,NA,NA,NA,NA,NA,NA,NA,6,25,NA,0,NA,NA,NA,"4241457","ESPN","15254","ESPN","RB",1,1,5,NA,NA,0,NA,NA,NA,NA,NA,NA,NA,NA,NA,NA,NA,NA,NA,NA,NA,NA,NA,NA,NA,NA,NA,NA,NA,NA,NA,NA,NA,NA,NA,NA,NA,NA,NA,NA,NA,NA,NA,NA,NA,NA,NA,NA,NA,NA,NA,NA,NA,NA,NA,NA,NA,NA,NA,NA,NA,NA,NA,NA
"Justice Hill","RB","BAL",NA,NA,NA,NA,NA,NA,NA,NA,3,16,NA,0,NA,NA,NA,"4038441","ESPN","14086","ESPN","RB",3,2,21,NA,NA,0,NA,NA,NA,NA,NA,NA,NA,NA,NA,NA,NA,NA,NA,NA,NA,NA,NA,NA,NA,NA,NA,NA,NA,NA,NA,NA,NA,NA,NA,NA,NA,NA,NA,NA,NA,NA,NA,NA,NA,NA,NA,NA,NA,NA,NA,NA,NA,NA,NA,NA,NA,NA,NA,NA,NA,NA,NA,NA
"Kaelon Black","RB","SF",NA,NA,NA,NA,NA,NA,NA,NA,4,16,NA,0,NA,NA,NA,"4696044","ESPN","17485","ESPN","RB",1,0,4,NA,NA,0,NA,NA,NA,NA,NA,NA,NA,NA,NA,NA,NA,NA,NA,NA,NA,NA,NA,NA,NA,NA,NA,NA,NA,NA,NA,NA,NA,NA,NA,NA,NA,NA,NA,NA,NA,NA,NA,NA,NA,NA,NA,NA,NA,NA,NA,NA,NA,NA,NA,NA,NA,NA,NA,NA,NA,NA,NA,NA
"Kimani Vidal","RB","LAC",NA,NA,NA,NA,NA,NA,NA,NA,2,9,NA,0,NA,NA,NA,"4430968","ESPN","16757","ESPN","RB",1,0,4,NA,NA,0,NA,NA,NA,NA,NA,NA,NA,NA,NA,NA,NA,NA,NA,NA,NA,NA,NA,NA,NA,NA,NA,NA,NA,NA,NA,NA,NA,NA,NA,NA,NA,NA,NA,NA,NA,NA,NA,NA,NA,NA,NA,NA,NA,NA,NA,NA,NA,NA,NA,NA,NA,NA,NA,NA,NA,NA,NA,NA
"Jaylen Wright","RB","MIA",NA,NA,NA,NA,NA,NA,NA,NA,4,16,NA,0,NA,NA,NA,"4682745","ESPN","16610","ESPN","RB",1,0,3,NA,NA,0,NA,NA,NA,NA,NA,NA,NA,NA,NA,NA,NA,NA,NA,NA,NA,NA,NA,NA,NA,NA,NA,NA,NA,NA,NA,NA,NA,NA,NA,NA,NA,NA,NA,NA,NA,NA,NA,NA,NA,NA,NA,NA,NA,NA,NA,NA,NA,NA,NA,NA,NA,NA,NA,NA,NA,NA,NA,NA
"Ollie Gordon II","RB","MIA",NA,NA,NA,NA,NA,NA,NA,NA,3,12,NA,0,NA,NA,NA,"4711533","ESPN","17059","ESPN","RB",0,0,2,NA,NA,0,NA,NA,NA,NA,NA,NA,NA,NA,NA,NA,NA,NA,NA,NA,NA,NA,NA,NA,NA,NA,NA,NA,NA,NA,NA,NA,NA,NA,NA,NA,NA,NA,NA,NA,NA,NA,NA,NA,NA,NA,NA,NA,NA,NA,NA,NA,NA,NA,NA,NA,NA,NA,NA,NA,NA,NA,NA,NA
"Ty Johnson","RB","BUF",NA,NA,NA,NA,NA,NA,NA,NA,3,12,NA,0,NA,NA,NA,"3915411","ESPN","14095","ESPN","RB",2,1,12,NA,NA,0,NA,NA,NA,NA,NA,NA,NA,NA,NA,NA,NA,NA,NA,NA,NA,NA,NA,NA,NA,NA,NA,NA,NA,NA,NA,NA,NA,NA,NA,NA,NA,NA,NA,NA,NA,NA,NA,NA,NA,NA,NA,NA,NA,NA,NA,NA,NA,NA,NA,NA,NA,NA,NA,NA,NA,NA,NA,NA
"Chris Brooks","RB","GB",NA,NA,NA,NA,NA,NA,NA,NA,6,28,NA,0,NA,NA,NA,"3149687","ESPN","16387","ESPN","RB",3,2,13,NA,NA,0,NA,NA,NA,NA,NA,NA,NA,NA,NA,NA,NA,NA,NA,NA,NA,NA,NA,NA,NA,NA,NA,NA,NA,NA,NA,NA,NA,NA,NA,NA,NA,NA,NA,NA,NA,NA,NA,NA,NA,NA,NA,NA,NA,NA,NA,NA,NA,NA,NA,NA,NA,NA,NA,NA,NA,NA,NA,NA
"Brashard Smith","RB","KCC",NA,NA,NA,NA,NA,NA,NA,NA,2,9,NA,0,NA,NA,NA,"4596602","ESPN","17049","ESPN","RB",1,1,7,NA,NA,0,NA,NA,NA,NA,NA,NA,NA,NA,NA,NA,NA,NA,NA,NA,NA,NA,NA,NA,NA,NA,NA,NA,NA,NA,NA,NA,NA,NA,NA,NA,NA,NA,NA,NA,NA,NA,NA,NA,NA,NA,NA,NA,NA,NA,NA,NA,NA,NA,NA,NA,NA,NA,NA,NA,NA,NA,NA,NA
"Malik Davis","RB","DAL",NA,NA,NA,NA,NA,NA,NA,NA,4,17,NA,0,NA,NA,NA,"4240603","ESPN","15738","ESPN","RB",1,0,4,NA,NA,0,NA,NA,NA,NA,NA,NA,NA,NA,NA,NA,NA,NA,NA,NA,NA,NA,NA,NA,NA,NA,NA,NA,NA,NA,NA,NA,NA,NA,NA,NA,NA,NA,NA,NA,NA,NA,NA,NA,NA,NA,NA,NA,NA,NA,NA,NA,NA,NA,NA,NA,NA,NA,NA,NA,NA,NA,NA,NA
"Emmett Johnson","RB","KCC",NA,NA,NA,NA,NA,NA,NA,NA,4,14,NA,0,NA,NA,NA,"4832955","ESPN","17474","ESPN","RB",1,0,3,NA,NA,0,NA,NA,NA,NA,NA,NA,NA,NA,NA,NA,NA,NA,NA,NA,NA,NA,NA,NA,NA,NA,NA,NA,NA,NA,NA,NA,NA,NA,NA,NA,NA,NA,NA,NA,NA,NA,NA,NA,NA,NA,NA,NA,NA,NA,NA,NA,NA,NA,NA,NA,NA,NA,NA,NA,NA,NA,NA,NA
"Isaiah Davis","RB","NYJ",NA,NA,NA,NA,NA,NA,NA,NA,2,11,NA,0,NA,NA,NA,"4695404","ESPN","16752","ESPN","RB",1,1,6,NA,NA,0,NA,NA,NA,NA,NA,NA,NA,NA,NA,NA,NA,NA,NA,NA,NA,NA,NA,NA,NA,NA,NA,NA,NA,NA,NA,NA,NA,NA,NA,NA,NA,NA,NA,NA,NA,NA,NA,NA,NA,NA,NA,NA,NA,NA,NA,NA,NA,NA,NA,NA,NA,NA,NA,NA,NA,NA,NA,NA
"Jacob Saylors","RB","DET",NA,NA,NA,NA,NA,NA,NA,NA,5,22,NA,0,NA,NA,NA,"4383429","ESPN","16850","ESPN","RB",1,1,5,NA,NA,0,NA,NA,NA,NA,NA,NA,NA,NA,NA,NA,NA,NA,NA,NA,NA,NA,NA,NA,NA,NA,NA,NA,NA,NA,NA,NA,NA,NA,NA,NA,NA,NA,NA,NA,NA,NA,NA,NA,NA,NA,NA,NA,NA,NA,NA,NA,NA,NA,NA,NA,NA,NA,NA,NA,NA,NA,NA,NA
"LeQuint Allen Jr.","RB","JAC",NA,NA,NA,NA,NA,NA,NA,NA,NA,NA,NA,NA,NA,NA,NA,"4911851","ESPN","17061","ESPN","RB",NA,NA,NA,NA,NA,NA,NA,NA,NA,NA,NA,NA,NA,NA,NA,NA,NA,NA,NA,NA,NA,NA,NA,NA,NA,NA,NA,NA,NA,NA,NA,NA,NA,NA,NA,NA,NA,NA,NA,NA,NA,NA,NA,NA,NA,NA,NA,NA,NA,NA,NA,NA,NA,NA,NA,NA,NA,NA,NA,NA,NA,NA,NA,NA
"George Holani","RB","SEA",NA,NA,NA,NA,NA,NA,NA,NA,6,25,NA,0,NA,NA,NA,"4429835","ESPN","16608","ESPN","RB",2,1,10,NA,NA,0,NA,NA,NA,NA,NA,NA,NA,NA,NA,NA,NA,NA,NA,NA,NA,NA,NA,NA,NA,NA,NA,NA,NA,NA,NA,NA,NA,NA,NA,NA,NA,NA,NA,NA,NA,NA,NA,NA,NA,NA,NA,NA,NA,NA,NA,NA,NA,NA,NA,NA,NA,NA,NA,NA,NA,NA,NA,NA
"Tyrone Tracy Jr.","RB","NYG",NA,NA,NA,NA,NA,NA,NA,NA,2,9,NA,0,NA,NA,NA,"4360516","ESPN","16747","ESPN","RB",1,1,5,NA,NA,0,NA,NA,NA,NA,NA,NA,NA,NA,NA,NA,NA,NA,NA,NA,NA,NA,NA,NA,NA,NA,NA,NA,NA,NA,NA,NA,NA,NA,NA,NA,NA,NA,NA,NA,NA,NA,NA,NA,NA,NA,NA,NA,NA,NA,NA,NA,NA,NA,NA,NA,NA,NA,NA,NA,NA,NA,NA,NA
"Sean Tucker","RB","TB",NA,NA,NA,NA,NA,NA,NA,NA,2,11,NA,0,NA,NA,NA,"4430871","ESPN","16166","ESPN","RB",0,0,1,NA,NA,0,NA,NA,NA,NA,NA,NA,NA,NA,NA,NA,NA,NA,NA,NA,NA,NA,NA,NA,NA,NA,NA,NA,NA,NA,NA,NA,NA,NA,NA,NA,NA,NA,NA,NA,NA,NA,NA,NA,NA,NA,NA,NA,NA,NA,NA,NA,NA,NA,NA,NA,NA,NA,NA,NA,NA,NA,NA,NA
"Seth McGowan","RB","IND",NA,NA,NA,NA,NA,NA,NA,NA,2,8,NA,0,NA,NA,NA,"4686468","ESPN","17475","ESPN","RB",1,1,3,NA,NA,0,NA,NA,NA,NA,NA,NA,NA,NA,NA,NA,NA,NA,NA,NA,NA,NA,NA,NA,NA,NA,NA,NA,NA,NA,NA,NA,NA,NA,NA,NA,NA,NA,NA,NA,NA,NA,NA,NA,NA,NA,NA,NA,NA,NA,NA,NA,NA,NA,NA,NA,NA,NA,NA,NA,NA,NA,NA,NA
"Jordan James","RB","SF",NA,NA,NA,NA,NA,NA,NA,NA,2,8,NA,0,NA,NA,NA,"4685397","ESPN","17055","ESPN","RB",0,0,2,NA,NA,0,NA,NA,NA,NA,NA,NA,NA,NA,NA,NA,NA,NA,NA,NA,NA,NA,NA,NA,NA,NA,NA,NA,NA,NA,NA,NA,NA,NA,NA,NA,NA,NA,NA,NA,NA,NA,NA,NA,NA,NA,NA,NA,NA,NA,NA,NA,NA,NA,NA,NA,NA,NA,NA,NA,NA,NA,NA,NA
"Will Shipley","RB","PHI",NA,NA,NA,NA,NA,NA,NA,NA,1,3,NA,0,NA,NA,NA,"4431545","ESPN","16601","ESPN","RB",1,1,5,NA,NA,0,NA,NA,NA,NA,NA,NA,NA,NA,NA,NA,NA,NA,NA,NA,NA,NA,NA,NA,NA,NA,NA,NA,NA,NA,NA,NA,NA,NA,NA,NA,NA,NA,NA,NA,NA,NA,NA,NA,NA,NA,NA,NA,NA,NA,NA,NA,NA,NA,NA,NA,NA,NA,NA,NA,NA,NA,NA,NA
"Emanuel Wilson","RB","SEA",NA,NA,NA,NA,NA,NA,NA,NA,2,8,NA,0,NA,NA,NA,"4887558","ESPN","16432","ESPN","RB",0,0,2,NA,NA,0,NA,NA,NA,NA,NA,NA,NA,NA,NA,NA,NA,NA,NA,NA,NA,NA,NA,NA,NA,NA,NA,NA,NA,NA,NA,NA,NA,NA,NA,NA,NA,NA,NA,NA,NA,NA,NA,NA,NA,NA,NA,NA,NA,NA,NA,NA,NA,NA,NA,NA,NA,NA,NA,NA,NA,NA,NA,NA
"Emari Demercado","RB","DAL",NA,NA,NA,NA,NA,NA,NA,NA,2,7,NA,0,NA,NA,NA,"4362478","ESPN","16385","ESPN","RB",0,0,2,NA,NA,0,NA,NA,NA,NA,NA,NA,NA,NA,NA,NA,NA,NA,NA,NA,NA,NA,NA,NA,NA,NA,NA,NA,NA,NA,NA,NA,NA,NA,NA,NA,NA,NA,NA,NA,NA,NA,NA,NA,NA,NA,NA,NA,NA,NA,NA,NA,NA,NA,NA,NA,NA,NA,NA,NA,NA,NA,NA,NA
"Kaleb Johnson","RB","GB",NA,NA,NA,NA,NA,NA,NA,NA,1,5,NA,0,NA,NA,NA,"4819231","ESPN","17048","ESPN","RB",0,0,2,NA,NA,0,NA,NA,NA,NA,NA,NA,NA,NA,NA,NA,NA,NA,NA,NA,NA,NA,NA,NA,NA,NA,NA,NA,NA,NA,NA,NA,NA,NA,NA,NA,NA,NA,NA,NA,NA,NA,NA,NA,NA,NA,NA,NA,NA,NA,NA,NA,NA,NA,NA,NA,NA,NA,NA,NA,NA,NA,NA,NA
"Nicholas Singleton","RB","TEN",NA,NA,NA,NA,NA,NA,NA,NA,1,5,NA,0,NA,NA,NA,"4685555","ESPN","17476","ESPN","RB",0,0,2,NA,NA,0,NA,NA,NA,NA,NA,NA,NA,NA,NA,NA,NA,NA,NA,NA,NA,NA,NA,NA,NA,NA,NA,NA,NA,NA,NA,NA,NA,NA,NA,NA,NA,NA,NA,NA,NA,NA,NA,NA,NA,NA,NA,NA,NA,NA,NA,NA,NA,NA,NA,NA,NA,NA,NA,NA,NA,NA,NA,NA
"Kendre Miller","RB","NO",NA,NA,NA,NA,NA,NA,NA,NA,6,25,NA,0,NA,NA,NA,"4599739","ESPN","16171","ESPN","RB",2,2,11,NA,NA,0,NA,NA,NA,NA,NA,NA,NA,NA,NA,NA,NA,NA,NA,NA,NA,NA,NA,NA,NA,NA,NA,NA,NA,NA,NA,NA,NA,NA,NA,NA,NA,NA,NA,NA,NA,NA,NA,NA,NA,NA,NA,NA,NA,NA,NA,NA,NA,NA,NA,NA,NA,NA,NA,NA,NA,NA,NA,NA
"Tahj Brooks","RB","CIN",NA,NA,NA,NA,NA,NA,NA,NA,2,7,NA,0,NA,NA,NA,"4429299","ESPN","17058","ESPN","RB",NA,NA,NA,NA,NA,NA,NA,NA,NA,NA,NA,NA,NA,NA,NA,NA,NA,NA,NA,NA,NA,NA,NA,NA,NA,NA,NA,NA,NA,NA,NA,NA,NA,NA,NA,NA,NA,NA,NA,NA,NA,NA,NA,NA,NA,NA,NA,NA,NA,NA,NA,NA,NA,NA,NA,NA,NA,NA,NA,NA,NA,NA,NA,NA
"Demond Claiborne","RB","MIN",NA,NA,NA,NA,NA,NA,NA,NA,1,3,NA,0,NA,NA,NA,"4832846","ESPN","17481","ESPN","RB",0,0,2,NA,NA,0,NA,NA,NA,NA,NA,NA,NA,NA,NA,NA,NA,NA,NA,NA,NA,NA,NA,NA,NA,NA,NA,NA,NA,NA,NA,NA,NA,NA,NA,NA,NA,NA,NA,NA,NA,NA,NA,NA,NA,NA,NA,NA,NA,NA,NA,NA,NA,NA,NA,NA,NA,NA,NA,NA,NA,NA,NA,NA
"Rasheen Ali","RB","BAL",NA,NA,NA,NA,NA,NA,NA,NA,1,4,NA,0,NA,NA,NA,"4690013","ESPN","16746","ESPN","RB",0,0,2,NA,NA,0,NA,NA,NA,NA,NA,NA,NA,NA,NA,NA,NA,NA,NA,NA,NA,NA,NA,NA,NA,NA,NA,NA,NA,NA,NA,NA,NA,NA,NA,NA,NA,NA,NA,NA,NA,NA,NA,NA,NA,NA,NA,NA,NA,NA,NA,NA,NA,NA,NA,NA,NA,NA,NA,NA,NA,NA,NA,NA
"Kaytron Allen","RB","WAS",NA,NA,NA,NA,NA,NA,NA,NA,1,3,NA,0,NA,NA,NA,"4685246","ESPN","17478","ESPN","RB",0,0,2,NA,NA,0,NA,NA,NA,NA,NA,NA,NA,NA,NA,NA,NA,NA,NA,NA,NA,NA,NA,NA,NA,NA,NA,NA,NA,NA,NA,NA,NA,NA,NA,NA,NA,NA,NA,NA,NA,NA,NA,NA,NA,NA,NA,NA,NA,NA,NA,NA,NA,NA,NA,NA,NA,NA,NA,NA,NA,NA,NA,NA
"DJ Giddens","RB","IND",NA,NA,NA,NA,NA,NA,NA,NA,1,3,NA,0,NA,NA,NA,"4874509","ESPN","17060","ESPN","RB",0,0,2,NA,NA,0,NA,NA,NA,NA,NA,NA,NA,NA,NA,NA,NA,NA,NA,NA,NA,NA,NA,NA,NA,NA,NA,NA,NA,NA,NA,NA,NA,NA,NA,NA,NA,NA,NA,NA,NA,NA,NA,NA,NA,NA,NA,NA,NA,NA,NA,NA,NA,NA,NA,NA,NA,NA,NA,NA,NA,NA,NA,NA
"Sione Vaki","RB","DET",NA,NA,NA,NA,NA,NA,NA,NA,2,9,NA,0,NA,NA,NA,"4912274","ESPN","16678","ESPN","RB",0,0,2,NA,NA,0,NA,NA,NA,NA,NA,NA,NA,NA,NA,NA,NA,NA,NA,NA,NA,NA,NA,NA,NA,NA,NA,NA,NA,NA,NA,NA,NA,NA,NA,NA,NA,NA,NA,NA,NA,NA,NA,NA,NA,NA,NA,NA,NA,NA,NA,NA,NA,NA,NA,NA,NA,NA,NA,NA,NA,NA,NA,NA
"Kene Nwangwu","RB","NYJ",NA,NA,NA,NA,NA,NA,NA,NA,NA,NA,NA,NA,NA,NA,NA,"4035537","ESPN","15414","ESPN","RB",NA,NA,NA,NA,NA,NA,NA,NA,NA,NA,NA,NA,NA,NA,NA,NA,NA,NA,NA,NA,NA,NA,NA,NA,NA,NA,NA,NA,NA,NA,NA,NA,NA,NA,NA,NA,NA,NA,NA,NA,NA,NA,NA,NA,NA,NA,NA,NA,NA,NA,NA,NA,NA,NA,NA,NA,NA,NA,NA,NA,NA,NA,NA,NA
"Bam Knight","RB","ARI",NA,NA,NA,NA,NA,NA,NA,NA,NA,NA,NA,NA,NA,NA,NA,"4427728","ESPN","15727","ESPN","RB",NA,NA,NA,NA,NA,NA,NA,NA,NA,NA,NA,NA,NA,NA,NA,NA,NA,NA,NA,NA,NA,NA,NA,NA,NA,NA,NA,NA,NA,NA,NA,NA,NA,NA,NA,NA,NA,NA,NA,NA,NA,NA,NA,NA,NA,NA,NA,NA,NA,NA,NA,NA,NA,NA,NA,NA,NA,NA,NA,NA,NA,NA,NA,NA
"Dylan Laube","RB","LV",NA,NA,NA,NA,NA,NA,NA,NA,NA,NA,NA,NA,NA,NA,NA,"4366963","ESPN","16613","ESPN","RB",NA,NA,NA,NA,NA,NA,NA,NA,NA,NA,NA,NA,NA,NA,NA,NA,NA,NA,NA,NA,NA,NA,NA,NA,NA,NA,NA,NA,NA,NA,NA,NA,NA,NA,NA,NA,NA,NA,NA,NA,NA,NA,NA,NA,NA,NA,NA,NA,NA,NA,NA,NA,NA,NA,NA,NA,NA,NA,NA,NA,NA,NA,NA,NA
"Tyler Badie","RB","DEN",NA,NA,NA,NA,NA,NA,NA,NA,NA,NA,NA,NA,NA,NA,NA,"4362748","ESPN","15718","ESPN","RB",NA,NA,NA,NA,NA,NA,NA,NA,NA,NA,NA,NA,NA,NA,NA,NA,NA,NA,NA,NA,NA,NA,NA,NA,NA,NA,NA,NA,NA,NA,NA,NA,NA,NA,NA,NA,NA,NA,NA,NA,NA,NA,NA,NA,NA,NA,NA,NA,NA,NA,NA,NA,NA,NA,NA,NA,NA,NA,NA,NA,NA,NA,NA,NA
"Ameer Abdullah","RB","JAC",NA,NA,NA,NA,NA,NA,NA,NA,1,2,NA,0,NA,NA,NA,"2576336","ESPN","12155","ESPN","RB",1,1,5,NA,NA,0,NA,NA,NA,NA,NA,NA,NA,NA,NA,NA,NA,NA,NA,NA,NA,NA,NA,NA,NA,NA,NA,NA,NA,NA,NA,NA,NA,NA,NA,NA,NA,NA,NA,NA,NA,NA,NA,NA,NA,NA,NA,NA,NA,NA,NA,NA,NA,NA,NA,NA,NA,NA,NA,NA,NA,NA,NA,NA
"Adam Randall","RB","BAL",NA,NA,NA,NA,NA,NA,NA,NA,NA,NA,NA,NA,NA,NA,NA,"4685526","ESPN","17652","ESPN","RB",NA,NA,NA,NA,NA,NA,NA,NA,NA,NA,NA,NA,NA,NA,NA,NA,NA,NA,NA,NA,NA,NA,NA,NA,NA,NA,NA,NA,NA,NA,NA,NA,NA,NA,NA,NA,NA,NA,NA,NA,NA,NA,NA,NA,NA,NA,NA,NA,NA,NA,NA,NA,NA,NA,NA,NA,NA,NA,NA,NA,NA,NA,NA,NA
"James Conner","RB","ARI",NA,NA,NA,NA,NA,NA,NA,NA,NA,NA,NA,NA,NA,NA,NA,"3045147","ESPN","13146","ESPN","RB",NA,NA,NA,NA,NA,NA,NA,NA,NA,NA,NA,NA,NA,NA,NA,NA,NA,NA,NA,NA,NA,NA,NA,NA,NA,NA,NA,NA,NA,NA,NA,NA,NA,NA,NA,NA,NA,NA,NA,NA,NA,NA,NA,NA,NA,NA,NA,NA,NA,NA,NA,NA,NA,NA,NA,NA,NA,NA,NA,NA,NA,NA,NA,NA
"Trey Benson","RB","ARI",NA,NA,NA,NA,NA,NA,NA,NA,NA,NA,NA,NA,NA,NA,NA,"4429275","ESPN","16594","ESPN","RB",NA,NA,NA,NA,NA,NA,NA,NA,NA,NA,NA,NA,NA,NA,NA,NA,NA,NA,NA,NA,NA,NA,NA,NA,NA,NA,NA,NA,NA,NA,NA,NA,NA,NA,NA,NA,NA,NA,NA,NA,NA,NA,NA,NA,NA,NA,NA,NA,NA,NA,NA,NA,NA,NA,NA,NA,NA,NA,NA,NA,NA,NA,NA,NA
"Riley Nowakowski","RB","PIT",NA,NA,NA,NA,NA,NA,NA,NA,NA,NA,NA,NA,NA,NA,NA,"4693370","ESPN","17648","ESPN","RB",0,0,2,NA,NA,0,NA,NA,NA,NA,NA,NA,NA,NA,NA,NA,NA,NA,NA,NA,NA,NA,NA,NA,NA,NA,NA,NA,NA,NA,NA,NA,NA,NA,NA,NA,NA,NA,NA,NA,NA,NA,NA,NA,NA,NA,NA,NA,NA,NA,NA,NA,NA,NA,NA,NA,NA,NA,NA,NA,NA,NA,NA,NA
"Ja'Marr Chase","WR","CIN",NA,NA,NA,NA,NA,NA,NA,NA,0,1,NA,0,NA,NA,NA,"4362628","ESPN","15281","ESPN","WR",10,7,89,NA,NA,1,NA,NA,NA,NA,NA,NA,NA,NA,NA,NA,NA,NA,NA,NA,NA,NA,NA,NA,NA,NA,NA,NA,NA,NA,NA,NA,NA,NA,NA,NA,NA,NA,NA,NA,NA,NA,NA,NA,NA,NA,NA,NA,NA,NA,NA,NA,NA,NA,NA,NA,NA,NA,NA,NA,NA,NA,NA,NA
"Puka Nacua","WR","LAR",NA,NA,NA,NA,NA,NA,NA,NA,1,5,NA,0,NA,NA,NA,"4426515","ESPN","16211","ESPN","WR",10,7,94,NA,NA,1,NA,NA,NA,NA,NA,NA,NA,NA,NA,NA,NA,NA,NA,NA,NA,NA,NA,NA,NA,NA,NA,NA,NA,NA,NA,NA,NA,NA,NA,NA,NA,NA,NA,NA,NA,NA,NA,NA,NA,NA,NA,NA,NA,NA,NA,NA,NA,NA,NA,NA,NA,NA,NA,NA,NA,NA,NA,NA
"Jaxon Smith-Njigba","WR","SEA",NA,NA,NA,NA,NA,NA,NA,NA,0,1,NA,0,NA,NA,NA,"4430878","ESPN","16185","ESPN","WR",10,7,91,NA,NA,0,NA,NA,NA,NA,NA,NA,NA,NA,NA,NA,NA,NA,NA,NA,NA,NA,NA,NA,NA,NA,NA,NA,NA,NA,NA,NA,NA,NA,NA,NA,NA,NA,NA,NA,NA,NA,NA,NA,NA,NA,NA,NA,NA,NA,NA,NA,NA,NA,NA,NA,NA,NA,NA,NA,NA,NA,NA,NA
"Amon-Ra St. Brown","WR","DET",NA,NA,NA,NA,NA,NA,NA,NA,0,1,NA,0,NA,NA,NA,"4374302","ESPN","15287","ESPN","WR",10,7,83,NA,NA,1,NA,NA,NA,NA,NA,NA,NA,NA,NA,NA,NA,NA,NA,NA,NA,NA,NA,NA,NA,NA,NA,NA,NA,NA,NA,NA,NA,NA,NA,NA,NA,NA,NA,NA,NA,NA,NA,NA,NA,NA,NA,NA,NA,NA,NA,NA,NA,NA,NA,NA,NA,NA,NA,NA,NA,NA,NA,NA
"CeeDee Lamb","WR","DAL",NA,NA,NA,NA,NA,NA,NA,NA,0,1,NA,0,NA,NA,NA,"4241389","ESPN","14832","ESPN","WR",9,6,81,NA,NA,0,NA,NA,NA,NA,NA,NA,NA,NA,NA,NA,NA,NA,NA,NA,NA,NA,NA,NA,NA,NA,NA,NA,NA,NA,NA,NA,NA,NA,NA,NA,NA,NA,NA,NA,NA,NA,NA,NA,NA,NA,NA,NA,NA,NA,NA,NA,NA,NA,NA,NA,NA,NA,NA,NA,NA,NA,NA,NA
"Justin Jefferson","WR","MIN",NA,NA,NA,NA,NA,NA,NA,NA,0,1,NA,0,NA,NA,NA,"4262921","ESPN","14836","ESPN","WR",10,6,80,NA,NA,0,NA,NA,NA,NA,NA,NA,NA,NA,NA,NA,NA,NA,NA,NA,NA,NA,NA,NA,NA,NA,NA,NA,NA,NA,NA,NA,NA,NA,NA,NA,NA,NA,NA,NA,NA,NA,NA,NA,NA,NA,NA,NA,NA,NA,NA,NA,NA,NA,NA,NA,NA,NA,NA,NA,NA,NA,NA,NA
"Drake London","WR","ATL",NA,NA,NA,NA,NA,NA,NA,NA,NA,NA,NA,NA,NA,NA,NA,"4426502","ESPN","15751","ESPN","WR",9,6,72,NA,NA,0,NA,NA,NA,NA,NA,NA,NA,NA,NA,NA,NA,NA,NA,NA,NA,NA,NA,NA,NA,NA,NA,NA,NA,NA,NA,NA,NA,NA,NA,NA,NA,NA,NA,NA,NA,NA,NA,NA,NA,NA,NA,NA,NA,NA,NA,NA,NA,NA,NA,NA,NA,NA,NA,NA,NA,NA,NA,NA
"A.J. Brown","WR","NE",NA,NA,NA,NA,NA,NA,NA,NA,NA,NA,NA,NA,NA,NA,NA,"4047646","ESPN","14104","ESPN","WR",8,5,71,NA,NA,0,NA,NA,NA,NA,NA,NA,NA,NA,NA,NA,NA,NA,NA,NA,NA,NA,NA,NA,NA,NA,NA,NA,NA,NA,NA,NA,NA,NA,NA,NA,NA,NA,NA,NA,NA,NA,NA,NA,NA,NA,NA,NA,NA,NA,NA,NA,NA,NA,NA,NA,NA,NA,NA,NA,NA,NA,NA,NA
"Nico Collins","WR","HOU",NA,NA,NA,NA,NA,NA,NA,NA,0,1,NA,0,NA,NA,NA,"4258173","ESPN","15290","ESPN","WR",8,5,73,NA,NA,0,NA,NA,NA,NA,NA,NA,NA,NA,NA,NA,NA,NA,NA,NA,NA,NA,NA,NA,NA,NA,NA,NA,NA,NA,NA,NA,NA,NA,NA,NA,NA,NA,NA,NA,NA,NA,NA,NA,NA,NA,NA,NA,NA,NA,NA,NA,NA,NA,NA,NA,NA,NA,NA,NA,NA,NA,NA,NA
"Chris Olave","WR","NO",NA,NA,NA,NA,NA,NA,NA,NA,NA,NA,NA,NA,NA,NA,NA,"4361370","ESPN","15754","ESPN","WR",9,6,72,NA,NA,0,NA,NA,NA,NA,NA,NA,NA,NA,NA,NA,NA,NA,NA,NA,NA,NA,NA,NA,NA,NA,NA,NA,NA,NA,NA,NA,NA,NA,NA,NA,NA,NA,NA,NA,NA,NA,NA,NA,NA,NA,NA,NA,NA,NA,NA,NA,NA,NA,NA,NA,NA,NA,NA,NA,NA,NA,NA,NA
"Rashee Rice","WR","KCC",NA,NA,NA,NA,NA,NA,NA,NA,0,2,NA,0,NA,NA,NA,"4428331","ESPN","16194","ESPN","WR",8,5,61,NA,NA,0,NA,NA,NA,NA,NA,NA,NA,NA,NA,NA,NA,NA,NA,NA,NA,NA,NA,NA,NA,NA,NA,NA,NA,NA,NA,NA,NA,NA,NA,NA,NA,NA,NA,NA,NA,NA,NA,NA,NA,NA,NA,NA,NA,NA,NA,NA,NA,NA,NA,NA,NA,NA,NA,NA,NA,NA,NA,NA
"George Pickens","WR","DAL",NA,NA,NA,NA,NA,NA,NA,NA,NA,NA,NA,NA,NA,NA,NA,"4426354","ESPN","15762","ESPN","WR",8,5,69,NA,NA,0,NA,NA,NA,NA,NA,NA,NA,NA,NA,NA,NA,NA,NA,NA,NA,NA,NA,NA,NA,NA,NA,NA,NA,NA,NA,NA,NA,NA,NA,NA,NA,NA,NA,NA,NA,NA,NA,NA,NA,NA,NA,NA,NA,NA,NA,NA,NA,NA,NA,NA,NA,NA,NA,NA,NA,NA,NA,NA
"Garrett Wilson","WR","NYJ",NA,NA,NA,NA,NA,NA,NA,NA,0,1,NA,0,NA,NA,NA,"4569618","ESPN","15753","ESPN","WR",9,6,69,NA,NA,0,NA,NA,NA,NA,NA,NA,NA,NA,NA,NA,NA,NA,NA,NA,NA,NA,NA,NA,NA,NA,NA,NA,NA,NA,NA,NA,NA,NA,NA,NA,NA,NA,NA,NA,NA,NA,NA,NA,NA,NA,NA,NA,NA,NA,NA,NA,NA,NA,NA,NA,NA,NA,NA,NA,NA,NA,NA,NA
"Malik Nabers","WR","NYG",NA,NA,NA,NA,NA,NA,NA,NA,0,1,NA,0,NA,NA,NA,"4595348","ESPN","16615","ESPN","WR",8,5,62,NA,NA,0,NA,NA,NA,NA,NA,NA,NA,NA,NA,NA,NA,NA,NA,NA,NA,NA,NA,NA,NA,NA,NA,NA,NA,NA,NA,NA,NA,NA,NA,NA,NA,NA,NA,NA,NA,NA,NA,NA,NA,NA,NA,NA,NA,NA,NA,NA,NA,NA,NA,NA,NA,NA,NA,NA,NA,NA,NA,NA
"DeVonta Smith","WR","PHI",NA,NA,NA,NA,NA,NA,NA,NA,NA,NA,NA,NA,NA,NA,NA,"4241478","ESPN","15282","ESPN","WR",7,5,68,NA,NA,0,NA,NA,NA,NA,NA,NA,NA,NA,NA,NA,NA,NA,NA,NA,NA,NA,NA,NA,NA,NA,NA,NA,NA,NA,NA,NA,NA,NA,NA,NA,NA,NA,NA,NA,NA,NA,NA,NA,NA,NA,NA,NA,NA,NA,NA,NA,NA,NA,NA,NA,NA,NA,NA,NA,NA,NA,NA,NA
"Tetairoa McMillan","WR","CAR",NA,NA,NA,NA,NA,NA,NA,NA,NA,NA,NA,NA,NA,NA,NA,"4685472","ESPN","17071","ESPN","WR",8,5,72,NA,NA,0,NA,NA,NA,NA,NA,NA,NA,NA,NA,NA,NA,NA,NA,NA,NA,NA,NA,NA,NA,NA,NA,NA,NA,NA,NA,NA,NA,NA,NA,NA,NA,NA,NA,NA,NA,NA,NA,NA,NA,NA,NA,NA,NA,NA,NA,NA,NA,NA,NA,NA,NA,NA,NA,NA,NA,NA,NA,NA
"Zay Flowers","WR","BAL",NA,NA,NA,NA,NA,NA,NA,NA,1,3,NA,0,NA,NA,NA,"4429615","ESPN","16190","ESPN","WR",7,5,70,NA,NA,0,NA,NA,NA,NA,NA,NA,NA,NA,NA,NA,NA,NA,NA,NA,NA,NA,NA,NA,NA,NA,NA,NA,NA,NA,NA,NA,NA,NA,NA,NA,NA,NA,NA,NA,NA,NA,NA,NA,NA,NA,NA,NA,NA,NA,NA,NA,NA,NA,NA,NA,NA,NA,NA,NA,NA,NA,NA,NA
"Emeka Egbuka","WR","TB",NA,NA,NA,NA,NA,NA,NA,NA,0,1,NA,0,NA,NA,NA,"4567750","ESPN","17081","ESPN","WR",8,4,68,NA,NA,0,NA,NA,NA,NA,NA,NA,NA,NA,NA,NA,NA,NA,NA,NA,NA,NA,NA,NA,NA,NA,NA,NA,NA,NA,NA,NA,NA,NA,NA,NA,NA,NA,NA,NA,NA,NA,NA,NA,NA,NA,NA,NA,NA,NA,NA,NA,NA,NA,NA,NA,NA,NA,NA,NA,NA,NA,NA,NA
"Ladd McConkey","WR","LAC",NA,NA,NA,NA,NA,NA,NA,NA,NA,NA,NA,NA,NA,NA,NA,"4612826","ESPN","16627","ESPN","WR",7,5,63,NA,NA,0,NA,NA,NA,NA,NA,NA,NA,NA,NA,NA,NA,NA,NA,NA,NA,NA,NA,NA,NA,NA,NA,NA,NA,NA,NA,NA,NA,NA,NA,NA,NA,NA,NA,NA,NA,NA,NA,NA,NA,NA,NA,NA,NA,NA,NA,NA,NA,NA,NA,NA,NA,NA,NA,NA,NA,NA,NA,NA
"Tee Higgins","WR","CIN",NA,NA,NA,NA,NA,NA,NA,NA,NA,NA,NA,NA,NA,NA,NA,"4239993","ESPN","14835","ESPN","WR",7,4,56,NA,NA,1,NA,NA,NA,NA,NA,NA,NA,NA,NA,NA,NA,NA,NA,NA,NA,NA,NA,NA,NA,NA,NA,NA,NA,NA,NA,NA,NA,NA,NA,NA,NA,NA,NA,NA,NA,NA,NA,NA,NA,NA,NA,NA,NA,NA,NA,NA,NA,NA,NA,NA,NA,NA,NA,NA,NA,NA,NA,NA
"Davante Adams","WR","LAR",NA,NA,NA,NA,NA,NA,NA,NA,NA,NA,NA,NA,NA,NA,NA,"16800","ESPN","11675","ESPN","WR",7,4,60,NA,NA,1,NA,NA,NA,NA,NA,NA,NA,NA,NA,NA,NA,NA,NA,NA,NA,NA,NA,NA,NA,NA,NA,NA,NA,NA,NA,NA,NA,NA,NA,NA,NA,NA,NA,NA,NA,NA,NA,NA,NA,NA,NA,NA,NA,NA,NA,NA,NA,NA,NA,NA,NA,NA,NA,NA,NA,NA,NA,NA
"Jaylen Waddle","WR","DEN",NA,NA,NA,NA,NA,NA,NA,NA,0,1,NA,0,NA,NA,NA,"4372016","ESPN","15284","ESPN","WR",7,5,58,NA,NA,0,NA,NA,NA,NA,NA,NA,NA,NA,NA,NA,NA,NA,NA,NA,NA,NA,NA,NA,NA,NA,NA,NA,NA,NA,NA,NA,NA,NA,NA,NA,NA,NA,NA,NA,NA,NA,NA,NA,NA,NA,NA,NA,NA,NA,NA,NA,NA,NA,NA,NA,NA,NA,NA,NA,NA,NA,NA,NA
"Terry McLaurin","WR","WAS",NA,NA,NA,NA,NA,NA,NA,NA,NA,NA,NA,NA,NA,NA,NA,"3121422","ESPN","14109","ESPN","WR",7,5,61,NA,NA,0,NA,NA,NA,NA,NA,NA,NA,NA,NA,NA,NA,NA,NA,NA,NA,NA,NA,NA,NA,NA,NA,NA,NA,NA,NA,NA,NA,NA,NA,NA,NA,NA,NA,NA,NA,NA,NA,NA,NA,NA,NA,NA,NA,NA,NA,NA,NA,NA,NA,NA,NA,NA,NA,NA,NA,NA,NA,NA
"DJ Moore","WR","BUF",NA,NA,NA,NA,NA,NA,NA,NA,0,2,NA,0,NA,NA,NA,"3915416","ESPN","13635","ESPN","WR",6,4,54,NA,NA,0,NA,NA,NA,NA,NA,NA,NA,NA,NA,NA,NA,NA,NA,NA,NA,NA,NA,NA,NA,NA,NA,NA,NA,NA,NA,NA,NA,NA,NA,NA,NA,NA,NA,NA,NA,NA,NA,NA,NA,NA,NA,NA,NA,NA,NA,NA,NA,NA,NA,NA,NA,NA,NA,NA,NA,NA,NA,NA
"Jameson Williams","WR","DET",NA,NA,NA,NA,NA,NA,NA,NA,0,3,NA,0,NA,NA,NA,"4426388","ESPN","15756","ESPN","WR",6,4,60,NA,NA,0,NA,NA,NA,NA,NA,NA,NA,NA,NA,NA,NA,NA,NA,NA,NA,NA,NA,NA,NA,NA,NA,NA,NA,NA,NA,NA,NA,NA,NA,NA,NA,NA,NA,NA,NA,NA,NA,NA,NA,NA,NA,NA,NA,NA,NA,NA,NA,NA,NA,NA,NA,NA,NA,NA,NA,NA,NA,NA
"Rome Odunze","WR","CHI",NA,NA,NA,NA,NA,NA,NA,NA,NA,NA,NA,NA,NA,NA,NA,"4431299","ESPN","16616","ESPN","WR",7,4,60,NA,NA,0,NA,NA,NA,NA,NA,NA,NA,NA,NA,NA,NA,NA,NA,NA,NA,NA,NA,NA,NA,NA,NA,NA,NA,NA,NA,NA,NA,NA,NA,NA,NA,NA,NA,NA,NA,NA,NA,NA,NA,NA,NA,NA,NA,NA,NA,NA,NA,NA,NA,NA,NA,NA,NA,NA,NA,NA,NA,NA
"Luther Burden III","WR","CHI",NA,NA,NA,NA,NA,NA,NA,NA,1,3,NA,0,NA,NA,NA,"4685278","ESPN","17070","ESPN","WR",7,4,55,NA,NA,0,NA,NA,NA,NA,NA,NA,NA,NA,NA,NA,NA,NA,NA,NA,NA,NA,NA,NA,NA,NA,NA,NA,NA,NA,NA,NA,NA,NA,NA,NA,NA,NA,NA,NA,NA,NA,NA,NA,NA,NA,NA,NA,NA,NA,NA,NA,NA,NA,NA,NA,NA,NA,NA,NA,NA,NA,NA,NA
"Carnell Tate","WR","TEN",NA,NA,NA,NA,NA,NA,NA,NA,NA,NA,NA,NA,NA,NA,NA,"4871023","ESPN","17497","ESPN","WR",7,4,60,NA,NA,0,NA,NA,NA,NA,NA,NA,NA,NA,NA,NA,NA,NA,NA,NA,NA,NA,NA,NA,NA,NA,NA,NA,NA,NA,NA,NA,NA,NA,NA,NA,NA,NA,NA,NA,NA,NA,NA,NA,NA,NA,NA,NA,NA,NA,NA,NA,NA,NA,NA,NA,NA,NA,NA,NA,NA,NA,NA,NA
"Mike Evans","WR","SF",NA,NA,NA,NA,NA,NA,NA,NA,NA,NA,NA,NA,NA,NA,NA,"16737","ESPN","11671","ESPN","WR",7,4,54,NA,NA,0,NA,NA,NA,NA,NA,NA,NA,NA,NA,NA,NA,NA,NA,NA,NA,NA,NA,NA,NA,NA,NA,NA,NA,NA,NA,NA,NA,NA,NA,NA,NA,NA,NA,NA,NA,NA,NA,NA,NA,NA,NA,NA,NA,NA,NA,NA,NA,NA,NA,NA,NA,NA,NA,NA,NA,NA,NA,NA
"Marvin Harrison Jr.","WR","ARI",NA,NA,NA,NA,NA,NA,NA,NA,NA,NA,NA,NA,NA,NA,NA,"4432708","ESPN","16614","ESPN","WR",8,4,57,NA,NA,0,NA,NA,NA,NA,NA,NA,NA,NA,NA,NA,NA,NA,NA,NA,NA,NA,NA,NA,NA,NA,NA,NA,NA,NA,NA,NA,NA,NA,NA,NA,NA,NA,NA,NA,NA,NA,NA,NA,NA,NA,NA,NA,NA,NA,NA,NA,NA,NA,NA,NA,NA,NA,NA,NA,NA,NA,NA,NA
"Michael Pittman Jr.","WR","PIT",NA,NA,NA,NA,NA,NA,NA,NA,NA,NA,NA,NA,NA,NA,NA,"4035687","ESPN","14842","ESPN","WR",7,5,52,NA,NA,0,NA,NA,NA,NA,NA,NA,NA,NA,NA,NA,NA,NA,NA,NA,NA,NA,NA,NA,NA,NA,NA,NA,NA,NA,NA,NA,NA,NA,NA,NA,NA,NA,NA,NA,NA,NA,NA,NA,NA,NA,NA,NA,NA,NA,NA,NA,NA,NA,NA,NA,NA,NA,NA,NA,NA,NA,NA,NA
"DK Metcalf","WR","PIT",NA,NA,NA,NA,NA,NA,NA,NA,NA,NA,NA,NA,NA,NA,NA,"4047650","ESPN","14102","ESPN","WR",6,4,57,NA,NA,0,NA,NA,NA,NA,NA,NA,NA,NA,NA,NA,NA,NA,NA,NA,NA,NA,NA,NA,NA,NA,NA,NA,NA,NA,NA,NA,NA,NA,NA,NA,NA,NA,NA,NA,NA,NA,NA,NA,NA,NA,NA,NA,NA,NA,NA,NA,NA,NA,NA,NA,NA,NA,NA,NA,NA,NA,NA,NA
"Courtland Sutton","WR","DEN",NA,NA,NA,NA,NA,NA,NA,NA,NA,NA,NA,NA,NA,NA,NA,"3128429","ESPN","13630","ESPN","WR",7,4,52,NA,NA,0,NA,NA,NA,NA,NA,NA,NA,NA,NA,NA,NA,NA,NA,NA,NA,NA,NA,NA,NA,NA,NA,NA,NA,NA,NA,NA,NA,NA,NA,NA,NA,NA,NA,NA,NA,NA,NA,NA,NA,NA,NA,NA,NA,NA,NA,NA,NA,NA,NA,NA,NA,NA,NA,NA,NA,NA,NA,NA
"Christian Watson","WR","GB",NA,NA,NA,NA,NA,NA,NA,NA,0,1,NA,0,NA,NA,NA,"4248528","ESPN","15789","ESPN","WR",6,3,52,NA,NA,0,NA,NA,NA,NA,NA,NA,NA,NA,NA,NA,NA,NA,NA,NA,NA,NA,NA,NA,NA,NA,NA,NA,NA,NA,NA,NA,NA,NA,NA,NA,NA,NA,NA,NA,NA,NA,NA,NA,NA,NA,NA,NA,NA,NA,NA,NA,NA,NA,NA,NA,NA,NA,NA,NA,NA,NA,NA,NA
"Parker Washington","WR","JAC",NA,NA,NA,NA,NA,NA,NA,NA,1,2,NA,0,NA,NA,NA,"4432620","ESPN","16192","ESPN","WR",6,4,49,NA,NA,0,NA,NA,NA,NA,NA,NA,NA,NA,NA,NA,NA,NA,NA,NA,NA,NA,NA,NA,NA,NA,NA,NA,NA,NA,NA,NA,NA,NA,NA,NA,NA,NA,NA,NA,NA,NA,NA,NA,NA,NA,NA,NA,NA,NA,NA,NA,NA,NA,NA,NA,NA,NA,NA,NA,NA,NA,NA,NA
"Wan'Dale Robinson","WR","TEN",NA,NA,NA,NA,NA,NA,NA,NA,0,1,NA,0,NA,NA,NA,"4569587","ESPN","15757","ESPN","WR",7,5,48,NA,NA,0,NA,NA,NA,NA,NA,NA,NA,NA,NA,NA,NA,NA,NA,NA,NA,NA,NA,NA,NA,NA,NA,NA,NA,NA,NA,NA,NA,NA,NA,NA,NA,NA,NA,NA,NA,NA,NA,NA,NA,NA,NA,NA,NA,NA,NA,NA,NA,NA,NA,NA,NA,NA,NA,NA,NA,NA,NA,NA
"Michael Wilson","WR","ARI",NA,NA,NA,NA,NA,NA,NA,NA,NA,NA,NA,NA,NA,NA,NA,"4360761","ESPN","16206","ESPN","WR",7,4,51,NA,NA,0,NA,NA,NA,NA,NA,NA,NA,NA,NA,NA,NA,NA,NA,NA,NA,NA,NA,NA,NA,NA,NA,NA,NA,NA,NA,NA,NA,NA,NA,NA,NA,NA,NA,NA,NA,NA,NA,NA,NA,NA,NA,NA,NA,NA,NA,NA,NA,NA,NA,NA,NA,NA,NA,NA,NA,NA,NA,NA
"Stefon Diggs","WR","WAS",NA,NA,NA,NA,NA,NA,NA,NA,NA,NA,NA,NA,NA,NA,NA,"2976212","ESPN","12186","ESPN","WR",6,4,44,NA,NA,0,NA,NA,NA,NA,NA,NA,NA,NA,NA,NA,NA,NA,NA,NA,NA,NA,NA,NA,NA,NA,NA,NA,NA,NA,NA,NA,NA,NA,NA,NA,NA,NA,NA,NA,NA,NA,NA,NA,NA,NA,NA,NA,NA,NA,NA,NA,NA,NA,NA,NA,NA,NA,NA,NA,NA,NA,NA,NA
"Alec Pierce","WR","IND",NA,NA,NA,NA,NA,NA,NA,NA,NA,NA,NA,NA,NA,NA,NA,"4360078","ESPN","15768","ESPN","WR",6,3,50,NA,NA,0,NA,NA,NA,NA,NA,NA,NA,NA,NA,NA,NA,NA,NA,NA,NA,NA,NA,NA,NA,NA,NA,NA,NA,NA,NA,NA,NA,NA,NA,NA,NA,NA,NA,NA,NA,NA,NA,NA,NA,NA,NA,NA,NA,NA,NA,NA,NA,NA,NA,NA,NA,NA,NA,NA,NA,NA,NA,NA
"Jakobi Meyers","WR","JAC",NA,NA,NA,NA,NA,NA,NA,NA,0,2,NA,0,NA,NA,NA,"3916433","ESPN","14127","ESPN","WR",6,4,44,NA,NA,0,NA,NA,NA,NA,NA,NA,NA,NA,NA,NA,NA,NA,NA,NA,NA,NA,NA,NA,NA,NA,NA,NA,NA,NA,NA,NA,NA,NA,NA,NA,NA,NA,NA,NA,NA,NA,NA,NA,NA,NA,NA,NA,NA,NA,NA,NA,NA,NA,NA,NA,NA,NA,NA,NA,NA,NA,NA,NA
"Brian Thomas Jr.","WR","JAC",NA,NA,NA,NA,NA,NA,NA,NA,0,1,NA,0,NA,NA,NA,"4432773","ESPN","16618","ESPN","WR",6,3,49,NA,NA,0,NA,NA,NA,NA,NA,NA,NA,NA,NA,NA,NA,NA,NA,NA,NA,NA,NA,NA,NA,NA,NA,NA,NA,NA,NA,NA,NA,NA,NA,NA,NA,NA,NA,NA,NA,NA,NA,NA,NA,NA,NA,NA,NA,NA,NA,NA,NA,NA,NA,NA,NA,NA,NA,NA,NA,NA,NA,NA
"Matthew Golden","WR","GB",NA,NA,NA,NA,NA,NA,NA,NA,0,1,NA,0,NA,NA,NA,"4701936","ESPN","17075","ESPN","WR",6,4,52,NA,NA,0,NA,NA,NA,NA,NA,NA,NA,NA,NA,NA,NA,NA,NA,NA,NA,NA,NA,NA,NA,NA,NA,NA,NA,NA,NA,NA,NA,NA,NA,NA,NA,NA,NA,NA,NA,NA,NA,NA,NA,NA,NA,NA,NA,NA,NA,NA,NA,NA,NA,NA,NA,NA,NA,NA,NA,NA,NA,NA
"Chris Godwin Jr.","WR","TB",NA,NA,NA,NA,NA,NA,NA,NA,NA,NA,NA,NA,NA,NA,NA,"3116165","ESPN","13163","ESPN","WR",5,4,43,NA,NA,0,NA,NA,NA,NA,NA,NA,NA,NA,NA,NA,NA,NA,NA,NA,NA,NA,NA,NA,NA,NA,NA,NA,NA,NA,NA,NA,NA,NA,NA,NA,NA,NA,NA,NA,NA,NA,NA,NA,NA,NA,NA,NA,NA,NA,NA,NA,NA,NA,NA,NA,NA,NA,NA,NA,NA,NA,NA,NA
"Jordan Addison","WR","MIN",NA,NA,NA,NA,NA,NA,NA,NA,0,1,NA,0,NA,NA,NA,"4429205","ESPN","16186","ESPN","WR",6,4,45,NA,NA,0,NA,NA,NA,NA,NA,NA,NA,NA,NA,NA,NA,NA,NA,NA,NA,NA,NA,NA,NA,NA,NA,NA,NA,NA,NA,NA,NA,NA,NA,NA,NA,NA,NA,NA,NA,NA,NA,NA,NA,NA,NA,NA,NA,NA,NA,NA,NA,NA,NA,NA,NA,NA,NA,NA,NA,NA,NA,NA
"Josh Downs","WR","IND",NA,NA,NA,NA,NA,NA,NA,NA,0,1,NA,0,NA,NA,NA,"4688813","ESPN","16187","ESPN","WR",6,4,41,NA,NA,0,NA,NA,NA,NA,NA,NA,NA,NA,NA,NA,NA,NA,NA,NA,NA,NA,NA,NA,NA,NA,NA,NA,NA,NA,NA,NA,NA,NA,NA,NA,NA,NA,NA,NA,NA,NA,NA,NA,NA,NA,NA,NA,NA,NA,NA,NA,NA,NA,NA,NA,NA,NA,NA,NA,NA,NA,NA,NA
"Khalil Shakir","WR","BUF",NA,NA,NA,NA,NA,NA,NA,NA,0,1,NA,0,NA,NA,NA,"4373678","ESPN","15761","ESPN","WR",6,4,43,NA,NA,0,NA,NA,NA,NA,NA,NA,NA,NA,NA,NA,NA,NA,NA,NA,NA,NA,NA,NA,NA,NA,NA,NA,NA,NA,NA,NA,NA,NA,NA,NA,NA,NA,NA,NA,NA,NA,NA,NA,NA,NA,NA,NA,NA,NA,NA,NA,NA,NA,NA,NA,NA,NA,NA,NA,NA,NA,NA,NA
"Makai Lemon","WR","PHI",NA,NA,NA,NA,NA,NA,NA,NA,NA,NA,NA,NA,NA,NA,NA,"4870795","ESPN","17499","ESPN","WR",4,3,39,NA,NA,0,NA,NA,NA,NA,NA,NA,NA,NA,NA,NA,NA,NA,NA,NA,NA,NA,NA,NA,NA,NA,NA,NA,NA,NA,NA,NA,NA,NA,NA,NA,NA,NA,NA,NA,NA,NA,NA,NA,NA,NA,NA,NA,NA,NA,NA,NA,NA,NA,NA,NA,NA,NA,NA,NA,NA,NA,NA,NA
"Quentin Johnston","WR","LAC",NA,NA,NA,NA,NA,NA,NA,NA,0,1,NA,0,NA,NA,NA,"4429025","ESPN","16188","ESPN","WR",5,3,47,NA,NA,0,NA,NA,NA,NA,NA,NA,NA,NA,NA,NA,NA,NA,NA,NA,NA,NA,NA,NA,NA,NA,NA,NA,NA,NA,NA,NA,NA,NA,NA,NA,NA,NA,NA,NA,NA,NA,NA,NA,NA,NA,NA,NA,NA,NA,NA,NA,NA,NA,NA,NA,NA,NA,NA,NA,NA,NA,NA,NA
"Jayden Reed","WR","GB",NA,NA,NA,NA,NA,NA,NA,NA,1,4,NA,0,NA,NA,NA,"4362249","ESPN","16184","ESPN","WR",5,4,43,NA,NA,0,NA,NA,NA,NA,NA,NA,NA,NA,NA,NA,NA,NA,NA,NA,NA,NA,NA,NA,NA,NA,NA,NA,NA,NA,NA,NA,NA,NA,NA,NA,NA,NA,NA,NA,NA,NA,NA,NA,NA,NA,NA,NA,NA,NA,NA,NA,NA,NA,NA,NA,NA,NA,NA,NA,NA,NA,NA,NA
"De'Zhaun Stribling","WR","SF",NA,NA,NA,NA,NA,NA,NA,NA,NA,NA,NA,NA,NA,NA,NA,"4710714","ESPN","17514","ESPN","WR",6,3,49,NA,NA,0,NA,NA,NA,NA,NA,NA,NA,NA,NA,NA,NA,NA,NA,NA,NA,NA,NA,NA,NA,NA,NA,NA,NA,NA,NA,NA,NA,NA,NA,NA,NA,NA,NA,NA,NA,NA,NA,NA,NA,NA,NA,NA,NA,NA,NA,NA,NA,NA,NA,NA,NA,NA,NA,NA,NA,NA,NA,NA
"Xavier Worthy","WR","KCC",NA,NA,NA,NA,NA,NA,NA,NA,1,4,NA,0,NA,NA,NA,"4683062","ESPN","16620","ESPN","WR",5,3,45,NA,NA,0,NA,NA,NA,NA,NA,NA,NA,NA,NA,NA,NA,NA,NA,NA,NA,NA,NA,NA,NA,NA,NA,NA,NA,NA,NA,NA,NA,NA,NA,NA,NA,NA,NA,NA,NA,NA,NA,NA,NA,NA,NA,NA,NA,NA,NA,NA,NA,NA,NA,NA,NA,NA,NA,NA,NA,NA,NA,NA
"Romeo Doubs","WR","NE",NA,NA,NA,NA,NA,NA,NA,NA,NA,NA,NA,NA,NA,NA,NA,"4361432","ESPN","15779","ESPN","WR",5,3,37,NA,NA,0,NA,NA,NA,NA,NA,NA,NA,NA,NA,NA,NA,NA,NA,NA,NA,NA,NA,NA,NA,NA,NA,NA,NA,NA,NA,NA,NA,NA,NA,NA,NA,NA,NA,NA,NA,NA,NA,NA,NA,NA,NA,NA,NA,NA,NA,NA,NA,NA,NA,NA,NA,NA,NA,NA,NA,NA,NA,NA
"Jalen Coker","WR","CAR",NA,NA,NA,NA,NA,NA,NA,NA,NA,NA,NA,NA,NA,NA,NA,"4695883","ESPN","16809","ESPN","WR",5,4,42,NA,NA,0,NA,NA,NA,NA,NA,NA,NA,NA,NA,NA,NA,NA,NA,NA,NA,NA,NA,NA,NA,NA,NA,NA,NA,NA,NA,NA,NA,NA,NA,NA,NA,NA,NA,NA,NA,NA,NA,NA,NA,NA,NA,NA,NA,NA,NA,NA,NA,NA,NA,NA,NA,NA,NA,NA,NA,NA,NA,NA
"Deebo Samuel Sr.","WR","SF",NA,NA,NA,NA,NA,NA,NA,NA,1,6,NA,0,NA,NA,NA,"3126486","ESPN","14136","ESPN","WR",5,3,39,NA,NA,0,NA,NA,NA,NA,NA,NA,NA,NA,NA,NA,NA,NA,NA,NA,NA,NA,NA,NA,NA,NA,NA,NA,NA,NA,NA,NA,NA,NA,NA,NA,NA,NA,NA,NA,NA,NA,NA,NA,NA,NA,NA,NA,NA,NA,NA,NA,NA,NA,NA,NA,NA,NA,NA,NA,NA,NA,NA,NA
"KC Concepcion","WR","CLE",NA,NA,NA,NA,NA,NA,NA,NA,0,2,NA,0,NA,NA,NA,"4870653","ESPN","17501","ESPN","WR",6,3,42,NA,NA,0,NA,NA,NA,NA,NA,NA,NA,NA,NA,NA,NA,NA,NA,NA,NA,NA,NA,NA,NA,NA,NA,NA,NA,NA,NA,NA,NA,NA,NA,NA,NA,NA,NA,NA,NA,NA,NA,NA,NA,NA,NA,NA,NA,NA,NA,NA,NA,NA,NA,NA,NA,NA,NA,NA,NA,NA,NA,NA
"Jalen McMillan","WR","TB",NA,NA,NA,NA,NA,NA,NA,NA,0,1,NA,0,NA,NA,NA,"4430834","ESPN","16628","ESPN","WR",5,3,36,NA,NA,0,NA,NA,NA,NA,NA,NA,NA,NA,NA,NA,NA,NA,NA,NA,NA,NA,NA,NA,NA,NA,NA,NA,NA,NA,NA,NA,NA,NA,NA,NA,NA,NA,NA,NA,NA,NA,NA,NA,NA,NA,NA,NA,NA,NA,NA,NA,NA,NA,NA,NA,NA,NA,NA,NA,NA,NA,NA,NA
"Tank Dell","WR","HOU",NA,NA,NA,NA,NA,NA,NA,NA,NA,NA,NA,NA,NA,NA,NA,"4366031","ESPN","16204","ESPN","WR",NA,NA,NA,NA,NA,NA,NA,NA,NA,NA,NA,NA,NA,NA,NA,NA,NA,NA,NA,NA,NA,NA,NA,NA,NA,NA,NA,NA,NA,NA,NA,NA,NA,NA,NA,NA,NA,NA,NA,NA,NA,NA,NA,NA,NA,NA,NA,NA,NA,NA,NA,NA,NA,NA,NA,NA,NA,NA,NA,NA,NA,NA,NA,NA
"Travis Hunter","WR","JAC",NA,NA,NA,NA,NA,NA,NA,NA,0,1,NA,0,NA,NA,NA,"4685415","ESPN","17074","ESPN","WR",3,2,26,NA,NA,0,NA,NA,NA,NA,NA,NA,NA,NA,NA,NA,NA,NA,NA,NA,0,NA,0,4,0,NA,NA,NA,NA,NA,NA,NA,NA,0,NA,NA,NA,NA,NA,NA,NA,NA,NA,NA,NA,NA,NA,NA,NA,NA,NA,NA,NA,NA,NA,NA,NA,NA,NA,NA,NA,NA,NA,NA
"Keenan Allen","WR","IND",NA,NA,NA,NA,NA,NA,NA,NA,NA,NA,NA,NA,NA,NA,NA,"15818","ESPN","11222","ESPN","WR",5,3,31,NA,NA,0,NA,NA,NA,NA,NA,NA,NA,NA,NA,NA,NA,NA,NA,NA,NA,NA,NA,NA,NA,NA,NA,NA,NA,NA,NA,NA,NA,NA,NA,NA,NA,NA,NA,NA,NA,NA,NA,NA,NA,NA,NA,NA,NA,NA,NA,NA,NA,NA,NA,NA,NA,NA,NA,NA,NA,NA,NA,NA
"Rashid Shaheed","WR","SEA",NA,NA,NA,NA,NA,NA,NA,NA,1,5,NA,0,NA,NA,NA,"4032473","ESPN","16080","ESPN","WR",4,2,37,NA,NA,0,NA,NA,NA,NA,NA,NA,NA,NA,NA,NA,NA,NA,NA,NA,NA,NA,NA,NA,NA,NA,NA,NA,NA,NA,NA,NA,NA,NA,NA,NA,NA,NA,NA,NA,NA,NA,NA,NA,NA,NA,NA,NA,NA,NA,NA,NA,NA,NA,NA,NA,NA,NA,NA,NA,NA,NA,NA,NA
"Denzel Boston","WR","CLE",NA,NA,NA,NA,NA,NA,NA,NA,NA,NA,NA,NA,NA,NA,NA,"4832800","ESPN","17500","ESPN","WR",5,3,40,NA,NA,0,NA,NA,NA,NA,NA,NA,NA,NA,NA,NA,NA,NA,NA,NA,NA,NA,NA,NA,NA,NA,NA,NA,NA,NA,NA,NA,NA,NA,NA,NA,NA,NA,NA,NA,NA,NA,NA,NA,NA,NA,NA,NA,NA,NA,NA,NA,NA,NA,NA,NA,NA,NA,NA,NA,NA,NA,NA,NA
"Jerry Jeudy","WR","CLE",NA,NA,NA,NA,NA,NA,NA,NA,NA,NA,NA,NA,NA,NA,NA,"4241463","ESPN","14833","ESPN","WR",6,3,41,NA,NA,0,NA,NA,NA,NA,NA,NA,NA,NA,NA,NA,NA,NA,NA,NA,NA,NA,NA,NA,NA,NA,NA,NA,NA,NA,NA,NA,NA,NA,NA,NA,NA,NA,NA,NA,NA,NA,NA,NA,NA,NA,NA,NA,NA,NA,NA,NA,NA,NA,NA,NA,NA,NA,NA,NA,NA,NA,NA,NA
"Calvin Ridley","WR","TEN",NA,NA,NA,NA,NA,NA,NA,NA,0,2,NA,0,NA,NA,NA,"3925357","ESPN","13629","ESPN","WR",5,2,40,NA,NA,0,NA,NA,NA,NA,NA,NA,NA,NA,NA,NA,NA,NA,NA,NA,NA,NA,NA,NA,NA,NA,NA,NA,NA,NA,NA,NA,NA,NA,NA,NA,NA,NA,NA,NA,NA,NA,NA,NA,NA,NA,NA,NA,NA,NA,NA,NA,NA,NA,NA,NA,NA,NA,NA,NA,NA,NA,NA,NA
"Adonai Mitchell","WR","NYJ",NA,NA,NA,NA,NA,NA,NA,NA,0,1,NA,0,NA,NA,NA,"4597500","ESPN","16626","ESPN","WR",5,3,39,NA,NA,0,NA,NA,NA,NA,NA,NA,NA,NA,NA,NA,NA,NA,NA,NA,NA,NA,NA,NA,NA,NA,NA,NA,NA,NA,NA,NA,NA,NA,NA,NA,NA,NA,NA,NA,NA,NA,NA,NA,NA,NA,NA,NA,NA,NA,NA,NA,NA,NA,NA,NA,NA,NA,NA,NA,NA,NA,NA,NA
"Caleb Douglas","WR","MIA",NA,NA,NA,NA,NA,NA,NA,NA,NA,NA,NA,NA,NA,NA,NA,"4869645","ESPN","17599","ESPN","WR",4,3,35,NA,NA,0,NA,NA,NA,NA,NA,NA,NA,NA,NA,NA,NA,NA,NA,NA,NA,NA,NA,NA,NA,NA,NA,NA,NA,NA,NA,NA,NA,NA,NA,NA,NA,NA,NA,NA,NA,NA,NA,NA,NA,NA,NA,NA,NA,NA,NA,NA,NA,NA,NA,NA,NA,NA,NA,NA,NA,NA,NA,NA
"Jordyn Tyson","WR","NO",NA,NA,NA,NA,NA,NA,NA,NA,NA,NA,NA,NA,NA,NA,NA,"4880281","ESPN","17498","ESPN","WR",NA,NA,NA,NA,NA,NA,NA,NA,NA,NA,NA,NA,NA,NA,NA,NA,NA,NA,NA,NA,NA,NA,NA,NA,NA,NA,NA,NA,NA,NA,NA,NA,NA,NA,NA,NA,NA,NA,NA,NA,NA,NA,NA,NA,NA,NA,NA,NA,NA,NA,NA,NA,NA,NA,NA,NA,NA,NA,NA,NA,NA,NA,NA,NA
"Tre Tucker","WR","LV",NA,NA,NA,NA,NA,NA,NA,NA,1,4,NA,0,NA,NA,NA,"4428718","ESPN","16287","ESPN","WR",5,3,41,NA,NA,0,NA,NA,NA,NA,NA,NA,NA,NA,NA,NA,NA,NA,NA,NA,NA,NA,NA,NA,NA,NA,NA,NA,NA,NA,NA,NA,NA,NA,NA,NA,NA,NA,NA,NA,NA,NA,NA,NA,NA,NA,NA,NA,NA,NA,NA,NA,NA,NA,NA,NA,NA,NA,NA,NA,NA,NA,NA,NA
"Jalen Nailor","WR","LV",NA,NA,NA,NA,NA,NA,NA,NA,0,1,NA,0,NA,NA,NA,"4382466","ESPN","15786","ESPN","WR",4,3,38,NA,NA,0,NA,NA,NA,NA,NA,NA,NA,NA,NA,NA,NA,NA,NA,NA,NA,NA,NA,NA,NA,NA,NA,NA,NA,NA,NA,NA,NA,NA,NA,NA,NA,NA,NA,NA,NA,NA,NA,NA,NA,NA,NA,NA,NA,NA,NA,NA,NA,NA,NA,NA,NA,NA,NA,NA,NA,NA,NA,NA
"Rashod Bateman","WR","BAL",NA,NA,NA,NA,NA,NA,NA,NA,NA,NA,NA,NA,NA,NA,NA,"4360939","ESPN","15293","ESPN","WR",4,2,37,NA,NA,0,NA,NA,NA,NA,NA,NA,NA,NA,NA,NA,NA,NA,NA,NA,NA,NA,NA,NA,NA,NA,NA,NA,NA,NA,NA,NA,NA,NA,NA,NA,NA,NA,NA,NA,NA,NA,NA,NA,NA,NA,NA,NA,NA,NA,NA,NA,NA,NA,NA,NA,NA,NA,NA,NA,NA,NA,NA,NA
"Dontayvion Wicks","WR","PHI",NA,NA,NA,NA,NA,NA,NA,NA,NA,NA,NA,NA,NA,NA,NA,"4428850","ESPN","16195","ESPN","WR",4,3,34,NA,NA,0,NA,NA,NA,NA,NA,NA,NA,NA,NA,NA,NA,NA,NA,NA,NA,NA,NA,NA,NA,NA,NA,NA,NA,NA,NA,NA,NA,NA,NA,NA,NA,NA,NA,NA,NA,NA,NA,NA,NA,NA,NA,NA,NA,NA,NA,NA,NA,NA,NA,NA,NA,NA,NA,NA,NA,NA,NA,NA
"Devaughn Vele","WR","NO",NA,NA,NA,NA,NA,NA,NA,NA,NA,NA,NA,NA,NA,NA,NA,"4569559","ESPN","16788","ESPN","WR",6,4,42,NA,NA,0,NA,NA,NA,NA,NA,NA,NA,NA,NA,NA,NA,NA,NA,NA,NA,NA,NA,NA,NA,NA,NA,NA,NA,NA,NA,NA,NA,NA,NA,NA,NA,NA,NA,NA,NA,NA,NA,NA,NA,NA,NA,NA,NA,NA,NA,NA,NA,NA,NA,NA,NA,NA,NA,NA,NA,NA,NA,NA
"Jaylin Noel","WR","HOU",NA,NA,NA,NA,NA,NA,NA,NA,0,1,NA,0,NA,NA,NA,"4586312","ESPN","17080","ESPN","WR",5,3,36,NA,NA,0,NA,NA,NA,NA,NA,NA,NA,NA,NA,NA,NA,NA,NA,NA,NA,NA,NA,NA,NA,NA,NA,NA,NA,NA,NA,NA,NA,NA,NA,NA,NA,NA,NA,NA,NA,NA,NA,NA,NA,NA,NA,NA,NA,NA,NA,NA,NA,NA,NA,NA,NA,NA,NA,NA,NA,NA,NA,NA
"Ja'Kobi Lane","WR","BAL",NA,NA,NA,NA,NA,NA,NA,NA,NA,NA,NA,NA,NA,NA,NA,"4870847","ESPN","17517","ESPN","WR",3,2,32,NA,NA,0,NA,NA,NA,NA,NA,NA,NA,NA,NA,NA,NA,NA,NA,NA,NA,NA,NA,NA,NA,NA,NA,NA,NA,NA,NA,NA,NA,NA,NA,NA,NA,NA,NA,NA,NA,NA,NA,NA,NA,NA,NA,NA,NA,NA,NA,NA,NA,NA,NA,NA,NA,NA,NA,NA,NA,NA,NA,NA
"Jauan Jennings","WR","MIN",NA,NA,NA,NA,NA,NA,NA,NA,NA,NA,NA,NA,NA,NA,NA,"3886598","ESPN","14860","ESPN","WR",4,3,28,NA,NA,0,NA,NA,NA,NA,NA,NA,NA,NA,NA,NA,NA,NA,NA,NA,NA,NA,NA,NA,NA,NA,NA,NA,NA,NA,NA,NA,NA,NA,NA,NA,NA,NA,NA,NA,NA,NA,NA,NA,NA,NA,NA,NA,NA,NA,NA,NA,NA,NA,NA,NA,NA,NA,NA,NA,NA,NA,NA,NA
"Malachi Fields","WR","NYG",NA,NA,NA,NA,NA,NA,NA,NA,NA,NA,NA,NA,NA,NA,NA,"4682648","ESPN","17511","ESPN","WR",3,2,27,NA,NA,0,NA,NA,NA,NA,NA,NA,NA,NA,NA,NA,NA,NA,NA,NA,NA,NA,NA,NA,NA,NA,NA,NA,NA,NA,NA,NA,NA,NA,NA,NA,NA,NA,NA,NA,NA,NA,NA,NA,NA,NA,NA,NA,NA,NA,NA,NA,NA,NA,NA,NA,NA,NA,NA,NA,NA,NA,NA,NA
"Germie Bernard","WR","PIT",NA,NA,NA,NA,NA,NA,NA,NA,0,1,NA,0,NA,NA,NA,"4685261","ESPN","17503","ESPN","WR",4,2,31,NA,NA,0,NA,NA,NA,NA,NA,NA,NA,NA,NA,NA,NA,NA,NA,NA,NA,NA,NA,NA,NA,NA,NA,NA,NA,NA,NA,NA,NA,NA,NA,NA,NA,NA,NA,NA,NA,NA,NA,NA,NA,NA,NA,NA,NA,NA,NA,NA,NA,NA,NA,NA,NA,NA,NA,NA,NA,NA,NA,NA
"Tre' Harris","WR","LAC",NA,NA,NA,NA,NA,NA,NA,NA,NA,NA,NA,NA,NA,NA,NA,"4686612","ESPN","17072","ESPN","WR",3,2,25,NA,NA,0,NA,NA,NA,NA,NA,NA,NA,NA,NA,NA,NA,NA,NA,NA,NA,NA,NA,NA,NA,NA,NA,NA,NA,NA,NA,NA,NA,NA,NA,NA,NA,NA,NA,NA,NA,NA,NA,NA,NA,NA,NA,NA,NA,NA,NA,NA,NA,NA,NA,NA,NA,NA,NA,NA,NA,NA,NA,NA
"Ryan Flournoy","WR","DAL",NA,NA,NA,NA,NA,NA,NA,NA,0,1,NA,0,NA,NA,NA,"5083754","ESPN","16778","ESPN","WR",3,2,23,NA,NA,0,NA,NA,NA,NA,NA,NA,NA,NA,NA,NA,NA,NA,NA,NA,NA,NA,NA,NA,NA,NA,NA,NA,NA,NA,NA,NA,NA,NA,NA,NA,NA,NA,NA,NA,NA,NA,NA,NA,NA,NA,NA,NA,NA,NA,NA,NA,NA,NA,NA,NA,NA,NA,NA,NA,NA,NA,NA,NA
"Zachariah Branch","WR","ATL",NA,NA,NA,NA,NA,NA,NA,NA,NA,NA,NA,NA,NA,NA,NA,"4870612","ESPN","17507","ESPN","WR",3,2,22,NA,NA,0,NA,NA,NA,NA,NA,NA,NA,NA,NA,NA,NA,NA,NA,NA,NA,NA,NA,NA,NA,NA,NA,NA,NA,NA,NA,NA,NA,NA,NA,NA,NA,NA,NA,NA,NA,NA,NA,NA,NA,NA,NA,NA,NA,NA,NA,NA,NA,NA,NA,NA,NA,NA,NA,NA,NA,NA,NA,NA
"Omar Cooper Jr.","WR","NYJ",NA,NA,NA,NA,NA,NA,NA,NA,0,1,NA,0,NA,NA,NA,"4723820","ESPN","17502","ESPN","WR",3,2,26,NA,NA,0,NA,NA,NA,NA,NA,NA,NA,NA,NA,NA,NA,NA,NA,NA,NA,NA,NA,NA,NA,NA,NA,NA,NA,NA,NA,NA,NA,NA,NA,NA,NA,NA,NA,NA,NA,NA,NA,NA,NA,NA,NA,NA,NA,NA,NA,NA,NA,NA,NA,NA,NA,NA,NA,NA,NA,NA,NA,NA
"Kayshon Boutte","WR","HOU",NA,NA,NA,NA,NA,NA,NA,NA,NA,NA,NA,NA,NA,NA,NA,"4429022","ESPN","16193","ESPN","WR",5,3,41,NA,NA,0,NA,NA,NA,NA,NA,NA,NA,NA,NA,NA,NA,NA,NA,NA,NA,NA,NA,NA,NA,NA,NA,NA,NA,NA,NA,NA,NA,NA,NA,NA,NA,NA,NA,NA,NA,NA,NA,NA,NA,NA,NA,NA,NA,NA,NA,NA,NA,NA,NA,NA,NA,NA,NA,NA,NA,NA,NA,NA
"Malik Washington","WR","MIA",NA,NA,NA,NA,NA,NA,NA,NA,1,5,NA,0,NA,NA,NA,"4569603","ESPN","16684","ESPN","WR",4,3,28,NA,NA,0,NA,NA,NA,NA,NA,NA,NA,NA,NA,NA,NA,NA,NA,NA,NA,NA,NA,NA,NA,NA,NA,NA,NA,NA,NA,NA,NA,NA,NA,NA,NA,NA,NA,NA,NA,NA,NA,NA,NA,NA,NA,NA,NA,NA,NA,NA,NA,NA,NA,NA,NA,NA,NA,NA,NA,NA,NA,NA
"Cooper Kupp","WR","SEA",NA,NA,NA,NA,NA,NA,NA,NA,NA,NA,NA,NA,NA,NA,NA,"2977187","ESPN","13164","ESPN","WR",4,2,29,NA,NA,0,NA,NA,NA,NA,NA,NA,NA,NA,NA,NA,NA,NA,NA,NA,NA,NA,NA,NA,NA,NA,NA,NA,NA,NA,NA,NA,NA,NA,NA,NA,NA,NA,NA,NA,NA,NA,NA,NA,NA,NA,NA,NA,NA,NA,NA,NA,NA,NA,NA,NA,NA,NA,NA,NA,NA,NA,NA,NA
"Xavier Legette","WR","CAR",NA,NA,NA,NA,NA,NA,NA,NA,0,1,NA,0,NA,NA,NA,"4430034","ESPN","16639","ESPN","WR",4,2,26,NA,NA,0,NA,NA,NA,NA,NA,NA,NA,NA,NA,NA,NA,NA,NA,NA,NA,NA,NA,NA,NA,NA,NA,NA,NA,NA,NA,NA,NA,NA,NA,NA,NA,NA,NA,NA,NA,NA,NA,NA,NA,NA,NA,NA,NA,NA,NA,NA,NA,NA,NA,NA,NA,NA,NA,NA,NA,NA,NA,NA
"Jahan Dotson","WR","ATL",NA,NA,NA,NA,NA,NA,NA,NA,NA,NA,NA,NA,NA,NA,NA,"4361409","ESPN","15755","ESPN","WR",4,2,25,NA,NA,0,NA,NA,NA,NA,NA,NA,NA,NA,NA,NA,NA,NA,NA,NA,NA,NA,NA,NA,NA,NA,NA,NA,NA,NA,NA,NA,NA,NA,NA,NA,NA,NA,NA,NA,NA,NA,NA,NA,NA,NA,NA,NA,NA,NA,NA,NA,NA,NA,NA,NA,NA,NA,NA,NA,NA,NA,NA,NA
"Xavier Hutchinson","WR","HOU",NA,NA,NA,NA,NA,NA,NA,NA,0,1,NA,0,NA,NA,NA,"4686422","ESPN","16201","ESPN","WR",4,2,27,NA,NA,0,NA,NA,NA,NA,NA,NA,NA,NA,NA,NA,NA,NA,NA,NA,NA,NA,NA,NA,NA,NA,NA,NA,NA,NA,NA,NA,NA,NA,NA,NA,NA,NA,NA,NA,NA,NA,NA,NA,NA,NA,NA,NA,NA,NA,NA,NA,NA,NA,NA,NA,NA,NA,NA,NA,NA,NA,NA,NA
"Jalen Tolbert","WR","MIA",NA,NA,NA,NA,NA,NA,NA,NA,NA,NA,NA,NA,NA,NA,NA,"4249417","ESPN","15788","ESPN","WR",3,2,26,NA,NA,0,NA,NA,NA,NA,NA,NA,NA,NA,NA,NA,NA,NA,NA,NA,NA,NA,NA,NA,NA,NA,NA,NA,NA,NA,NA,NA,NA,NA,NA,NA,NA,NA,NA,NA,NA,NA,NA,NA,NA,NA,NA,NA,NA,NA,NA,NA,NA,NA,NA,NA,NA,NA,NA,NA,NA,NA,NA,NA
"Chris Bell","WR","MIA",NA,NA,NA,NA,NA,NA,NA,NA,NA,NA,NA,NA,NA,NA,NA,"4869961","ESPN","17506","ESPN","WR",3,2,27,NA,NA,0,NA,NA,NA,NA,NA,NA,NA,NA,NA,NA,NA,NA,NA,NA,NA,NA,NA,NA,NA,NA,NA,NA,NA,NA,NA,NA,NA,NA,NA,NA,NA,NA,NA,NA,NA,NA,NA,NA,NA,NA,NA,NA,NA,NA,NA,NA,NA,NA,NA,NA,NA,NA,NA,NA,NA,NA,NA,NA
"DeMario Douglas","WR","NE",NA,NA,NA,NA,NA,NA,NA,NA,0,1,NA,0,NA,NA,NA,"4427095","ESPN","16342","ESPN","WR",3,2,23,NA,NA,0,NA,NA,NA,NA,NA,NA,NA,NA,NA,NA,NA,NA,NA,NA,NA,NA,NA,NA,NA,NA,NA,NA,NA,NA,NA,NA,NA,NA,NA,NA,NA,NA,NA,NA,NA,NA,NA,NA,NA,NA,NA,NA,NA,NA,NA,NA,NA,NA,NA,NA,NA,NA,NA,NA,NA,NA,NA,NA
"Antonio Williams","WR","WAS",NA,NA,NA,NA,NA,NA,NA,NA,0,1,NA,0,NA,NA,NA,"5081432","ESPN","17512","ESPN","WR",2,2,20,NA,NA,0,NA,NA,NA,NA,NA,NA,NA,NA,NA,NA,NA,NA,NA,NA,NA,NA,NA,NA,NA,NA,NA,NA,NA,NA,NA,NA,NA,NA,NA,NA,NA,NA,NA,NA,NA,NA,NA,NA,NA,NA,NA,NA,NA,NA,NA,NA,NA,NA,NA,NA,NA,NA,NA,NA,NA,NA,NA,NA
"Tyquan Thornton","WR","KCC",NA,NA,NA,NA,NA,NA,NA,NA,NA,NA,NA,NA,NA,NA,NA,"4362921","ESPN","15787","ESPN","WR",3,1,20,NA,NA,0,NA,NA,NA,NA,NA,NA,NA,NA,NA,NA,NA,NA,NA,NA,NA,NA,NA,NA,NA,NA,NA,NA,NA,NA,NA,NA,NA,NA,NA,NA,NA,NA,NA,NA,NA,NA,NA,NA,NA,NA,NA,NA,NA,NA,NA,NA,NA,NA,NA,NA,NA,NA,NA,NA,NA,NA,NA,NA
"Keon Coleman","WR","BUF",NA,NA,NA,NA,NA,NA,NA,NA,NA,NA,NA,NA,NA,NA,NA,"4635008","ESPN","16617","ESPN","WR",2,1,19,NA,NA,0,NA,NA,NA,NA,NA,NA,NA,NA,NA,NA,NA,NA,NA,NA,NA,NA,NA,NA,NA,NA,NA,NA,NA,NA,NA,NA,NA,NA,NA,NA,NA,NA,NA,NA,NA,NA,NA,NA,NA,NA,NA,NA,NA,NA,NA,NA,NA,NA,NA,NA,NA,NA,NA,NA,NA,NA,NA,NA
"Isaac TeSlaa","WR","DET",NA,NA,NA,NA,NA,NA,NA,NA,NA,NA,NA,NA,NA,NA,NA,"5123663","ESPN","17157","ESPN","WR",2,1,17,NA,NA,0,NA,NA,NA,NA,NA,NA,NA,NA,NA,NA,NA,NA,NA,NA,NA,NA,NA,NA,NA,NA,NA,NA,NA,NA,NA,NA,NA,NA,NA,NA,NA,NA,NA,NA,NA,NA,NA,NA,NA,NA,NA,NA,NA,NA,NA,NA,NA,NA,NA,NA,NA,NA,NA,NA,NA,NA,NA,NA
"Pat Bryant","WR","DEN",NA,NA,NA,NA,NA,NA,NA,NA,NA,NA,NA,NA,NA,NA,NA,"4600981","ESPN","17082","ESPN","WR",3,2,19,NA,NA,0,NA,NA,NA,NA,NA,NA,NA,NA,NA,NA,NA,NA,NA,NA,NA,NA,NA,NA,NA,NA,NA,NA,NA,NA,NA,NA,NA,NA,NA,NA,NA,NA,NA,NA,NA,NA,NA,NA,NA,NA,NA,NA,NA,NA,NA,NA,NA,NA,NA,NA,NA,NA,NA,NA,NA,NA,NA,NA
"Marvin Mims Jr.","WR","DEN",NA,NA,NA,NA,NA,NA,NA,NA,0,2,NA,0,NA,NA,NA,"4686472","ESPN","16189","ESPN","WR",2,1,16,NA,NA,0,NA,NA,NA,NA,NA,NA,NA,NA,NA,NA,NA,NA,NA,NA,NA,NA,NA,NA,NA,NA,NA,NA,NA,NA,NA,NA,NA,NA,NA,NA,NA,NA,NA,NA,NA,NA,NA,NA,NA,NA,NA,NA,NA,NA,NA,NA,NA,NA,NA,NA,NA,NA,NA,NA,NA,NA,NA,NA
"Andrei Iosivas","WR","CIN",NA,NA,NA,NA,NA,NA,NA,NA,0,1,NA,0,NA,NA,NA,"4368003","ESPN","16207","ESPN","WR",2,1,16,NA,NA,0,NA,NA,NA,NA,NA,NA,NA,NA,NA,NA,NA,NA,NA,NA,NA,NA,NA,NA,NA,NA,NA,NA,NA,NA,NA,NA,NA,NA,NA,NA,NA,NA,NA,NA,NA,NA,NA,NA,NA,NA,NA,NA,NA,NA,NA,NA,NA,NA,NA,NA,NA,NA,NA,NA,NA,NA,NA,NA
"Kevin Coleman Jr.","WR","MIA",NA,NA,NA,NA,NA,NA,NA,NA,NA,NA,NA,NA,NA,NA,NA,"4685307","ESPN","17528","ESPN","WR",3,2,21,NA,NA,0,NA,NA,NA,NA,NA,NA,NA,NA,NA,NA,NA,NA,NA,NA,NA,NA,NA,NA,NA,NA,NA,NA,NA,NA,NA,NA,NA,NA,NA,NA,NA,NA,NA,NA,NA,NA,NA,NA,NA,NA,NA,NA,NA,NA,NA,NA,NA,NA,NA,NA,NA,NA,NA,NA,NA,NA,NA,NA
"KaVontae Turpin","WR","DAL",NA,NA,NA,NA,NA,NA,NA,NA,1,6,NA,0,NA,NA,NA,"3676833","ESPN","15981","ESPN","WR",1,1,11,NA,NA,0,NA,NA,NA,NA,NA,NA,NA,NA,NA,NA,NA,NA,NA,NA,NA,NA,NA,NA,NA,NA,NA,NA,NA,NA,NA,NA,NA,NA,NA,NA,NA,NA,NA,NA,NA,NA,NA,NA,NA,NA,NA,NA,NA,NA,NA,NA,NA,NA,NA,NA,NA,NA,NA,NA,NA,NA,NA,NA
"Jack Bech","WR","LV",NA,NA,NA,NA,NA,NA,NA,NA,NA,NA,NA,NA,NA,NA,NA,"4603186","ESPN","17078","ESPN","WR",2,2,20,NA,NA,0,NA,NA,NA,NA,NA,NA,NA,NA,NA,NA,NA,NA,NA,NA,NA,NA,NA,NA,NA,NA,NA,NA,NA,NA,NA,NA,NA,NA,NA,NA,NA,NA,NA,NA,NA,NA,NA,NA,NA,NA,NA,NA,NA,NA,NA,NA,NA,NA,NA,NA,NA,NA,NA,NA,NA,NA,NA,NA
"Tory Horton","WR","SEA",NA,NA,NA,NA,NA,NA,NA,NA,NA,NA,NA,NA,NA,NA,NA,"4597703","ESPN","17098","ESPN","WR",2,1,17,NA,NA,0,NA,NA,NA,NA,NA,NA,NA,NA,NA,NA,NA,NA,NA,NA,NA,NA,NA,NA,NA,NA,NA,NA,NA,NA,NA,NA,NA,NA,NA,NA,NA,NA,NA,NA,NA,NA,NA,NA,NA,NA,NA,NA,NA,NA,NA,NA,NA,NA,NA,NA,NA,NA,NA,NA,NA,NA,NA,NA
"Ted Hurst III","WR","TB",NA,NA,NA,NA,NA,NA,NA,NA,NA,NA,NA,NA,NA,NA,NA,"5220680","ESPN","17520","ESPN","WR",2,1,18,NA,NA,0,NA,NA,NA,NA,NA,NA,NA,NA,NA,NA,NA,NA,NA,NA,NA,NA,NA,NA,NA,NA,NA,NA,NA,NA,NA,NA,NA,NA,NA,NA,NA,NA,NA,NA,NA,NA,NA,NA,NA,NA,NA,NA,NA,NA,NA,NA,NA,NA,NA,NA,NA,NA,NA,NA,NA,NA,NA,NA
"Darnell Mooney","WR","NYG",NA,NA,NA,NA,NA,NA,NA,NA,0,1,NA,0,NA,NA,NA,"4040655","ESPN","14974","ESPN","WR",2,1,19,NA,NA,0,NA,NA,NA,NA,NA,NA,NA,NA,NA,NA,NA,NA,NA,NA,NA,NA,NA,NA,NA,NA,NA,NA,NA,NA,NA,NA,NA,NA,NA,NA,NA,NA,NA,NA,NA,NA,NA,NA,NA,NA,NA,NA,NA,NA,NA,NA,NA,NA,NA,NA,NA,NA,NA,NA,NA,NA,NA,NA
"Mack Hollins","WR","NE",NA,NA,NA,NA,NA,NA,NA,NA,NA,NA,NA,NA,NA,NA,NA,"2991662","ESPN","13289","ESPN","WR",2,2,17,NA,NA,0,NA,NA,NA,NA,NA,NA,NA,NA,NA,NA,NA,NA,NA,NA,NA,NA,NA,NA,NA,NA,NA,NA,NA,NA,NA,NA,NA,NA,NA,NA,NA,NA,NA,NA,NA,NA,NA,NA,NA,NA,NA,NA,NA,NA,NA,NA,NA,NA,NA,NA,NA,NA,NA,NA,NA,NA,NA,NA
"Cyrus Allen","WR","KCC",NA,NA,NA,NA,NA,NA,NA,NA,NA,NA,NA,NA,NA,NA,NA,"4912218","ESPN","17518","ESPN","WR",2,1,14,NA,NA,0,NA,NA,NA,NA,NA,NA,NA,NA,NA,NA,NA,NA,NA,NA,NA,NA,NA,NA,NA,NA,NA,NA,NA,NA,NA,NA,NA,NA,NA,NA,NA,NA,NA,NA,NA,NA,NA,NA,NA,NA,NA,NA,NA,NA,NA,NA,NA,NA,NA,NA,NA,NA,NA,NA,NA,NA,NA,NA
"Odell Beckham Jr.","WR","NYG",NA,NA,NA,NA,NA,NA,NA,NA,NA,NA,NA,NA,NA,NA,NA,"16733","ESPN","11679","ESPN","WR",1,1,7,NA,NA,0,NA,NA,NA,NA,NA,NA,NA,NA,NA,NA,NA,NA,NA,NA,NA,NA,NA,NA,NA,NA,NA,NA,NA,NA,NA,NA,NA,NA,NA,NA,NA,NA,NA,NA,NA,NA,NA,NA,NA,NA,NA,NA,NA,NA,NA,NA,NA,NA,NA,NA,NA,NA,NA,NA,NA,NA,NA,NA
"Malik Benson","WR","LV",NA,NA,NA,NA,NA,NA,NA,NA,NA,NA,NA,NA,NA,NA,NA,"5150247","ESPN","17706","ESPN","WR",2,1,18,NA,NA,0,NA,NA,NA,NA,NA,NA,NA,NA,NA,NA,NA,NA,NA,NA,NA,NA,NA,NA,NA,NA,NA,NA,NA,NA,NA,NA,NA,NA,NA,NA,NA,NA,NA,NA,NA,NA,NA,NA,NA,NA,NA,NA,NA,NA,NA,NA,NA,NA,NA,NA,NA,NA,NA,NA,NA,NA,NA,NA
"Kyle Williams","WR","NE",NA,NA,NA,NA,NA,NA,NA,NA,0,1,NA,0,NA,NA,NA,"4613202","ESPN","17134","ESPN","WR",2,1,13,NA,NA,0,NA,NA,NA,NA,NA,NA,NA,NA,NA,NA,NA,NA,NA,NA,NA,NA,NA,NA,NA,NA,NA,NA,NA,NA,NA,NA,NA,NA,NA,NA,NA,NA,NA,NA,NA,NA,NA,NA,NA,NA,NA,NA,NA,NA,NA,NA,NA,NA,NA,NA,NA,NA,NA,NA,NA,NA,NA,NA
"Troy Franklin","WR","DEN",NA,NA,NA,NA,NA,NA,NA,NA,0,1,NA,0,NA,NA,NA,"4431280","ESPN","16619","ESPN","WR",2,1,13,NA,NA,0,NA,NA,NA,NA,NA,NA,NA,NA,NA,NA,NA,NA,NA,NA,NA,NA,NA,NA,NA,NA,NA,NA,NA,NA,NA,NA,NA,NA,NA,NA,NA,NA,NA,NA,NA,NA,NA,NA,NA,NA,NA,NA,NA,NA,NA,NA,NA,NA,NA,NA,NA,NA,NA,NA,NA,NA,NA,NA
"Joshua Palmer","WR","BUF",NA,NA,NA,NA,NA,NA,NA,NA,NA,NA,NA,NA,NA,NA,NA,"4242433","ESPN","15319","ESPN","WR",2,1,13,NA,NA,0,NA,NA,NA,NA,NA,NA,NA,NA,NA,NA,NA,NA,NA,NA,NA,NA,NA,NA,NA,NA,NA,NA,NA,NA,NA,NA,NA,NA,NA,NA,NA,NA,NA,NA,NA,NA,NA,NA,NA,NA,NA,NA,NA,NA,NA,NA,NA,NA,NA,NA,NA,NA,NA,NA,NA,NA,NA,NA
"Kendrick Bourne","WR","ARI",NA,NA,NA,NA,NA,NA,NA,NA,NA,NA,NA,NA,NA,NA,NA,"3045523","ESPN","13418","ESPN","WR",2,1,14,NA,NA,0,NA,NA,NA,NA,NA,NA,NA,NA,NA,NA,NA,NA,NA,NA,NA,NA,NA,NA,NA,NA,NA,NA,NA,NA,NA,NA,NA,NA,NA,NA,NA,NA,NA,NA,NA,NA,NA,NA,NA,NA,NA,NA,NA,NA,NA,NA,NA,NA,NA,NA,NA,NA,NA,NA,NA,NA,NA,NA
"Kalif Raymond","WR","CHI",NA,NA,NA,NA,NA,NA,NA,NA,0,2,NA,0,NA,NA,NA,"2973405","ESPN","13066","ESPN","WR",2,1,11,NA,NA,0,NA,NA,NA,NA,NA,NA,NA,NA,NA,NA,NA,NA,NA,NA,NA,NA,NA,NA,NA,NA,NA,NA,NA,NA,NA,NA,NA,NA,NA,NA,NA,NA,NA,NA,NA,NA,NA,NA,NA,NA,NA,NA,NA,NA,NA,NA,NA,NA,NA,NA,NA,NA,NA,NA,NA,NA,NA,NA
"Dyami Brown","WR","WAS",NA,NA,NA,NA,NA,NA,NA,NA,NA,NA,NA,NA,NA,NA,NA,"4361577","ESPN","15292","ESPN","WR",2,1,12,NA,NA,0,NA,NA,NA,NA,NA,NA,NA,NA,NA,NA,NA,NA,NA,NA,NA,NA,NA,NA,NA,NA,NA,NA,NA,NA,NA,NA,NA,NA,NA,NA,NA,NA,NA,NA,NA,NA,NA,NA,NA,NA,NA,NA,NA,NA,NA,NA,NA,NA,NA,NA,NA,NA,NA,NA,NA,NA,NA,NA
"Treylon Burks","WR","WAS",NA,NA,NA,NA,NA,NA,NA,NA,NA,NA,NA,NA,NA,NA,NA,"4567156","ESPN","15752","ESPN","WR",2,1,12,NA,NA,0,NA,NA,NA,NA,NA,NA,NA,NA,NA,NA,NA,NA,NA,NA,NA,NA,NA,NA,NA,NA,NA,NA,NA,NA,NA,NA,NA,NA,NA,NA,NA,NA,NA,NA,NA,NA,NA,NA,NA,NA,NA,NA,NA,NA,NA,NA,NA,NA,NA,NA,NA,NA,NA,NA,NA,NA,NA,NA
"Devontez Walker","WR","BAL",NA,NA,NA,NA,NA,NA,NA,NA,NA,NA,NA,NA,NA,NA,NA,"4696882","ESPN","16621","ESPN","WR",1,1,12,NA,NA,0,NA,NA,NA,NA,NA,NA,NA,NA,NA,NA,NA,NA,NA,NA,NA,NA,NA,NA,NA,NA,NA,NA,NA,NA,NA,NA,NA,NA,NA,NA,NA,NA,NA,NA,NA,NA,NA,NA,NA,NA,NA,NA,NA,NA,NA,NA,NA,NA,NA,NA,NA,NA,NA,NA,NA,NA,NA,NA
"Bryce Lance","WR","NO",NA,NA,NA,NA,NA,NA,NA,NA,NA,NA,NA,NA,NA,NA,NA,"4879276","ESPN","17519","ESPN","WR",3,2,20,NA,NA,0,NA,NA,NA,NA,NA,NA,NA,NA,NA,NA,NA,NA,NA,NA,NA,NA,NA,NA,NA,NA,NA,NA,NA,NA,NA,NA,NA,NA,NA,NA,NA,NA,NA,NA,NA,NA,NA,NA,NA,NA,NA,NA,NA,NA,NA,NA,NA,NA,NA,NA,NA,NA,NA,NA,NA,NA,NA,NA
"Savion Williams","WR","GB",NA,NA,NA,NA,NA,NA,NA,NA,1,3,NA,0,NA,NA,NA,"4431487","ESPN","17096","ESPN","WR",NA,NA,NA,NA,NA,NA,NA,NA,NA,NA,NA,NA,NA,NA,NA,NA,NA,NA,NA,NA,NA,NA,NA,NA,NA,NA,NA,NA,NA,NA,NA,NA,NA,NA,NA,NA,NA,NA,NA,NA,NA,NA,NA,NA,NA,NA,NA,NA,NA,NA,NA,NA,NA,NA,NA,NA,NA,NA,NA,NA,NA,NA,NA,NA
"Chimere Dike","WR","TEN",NA,NA,NA,NA,NA,NA,NA,NA,1,3,NA,0,NA,NA,NA,"4431268","ESPN","17171","ESPN","WR",1,1,7,NA,NA,0,NA,NA,NA,NA,NA,NA,NA,NA,NA,NA,NA,NA,NA,NA,NA,NA,NA,NA,NA,NA,NA,NA,NA,NA,NA,NA,NA,NA,NA,NA,NA,NA,NA,NA,NA,NA,NA,NA,NA,NA,NA,NA,NA,NA,NA,NA,NA,NA,NA,NA,NA,NA,NA,NA,NA,NA,NA,NA
"Zavion Thomas","WR","CHI",NA,NA,NA,NA,NA,NA,NA,NA,NA,NA,NA,NA,NA,NA,NA,"4869748","ESPN","17521","ESPN","WR",1,1,9,NA,NA,0,NA,NA,NA,NA,NA,NA,NA,NA,NA,NA,NA,NA,NA,NA,NA,NA,NA,NA,NA,NA,NA,NA,NA,NA,NA,NA,NA,NA,NA,NA,NA,NA,NA,NA,NA,NA,NA,NA,NA,NA,NA,NA,NA,NA,NA,NA,NA,NA,NA,NA,NA,NA,NA,NA,NA,NA,NA,NA
"Isaiah Bond","WR","CLE",NA,NA,NA,NA,NA,NA,NA,NA,0,1,NA,0,NA,NA,NA,"4808839","ESPN","17076","ESPN","WR",1,1,9,NA,NA,0,NA,NA,NA,NA,NA,NA,NA,NA,NA,NA,NA,NA,NA,NA,NA,NA,NA,NA,NA,NA,NA,NA,NA,NA,NA,NA,NA,NA,NA,NA,NA,NA,NA,NA,NA,NA,NA,NA,NA,NA,NA,NA,NA,NA,NA,NA,NA,NA,NA,NA,NA,NA,NA,NA,NA,NA,NA,NA
"Hollywood Brown","WR","PHI",NA,NA,NA,NA,NA,NA,NA,NA,NA,NA,NA,NA,NA,NA,NA,"4241372","ESPN","14105","ESPN","WR",1,1,12,NA,NA,0,NA,NA,NA,NA,NA,NA,NA,NA,NA,NA,NA,NA,NA,NA,NA,NA,NA,NA,NA,NA,NA,NA,NA,NA,NA,NA,NA,NA,NA,NA,NA,NA,NA,NA,NA,NA,NA,NA,NA,NA,NA,NA,NA,NA,NA,NA,NA,NA,NA,NA,NA,NA,NA,NA,NA,NA,NA,NA
"Skyler Bell","WR","BUF",NA,NA,NA,NA,NA,NA,NA,NA,NA,NA,NA,NA,NA,NA,NA,"4683153","ESPN","17508","ESPN","WR",1,1,9,NA,NA,0,NA,NA,NA,NA,NA,NA,NA,NA,NA,NA,NA,NA,NA,NA,NA,NA,NA,NA,NA,NA,NA,NA,NA,NA,NA,NA,NA,NA,NA,NA,NA,NA,NA,NA,NA,NA,NA,NA,NA,NA,NA,NA,NA,NA,NA,NA,NA,NA,NA,NA,NA,NA,NA,NA,NA,NA,NA,NA
"Olamide Zaccheaus","WR","ATL",NA,NA,NA,NA,NA,NA,NA,NA,NA,NA,NA,NA,NA,NA,NA,"3917914","ESPN","14592","ESPN","WR",1,1,8,NA,NA,0,NA,NA,NA,NA,NA,NA,NA,NA,NA,NA,NA,NA,NA,NA,NA,NA,NA,NA,NA,NA,NA,NA,NA,NA,NA,NA,NA,NA,NA,NA,NA,NA,NA,NA,NA,NA,NA,NA,NA,NA,NA,NA,NA,NA,NA,NA,NA,NA,NA,NA,NA,NA,NA,NA,NA,NA,NA,NA
"Ashton Dulin","WR","IND",NA,NA,NA,NA,NA,NA,NA,NA,0,1,NA,0,NA,NA,NA,"4061956","ESPN","14315","ESPN","WR",1,1,10,NA,NA,0,NA,NA,NA,NA,NA,NA,NA,NA,NA,NA,NA,NA,NA,NA,NA,NA,NA,NA,NA,NA,NA,NA,NA,NA,NA,NA,NA,NA,NA,NA,NA,NA,NA,NA,NA,NA,NA,NA,NA,NA,NA,NA,NA,NA,NA,NA,NA,NA,NA,NA,NA,NA,NA,NA,NA,NA,NA,NA
"Isaiah Williams","WR","NYJ",NA,NA,NA,NA,NA,NA,NA,NA,0,1,NA,0,NA,NA,NA,"4569371","ESPN","16630","ESPN","WR",1,1,9,NA,NA,0,NA,NA,NA,NA,NA,NA,NA,NA,NA,NA,NA,NA,NA,NA,NA,NA,NA,NA,NA,NA,NA,NA,NA,NA,NA,NA,NA,NA,NA,NA,NA,NA,NA,NA,NA,NA,NA,NA,NA,NA,NA,NA,NA,NA,NA,NA,NA,NA,NA,NA,NA,NA,NA,NA,NA,NA,NA,NA
"Tutu Atwell","WR","LAR",NA,NA,NA,NA,NA,NA,NA,NA,0,1,NA,0,NA,NA,NA,"4360797","ESPN","15301","ESPN","WR",1,1,8,NA,NA,0,NA,NA,NA,NA,NA,NA,NA,NA,NA,NA,NA,NA,NA,NA,NA,NA,NA,NA,NA,NA,NA,NA,NA,NA,NA,NA,NA,NA,NA,NA,NA,NA,NA,NA,NA,NA,NA,NA,NA,NA,NA,NA,NA,NA,NA,NA,NA,NA,NA,NA,NA,NA,NA,NA,NA,NA,NA,NA
"Colbie Young","WR","CIN",NA,NA,NA,NA,NA,NA,NA,NA,NA,NA,NA,NA,NA,NA,NA,"5092508","ESPN","17542","ESPN","WR",1,1,8,NA,NA,0,NA,NA,NA,NA,NA,NA,NA,NA,NA,NA,NA,NA,NA,NA,NA,NA,NA,NA,NA,NA,NA,NA,NA,NA,NA,NA,NA,NA,NA,NA,NA,NA,NA,NA,NA,NA,NA,NA,NA,NA,NA,NA,NA,NA,NA,NA,NA,NA,NA,NA,NA,NA,NA,NA,NA,NA,NA,NA
"Roman Wilson","WR","PIT",NA,NA,NA,NA,NA,NA,NA,NA,NA,NA,NA,NA,NA,NA,NA,"4431492","ESPN","16629","ESPN","WR",1,1,8,NA,NA,0,NA,NA,NA,NA,NA,NA,NA,NA,NA,NA,NA,NA,NA,NA,NA,NA,NA,NA,NA,NA,NA,NA,NA,NA,NA,NA,NA,NA,NA,NA,NA,NA,NA,NA,NA,NA,NA,NA,NA,NA,NA,NA,NA,NA,NA,NA,NA,NA,NA,NA,NA,NA,NA,NA,NA,NA,NA,NA
"Jaylin Lane","WR","WAS",NA,NA,NA,NA,NA,NA,NA,NA,NA,NA,NA,NA,NA,NA,NA,"4602667","ESPN","17184","ESPN","WR",1,1,7,NA,NA,0,NA,NA,NA,NA,NA,NA,NA,NA,NA,NA,NA,NA,NA,NA,NA,NA,NA,NA,NA,NA,NA,NA,NA,NA,NA,NA,NA,NA,NA,NA,NA,NA,NA,NA,NA,NA,NA,NA,NA,NA,NA,NA,NA,NA,NA,NA,NA,NA,NA,NA,NA,NA,NA,NA,NA,NA,NA,NA
"Brenen Thompson","WR","LAC",NA,NA,NA,NA,NA,NA,NA,NA,0,1,NA,0,NA,NA,NA,"4685553","ESPN","17529","ESPN","WR",1,1,7,NA,NA,0,NA,NA,NA,NA,NA,NA,NA,NA,NA,NA,NA,NA,NA,NA,NA,NA,NA,NA,NA,NA,NA,NA,NA,NA,NA,NA,NA,NA,NA,NA,NA,NA,NA,NA,NA,NA,NA,NA,NA,NA,NA,NA,NA,NA,NA,NA,NA,NA,NA,NA,NA,NA,NA,NA,NA,NA,NA,NA
"Elijah Sarratt","WR","BAL",NA,NA,NA,NA,NA,NA,NA,NA,NA,NA,NA,NA,NA,NA,NA,"5088338","ESPN","17505","ESPN","WR",1,1,7,NA,NA,0,NA,NA,NA,NA,NA,NA,NA,NA,NA,NA,NA,NA,NA,NA,NA,NA,NA,NA,NA,NA,NA,NA,NA,NA,NA,NA,NA,NA,NA,NA,NA,NA,NA,NA,NA,NA,NA,NA,NA,NA,NA,NA,NA,NA,NA,NA,NA,NA,NA,NA,NA,NA,NA,NA,NA,NA,NA,NA
"Elic Ayomanor","WR","TEN",NA,NA,NA,NA,NA,NA,NA,NA,NA,NA,NA,NA,NA,NA,NA,"4883647","ESPN","17073","ESPN","WR",1,1,7,NA,NA,0,NA,NA,NA,NA,NA,NA,NA,NA,NA,NA,NA,NA,NA,NA,NA,NA,NA,NA,NA,NA,NA,NA,NA,NA,NA,NA,NA,NA,NA,NA,NA,NA,NA,NA,NA,NA,NA,NA,NA,NA,NA,NA,NA,NA,NA,NA,NA,NA,NA,NA,NA,NA,NA,NA,NA,NA,NA,NA
"Jordan Whittington","WR","LAR",NA,NA,NA,NA,NA,NA,NA,NA,0,1,NA,0,NA,NA,NA,"4569382","ESPN","16633","ESPN","WR",1,0,5,NA,NA,0,NA,NA,NA,NA,NA,NA,NA,NA,NA,NA,NA,NA,NA,NA,NA,NA,NA,NA,NA,NA,NA,NA,NA,NA,NA,NA,NA,NA,NA,NA,NA,NA,NA,NA,NA,NA,NA,NA,NA,NA,NA,NA,NA,NA,NA,NA,NA,NA,NA,NA,NA,NA,NA,NA,NA,NA,NA,NA
"Tez Johnson","WR","TB",NA,NA,NA,NA,NA,NA,NA,NA,0,1,NA,0,NA,NA,NA,"4608810","ESPN","17079","ESPN","WR",1,0,5,NA,NA,0,NA,NA,NA,NA,NA,NA,NA,NA,NA,NA,NA,NA,NA,NA,NA,NA,NA,NA,NA,NA,NA,NA,NA,NA,NA,NA,NA,NA,NA,NA,NA,NA,NA,NA,NA,NA,NA,NA,NA,NA,NA,NA,NA,NA,NA,NA,NA,NA,NA,NA,NA,NA,NA,NA,NA,NA,NA,NA
"Jimmy Horn Jr.","WR","CAR",NA,NA,NA,NA,NA,NA,NA,NA,0,2,NA,0,NA,NA,NA,"4708486","ESPN","17234","ESPN","WR",1,0,5,NA,NA,0,NA,NA,NA,NA,NA,NA,NA,NA,NA,NA,NA,NA,NA,NA,NA,NA,NA,NA,NA,NA,NA,NA,NA,NA,NA,NA,NA,NA,NA,NA,NA,NA,NA,NA,NA,NA,NA,NA,NA,NA,NA,NA,NA,NA,NA,NA,NA,NA,NA,NA,NA,NA,NA,NA,NA,NA,NA,NA
"Barion Brown","WR","NO",NA,NA,NA,NA,NA,NA,NA,NA,NA,NA,NA,NA,NA,NA,NA,"4698597","ESPN","17541","ESPN","WR",1,1,10,NA,NA,0,NA,NA,NA,NA,NA,NA,NA,NA,NA,NA,NA,NA,NA,NA,NA,NA,NA,NA,NA,NA,NA,NA,NA,NA,NA,NA,NA,NA,NA,NA,NA,NA,NA,NA,NA,NA,NA,NA,NA,NA,NA,NA,NA,NA,NA,NA,NA,NA,NA,NA,NA,NA,NA,NA,NA,NA,NA,NA
"Konata Mumpfield","WR","LAR",NA,NA,NA,NA,NA,NA,NA,NA,NA,NA,NA,NA,NA,NA,NA,"4710855","ESPN","17254","ESPN","WR",1,0,5,NA,NA,0,NA,NA,NA,NA,NA,NA,NA,NA,NA,NA,NA,NA,NA,NA,NA,NA,NA,NA,NA,NA,NA,NA,NA,NA,NA,NA,NA,NA,NA,NA,NA,NA,NA,NA,NA,NA,NA,NA,NA,NA,NA,NA,NA,NA,NA,NA,NA,NA,NA,NA,NA,NA,NA,NA,NA,NA,NA,NA
"Demarcus Robinson","WR","SF",NA,NA,NA,NA,NA,NA,NA,NA,NA,NA,NA,NA,NA,NA,NA,"3043116","ESPN","12785","ESPN","WR",1,0,5,NA,NA,0,NA,NA,NA,NA,NA,NA,NA,NA,NA,NA,NA,NA,NA,NA,NA,NA,NA,NA,NA,NA,NA,NA,NA,NA,NA,NA,NA,NA,NA,NA,NA,NA,NA,NA,NA,NA,NA,NA,NA,NA,NA,NA,NA,NA,NA,NA,NA,NA,NA,NA,NA,NA,NA,NA,NA,NA,NA,NA
"Luke McCaffrey","WR","WAS",NA,NA,NA,NA,NA,NA,NA,NA,NA,NA,NA,NA,NA,NA,NA,"4426948","ESPN","16635","ESPN","WR",1,0,5,NA,NA,0,NA,NA,NA,NA,NA,NA,NA,NA,NA,NA,NA,NA,NA,NA,NA,NA,NA,NA,NA,NA,NA,NA,NA,NA,NA,NA,NA,NA,NA,NA,NA,NA,NA,NA,NA,NA,NA,NA,NA,NA,NA,NA,NA,NA,NA,NA,NA,NA,NA,NA,NA,NA,NA,NA,NA,NA,NA,NA
"Jalen Royals","WR","KCC",NA,NA,NA,NA,NA,NA,NA,NA,NA,NA,NA,NA,NA,NA,NA,"5082630","ESPN","17086","ESPN","WR",1,0,4,NA,NA,0,NA,NA,NA,NA,NA,NA,NA,NA,NA,NA,NA,NA,NA,NA,NA,NA,NA,NA,NA,NA,NA,NA,NA,NA,NA,NA,NA,NA,NA,NA,NA,NA,NA,NA,NA,NA,NA,NA,NA,NA,NA,NA,NA,NA,NA,NA,NA,NA,NA,NA,NA,NA,NA,NA,NA,NA,NA,NA
"KeAndre Lambert-Smith","WR","LAC",NA,NA,NA,NA,NA,NA,NA,NA,NA,NA,NA,NA,NA,NA,NA,"4430870","ESPN","17205","ESPN","WR",1,0,5,NA,NA,0,NA,NA,NA,NA,NA,NA,NA,NA,NA,NA,NA,NA,NA,NA,NA,NA,NA,NA,NA,NA,NA,NA,NA,NA,NA,NA,NA,NA,NA,NA,NA,NA,NA,NA,NA,NA,NA,NA,NA,NA,NA,NA,NA,NA,NA,NA,NA,NA,NA,NA,NA,NA,NA,NA,NA,NA,NA,NA
"Laquon Treadwell","WR","IND",NA,NA,NA,NA,NA,NA,NA,NA,NA,NA,NA,NA,NA,NA,NA,"3051889","ESPN","12645","ESPN","WR",1,1,7,NA,NA,0,NA,NA,NA,NA,NA,NA,NA,NA,NA,NA,NA,NA,NA,NA,NA,NA,NA,NA,NA,NA,NA,NA,NA,NA,NA,NA,NA,NA,NA,NA,NA,NA,NA,NA,NA,NA,NA,NA,NA,NA,NA,NA,NA,NA,NA,NA,NA,NA,NA,NA,NA,NA,NA,NA,NA,NA,NA,NA
"Bo Melton","WR","GB",NA,NA,NA,NA,NA,NA,NA,NA,0,1,NA,0,NA,NA,NA,"4259305","ESPN","15785","ESPN","WR",1,1,9,NA,NA,0,NA,NA,NA,NA,NA,NA,NA,NA,NA,NA,NA,NA,NA,NA,NA,NA,NA,NA,NA,NA,NA,NA,NA,NA,NA,NA,NA,NA,NA,NA,NA,NA,NA,NA,NA,NA,NA,NA,NA,NA,NA,NA,NA,NA,NA,NA,NA,NA,NA,NA,NA,NA,NA,NA,NA,NA,NA,NA
"Malachi Corley","WR","CLE",NA,NA,NA,NA,NA,NA,NA,NA,0,3,NA,0,NA,NA,NA,"4613104","ESPN","16636","ESPN","WR",0,0,2,NA,NA,0,NA,NA,NA,NA,NA,NA,NA,NA,NA,NA,NA,NA,NA,NA,NA,NA,NA,NA,NA,NA,NA,NA,NA,NA,NA,NA,NA,NA,NA,NA,NA,NA,NA,NA,NA,NA,NA,NA,NA,NA,NA,NA,NA,NA,NA,NA,NA,NA,NA,NA,NA,NA,NA,NA,NA,NA,NA,NA
"Tay Martin","WR","DET",NA,NA,NA,NA,NA,NA,NA,NA,0,2,NA,0,NA,NA,NA,"4245144","ESPN","15771","ESPN","WR",0,0,2,NA,NA,0,NA,NA,NA,NA,NA,NA,NA,NA,NA,NA,NA,NA,NA,NA,NA,NA,NA,NA,NA,NA,NA,NA,NA,NA,NA,NA,NA,NA,NA,NA,NA,NA,NA,NA,NA,NA,NA,NA,NA,NA,NA,NA,NA,NA,NA,NA,NA,NA,NA,NA,NA,NA,NA,NA,NA,NA,NA,NA
"Derius Davis","WR","LAC",NA,NA,NA,NA,NA,NA,NA,NA,0,1,NA,0,NA,NA,NA,"4362477","ESPN","16299","ESPN","WR",0,0,2,NA,NA,0,NA,NA,NA,NA,NA,NA,NA,NA,NA,NA,NA,NA,NA,NA,NA,NA,NA,NA,NA,NA,NA,NA,NA,NA,NA,NA,NA,NA,NA,NA,NA,NA,NA,NA,NA,NA,NA,NA,NA,NA,NA,NA,NA,NA,NA,NA,NA,NA,NA,NA,NA,NA,NA,NA,NA,NA,NA,NA
"Xavier Smith","WR","LAR",NA,NA,NA,NA,NA,NA,NA,NA,NA,NA,NA,NA,NA,NA,NA,"4386544","ESPN","16428","ESPN","WR",0,0,3,NA,NA,0,NA,NA,NA,NA,NA,NA,NA,NA,NA,NA,NA,NA,NA,NA,NA,NA,NA,NA,NA,NA,NA,NA,NA,NA,NA,NA,NA,NA,NA,NA,NA,NA,NA,NA,NA,NA,NA,NA,NA,NA,NA,NA,NA,NA,NA,NA,NA,NA,NA,NA,NA,NA,NA,NA,NA,NA,NA,NA
"Jacob Cowing","WR","SF",NA,NA,NA,NA,NA,NA,NA,NA,NA,NA,NA,NA,NA,NA,NA,"4575665","ESPN","16640","ESPN","WR",0,0,3,NA,NA,0,NA,NA,NA,NA,NA,NA,NA,NA,NA,NA,NA,NA,NA,NA,NA,NA,NA,NA,NA,NA,NA,NA,NA,NA,NA,NA,NA,NA,NA,NA,NA,NA,NA,NA,NA,NA,NA,NA,NA,NA,NA,NA,NA,NA,NA,NA,NA,NA,NA,NA,NA,NA,NA,NA,NA,NA,NA,NA
"Dohnte Meyers","WR","CIN",NA,NA,NA,NA,NA,NA,NA,NA,NA,NA,NA,NA,NA,NA,NA,"4384852","ESPN","17752","ESPN","WR",0,0,3,NA,NA,0,NA,NA,NA,NA,NA,NA,NA,NA,NA,NA,NA,NA,NA,NA,NA,NA,NA,NA,NA,NA,NA,NA,NA,NA,NA,NA,NA,NA,NA,NA,NA,NA,NA,NA,NA,NA,NA,NA,NA,NA,NA,NA,NA,NA,NA,NA,NA,NA,NA,NA,NA,NA,NA,NA,NA,NA,NA,NA
"Efton Chism III","WR","NE",NA,NA,NA,NA,NA,NA,NA,NA,NA,NA,NA,NA,NA,NA,NA,"4695193","ESPN","17269","ESPN","WR",0,0,2,NA,NA,0,NA,NA,NA,NA,NA,NA,NA,NA,NA,NA,NA,NA,NA,NA,NA,NA,NA,NA,NA,NA,NA,NA,NA,NA,NA,NA,NA,NA,NA,NA,NA,NA,NA,NA,NA,NA,NA,NA,NA,NA,NA,NA,NA,NA,NA,NA,NA,NA,NA,NA,NA,NA,NA,NA,NA,NA,NA,NA
"Tai Felton","WR","MIN",NA,NA,NA,NA,NA,NA,NA,NA,NA,NA,NA,NA,NA,NA,NA,"4565185","ESPN","17097","ESPN","WR",0,0,2,NA,NA,0,NA,NA,NA,NA,NA,NA,NA,NA,NA,NA,NA,NA,NA,NA,NA,NA,NA,NA,NA,NA,NA,NA,NA,NA,NA,NA,NA,NA,NA,NA,NA,NA,NA,NA,NA,NA,NA,NA,NA,NA,NA,NA,NA,NA,NA,NA,NA,NA,NA,NA,NA,NA,NA,NA,NA,NA,NA,NA
"Trey McBride","TE","ARI",NA,NA,NA,NA,NA,NA,NA,NA,NA,NA,NA,NA,NA,NA,NA,"4361307","ESPN","15794","ESPN","TE",9,6,61,NA,NA,0,NA,NA,NA,NA,NA,NA,NA,NA,NA,NA,NA,NA,NA,NA,NA,NA,NA,NA,NA,NA,NA,NA,NA,NA,NA,NA,NA,NA,NA,NA,NA,NA,NA,NA,NA,NA,NA,NA,NA,NA,NA,NA,NA,NA,NA,NA,NA,NA,NA,NA,NA,NA,NA,NA,NA,NA,NA,NA
"Brock Bowers","TE","LV",NA,NA,NA,NA,NA,NA,NA,NA,0,1,NA,0,NA,NA,NA,"4432665","ESPN","16641","ESPN","TE",8,6,63,NA,NA,1,NA,NA,NA,NA,NA,NA,NA,NA,NA,NA,NA,NA,NA,NA,NA,NA,NA,NA,NA,NA,NA,NA,NA,NA,NA,NA,NA,NA,NA,NA,NA,NA,NA,NA,NA,NA,NA,NA,NA,NA,NA,NA,NA,NA,NA,NA,NA,NA,NA,NA,NA,NA,NA,NA,NA,NA,NA,NA
"Colston Loveland","TE","CHI",NA,NA,NA,NA,NA,NA,NA,NA,NA,NA,NA,NA,NA,NA,NA,"4723086","ESPN","17104","ESPN","TE",7,5,53,NA,NA,0,NA,NA,NA,NA,NA,NA,NA,NA,NA,NA,NA,NA,NA,NA,NA,NA,NA,NA,NA,NA,NA,NA,NA,NA,NA,NA,NA,NA,NA,NA,NA,NA,NA,NA,NA,NA,NA,NA,NA,NA,NA,NA,NA,NA,NA,NA,NA,NA,NA,NA,NA,NA,NA,NA,NA,NA,NA,NA
"Tyler Warren","TE","IND",NA,NA,NA,NA,NA,NA,NA,NA,0,1,NA,0,NA,NA,NA,"4431459","ESPN","17102","ESPN","TE",7,5,52,NA,NA,0,NA,NA,NA,NA,NA,NA,NA,NA,NA,NA,NA,NA,NA,NA,NA,NA,NA,NA,NA,NA,NA,NA,NA,NA,NA,NA,NA,NA,NA,NA,NA,NA,NA,NA,NA,NA,NA,NA,NA,NA,NA,NA,NA,NA,NA,NA,NA,NA,NA,NA,NA,NA,NA,NA,NA,NA,NA,NA
"Harold Fannin Jr.","TE","CLE",NA,NA,NA,NA,NA,NA,NA,NA,0,1,NA,0,NA,NA,NA,"5083076","ESPN","17103","ESPN","TE",7,5,48,NA,NA,0,NA,NA,NA,NA,NA,NA,NA,NA,NA,NA,NA,NA,NA,NA,NA,NA,NA,NA,NA,NA,NA,NA,NA,NA,NA,NA,NA,NA,NA,NA,NA,NA,NA,NA,NA,NA,NA,NA,NA,NA,NA,NA,NA,NA,NA,NA,NA,NA,NA,NA,NA,NA,NA,NA,NA,NA,NA,NA
"Kyle Pitts Sr.","TE","ATL",NA,NA,NA,NA,NA,NA,NA,NA,NA,NA,NA,NA,NA,NA,NA,"4360248","ESPN","15329","ESPN","TE",7,5,49,NA,NA,0,NA,NA,NA,NA,NA,NA,NA,NA,NA,NA,NA,NA,NA,NA,NA,NA,NA,NA,NA,NA,NA,NA,NA,NA,NA,NA,NA,NA,NA,NA,NA,NA,NA,NA,NA,NA,NA,NA,NA,NA,NA,NA,NA,NA,NA,NA,NA,NA,NA,NA,NA,NA,NA,NA,NA,NA,NA,NA
"George Kittle","TE","SF",NA,NA,NA,NA,NA,NA,NA,NA,NA,NA,NA,NA,NA,NA,NA,"3040151","ESPN","13299","ESPN","TE",5,4,36,NA,NA,0,NA,NA,NA,NA,NA,NA,NA,NA,NA,NA,NA,NA,NA,NA,NA,NA,NA,NA,NA,NA,NA,NA,NA,NA,NA,NA,NA,NA,NA,NA,NA,NA,NA,NA,NA,NA,NA,NA,NA,NA,NA,NA,NA,NA,NA,NA,NA,NA,NA,NA,NA,NA,NA,NA,NA,NA,NA,NA
"Sam LaPorta","TE","DET",NA,NA,NA,NA,NA,NA,NA,NA,NA,NA,NA,NA,NA,NA,NA,"4430027","ESPN","16214","ESPN","TE",6,5,46,NA,NA,0,NA,NA,NA,NA,NA,NA,NA,NA,NA,NA,NA,NA,NA,NA,NA,NA,NA,NA,NA,NA,NA,NA,NA,NA,NA,NA,NA,NA,NA,NA,NA,NA,NA,NA,NA,NA,NA,NA,NA,NA,NA,NA,NA,NA,NA,NA,NA,NA,NA,NA,NA,NA,NA,NA,NA,NA,NA,NA
"Tucker Kraft","TE","GB",NA,NA,NA,NA,NA,NA,NA,NA,0,0,NA,0,NA,NA,NA,"4572680","ESPN","16222","ESPN","TE",5,4,41,NA,NA,0,NA,NA,NA,NA,NA,NA,NA,NA,NA,NA,NA,NA,NA,NA,NA,NA,NA,NA,NA,NA,NA,NA,NA,NA,NA,NA,NA,NA,NA,NA,NA,NA,NA,NA,NA,NA,NA,NA,NA,NA,NA,NA,NA,NA,NA,NA,NA,NA,NA,NA,NA,NA,NA,NA,NA,NA,NA,NA
"Travis Kelce","TE","KCC",NA,NA,NA,NA,NA,NA,NA,NA,NA,NA,NA,NA,NA,NA,NA,"15847","ESPN","11244","ESPN","TE",6,4,43,NA,NA,0,NA,NA,NA,NA,NA,NA,NA,NA,NA,NA,NA,NA,NA,NA,NA,NA,NA,NA,NA,NA,NA,NA,NA,NA,NA,NA,NA,NA,NA,NA,NA,NA,NA,NA,NA,NA,NA,NA,NA,NA,NA,NA,NA,NA,NA,NA,NA,NA,NA,NA,NA,NA,NA,NA,NA,NA,NA,NA
"Dallas Goedert","TE","PHI",NA,NA,NA,NA,NA,NA,NA,NA,NA,NA,NA,NA,NA,NA,NA,"3121023","ESPN","13674","ESPN","TE",5,4,44,NA,NA,0,NA,NA,NA,NA,NA,NA,NA,NA,NA,NA,NA,NA,NA,NA,NA,NA,NA,NA,NA,NA,NA,NA,NA,NA,NA,NA,NA,NA,NA,NA,NA,NA,NA,NA,NA,NA,NA,NA,NA,NA,NA,NA,NA,NA,NA,NA,NA,NA,NA,NA,NA,NA,NA,NA,NA,NA,NA,NA
"Jake Ferguson","TE","DAL",NA,NA,NA,NA,NA,NA,NA,NA,NA,NA,NA,NA,NA,NA,NA,"4242355","ESPN","15799","ESPN","TE",6,4,35,NA,NA,0,NA,NA,NA,NA,NA,NA,NA,NA,NA,NA,NA,NA,NA,NA,NA,NA,NA,NA,NA,NA,NA,NA,NA,NA,NA,NA,NA,NA,NA,NA,NA,NA,NA,NA,NA,NA,NA,NA,NA,NA,NA,NA,NA,NA,NA,NA,NA,NA,NA,NA,NA,NA,NA,NA,NA,NA,NA,NA
"Isaiah Likely","TE","NYG",NA,NA,NA,NA,NA,NA,NA,NA,NA,NA,NA,NA,NA,NA,NA,"4361050","ESPN","15798","ESPN","TE",5,4,41,NA,NA,0,NA,NA,NA,NA,NA,NA,NA,NA,NA,NA,NA,NA,NA,NA,NA,NA,NA,NA,NA,NA,NA,NA,NA,NA,NA,NA,NA,NA,NA,NA,NA,NA,NA,NA,NA,NA,NA,NA,NA,NA,NA,NA,NA,NA,NA,NA,NA,NA,NA,NA,NA,NA,NA,NA,NA,NA,NA,NA
"Mark Andrews","TE","BAL",NA,NA,NA,NA,NA,NA,NA,NA,1,2,NA,0,NA,NA,NA,"3116365","ESPN","13671","ESPN","TE",5,3,37,NA,NA,0,NA,NA,NA,NA,NA,NA,NA,NA,NA,NA,NA,NA,NA,NA,NA,NA,NA,NA,NA,NA,NA,NA,NA,NA,NA,NA,NA,NA,NA,NA,NA,NA,NA,NA,NA,NA,NA,NA,NA,NA,NA,NA,NA,NA,NA,NA,NA,NA,NA,NA,NA,NA,NA,NA,NA,NA,NA,NA
"Dalton Kincaid","TE","BUF",NA,NA,NA,NA,NA,NA,NA,NA,NA,NA,NA,NA,NA,NA,NA,"4385690","ESPN","16213","ESPN","TE",5,3,40,NA,NA,0,NA,NA,NA,NA,NA,NA,NA,NA,NA,NA,NA,NA,NA,NA,NA,NA,NA,NA,NA,NA,NA,NA,NA,NA,NA,NA,NA,NA,NA,NA,NA,NA,NA,NA,NA,NA,NA,NA,NA,NA,NA,NA,NA,NA,NA,NA,NA,NA,NA,NA,NA,NA,NA,NA,NA,NA,NA,NA
"Juwan Johnson","TE","NO",NA,NA,NA,NA,NA,NA,NA,NA,NA,NA,NA,NA,NA,NA,NA,"3929645","ESPN","14861","ESPN","TE",6,4,40,NA,NA,0,NA,NA,NA,NA,NA,NA,NA,NA,NA,NA,NA,NA,NA,NA,NA,NA,NA,NA,NA,NA,NA,NA,NA,NA,NA,NA,NA,NA,NA,NA,NA,NA,NA,NA,NA,NA,NA,NA,NA,NA,NA,NA,NA,NA,NA,NA,NA,NA,NA,NA,NA,NA,NA,NA,NA,NA,NA,NA
"Hunter Henry","TE","NE",NA,NA,NA,NA,NA,NA,NA,NA,NA,NA,NA,NA,NA,NA,NA,"3046439","ESPN","12676","ESPN","TE",5,3,35,NA,NA,0,NA,NA,NA,NA,NA,NA,NA,NA,NA,NA,NA,NA,NA,NA,NA,NA,NA,NA,NA,NA,NA,NA,NA,NA,NA,NA,NA,NA,NA,NA,NA,NA,NA,NA,NA,NA,NA,NA,NA,NA,NA,NA,NA,NA,NA,NA,NA,NA,NA,NA,NA,NA,NA,NA,NA,NA,NA,NA
"T.J. Hockenson","TE","MIN",NA,NA,NA,NA,NA,NA,NA,NA,NA,NA,NA,NA,NA,NA,NA,"4036133","ESPN","14138","ESPN","TE",6,5,37,NA,NA,0,NA,NA,NA,NA,NA,NA,NA,NA,NA,NA,NA,NA,NA,NA,NA,NA,NA,NA,NA,NA,NA,NA,NA,NA,NA,NA,NA,NA,NA,NA,NA,NA,NA,NA,NA,NA,NA,NA,NA,NA,NA,NA,NA,NA,NA,NA,NA,NA,NA,NA,NA,NA,NA,NA,NA,NA,NA,NA
"Terrance Ferguson","TE","LAR",NA,NA,NA,NA,NA,NA,NA,NA,NA,NA,NA,NA,NA,NA,NA,"4570037","ESPN","17107","ESPN","TE",4,3,34,NA,NA,0,NA,NA,NA,NA,NA,NA,NA,NA,NA,NA,NA,NA,NA,NA,NA,NA,NA,NA,NA,NA,NA,NA,NA,NA,NA,NA,NA,NA,NA,NA,NA,NA,NA,NA,NA,NA,NA,NA,NA,NA,NA,NA,NA,NA,NA,NA,NA,NA,NA,NA,NA,NA,NA,NA,NA,NA,NA,NA
"Kenyon Sadiq","TE","NYJ",NA,NA,NA,NA,NA,NA,NA,NA,NA,NA,NA,NA,NA,NA,NA,"5083315","ESPN","17543","ESPN","TE",3,2,21,NA,NA,0,NA,NA,NA,NA,NA,NA,NA,NA,NA,NA,NA,NA,NA,NA,NA,NA,NA,NA,NA,NA,NA,NA,NA,NA,NA,NA,NA,NA,NA,NA,NA,NA,NA,NA,NA,NA,NA,NA,NA,NA,NA,NA,NA,NA,NA,NA,NA,NA,NA,NA,NA,NA,NA,NA,NA,NA,NA,NA
"Brenton Strange","TE","JAC",NA,NA,NA,NA,NA,NA,NA,NA,NA,NA,NA,NA,NA,NA,NA,"4430539","ESPN","16269","ESPN","TE",5,3,34,NA,NA,0,NA,NA,NA,NA,NA,NA,NA,NA,NA,NA,NA,NA,NA,NA,NA,NA,NA,NA,NA,NA,NA,NA,NA,NA,NA,NA,NA,NA,NA,NA,NA,NA,NA,NA,NA,NA,NA,NA,NA,NA,NA,NA,NA,NA,NA,NA,NA,NA,NA,NA,NA,NA,NA,NA,NA,NA,NA,NA
"Pat Freiermuth","TE","PIT",NA,NA,NA,NA,NA,NA,NA,NA,NA,NA,NA,NA,NA,NA,NA,"4361411","ESPN","15331","ESPN","TE",5,3,37,NA,NA,0,NA,NA,NA,NA,NA,NA,NA,NA,NA,NA,NA,NA,NA,NA,NA,NA,NA,NA,NA,NA,NA,NA,NA,NA,NA,NA,NA,NA,NA,NA,NA,NA,NA,NA,NA,NA,NA,NA,NA,NA,NA,NA,NA,NA,NA,NA,NA,NA,NA,NA,NA,NA,NA,NA,NA,NA,NA,NA
"Dalton Schultz","TE","HOU",NA,NA,NA,NA,NA,NA,NA,NA,NA,NA,NA,NA,NA,NA,NA,"3117256","ESPN","13772","ESPN","TE",5,4,34,NA,NA,0,NA,NA,NA,NA,NA,NA,NA,NA,NA,NA,NA,NA,NA,NA,NA,NA,NA,NA,NA,NA,NA,NA,NA,NA,NA,NA,NA,NA,NA,NA,NA,NA,NA,NA,NA,NA,NA,NA,NA,NA,NA,NA,NA,NA,NA,NA,NA,NA,NA,NA,NA,NA,NA,NA,NA,NA,NA,NA
"Gunnar Helm","TE","TEN",NA,NA,NA,NA,NA,NA,NA,NA,NA,NA,NA,NA,NA,NA,NA,"4686728","ESPN","17105","ESPN","TE",4,3,29,NA,NA,0,NA,NA,NA,NA,NA,NA,NA,NA,NA,NA,NA,NA,NA,NA,NA,NA,NA,NA,NA,NA,NA,NA,NA,NA,NA,NA,NA,NA,NA,NA,NA,NA,NA,NA,NA,NA,NA,NA,NA,NA,NA,NA,NA,NA,NA,NA,NA,NA,NA,NA,NA,NA,NA,NA,NA,NA,NA,NA
"Chig Okonkwo","TE","WAS",NA,NA,NA,NA,NA,NA,NA,NA,NA,NA,NA,NA,NA,NA,NA,"4360635","ESPN","15889","ESPN","TE",4,3,32,NA,NA,0,NA,NA,NA,NA,NA,NA,NA,NA,NA,NA,NA,NA,NA,NA,NA,NA,NA,NA,NA,NA,NA,NA,NA,NA,NA,NA,NA,NA,NA,NA,NA,NA,NA,NA,NA,NA,NA,NA,NA,NA,NA,NA,NA,NA,NA,NA,NA,NA,NA,NA,NA,NA,NA,NA,NA,NA,NA,NA
"AJ Barner","TE","SEA",NA,NA,NA,NA,NA,NA,NA,NA,1,1,NA,0,NA,NA,NA,"4576297","ESPN","16723","ESPN","TE",4,3,25,NA,NA,0,NA,NA,NA,NA,NA,NA,NA,NA,NA,NA,NA,NA,NA,NA,NA,NA,NA,NA,NA,NA,NA,NA,NA,NA,NA,NA,NA,NA,NA,NA,NA,NA,NA,NA,NA,NA,NA,NA,NA,NA,NA,NA,NA,NA,NA,NA,NA,NA,NA,NA,NA,NA,NA,NA,NA,NA,NA,NA
"Greg Dulcich","TE","MIA",NA,NA,NA,NA,NA,NA,NA,NA,NA,NA,NA,NA,NA,NA,NA,"4367209","ESPN","15797","ESPN","TE",4,3,35,NA,NA,0,NA,NA,NA,NA,NA,NA,NA,NA,NA,NA,NA,NA,NA,NA,NA,NA,NA,NA,NA,NA,NA,NA,NA,NA,NA,NA,NA,NA,NA,NA,NA,NA,NA,NA,NA,NA,NA,NA,NA,NA,NA,NA,NA,NA,NA,NA,NA,NA,NA,NA,NA,NA,NA,NA,NA,NA,NA,NA
"Darren Waller","TE","CAR",NA,NA,NA,NA,NA,NA,NA,NA,NA,NA,NA,NA,NA,NA,NA,"2576925","ESPN","12263","ESPN","TE",4,3,29,NA,NA,0,NA,NA,NA,NA,NA,NA,NA,NA,NA,NA,NA,NA,NA,NA,NA,NA,NA,NA,NA,NA,NA,NA,NA,NA,NA,NA,NA,NA,NA,NA,NA,NA,NA,NA,NA,NA,NA,NA,NA,NA,NA,NA,NA,NA,NA,NA,NA,NA,NA,NA,NA,NA,NA,NA,NA,NA,NA,NA
"Cade Otton","TE","TB",NA,NA,NA,NA,NA,NA,NA,NA,NA,NA,NA,NA,NA,NA,NA,"4243331","ESPN","15802","ESPN","TE",4,3,27,NA,NA,0,NA,NA,NA,NA,NA,NA,NA,NA,NA,NA,NA,NA,NA,NA,NA,NA,NA,NA,NA,NA,NA,NA,NA,NA,NA,NA,NA,NA,NA,NA,NA,NA,NA,NA,NA,NA,NA,NA,NA,NA,NA,NA,NA,NA,NA,NA,NA,NA,NA,NA,NA,NA,NA,NA,NA,NA,NA,NA
"Evan Engram","TE","DEN",NA,NA,NA,NA,NA,NA,NA,NA,NA,NA,NA,NA,NA,NA,NA,"3051876","ESPN","13189","ESPN","TE",4,3,27,NA,NA,0,NA,NA,NA,NA,NA,NA,NA,NA,NA,NA,NA,NA,NA,NA,NA,NA,NA,NA,NA,NA,NA,NA,NA,NA,NA,NA,NA,NA,NA,NA,NA,NA,NA,NA,NA,NA,NA,NA,NA,NA,NA,NA,NA,NA,NA,NA,NA,NA,NA,NA,NA,NA,NA,NA,NA,NA,NA,NA
"David Njoku","TE","LAC",NA,NA,NA,NA,NA,NA,NA,NA,NA,NA,NA,NA,NA,NA,NA,"3123076","ESPN","13192","ESPN","TE",3,2,25,NA,NA,0,NA,NA,NA,NA,NA,NA,NA,NA,NA,NA,NA,NA,NA,NA,NA,NA,NA,NA,NA,NA,NA,NA,NA,NA,NA,NA,NA,NA,NA,NA,NA,NA,NA,NA,NA,NA,NA,NA,NA,NA,NA,NA,NA,NA,NA,NA,NA,NA,NA,NA,NA,NA,NA,NA,NA,NA,NA,NA
"Oronde Gadsden","TE","LAC",NA,NA,NA,NA,NA,NA,NA,NA,NA,NA,NA,NA,NA,NA,NA,"4595342","ESPN","17099","ESPN","TE",2,2,20,NA,NA,0,NA,NA,NA,NA,NA,NA,NA,NA,NA,NA,NA,NA,NA,NA,NA,NA,NA,NA,NA,NA,NA,NA,NA,NA,NA,NA,NA,NA,NA,NA,NA,NA,NA,NA,NA,NA,NA,NA,NA,NA,NA,NA,NA,NA,NA,NA,NA,NA,NA,NA,NA,NA,NA,NA,NA,NA,NA,NA
"Mike Gesicki","TE","CIN",NA,NA,NA,NA,NA,NA,NA,NA,NA,NA,NA,NA,NA,NA,NA,"3116164","ESPN","13672","ESPN","TE",3,2,21,NA,NA,0,NA,NA,NA,NA,NA,NA,NA,NA,NA,NA,NA,NA,NA,NA,NA,NA,NA,NA,NA,NA,NA,NA,NA,NA,NA,NA,NA,NA,NA,NA,NA,NA,NA,NA,NA,NA,NA,NA,NA,NA,NA,NA,NA,NA,NA,NA,NA,NA,NA,NA,NA,NA,NA,NA,NA,NA,NA,NA
"Michael Mayer","TE","LV",NA,NA,NA,NA,NA,NA,NA,NA,NA,NA,NA,NA,NA,NA,NA,"4429086","ESPN","16212","ESPN","TE",3,2,23,NA,NA,0,NA,NA,NA,NA,NA,NA,NA,NA,NA,NA,NA,NA,NA,NA,NA,NA,NA,NA,NA,NA,NA,NA,NA,NA,NA,NA,NA,NA,NA,NA,NA,NA,NA,NA,NA,NA,NA,NA,NA,NA,NA,NA,NA,NA,NA,NA,NA,NA,NA,NA,NA,NA,NA,NA,NA,NA,NA,NA
"Jake Tonges","TE","SF",NA,NA,NA,NA,NA,NA,NA,NA,NA,NA,NA,NA,NA,NA,NA,"4259147","ESPN","16036","ESPN","TE",1,1,8,NA,NA,0,NA,NA,NA,NA,NA,NA,NA,NA,NA,NA,NA,NA,NA,NA,NA,NA,NA,NA,NA,NA,NA,NA,NA,NA,NA,NA,NA,NA,NA,NA,NA,NA,NA,NA,NA,NA,NA,NA,NA,NA,NA,NA,NA,NA,NA,NA,NA,NA,NA,NA,NA,NA,NA,NA,NA,NA,NA,NA
"Colby Parkinson","TE","LAR",NA,NA,NA,NA,NA,NA,NA,NA,NA,NA,NA,NA,NA,NA,NA,"4242557","ESPN","14871","ESPN","TE",2,2,17,NA,NA,0,NA,NA,NA,NA,NA,NA,NA,NA,NA,NA,NA,NA,NA,NA,NA,NA,NA,NA,NA,NA,NA,NA,NA,NA,NA,NA,NA,NA,NA,NA,NA,NA,NA,NA,NA,NA,NA,NA,NA,NA,NA,NA,NA,NA,NA,NA,NA,NA,NA,NA,NA,NA,NA,NA,NA,NA,NA,NA
"Erick All Jr.","TE","CIN",NA,NA,NA,NA,NA,NA,NA,NA,NA,NA,NA,NA,NA,NA,NA,"4427834","ESPN","16645","ESPN","TE",2,2,16,NA,NA,0,NA,NA,NA,NA,NA,NA,NA,NA,NA,NA,NA,NA,NA,NA,NA,NA,NA,NA,NA,NA,NA,NA,NA,NA,NA,NA,NA,NA,NA,NA,NA,NA,NA,NA,NA,NA,NA,NA,NA,NA,NA,NA,NA,NA,NA,NA,NA,NA,NA,NA,NA,NA,NA,NA,NA,NA,NA,NA
"Darnell Washington","TE","PIT",NA,NA,NA,NA,NA,NA,NA,NA,NA,NA,NA,NA,NA,NA,NA,"4430802","ESPN","16216","ESPN","TE",3,2,19,NA,NA,0,NA,NA,NA,NA,NA,NA,NA,NA,NA,NA,NA,NA,NA,NA,NA,NA,NA,NA,NA,NA,NA,NA,NA,NA,NA,NA,NA,NA,NA,NA,NA,NA,NA,NA,NA,NA,NA,NA,NA,NA,NA,NA,NA,NA,NA,NA,NA,NA,NA,NA,NA,NA,NA,NA,NA,NA,NA,NA
"Dawson Knox","TE","BUF",NA,NA,NA,NA,NA,NA,NA,NA,NA,NA,NA,NA,NA,NA,NA,"3930086","ESPN","14143","ESPN","TE",2,1,15,NA,NA,0,NA,NA,NA,NA,NA,NA,NA,NA,NA,NA,NA,NA,NA,NA,NA,NA,NA,NA,NA,NA,NA,NA,NA,NA,NA,NA,NA,NA,NA,NA,NA,NA,NA,NA,NA,NA,NA,NA,NA,NA,NA,NA,NA,NA,NA,NA,NA,NA,NA,NA,NA,NA,NA,NA,NA,NA,NA,NA
"Elijah Arroyo","TE","SEA",NA,NA,NA,NA,NA,NA,NA,NA,NA,NA,NA,NA,NA,NA,NA,"4678006","ESPN","17108","ESPN","TE",2,1,15,NA,NA,0,NA,NA,NA,NA,NA,NA,NA,NA,NA,NA,NA,NA,NA,NA,NA,NA,NA,NA,NA,NA,NA,NA,NA,NA,NA,NA,NA,NA,NA,NA,NA,NA,NA,NA,NA,NA,NA,NA,NA,NA,NA,NA,NA,NA,NA,NA,NA,NA,NA,NA,NA,NA,NA,NA,NA,NA,NA,NA
"Mason Taylor","TE","NYJ",NA,NA,NA,NA,NA,NA,NA,NA,NA,NA,NA,NA,NA,NA,NA,"4808766","ESPN","17106","ESPN","TE",4,3,24,NA,NA,0,NA,NA,NA,NA,NA,NA,NA,NA,NA,NA,NA,NA,NA,NA,NA,NA,NA,NA,NA,NA,NA,NA,NA,NA,NA,NA,NA,NA,NA,NA,NA,NA,NA,NA,NA,NA,NA,NA,NA,NA,NA,NA,NA,NA,NA,NA,NA,NA,NA,NA,NA,NA,NA,NA,NA,NA,NA,NA
"Theo Johnson","TE","NYG",NA,NA,NA,NA,NA,NA,NA,NA,NA,NA,NA,NA,NA,NA,NA,"4429148","ESPN","16649","ESPN","TE",2,2,16,NA,NA,0,NA,NA,NA,NA,NA,NA,NA,NA,NA,NA,NA,NA,NA,NA,NA,NA,NA,NA,NA,NA,NA,NA,NA,NA,NA,NA,NA,NA,NA,NA,NA,NA,NA,NA,NA,NA,NA,NA,NA,NA,NA,NA,NA,NA,NA,NA,NA,NA,NA,NA,NA,NA,NA,NA,NA,NA,NA,NA
"Cole Kmet","TE","CHI",NA,NA,NA,NA,NA,NA,NA,NA,NA,NA,NA,NA,NA,NA,NA,"4258595","ESPN","14867","ESPN","TE",2,1,13,NA,NA,0,NA,NA,NA,NA,NA,NA,NA,NA,NA,NA,NA,NA,NA,NA,NA,NA,NA,NA,NA,NA,NA,NA,NA,NA,NA,NA,NA,NA,NA,NA,NA,NA,NA,NA,NA,NA,NA,NA,NA,NA,NA,NA,NA,NA,NA,NA,NA,NA,NA,NA,NA,NA,NA,NA,NA,NA,NA,NA
"Ja'Tavion Sanders","TE","CAR",NA,NA,NA,NA,NA,NA,NA,NA,NA,NA,NA,NA,NA,NA,NA,"4431588","ESPN","16643","ESPN","TE",2,1,10,NA,NA,0,NA,NA,NA,NA,NA,NA,NA,NA,NA,NA,NA,NA,NA,NA,NA,NA,NA,NA,NA,NA,NA,NA,NA,NA,NA,NA,NA,NA,NA,NA,NA,NA,NA,NA,NA,NA,NA,NA,NA,NA,NA,NA,NA,NA,NA,NA,NA,NA,NA,NA,NA,NA,NA,NA,NA,NA,NA,NA
"Noah Gray","TE","KCC",NA,NA,NA,NA,NA,NA,NA,NA,NA,NA,NA,NA,NA,NA,NA,"4240472","ESPN","15337","ESPN","TE",2,1,15,NA,NA,0,NA,NA,NA,NA,NA,NA,NA,NA,NA,NA,NA,NA,NA,NA,NA,NA,NA,NA,NA,NA,NA,NA,NA,NA,NA,NA,NA,NA,NA,NA,NA,NA,NA,NA,NA,NA,NA,NA,NA,NA,NA,NA,NA,NA,NA,NA,NA,NA,NA,NA,NA,NA,NA,NA,NA,NA,NA,NA
"Eli Stowers","TE","PHI",NA,NA,NA,NA,NA,NA,NA,NA,0,1,NA,0,NA,NA,NA,"4431574","ESPN","17544","ESPN","TE",1,1,7,NA,NA,0,NA,NA,NA,NA,NA,NA,NA,NA,NA,NA,NA,NA,NA,NA,NA,NA,NA,NA,NA,NA,NA,NA,NA,NA,NA,NA,NA,NA,NA,NA,NA,NA,NA,NA,NA,NA,NA,NA,NA,NA,NA,NA,NA,NA,NA,NA,NA,NA,NA,NA,NA,NA,NA,NA,NA,NA,NA,NA
"Tyler Higbee","TE","LAR",NA,NA,NA,NA,NA,NA,NA,NA,NA,NA,NA,NA,NA,NA,NA,"2573401","ESPN","12678","ESPN","TE",1,1,9,NA,NA,0,NA,NA,NA,NA,NA,NA,NA,NA,NA,NA,NA,NA,NA,NA,NA,NA,NA,NA,NA,NA,NA,NA,NA,NA,NA,NA,NA,NA,NA,NA,NA,NA,NA,NA,NA,NA,NA,NA,NA,NA,NA,NA,NA,NA,NA,NA,NA,NA,NA,NA,NA,NA,NA,NA,NA,NA,NA,NA
"Max Klare","TE","LAR",NA,NA,NA,NA,NA,NA,NA,NA,NA,NA,NA,NA,NA,NA,NA,"4833029","ESPN","17547","ESPN","TE",0,0,2,NA,NA,0,NA,NA,NA,NA,NA,NA,NA,NA,NA,NA,NA,NA,NA,NA,NA,NA,NA,NA,NA,NA,NA,NA,NA,NA,NA,NA,NA,NA,NA,NA,NA,NA,NA,NA,NA,NA,NA,NA,NA,NA,NA,NA,NA,NA,NA,NA,NA,NA,NA,NA,NA,NA,NA,NA,NA,NA,NA,NA
"Drew Sample","TE","CIN",NA,NA,NA,NA,NA,NA,NA,NA,NA,NA,NA,NA,NA,NA,NA,"3127310","ESPN","14146","ESPN","TE",2,1,11,NA,NA,0,NA,NA,NA,NA,NA,NA,NA,NA,NA,NA,NA,NA,NA,NA,NA,NA,NA,NA,NA,NA,NA,NA,NA,NA,NA,NA,NA,NA,NA,NA,NA,NA,NA,NA,NA,NA,NA,NA,NA,NA,NA,NA,NA,NA,NA,NA,NA,NA,NA,NA,NA,NA,NA,NA,NA,NA,NA,NA
"Eli Raridon","TE","NE",NA,NA,NA,NA,NA,NA,NA,NA,NA,NA,NA,NA,NA,NA,NA,"4831959","ESPN","17607","ESPN","TE",2,1,10,NA,NA,0,NA,NA,NA,NA,NA,NA,NA,NA,NA,NA,NA,NA,NA,NA,NA,NA,NA,NA,NA,NA,NA,NA,NA,NA,NA,NA,NA,NA,NA,NA,NA,NA,NA,NA,NA,NA,NA,NA,NA,NA,NA,NA,NA,NA,NA,NA,NA,NA,NA,NA,NA,NA,NA,NA,NA,NA,NA,NA
"Tommy Tremble","TE","CAR",NA,NA,NA,NA,NA,NA,NA,NA,NA,NA,NA,NA,NA,NA,NA,"4372780","ESPN","15332","ESPN","TE",2,1,11,NA,NA,0,NA,NA,NA,NA,NA,NA,NA,NA,NA,NA,NA,NA,NA,NA,NA,NA,NA,NA,NA,NA,NA,NA,NA,NA,NA,NA,NA,NA,NA,NA,NA,NA,NA,NA,NA,NA,NA,NA,NA,NA,NA,NA,NA,NA,NA,NA,NA,NA,NA,NA,NA,NA,NA,NA,NA,NA,NA,NA
"Austin Hooper","TE","ATL",NA,NA,NA,NA,NA,NA,NA,NA,NA,NA,NA,NA,NA,NA,NA,"3043275","ESPN","12677","ESPN","TE",2,1,10,NA,NA,0,NA,NA,NA,NA,NA,NA,NA,NA,NA,NA,NA,NA,NA,NA,NA,NA,NA,NA,NA,NA,NA,NA,NA,NA,NA,NA,NA,NA,NA,NA,NA,NA,NA,NA,NA,NA,NA,NA,NA,NA,NA,NA,NA,NA,NA,NA,NA,NA,NA,NA,NA,NA,NA,NA,NA,NA,NA,NA
"Elijah Higgins","TE","ARI",NA,NA,NA,NA,NA,NA,NA,NA,NA,NA,NA,NA,NA,NA,NA,"4426844","ESPN","16333","ESPN","TE",2,1,11,NA,NA,0,NA,NA,NA,NA,NA,NA,NA,NA,NA,NA,NA,NA,NA,NA,NA,NA,NA,NA,NA,NA,NA,NA,NA,NA,NA,NA,NA,NA,NA,NA,NA,NA,NA,NA,NA,NA,NA,NA,NA,NA,NA,NA,NA,NA,NA,NA,NA,NA,NA,NA,NA,NA,NA,NA,NA,NA,NA,NA
"Jonnu Smith","TE","GB",NA,NA,NA,NA,NA,NA,NA,NA,0,1,NA,0,NA,NA,NA,"3054212","ESPN","13193","ESPN","TE",2,2,14,NA,NA,0,NA,NA,NA,NA,NA,NA,NA,NA,NA,NA,NA,NA,NA,NA,NA,NA,NA,NA,NA,NA,NA,NA,NA,NA,NA,NA,NA,NA,NA,NA,NA,NA,NA,NA,NA,NA,NA,NA,NA,NA,NA,NA,NA,NA,NA,NA,NA,NA,NA,NA,NA,NA,NA,NA,NA,NA,NA,NA
"Will Kacmarek","TE","MIA",NA,NA,NA,NA,NA,NA,NA,NA,NA,NA,NA,NA,NA,NA,NA,"4880236","ESPN","17605","ESPN","TE",1,1,10,NA,NA,0,NA,NA,NA,NA,NA,NA,NA,NA,NA,NA,NA,NA,NA,NA,NA,NA,NA,NA,NA,NA,NA,NA,NA,NA,NA,NA,NA,NA,NA,NA,NA,NA,NA,NA,NA,NA,NA,NA,NA,NA,NA,NA,NA,NA,NA,NA,NA,NA,NA,NA,NA,NA,NA,NA,NA,NA,NA,NA
"Noah Fant","TE","NO",NA,NA,NA,NA,NA,NA,NA,NA,NA,NA,NA,NA,NA,NA,NA,"4036131","ESPN","14137","ESPN","TE",2,1,11,NA,NA,0,NA,NA,NA,NA,NA,NA,NA,NA,NA,NA,NA,NA,NA,NA,NA,NA,NA,NA,NA,NA,NA,NA,NA,NA,NA,NA,NA,NA,NA,NA,NA,NA,NA,NA,NA,NA,NA,NA,NA,NA,NA,NA,NA,NA,NA,NA,NA,NA,NA,NA,NA,NA,NA,NA,NA,NA,NA,NA
"Josh Oliver","TE","MIN",NA,NA,NA,NA,NA,NA,NA,NA,NA,NA,NA,NA,NA,NA,NA,"3921690","ESPN","14209","ESPN","TE",1,1,9,NA,NA,0,NA,NA,NA,NA,NA,NA,NA,NA,NA,NA,NA,NA,NA,NA,NA,NA,NA,NA,NA,NA,NA,NA,NA,NA,NA,NA,NA,NA,NA,NA,NA,NA,NA,NA,NA,NA,NA,NA,NA,NA,NA,NA,NA,NA,NA,NA,NA,NA,NA,NA,NA,NA,NA,NA,NA,NA,NA,NA
"Adam Trautman","TE","DEN",NA,NA,NA,NA,NA,NA,NA,NA,NA,NA,NA,NA,NA,NA,NA,"3911853","ESPN","14870","ESPN","TE",1,1,9,NA,NA,0,NA,NA,NA,NA,NA,NA,NA,NA,NA,NA,NA,NA,NA,NA,NA,NA,NA,NA,NA,NA,NA,NA,NA,NA,NA,NA,NA,NA,NA,NA,NA,NA,NA,NA,NA,NA,NA,NA,NA,NA,NA,NA,NA,NA,NA,NA,NA,NA,NA,NA,NA,NA,NA,NA,NA,NA,NA,NA
"Charlie Kolar","TE","LAC",NA,NA,NA,NA,NA,NA,NA,NA,NA,NA,NA,NA,NA,NA,NA,"4241263","ESPN","15795","ESPN","TE",1,1,9,NA,NA,0,NA,NA,NA,NA,NA,NA,NA,NA,NA,NA,NA,NA,NA,NA,NA,NA,NA,NA,NA,NA,NA,NA,NA,NA,NA,NA,NA,NA,NA,NA,NA,NA,NA,NA,NA,NA,NA,NA,NA,NA,NA,NA,NA,NA,NA,NA,NA,NA,NA,NA,NA,NA,NA,NA,NA,NA,NA,NA
"Cade Stover","TE","HOU",NA,NA,NA,NA,NA,NA,NA,NA,0,1,NA,0,NA,NA,NA,"4426496","ESPN","16642","ESPN","TE",1,1,8,NA,NA,0,NA,NA,NA,NA,NA,NA,NA,NA,NA,NA,NA,NA,NA,NA,NA,NA,NA,NA,NA,NA,NA,NA,NA,NA,NA,NA,NA,NA,NA,NA,NA,NA,NA,NA,NA,NA,NA,NA,NA,NA,NA,NA,NA,NA,NA,NA,NA,NA,NA,NA,NA,NA,NA,NA,NA,NA,NA,NA
"Brandon Aubrey","K","DAL",NA,NA,NA,NA,NA,NA,NA,NA,NA,NA,NA,NA,NA,NA,NA,"3953687","ESPN","16414","ESPN","K",NA,NA,NA,NA,NA,NA,2,2,NA,NA,NA,NA,NA,NA,1,NA,0,NA,3,3,NA,NA,NA,NA,NA,NA,NA,NA,NA,NA,NA,NA,NA,NA,1,1,1,1,NA,NA,NA,NA,NA,NA,NA,NA,NA,NA,NA,NA,NA,NA,NA,NA,NA,NA,NA,NA,NA,NA,NA,NA,NA,NA
"Cameron Dicker","K","LAC",NA,NA,NA,NA,NA,NA,NA,NA,NA,NA,NA,NA,NA,NA,NA,"4362081","ESPN","15979","ESPN","K",NA,NA,NA,NA,NA,NA,2,2,NA,NA,NA,NA,NA,NA,1,NA,0,NA,3,3,NA,NA,NA,NA,NA,NA,NA,NA,NA,NA,NA,NA,NA,NA,1,1,1,1,NA,NA,NA,NA,NA,NA,NA,NA,NA,NA,NA,NA,NA,NA,NA,NA,NA,NA,NA,NA,NA,NA,NA,NA,NA,NA
"Jason Myers","K","SEA",NA,NA,NA,NA,NA,NA,NA,NA,NA,NA,NA,NA,NA,NA,NA,"2473037","ESPN","12437","ESPN","K",NA,NA,NA,NA,NA,NA,2,2,NA,NA,NA,NA,NA,NA,1,NA,0,NA,2,3,NA,NA,NA,NA,NA,NA,NA,NA,NA,NA,NA,NA,NA,NA,1,1,1,1,NA,NA,NA,NA,NA,NA,NA,NA,NA,NA,NA,NA,NA,NA,NA,NA,NA,NA,NA,NA,NA,NA,NA,NA,NA,NA
"Harrison Mevis","K","LAR",NA,NA,NA,NA,NA,NA,NA,NA,NA,NA,NA,NA,NA,NA,NA,"4574716","ESPN","16843","ESPN","K",NA,NA,NA,NA,NA,NA,2,2,NA,NA,NA,NA,NA,NA,0,NA,0,NA,3,3,NA,NA,NA,NA,NA,NA,NA,NA,NA,NA,NA,NA,NA,NA,0,1,1,1,NA,NA,NA,NA,NA,NA,NA,NA,NA,NA,NA,NA,NA,NA,NA,NA,NA,NA,NA,NA,NA,NA,NA,NA,NA,NA
"Ka'imi Fairbairn","K","HOU",NA,NA,NA,NA,NA,NA,NA,NA,NA,NA,NA,NA,NA,NA,NA,"2971573","ESPN","12860","ESPN","K",NA,NA,NA,NA,NA,NA,2,2,NA,NA,NA,NA,NA,NA,1,NA,0,NA,2,2,NA,NA,NA,NA,NA,NA,NA,NA,NA,NA,NA,NA,NA,NA,1,1,1,1,NA,NA,NA,NA,NA,NA,NA,NA,NA,NA,NA,NA,NA,NA,NA,NA,NA,NA,NA,NA,NA,NA,NA,NA,NA,NA
"Eddy Pineiro","K","SF",NA,NA,NA,NA,NA,NA,NA,NA,NA,NA,NA,NA,NA,NA,NA,"4034949","ESPN","13719","ESPN","K",NA,NA,NA,NA,NA,NA,2,2,NA,NA,NA,NA,NA,NA,0,NA,0,NA,2,2,NA,NA,NA,NA,NA,NA,NA,NA,NA,NA,NA,NA,NA,NA,1,1,1,1,NA,NA,NA,NA,NA,NA,NA,NA,NA,NA,NA,NA,NA,NA,NA,NA,NA,NA,NA,NA,NA,NA,NA,NA,NA,NA
"Harrison Butker","K","KCC",NA,NA,NA,NA,NA,NA,NA,NA,NA,NA,NA,NA,NA,NA,NA,"3055899","ESPN","13354","ESPN","K",NA,NA,NA,NA,NA,NA,2,2,NA,NA,NA,NA,NA,NA,0,NA,0,NA,2,2,NA,NA,NA,NA,NA,NA,NA,NA,NA,NA,NA,NA,NA,NA,1,1,1,1,NA,NA,NA,NA,NA,NA,NA,NA,NA,NA,NA,NA,NA,NA,NA,NA,NA,NA,NA,NA,NA,NA,NA,NA,NA,NA
"Cam Little","K","JAC",NA,NA,NA,NA,NA,NA,NA,NA,NA,NA,NA,NA,NA,NA,NA,"4686361","ESPN","16680","ESPN","K",NA,NA,NA,NA,NA,NA,2,2,NA,NA,NA,NA,NA,NA,0,NA,0,NA,2,2,NA,NA,NA,NA,NA,NA,NA,NA,NA,NA,NA,NA,NA,NA,0,1,1,1,NA,NA,NA,NA,NA,NA,NA,NA,NA,NA,NA,NA,NA,NA,NA,NA,NA,NA,NA,NA,NA,NA,NA,NA,NA,NA
"Jake Bates","K","DET",NA,NA,NA,NA,NA,NA,NA,NA,NA,NA,NA,NA,NA,NA,NA,"4689936","ESPN","16846","ESPN","K",NA,NA,NA,NA,NA,NA,2,2,NA,NA,NA,NA,NA,NA,0,NA,0,NA,3,3,NA,NA,NA,NA,NA,NA,NA,NA,NA,NA,NA,NA,NA,NA,0,1,1,1,NA,NA,NA,NA,NA,NA,NA,NA,NA,NA,NA,NA,NA,NA,NA,NA,NA,NA,NA,NA,NA,NA,NA,NA,NA,NA
"Tyler Loop","K","BAL",NA,NA,NA,NA,NA,NA,NA,NA,NA,NA,NA,NA,NA,NA,NA,"4697745","ESPN","17222","ESPN","K",NA,NA,NA,NA,NA,NA,2,2,NA,NA,NA,NA,NA,NA,0,NA,0,NA,3,3,NA,NA,NA,NA,NA,NA,NA,NA,NA,NA,NA,NA,NA,NA,0,1,1,1,NA,NA,NA,NA,NA,NA,NA,NA,NA,NA,NA,NA,NA,NA,NA,NA,NA,NA,NA,NA,NA,NA,NA,NA,NA,NA
"Cairo Santos","K","CHI",NA,NA,NA,NA,NA,NA,NA,NA,NA,NA,NA,NA,NA,NA,NA,"17427","ESPN","11945","ESPN","K",NA,NA,NA,NA,NA,NA,2,2,NA,NA,NA,NA,NA,NA,0,NA,0,NA,2,2,NA,NA,NA,NA,NA,NA,NA,NA,NA,NA,NA,NA,NA,NA,0,1,1,1,NA,NA,NA,NA,NA,NA,NA,NA,NA,NA,NA,NA,NA,NA,NA,NA,NA,NA,NA,NA,NA,NA,NA,NA,NA,NA
"Will Reichard","K","MIN",NA,NA,NA,NA,NA,NA,NA,NA,NA,NA,NA,NA,NA,NA,NA,"4567104","ESPN","16681","ESPN","K",NA,NA,NA,NA,NA,NA,2,2,NA,NA,NA,NA,NA,NA,0,NA,0,NA,2,2,NA,NA,NA,NA,NA,NA,NA,NA,NA,NA,NA,NA,NA,NA,0,1,1,1,NA,NA,NA,NA,NA,NA,NA,NA,NA,NA,NA,NA,NA,NA,NA,NA,NA,NA,NA,NA,NA,NA,NA,NA,NA,NA
"Chris Boswell","K","PIT",NA,NA,NA,NA,NA,NA,NA,NA,NA,NA,NA,NA,NA,NA,NA,"17372","ESPN","11936","ESPN","K",NA,NA,NA,NA,NA,NA,2,2,NA,NA,NA,NA,NA,NA,0,NA,0,NA,2,2,NA,NA,NA,NA,NA,NA,NA,NA,NA,NA,NA,NA,NA,NA,0,1,1,1,NA,NA,NA,NA,NA,NA,NA,NA,NA,NA,NA,NA,NA,NA,NA,NA,NA,NA,NA,NA,NA,NA,NA,NA,NA,NA
"Chase McLaughlin","K","TB",NA,NA,NA,NA,NA,NA,NA,NA,NA,NA,NA,NA,NA,NA,NA,"3150744","ESPN","14717","ESPN","K",NA,NA,NA,NA,NA,NA,2,2,NA,NA,NA,NA,NA,NA,0,NA,0,NA,2,2,NA,NA,NA,NA,NA,NA,NA,NA,NA,NA,NA,NA,NA,NA,0,1,1,1,NA,NA,NA,NA,NA,NA,NA,NA,NA,NA,NA,NA,NA,NA,NA,NA,NA,NA,NA,NA,NA,NA,NA,NA,NA,NA
"Evan McPherson","K","CIN",NA,NA,NA,NA,NA,NA,NA,NA,NA,NA,NA,NA,NA,NA,NA,"4360234","ESPN","15368","ESPN","K",NA,NA,NA,NA,NA,NA,2,2,NA,NA,NA,NA,NA,NA,0,NA,0,NA,3,3,NA,NA,NA,NA,NA,NA,NA,NA,NA,NA,NA,NA,NA,NA,0,1,1,1,NA,NA,NA,NA,NA,NA,NA,NA,NA,NA,NA,NA,NA,NA,NA,NA,NA,NA,NA,NA,NA,NA,NA,NA,NA,NA
"Nick Folk","K","ATL",NA,NA,NA,NA,NA,NA,NA,NA,NA,NA,NA,NA,NA,NA,NA,"10621","ESPN","8851","ESPN","K",NA,NA,NA,NA,NA,NA,2,2,NA,NA,NA,NA,NA,NA,0,NA,0,NA,1,1,NA,NA,NA,NA,NA,NA,NA,NA,NA,NA,NA,NA,NA,NA,0,1,1,1,NA,NA,NA,NA,NA,NA,NA,NA,NA,NA,NA,NA,NA,NA,NA,NA,NA,NA,NA,NA,NA,NA,NA,NA,NA,NA
"Trey Smack","K","GB",NA,NA,NA,NA,NA,NA,NA,NA,NA,NA,NA,NA,NA,NA,NA,"4869461","ESPN","17668","ESPN","K",NA,NA,NA,NA,NA,NA,2,2,NA,NA,NA,NA,NA,NA,0,NA,0,NA,2,2,NA,NA,NA,NA,NA,NA,NA,NA,NA,NA,NA,NA,NA,NA,0,1,1,1,NA,NA,NA,NA,NA,NA,NA,NA,NA,NA,NA,NA,NA,NA,NA,NA,NA,NA,NA,NA,NA,NA,NA,NA,NA,NA
"Spencer Shrader","K","IND",NA,NA,NA,NA,NA,NA,NA,NA,NA,NA,NA,NA,NA,NA,NA,"4571557","ESPN","16896","ESPN","K",NA,NA,NA,NA,NA,NA,2,2,NA,NA,NA,NA,NA,NA,0,NA,0,NA,2,2,NA,NA,NA,NA,NA,NA,NA,NA,NA,NA,NA,NA,NA,NA,0,1,1,1,NA,NA,NA,NA,NA,NA,NA,NA,NA,NA,NA,NA,NA,NA,NA,NA,NA,NA,NA,NA,NA,NA,NA,NA,NA,NA
"Jake Elliott","K","PHI",NA,NA,NA,NA,NA,NA,NA,NA,NA,NA,NA,NA,NA,NA,NA,"3050478","ESPN","13303","ESPN","K",NA,NA,NA,NA,NA,NA,2,2,NA,NA,NA,NA,NA,NA,0,NA,0,NA,3,3,NA,NA,NA,NA,NA,NA,NA,NA,NA,NA,NA,NA,NA,NA,0,1,1,1,NA,NA,NA,NA,NA,NA,NA,NA,NA,NA,NA,NA,NA,NA,NA,NA,NA,NA,NA,NA,NA,NA,NA,NA,NA,NA
"Daniel Carlson","K","NO",NA,NA,NA,NA,NA,NA,NA,NA,NA,NA,NA,NA,NA,NA,NA,"3051909","ESPN","13718","ESPN","K",NA,NA,NA,NA,NA,NA,2,2,NA,NA,NA,NA,NA,NA,0,NA,0,NA,2,2,NA,NA,NA,NA,NA,NA,NA,NA,NA,NA,NA,NA,NA,NA,0,1,1,1,NA,NA,NA,NA,NA,NA,NA,NA,NA,NA,NA,NA,NA,NA,NA,NA,NA,NA,NA,NA,NA,NA,NA,NA,NA,NA
"Wil Lutz","K","DEN",NA,NA,NA,NA,NA,NA,NA,NA,NA,NA,NA,NA,NA,NA,NA,"2985659","ESPN","12956","ESPN","K",NA,NA,NA,NA,NA,NA,2,2,NA,NA,NA,NA,NA,NA,0,NA,0,NA,2,2,NA,NA,NA,NA,NA,NA,NA,NA,NA,NA,NA,NA,NA,NA,0,1,1,1,NA,NA,NA,NA,NA,NA,NA,NA,NA,NA,NA,NA,NA,NA,NA,NA,NA,NA,NA,NA,NA,NA,NA,NA,NA,NA
"Tyler Bass","K","BUF",NA,NA,NA,NA,NA,NA,NA,NA,NA,NA,NA,NA,NA,NA,NA,"3917232","ESPN","14983","ESPN","K",NA,NA,NA,NA,NA,NA,1,2,NA,NA,NA,NA,NA,NA,0,NA,0,NA,2,2,NA,NA,NA,NA,NA,NA,NA,NA,NA,NA,NA,NA,NA,NA,0,0,1,1,NA,NA,NA,NA,NA,NA,NA,NA,NA,NA,NA,NA,NA,NA,NA,NA,NA,NA,NA,NA,NA,NA,NA,NA,NA,NA
"Dominic Zvada","K","NYG",NA,NA,NA,NA,NA,NA,NA,NA,NA,NA,NA,NA,NA,NA,NA,"5082424","ESPN","17736","ESPN","K",NA,NA,NA,NA,NA,NA,2,2,NA,NA,NA,NA,NA,NA,0,NA,0,NA,2,2,NA,NA,NA,NA,NA,NA,NA,NA,NA,NA,NA,NA,NA,NA,0,1,1,1,NA,NA,NA,NA,NA,NA,NA,NA,NA,NA,NA,NA,NA,NA,NA,NA,NA,NA,NA,NA,NA,NA,NA,NA,NA,NA
"Drew Stevens","K","WAS",NA,NA,NA,NA,NA,NA,NA,NA,NA,NA,NA,NA,NA,NA,NA,"5081335","ESPN","17726","ESPN","K",NA,NA,NA,NA,NA,NA,2,2,NA,NA,NA,NA,NA,NA,0,NA,0,NA,2,2,NA,NA,NA,NA,NA,NA,NA,NA,NA,NA,NA,NA,NA,NA,0,1,1,1,NA,NA,NA,NA,NA,NA,NA,NA,NA,NA,NA,NA,NA,NA,NA,NA,NA,NA,NA,NA,NA,NA,NA,NA,NA,NA
"Andy Borregales","K","NE",NA,NA,NA,NA,NA,NA,NA,NA,NA,NA,NA,NA,NA,NA,NA,"4569923","ESPN","17220","ESPN","K",NA,NA,NA,NA,NA,NA,1,2,NA,NA,NA,NA,NA,NA,0,NA,0,NA,2,2,NA,NA,NA,NA,NA,NA,NA,NA,NA,NA,NA,NA,NA,NA,0,0,1,1,NA,NA,NA,NA,NA,NA,NA,NA,NA,NA,NA,NA,NA,NA,NA,NA,NA,NA,NA,NA,NA,NA,NA,NA,NA,NA
"Riley Patterson","K","MIA",NA,NA,NA,NA,NA,NA,NA,NA,NA,NA,NA,NA,NA,NA,NA,"4243371","ESPN","15369","ESPN","K",NA,NA,NA,NA,NA,NA,2,2,NA,NA,NA,NA,NA,NA,0,NA,0,NA,2,2,NA,NA,NA,NA,NA,NA,NA,NA,NA,NA,NA,NA,NA,NA,0,1,1,1,NA,NA,NA,NA,NA,NA,NA,NA,NA,NA,NA,NA,NA,NA,NA,NA,NA,NA,NA,NA,NA,NA,NA,NA,NA,NA
"Matt Gay","K","LV",NA,NA,NA,NA,NA,NA,NA,NA,NA,NA,NA,NA,NA,NA,NA,"4249087","ESPN","14244","ESPN","K",NA,NA,NA,NA,NA,NA,2,2,NA,NA,NA,NA,NA,NA,0,NA,0,NA,2,2,NA,NA,NA,NA,NA,NA,NA,NA,NA,NA,NA,NA,NA,NA,0,1,1,1,NA,NA,NA,NA,NA,NA,NA,NA,NA,NA,NA,NA,NA,NA,NA,NA,NA,NA,NA,NA,NA,NA,NA,NA,NA,NA
"Ryan Fitzgerald","K","CAR",NA,NA,NA,NA,NA,NA,NA,NA,NA,NA,NA,NA,NA,NA,NA,"4568263","ESPN","17277","ESPN","K",NA,NA,NA,NA,NA,NA,2,2,NA,NA,NA,NA,NA,NA,0,NA,0,NA,2,2,NA,NA,NA,NA,NA,NA,NA,NA,NA,NA,NA,NA,NA,NA,0,1,1,1,NA,NA,NA,NA,NA,NA,NA,NA,NA,NA,NA,NA,NA,NA,NA,NA,NA,NA,NA,NA,NA,NA,NA,NA,NA,NA
"Joey Slye","K","TEN",NA,NA,NA,NA,NA,NA,NA,NA,NA,NA,NA,NA,NA,NA,NA,"3124084","ESPN","14600","ESPN","K",NA,NA,NA,NA,NA,NA,2,2,NA,NA,NA,NA,NA,NA,0,NA,0,NA,2,2,NA,NA,NA,NA,NA,NA,NA,NA,NA,NA,NA,NA,NA,NA,0,1,1,1,NA,NA,NA,NA,NA,NA,NA,NA,NA,NA,NA,NA,NA,NA,NA,NA,NA,NA,NA,NA,NA,NA,NA,NA,NA,NA
"Chad Ryland","K","ARI",NA,NA,NA,NA,NA,NA,NA,NA,NA,NA,NA,NA,NA,NA,NA,"4363538","ESPN","16292","ESPN","K",NA,NA,NA,NA,NA,NA,2,2,NA,NA,NA,NA,NA,NA,0,NA,0,NA,1,2,NA,NA,NA,NA,NA,NA,NA,NA,NA,NA,NA,NA,NA,NA,0,1,1,1,NA,NA,NA,NA,NA,NA,NA,NA,NA,NA,NA,NA,NA,NA,NA,NA,NA,NA,NA,NA,NA,NA,NA,NA,NA,NA
"Andre Szmyt","K","CLE",NA,NA,NA,NA,NA,NA,NA,NA,NA,NA,NA,NA,NA,NA,NA,"4258620","ESPN","16419","ESPN","K",NA,NA,NA,NA,NA,NA,2,2,NA,NA,NA,NA,NA,NA,0,NA,0,NA,1,1,NA,NA,NA,NA,NA,NA,NA,NA,NA,NA,NA,NA,NA,NA,0,1,1,1,NA,NA,NA,NA,NA,NA,NA,NA,NA,NA,NA,NA,NA,NA,NA,NA,NA,NA,NA,NA,NA,NA,NA,NA,NA,NA
"Blake Grupe","K","NYJ",NA,NA,NA,NA,NA,NA,NA,NA,NA,NA,NA,NA,NA,NA,NA,"4259619","ESPN","16444","ESPN","K",NA,NA,NA,NA,NA,NA,2,2,NA,NA,NA,NA,NA,NA,0,NA,0,NA,2,2,NA,NA,NA,NA,NA,NA,NA,NA,NA,NA,NA,NA,NA,NA,0,1,1,1,NA,NA,NA,NA,NA,NA,NA,NA,NA,NA,NA,NA,NA,NA,NA,NA,NA,NA,NA,NA,NA,NA,NA,NA,NA,NA
"Texans D/ST","DST","HOU",NA,NA,NA,NA,NA,NA,NA,NA,NA,NA,NA,NA,NA,NA,NA,"-16034","ESPN","0532","ESPN","DST",NA,NA,NA,NA,NA,NA,NA,NA,NA,NA,NA,NA,NA,NA,NA,NA,NA,NA,NA,NA,1,NA,2,62,1,NA,0,346,NA,NA,NA,346,NA,1,NA,NA,NA,NA,NA,NA,NA,NA,NA,NA,NA,NA,NA,NA,NA,NA,NA,NA,NA,NA,NA,NA,NA,NA,NA,NA,NA,NA,NA,NA
"Broncos D/ST","DST","DEN",NA,NA,NA,NA,NA,NA,NA,NA,NA,NA,NA,NA,NA,NA,NA,"-16007","ESPN","0511","ESPN","DST",NA,NA,NA,NA,NA,NA,NA,NA,NA,NA,NA,NA,NA,NA,NA,NA,NA,NA,NA,NA,1,NA,2,61,0,NA,0,333,NA,NA,NA,333,NA,1,NA,NA,NA,NA,NA,NA,NA,NA,NA,NA,NA,NA,NA,NA,NA,NA,NA,NA,NA,NA,NA,NA,NA,NA,NA,NA,NA,NA,NA,NA
"Steelers D/ST","DST","PIT",NA,NA,NA,NA,NA,NA,NA,NA,NA,NA,NA,NA,NA,NA,NA,"-16023","ESPN","0510","ESPN","DST",NA,NA,NA,NA,NA,NA,NA,NA,NA,NA,NA,NA,NA,NA,NA,NA,NA,NA,NA,NA,1,NA,2,60,1,NA,0,327,NA,NA,NA,327,NA,1,NA,NA,NA,NA,NA,NA,NA,NA,NA,NA,NA,NA,NA,NA,NA,NA,NA,NA,NA,NA,NA,NA,NA,NA,NA,NA,NA,NA,NA,NA
"Seahawks D/ST","DST","SEA",NA,NA,NA,NA,NA,NA,NA,NA,NA,NA,NA,NA,NA,NA,NA,"-16026","ESPN","0515","ESPN","DST",NA,NA,NA,NA,NA,NA,NA,NA,NA,NA,NA,NA,NA,NA,NA,NA,NA,NA,NA,NA,1,NA,3,62,0,NA,0,330,NA,NA,NA,330,NA,1,NA,NA,NA,NA,NA,NA,NA,NA,NA,NA,NA,NA,NA,NA,NA,NA,NA,NA,NA,NA,NA,NA,NA,NA,NA,NA,NA,NA,NA,NA
"Rams D/ST","DST","LAR",NA,NA,NA,NA,NA,NA,NA,NA,NA,NA,NA,NA,NA,NA,NA,"-16014","ESPN","0528","ESPN","DST",NA,NA,NA,NA,NA,NA,NA,NA,NA,NA,NA,NA,NA,NA,NA,NA,NA,NA,NA,NA,1,NA,2,63,0,NA,0,336,NA,NA,NA,336,NA,1,NA,NA,NA,NA,NA,NA,NA,NA,NA,NA,NA,NA,NA,NA,NA,NA,NA,NA,NA,NA,NA,NA,NA,NA,NA,NA,NA,NA,NA,NA
"Ravens D/ST","DST","BAL",NA,NA,NA,NA,NA,NA,NA,NA,NA,NA,NA,NA,NA,NA,NA,"-16033","ESPN","0531","ESPN","DST",NA,NA,NA,NA,NA,NA,NA,NA,NA,NA,NA,NA,NA,NA,NA,NA,NA,NA,NA,NA,1,NA,3,60,0,NA,0,323,NA,NA,NA,323,NA,1,NA,NA,NA,NA,NA,NA,NA,NA,NA,NA,NA,NA,NA,NA,NA,NA,NA,NA,NA,NA,NA,NA,NA,NA,NA,NA,NA,NA,NA,NA
"Eagles D/ST","DST","PHI",NA,NA,NA,NA,NA,NA,NA,NA,NA,NA,NA,NA,NA,NA,NA,"-16021","ESPN","0518","ESPN","DST",NA,NA,NA,NA,NA,NA,NA,NA,NA,NA,NA,NA,NA,NA,NA,NA,NA,NA,NA,NA,1,NA,2,55,0,NA,0,332,NA,NA,NA,332,NA,1,NA,NA,NA,NA,NA,NA,NA,NA,NA,NA,NA,NA,NA,NA,NA,NA,NA,NA,NA,NA,NA,NA,NA,NA,NA,NA,NA,NA,NA,NA
"Browns D/ST","DST","CLE",NA,NA,NA,NA,NA,NA,NA,NA,NA,NA,NA,NA,NA,NA,NA,"-16005","ESPN","0507","ESPN","DST",NA,NA,NA,NA,NA,NA,NA,NA,NA,NA,NA,NA,NA,NA,NA,NA,NA,NA,NA,NA,1,NA,2,60,0,NA,0,337,NA,NA,NA,337,NA,1,NA,NA,NA,NA,NA,NA,NA,NA,NA,NA,NA,NA,NA,NA,NA,NA,NA,NA,NA,NA,NA,NA,NA,NA,NA,NA,NA,NA,NA,NA
"Patriots D/ST","DST","NE",NA,NA,NA,NA,NA,NA,NA,NA,NA,NA,NA,NA,NA,NA,NA,"-16017","ESPN","0504","ESPN","DST",NA,NA,NA,NA,NA,NA,NA,NA,NA,NA,NA,NA,NA,NA,NA,NA,NA,NA,NA,NA,1,NA,2,60,0,NA,0,339,NA,NA,NA,339,NA,1,NA,NA,NA,NA,NA,NA,NA,NA,NA,NA,NA,NA,NA,NA,NA,NA,NA,NA,NA,NA,NA,NA,NA,NA,NA,NA,NA,NA,NA,NA
"Lions D/ST","DST","DET",NA,NA,NA,NA,NA,NA,NA,NA,NA,NA,NA,NA,NA,NA,NA,"-16008","ESPN","0522","ESPN","DST",NA,NA,NA,NA,NA,NA,NA,NA,NA,NA,NA,NA,NA,NA,NA,NA,NA,NA,NA,NA,1,NA,3,61,1,NA,0,327,NA,NA,NA,327,NA,1,NA,NA,NA,NA,NA,NA,NA,NA,NA,NA,NA,NA,NA,NA,NA,NA,NA,NA,NA,NA,NA,NA,NA,NA,NA,NA,NA,NA,NA,NA
"Chiefs D/ST","DST","KCC",NA,NA,NA,NA,NA,NA,NA,NA,NA,NA,NA,NA,NA,NA,NA,"-16012","ESPN","0512","ESPN","DST",NA,NA,NA,NA,NA,NA,NA,NA,NA,NA,NA,NA,NA,NA,NA,NA,NA,NA,NA,NA,1,NA,2,62,0,NA,0,332,NA,NA,NA,332,NA,1,NA,NA,NA,NA,NA,NA,NA,NA,NA,NA,NA,NA,NA,NA,NA,NA,NA,NA,NA,NA,NA,NA,NA,NA,NA,NA,NA,NA,NA,NA
"Chargers D/ST","DST","LAC",NA,NA,NA,NA,NA,NA,NA,NA,NA,NA,NA,NA,NA,NA,NA,"-16024","ESPN","0514","ESPN","DST",NA,NA,NA,NA,NA,NA,NA,NA,NA,NA,NA,NA,NA,NA,NA,NA,NA,NA,NA,NA,1,NA,3,59,0,NA,0,317,NA,NA,NA,317,NA,1,NA,NA,NA,NA,NA,NA,NA,NA,NA,NA,NA,NA,NA,NA,NA,NA,NA,NA,NA,NA,NA,NA,NA,NA,NA,NA,NA,NA,NA,NA
"Buccaneers D/ST","DST","TB",NA,NA,NA,NA,NA,NA,NA,NA,NA,NA,NA,NA,NA,NA,NA,"-16027","ESPN","0525","ESPN","DST",NA,NA,NA,NA,NA,NA,NA,NA,NA,NA,NA,NA,NA,NA,NA,NA,NA,NA,NA,NA,1,NA,3,60,0,NA,0,343,NA,NA,NA,343,NA,0,NA,NA,NA,NA,NA,NA,NA,NA,NA,NA,NA,NA,NA,NA,NA,NA,NA,NA,NA,NA,NA,NA,NA,NA,NA,NA,NA,NA,NA,NA
"Packers D/ST","DST","GB",NA,NA,NA,NA,NA,NA,NA,NA,NA,NA,NA,NA,NA,NA,NA,"-16009","ESPN","0523","ESPN","DST",NA,NA,NA,NA,NA,NA,NA,NA,NA,NA,NA,NA,NA,NA,NA,NA,NA,NA,NA,NA,1,NA,2,60,0,NA,0,338,NA,NA,NA,338,NA,1,NA,NA,NA,NA,NA,NA,NA,NA,NA,NA,NA,NA,NA,NA,NA,NA,NA,NA,NA,NA,NA,NA,NA,NA,NA,NA,NA,NA,NA,NA
"Jaguars D/ST","DST","JAC",NA,NA,NA,NA,NA,NA,NA,NA,NA,NA,NA,NA,NA,NA,NA,"-16030","ESPN","0509","ESPN","DST",NA,NA,NA,NA,NA,NA,NA,NA,NA,NA,NA,NA,NA,NA,NA,NA,NA,NA,NA,NA,1,NA,3,60,0,NA,0,309,NA,NA,NA,309,NA,1,NA,NA,NA,NA,NA,NA,NA,NA,NA,NA,NA,NA,NA,NA,NA,NA,NA,NA,NA,NA,NA,NA,NA,NA,NA,NA,NA,NA,NA,NA
"Saints D/ST","DST","NO",NA,NA,NA,NA,NA,NA,NA,NA,NA,NA,NA,NA,NA,NA,NA,"-16018","ESPN","0529","ESPN","DST",NA,NA,NA,NA,NA,NA,NA,NA,NA,NA,NA,NA,NA,NA,NA,NA,NA,NA,NA,NA,1,NA,2,60,0,NA,0,368,NA,NA,NA,368,NA,1,NA,NA,NA,NA,NA,NA,NA,NA,NA,NA,NA,NA,NA,NA,NA,NA,NA,NA,NA,NA,NA,NA,NA,NA,NA,NA,NA,NA,NA,NA
"Jets D/ST","DST","NYJ",NA,NA,NA,NA,NA,NA,NA,NA,NA,NA,NA,NA,NA,NA,NA,"-16020","ESPN","0505","ESPN","DST",NA,NA,NA,NA,NA,NA,NA,NA,NA,NA,NA,NA,NA,NA,NA,NA,NA,NA,NA,NA,1,NA,2,64,1,NA,0,331,NA,NA,NA,331,NA,1,NA,NA,NA,NA,NA,NA,NA,NA,NA,NA,NA,NA,NA,NA,NA,NA,NA,NA,NA,NA,NA,NA,NA,NA,NA,NA,NA,NA,NA,NA
"49ers D/ST","DST","SF",NA,NA,NA,NA,NA,NA,NA,NA,NA,NA,NA,NA,NA,NA,NA,"-16025","ESPN","0530","ESPN","DST",NA,NA,NA,NA,NA,NA,NA,NA,NA,NA,NA,NA,NA,NA,NA,NA,NA,NA,NA,NA,1,NA,2,63,1,NA,0,370,NA,NA,NA,370,NA,1,NA,NA,NA,NA,NA,NA,NA,NA,NA,NA,NA,NA,NA,NA,NA,NA,NA,NA,NA,NA,NA,NA,NA,NA,NA,NA,NA,NA,NA,NA
"Cowboys D/ST","DST","DAL",NA,NA,NA,NA,NA,NA,NA,NA,NA,NA,NA,NA,NA,NA,NA,"-16006","ESPN","0516","ESPN","DST",NA,NA,NA,NA,NA,NA,NA,NA,NA,NA,NA,NA,NA,NA,NA,NA,NA,NA,NA,NA,1,NA,2,61,0,NA,0,344,NA,NA,NA,344,NA,1,NA,NA,NA,NA,NA,NA,NA,NA,NA,NA,NA,NA,NA,NA,NA,NA,NA,NA,NA,NA,NA,NA,NA,NA,NA,NA,NA,NA,NA,NA
"Colts D/ST","DST","IND",NA,NA,NA,NA,NA,NA,NA,NA,NA,NA,NA,NA,NA,NA,NA,"-16011","ESPN","0502","ESPN","DST",NA,NA,NA,NA,NA,NA,NA,NA,NA,NA,NA,NA,NA,NA,NA,NA,NA,NA,NA,NA,1,NA,2,59,0,NA,0,378,NA,NA,NA,378,NA,1,NA,NA,NA,NA,NA,NA,NA,NA,NA,NA,NA,NA,NA,NA,NA,NA,NA,NA,NA,NA,NA,NA,NA,NA,NA,NA,NA,NA,NA,NA
"Vikings D/ST","DST","MIN",NA,NA,NA,NA,NA,NA,NA,NA,NA,NA,NA,NA,NA,NA,NA,"-16016","ESPN","0524","ESPN","DST",NA,NA,NA,NA,NA,NA,NA,NA,NA,NA,NA,NA,NA,NA,NA,NA,NA,NA,NA,NA,1,NA,2,64,1,NA,0,348,NA,NA,NA,348,NA,1,NA,NA,NA,NA,NA,NA,NA,NA,NA,NA,NA,NA,NA,NA,NA,NA,NA,NA,NA,NA,NA,NA,NA,NA,NA,NA,NA,NA,NA,NA
"Bengals D/ST","DST","CIN",NA,NA,NA,NA,NA,NA,NA,NA,NA,NA,NA,NA,NA,NA,NA,"-16004","ESPN","0506","ESPN","DST",NA,NA,NA,NA,NA,NA,NA,NA,NA,NA,NA,NA,NA,NA,NA,NA,NA,NA,NA,NA,1,NA,2,61,0,NA,0,352,NA,NA,NA,352,NA,1,NA,NA,NA,NA,NA,NA,NA,NA,NA,NA,NA,NA,NA,NA,NA,NA,NA,NA,NA,NA,NA,NA,NA,NA,NA,NA,NA,NA,NA,NA
"Giants D/ST","DST","NYG",NA,NA,NA,NA,NA,NA,NA,NA,NA,NA,NA,NA,NA,NA,NA,"-16019","ESPN","0517","ESPN","DST",NA,NA,NA,NA,NA,NA,NA,NA,NA,NA,NA,NA,NA,NA,NA,NA,NA,NA,NA,NA,1,NA,2,61,0,NA,0,358,NA,NA,NA,358,NA,1,NA,NA,NA,NA,NA,NA,NA,NA,NA,NA,NA,NA,NA,NA,NA,NA,NA,NA,NA,NA,NA,NA,NA,NA,NA,NA,NA,NA,NA,NA
"Bears D/ST","DST","CHI",NA,NA,NA,NA,NA,NA,NA,NA,NA,NA,NA,NA,NA,NA,NA,"-16003","ESPN","0521","ESPN","DST",NA,NA,NA,NA,NA,NA,NA,NA,NA,NA,NA,NA,NA,NA,NA,NA,NA,NA,NA,NA,1,NA,2,60,1,NA,0,337,NA,NA,NA,337,NA,1,NA,NA,NA,NA,NA,NA,NA,NA,NA,NA,NA,NA,NA,NA,NA,NA,NA,NA,NA,NA,NA,NA,NA,NA,NA,NA,NA,NA,NA,NA
"Titans D/ST","DST","TEN",NA,NA,NA,NA,NA,NA,NA,NA,NA,NA,NA,NA,NA,NA,NA,"-16010","ESPN","0508","ESPN","DST",NA,NA,NA,NA,NA,NA,NA,NA,NA,NA,NA,NA,NA,NA,NA,NA,NA,NA,NA,NA,1,NA,3,60,0,NA,0,337,NA,NA,NA,337,NA,1,NA,NA,NA,NA,NA,NA,NA,NA,NA,NA,NA,NA,NA,NA,NA,NA,NA,NA,NA,NA,NA,NA,NA,NA,NA,NA,NA,NA,NA,NA
"Panthers D/ST","DST","CAR",NA,NA,NA,NA,NA,NA,NA,NA,NA,NA,NA,NA,NA,NA,NA,"-16029","ESPN","0527","ESPN","DST",NA,NA,NA,NA,NA,NA,NA,NA,NA,NA,NA,NA,NA,NA,NA,NA,NA,NA,NA,NA,1,NA,2,61,0,NA,0,356,NA,NA,NA,356,NA,0,NA,NA,NA,NA,NA,NA,NA,NA,NA,NA,NA,NA,NA,NA,NA,NA,NA,NA,NA,NA,NA,NA,NA,NA,NA,NA,NA,NA,NA,NA
"Commanders D/ST","DST","WAS",NA,NA,NA,NA,NA,NA,NA,NA,NA,NA,NA,NA,NA,NA,NA,"-16028","ESPN","0520","ESPN","DST",NA,NA,NA,NA,NA,NA,NA,NA,NA,NA,NA,NA,NA,NA,NA,NA,NA,NA,NA,NA,1,NA,2,60,1,NA,0,361,NA,NA,NA,361,NA,1,NA,NA,NA,NA,NA,NA,NA,NA,NA,NA,NA,NA,NA,NA,NA,NA,NA,NA,NA,NA,NA,NA,NA,NA,NA,NA,NA,NA,NA,NA
"Falcons D/ST","DST","ATL",NA,NA,NA,NA,NA,NA,NA,NA,NA,NA,NA,NA,NA,NA,NA,"-16001","ESPN","0526","ESPN","DST",NA,NA,NA,NA,NA,NA,NA,NA,NA,NA,NA,NA,NA,NA,NA,NA,NA,NA,NA,NA,1,NA,2,60,0,NA,0,352,NA,NA,NA,352,NA,1,NA,NA,NA,NA,NA,NA,NA,NA,NA,NA,NA,NA,NA,NA,NA,NA,NA,NA,NA,NA,NA,NA,NA,NA,NA,NA,NA,NA,NA,NA
"Bills D/ST","DST","BUF",NA,NA,NA,NA,NA,NA,NA,NA,NA,NA,NA,NA,NA,NA,NA,"-16002","ESPN","0501","ESPN","DST",NA,NA,NA,NA,NA,NA,NA,NA,NA,NA,NA,NA,NA,NA,NA,NA,NA,NA,NA,NA,1,NA,2,60,0,NA,0,353,NA,NA,NA,353,NA,1,NA,NA,NA,NA,NA,NA,NA,NA,NA,NA,NA,NA,NA,NA,NA,NA,NA,NA,NA,NA,NA,NA,NA,NA,NA,NA,NA,NA,NA,NA
"Raiders D/ST","DST","LV",NA,NA,NA,NA,NA,NA,NA,NA,NA,NA,NA,NA,NA,NA,NA,"-16013","ESPN","0513","ESPN","DST",NA,NA,NA,NA,NA,NA,NA,NA,NA,NA,NA,NA,NA,NA,NA,NA,NA,NA,NA,NA,1,NA,2,62,0,NA,0,356,NA,NA,NA,356,NA,1,NA,NA,NA,NA,NA,NA,NA,NA,NA,NA,NA,NA,NA,NA,NA,NA,NA,NA,NA,NA,NA,NA,NA,NA,NA,NA,NA,NA,NA,NA
"Cardinals D/ST","DST","ARI",NA,NA,NA,NA,NA,NA,NA,NA,NA,NA,NA,NA,NA,NA,NA,"-16022","ESPN","0519","ESPN","DST",NA,NA,NA,NA,NA,NA,NA,NA,NA,NA,NA,NA,NA,NA,NA,NA,NA,NA,NA,NA,1,NA,3,61,0,NA,0,366,NA,NA,NA,366,NA,1,NA,NA,NA,NA,NA,NA,NA,NA,NA,NA,NA,NA,NA,NA,NA,NA,NA,NA,NA,NA,NA,NA,NA,NA,NA,NA,NA,NA,NA,NA
"Dolphins D/ST","DST","MIA",NA,NA,NA,NA,NA,NA,NA,NA,NA,NA,NA,NA,NA,NA,NA,"-16015","ESPN","0503","ESPN","DST",NA,NA,NA,NA,NA,NA,NA,NA,NA,NA,NA,NA,NA,NA,NA,NA,NA,NA,NA,NA,1,NA,2,65,0,NA,0,351,NA,NA,NA,351,NA,1,NA,NA,NA,NA,NA,NA,NA,NA,NA,NA,NA,NA,NA,NA,NA,NA,NA,NA,NA,NA,NA,NA,NA,NA,NA,NA,NA,NA,NA,NA
"Jalen Hurts","QB","PHI",NA,29,19,224.5,NA,1.6,0.5,NA,6.6,28.6,NA,0.5,0.2,20.6,NA,"19275","FantasyPros","14783","FantasyPros","QB",NA,NA,NA,NA,NA,NA,NA,NA,NA,NA,NA,NA,NA,NA,NA,NA,NA,NA,NA,NA,NA,NA,NA,NA,NA,NA,NA,NA,NA,NA,NA,NA,NA,NA,NA,NA,NA,NA,NA,NA,NA,NA,NA,NA,NA,NA,NA,NA,NA,NA,NA,NA,NA,NA,NA,NA,NA,NA,NA,NA,NA,NA,NA,NA
"Justin Herbert","QB","LAC",NA,31.4,21.2,242.1,NA,1.9,0.6,NA,5,25.5,NA,0.2,0.2,20.2,NA,"18635","FantasyPros","14779","FantasyPros","QB",NA,NA,NA,NA,NA,NA,NA,NA,NA,NA,NA,NA,NA,NA,NA,NA,NA,NA,NA,NA,NA,NA,NA,NA,NA,NA,NA,NA,NA,NA,NA,NA,NA,NA,NA,NA,NA,NA,NA,NA,NA,NA,NA,NA,NA,NA,NA,NA,NA,NA,NA,NA,NA,NA,NA,NA,NA,NA,NA,NA,NA,NA,NA,NA
"Lamar Jackson","QB","BAL",NA,26.9,17.7,223.7,NA,1.7,0.6,NA,7.1,38.3,NA,0.2,0.2,19.8,NA,"17233","FantasyPros","13593","FantasyPros","QB",NA,NA,NA,NA,NA,NA,NA,NA,NA,NA,NA,NA,NA,NA,NA,NA,NA,NA,NA,NA,NA,NA,NA,NA,NA,NA,NA,NA,NA,NA,NA,NA,NA,NA,NA,NA,NA,NA,NA,NA,NA,NA,NA,NA,NA,NA,NA,NA,NA,NA,NA,NA,NA,NA,NA,NA,NA,NA,NA,NA,NA,NA,NA,NA
"Joe Burrow","QB","CIN",NA,35.3,23.6,262.4,NA,2.2,0.7,NA,2.5,9.7,NA,0.1,0.2,19.6,NA,"19196","FantasyPros","14777","FantasyPros","QB",NA,NA,NA,NA,NA,NA,NA,NA,NA,NA,NA,NA,NA,NA,NA,NA,NA,NA,NA,NA,NA,NA,NA,NA,NA,NA,NA,NA,NA,NA,NA,NA,NA,NA,NA,NA,NA,NA,NA,NA,NA,NA,NA,NA,NA,NA,NA,NA,NA,NA,NA,NA,NA,NA,NA,NA,NA,NA,NA,NA,NA,NA,NA,NA
"Josh Allen","QB","BUF",NA,30,19.3,223.4,NA,1.4,0.8,NA,6.5,31.6,NA,0.5,0.2,19.6,NA,"17298","FantasyPros","13589","FantasyPros","QB",NA,NA,NA,NA,NA,NA,NA,NA,NA,NA,NA,NA,NA,NA,NA,NA,NA,NA,NA,NA,NA,NA,NA,NA,NA,NA,NA,NA,NA,NA,NA,NA,NA,NA,NA,NA,NA,NA,NA,NA,NA,NA,NA,NA,NA,NA,NA,NA,NA,NA,NA,NA,NA,NA,NA,NA,NA,NA,NA,NA,NA,NA,NA,NA
"Jaxson Dart","QB","NYG",NA,30.1,19.4,218.8,NA,1.5,0.7,NA,5.6,29.3,NA,0.4,0.2,18.8,NA,"23160","FantasyPros","17032","FantasyPros","QB",NA,NA,NA,NA,NA,NA,NA,NA,NA,NA,NA,NA,NA,NA,NA,NA,NA,NA,NA,NA,NA,NA,NA,NA,NA,NA,NA,NA,NA,NA,NA,NA,NA,NA,NA,NA,NA,NA,NA,NA,NA,NA,NA,NA,NA,NA,NA,NA,NA,NA,NA,NA,NA,NA,NA,NA,NA,NA,NA,NA,NA,NA,NA,NA
"Dak Prescott","QB","DAL",NA,35,23.1,260.1,NA,1.8,0.7,NA,3.1,12.2,NA,0.1,0.2,18.7,NA,"15600","FantasyPros","12620","FantasyPros","QB",NA,NA,NA,NA,NA,NA,NA,NA,NA,NA,NA,NA,NA,NA,NA,NA,NA,NA,NA,NA,NA,NA,NA,NA,NA,NA,NA,NA,NA,NA,NA,NA,NA,NA,NA,NA,NA,NA,NA,NA,NA,NA,NA,NA,NA,NA,NA,NA,NA,NA,NA,NA,NA,NA,NA,NA,NA,NA,NA,NA,NA,NA,NA,NA
"Caleb Williams","QB","CHI",NA,33.7,20.4,239.5,NA,1.7,0.6,NA,4.3,21.5,NA,0.1,0.2,18.2,NA,"23084","FantasyPros","16579","FantasyPros","QB",NA,NA,NA,NA,NA,NA,NA,NA,NA,NA,NA,NA,NA,NA,NA,NA,NA,NA,NA,NA,NA,NA,NA,NA,NA,NA,NA,NA,NA,NA,NA,NA,NA,NA,NA,NA,NA,NA,NA,NA,NA,NA,NA,NA,NA,NA,NA,NA,NA,NA,NA,NA,NA,NA,NA,NA,NA,NA,NA,NA,NA,NA,NA,NA
"Trevor Lawrence","QB","JAC",NA,31.7,19.4,222.9,NA,1.6,0.7,NA,4.9,20.5,NA,0.3,0.2,17.9,NA,"19780","FantasyPros","15237","FantasyPros","QB",NA,NA,NA,NA,NA,NA,NA,NA,NA,NA,NA,NA,NA,NA,NA,NA,NA,NA,NA,NA,NA,NA,NA,NA,NA,NA,NA,NA,NA,NA,NA,NA,NA,NA,NA,NA,NA,NA,NA,NA,NA,NA,NA,NA,NA,NA,NA,NA,NA,NA,NA,NA,NA,NA,NA,NA,NA,NA,NA,NA,NA,NA,NA,NA
"Jared Goff","QB","DET",NA,32.8,22,258.8,NA,2,0.6,NA,1.5,3.5,NA,0,0.2,17.8,NA,"15501","FantasyPros","12611","FantasyPros","QB",NA,NA,NA,NA,NA,NA,NA,NA,NA,NA,NA,NA,NA,NA,NA,NA,NA,NA,NA,NA,NA,NA,NA,NA,NA,NA,NA,NA,NA,NA,NA,NA,NA,NA,NA,NA,NA,NA,NA,NA,NA,NA,NA,NA,NA,NA,NA,NA,NA,NA,NA,NA,NA,NA,NA,NA,NA,NA,NA,NA,NA,NA,NA,NA
"Jahmyr Gibbs","RB","DET",NA,NA,NA,NA,NA,NA,NA,NA,17,86.4,NA,0.9,0.1,20.5,NA,"22968","FantasyPros","16162","FantasyPros","RB",NA,4.3,33.4,NA,NA,0.2,NA,NA,NA,NA,NA,NA,NA,NA,NA,NA,NA,NA,NA,NA,NA,NA,NA,NA,NA,NA,NA,NA,NA,NA,NA,NA,NA,NA,NA,NA,NA,NA,NA,NA,NA,NA,NA,NA,NA,NA,NA,NA,NA,NA,NA,NA,NA,NA,NA,NA,NA,NA,NA,NA,NA,NA,NA,NA
"Bijan Robinson","RB","ATL",NA,NA,NA,NA,NA,NA,NA,NA,18.1,84.6,NA,0.5,0.1,18,NA,"23133","FantasyPros","16161","FantasyPros","RB",NA,4.2,36.9,NA,NA,0.2,NA,NA,NA,NA,NA,NA,NA,NA,NA,NA,NA,NA,NA,NA,NA,NA,NA,NA,NA,NA,NA,NA,NA,NA,NA,NA,NA,NA,NA,NA,NA,NA,NA,NA,NA,NA,NA,NA,NA,NA,NA,NA,NA,NA,NA,NA,NA,NA,NA,NA,NA,NA,NA,NA,NA,NA,NA,NA
"Jonathan Taylor","RB","IND",NA,NA,NA,NA,NA,NA,NA,NA,18.3,81.9,NA,0.7,0.1,16.6,NA,"19217","FantasyPros","14802","FantasyPros","RB",NA,3,22.6,NA,NA,0.1,NA,NA,NA,NA,NA,NA,NA,NA,NA,NA,NA,NA,NA,NA,NA,NA,NA,NA,NA,NA,NA,NA,NA,NA,NA,NA,NA,NA,NA,NA,NA,NA,NA,NA,NA,NA,NA,NA,NA,NA,NA,NA,NA,NA,NA,NA,NA,NA,NA,NA,NA,NA,NA,NA,NA,NA,NA,NA
"Christian McCaffrey","RB","SF",NA,NA,NA,NA,NA,NA,NA,NA,15.8,64.7,NA,0.5,0.1,16.6,NA,"16393","FantasyPros","13130","FantasyPros","RB",NA,4.4,36.1,NA,NA,0.3,NA,NA,NA,NA,NA,NA,NA,NA,NA,NA,NA,NA,NA,NA,NA,NA,NA,NA,NA,NA,NA,NA,NA,NA,NA,NA,NA,NA,NA,NA,NA,NA,NA,NA,NA,NA,NA,NA,NA,NA,NA,NA,NA,NA,NA,NA,NA,NA,NA,NA,NA,NA,NA,NA,NA,NA,NA,NA
"De'Von Achane","RB","MIA",NA,NA,NA,NA,NA,NA,NA,NA,14.1,71.4,NA,0.4,0.1,15.9,NA,"23136","FantasyPros","16167","FantasyPros","RB",NA,4.1,29.8,NA,NA,0.2,NA,NA,NA,NA,NA,NA,NA,NA,NA,NA,NA,NA,NA,NA,NA,NA,NA,NA,NA,NA,NA,NA,NA,NA,NA,NA,NA,NA,NA,NA,NA,NA,NA,NA,NA,NA,NA,NA,NA,NA,NA,NA,NA,NA,NA,NA,NA,NA,NA,NA,NA,NA,NA,NA,NA,NA,NA,NA
"Derrick Henry","RB","BAL",NA,NA,NA,NA,NA,NA,NA,NA,18.1,87.1,NA,0.8,0.1,15.4,NA,"15514","FantasyPros","12626","FantasyPros","RB",NA,1.3,12,NA,NA,0.1,NA,NA,NA,NA,NA,NA,NA,NA,NA,NA,NA,NA,NA,NA,NA,NA,NA,NA,NA,NA,NA,NA,NA,NA,NA,NA,NA,NA,NA,NA,NA,NA,NA,NA,NA,NA,NA,NA,NA,NA,NA,NA,NA,NA,NA,NA,NA,NA,NA,NA,NA,NA,NA,NA,NA,NA,NA,NA
"Chase Brown","RB","CIN",NA,NA,NA,NA,NA,NA,NA,NA,14.4,62.1,NA,0.5,0.1,15.1,NA,"25324","FantasyPros","16181","FantasyPros","RB",NA,4,27.5,NA,NA,0.2,NA,NA,NA,NA,NA,NA,NA,NA,NA,NA,NA,NA,NA,NA,NA,NA,NA,NA,NA,NA,NA,NA,NA,NA,NA,NA,NA,NA,NA,NA,NA,NA,NA,NA,NA,NA,NA,NA,NA,NA,NA,NA,NA,NA,NA,NA,NA,NA,NA,NA,NA,NA,NA,NA,NA,NA,NA,NA
"Saquon Barkley","RB","PHI",NA,NA,NA,NA,NA,NA,NA,NA,17.3,79.4,NA,0.5,0.1,15.1,NA,"17240","FantasyPros","13604","FantasyPros","RB",NA,2.5,21.1,NA,NA,0.1,NA,NA,NA,NA,NA,NA,NA,NA,NA,NA,NA,NA,NA,NA,NA,NA,NA,NA,NA,NA,NA,NA,NA,NA,NA,NA,NA,NA,NA,NA,NA,NA,NA,NA,NA,NA,NA,NA,NA,NA,NA,NA,NA,NA,NA,NA,NA,NA,NA,NA,NA,NA,NA,NA,NA,NA,NA,NA
"Omarion Hampton","RB","LAC",NA,NA,NA,NA,NA,NA,NA,NA,15.1,67,NA,0.6,0.1,14.4,NA,"25395","FantasyPros","17044","FantasyPros","RB",NA,3,19.8,NA,NA,0.1,NA,NA,NA,NA,NA,NA,NA,NA,NA,NA,NA,NA,NA,NA,NA,NA,NA,NA,NA,NA,NA,NA,NA,NA,NA,NA,NA,NA,NA,NA,NA,NA,NA,NA,NA,NA,NA,NA,NA,NA,NA,NA,NA,NA,NA,NA,NA,NA,NA,NA,NA,NA,NA,NA,NA,NA,NA,NA
"James Cook III","RB","BUF",NA,NA,NA,NA,NA,NA,NA,NA,17.1,81.4,NA,0.5,0.1,14.3,NA,"22958","FantasyPros","15715","FantasyPros","RB",NA,2,15.8,NA,NA,0.1,NA,NA,NA,NA,NA,NA,NA,NA,NA,NA,NA,NA,NA,NA,NA,NA,NA,NA,NA,NA,NA,NA,NA,NA,NA,NA,NA,NA,NA,NA,NA,NA,NA,NA,NA,NA,NA,NA,NA,NA,NA,NA,NA,NA,NA,NA,NA,NA,NA,NA,NA,NA,NA,NA,NA,NA,NA,NA
"Puka Nacua","WR","LAR",NA,NA,NA,NA,NA,NA,NA,NA,0.7,4.4,NA,0,0,16.8,NA,"23180","FantasyPros","16211","FantasyPros","WR",NA,7.3,93.5,NA,NA,0.5,NA,NA,NA,NA,NA,NA,NA,NA,NA,NA,NA,NA,NA,NA,NA,NA,NA,NA,NA,NA,NA,NA,NA,NA,NA,NA,NA,NA,NA,NA,NA,NA,NA,NA,NA,NA,NA,NA,NA,NA,NA,NA,NA,NA,NA,NA,NA,NA,NA,NA,NA,NA,NA,NA,NA,NA,NA,NA
"Ja'Marr Chase","WR","CIN",NA,NA,NA,NA,NA,NA,NA,NA,0.2,0.9,NA,0,0,16.6,NA,"19788","FantasyPros","15281","FantasyPros","WR",NA,7.1,88.9,NA,NA,0.7,NA,NA,NA,NA,NA,NA,NA,NA,NA,NA,NA,NA,NA,NA,NA,NA,NA,NA,NA,NA,NA,NA,NA,NA,NA,NA,NA,NA,NA,NA,NA,NA,NA,NA,NA,NA,NA,NA,NA,NA,NA,NA,NA,NA,NA,NA,NA,NA,NA,NA,NA,NA,NA,NA,NA,NA,NA,NA
"Amon-Ra St. Brown","WR","DET",NA,NA,NA,NA,NA,NA,NA,NA,0.2,1.1,NA,0,0,16.1,NA,"19799","FantasyPros","15287","FantasyPros","WR",NA,7,84.9,NA,NA,0.7,NA,NA,NA,NA,NA,NA,NA,NA,NA,NA,NA,NA,NA,NA,NA,NA,NA,NA,NA,NA,NA,NA,NA,NA,NA,NA,NA,NA,NA,NA,NA,NA,NA,NA,NA,NA,NA,NA,NA,NA,NA,NA,NA,NA,NA,NA,NA,NA,NA,NA,NA,NA,NA,NA,NA,NA,NA,NA
"Jaxon Smith-Njigba","WR","SEA",NA,NA,NA,NA,NA,NA,NA,NA,0.4,1.9,NA,0,0,16.1,NA,"23070","FantasyPros","16185","FantasyPros","WR",NA,6.7,92.8,NA,NA,0.6,NA,NA,NA,NA,NA,NA,NA,NA,NA,NA,NA,NA,NA,NA,NA,NA,NA,NA,NA,NA,NA,NA,NA,NA,NA,NA,NA,NA,NA,NA,NA,NA,NA,NA,NA,NA,NA,NA,NA,NA,NA,NA,NA,NA,NA,NA,NA,NA,NA,NA,NA,NA,NA,NA,NA,NA,NA,NA
"CeeDee Lamb","WR","DAL",NA,NA,NA,NA,NA,NA,NA,NA,0.3,1.4,NA,0,0,14.1,NA,"19202","FantasyPros","14832","FantasyPros","WR",NA,6.1,81,NA,NA,0.5,NA,NA,NA,NA,NA,NA,NA,NA,NA,NA,NA,NA,NA,NA,NA,NA,NA,NA,NA,NA,NA,NA,NA,NA,NA,NA,NA,NA,NA,NA,NA,NA,NA,NA,NA,NA,NA,NA,NA,NA,NA,NA,NA,NA,NA,NA,NA,NA,NA,NA,NA,NA,NA,NA,NA,NA,NA,NA
"Chris Olave","WR","NO",NA,NA,NA,NA,NA,NA,NA,NA,0.1,0.4,NA,0,0,13.6,NA,"20111","FantasyPros","15754","FantasyPros","WR",NA,6,77.6,NA,NA,0.5,NA,NA,NA,NA,NA,NA,NA,NA,NA,NA,NA,NA,NA,NA,NA,NA,NA,NA,NA,NA,NA,NA,NA,NA,NA,NA,NA,NA,NA,NA,NA,NA,NA,NA,NA,NA,NA,NA,NA,NA,NA,NA,NA,NA,NA,NA,NA,NA,NA,NA,NA,NA,NA,NA,NA,NA,NA,NA
"George Pickens","WR","DAL",NA,NA,NA,NA,NA,NA,NA,NA,0,0.1,NA,0,0,13.3,NA,"22963","FantasyPros","15762","FantasyPros","WR",NA,5.2,77.8,NA,NA,0.5,NA,NA,NA,NA,NA,NA,NA,NA,NA,NA,NA,NA,NA,NA,NA,NA,NA,NA,NA,NA,NA,NA,NA,NA,NA,NA,NA,NA,NA,NA,NA,NA,NA,NA,NA,NA,NA,NA,NA,NA,NA,NA,NA,NA,NA,NA,NA,NA,NA,NA,NA,NA,NA,NA,NA,NA,NA,NA
"Justin Jefferson","WR","MIN",NA,NA,NA,NA,NA,NA,NA,NA,0.1,0.4,NA,0,0,13.1,NA,"19236","FantasyPros","14836","FantasyPros","WR",NA,5.9,76.4,NA,NA,0.4,NA,NA,NA,NA,NA,NA,NA,NA,NA,NA,NA,NA,NA,NA,NA,NA,NA,NA,NA,NA,NA,NA,NA,NA,NA,NA,NA,NA,NA,NA,NA,NA,NA,NA,NA,NA,NA,NA,NA,NA,NA,NA,NA,NA,NA,NA,NA,NA,NA,NA,NA,NA,NA,NA,NA,NA,NA,NA
"Nico Collins","WR","HOU",NA,NA,NA,NA,NA,NA,NA,NA,0.1,0.7,NA,0,0,12.9,NA,"20130","FantasyPros","15290","FantasyPros","WR",NA,5.2,74.3,NA,NA,0.4,NA,NA,NA,NA,NA,NA,NA,NA,NA,NA,NA,NA,NA,NA,NA,NA,NA,NA,NA,NA,NA,NA,NA,NA,NA,NA,NA,NA,NA,NA,NA,NA,NA,NA,NA,NA,NA,NA,NA,NA,NA,NA,NA,NA,NA,NA,NA,NA,NA,NA,NA,NA,NA,NA,NA,NA,NA,NA
"Drake London","WR","ATL",NA,NA,NA,NA,NA,NA,NA,NA,0,0.1,NA,0,0,12.8,NA,"23163","FantasyPros","15751","FantasyPros","WR",NA,5.6,74,NA,NA,0.4,NA,NA,NA,NA,NA,NA,NA,NA,NA,NA,NA,NA,NA,NA,NA,NA,NA,NA,NA,NA,NA,NA,NA,NA,NA,NA,NA,NA,NA,NA,NA,NA,NA,NA,NA,NA,NA,NA,NA,NA,NA,NA,NA,NA,NA,NA,NA,NA,NA,NA,NA,NA,NA,NA,NA,NA,NA,NA
"Brock Bowers","TE","LV",NA,NA,NA,NA,NA,NA,NA,NA,NA,NA,NA,NA,0,12.3,NA,"22955","FantasyPros","16641","FantasyPros","TE",NA,6,62.7,NA,NA,0.5,NA,NA,NA,NA,NA,NA,NA,NA,NA,NA,NA,NA,NA,NA,NA,NA,NA,NA,NA,NA,NA,NA,NA,NA,NA,NA,NA,NA,NA,NA,NA,NA,NA,NA,NA,NA,NA,NA,NA,NA,NA,NA,NA,NA,NA,NA,NA,NA,NA,NA,NA,NA,NA,NA,NA,NA,NA,NA
"Trey McBride","TE","ARI",NA,NA,NA,NA,NA,NA,NA,NA,NA,NA,NA,NA,0,11.4,NA,"22936","FantasyPros","15794","FantasyPros","TE",NA,6.2,61,NA,NA,0.4,NA,NA,NA,NA,NA,NA,NA,NA,NA,NA,NA,NA,NA,NA,NA,NA,NA,NA,NA,NA,NA,NA,NA,NA,NA,NA,NA,NA,NA,NA,NA,NA,NA,NA,NA,NA,NA,NA,NA,NA,NA,NA,NA,NA,NA,NA,NA,NA,NA,NA,NA,NA,NA,NA,NA,NA,NA,NA
"Colston Loveland","TE","CHI",NA,NA,NA,NA,NA,NA,NA,NA,NA,NA,NA,NA,0,10.7,NA,"26006","FantasyPros","17104","FantasyPros","TE",NA,4.9,57.8,NA,NA,0.4,NA,NA,NA,NA,NA,NA,NA,NA,NA,NA,NA,NA,NA,NA,NA,NA,NA,NA,NA,NA,NA,NA,NA,NA,NA,NA,NA,NA,NA,NA,NA,NA,NA,NA,NA,NA,NA,NA,NA,NA,NA,NA,NA,NA,NA,NA,NA,NA,NA,NA,NA,NA,NA,NA,NA,NA,NA,NA
"Tyler Warren","TE","IND",NA,NA,NA,NA,NA,NA,NA,NA,NA,NA,NA,NA,0,10.2,NA,"26434","FantasyPros","17102","FantasyPros","TE",NA,5,53.5,NA,NA,0.4,NA,NA,NA,NA,NA,NA,NA,NA,NA,NA,NA,NA,NA,NA,NA,NA,NA,NA,NA,NA,NA,NA,NA,NA,NA,NA,NA,NA,NA,NA,NA,NA,NA,NA,NA,NA,NA,NA,NA,NA,NA,NA,NA,NA,NA,NA,NA,NA,NA,NA,NA,NA,NA,NA,NA,NA,NA,NA
"Sam LaPorta","TE","DET",NA,NA,NA,NA,NA,NA,NA,NA,NA,NA,NA,NA,0,9.8,NA,"22978","FantasyPros","16214","FantasyPros","TE",NA,4.6,51.2,NA,NA,0.4,NA,NA,NA,NA,NA,NA,NA,NA,NA,NA,NA,NA,NA,NA,NA,NA,NA,NA,NA,NA,NA,NA,NA,NA,NA,NA,NA,NA,NA,NA,NA,NA,NA,NA,NA,NA,NA,NA,NA,NA,NA,NA,NA,NA,NA,NA,NA,NA,NA,NA,NA,NA,NA,NA,NA,NA,NA,NA
"Dallas Goedert","TE","PHI",NA,NA,NA,NA,NA,NA,NA,NA,NA,NA,NA,NA,0,9.2,NA,"17270","FantasyPros","13674","FantasyPros","TE",NA,4.1,44.1,NA,NA,0.5,NA,NA,NA,NA,NA,NA,NA,NA,NA,NA,NA,NA,NA,NA,NA,NA,NA,NA,NA,NA,NA,NA,NA,NA,NA,NA,NA,NA,NA,NA,NA,NA,NA,NA,NA,NA,NA,NA,NA,NA,NA,NA,NA,NA,NA,NA,NA,NA,NA,NA,NA,NA,NA,NA,NA,NA,NA,NA
"Harold Fannin Jr.","TE","CLE",NA,NA,NA,NA,NA,NA,NA,NA,NA,NA,NA,NA,0,9,NA,"27050","FantasyPros","17103","FantasyPros","TE",NA,4.7,45,NA,NA,0.3,NA,NA,NA,NA,NA,NA,NA,NA,NA,NA,NA,NA,NA,NA,NA,NA,NA,NA,NA,NA,NA,NA,NA,NA,NA,NA,NA,NA,NA,NA,NA,NA,NA,NA,NA,NA,NA,NA,NA,NA,NA,NA,NA,NA,NA,NA,NA,NA,NA,NA,NA,NA,NA,NA,NA,NA,NA,NA
"Mark Andrews","TE","BAL",NA,NA,NA,NA,NA,NA,NA,NA,NA,NA,NA,NA,0,8.4,NA,"17269","FantasyPros","13671","FantasyPros","TE",NA,3.7,38.4,NA,NA,0.4,NA,NA,NA,NA,NA,NA,NA,NA,NA,NA,NA,NA,NA,NA,NA,NA,NA,NA,NA,NA,NA,NA,NA,NA,NA,NA,NA,NA,NA,NA,NA,NA,NA,NA,NA,NA,NA,NA,NA,NA,NA,NA,NA,NA,NA,NA,NA,NA,NA,NA,NA,NA,NA,NA,NA,NA,NA,NA
"Tucker Kraft","TE","GB",NA,NA,NA,NA,NA,NA,NA,NA,NA,NA,NA,NA,0,8.3,NA,"25298","FantasyPros","16222","FantasyPros","TE",NA,3.6,45,NA,NA,0.3,NA,NA,NA,NA,NA,NA,NA,NA,NA,NA,NA,NA,NA,NA,NA,NA,NA,NA,NA,NA,NA,NA,NA,NA,NA,NA,NA,NA,NA,NA,NA,NA,NA,NA,NA,NA,NA,NA,NA,NA,NA,NA,NA,NA,NA,NA,NA,NA,NA,NA,NA,NA,NA,NA,NA,NA,NA,NA
"Kyle Pitts Sr.","TE","ATL",NA,NA,NA,NA,NA,NA,NA,NA,NA,NA,NA,NA,0,8.3,NA,"20164","FantasyPros","15329","FantasyPros","TE",NA,4.3,46.8,NA,NA,0.2,NA,NA,NA,NA,NA,NA,NA,NA,NA,NA,NA,NA,NA,NA,NA,NA,NA,NA,NA,NA,NA,NA,NA,NA,NA,NA,NA,NA,NA,NA,NA,NA,NA,NA,NA,NA,NA,NA,NA,NA,NA,NA,NA,NA,NA,NA,NA,NA,NA,NA,NA,NA,NA,NA,NA,NA,NA,NA
"Cameron Dicker","K","LAC",NA,NA,NA,NA,NA,NA,NA,NA,NA,NA,NA,NA,NA,8.9,NA,"23901","FantasyPros","15979","FantasyPros","K",NA,NA,NA,NA,NA,NA,2,2.5,NA,NA,NA,NA,NA,NA,NA,NA,NA,NA,2.8,NA,NA,NA,NA,NA,NA,NA,NA,NA,NA,NA,NA,NA,NA,NA,NA,NA,NA,NA,NA,NA,NA,NA,NA,NA,NA,NA,NA,NA,NA,NA,NA,NA,NA,NA,NA,NA,NA,NA,NA,NA,NA,NA,NA,NA
"Brandon Aubrey","K","DAL",NA,NA,NA,NA,NA,NA,NA,NA,NA,NA,NA,NA,NA,8.6,NA,"26068","FantasyPros","16414","FantasyPros","K",NA,NA,NA,NA,NA,NA,1.9,2.3,NA,NA,NA,NA,NA,NA,NA,NA,NA,NA,2.8,NA,NA,NA,NA,NA,NA,NA,NA,NA,NA,NA,NA,NA,NA,NA,NA,NA,NA,NA,NA,NA,NA,NA,NA,NA,NA,NA,NA,NA,NA,NA,NA,NA,NA,NA,NA,NA,NA,NA,NA,NA,NA,NA,NA,NA
"Jake Bates","K","DET",NA,NA,NA,NA,NA,NA,NA,NA,NA,NA,NA,NA,NA,8.4,NA,"26075","FantasyPros","16846","FantasyPros","K",NA,NA,NA,NA,NA,NA,1.8,2.3,NA,NA,NA,NA,NA,NA,NA,NA,NA,NA,3,NA,NA,NA,NA,NA,NA,NA,NA,NA,NA,NA,NA,NA,NA,NA,NA,NA,NA,NA,NA,NA,NA,NA,NA,NA,NA,NA,NA,NA,NA,NA,NA,NA,NA,NA,NA,NA,NA,NA,NA,NA,NA,NA,NA,NA
"Jason Myers","K","SEA",NA,NA,NA,NA,NA,NA,NA,NA,NA,NA,NA,NA,NA,8.3,NA,"14003","FantasyPros","12437","FantasyPros","K",NA,NA,NA,NA,NA,NA,1.9,2.3,NA,NA,NA,NA,NA,NA,NA,NA,NA,NA,2.6,NA,NA,NA,NA,NA,NA,NA,NA,NA,NA,NA,NA,NA,NA,NA,NA,NA,NA,NA,NA,NA,NA,NA,NA,NA,NA,NA,NA,NA,NA,NA,NA,NA,NA,NA,NA,NA,NA,NA,NA,NA,NA,NA,NA,NA
"Harrison Mevis","K","LAR",NA,NA,NA,NA,NA,NA,NA,NA,NA,NA,NA,NA,NA,8.2,NA,"26638","FantasyPros","16843","FantasyPros","K",NA,NA,NA,NA,NA,NA,1.7,2,NA,NA,NA,NA,NA,NA,NA,NA,NA,NA,3,NA,NA,NA,NA,NA,NA,NA,NA,NA,NA,NA,NA,NA,NA,NA,NA,NA,NA,NA,NA,NA,NA,NA,NA,NA,NA,NA,NA,NA,NA,NA,NA,NA,NA,NA,NA,NA,NA,NA,NA,NA,NA,NA,NA,NA
"Ka'imi Fairbairn","K","HOU",NA,NA,NA,NA,NA,NA,NA,NA,NA,NA,NA,NA,NA,8.1,NA,"15756","FantasyPros","12860","FantasyPros","K",NA,NA,NA,NA,NA,NA,1.9,2.4,NA,NA,NA,NA,NA,NA,NA,NA,NA,NA,2.2,NA,NA,NA,NA,NA,NA,NA,NA,NA,NA,NA,NA,NA,NA,NA,NA,NA,NA,NA,NA,NA,NA,NA,NA,NA,NA,NA,NA,NA,NA,NA,NA,NA,NA,NA,NA,NA,NA,NA,NA,NA,NA,NA,NA,NA
"Will Reichard","K","MIN",NA,NA,NA,NA,NA,NA,NA,NA,NA,NA,NA,NA,NA,8,NA,"26341","FantasyPros","16681","FantasyPros","K",NA,NA,NA,NA,NA,NA,1.9,2.2,NA,NA,NA,NA,NA,NA,NA,NA,NA,NA,2.2,NA,NA,NA,NA,NA,NA,NA,NA,NA,NA,NA,NA,NA,NA,NA,NA,NA,NA,NA,NA,NA,NA,NA,NA,NA,NA,NA,NA,NA,NA,NA,NA,NA,NA,NA,NA,NA,NA,NA,NA,NA,NA,NA,NA,NA
"Evan McPherson","K","CIN",NA,NA,NA,NA,NA,NA,NA,NA,NA,NA,NA,NA,NA,7.9,NA,"23297","FantasyPros","15368","FantasyPros","K",NA,NA,NA,NA,NA,NA,1.7,2.2,NA,NA,NA,NA,NA,NA,NA,NA,NA,NA,2.7,NA,NA,NA,NA,NA,NA,NA,NA,NA,NA,NA,NA,NA,NA,NA,NA,NA,NA,NA,NA,NA,NA,NA,NA,NA,NA,NA,NA,NA,NA,NA,NA,NA,NA,NA,NA,NA,NA,NA,NA,NA,NA,NA,NA,NA
"Cam Little","K","JAC",NA,NA,NA,NA,NA,NA,NA,NA,NA,NA,NA,NA,NA,7.8,NA,"26475","FantasyPros","16680","FantasyPros","K",NA,NA,NA,NA,NA,NA,1.8,2.1,NA,NA,NA,NA,NA,NA,NA,NA,NA,NA,2.6,NA,NA,NA,NA,NA,NA,NA,NA,NA,NA,NA,NA,NA,NA,NA,NA,NA,NA,NA,NA,NA,NA,NA,NA,NA,NA,NA,NA,NA,NA,NA,NA,NA,NA,NA,NA,NA,NA,NA,NA,NA,NA,NA,NA,NA
"Chris Boswell","K","PIT",NA,NA,NA,NA,NA,NA,NA,NA,NA,NA,NA,NA,NA,7.7,NA,"13029","FantasyPros","11936","FantasyPros","K",NA,NA,NA,NA,NA,NA,1.8,2.2,NA,NA,NA,NA,NA,NA,NA,NA,NA,NA,2.3,NA,NA,NA,NA,NA,NA,NA,NA,NA,NA,NA,NA,NA,NA,NA,NA,NA,NA,NA,NA,NA,NA,NA,NA,NA,NA,NA,NA,NA,NA,NA,NA,NA,NA,NA,NA,NA,NA,NA,NA,NA,NA,NA,NA,NA
"Jacksonville Jaguars","DST",NA,NA,NA,NA,NA,NA,NA,NA,NA,NA,NA,NA,NA,NA,8,NA,"8140","FantasyPros","0509","FantasyPros","DST",NA,NA,NA,NA,NA,NA,NA,NA,NA,NA,NA,NA,NA,NA,NA,NA,NA,NA,NA,NA,0.8,0,3.2,NA,0.5,0.8,0.2,16.7,NA,NA,NA,284.2,NA,NA,NA,NA,NA,NA,NA,NA,NA,NA,NA,NA,NA,NA,NA,NA,NA,NA,NA,NA,NA,NA,NA,NA,NA,NA,NA,NA,NA,NA,NA,NA
"Seattle Seahawks","DST",NA,NA,NA,NA,NA,NA,NA,NA,NA,NA,NA,NA,NA,NA,7.9,NA,"8260","FantasyPros","0515","FantasyPros","DST",NA,NA,NA,NA,NA,NA,NA,NA,NA,NA,NA,NA,NA,NA,NA,NA,NA,NA,NA,NA,0.7,0,3.1,NA,0.6,0.8,0.2,19.8,NA,NA,NA,333.4,NA,NA,NA,NA,NA,NA,NA,NA,NA,NA,NA,NA,NA,NA,NA,NA,NA,NA,NA,NA,NA,NA,NA,NA,NA,NA,NA,NA,NA,NA,NA,NA
"Los Angeles Chargers","DST",NA,NA,NA,NA,NA,NA,NA,NA,NA,NA,NA,NA,NA,NA,7.9,NA,"8250","FantasyPros","0514","FantasyPros","DST",NA,NA,NA,NA,NA,NA,NA,NA,NA,NA,NA,NA,NA,NA,NA,NA,NA,NA,NA,NA,0.7,0,3.4,NA,0.5,0.6,0.2,18.8,NA,NA,NA,312.8,NA,NA,NA,NA,NA,NA,NA,NA,NA,NA,NA,NA,NA,NA,NA,NA,NA,NA,NA,NA,NA,NA,NA,NA,NA,NA,NA,NA,NA,NA,NA,NA
"Philadelphia Eagles","DST",NA,NA,NA,NA,NA,NA,NA,NA,NA,NA,NA,NA,NA,NA,7.5,NA,"8230","FantasyPros","0518","FantasyPros","DST",NA,NA,NA,NA,NA,NA,NA,NA,NA,NA,NA,NA,NA,NA,NA,NA,NA,NA,NA,NA,0.7,0.1,2.7,NA,0.6,0.9,0.2,19.5,NA,NA,NA,314.8,NA,NA,NA,NA,NA,NA,NA,NA,NA,NA,NA,NA,NA,NA,NA,NA,NA,NA,NA,NA,NA,NA,NA,NA,NA,NA,NA,NA,NA,NA,NA,NA
"Pittsburgh Steelers","DST",NA,NA,NA,NA,NA,NA,NA,NA,NA,NA,NA,NA,NA,NA,7.4,NA,"8240","FantasyPros","0510","FantasyPros","DST",NA,NA,NA,NA,NA,NA,NA,NA,NA,NA,NA,NA,NA,NA,NA,NA,NA,NA,NA,NA,0.8,0,2.6,NA,0.6,1,0.2,18.7,NA,NA,NA,331.4,NA,NA,NA,NA,NA,NA,NA,NA,NA,NA,NA,NA,NA,NA,NA,NA,NA,NA,NA,NA,NA,NA,NA,NA,NA,NA,NA,NA,NA,NA,NA,NA
"Las Vegas Raiders","DST",NA,NA,NA,NA,NA,NA,NA,NA,NA,NA,NA,NA,NA,NA,7.2,NA,"8220","FantasyPros","0513","FantasyPros","DST",NA,NA,NA,NA,NA,NA,NA,NA,NA,NA,NA,NA,NA,NA,NA,NA,NA,NA,NA,NA,0.7,0,2.9,NA,0.6,0.8,0.1,19.1,NA,NA,NA,316.6,NA,NA,NA,NA,NA,NA,NA,NA,NA,NA,NA,NA,NA,NA,NA,NA,NA,NA,NA,NA,NA,NA,NA,NA,NA,NA,NA,NA,NA,NA,NA,NA
"Tennessee Titans","DST",NA,NA,NA,NA,NA,NA,NA,NA,NA,NA,NA,NA,NA,NA,6.9,NA,"8300","FantasyPros","0508","FantasyPros","DST",NA,NA,NA,NA,NA,NA,NA,NA,NA,NA,NA,NA,NA,NA,NA,NA,NA,NA,NA,NA,0.8,0,3.4,NA,0.6,0.8,0.1,20.4,NA,NA,NA,319.2,NA,NA,NA,NA,NA,NA,NA,NA,NA,NA,NA,NA,NA,NA,NA,NA,NA,NA,NA,NA,NA,NA,NA,NA,NA,NA,NA,NA,NA,NA,NA,NA
"Detroit Lions","DST",NA,NA,NA,NA,NA,NA,NA,NA,NA,NA,NA,NA,NA,NA,6.6,NA,"8100","FantasyPros","0522","FantasyPros","DST",NA,NA,NA,NA,NA,NA,NA,NA,NA,NA,NA,NA,NA,NA,NA,NA,NA,NA,NA,NA,0.8,0,3,NA,0.6,0.9,0.2,20.7,NA,NA,NA,326.2,NA,NA,NA,NA,NA,NA,NA,NA,NA,NA,NA,NA,NA,NA,NA,NA,NA,NA,NA,NA,NA,NA,NA,NA,NA,NA,NA,NA,NA,NA,NA,NA
"Houston Texans","DST",NA,NA,NA,NA,NA,NA,NA,NA,NA,NA,NA,NA,NA,NA,6.4,NA,"8120","FantasyPros","0532","FantasyPros","DST",NA,NA,NA,NA,NA,NA,NA,NA,NA,NA,NA,NA,NA,NA,NA,NA,NA,NA,NA,NA,0.8,0,2.5,NA,0.6,1,0.2,22.3,NA,NA,NA,346.2,NA,NA,NA,NA,NA,NA,NA,NA,NA,NA,NA,NA,NA,NA,NA,NA,NA,NA,NA,NA,NA,NA,NA,NA,NA,NA,NA,NA,NA,NA,NA,NA
"Green Bay Packers","DST",NA,NA,NA,NA,NA,NA,NA,NA,NA,NA,NA,NA,NA,NA,6.4,NA,"8110","FantasyPros","0523","FantasyPros","DST",NA,NA,NA,NA,NA,NA,NA,NA,NA,NA,NA,NA,NA,NA,NA,NA,NA,NA,NA,NA,0.8,0,2.7,NA,0.5,0.8,0.2,22.5,NA,NA,NA,315.7,NA,NA,NA,NA,NA,NA,NA,NA,NA,NA,NA,NA,NA,NA,NA,NA,NA,NA,NA,NA,NA,NA,NA,NA,NA,NA,NA,NA,NA,NA,NA,NA
"Josh Allen","QB","BUF",NA,32,22,252,NA,1.6,0.3,NA,9,44,NA,0.7,NA,27.6,NA,"16228","FFToday","13589","FFToday","QB",NA,NA,NA,NA,NA,NA,NA,NA,NA,NA,NA,NA,NA,NA,NA,NA,NA,NA,NA,NA,NA,NA,NA,NA,NA,NA,NA,NA,NA,NA,NA,NA,NA,NA,NA,NA,NA,NA,"HOU",NA,NA,NA,NA,NA,NA,NA,NA,NA,NA,NA,NA,NA,NA,NA,NA,NA,NA,NA,NA,NA,NA,NA,NA,NA
"Jalen Hurts","QB","PHI",NA,33,22,239,NA,1.5,0.2,NA,9,37,NA,0.6,NA,25.3,NA,"17116","FFToday","14783","FFToday","QB",NA,NA,NA,NA,NA,NA,NA,NA,NA,NA,NA,NA,NA,NA,NA,NA,NA,NA,NA,NA,NA,NA,NA,NA,NA,NA,NA,NA,NA,NA,NA,NA,NA,NA,NA,NA,NA,NA,"WAS",NA,NA,NA,NA,NA,NA,NA,NA,NA,NA,NA,NA,NA,NA,NA,NA,NA,NA,NA,NA,NA,NA,NA,NA,NA
"Justin Herbert","QB","LAC",NA,36,24,267,NA,2,0.3,NA,3,15,NA,0.1,NA,23.5,NA,"17102","FFToday","14779","FFToday","QB",NA,NA,NA,NA,NA,NA,NA,NA,NA,NA,NA,NA,NA,NA,NA,NA,NA,NA,NA,NA,NA,NA,NA,NA,NA,NA,NA,NA,NA,NA,NA,NA,NA,NA,NA,NA,NA,NA,"ARI",NA,NA,NA,NA,NA,NA,NA,NA,NA,NA,NA,NA,NA,NA,NA,NA,NA,NA,NA,NA,NA,NA,NA,NA,NA
"Joe Burrow","QB","CIN",NA,37,25,277,NA,2.1,0.3,NA,2,7,NA,0,NA,23,NA,"17028","FFToday","14777","FFToday","QB",NA,NA,NA,NA,NA,NA,NA,NA,NA,NA,NA,NA,NA,NA,NA,NA,NA,NA,NA,NA,NA,NA,NA,NA,NA,NA,NA,NA,NA,NA,NA,NA,NA,NA,NA,NA,NA,NA,"TB",NA,NA,NA,NA,NA,NA,NA,NA,NA,NA,NA,NA,NA,NA,NA,NA,NA,NA,NA,NA,NA,NA,NA,NA,NA
"Lamar Jackson","QB","BAL",NA,28,18,219,NA,1.6,0.4,NA,7,37,NA,0.3,NA,22.9,NA,"16255","FFToday","13593","FFToday","QB",NA,NA,NA,NA,NA,NA,NA,NA,NA,NA,NA,NA,NA,NA,NA,NA,NA,NA,NA,NA,NA,NA,NA,NA,NA,NA,NA,NA,NA,NA,NA,NA,NA,NA,NA,NA,NA,NA,"IND",NA,NA,NA,NA,NA,NA,NA,NA,NA,NA,NA,NA,NA,NA,NA,NA,NA,NA,NA,NA,NA,NA,NA,NA,NA
"Jared Goff","QB","DET",NA,35,23,273,NA,2.1,0.5,NA,3,6,NA,0,NA,22.7,NA,"15589","FFToday","12611","FFToday","QB",NA,NA,NA,NA,NA,NA,NA,NA,NA,NA,NA,NA,NA,NA,NA,NA,NA,NA,NA,NA,NA,NA,NA,NA,NA,NA,NA,NA,NA,NA,NA,NA,NA,NA,NA,NA,NA,NA,"NO",NA,NA,NA,NA,NA,NA,NA,NA,NA,NA,NA,NA,NA,NA,NA,NA,NA,NA,NA,NA,NA,NA,NA,NA,NA
"Trevor Lawrence","QB","JAC",NA,33,21,242,NA,1.6,0,NA,5,23,NA,0.3,NA,22.6,NA,"17624","FFToday","15237","FFToday","QB",NA,NA,NA,NA,NA,NA,NA,NA,NA,NA,NA,NA,NA,NA,NA,NA,NA,NA,NA,NA,NA,NA,NA,NA,NA,NA,NA,NA,NA,NA,NA,NA,NA,NA,NA,NA,NA,NA,"CLE",NA,NA,NA,NA,NA,NA,NA,NA,NA,NA,NA,NA,NA,NA,NA,NA,NA,NA,NA,NA,NA,NA,NA,NA,NA
"Jordan Love","QB","GB",NA,36,24,284,NA,1.8,0.3,NA,3,12,NA,0,NA,22.6,NA,"17146","FFToday","14782","FFToday","QB",NA,NA,NA,NA,NA,NA,NA,NA,NA,NA,NA,NA,NA,NA,NA,NA,NA,NA,NA,NA,NA,NA,NA,NA,NA,NA,NA,NA,NA,NA,NA,NA,NA,NA,NA,NA,NA,NA,"MIN",NA,NA,NA,NA,NA,NA,NA,NA,NA,NA,NA,NA,NA,NA,NA,NA,NA,NA,NA,NA,NA,NA,NA,NA,NA
"Brock Purdy","QB","SF",NA,35,24,265,NA,1.7,0.4,NA,4,18,NA,0.1,NA,22.5,NA,"18184","FFToday","15698","FFToday","QB",NA,NA,NA,NA,NA,NA,NA,NA,NA,NA,NA,NA,NA,NA,NA,NA,NA,NA,NA,NA,NA,NA,NA,NA,NA,NA,NA,NA,NA,NA,NA,NA,NA,NA,NA,NA,NA,NA,"LAR",NA,NA,NA,NA,NA,NA,NA,NA,NA,NA,NA,NA,NA,NA,NA,NA,NA,NA,NA,NA,NA,NA,NA,NA,NA
"Drake Maye","QB","NE",NA,33,21,250,NA,1.6,0.5,NA,5,23,NA,0.2,NA,22.4,NA,"19046","FFToday","16580","FFToday","QB",NA,NA,NA,NA,NA,NA,NA,NA,NA,NA,NA,NA,NA,NA,NA,NA,NA,NA,NA,NA,NA,NA,NA,NA,NA,NA,NA,NA,NA,NA,NA,NA,NA,NA,NA,NA,NA,NA,"SEA",NA,NA,NA,NA,NA,NA,NA,NA,NA,NA,NA,NA,NA,NA,NA,NA,NA,NA,NA,NA,NA,NA,NA,NA,NA
"Kyler Murray","QB","MIN",NA,36,24,251,NA,1.4,0.7,NA,5,29,NA,0.2,NA,22.3,NA,"16663","FFToday","14056","FFToday","QB",NA,NA,NA,NA,NA,NA,NA,NA,NA,NA,NA,NA,NA,NA,NA,NA,NA,NA,NA,NA,NA,NA,NA,NA,NA,NA,NA,NA,NA,NA,NA,NA,NA,NA,NA,NA,NA,NA,"GB",NA,NA,NA,NA,NA,NA,NA,NA,NA,NA,NA,NA,NA,NA,NA,NA,NA,NA,NA,NA,NA,NA,NA,NA,NA
"Caleb Williams","QB","CHI",NA,34,21,247,NA,1.6,0.2,NA,5,23,NA,0.2,NA,22.3,NA,"19147","FFToday","16579","FFToday","QB",NA,NA,NA,NA,NA,NA,NA,NA,NA,NA,NA,NA,NA,NA,NA,NA,NA,NA,NA,NA,NA,NA,NA,NA,NA,NA,NA,NA,NA,NA,NA,NA,NA,NA,NA,NA,NA,NA,"CAR",NA,NA,NA,NA,NA,NA,NA,NA,NA,NA,NA,NA,NA,NA,NA,NA,NA,NA,NA,NA,NA,NA,NA,NA,NA
"Dak Prescott","QB","DAL",NA,36,24,269,NA,1.8,0.5,NA,3,9,NA,0.1,NA,22.2,NA,"15681","FFToday","12620","FFToday","QB",NA,NA,NA,NA,NA,NA,NA,NA,NA,NA,NA,NA,NA,NA,NA,NA,NA,NA,NA,NA,NA,NA,NA,NA,NA,NA,NA,NA,NA,NA,NA,NA,NA,NA,NA,NA,NA,NA,"NYG",NA,NA,NA,NA,NA,NA,NA,NA,NA,NA,NA,NA,NA,NA,NA,NA,NA,NA,NA,NA,NA,NA,NA,NA,NA
"Jayden Daniels","QB","WAS",NA,33,21,247,NA,1.4,0.4,NA,5,26,NA,0.2,NA,21.8,NA,"18946","FFToday","16581","FFToday","QB",NA,NA,NA,NA,NA,NA,NA,NA,NA,NA,NA,NA,NA,NA,NA,NA,NA,NA,NA,NA,NA,NA,NA,NA,NA,NA,NA,NA,NA,NA,NA,NA,NA,NA,NA,NA,NA,NA,"PHI",NA,NA,NA,NA,NA,NA,NA,NA,NA,NA,NA,NA,NA,NA,NA,NA,NA,NA,NA,NA,NA,NA,NA,NA,NA
"Matthew Stafford","QB","LAR",NA,35,23,271,NA,1.9,0,NA,2,2,NA,0,NA,21.4,NA,"11001","FFToday","9431","FFToday","QB",NA,NA,NA,NA,NA,NA,NA,NA,NA,NA,NA,NA,NA,NA,NA,NA,NA,NA,NA,NA,NA,NA,NA,NA,NA,NA,NA,NA,NA,NA,NA,NA,NA,NA,NA,NA,NA,NA,"SF",NA,NA,NA,NA,NA,NA,NA,NA,NA,NA,NA,NA,NA,NA,NA,NA,NA,NA,NA,NA,NA,NA,NA,NA,NA
"Baker Mayfield","QB","TB",NA,36,23,248,NA,1.6,0.6,NA,3,19,NA,0.1,NA,21.3,NA,"16116","FFToday","13590","FFToday","QB",NA,NA,NA,NA,NA,NA,NA,NA,NA,NA,NA,NA,NA,NA,NA,NA,NA,NA,NA,NA,NA,NA,NA,NA,NA,NA,NA,NA,NA,NA,NA,NA,NA,NA,NA,NA,NA,NA,"CIN",NA,NA,NA,NA,NA,NA,NA,NA,NA,NA,NA,NA,NA,NA,NA,NA,NA,NA,NA,NA,NA,NA,NA,NA,NA
"Daniel Jones","QB","IND",NA,33,22,248,NA,1.5,0.5,NA,4,17,NA,0.1,NA,20.7,NA,"16624","FFToday","14059","FFToday","QB",NA,NA,NA,NA,NA,NA,NA,NA,NA,NA,NA,NA,NA,NA,NA,NA,NA,NA,NA,NA,NA,NA,NA,NA,NA,NA,NA,NA,NA,NA,NA,NA,NA,NA,NA,NA,NA,NA,"BAL",NA,NA,NA,NA,NA,NA,NA,NA,NA,NA,NA,NA,NA,NA,NA,NA,NA,NA,NA,NA,NA,NA,NA,NA,NA
"Bo Nix","QB","DEN",NA,34,22,246,NA,1.5,0.5,NA,4,18,NA,0.1,NA,20.7,NA,"19071","FFToday","16582","FFToday","QB",NA,NA,NA,NA,NA,NA,NA,NA,NA,NA,NA,NA,NA,NA,NA,NA,NA,NA,NA,NA,NA,NA,NA,NA,NA,NA,NA,NA,NA,NA,NA,NA,NA,NA,NA,NA,NA,NA,"KC",NA,NA,NA,NA,NA,NA,NA,NA,NA,NA,NA,NA,NA,NA,NA,NA,NA,NA,NA,NA,NA,NA,NA,NA,NA
"Malik Willis","QB","MIA",NA,28,17,189,NA,1.1,0.1,NA,8,44,NA,0.3,NA,20.1,NA,"18247","FFToday","15694","FFToday","QB",NA,NA,NA,NA,NA,NA,NA,NA,NA,NA,NA,NA,NA,NA,NA,NA,NA,NA,NA,NA,NA,NA,NA,NA,NA,NA,NA,NA,NA,NA,NA,NA,NA,NA,NA,NA,NA,NA,"LV",NA,NA,NA,NA,NA,NA,NA,NA,NA,NA,NA,NA,NA,NA,NA,NA,NA,NA,NA,NA,NA,NA,NA,NA,NA
"Jaxson Dart","QB","NYG",NA,28,18,194,NA,1.2,0.4,NA,6,31,NA,0.4,NA,20,NA,"19347","FFToday","17032","FFToday","QB",NA,NA,NA,NA,NA,NA,NA,NA,NA,NA,NA,NA,NA,NA,NA,NA,NA,NA,NA,NA,NA,NA,NA,NA,NA,NA,NA,NA,NA,NA,NA,NA,NA,NA,NA,NA,NA,NA,"DAL",NA,NA,NA,NA,NA,NA,NA,NA,NA,NA,NA,NA,NA,NA,NA,NA,NA,NA,NA,NA,NA,NA,NA,NA,NA
"Sam Darnold","QB","SEA",NA,32,21,249,NA,1.6,0,NA,2,6,NA,0,NA,19.5,NA,"16316","FFToday","13592","FFToday","QB",NA,NA,NA,NA,NA,NA,NA,NA,NA,NA,NA,NA,NA,NA,NA,NA,NA,NA,NA,NA,NA,NA,NA,NA,NA,NA,NA,NA,NA,NA,NA,NA,NA,NA,NA,NA,NA,NA,"NE",NA,NA,NA,NA,NA,NA,NA,NA,NA,NA,NA,NA,NA,NA,NA,NA,NA,NA,NA,NA,NA,NA,NA,NA,NA
"Tyler Shough","QB","NO",NA,33,21,234,NA,1.3,0.5,NA,5,18,NA,0.1,NA,19.3,NA,"19502","FFToday","17039","FFToday","QB",NA,NA,NA,NA,NA,NA,NA,NA,NA,NA,NA,NA,NA,NA,NA,NA,NA,NA,NA,NA,NA,NA,NA,NA,NA,NA,NA,NA,NA,NA,NA,NA,NA,NA,NA,NA,NA,NA,"DET",NA,NA,NA,NA,NA,NA,NA,NA,NA,NA,NA,NA,NA,NA,NA,NA,NA,NA,NA,NA,NA,NA,NA,NA,NA
"Jacoby Brissett","QB","ARI",NA,35,23,248,NA,1.4,0.8,NA,3,11,NA,0,NA,19.1,NA,"15522","FFToday","12616","FFToday","QB",NA,NA,NA,NA,NA,NA,NA,NA,NA,NA,NA,NA,NA,NA,NA,NA,NA,NA,NA,NA,NA,NA,NA,NA,NA,NA,NA,NA,NA,NA,NA,NA,NA,NA,NA,NA,NA,NA,"LAC",NA,NA,NA,NA,NA,NA,NA,NA,NA,NA,NA,NA,NA,NA,NA,NA,NA,NA,NA,NA,NA,NA,NA,NA,NA
"Patrick Mahomes","QB","KC",NA,35,22,244,NA,1.5,0.4,NA,2,9,NA,0,NA,19.1,NA,"15946","FFToday","13116","FFToday","QB",NA,NA,NA,NA,NA,NA,NA,NA,NA,NA,NA,NA,NA,NA,NA,NA,NA,NA,NA,NA,NA,NA,NA,NA,NA,NA,NA,NA,NA,NA,NA,NA,NA,NA,NA,NA,NA,NA,"DEN",NA,NA,NA,NA,NA,NA,NA,NA,NA,NA,NA,NA,NA,NA,NA,NA,NA,NA,NA,NA,NA,NA,NA,NA,NA
"C.J. Stroud","QB","HOU",NA,34,22,239,NA,1.3,0.3,NA,4,18,NA,0,NA,19,NA,"18666","FFToday","16150","FFToday","QB",NA,NA,NA,NA,NA,NA,NA,NA,NA,NA,NA,NA,NA,NA,NA,NA,NA,NA,NA,NA,NA,NA,NA,NA,NA,NA,NA,NA,NA,NA,NA,NA,NA,NA,NA,NA,NA,NA,"BUF",NA,NA,NA,NA,NA,NA,NA,NA,NA,NA,NA,NA,NA,NA,NA,NA,NA,NA,NA,NA,NA,NA,NA,NA,NA
"Bryce Young","QB","CAR",NA,33,21,212,NA,1.4,0.7,NA,3,11,NA,0.1,NA,17.9,NA,"18704","FFToday","16148","FFToday","QB",NA,NA,NA,NA,NA,NA,NA,NA,NA,NA,NA,NA,NA,NA,NA,NA,NA,NA,NA,NA,NA,NA,NA,NA,NA,NA,NA,NA,NA,NA,NA,NA,NA,NA,NA,NA,NA,NA,"CHI",NA,NA,NA,NA,NA,NA,NA,NA,NA,NA,NA,NA,NA,NA,NA,NA,NA,NA,NA,NA,NA,NA,NA,NA,NA
"Aaron Rodgers","QB","PIT",NA,34,22,231,NA,1.4,0.2,NA,1,3,NA,0,NA,17.5,NA,"2480","FFToday","7836","FFToday","QB",NA,NA,NA,NA,NA,NA,NA,NA,NA,NA,NA,NA,NA,NA,NA,NA,NA,NA,NA,NA,NA,NA,NA,NA,NA,NA,NA,NA,NA,NA,NA,NA,NA,NA,NA,NA,NA,NA,"ATL",NA,NA,NA,NA,NA,NA,NA,NA,NA,NA,NA,NA,NA,NA,NA,NA,NA,NA,NA,NA,NA,NA,NA,NA,NA
"Deshaun Watson","QB","CLE",NA,28,17,197,NA,1.1,0.8,NA,7,26,NA,0.1,NA,17.5,NA,"16031","FFToday","13113","FFToday","QB",NA,NA,NA,NA,NA,NA,NA,NA,NA,NA,NA,NA,NA,NA,NA,NA,NA,NA,NA,NA,NA,NA,NA,NA,NA,NA,NA,NA,NA,NA,NA,NA,NA,NA,NA,NA,NA,NA,"JAC",NA,NA,NA,NA,NA,NA,NA,NA,NA,NA,NA,NA,NA,NA,NA,NA,NA,NA,NA,NA,NA,NA,NA,NA,NA
"Kirk Cousins","QB","LV",NA,33,20,229,NA,1.3,0.3,NA,1,1,NA,0,NA,16.8,NA,"12376","FFToday","10700","FFToday","QB",NA,NA,NA,NA,NA,NA,NA,NA,NA,NA,NA,NA,NA,NA,NA,NA,NA,NA,NA,NA,NA,NA,NA,NA,NA,NA,NA,NA,NA,NA,NA,NA,NA,NA,NA,NA,NA,NA,"MIA",NA,NA,NA,NA,NA,NA,NA,NA,NA,NA,NA,NA,NA,NA,NA,NA,NA,NA,NA,NA,NA,NA,NA,NA,NA
"Geno Smith","QB","NYJ",NA,32,21,213,NA,1.3,0.7,NA,3,8,NA,0,NA,16.7,NA,"13362","FFToday","11150","FFToday","QB",NA,NA,NA,NA,NA,NA,NA,NA,NA,NA,NA,NA,NA,NA,NA,NA,NA,NA,NA,NA,NA,NA,NA,NA,NA,NA,NA,NA,NA,NA,NA,NA,NA,NA,NA,NA,NA,NA,"TEN",NA,NA,NA,NA,NA,NA,NA,NA,NA,NA,NA,NA,NA,NA,NA,NA,NA,NA,NA,NA,NA,NA,NA,NA,NA
"Tua Tagovailoa","QB","ATL",NA,32,21,222,NA,1.2,1,NA,1,3,NA,0,NA,16.2,NA,"17221","FFToday","14778","FFToday","QB",NA,NA,NA,NA,NA,NA,NA,NA,NA,NA,NA,NA,NA,NA,NA,NA,NA,NA,NA,NA,NA,NA,NA,NA,NA,NA,NA,NA,NA,NA,NA,NA,NA,NA,NA,NA,NA,NA,"PIT",NA,NA,NA,NA,NA,NA,NA,NA,NA,NA,NA,NA,NA,NA,NA,NA,NA,NA,NA,NA,NA,NA,NA,NA,NA
"Cam Ward","QB","TEN",NA,33,20,210,NA,1,0.4,NA,2,8,NA,0,NA,15.3,NA,"19538","FFToday","17030","FFToday","QB",NA,NA,NA,NA,NA,NA,NA,NA,NA,NA,NA,NA,NA,NA,NA,NA,NA,NA,NA,NA,NA,NA,NA,NA,NA,NA,NA,NA,NA,NA,NA,NA,NA,NA,NA,NA,NA,NA,"NYJ",NA,NA,NA,NA,NA,NA,NA,NA,NA,NA,NA,NA,NA,NA,NA,NA,NA,NA,NA,NA,NA,NA,NA,NA,NA
"Jahmyr Gibbs","RB","DET",NA,NA,NA,NA,NA,NA,NA,NA,20,101,NA,0.9,NA,19.2,NA,"18522","FFToday","16162","FFToday","RB",NA,4,31,NA,NA,0.1,NA,NA,NA,NA,NA,NA,NA,NA,NA,NA,NA,NA,NA,NA,NA,NA,NA,NA,NA,NA,NA,NA,NA,NA,NA,NA,NA,NA,NA,NA,NA,NA,"NO",NA,NA,NA,NA,NA,NA,NA,NA,NA,NA,NA,NA,NA,NA,NA,NA,NA,NA,NA,NA,NA,NA,NA,NA,NA
"Jonathan Taylor","RB","IND",NA,NA,NA,NA,NA,NA,NA,NA,20,98,NA,0.9,NA,17.4,NA,"17224","FFToday","14802","FFToday","RB",NA,3,22,NA,NA,0,NA,NA,NA,NA,NA,NA,NA,NA,NA,NA,NA,NA,NA,NA,NA,NA,NA,NA,NA,NA,NA,NA,NA,NA,NA,NA,NA,NA,NA,NA,NA,NA,"BAL",NA,NA,NA,NA,NA,NA,NA,NA,NA,NA,NA,NA,NA,NA,NA,NA,NA,NA,NA,NA,NA,NA,NA,NA,NA
"Christian McCaffrey","RB","SF",NA,NA,NA,NA,NA,NA,NA,NA,20,84,NA,0.6,NA,16.7,NA,"15950","FFToday","13130","FFToday","RB",NA,4,35,NA,NA,0.2,NA,NA,NA,NA,NA,NA,NA,NA,NA,NA,NA,NA,NA,NA,NA,NA,NA,NA,NA,NA,NA,NA,NA,NA,NA,NA,NA,NA,NA,NA,NA,NA,"LAR",NA,NA,NA,NA,NA,NA,NA,NA,NA,NA,NA,NA,NA,NA,NA,NA,NA,NA,NA,NA,NA,NA,NA,NA,NA
"Kenneth Walker","RB","KC",NA,NA,NA,NA,NA,NA,NA,NA,22,92,NA,0.7,NA,16.2,NA,"18234","FFToday","15711","FFToday","RB",NA,3,22,NA,NA,0.1,NA,NA,NA,NA,NA,NA,NA,NA,NA,NA,NA,NA,NA,NA,NA,NA,NA,NA,NA,NA,NA,NA,NA,NA,NA,NA,NA,NA,NA,NA,NA,NA,"DEN",NA,NA,NA,NA,NA,NA,NA,NA,NA,NA,NA,NA,NA,NA,NA,NA,NA,NA,NA,NA,NA,NA,NA,NA,NA
"Saquon Barkley","RB","PHI",NA,NA,NA,NA,NA,NA,NA,NA,20,88,NA,0.7,NA,15.8,NA,"16319","FFToday","13604","FFToday","RB",NA,3,22,NA,NA,0.1,NA,NA,NA,NA,NA,NA,NA,NA,NA,NA,NA,NA,NA,NA,NA,NA,NA,NA,NA,NA,NA,NA,NA,NA,NA,NA,NA,NA,NA,NA,NA,NA,"WAS",NA,NA,NA,NA,NA,NA,NA,NA,NA,NA,NA,NA,NA,NA,NA,NA,NA,NA,NA,NA,NA,NA,NA,NA,NA
"James Cook","RB","BUF",NA,NA,NA,NA,NA,NA,NA,NA,18,92,NA,0.7,NA,15.2,NA,"18046","FFToday","15715","FFToday","RB",NA,2,18,NA,NA,0,NA,NA,NA,NA,NA,NA,NA,NA,NA,NA,NA,NA,NA,NA,NA,NA,NA,NA,NA,NA,NA,NA,NA,NA,NA,NA,NA,NA,NA,NA,NA,NA,"HOU",NA,NA,NA,NA,NA,NA,NA,NA,NA,NA,NA,NA,NA,NA,NA,NA,NA,NA,NA,NA,NA,NA,NA,NA,NA
"De'Von Achane","RB","MIA",NA,NA,NA,NA,NA,NA,NA,NA,16,82,NA,0.5,NA,15,NA,"18452","FFToday","16167","FFToday","RB",NA,4,26,NA,NA,0.2,NA,NA,NA,NA,NA,NA,NA,NA,NA,NA,NA,NA,NA,NA,NA,NA,NA,NA,NA,NA,NA,NA,NA,NA,NA,NA,NA,NA,NA,NA,NA,NA,"LV",NA,NA,NA,NA,NA,NA,NA,NA,NA,NA,NA,NA,NA,NA,NA,NA,NA,NA,NA,NA,NA,NA,NA,NA,NA
"Bijan Robinson","RB","ATL",NA,NA,NA,NA,NA,NA,NA,NA,16,78,NA,0.4,NA,14.9,NA,"18630","FFToday","16161","FFToday","RB",NA,4,35,NA,NA,0.2,NA,NA,NA,NA,NA,NA,NA,NA,NA,NA,NA,NA,NA,NA,NA,NA,NA,NA,NA,NA,NA,NA,NA,NA,NA,NA,NA,NA,NA,NA,NA,NA,"PIT",NA,NA,NA,NA,NA,NA,NA,NA,NA,NA,NA,NA,NA,NA,NA,NA,NA,NA,NA,NA,NA,NA,NA,NA,NA
"Derrick Henry","RB","BAL",NA,NA,NA,NA,NA,NA,NA,NA,18,88,NA,0.8,NA,14.7,NA,"15602","FFToday","12626","FFToday","RB",NA,1,11,NA,NA,0,NA,NA,NA,NA,NA,NA,NA,NA,NA,NA,NA,NA,NA,NA,NA,NA,NA,NA,NA,NA,NA,NA,NA,NA,NA,NA,NA,NA,NA,NA,NA,NA,"IND",NA,NA,NA,NA,NA,NA,NA,NA,NA,NA,NA,NA,NA,NA,NA,NA,NA,NA,NA,NA,NA,NA,NA,NA,NA
"David Montgomery","RB","HOU",NA,NA,NA,NA,NA,NA,NA,NA,20,86,NA,0.6,NA,14.1,NA,"16658","FFToday","14071","FFToday","RB",NA,3,19,NA,NA,0,NA,NA,NA,NA,NA,NA,NA,NA,NA,NA,NA,NA,NA,NA,NA,NA,NA,NA,NA,NA,NA,NA,NA,NA,NA,NA,NA,NA,NA,NA,NA,NA,"BUF",NA,NA,NA,NA,NA,NA,NA,NA,NA,NA,NA,NA,NA,NA,NA,NA,NA,NA,NA,NA,NA,NA,NA,NA,NA
"Javonte Williams","RB","DAL",NA,NA,NA,NA,NA,NA,NA,NA,18,84,NA,0.7,NA,13.9,NA,"17753","FFToday","15256","FFToday","RB",NA,2,13,NA,NA,0,NA,NA,NA,NA,NA,NA,NA,NA,NA,NA,NA,NA,NA,NA,NA,NA,NA,NA,NA,NA,NA,NA,NA,NA,NA,NA,NA,NA,NA,NA,NA,NA,"NYG",NA,NA,NA,NA,NA,NA,NA,NA,NA,NA,NA,NA,NA,NA,NA,NA,NA,NA,NA,NA,NA,NA,NA,NA,NA
"Omarion Hampton","RB","LAC",NA,NA,NA,NA,NA,NA,NA,NA,18,77,NA,0.5,NA,13.6,NA,"19379","FFToday","17044","FFToday","RB",NA,3,23,NA,NA,0.1,NA,NA,NA,NA,NA,NA,NA,NA,NA,NA,NA,NA,NA,NA,NA,NA,NA,NA,NA,NA,NA,NA,NA,NA,NA,NA,NA,NA,NA,NA,NA,NA,"ARI",NA,NA,NA,NA,NA,NA,NA,NA,NA,NA,NA,NA,NA,NA,NA,NA,NA,NA,NA,NA,NA,NA,NA,NA,NA
"Kyren Williams","RB","LAR",NA,NA,NA,NA,NA,NA,NA,NA,17,78,NA,0.5,NA,13.6,NA,"18245","FFToday","15710","FFToday","RB",NA,3,22,NA,NA,0.1,NA,NA,NA,NA,NA,NA,NA,NA,NA,NA,NA,NA,NA,NA,NA,NA,NA,NA,NA,NA,NA,NA,NA,NA,NA,NA,NA,NA,NA,NA,NA,NA,"SF",NA,NA,NA,NA,NA,NA,NA,NA,NA,NA,NA,NA,NA,NA,NA,NA,NA,NA,NA,NA,NA,NA,NA,NA,NA
"Chase Brown","RB","CIN",NA,NA,NA,NA,NA,NA,NA,NA,17,76,NA,0.4,NA,13.3,NA,"18488","FFToday","16181","FFToday","RB",NA,4,27,NA,NA,0.1,NA,NA,NA,NA,NA,NA,NA,NA,NA,NA,NA,NA,NA,NA,NA,NA,NA,NA,NA,NA,NA,NA,NA,NA,NA,NA,NA,NA,NA,NA,NA,NA,"TB",NA,NA,NA,NA,NA,NA,NA,NA,NA,NA,NA,NA,NA,NA,NA,NA,NA,NA,NA,NA,NA,NA,NA,NA,NA
"D'Andre Swift","RB","CHI",NA,NA,NA,NA,NA,NA,NA,NA,17,78,NA,0.5,NA,12.9,NA,"17220","FFToday","14797","FFToday","RB",NA,3,21,NA,NA,0,NA,NA,NA,NA,NA,NA,NA,NA,NA,NA,NA,NA,NA,NA,NA,NA,NA,NA,NA,NA,NA,NA,NA,NA,NA,NA,NA,NA,NA,NA,NA,NA,"CAR",NA,NA,NA,NA,NA,NA,NA,NA,NA,NA,NA,NA,NA,NA,NA,NA,NA,NA,NA,NA,NA,NA,NA,NA,NA
"Rhamondre Stevenson","RB","NE",NA,NA,NA,NA,NA,NA,NA,NA,17,73,NA,0.4,NA,12.7,NA,"17716","FFToday","15259","FFToday","RB",NA,3,24,NA,NA,0.1,NA,NA,NA,NA,NA,NA,NA,NA,NA,NA,NA,NA,NA,NA,NA,NA,NA,NA,NA,NA,NA,NA,NA,NA,NA,NA,NA,NA,NA,NA,NA,NA,"SEA",NA,NA,NA,NA,NA,NA,NA,NA,NA,NA,NA,NA,NA,NA,NA,NA,NA,NA,NA,NA,NA,NA,NA,NA,NA
"Travis Etienne","RB","NO",NA,NA,NA,NA,NA,NA,NA,NA,18,77,NA,0.5,NA,12.3,NA,"17561","FFToday","15253","FFToday","RB",NA,2,16,NA,NA,0,NA,NA,NA,NA,NA,NA,NA,NA,NA,NA,NA,NA,NA,NA,NA,NA,NA,NA,NA,NA,NA,NA,NA,NA,NA,NA,NA,NA,NA,NA,NA,NA,"DET",NA,NA,NA,NA,NA,NA,NA,NA,NA,NA,NA,NA,NA,NA,NA,NA,NA,NA,NA,NA,NA,NA,NA,NA,NA
"Jeremiyah Love","RB","ARI",NA,NA,NA,NA,NA,NA,NA,NA,16,63,NA,0.4,NA,11.9,NA,"19832","FFToday","17472","FFToday","RB",NA,4,26,NA,NA,0.1,NA,NA,NA,NA,NA,NA,NA,NA,NA,NA,NA,NA,NA,NA,NA,NA,NA,NA,NA,NA,NA,NA,NA,NA,NA,NA,NA,NA,NA,NA,NA,NA,"LAC",NA,NA,NA,NA,NA,NA,NA,NA,NA,NA,NA,NA,NA,NA,NA,NA,NA,NA,NA,NA,NA,NA,NA,NA,NA
"Breece Hall","RB","NYJ",NA,NA,NA,NA,NA,NA,NA,NA,15,68,NA,0.3,NA,11.6,NA,"18087","FFToday","15708","FFToday","RB",NA,3,24,NA,NA,0.1,NA,NA,NA,NA,NA,NA,NA,NA,NA,NA,NA,NA,NA,NA,NA,NA,NA,NA,NA,NA,NA,NA,NA,NA,NA,NA,NA,NA,NA,NA,NA,NA,"TEN",NA,NA,NA,NA,NA,NA,NA,NA,NA,NA,NA,NA,NA,NA,NA,NA,NA,NA,NA,NA,NA,NA,NA,NA,NA
"Mike Washington Jr.","RB","LV",NA,NA,NA,NA,NA,NA,NA,NA,18,73,NA,0.5,NA,11.6,NA,"19896","FFToday","17482","FFToday","RB",NA,2,13,NA,NA,0,NA,NA,NA,NA,NA,NA,NA,NA,NA,NA,NA,NA,NA,NA,NA,NA,NA,NA,NA,NA,NA,NA,NA,NA,NA,NA,NA,NA,NA,NA,NA,NA,"MIA",NA,NA,NA,NA,NA,NA,NA,NA,NA,NA,NA,NA,NA,NA,NA,NA,NA,NA,NA,NA,NA,NA,NA,NA,NA
"Cam Skattebo","RB","NYG",NA,NA,NA,NA,NA,NA,NA,NA,18,72,NA,0.4,NA,11.5,NA,"19506","FFToday","17045","FFToday","RB",NA,2,19,NA,NA,0,NA,NA,NA,NA,NA,NA,NA,NA,NA,NA,NA,NA,NA,NA,NA,NA,NA,NA,NA,NA,NA,NA,NA,NA,NA,NA,NA,NA,NA,NA,NA,NA,"DAL",NA,NA,NA,NA,NA,NA,NA,NA,NA,NA,NA,NA,NA,NA,NA,NA,NA,NA,NA,NA,NA,NA,NA,NA,NA
"Tony Pollard","RB","TEN",NA,NA,NA,NA,NA,NA,NA,NA,15,67,NA,0.4,NA,11,NA,"16676","FFToday","14085","FFToday","RB",NA,3,19,NA,NA,0,NA,NA,NA,NA,NA,NA,NA,NA,NA,NA,NA,NA,NA,NA,NA,NA,NA,NA,NA,NA,NA,NA,NA,NA,NA,NA,NA,NA,NA,NA,NA,NA,"NYJ",NA,NA,NA,NA,NA,NA,NA,NA,NA,NA,NA,NA,NA,NA,NA,NA,NA,NA,NA,NA,NA,NA,NA,NA,NA
"Jaylen Warren","RB","PIT",NA,NA,NA,NA,NA,NA,NA,NA,14,65,NA,0.3,NA,10.7,NA,"18267","FFToday","15742","FFToday","RB",NA,2,18,NA,NA,0.1,NA,NA,NA,NA,NA,NA,NA,NA,NA,NA,NA,NA,NA,NA,NA,NA,NA,NA,NA,NA,NA,NA,NA,NA,NA,NA,NA,NA,NA,NA,NA,NA,"ATL",NA,NA,NA,NA,NA,NA,NA,NA,NA,NA,NA,NA,NA,NA,NA,NA,NA,NA,NA,NA,NA,NA,NA,NA,NA
"MarShawn Lloyd","RB","GB",NA,NA,NA,NA,NA,NA,NA,NA,14,62,NA,0.4,NA,10.3,NA,"19041","FFToday","16604","FFToday","RB",NA,2,17,NA,NA,0,NA,NA,NA,NA,NA,NA,NA,NA,NA,NA,NA,NA,NA,NA,NA,NA,NA,NA,NA,NA,NA,NA,NA,NA,NA,NA,NA,NA,NA,NA,NA,NA,"MIN",NA,NA,NA,NA,NA,NA,NA,NA,NA,NA,NA,NA,NA,NA,NA,NA,NA,NA,NA,NA,NA,NA,NA,NA,NA
"Bhayshul Tuten","RB","JAC",NA,NA,NA,NA,NA,NA,NA,NA,17,68,NA,0.3,NA,10.3,NA,"19531","FFToday","17052","FFToday","RB",NA,2,17,NA,NA,0,NA,NA,NA,NA,NA,NA,NA,NA,NA,NA,NA,NA,NA,NA,NA,NA,NA,NA,NA,NA,NA,NA,NA,NA,NA,NA,NA,NA,NA,NA,NA,NA,"CLE",NA,NA,NA,NA,NA,NA,NA,NA,NA,NA,NA,NA,NA,NA,NA,NA,NA,NA,NA,NA,NA,NA,NA,NA,NA
"Jordan Mason","RB","MIN",NA,NA,NA,NA,NA,NA,NA,NA,15,68,NA,0.4,NA,10.1,NA,"18282","FFToday","15972","FFToday","RB",NA,2,9,NA,NA,0,NA,NA,NA,NA,NA,NA,NA,NA,NA,NA,NA,NA,NA,NA,NA,NA,NA,NA,NA,NA,NA,NA,NA,NA,NA,NA,NA,NA,NA,NA,NA,NA,"GB",NA,NA,NA,NA,NA,NA,NA,NA,NA,NA,NA,NA,NA,NA,NA,NA,NA,NA,NA,NA,NA,NA,NA,NA,NA
"Bucky Irving","RB","TB",NA,NA,NA,NA,NA,NA,NA,NA,16,63,NA,0.3,NA,9.8,NA,"18997","FFToday","16598","FFToday","RB",NA,2,17,NA,NA,0,NA,NA,NA,NA,NA,NA,NA,NA,NA,NA,NA,NA,NA,NA,NA,NA,NA,NA,NA,NA,NA,NA,NA,NA,NA,NA,NA,NA,NA,NA,NA,NA,"CIN",NA,NA,NA,NA,NA,NA,NA,NA,NA,NA,NA,NA,NA,NA,NA,NA,NA,NA,NA,NA,NA,NA,NA,NA,NA
"Jadarian Price","RB","SEA",NA,NA,NA,NA,NA,NA,NA,NA,16,67,NA,0.3,NA,9.6,NA,"19817","FFToday","17473","FFToday","RB",NA,2,11,NA,NA,0,NA,NA,NA,NA,NA,NA,NA,NA,NA,NA,NA,NA,NA,NA,NA,NA,NA,NA,NA,NA,NA,NA,NA,NA,NA,NA,NA,NA,NA,NA,NA,NA,"NE",NA,NA,NA,NA,NA,NA,NA,NA,NA,NA,NA,NA,NA,NA,NA,NA,NA,NA,NA,NA,NA,NA,NA,NA,NA
"J.K. Dobbins","RB","DEN",NA,NA,NA,NA,NA,NA,NA,NA,14,66,NA,0.3,NA,9.5,NA,"17062","FFToday","14800","FFToday","RB",NA,2,11,NA,NA,0,NA,NA,NA,NA,NA,NA,NA,NA,NA,NA,NA,NA,NA,NA,NA,NA,NA,NA,NA,NA,NA,NA,NA,NA,NA,NA,NA,NA,NA,NA,NA,NA,"KC",NA,NA,NA,NA,NA,NA,NA,NA,NA,NA,NA,NA,NA,NA,NA,NA,NA,NA,NA,NA,NA,NA,NA,NA,NA
"Chuba Hubbard","RB","CAR",NA,NA,NA,NA,NA,NA,NA,NA,15,59,NA,0.2,NA,9.2,NA,"17603","FFToday","15261","FFToday","RB",NA,2,15,NA,NA,0.1,NA,NA,NA,NA,NA,NA,NA,NA,NA,NA,NA,NA,NA,NA,NA,NA,NA,NA,NA,NA,NA,NA,NA,NA,NA,NA,NA,NA,NA,NA,NA,NA,"CHI",NA,NA,NA,NA,NA,NA,NA,NA,NA,NA,NA,NA,NA,NA,NA,NA,NA,NA,NA,NA,NA,NA,NA,NA,NA
"Rico Dowdle","RB","PIT",NA,NA,NA,NA,NA,NA,NA,NA,13,58,NA,0.3,NA,9,NA,"17262","FFToday","14823","FFToday","RB",NA,2,14,NA,NA,0,NA,NA,NA,NA,NA,NA,NA,NA,NA,NA,NA,NA,NA,NA,NA,NA,NA,NA,NA,NA,NA,NA,NA,NA,NA,NA,NA,NA,NA,NA,NA,NA,"ATL",NA,NA,NA,NA,NA,NA,NA,NA,NA,NA,NA,NA,NA,NA,NA,NA,NA,NA,NA,NA,NA,NA,NA,NA,NA
"Aaron Jones","RB","MIN",NA,NA,NA,NA,NA,NA,NA,NA,10,42,NA,0.3,NA,8.8,NA,"15916","FFToday","13319","FFToday","RB",NA,3,22,NA,NA,0.1,NA,NA,NA,NA,NA,NA,NA,NA,NA,NA,NA,NA,NA,NA,NA,NA,NA,NA,NA,NA,NA,NA,NA,NA,NA,NA,NA,NA,NA,NA,NA,NA,"GB",NA,NA,NA,NA,NA,NA,NA,NA,NA,NA,NA,NA,NA,NA,NA,NA,NA,NA,NA,NA,NA,NA,NA,NA,NA
"Quinshon Judkins","RB","CLE",NA,NA,NA,NA,NA,NA,NA,NA,16,62,NA,0.3,NA,8.7,NA,"19411","FFToday","17051","FFToday","RB",NA,1,7,NA,NA,0,NA,NA,NA,NA,NA,NA,NA,NA,NA,NA,NA,NA,NA,NA,NA,NA,NA,NA,NA,NA,NA,NA,NA,NA,NA,NA,NA,NA,NA,NA,NA,NA,"JAC",NA,NA,NA,NA,NA,NA,NA,NA,NA,NA,NA,NA,NA,NA,NA,NA,NA,NA,NA,NA,NA,NA,NA,NA,NA
"Rachaad White","RB","WAS",NA,NA,NA,NA,NA,NA,NA,NA,10,41,NA,0.3,NA,8.4,NA,"18240","FFToday","15721","FFToday","RB",NA,3,19,NA,NA,0.1,NA,NA,NA,NA,NA,NA,NA,NA,NA,NA,NA,NA,NA,NA,NA,NA,NA,NA,NA,NA,NA,NA,NA,NA,NA,NA,NA,NA,NA,NA,NA,NA,"PHI",NA,NA,NA,NA,NA,NA,NA,NA,NA,NA,NA,NA,NA,NA,NA,NA,NA,NA,NA,NA,NA,NA,NA,NA,NA
"Jacory Croskey-Merritt","RB","WAS",NA,NA,NA,NA,NA,NA,NA,NA,13,58,NA,0.3,NA,8.3,NA,"19346","FFToday","17256","FFToday","RB",NA,1,7,NA,NA,0,NA,NA,NA,NA,NA,NA,NA,NA,NA,NA,NA,NA,NA,NA,NA,NA,NA,NA,NA,NA,NA,NA,NA,NA,NA,NA,NA,NA,NA,NA,NA,NA,"PHI",NA,NA,NA,NA,NA,NA,NA,NA,NA,NA,NA,NA,NA,NA,NA,NA,NA,NA,NA,NA,NA,NA,NA,NA,NA
"Kenneth Gainwell","RB","TB",NA,NA,NA,NA,NA,NA,NA,NA,9,38,NA,0.2,NA,6.3,NA,"17578","FFToday","15255","FFToday","RB",NA,2,13,NA,NA,0,NA,NA,NA,NA,NA,NA,NA,NA,NA,NA,NA,NA,NA,NA,NA,NA,NA,NA,NA,NA,NA,NA,NA,NA,NA,NA,NA,NA,NA,NA,NA,NA,"CIN",NA,NA,NA,NA,NA,NA,NA,NA,NA,NA,NA,NA,NA,NA,NA,NA,NA,NA,NA,NA,NA,NA,NA,NA,NA
"Chris Rodriguez Jr.","RB","JAC",NA,NA,NA,NA,NA,NA,NA,NA,9,38,NA,0.3,NA,6.2,NA,"18633","FFToday","16174","FFToday","RB",NA,1,6,NA,NA,0,NA,NA,NA,NA,NA,NA,NA,NA,NA,NA,NA,NA,NA,NA,NA,NA,NA,NA,NA,NA,NA,NA,NA,NA,NA,NA,NA,NA,NA,NA,NA,NA,"CLE",NA,NA,NA,NA,NA,NA,NA,NA,NA,NA,NA,NA,NA,NA,NA,NA,NA,NA,NA,NA,NA,NA,NA,NA,NA
"Blake Corum","RB","LAR",NA,NA,NA,NA,NA,NA,NA,NA,9,43,NA,0.2,NA,6.1,NA,"18942","FFToday","16593","FFToday","RB",NA,1,6,NA,NA,0,NA,NA,NA,NA,NA,NA,NA,NA,NA,NA,NA,NA,NA,NA,NA,NA,NA,NA,NA,NA,NA,NA,NA,NA,NA,NA,NA,NA,NA,NA,NA,NA,"SF",NA,NA,NA,NA,NA,NA,NA,NA,NA,NA,NA,NA,NA,NA,NA,NA,NA,NA,NA,NA,NA,NA,NA,NA,NA
"Alvin Kamara","RB","NO",NA,NA,NA,NA,NA,NA,NA,NA,7,28,NA,0.1,NA,5.9,NA,"15924","FFToday","13132","FFToday","RB",NA,3,19,NA,NA,0.1,NA,NA,NA,NA,NA,NA,NA,NA,NA,NA,NA,NA,NA,NA,NA,NA,NA,NA,NA,NA,NA,NA,NA,NA,NA,NA,NA,NA,NA,NA,NA,NA,"DET",NA,NA,NA,NA,NA,NA,NA,NA,NA,NA,NA,NA,NA,NA,NA,NA,NA,NA,NA,NA,NA,NA,NA,NA,NA
"Tyler Allgeier","RB","ARI",NA,NA,NA,NA,NA,NA,NA,NA,8,33,NA,0.2,NA,5.3,NA,"18000","FFToday","15712","FFToday","RB",NA,1,8,NA,NA,0,NA,NA,NA,NA,NA,NA,NA,NA,NA,NA,NA,NA,NA,NA,NA,NA,NA,NA,NA,NA,NA,NA,NA,NA,NA,NA,NA,NA,NA,NA,NA,NA,"LAC",NA,NA,NA,NA,NA,NA,NA,NA,NA,NA,NA,NA,NA,NA,NA,NA,NA,NA,NA,NA,NA,NA,NA,NA,NA
"RJ Harvey","RB","DEN",NA,NA,NA,NA,NA,NA,NA,NA,7,28,NA,0.1,NA,5.3,NA,"19384","FFToday","17068","FFToday","RB",NA,3,19,NA,NA,0,NA,NA,NA,NA,NA,NA,NA,NA,NA,NA,NA,NA,NA,NA,NA,NA,NA,NA,NA,NA,NA,NA,NA,NA,NA,NA,NA,NA,NA,NA,NA,NA,"KC",NA,NA,NA,NA,NA,NA,NA,NA,NA,NA,NA,NA,NA,NA,NA,NA,NA,NA,NA,NA,NA,NA,NA,NA,NA
"Jonathon Brooks","RB","CAR",NA,NA,NA,NA,NA,NA,NA,NA,9,36,NA,0.1,NA,5.1,NA,"18926","FFToday","16597","FFToday","RB",NA,1,9,NA,NA,0,NA,NA,NA,NA,NA,NA,NA,NA,NA,NA,NA,NA,NA,NA,NA,NA,NA,NA,NA,NA,NA,NA,NA,NA,NA,NA,NA,NA,NA,NA,NA,NA,"CHI",NA,NA,NA,NA,NA,NA,NA,NA,NA,NA,NA,NA,NA,NA,NA,NA,NA,NA,NA,NA,NA,NA,NA,NA,NA
"Dylan Sampson","RB","CLE",NA,NA,NA,NA,NA,NA,NA,NA,7,28,NA,0.1,NA,5.1,NA,"19494","FFToday","17047","FFToday","RB",NA,2,17,NA,NA,0,NA,NA,NA,NA,NA,NA,NA,NA,NA,NA,NA,NA,NA,NA,NA,NA,NA,NA,NA,NA,NA,NA,NA,NA,NA,NA,NA,NA,NA,NA,NA,NA,"JAC",NA,NA,NA,NA,NA,NA,NA,NA,NA,NA,NA,NA,NA,NA,NA,NA,NA,NA,NA,NA,NA,NA,NA,NA,NA
"Tyjae Spears","RB","TEN",NA,NA,NA,NA,NA,NA,NA,NA,6,27,NA,0.1,NA,5.1,NA,"18659","FFToday","16165","FFToday","RB",NA,3,18,NA,NA,0,NA,NA,NA,NA,NA,NA,NA,NA,NA,NA,NA,NA,NA,NA,NA,NA,NA,NA,NA,NA,NA,NA,NA,NA,NA,NA,NA,NA,NA,NA,NA,NA,"NYJ",NA,NA,NA,NA,NA,NA,NA,NA,NA,NA,NA,NA,NA,NA,NA,NA,NA,NA,NA,NA,NA,NA,NA,NA,NA
"George Holani","RB","SEA",NA,NA,NA,NA,NA,NA,NA,NA,6,25,NA,0.1,NA,5,NA,"19262","FFToday","16608","FFToday","RB",NA,3,19,NA,NA,0,NA,NA,NA,NA,NA,NA,NA,NA,NA,NA,NA,NA,NA,NA,NA,NA,NA,NA,NA,NA,NA,NA,NA,NA,NA,NA,NA,NA,NA,NA,NA,NA,"NE",NA,NA,NA,NA,NA,NA,NA,NA,NA,NA,NA,NA,NA,NA,NA,NA,NA,NA,NA,NA,NA,NA,NA,NA,NA
"Woody Marks","RB","HOU",NA,NA,NA,NA,NA,NA,NA,NA,7,28,NA,0.1,NA,4.8,NA,"19432","FFToday","17053","FFToday","RB",NA,2,14,NA,NA,0,NA,NA,NA,NA,NA,NA,NA,NA,NA,NA,NA,NA,NA,NA,NA,NA,NA,NA,NA,NA,NA,NA,NA,NA,NA,NA,NA,NA,NA,NA,NA,NA,"BUF",NA,NA,NA,NA,NA,NA,NA,NA,NA,NA,NA,NA,NA,NA,NA,NA,NA,NA,NA,NA,NA,NA,NA,NA,NA
"Chris Brooks","RB","GB",NA,NA,NA,NA,NA,NA,NA,NA,5,18,NA,0,NA,3.4,NA,"18750","FFToday","16387","FFToday","RB",NA,2,16,NA,NA,0,NA,NA,NA,NA,NA,NA,NA,NA,NA,NA,NA,NA,NA,NA,NA,NA,NA,NA,NA,NA,NA,NA,NA,NA,NA,NA,NA,NA,NA,NA,NA,NA,"MIN",NA,NA,NA,NA,NA,NA,NA,NA,NA,NA,NA,NA,NA,NA,NA,NA,NA,NA,NA,NA,NA,NA,NA,NA,NA
"Justice Hill","RB","BAL",NA,NA,NA,NA,NA,NA,NA,NA,4,18,NA,0,NA,3.3,NA,"16598","FFToday","14086","FFToday","RB",NA,2,15,NA,NA,0,NA,NA,NA,NA,NA,NA,NA,NA,NA,NA,NA,NA,NA,NA,NA,NA,NA,NA,NA,NA,NA,NA,NA,NA,NA,NA,NA,NA,NA,NA,NA,NA,"IND",NA,NA,NA,NA,NA,NA,NA,NA,NA,NA,NA,NA,NA,NA,NA,NA,NA,NA,NA,NA,NA,NA,NA,NA,NA
"Samaje Perine","RB","CIN",NA,NA,NA,NA,NA,NA,NA,NA,4,18,NA,0,NA,3.1,NA,"15976","FFToday","13133","FFToday","RB",NA,2,13,NA,NA,0,NA,NA,NA,NA,NA,NA,NA,NA,NA,NA,NA,NA,NA,NA,NA,NA,NA,NA,NA,NA,NA,NA,NA,NA,NA,NA,NA,NA,NA,NA,NA,NA,"TB",NA,NA,NA,NA,NA,NA,NA,NA,NA,NA,NA,NA,NA,NA,NA,NA,NA,NA,NA,NA,NA,NA,NA,NA,NA
"Tyrone Tracy Jr.","RB","NYG",NA,NA,NA,NA,NA,NA,NA,NA,4,16,NA,0,NA,2.7,NA,"19125","FFToday","16747","FFToday","RB",NA,1,11,NA,NA,0,NA,NA,NA,NA,NA,NA,NA,NA,NA,NA,NA,NA,NA,NA,NA,NA,NA,NA,NA,NA,NA,NA,NA,NA,NA,NA,NA,NA,NA,NA,NA,NA,"DAL",NA,NA,NA,NA,NA,NA,NA,NA,NA,NA,NA,NA,NA,NA,NA,NA,NA,NA,NA,NA,NA,NA,NA,NA,NA
"Braelon Allen","RB","NYJ",NA,NA,NA,NA,NA,NA,NA,NA,4,18,NA,0.1,NA,2.4,NA,"18905","FFToday","16596","FFToday","RB",NA,0,0,NA,NA,0,NA,NA,NA,NA,NA,NA,NA,NA,NA,NA,NA,NA,NA,NA,NA,NA,NA,NA,NA,NA,NA,NA,NA,NA,NA,NA,NA,NA,NA,NA,NA,NA,"TEN",NA,NA,NA,NA,NA,NA,NA,NA,NA,NA,NA,NA,NA,NA,NA,NA,NA,NA,NA,NA,NA,NA,NA,NA,NA
"Emmett Johnson","RB","KC",NA,NA,NA,NA,NA,NA,NA,NA,4,18,NA,0,NA,2.4,NA,"19790","FFToday","17474","FFToday","RB",NA,1,6,NA,NA,0,NA,NA,NA,NA,NA,NA,NA,NA,NA,NA,NA,NA,NA,NA,NA,NA,NA,NA,NA,NA,NA,NA,NA,NA,NA,NA,NA,NA,NA,NA,NA,NA,"DEN",NA,NA,NA,NA,NA,NA,NA,NA,NA,NA,NA,NA,NA,NA,NA,NA,NA,NA,NA,NA,NA,NA,NA,NA,NA
"Brian Robinson Jr.","RB","ATL",NA,NA,NA,NA,NA,NA,NA,NA,4,18,NA,0.1,NA,2.4,NA,"18194","FFToday","15716","FFToday","RB",NA,0,0,NA,NA,0,NA,NA,NA,NA,NA,NA,NA,NA,NA,NA,NA,NA,NA,NA,NA,NA,NA,NA,NA,NA,NA,NA,NA,NA,NA,NA,NA,NA,NA,NA,NA,NA,"PIT",NA,NA,NA,NA,NA,NA,NA,NA,NA,NA,NA,NA,NA,NA,NA,NA,NA,NA,NA,NA,NA,NA,NA,NA,NA
"Jacob Saylors","RB","DET",NA,NA,NA,NA,NA,NA,NA,NA,4,15,NA,0,NA,2.3,NA,"19582","FFToday","16850","FFToday","RB",NA,1,8,NA,NA,0,NA,NA,NA,NA,NA,NA,NA,NA,NA,NA,NA,NA,NA,NA,NA,NA,NA,NA,NA,NA,NA,NA,NA,NA,NA,NA,NA,NA,NA,NA,NA,NA,"NO",NA,NA,NA,NA,NA,NA,NA,NA,NA,NA,NA,NA,NA,NA,NA,NA,NA,NA,NA,NA,NA,NA,NA,NA,NA
"Ollie Gordon II","RB","MIA",NA,NA,NA,NA,NA,NA,NA,NA,4,15,NA,0.1,NA,2.1,NA,"19371","FFToday","17059","FFToday","RB",NA,0,0,NA,NA,0,NA,NA,NA,NA,NA,NA,NA,NA,NA,NA,NA,NA,NA,NA,NA,NA,NA,NA,NA,NA,NA,NA,NA,NA,NA,NA,NA,NA,NA,NA,NA,NA,"LV",NA,NA,NA,NA,NA,NA,NA,NA,NA,NA,NA,NA,NA,NA,NA,NA,NA,NA,NA,NA,NA,NA,NA,NA,NA
"Jaylen Wright","RB","MIA",NA,NA,NA,NA,NA,NA,NA,NA,4,15,NA,0.1,NA,2.1,NA,"19155","FFToday","16610","FFToday","RB",NA,0,0,NA,NA,0,NA,NA,NA,NA,NA,NA,NA,NA,NA,NA,NA,NA,NA,NA,NA,NA,NA,NA,NA,NA,NA,NA,NA,NA,NA,NA,NA,NA,NA,NA,NA,NA,"LV",NA,NA,NA,NA,NA,NA,NA,NA,NA,NA,NA,NA,NA,NA,NA,NA,NA,NA,NA,NA,NA,NA,NA,NA,NA
"Malik Davis","RB","DAL",NA,NA,NA,NA,NA,NA,NA,NA,3,14,NA,0,NA,2,NA,"18345","FFToday","15738","FFToday","RB",NA,1,6,NA,NA,0,NA,NA,NA,NA,NA,NA,NA,NA,NA,NA,NA,NA,NA,NA,NA,NA,NA,NA,NA,NA,NA,NA,NA,NA,NA,NA,NA,NA,NA,NA,NA,NA,"NYG",NA,NA,NA,NA,NA,NA,NA,NA,NA,NA,NA,NA,NA,NA,NA,NA,NA,NA,NA,NA,NA,NA,NA,NA,NA
"Sione Vaki","RB","DET",NA,NA,NA,NA,NA,NA,NA,NA,3,13,NA,0,NA,1.9,NA,"19131","FFToday","16678","FFToday","RB",NA,1,6,NA,NA,0,NA,NA,NA,NA,NA,NA,NA,NA,NA,NA,NA,NA,NA,NA,NA,NA,NA,NA,NA,NA,NA,NA,NA,NA,NA,NA,NA,NA,NA,NA,NA,NA,"NO",NA,NA,NA,NA,NA,NA,NA,NA,NA,NA,NA,NA,NA,NA,NA,NA,NA,NA,NA,NA,NA,NA,NA,NA,NA
"Tank Bigsby","RB","PHI",NA,NA,NA,NA,NA,NA,NA,NA,4,18,NA,0,NA,1.8,NA,"18475","FFToday","16164","FFToday","RB",NA,0,0,NA,NA,0,NA,NA,NA,NA,NA,NA,NA,NA,NA,NA,NA,NA,NA,NA,NA,NA,NA,NA,NA,NA,NA,NA,NA,NA,NA,NA,NA,NA,NA,NA,NA,NA,"WAS",NA,NA,NA,NA,NA,NA,NA,NA,NA,NA,NA,NA,NA,NA,NA,NA,NA,NA,NA,NA,NA,NA,NA,NA,NA
"Kaelon Black","RB","SF",NA,NA,NA,NA,NA,NA,NA,NA,4,18,NA,0,NA,1.8,NA,"19849","FFToday","17485","FFToday","RB",NA,0,0,NA,NA,0,NA,NA,NA,NA,NA,NA,NA,NA,NA,NA,NA,NA,NA,NA,NA,NA,NA,NA,NA,NA,NA,NA,NA,NA,NA,NA,NA,NA,NA,NA,NA,NA,"LAR",NA,NA,NA,NA,NA,NA,NA,NA,NA,NA,NA,NA,NA,NA,NA,NA,NA,NA,NA,NA,NA,NA,NA,NA,NA
"Bam Knight","RB","ARI",NA,NA,NA,NA,NA,NA,NA,NA,3,13,NA,0,NA,1.7,NA,"18365","FFToday","15727","FFToday","RB",NA,0,4,NA,NA,0,NA,NA,NA,NA,NA,NA,NA,NA,NA,NA,NA,NA,NA,NA,NA,NA,NA,NA,NA,NA,NA,NA,NA,NA,NA,NA,NA,NA,NA,NA,NA,NA,"LAC",NA,NA,NA,NA,NA,NA,NA,NA,NA,NA,NA,NA,NA,NA,NA,NA,NA,NA,NA,NA,NA,NA,NA,NA,NA
"Kendre Miller","RB","NO",NA,NA,NA,NA,NA,NA,NA,NA,4,17,NA,0,NA,1.7,NA,"18594","FFToday","16171","FFToday","RB",NA,0,0,NA,NA,0,NA,NA,NA,NA,NA,NA,NA,NA,NA,NA,NA,NA,NA,NA,NA,NA,NA,NA,NA,NA,NA,NA,NA,NA,NA,NA,NA,NA,NA,NA,NA,NA,"DET",NA,NA,NA,NA,NA,NA,NA,NA,NA,NA,NA,NA,NA,NA,NA,NA,NA,NA,NA,NA,NA,NA,NA,NA,NA
"Ray Davis","RB","BUF",NA,NA,NA,NA,NA,NA,NA,NA,4,16,NA,0,NA,1.6,NA,"18949","FFToday","16603","FFToday","RB",NA,0,0,NA,NA,0,NA,NA,NA,NA,NA,NA,NA,NA,NA,NA,NA,NA,NA,NA,NA,NA,NA,NA,NA,NA,NA,NA,NA,NA,NA,NA,NA,NA,NA,NA,NA,NA,"HOU",NA,NA,NA,NA,NA,NA,NA,NA,NA,NA,NA,NA,NA,NA,NA,NA,NA,NA,NA,NA,NA,NA,NA,NA,NA
"Kimani Vidal","RB","LAC",NA,NA,NA,NA,NA,NA,NA,NA,4,16,NA,0,NA,1.6,NA,"19135","FFToday","16757","FFToday","RB",NA,0,0,NA,NA,0,NA,NA,NA,NA,NA,NA,NA,NA,NA,NA,NA,NA,NA,NA,NA,NA,NA,NA,NA,NA,NA,NA,NA,NA,NA,NA,NA,NA,NA,NA,NA,NA,"ARI",NA,NA,NA,NA,NA,NA,NA,NA,NA,NA,NA,NA,NA,NA,NA,NA,NA,NA,NA,NA,NA,NA,NA,NA,NA
"Emanuel Wilson","RB","SEA",NA,NA,NA,NA,NA,NA,NA,NA,3,13,NA,0,NA,1.6,NA,"18737","FFToday","16432","FFToday","RB",NA,0,3,NA,NA,0,NA,NA,NA,NA,NA,NA,NA,NA,NA,NA,NA,NA,NA,NA,NA,NA,NA,NA,NA,NA,NA,NA,NA,NA,NA,NA,NA,NA,NA,NA,NA,NA,"NE",NA,NA,NA,NA,NA,NA,NA,NA,NA,NA,NA,NA,NA,NA,NA,NA,NA,NA,NA,NA,NA,NA,NA,NA,NA
"Jonah Coleman","RB","DEN",NA,NA,NA,NA,NA,NA,NA,NA,3,11,NA,0,NA,1.1,NA,"19836","FFToday","17477","FFToday","RB",NA,0,0,NA,NA,0,NA,NA,NA,NA,NA,NA,NA,NA,NA,NA,NA,NA,NA,NA,NA,NA,NA,NA,NA,NA,NA,NA,NA,NA,NA,NA,NA,NA,NA,NA,NA,NA,"KC",NA,NA,NA,NA,NA,NA,NA,NA,NA,NA,NA,NA,NA,NA,NA,NA,NA,NA,NA,NA,NA,NA,NA,NA,NA
"Roschon Johnson","RB","CHI",NA,NA,NA,NA,NA,NA,NA,NA,3,11,NA,0,NA,1.1,NA,"18559","FFToday","16175","FFToday","RB",NA,0,0,NA,NA,0,NA,NA,NA,NA,NA,NA,NA,NA,NA,NA,NA,NA,NA,NA,NA,NA,NA,NA,NA,NA,NA,NA,NA,NA,NA,NA,NA,NA,NA,NA,NA,NA,"CAR",NA,NA,NA,NA,NA,NA,NA,NA,NA,NA,NA,NA,NA,NA,NA,NA,NA,NA,NA,NA,NA,NA,NA,NA,NA
"Kyle Juszczyk","RB","SF",NA,NA,NA,NA,NA,NA,NA,NA,2,6,NA,0,NA,1.1,NA,"13213","FFToday","11367","FFToday","RB",NA,1,5,NA,NA,0,NA,NA,NA,NA,NA,NA,NA,NA,NA,NA,NA,NA,NA,NA,NA,NA,NA,NA,NA,NA,NA,NA,NA,NA,NA,NA,NA,NA,NA,NA,NA,NA,"LAR",NA,NA,NA,NA,NA,NA,NA,NA,NA,NA,NA,NA,NA,NA,NA,NA,NA,NA,NA,NA,NA,NA,NA,NA,NA
"Ashton Jeanty","RB","LV",NA,NA,NA,NA,NA,NA,NA,NA,2,10,NA,0,NA,1,NA,"19405","FFToday","17042","FFToday","RB",NA,0,0,NA,NA,0,NA,NA,NA,NA,NA,NA,NA,NA,NA,NA,NA,NA,NA,NA,NA,NA,NA,NA,NA,NA,NA,NA,NA,NA,NA,NA,NA,NA,NA,NA,NA,NA,"MIA",NA,NA,NA,NA,NA,NA,NA,NA,NA,NA,NA,NA,NA,NA,NA,NA,NA,NA,NA,NA,NA,NA,NA,NA,NA
"Keaton Mitchell","RB","LAC",NA,NA,NA,NA,NA,NA,NA,NA,2,10,NA,0,NA,1,NA,"18710","FFToday","16178","FFToday","RB",NA,0,0,NA,NA,0,NA,NA,NA,NA,NA,NA,NA,NA,NA,NA,NA,NA,NA,NA,NA,NA,NA,NA,NA,NA,NA,NA,NA,NA,NA,NA,NA,NA,NA,NA,NA,NA,"ARI",NA,NA,NA,NA,NA,NA,NA,NA,NA,NA,NA,NA,NA,NA,NA,NA,NA,NA,NA,NA,NA,NA,NA,NA,NA
"Kyle Monangai","RB","CHI",NA,NA,NA,NA,NA,NA,NA,NA,2,10,NA,0,NA,1,NA,"19453","FFToday","17066","FFToday","RB",NA,0,0,NA,NA,0,NA,NA,NA,NA,NA,NA,NA,NA,NA,NA,NA,NA,NA,NA,NA,NA,NA,NA,NA,NA,NA,NA,NA,NA,NA,NA,NA,NA,NA,NA,NA,NA,"CAR",NA,NA,NA,NA,NA,NA,NA,NA,NA,NA,NA,NA,NA,NA,NA,NA,NA,NA,NA,NA,NA,NA,NA,NA,NA
"Ja'Marr Chase","WR","CIN",NA,NA,NA,NA,NA,NA,NA,NA,0,0,NA,0,NA,15,NA,"17533","FFToday","15281","FFToday","WR",NA,8,102,NA,NA,0.8,NA,NA,NA,NA,NA,NA,NA,NA,NA,NA,NA,NA,NA,NA,NA,NA,NA,NA,NA,NA,NA,NA,NA,NA,NA,NA,NA,NA,NA,NA,NA,NA,"TB",NA,NA,NA,NA,NA,NA,NA,NA,NA,NA,NA,NA,NA,NA,NA,NA,NA,NA,NA,NA,NA,NA,NA,NA,NA
"Puka Nacua","WR","LAR",NA,NA,NA,NA,NA,NA,NA,NA,0,0,NA,0,NA,13.6,NA,"18605","FFToday","16211","FFToday","WR",NA,7,94,NA,NA,0.7,NA,NA,NA,NA,NA,NA,NA,NA,NA,NA,NA,NA,NA,NA,NA,NA,NA,NA,NA,NA,NA,NA,NA,NA,NA,NA,NA,NA,NA,NA,NA,NA,"SF",NA,NA,NA,NA,NA,NA,NA,NA,NA,NA,NA,NA,NA,NA,NA,NA,NA,NA,NA,NA,NA,NA,NA,NA,NA
"Justin Jefferson","WR","MIN",NA,NA,NA,NA,NA,NA,NA,NA,0,0,NA,0,NA,13.5,NA,"17123","FFToday","14836","FFToday","WR",NA,7,93,NA,NA,0.7,NA,NA,NA,NA,NA,NA,NA,NA,NA,NA,NA,NA,NA,NA,NA,NA,NA,NA,NA,NA,NA,NA,NA,NA,NA,NA,NA,NA,NA,NA,NA,NA,"GB",NA,NA,NA,NA,NA,NA,NA,NA,NA,NA,NA,NA,NA,NA,NA,NA,NA,NA,NA,NA,NA,NA,NA,NA,NA
"Amon-Ra St. Brown","WR","DET",NA,NA,NA,NA,NA,NA,NA,NA,0,0,NA,0,NA,13.5,NA,"17712","FFToday","15287","FFToday","WR",NA,9,99,NA,NA,0.6,NA,NA,NA,NA,NA,NA,NA,NA,NA,NA,NA,NA,NA,NA,NA,NA,NA,NA,NA,NA,NA,NA,NA,NA,NA,NA,NA,NA,NA,NA,NA,NA,"NO",NA,NA,NA,NA,NA,NA,NA,NA,NA,NA,NA,NA,NA,NA,NA,NA,NA,NA,NA,NA,NA,NA,NA,NA,NA
"Jaxon Smith-Njigba","WR","SEA",NA,NA,NA,NA,NA,NA,NA,NA,0,0,NA,0,NA,13.4,NA,"18656","FFToday","16185","FFToday","WR",NA,6,92,NA,NA,0.7,NA,NA,NA,NA,NA,NA,NA,NA,NA,NA,NA,NA,NA,NA,NA,NA,NA,NA,NA,NA,NA,NA,NA,NA,NA,NA,NA,NA,NA,NA,NA,NA,"NE",NA,NA,NA,NA,NA,NA,NA,NA,NA,NA,NA,NA,NA,NA,NA,NA,NA,NA,NA,NA,NA,NA,NA,NA,NA
"CeeDee Lamb","WR","DAL",NA,NA,NA,NA,NA,NA,NA,NA,0,0,NA,0,NA,12.9,NA,"17141","FFToday","14832","FFToday","WR",NA,7,93,NA,NA,0.6,NA,NA,NA,NA,NA,NA,NA,NA,NA,NA,NA,NA,NA,NA,NA,NA,NA,NA,NA,NA,NA,NA,NA,NA,NA,NA,NA,NA,NA,NA,NA,NA,"NYG",NA,NA,NA,NA,NA,NA,NA,NA,NA,NA,NA,NA,NA,NA,NA,NA,NA,NA,NA,NA,NA,NA,NA,NA,NA
"A.J. Brown","WR","NE",NA,NA,NA,NA,NA,NA,NA,NA,0,0,NA,0,NA,11.8,NA,"16527","FFToday","14104","FFToday","WR",NA,6,82,NA,NA,0.6,NA,NA,NA,NA,NA,NA,NA,NA,NA,NA,NA,NA,NA,NA,NA,NA,NA,NA,NA,NA,NA,NA,NA,NA,NA,NA,NA,NA,NA,NA,NA,NA,"SEA",NA,NA,NA,NA,NA,NA,NA,NA,NA,NA,NA,NA,NA,NA,NA,NA,NA,NA,NA,NA,NA,NA,NA,NA,NA
"Nico Collins","WR","HOU",NA,NA,NA,NA,NA,NA,NA,NA,0,0,NA,0,NA,11.6,NA,"17540","FFToday","15290","FFToday","WR",NA,6,86,NA,NA,0.5,NA,NA,NA,NA,NA,NA,NA,NA,NA,NA,NA,NA,NA,NA,NA,NA,NA,NA,NA,NA,NA,NA,NA,NA,NA,NA,NA,NA,NA,NA,NA,NA,"BUF",NA,NA,NA,NA,NA,NA,NA,NA,NA,NA,NA,NA,NA,NA,NA,NA,NA,NA,NA,NA,NA,NA,NA,NA,NA
"George Pickens","WR","DAL",NA,NA,NA,NA,NA,NA,NA,NA,0,0,NA,0,NA,11.6,NA,"18179","FFToday","15762","FFToday","WR",NA,5,80,NA,NA,0.6,NA,NA,NA,NA,NA,NA,NA,NA,NA,NA,NA,NA,NA,NA,NA,NA,NA,NA,NA,NA,NA,NA,NA,NA,NA,NA,NA,NA,NA,NA,NA,NA,"NYG",NA,NA,NA,NA,NA,NA,NA,NA,NA,NA,NA,NA,NA,NA,NA,NA,NA,NA,NA,NA,NA,NA,NA,NA,NA
"Christian Watson","WR","GB",NA,NA,NA,NA,NA,NA,NA,NA,0,0,NA,0,NA,11.6,NA,"18237","FFToday","15789","FFToday","WR",NA,6,86,NA,NA,0.5,NA,NA,NA,NA,NA,NA,NA,NA,NA,NA,NA,NA,NA,NA,NA,NA,NA,NA,NA,NA,NA,NA,NA,NA,NA,NA,NA,NA,NA,NA,NA,NA,"MIN",NA,NA,NA,NA,NA,NA,NA,NA,NA,NA,NA,NA,NA,NA,NA,NA,NA,NA,NA,NA,NA,NA,NA,NA,NA
"DeVonta Smith","WR","PHI",NA,NA,NA,NA,NA,NA,NA,NA,0,0,NA,0,NA,11.3,NA,"17708","FFToday","15282","FFToday","WR",NA,6,83,NA,NA,0.5,NA,NA,NA,NA,NA,NA,NA,NA,NA,NA,NA,NA,NA,NA,NA,NA,NA,NA,NA,NA,NA,NA,NA,NA,NA,NA,NA,NA,NA,NA,NA,NA,"WAS",NA,NA,NA,NA,NA,NA,NA,NA,NA,NA,NA,NA,NA,NA,NA,NA,NA,NA,NA,NA,NA,NA,NA,NA,NA
"Chris Olave","WR","NO",NA,NA,NA,NA,NA,NA,NA,NA,0,0,NA,0,NA,11.1,NA,"18169","FFToday","15754","FFToday","WR",NA,7,81,NA,NA,0.5,NA,NA,NA,NA,NA,NA,NA,NA,NA,NA,NA,NA,NA,NA,NA,NA,NA,NA,NA,NA,NA,NA,NA,NA,NA,NA,NA,NA,NA,NA,NA,NA,"DET",NA,NA,NA,NA,NA,NA,NA,NA,NA,NA,NA,NA,NA,NA,NA,NA,NA,NA,NA,NA,NA,NA,NA,NA,NA
"Davante Adams","WR","LAR",NA,NA,NA,NA,NA,NA,NA,NA,0,0,NA,0,NA,11,NA,"14102","FFToday","11675","FFToday","WR",NA,5,68,NA,NA,0.7,NA,NA,NA,NA,NA,NA,NA,NA,NA,NA,NA,NA,NA,NA,NA,NA,NA,NA,NA,NA,NA,NA,NA,NA,NA,NA,NA,NA,NA,NA,NA,NA,"SF",NA,NA,NA,NA,NA,NA,NA,NA,NA,NA,NA,NA,NA,NA,NA,NA,NA,NA,NA,NA,NA,NA,NA,NA,NA
"Tee Higgins","WR","CIN",NA,NA,NA,NA,NA,NA,NA,NA,0,0,NA,0,NA,10.9,NA,"17104","FFToday","14835","FFToday","WR",NA,5,73,NA,NA,0.6,NA,NA,NA,NA,NA,NA,NA,NA,NA,NA,NA,NA,NA,NA,NA,NA,NA,NA,NA,NA,NA,NA,NA,NA,NA,NA,NA,NA,NA,NA,NA,NA,"TB",NA,NA,NA,NA,NA,NA,NA,NA,NA,NA,NA,NA,NA,NA,NA,NA,NA,NA,NA,NA,NA,NA,NA,NA,NA
"Garrett Wilson","WR","NYJ",NA,NA,NA,NA,NA,NA,NA,NA,0,0,NA,0,NA,10.6,NA,"18248","FFToday","15753","FFToday","WR",NA,7,76,NA,NA,0.5,NA,NA,NA,NA,NA,NA,NA,NA,NA,NA,NA,NA,NA,NA,NA,NA,NA,NA,NA,NA,NA,NA,NA,NA,NA,NA,NA,NA,NA,NA,NA,NA,"TEN",NA,NA,NA,NA,NA,NA,NA,NA,NA,NA,NA,NA,NA,NA,NA,NA,NA,NA,NA,NA,NA,NA,NA,NA,NA
"Mike Evans","WR","SF",NA,NA,NA,NA,NA,NA,NA,NA,0,0,NA,0,NA,10.3,NA,"14172","FFToday","11671","FFToday","WR",NA,5,73,NA,NA,0.5,NA,NA,NA,NA,NA,NA,NA,NA,NA,NA,NA,NA,NA,NA,NA,NA,NA,NA,NA,NA,NA,NA,NA,NA,NA,NA,NA,NA,NA,NA,NA,NA,"LAR",NA,NA,NA,NA,NA,NA,NA,NA,NA,NA,NA,NA,NA,NA,NA,NA,NA,NA,NA,NA,NA,NA,NA,NA,NA
"Rashee Rice","WR","KC",NA,NA,NA,NA,NA,NA,NA,NA,0,0,NA,0,NA,10.2,NA,"18624","FFToday","16194","FFToday","WR",NA,6,72,NA,NA,0.5,NA,NA,NA,NA,NA,NA,NA,NA,NA,NA,NA,NA,NA,NA,NA,NA,NA,NA,NA,NA,NA,NA,NA,NA,NA,NA,NA,NA,NA,NA,NA,NA,"DEN",NA,NA,NA,NA,NA,NA,NA,NA,NA,NA,NA,NA,NA,NA,NA,NA,NA,NA,NA,NA,NA,NA,NA,NA,NA
"Zay Flowers","WR","BAL",NA,NA,NA,NA,NA,NA,NA,NA,0,0,NA,0,NA,9.8,NA,"18516","FFToday","16190","FFToday","WR",NA,5,74,NA,NA,0.4,NA,NA,NA,NA,NA,NA,NA,NA,NA,NA,NA,NA,NA,NA,NA,NA,NA,NA,NA,NA,NA,NA,NA,NA,NA,NA,NA,NA,NA,NA,NA,NA,"IND",NA,NA,NA,NA,NA,NA,NA,NA,NA,NA,NA,NA,NA,NA,NA,NA,NA,NA,NA,NA,NA,NA,NA,NA,NA
"Chris Godwin","WR","TB",NA,NA,NA,NA,NA,NA,NA,NA,0,0,NA,0,NA,9.8,NA,"15881","FFToday","13163","FFToday","WR",NA,6,74,NA,NA,0.4,NA,NA,NA,NA,NA,NA,NA,NA,NA,NA,NA,NA,NA,NA,NA,NA,NA,NA,NA,NA,NA,NA,NA,NA,NA,NA,NA,NA,NA,NA,NA,NA,"CIN",NA,NA,NA,NA,NA,NA,NA,NA,NA,NA,NA,NA,NA,NA,NA,NA,NA,NA,NA,NA,NA,NA,NA,NA,NA
"Quentin Johnston","WR","LAC",NA,NA,NA,NA,NA,NA,NA,NA,0,0,NA,0,NA,9.8,NA,"18561","FFToday","16188","FFToday","WR",NA,5,68,NA,NA,0.5,NA,NA,NA,NA,NA,NA,NA,NA,NA,NA,NA,NA,NA,NA,NA,NA,NA,NA,NA,NA,NA,NA,NA,NA,NA,NA,NA,NA,NA,NA,NA,NA,"ARI",NA,NA,NA,NA,NA,NA,NA,NA,NA,NA,NA,NA,NA,NA,NA,NA,NA,NA,NA,NA,NA,NA,NA,NA,NA
"Ladd McConkey","WR","LAC",NA,NA,NA,NA,NA,NA,NA,NA,0,0,NA,0,NA,9.8,NA,"19050","FFToday","16627","FFToday","WR",NA,6,74,NA,NA,0.4,NA,NA,NA,NA,NA,NA,NA,NA,NA,NA,NA,NA,NA,NA,NA,NA,NA,NA,NA,NA,NA,NA,NA,NA,NA,NA,NA,NA,NA,NA,NA,NA,"ARI",NA,NA,NA,NA,NA,NA,NA,NA,NA,NA,NA,NA,NA,NA,NA,NA,NA,NA,NA,NA,NA,NA,NA,NA,NA
"Terry McLaurin","WR","WAS",NA,NA,NA,NA,NA,NA,NA,NA,0,0,NA,0,NA,9.8,NA,"16648","FFToday","14109","FFToday","WR",NA,5,74,NA,NA,0.4,NA,NA,NA,NA,NA,NA,NA,NA,NA,NA,NA,NA,NA,NA,NA,NA,NA,NA,NA,NA,NA,NA,NA,NA,NA,NA,NA,NA,NA,NA,NA,NA,"PHI",NA,NA,NA,NA,NA,NA,NA,NA,NA,NA,NA,NA,NA,NA,NA,NA,NA,NA,NA,NA,NA,NA,NA,NA,NA
"D.J. Moore","WR","BUF",NA,NA,NA,NA,NA,NA,NA,NA,0,0,NA,0,NA,9.7,NA,"16146","FFToday","13635","FFToday","WR",NA,5,67,NA,NA,0.5,NA,NA,NA,NA,NA,NA,NA,NA,NA,NA,NA,NA,NA,NA,NA,NA,NA,NA,NA,NA,NA,NA,NA,NA,NA,NA,NA,NA,NA,NA,NA,NA,"HOU",NA,NA,NA,NA,NA,NA,NA,NA,NA,NA,NA,NA,NA,NA,NA,NA,NA,NA,NA,NA,NA,NA,NA,NA,NA
"Jaylen Waddle","WR","DEN",NA,NA,NA,NA,NA,NA,NA,NA,0,0,NA,0,NA,9.7,NA,"17740","FFToday","15284","FFToday","WR",NA,5,73,NA,NA,0.4,NA,NA,NA,NA,NA,NA,NA,NA,NA,NA,NA,NA,NA,NA,NA,NA,NA,NA,NA,NA,NA,NA,NA,NA,NA,NA,NA,NA,NA,NA,NA,NA,"KC",NA,NA,NA,NA,NA,NA,NA,NA,NA,NA,NA,NA,NA,NA,NA,NA,NA,NA,NA,NA,NA,NA,NA,NA,NA
"Drake London","WR","ATL",NA,NA,NA,NA,NA,NA,NA,NA,0,0,NA,0,NA,9.5,NA,"18137","FFToday","15751","FFToday","WR",NA,5,71,NA,NA,0.4,NA,NA,NA,NA,NA,NA,NA,NA,NA,NA,NA,NA,NA,NA,NA,NA,NA,NA,NA,NA,NA,NA,NA,NA,NA,NA,NA,NA,NA,NA,NA,NA,"PIT",NA,NA,NA,NA,NA,NA,NA,NA,NA,NA,NA,NA,NA,NA,NA,NA,NA,NA,NA,NA,NA,NA,NA,NA,NA
"Tetairoa McMillan","WR","CAR",NA,NA,NA,NA,NA,NA,NA,NA,0,0,NA,0,NA,9.5,NA,"19441","FFToday","17071","FFToday","WR",NA,5,71,NA,NA,0.4,NA,NA,NA,NA,NA,NA,NA,NA,NA,NA,NA,NA,NA,NA,NA,NA,NA,NA,NA,NA,NA,NA,NA,NA,NA,NA,NA,NA,NA,NA,NA,NA,"CHI",NA,NA,NA,NA,NA,NA,NA,NA,NA,NA,NA,NA,NA,NA,NA,NA,NA,NA,NA,NA,NA,NA,NA,NA,NA
"Jameson Williams","WR","DET",NA,NA,NA,NA,NA,NA,NA,NA,0,0,NA,0,NA,9.5,NA,"18242","FFToday","15756","FFToday","WR",NA,4,65,NA,NA,0.5,NA,NA,NA,NA,NA,NA,NA,NA,NA,NA,NA,NA,NA,NA,NA,NA,NA,NA,NA,NA,NA,NA,NA,NA,NA,NA,NA,NA,NA,NA,NA,NA,"NO",NA,NA,NA,NA,NA,NA,NA,NA,NA,NA,NA,NA,NA,NA,NA,NA,NA,NA,NA,NA,NA,NA,NA,NA,NA
"Rome Odunze","WR","CHI",NA,NA,NA,NA,NA,NA,NA,NA,0,0,NA,0,NA,9.2,NA,"19074","FFToday","16616","FFToday","WR",NA,5,68,NA,NA,0.4,NA,NA,NA,NA,NA,NA,NA,NA,NA,NA,NA,NA,NA,NA,NA,NA,NA,NA,NA,NA,NA,NA,NA,NA,NA,NA,NA,NA,NA,NA,NA,NA,"CAR",NA,NA,NA,NA,NA,NA,NA,NA,NA,NA,NA,NA,NA,NA,NA,NA,NA,NA,NA,NA,NA,NA,NA,NA,NA
"Jayden Reed","WR","GB",NA,NA,NA,NA,NA,NA,NA,NA,0,0,NA,0,NA,9.2,NA,"18622","FFToday","16184","FFToday","WR",NA,6,68,NA,NA,0.4,NA,NA,NA,NA,NA,NA,NA,NA,NA,NA,NA,NA,NA,NA,NA,NA,NA,NA,NA,NA,NA,NA,NA,NA,NA,NA,NA,NA,NA,NA,NA,NA,"MIN",NA,NA,NA,NA,NA,NA,NA,NA,NA,NA,NA,NA,NA,NA,NA,NA,NA,NA,NA,NA,NA,NA,NA,NA,NA
"Luther Burden III","WR","CHI",NA,NA,NA,NA,NA,NA,NA,NA,0,0,NA,0,NA,9,NA,"19331","FFToday","17070","FFToday","WR",NA,5,66,NA,NA,0.4,NA,NA,NA,NA,NA,NA,NA,NA,NA,NA,NA,NA,NA,NA,NA,NA,NA,NA,NA,NA,NA,NA,NA,NA,NA,NA,NA,NA,NA,NA,NA,NA,"CAR",NA,NA,NA,NA,NA,NA,NA,NA,NA,NA,NA,NA,NA,NA,NA,NA,NA,NA,NA,NA,NA,NA,NA,NA,NA
"DK Metcalf","WR","PIT",NA,NA,NA,NA,NA,NA,NA,NA,0,0,NA,0,NA,9,NA,"16650","FFToday","14102","FFToday","WR",NA,5,66,NA,NA,0.4,NA,NA,NA,NA,NA,NA,NA,NA,NA,NA,NA,NA,NA,NA,NA,NA,NA,NA,NA,NA,NA,NA,NA,NA,NA,NA,NA,NA,NA,NA,NA,NA,"ATL",NA,NA,NA,NA,NA,NA,NA,NA,NA,NA,NA,NA,NA,NA,NA,NA,NA,NA,NA,NA,NA,NA,NA,NA,NA
"Emeka Egbuka","WR","TB",NA,NA,NA,NA,NA,NA,NA,NA,0,0,NA,0,NA,8.7,NA,"19351","FFToday","17081","FFToday","WR",NA,5,63,NA,NA,0.4,NA,NA,NA,NA,NA,NA,NA,NA,NA,NA,NA,NA,NA,NA,NA,NA,NA,NA,NA,NA,NA,NA,NA,NA,NA,NA,NA,NA,NA,NA,NA,NA,"CIN",NA,NA,NA,NA,NA,NA,NA,NA,NA,NA,NA,NA,NA,NA,NA,NA,NA,NA,NA,NA,NA,NA,NA,NA,NA
"Malik Nabers","WR","NYG",NA,NA,NA,NA,NA,NA,NA,NA,0,0,NA,0,NA,8.6,NA,"19068","FFToday","16615","FFToday","WR",NA,5,68,NA,NA,0.3,NA,NA,NA,NA,NA,NA,NA,NA,NA,NA,NA,NA,NA,NA,NA,NA,NA,NA,NA,NA,NA,NA,NA,NA,NA,NA,NA,NA,NA,NA,NA,NA,"DAL",NA,NA,NA,NA,NA,NA,NA,NA,NA,NA,NA,NA,NA,NA,NA,NA,NA,NA,NA,NA,NA,NA,NA,NA,NA
"Parker Washington","WR","JAC",NA,NA,NA,NA,NA,NA,NA,NA,0,0,NA,0,NA,8.6,NA,"18688","FFToday","16192","FFToday","WR",NA,5,68,NA,NA,0.3,NA,NA,NA,NA,NA,NA,NA,NA,NA,NA,NA,NA,NA,NA,NA,NA,NA,NA,NA,NA,NA,NA,NA,NA,NA,NA,NA,NA,NA,NA,NA,NA,"CLE",NA,NA,NA,NA,NA,NA,NA,NA,NA,NA,NA,NA,NA,NA,NA,NA,NA,NA,NA,NA,NA,NA,NA,NA,NA
"Brian Thomas Jr.","WR","JAC",NA,NA,NA,NA,NA,NA,NA,NA,0,0,NA,0,NA,8.2,NA,"19123","FFToday","16618","FFToday","WR",NA,4,64,NA,NA,0.3,NA,NA,NA,NA,NA,NA,NA,NA,NA,NA,NA,NA,NA,NA,NA,NA,NA,NA,NA,NA,NA,NA,NA,NA,NA,NA,NA,NA,NA,NA,NA,NA,"CLE",NA,NA,NA,NA,NA,NA,NA,NA,NA,NA,NA,NA,NA,NA,NA,NA,NA,NA,NA,NA,NA,NA,NA,NA,NA
"Marvin Harrison Jr.","WR","ARI",NA,NA,NA,NA,NA,NA,NA,NA,0,0,NA,0,NA,8.1,NA,"18989","FFToday","16614","FFToday","WR",NA,4,63,NA,NA,0.3,NA,NA,NA,NA,NA,NA,NA,NA,NA,NA,NA,NA,NA,NA,NA,NA,NA,NA,NA,NA,NA,NA,NA,NA,NA,NA,NA,NA,NA,NA,NA,NA,"LAC",NA,NA,NA,NA,NA,NA,NA,NA,NA,NA,NA,NA,NA,NA,NA,NA,NA,NA,NA,NA,NA,NA,NA,NA,NA
"Carnell Tate","WR","TEN",NA,NA,NA,NA,NA,NA,NA,NA,0,0,NA,0,NA,8,NA,"19739","FFToday","17497","FFToday","WR",NA,5,62,NA,NA,0.3,NA,NA,NA,NA,NA,NA,NA,NA,NA,NA,NA,NA,NA,NA,NA,NA,NA,NA,NA,NA,NA,NA,NA,NA,NA,NA,NA,NA,NA,NA,NA,NA,"NYJ",NA,NA,NA,NA,NA,NA,NA,NA,NA,NA,NA,NA,NA,NA,NA,NA,NA,NA,NA,NA,NA,NA,NA,NA,NA
"Michael Wilson","WR","ARI",NA,NA,NA,NA,NA,NA,NA,NA,0,0,NA,0,NA,8,NA,"18696","FFToday","16206","FFToday","WR",NA,5,62,NA,NA,0.3,NA,NA,NA,NA,NA,NA,NA,NA,NA,NA,NA,NA,NA,NA,NA,NA,NA,NA,NA,NA,NA,NA,NA,NA,NA,NA,NA,NA,NA,NA,NA,NA,"LAC",NA,NA,NA,NA,NA,NA,NA,NA,NA,NA,NA,NA,NA,NA,NA,NA,NA,NA,NA,NA,NA,NA,NA,NA,NA
"Stefon Diggs","WR","WAS",NA,NA,NA,NA,NA,NA,NA,NA,0,0,NA,0,NA,7.7,NA,"15156","FFToday","12186","FFToday","WR",NA,5,59,NA,NA,0.3,NA,NA,NA,NA,NA,NA,NA,NA,NA,NA,NA,NA,NA,NA,NA,NA,NA,NA,NA,NA,NA,NA,NA,NA,NA,NA,NA,NA,NA,NA,NA,NA,"PHI",NA,NA,NA,NA,NA,NA,NA,NA,NA,NA,NA,NA,NA,NA,NA,NA,NA,NA,NA,NA,NA,NA,NA,NA,NA
"Courtland Sutton","WR","DEN",NA,NA,NA,NA,NA,NA,NA,NA,0,0,NA,0,NA,7.7,NA,"16144","FFToday","13630","FFToday","WR",NA,4,59,NA,NA,0.3,NA,NA,NA,NA,NA,NA,NA,NA,NA,NA,NA,NA,NA,NA,NA,NA,NA,NA,NA,NA,NA,NA,NA,NA,NA,NA,NA,NA,NA,NA,NA,NA,"KC",NA,NA,NA,NA,NA,NA,NA,NA,NA,NA,NA,NA,NA,NA,NA,NA,NA,NA,NA,NA,NA,NA,NA,NA,NA
"Josh Downs","WR","IND",NA,NA,NA,NA,NA,NA,NA,NA,0,0,NA,0,NA,7.6,NA,"18508","FFToday","16187","FFToday","WR",NA,6,58,NA,NA,0.3,NA,NA,NA,NA,NA,NA,NA,NA,NA,NA,NA,NA,NA,NA,NA,NA,NA,NA,NA,NA,NA,NA,NA,NA,NA,NA,NA,NA,NA,NA,NA,NA,"BAL",NA,NA,NA,NA,NA,NA,NA,NA,NA,NA,NA,NA,NA,NA,NA,NA,NA,NA,NA,NA,NA,NA,NA,NA,NA
"Jakobi Meyers","WR","JAC",NA,NA,NA,NA,NA,NA,NA,NA,0,0,NA,0,NA,7.5,NA,"16762","FFToday","14127","FFToday","WR",NA,5,57,NA,NA,0.3,NA,NA,NA,NA,NA,NA,NA,NA,NA,NA,NA,NA,NA,NA,NA,NA,NA,NA,NA,NA,NA,NA,NA,NA,NA,NA,NA,NA,NA,NA,NA,NA,"CLE",NA,NA,NA,NA,NA,NA,NA,NA,NA,NA,NA,NA,NA,NA,NA,NA,NA,NA,NA,NA,NA,NA,NA,NA,NA
"Khalil Shakir","WR","BUF",NA,NA,NA,NA,NA,NA,NA,NA,0,0,NA,0,NA,7.4,NA,"18200","FFToday","15761","FFToday","WR",NA,5,56,NA,NA,0.3,NA,NA,NA,NA,NA,NA,NA,NA,NA,NA,NA,NA,NA,NA,NA,NA,NA,NA,NA,NA,NA,NA,NA,NA,NA,NA,NA,NA,NA,NA,NA,NA,"HOU",NA,NA,NA,NA,NA,NA,NA,NA,NA,NA,NA,NA,NA,NA,NA,NA,NA,NA,NA,NA,NA,NA,NA,NA,NA
"Jordan Addison","WR","MIN",NA,NA,NA,NA,NA,NA,NA,NA,0,0,NA,0,NA,7.3,NA,"18453","FFToday","16186","FFToday","WR",NA,4,55,NA,NA,0.3,NA,NA,NA,NA,NA,NA,NA,NA,NA,NA,NA,NA,NA,NA,NA,NA,NA,NA,NA,NA,NA,NA,NA,NA,NA,NA,NA,NA,NA,NA,NA,NA,"GB",NA,NA,NA,NA,NA,NA,NA,NA,NA,NA,NA,NA,NA,NA,NA,NA,NA,NA,NA,NA,NA,NA,NA,NA,NA
"Matthew Golden","WR","GB",NA,NA,NA,NA,NA,NA,NA,NA,0,0,NA,0,NA,7.3,NA,"19370","FFToday","17075","FFToday","WR",NA,4,55,NA,NA,0.3,NA,NA,NA,NA,NA,NA,NA,NA,NA,NA,NA,NA,NA,NA,NA,NA,NA,NA,NA,NA,NA,NA,NA,NA,NA,NA,NA,NA,NA,NA,NA,NA,"MIN",NA,NA,NA,NA,NA,NA,NA,NA,NA,NA,NA,NA,NA,NA,NA,NA,NA,NA,NA,NA,NA,NA,NA,NA,NA
"Tre Tucker","WR","LV",NA,NA,NA,NA,NA,NA,NA,NA,0,0,NA,0,NA,6.9,NA,"18675","FFToday","16287","FFToday","WR",NA,4,57,NA,NA,0.2,NA,NA,NA,NA,NA,NA,NA,NA,NA,NA,NA,NA,NA,NA,NA,NA,NA,NA,NA,NA,NA,NA,NA,NA,NA,NA,NA,NA,NA,NA,NA,NA,"MIA",NA,NA,NA,NA,NA,NA,NA,NA,NA,NA,NA,NA,NA,NA,NA,NA,NA,NA,NA,NA,NA,NA,NA,NA,NA
"KC Concepcion","WR","CLE",NA,NA,NA,NA,NA,NA,NA,NA,2,9,NA,0,NA,6.8,NA,"19858","FFToday","17501","FFToday","WR",NA,4,47,NA,NA,0.2,NA,NA,NA,NA,NA,NA,NA,NA,NA,NA,NA,NA,NA,NA,NA,NA,NA,NA,NA,NA,NA,NA,NA,NA,NA,NA,NA,NA,NA,NA,NA,NA,"JAC",NA,NA,NA,NA,NA,NA,NA,NA,NA,NA,NA,NA,NA,NA,NA,NA,NA,NA,NA,NA,NA,NA,NA,NA,NA
"Romeo Doubs","WR","NE",NA,NA,NA,NA,NA,NA,NA,NA,0,0,NA,0,NA,6.7,NA,"18058","FFToday","15779","FFToday","WR",NA,4,49,NA,NA,0.3,NA,NA,NA,NA,NA,NA,NA,NA,NA,NA,NA,NA,NA,NA,NA,NA,NA,NA,NA,NA,NA,NA,NA,NA,NA,NA,NA,NA,NA,NA,NA,NA,"SEA",NA,NA,NA,NA,NA,NA,NA,NA,NA,NA,NA,NA,NA,NA,NA,NA,NA,NA,NA,NA,NA,NA,NA,NA,NA
"Wan'Dale Robinson","WR","TEN",NA,NA,NA,NA,NA,NA,NA,NA,0,0,NA,0,NA,6.7,NA,"18191","FFToday","15757","FFToday","WR",NA,5,55,NA,NA,0.2,NA,NA,NA,NA,NA,NA,NA,NA,NA,NA,NA,NA,NA,NA,NA,NA,NA,NA,NA,NA,NA,NA,NA,NA,NA,NA,NA,NA,NA,NA,NA,NA,"NYJ",NA,NA,NA,NA,NA,NA,NA,NA,NA,NA,NA,NA,NA,NA,NA,NA,NA,NA,NA,NA,NA,NA,NA,NA,NA
"Deebo Samuel","WR","SF",NA,NA,NA,NA,NA,NA,NA,NA,3,11,NA,0,NA,6.7,NA,"16688","FFToday","14136","FFToday","WR",NA,4,44,NA,NA,0.2,NA,NA,NA,NA,NA,NA,NA,NA,NA,NA,NA,NA,NA,NA,NA,NA,NA,NA,NA,NA,NA,NA,NA,NA,NA,NA,NA,NA,NA,NA,NA,NA,"LAR",NA,NA,NA,NA,NA,NA,NA,NA,NA,NA,NA,NA,NA,NA,NA,NA,NA,NA,NA,NA,NA,NA,NA,NA,NA
"Rashid Shaheed","WR","SEA",NA,NA,NA,NA,NA,NA,NA,NA,0,0,NA,0,NA,6.5,NA,"18326","FFToday","16080","FFToday","WR",NA,3,47,NA,NA,0.3,NA,NA,NA,NA,NA,NA,NA,NA,NA,NA,NA,NA,NA,NA,NA,NA,NA,NA,NA,NA,NA,NA,NA,NA,NA,NA,NA,NA,NA,NA,NA,NA,"NE",NA,NA,NA,NA,NA,NA,NA,NA,NA,NA,NA,NA,NA,NA,NA,NA,NA,NA,NA,NA,NA,NA,NA,NA,NA
"De'Zhaun Stribling","WR","SF",NA,NA,NA,NA,NA,NA,NA,NA,0,0,NA,0,NA,6.4,NA,"19769","FFToday","17514","FFToday","WR",NA,4,52,NA,NA,0.2,NA,NA,NA,NA,NA,NA,NA,NA,NA,NA,NA,NA,NA,NA,NA,NA,NA,NA,NA,NA,NA,NA,NA,NA,NA,NA,NA,NA,NA,NA,NA,NA,"LAR",NA,NA,NA,NA,NA,NA,NA,NA,NA,NA,NA,NA,NA,NA,NA,NA,NA,NA,NA,NA,NA,NA,NA,NA,NA
"Alec Pierce","WR","IND",NA,NA,NA,NA,NA,NA,NA,NA,0,0,NA,0,NA,6.2,NA,"18181","FFToday","15768","FFToday","WR",NA,3,44,NA,NA,0.3,NA,NA,NA,NA,NA,NA,NA,NA,NA,NA,NA,NA,NA,NA,NA,NA,NA,NA,NA,NA,NA,NA,NA,NA,NA,NA,NA,NA,NA,NA,NA,NA,"BAL",NA,NA,NA,NA,NA,NA,NA,NA,NA,NA,NA,NA,NA,NA,NA,NA,NA,NA,NA,NA,NA,NA,NA,NA,NA
"Keenan Allen","WR","IND",NA,NA,NA,NA,NA,NA,NA,NA,0,0,NA,0,NA,5.9,NA,"13003","FFToday","11222","FFToday","WR",NA,5,47,NA,NA,0.2,NA,NA,NA,NA,NA,NA,NA,NA,NA,NA,NA,NA,NA,NA,NA,NA,NA,NA,NA,NA,NA,NA,NA,NA,NA,NA,NA,NA,NA,NA,NA,NA,"BAL",NA,NA,NA,NA,NA,NA,NA,NA,NA,NA,NA,NA,NA,NA,NA,NA,NA,NA,NA,NA,NA,NA,NA,NA,NA
"Jalen McMillan","WR","TB",NA,NA,NA,NA,NA,NA,NA,NA,0,0,NA,0,NA,5.9,NA,"19055","FFToday","16628","FFToday","WR",NA,3,41,NA,NA,0.3,NA,NA,NA,NA,NA,NA,NA,NA,NA,NA,NA,NA,NA,NA,NA,NA,NA,NA,NA,NA,NA,NA,NA,NA,NA,NA,NA,NA,NA,NA,NA,NA,"CIN",NA,NA,NA,NA,NA,NA,NA,NA,NA,NA,NA,NA,NA,NA,NA,NA,NA,NA,NA,NA,NA,NA,NA,NA,NA
"Caleb Douglas","WR","MIA",NA,NA,NA,NA,NA,NA,NA,NA,0,0,NA,0,NA,5.8,NA,"19735","FFToday","17599","FFToday","WR",NA,4,46,NA,NA,0.2,NA,NA,NA,NA,NA,NA,NA,NA,NA,NA,NA,NA,NA,NA,NA,NA,NA,NA,NA,NA,NA,NA,NA,NA,NA,NA,NA,NA,NA,NA,NA,NA,"LV",NA,NA,NA,NA,NA,NA,NA,NA,NA,NA,NA,NA,NA,NA,NA,NA,NA,NA,NA,NA,NA,NA,NA,NA,NA
"Jalen Coker","WR","CAR",NA,NA,NA,NA,NA,NA,NA,NA,0,0,NA,0,NA,5.6,NA,"19207","FFToday","16809","FFToday","WR",NA,4,44,NA,NA,0.2,NA,NA,NA,NA,NA,NA,NA,NA,NA,NA,NA,NA,NA,NA,NA,NA,NA,NA,NA,NA,NA,NA,NA,NA,NA,NA,NA,NA,NA,NA,NA,NA,"CHI",NA,NA,NA,NA,NA,NA,NA,NA,NA,NA,NA,NA,NA,NA,NA,NA,NA,NA,NA,NA,NA,NA,NA,NA,NA
"Adonai Mitchell","WR","NYJ",NA,NA,NA,NA,NA,NA,NA,NA,0,0,NA,0,NA,5.6,NA,"19061","FFToday","16626","FFToday","WR",NA,3,44,NA,NA,0.2,NA,NA,NA,NA,NA,NA,NA,NA,NA,NA,NA,NA,NA,NA,NA,NA,NA,NA,NA,NA,NA,NA,NA,NA,NA,NA,NA,NA,NA,NA,NA,NA,"TEN",NA,NA,NA,NA,NA,NA,NA,NA,NA,NA,NA,NA,NA,NA,NA,NA,NA,NA,NA,NA,NA,NA,NA,NA,NA
"Roman Wilson","WR","PIT",NA,NA,NA,NA,NA,NA,NA,NA,0,0,NA,0,NA,5.6,NA,"19152","FFToday","16629","FFToday","WR",NA,3,38,NA,NA,0.3,NA,NA,NA,NA,NA,NA,NA,NA,NA,NA,NA,NA,NA,NA,NA,NA,NA,NA,NA,NA,NA,NA,NA,NA,NA,NA,NA,NA,NA,NA,NA,NA,"ATL",NA,NA,NA,NA,NA,NA,NA,NA,NA,NA,NA,NA,NA,NA,NA,NA,NA,NA,NA,NA,NA,NA,NA,NA,NA
"Xavier Worthy","WR","KC",NA,NA,NA,NA,NA,NA,NA,NA,0,0,NA,0,NA,5.6,NA,"19154","FFToday","16620","FFToday","WR",NA,3,38,NA,NA,0.3,NA,NA,NA,NA,NA,NA,NA,NA,NA,NA,NA,NA,NA,NA,NA,NA,NA,NA,NA,NA,NA,NA,NA,NA,NA,NA,NA,NA,NA,NA,NA,NA,"DEN",NA,NA,NA,NA,NA,NA,NA,NA,NA,NA,NA,NA,NA,NA,NA,NA,NA,NA,NA,NA,NA,NA,NA,NA,NA
"Dontayvion Wicks","WR","PHI",NA,NA,NA,NA,NA,NA,NA,NA,0,0,NA,0,NA,5.3,NA,"18691","FFToday","16195","FFToday","WR",NA,3,41,NA,NA,0.2,NA,NA,NA,NA,NA,NA,NA,NA,NA,NA,NA,NA,NA,NA,NA,NA,NA,NA,NA,NA,NA,NA,NA,NA,NA,NA,NA,NA,NA,NA,NA,NA,"WAS",NA,NA,NA,NA,NA,NA,NA,NA,NA,NA,NA,NA,NA,NA,NA,NA,NA,NA,NA,NA,NA,NA,NA,NA,NA
"Rashod Bateman","WR","BAL",NA,NA,NA,NA,NA,NA,NA,NA,0,0,NA,0,NA,5,NA,"17509","FFToday","15293","FFToday","WR",NA,3,38,NA,NA,0.2,NA,NA,NA,NA,NA,NA,NA,NA,NA,NA,NA,NA,NA,NA,NA,NA,NA,NA,NA,NA,NA,NA,NA,NA,NA,NA,NA,NA,NA,NA,NA,NA,"IND",NA,NA,NA,NA,NA,NA,NA,NA,NA,NA,NA,NA,NA,NA,NA,NA,NA,NA,NA,NA,NA,NA,NA,NA,NA
"Tre Harris","WR","LAC",NA,NA,NA,NA,NA,NA,NA,NA,0,0,NA,0,NA,5,NA,"19383","FFToday","17072","FFToday","WR",NA,3,38,NA,NA,0.2,NA,NA,NA,NA,NA,NA,NA,NA,NA,NA,NA,NA,NA,NA,NA,NA,NA,NA,NA,NA,NA,NA,NA,NA,NA,NA,NA,NA,NA,NA,NA,NA,"ARI",NA,NA,NA,NA,NA,NA,NA,NA,NA,NA,NA,NA,NA,NA,NA,NA,NA,NA,NA,NA,NA,NA,NA,NA,NA
"Devaughn Vele","WR","NO",NA,NA,NA,NA,NA,NA,NA,NA,0,0,NA,0,NA,5,NA,"19133","FFToday","16788","FFToday","WR",NA,3,38,NA,NA,0.2,NA,NA,NA,NA,NA,NA,NA,NA,NA,NA,NA,NA,NA,NA,NA,NA,NA,NA,NA,NA,NA,NA,NA,NA,NA,NA,NA,NA,NA,NA,NA,NA,"DET",NA,NA,NA,NA,NA,NA,NA,NA,NA,NA,NA,NA,NA,NA,NA,NA,NA,NA,NA,NA,NA,NA,NA,NA,NA
"Makai Lemon","WR","PHI",NA,NA,NA,NA,NA,NA,NA,NA,0,0,NA,0,NA,4.9,NA,"19879","FFToday","17499","FFToday","WR",NA,3,37,NA,NA,0.2,NA,NA,NA,NA,NA,NA,NA,NA,NA,NA,NA,NA,NA,NA,NA,NA,NA,NA,NA,NA,NA,NA,NA,NA,NA,NA,NA,NA,NA,NA,NA,NA,"WAS",NA,NA,NA,NA,NA,NA,NA,NA,NA,NA,NA,NA,NA,NA,NA,NA,NA,NA,NA,NA,NA,NA,NA,NA,NA
"Jalen Nailor","WR","LV",NA,NA,NA,NA,NA,NA,NA,NA,0,0,NA,0,NA,4.9,NA,"18162","FFToday","15786","FFToday","WR",NA,3,37,NA,NA,0.2,NA,NA,NA,NA,NA,NA,NA,NA,NA,NA,NA,NA,NA,NA,NA,NA,NA,NA,NA,NA,NA,NA,NA,NA,NA,NA,NA,NA,NA,NA,NA,NA,"MIA",NA,NA,NA,NA,NA,NA,NA,NA,NA,NA,NA,NA,NA,NA,NA,NA,NA,NA,NA,NA,NA,NA,NA,NA,NA
"Michael Pittman Jr.","WR","PIT",NA,NA,NA,NA,NA,NA,NA,NA,0,0,NA,0,NA,4.9,NA,"17183","FFToday","14842","FFToday","WR",NA,3,37,NA,NA,0.2,NA,NA,NA,NA,NA,NA,NA,NA,NA,NA,NA,NA,NA,NA,NA,NA,NA,NA,NA,NA,NA,NA,NA,NA,NA,NA,NA,NA,NA,NA,NA,NA,"ATL",NA,NA,NA,NA,NA,NA,NA,NA,NA,NA,NA,NA,NA,NA,NA,NA,NA,NA,NA,NA,NA,NA,NA,NA,NA
"Malik Washington","WR","MIA",NA,NA,NA,NA,NA,NA,NA,NA,0,0,NA,0,NA,4.9,NA,"19140","FFToday","16684","FFToday","WR",NA,3,37,NA,NA,0.2,NA,NA,NA,NA,NA,NA,NA,NA,NA,NA,NA,NA,NA,NA,NA,NA,NA,NA,NA,NA,NA,NA,NA,NA,NA,NA,NA,NA,NA,NA,NA,NA,"LV",NA,NA,NA,NA,NA,NA,NA,NA,NA,NA,NA,NA,NA,NA,NA,NA,NA,NA,NA,NA,NA,NA,NA,NA,NA
"Denzel Boston","WR","CLE",NA,NA,NA,NA,NA,NA,NA,NA,0,0,NA,0,NA,4.8,NA,"19773","FFToday","17500","FFToday","WR",NA,3,36,NA,NA,0.2,NA,NA,NA,NA,NA,NA,NA,NA,NA,NA,NA,NA,NA,NA,NA,NA,NA,NA,NA,NA,NA,NA,NA,NA,NA,NA,NA,NA,NA,NA,NA,NA,"JAC",NA,NA,NA,NA,NA,NA,NA,NA,NA,NA,NA,NA,NA,NA,NA,NA,NA,NA,NA,NA,NA,NA,NA,NA,NA
"Jerry Jeudy","WR","CLE",NA,NA,NA,NA,NA,NA,NA,NA,0,0,NA,0,NA,4.8,NA,"17127","FFToday","14833","FFToday","WR",NA,3,36,NA,NA,0.2,NA,NA,NA,NA,NA,NA,NA,NA,NA,NA,NA,NA,NA,NA,NA,NA,NA,NA,NA,NA,NA,NA,NA,NA,NA,NA,NA,NA,NA,NA,NA,NA,"JAC",NA,NA,NA,NA,NA,NA,NA,NA,NA,NA,NA,NA,NA,NA,NA,NA,NA,NA,NA,NA,NA,NA,NA,NA,NA
"Demario Douglas","WR","NE",NA,NA,NA,NA,NA,NA,NA,NA,0,0,NA,0,NA,4.3,NA,"18506","FFToday","16342","FFToday","WR",NA,3,37,NA,NA,0.1,NA,NA,NA,NA,NA,NA,NA,NA,NA,NA,NA,NA,NA,NA,NA,NA,NA,NA,NA,NA,NA,NA,NA,NA,NA,NA,NA,NA,NA,NA,NA,NA,"SEA",NA,NA,NA,NA,NA,NA,NA,NA,NA,NA,NA,NA,NA,NA,NA,NA,NA,NA,NA,NA,NA,NA,NA,NA,NA
"Jauan Jennings","WR","MIN",NA,NA,NA,NA,NA,NA,NA,NA,0,0,NA,0,NA,4.2,NA,"17126","FFToday","14860","FFToday","WR",NA,3,36,NA,NA,0.1,NA,NA,NA,NA,NA,NA,NA,NA,NA,NA,NA,NA,NA,NA,NA,NA,NA,NA,NA,NA,NA,NA,NA,NA,NA,NA,NA,NA,NA,NA,NA,NA,"GB",NA,NA,NA,NA,NA,NA,NA,NA,NA,NA,NA,NA,NA,NA,NA,NA,NA,NA,NA,NA,NA,NA,NA,NA,NA
"Ja'Kobi Lane","WR","BAL",NA,NA,NA,NA,NA,NA,NA,NA,0,0,NA,0,NA,4.2,NA,"19811","FFToday","17517","FFToday","WR",NA,2,30,NA,NA,0.2,NA,NA,NA,NA,NA,NA,NA,NA,NA,NA,NA,NA,NA,NA,NA,NA,NA,NA,NA,NA,NA,NA,NA,NA,NA,NA,NA,NA,NA,NA,NA,NA,"IND",NA,NA,NA,NA,NA,NA,NA,NA,NA,NA,NA,NA,NA,NA,NA,NA,NA,NA,NA,NA,NA,NA,NA,NA,NA
"Cooper Kupp","WR","SEA",NA,NA,NA,NA,NA,NA,NA,NA,0,0,NA,0,NA,4.1,NA,"15932","FFToday","13164","FFToday","WR",NA,2,29,NA,NA,0.2,NA,NA,NA,NA,NA,NA,NA,NA,NA,NA,NA,NA,NA,NA,NA,NA,NA,NA,NA,NA,NA,NA,NA,NA,NA,NA,NA,NA,NA,NA,NA,NA,"NE",NA,NA,NA,NA,NA,NA,NA,NA,NA,NA,NA,NA,NA,NA,NA,NA,NA,NA,NA,NA,NA,NA,NA,NA,NA
"Kayshon Boutte","WR","HOU",NA,NA,NA,NA,NA,NA,NA,NA,0,0,NA,0,NA,3.9,NA,"18479","FFToday","16193","FFToday","WR",NA,2,27,NA,NA,0.2,NA,NA,NA,NA,NA,NA,NA,NA,NA,NA,NA,NA,NA,NA,NA,NA,NA,NA,NA,NA,NA,NA,NA,NA,NA,NA,NA,NA,NA,NA,NA,NA,"BUF",NA,NA,NA,NA,NA,NA,NA,NA,NA,NA,NA,NA,NA,NA,NA,NA,NA,NA,NA,NA,NA,NA,NA,NA,NA
"Pat Bryant","WR","DEN",NA,NA,NA,NA,NA,NA,NA,NA,0,0,NA,0,NA,3.9,NA,"19328","FFToday","17082","FFToday","WR",NA,3,33,NA,NA,0.1,NA,NA,NA,NA,NA,NA,NA,NA,NA,NA,NA,NA,NA,NA,NA,NA,NA,NA,NA,NA,NA,NA,NA,NA,NA,NA,NA,NA,NA,NA,NA,NA,"KC",NA,NA,NA,NA,NA,NA,NA,NA,NA,NA,NA,NA,NA,NA,NA,NA,NA,NA,NA,NA,NA,NA,NA,NA,NA
"Ryan Flournoy","WR","DAL",NA,NA,NA,NA,NA,NA,NA,NA,0,0,NA,0,NA,3.9,NA,"18965","FFToday","16778","FFToday","WR",NA,3,33,NA,NA,0.1,NA,NA,NA,NA,NA,NA,NA,NA,NA,NA,NA,NA,NA,NA,NA,NA,NA,NA,NA,NA,NA,NA,NA,NA,NA,NA,NA,NA,NA,NA,NA,NA,"NYG",NA,NA,NA,NA,NA,NA,NA,NA,NA,NA,NA,NA,NA,NA,NA,NA,NA,NA,NA,NA,NA,NA,NA,NA,NA
"Calvin Ridley","WR","TEN",NA,NA,NA,NA,NA,NA,NA,NA,0,0,NA,0,NA,3.9,NA,"16129","FFToday","13629","FFToday","WR",NA,2,27,NA,NA,0.2,NA,NA,NA,NA,NA,NA,NA,NA,NA,NA,NA,NA,NA,NA,NA,NA,NA,NA,NA,NA,NA,NA,NA,NA,NA,NA,NA,NA,NA,NA,NA,NA,"NYJ",NA,NA,NA,NA,NA,NA,NA,NA,NA,NA,NA,NA,NA,NA,NA,NA,NA,NA,NA,NA,NA,NA,NA,NA,NA
"Malachi Fields","WR","NYG",NA,NA,NA,NA,NA,NA,NA,NA,0,0,NA,0,NA,3.7,NA,"19880","FFToday","17511","FFToday","WR",NA,3,31,NA,NA,0.1,NA,NA,NA,NA,NA,NA,NA,NA,NA,NA,NA,NA,NA,NA,NA,NA,NA,NA,NA,NA,NA,NA,NA,NA,NA,NA,NA,NA,NA,NA,NA,NA,"DAL",NA,NA,NA,NA,NA,NA,NA,NA,NA,NA,NA,NA,NA,NA,NA,NA,NA,NA,NA,NA,NA,NA,NA,NA,NA
"Bryce Lance","WR","NO",NA,NA,NA,NA,NA,NA,NA,NA,0,0,NA,0,NA,3.6,NA,"19729","FFToday","17519","FFToday","WR",NA,3,30,NA,NA,0.1,NA,NA,NA,NA,NA,NA,NA,NA,NA,NA,NA,NA,NA,NA,NA,NA,NA,NA,NA,NA,NA,NA,NA,NA,NA,NA,NA,NA,NA,NA,NA,NA,"DET",NA,NA,NA,NA,NA,NA,NA,NA,NA,NA,NA,NA,NA,NA,NA,NA,NA,NA,NA,NA,NA,NA,NA,NA,NA
"Jahan Dotson","WR","ATL",NA,NA,NA,NA,NA,NA,NA,NA,0,0,NA,0,NA,3.5,NA,"18057","FFToday","15755","FFToday","WR",NA,2,29,NA,NA,0.1,NA,NA,NA,NA,NA,NA,NA,NA,NA,NA,NA,NA,NA,NA,NA,NA,NA,NA,NA,NA,NA,NA,NA,NA,NA,NA,NA,NA,NA,NA,NA,NA,"PIT",NA,NA,NA,NA,NA,NA,NA,NA,NA,NA,NA,NA,NA,NA,NA,NA,NA,NA,NA,NA,NA,NA,NA,NA,NA
"Jack Bech","WR","LV",NA,NA,NA,NA,NA,NA,NA,NA,0,0,NA,0,NA,3.4,NA,"19312","FFToday","17078","FFToday","WR",NA,2,28,NA,NA,0.1,NA,NA,NA,NA,NA,NA,NA,NA,NA,NA,NA,NA,NA,NA,NA,NA,NA,NA,NA,NA,NA,NA,NA,NA,NA,NA,NA,NA,NA,NA,NA,NA,"MIA",NA,NA,NA,NA,NA,NA,NA,NA,NA,NA,NA,NA,NA,NA,NA,NA,NA,NA,NA,NA,NA,NA,NA,NA,NA
"Xavier Hutchinson","WR","HOU",NA,NA,NA,NA,NA,NA,NA,NA,0,0,NA,0,NA,3.4,NA,"18550","FFToday","16201","FFToday","WR",NA,2,28,NA,NA,0.1,NA,NA,NA,NA,NA,NA,NA,NA,NA,NA,NA,NA,NA,NA,NA,NA,NA,NA,NA,NA,NA,NA,NA,NA,NA,NA,NA,NA,NA,NA,NA,NA,"BUF",NA,NA,NA,NA,NA,NA,NA,NA,NA,NA,NA,NA,NA,NA,NA,NA,NA,NA,NA,NA,NA,NA,NA,NA,NA
"Jaylin Noel","WR","HOU",NA,NA,NA,NA,NA,NA,NA,NA,0,0,NA,0,NA,3.3,NA,"19464","FFToday","17080","FFToday","WR",NA,2,27,NA,NA,0.1,NA,NA,NA,NA,NA,NA,NA,NA,NA,NA,NA,NA,NA,NA,NA,NA,NA,NA,NA,NA,NA,NA,NA,NA,NA,NA,NA,NA,NA,NA,NA,NA,"BUF",NA,NA,NA,NA,NA,NA,NA,NA,NA,NA,NA,NA,NA,NA,NA,NA,NA,NA,NA,NA,NA,NA,NA,NA,NA
"Tyquan Thornton","WR","KC",NA,NA,NA,NA,NA,NA,NA,NA,0,0,NA,0,NA,3.3,NA,"18222","FFToday","15787","FFToday","WR",NA,2,27,NA,NA,0.1,NA,NA,NA,NA,NA,NA,NA,NA,NA,NA,NA,NA,NA,NA,NA,NA,NA,NA,NA,NA,NA,NA,NA,NA,NA,NA,NA,NA,NA,NA,NA,NA,"DEN",NA,NA,NA,NA,NA,NA,NA,NA,NA,NA,NA,NA,NA,NA,NA,NA,NA,NA,NA,NA,NA,NA,NA,NA,NA
"Antonio Williams","WR","WAS",NA,NA,NA,NA,NA,NA,NA,NA,0,0,NA,0,NA,2.9,NA,"19711","FFToday","17512","FFToday","WR",NA,2,23,NA,NA,0.1,NA,NA,NA,NA,NA,NA,NA,NA,NA,NA,NA,NA,NA,NA,NA,NA,NA,NA,NA,NA,NA,NA,NA,NA,NA,NA,NA,NA,NA,NA,NA,NA,"PHI",NA,NA,NA,NA,NA,NA,NA,NA,NA,NA,NA,NA,NA,NA,NA,NA,NA,NA,NA,NA,NA,NA,NA,NA,NA
"Zachariah Branch","WR","ATL",NA,NA,NA,NA,NA,NA,NA,NA,0,0,NA,0,NA,2.8,NA,"19952","FFToday","17507","FFToday","WR",NA,2,22,NA,NA,0.1,NA,NA,NA,NA,NA,NA,NA,NA,NA,NA,NA,NA,NA,NA,NA,NA,NA,NA,NA,NA,NA,NA,NA,NA,NA,NA,NA,NA,NA,NA,NA,NA,"PIT",NA,NA,NA,NA,NA,NA,NA,NA,NA,NA,NA,NA,NA,NA,NA,NA,NA,NA,NA,NA,NA,NA,NA,NA,NA
"Omar Cooper Jr.","WR","NYJ",NA,NA,NA,NA,NA,NA,NA,NA,0,0,NA,0,NA,2.8,NA,"19904","FFToday","17502","FFToday","WR",NA,2,22,NA,NA,0.1,NA,NA,NA,NA,NA,NA,NA,NA,NA,NA,NA,NA,NA,NA,NA,NA,NA,NA,NA,NA,NA,NA,NA,NA,NA,NA,NA,NA,NA,NA,NA,NA,"TEN",NA,NA,NA,NA,NA,NA,NA,NA,NA,NA,NA,NA,NA,NA,NA,NA,NA,NA,NA,NA,NA,NA,NA,NA,NA
"Malik Benson","WR","LV",NA,NA,NA,NA,NA,NA,NA,NA,0,0,NA,0,NA,2.5,NA,"19882","FFToday","17706","FFToday","WR",NA,2,19,NA,NA,0.1,NA,NA,NA,NA,NA,NA,NA,NA,NA,NA,NA,NA,NA,NA,NA,NA,NA,NA,NA,NA,NA,NA,NA,NA,NA,NA,NA,NA,NA,NA,NA,NA,"MIA",NA,NA,NA,NA,NA,NA,NA,NA,NA,NA,NA,NA,NA,NA,NA,NA,NA,NA,NA,NA,NA,NA,NA,NA,NA
"Keon Coleman","WR","BUF",NA,NA,NA,NA,NA,NA,NA,NA,0,0,NA,0,NA,2.5,NA,"18938","FFToday","16617","FFToday","WR",NA,1,19,NA,NA,0.1,NA,NA,NA,NA,NA,NA,NA,NA,NA,NA,NA,NA,NA,NA,NA,NA,NA,NA,NA,NA,NA,NA,NA,NA,NA,NA,NA,NA,NA,NA,NA,NA,"HOU",NA,NA,NA,NA,NA,NA,NA,NA,NA,NA,NA,NA,NA,NA,NA,NA,NA,NA,NA,NA,NA,NA,NA,NA,NA
"Mack Hollins","WR","NE",NA,NA,NA,NA,NA,NA,NA,NA,0,0,NA,0,NA,2.5,NA,"15900","FFToday","13289","FFToday","WR",NA,2,19,NA,NA,0.1,NA,NA,NA,NA,NA,NA,NA,NA,NA,NA,NA,NA,NA,NA,NA,NA,NA,NA,NA,NA,NA,NA,NA,NA,NA,NA,NA,NA,NA,NA,NA,NA,"SEA",NA,NA,NA,NA,NA,NA,NA,NA,NA,NA,NA,NA,NA,NA,NA,NA,NA,NA,NA,NA,NA,NA,NA,NA,NA
"Andrei Iosivas","WR","CIN",NA,NA,NA,NA,NA,NA,NA,NA,0,0,NA,0,NA,2.2,NA,"18553","FFToday","16207","FFToday","WR",NA,2,22,NA,NA,0,NA,NA,NA,NA,NA,NA,NA,NA,NA,NA,NA,NA,NA,NA,NA,NA,NA,NA,NA,NA,NA,NA,NA,NA,NA,NA,NA,NA,NA,NA,NA,NA,"TB",NA,NA,NA,NA,NA,NA,NA,NA,NA,NA,NA,NA,NA,NA,NA,NA,NA,NA,NA,NA,NA,NA,NA,NA,NA
"Isaac TeSlaa","WR","DET",NA,NA,NA,NA,NA,NA,NA,NA,0,0,NA,0,NA,2.2,NA,"19522","FFToday","17157","FFToday","WR",NA,1,16,NA,NA,0.1,NA,NA,NA,NA,NA,NA,NA,NA,NA,NA,NA,NA,NA,NA,NA,NA,NA,NA,NA,NA,NA,NA,NA,NA,NA,NA,NA,NA,NA,NA,NA,NA,"NO",NA,NA,NA,NA,NA,NA,NA,NA,NA,NA,NA,NA,NA,NA,NA,NA,NA,NA,NA,NA,NA,NA,NA,NA,NA
"Olamide Zaccheaus","WR","ATL",NA,NA,NA,NA,NA,NA,NA,NA,0,0,NA,0,NA,2.2,NA,"16859","FFToday","14592","FFToday","WR",NA,1,16,NA,NA,0.1,NA,NA,NA,NA,NA,NA,NA,NA,NA,NA,NA,NA,NA,NA,NA,NA,NA,NA,NA,NA,NA,NA,NA,NA,NA,NA,NA,NA,NA,NA,NA,NA,"PIT",NA,NA,NA,NA,NA,NA,NA,NA,NA,NA,NA,NA,NA,NA,NA,NA,NA,NA,NA,NA,NA,NA,NA,NA,NA
"Germie Bernard","WR","PIT",NA,NA,NA,NA,NA,NA,NA,NA,0,0,NA,0,NA,2.1,NA,"19806","FFToday","17503","FFToday","WR",NA,1,15,NA,NA,0.1,NA,NA,NA,NA,NA,NA,NA,NA,NA,NA,NA,NA,NA,NA,NA,NA,NA,NA,NA,NA,NA,NA,NA,NA,NA,NA,NA,NA,NA,NA,NA,NA,"ATL",NA,NA,NA,NA,NA,NA,NA,NA,NA,NA,NA,NA,NA,NA,NA,NA,NA,NA,NA,NA,NA,NA,NA,NA,NA
"Troy Franklin","WR","DEN",NA,NA,NA,NA,NA,NA,NA,NA,0,0,NA,0,NA,1.9,NA,"18968","FFToday","16619","FFToday","WR",NA,2,19,NA,NA,0,NA,NA,NA,NA,NA,NA,NA,NA,NA,NA,NA,NA,NA,NA,NA,NA,NA,NA,NA,NA,NA,NA,NA,NA,NA,NA,NA,NA,NA,NA,NA,NA,"KC",NA,NA,NA,NA,NA,NA,NA,NA,NA,NA,NA,NA,NA,NA,NA,NA,NA,NA,NA,NA,NA,NA,NA,NA,NA
"Kalif Raymond","WR","CHI",NA,NA,NA,NA,NA,NA,NA,NA,0,0,NA,0,NA,1.9,NA,"14879","FFToday","13066","FFToday","WR",NA,2,19,NA,NA,0,NA,NA,NA,NA,NA,NA,NA,NA,NA,NA,NA,NA,NA,NA,NA,NA,NA,NA,NA,NA,NA,NA,NA,NA,NA,NA,NA,NA,NA,NA,NA,NA,"CAR",NA,NA,NA,NA,NA,NA,NA,NA,NA,NA,NA,NA,NA,NA,NA,NA,NA,NA,NA,NA,NA,NA,NA,NA,NA
"Jalen Tolbert","WR","MIA",NA,NA,NA,NA,NA,NA,NA,NA,0,0,NA,0,NA,1.9,NA,"18224","FFToday","15788","FFToday","WR",NA,1,19,NA,NA,0,NA,NA,NA,NA,NA,NA,NA,NA,NA,NA,NA,NA,NA,NA,NA,NA,NA,NA,NA,NA,NA,NA,NA,NA,NA,NA,NA,NA,NA,NA,NA,NA,"LV",NA,NA,NA,NA,NA,NA,NA,NA,NA,NA,NA,NA,NA,NA,NA,NA,NA,NA,NA,NA,NA,NA,NA,NA,NA
"Jordan Whittington","WR","LAR",NA,NA,NA,NA,NA,NA,NA,NA,0,0,NA,0,NA,1.9,NA,"19144","FFToday","16633","FFToday","WR",NA,2,19,NA,NA,0,NA,NA,NA,NA,NA,NA,NA,NA,NA,NA,NA,NA,NA,NA,NA,NA,NA,NA,NA,NA,NA,NA,NA,NA,NA,NA,NA,NA,NA,NA,NA,NA,"SF",NA,NA,NA,NA,NA,NA,NA,NA,NA,NA,NA,NA,NA,NA,NA,NA,NA,NA,NA,NA,NA,NA,NA,NA,NA
"Kendrick Bourne","WR","ARI",NA,NA,NA,NA,NA,NA,NA,NA,0,0,NA,0,NA,1.8,NA,"14994","FFToday","13418","FFToday","WR",NA,1,18,NA,NA,0,NA,NA,NA,NA,NA,NA,NA,NA,NA,NA,NA,NA,NA,NA,NA,NA,NA,NA,NA,NA,NA,NA,NA,NA,NA,NA,NA,NA,NA,NA,NA,NA,"LAC",NA,NA,NA,NA,NA,NA,NA,NA,NA,NA,NA,NA,NA,NA,NA,NA,NA,NA,NA,NA,NA,NA,NA,NA,NA
"Darnell Mooney","WR","NYG",NA,NA,NA,NA,NA,NA,NA,NA,0,0,NA,0,NA,1.5,NA,"17159","FFToday","14974","FFToday","WR",NA,1,15,NA,NA,0,NA,NA,NA,NA,NA,NA,NA,NA,NA,NA,NA,NA,NA,NA,NA,NA,NA,NA,NA,NA,NA,NA,NA,NA,NA,NA,NA,NA,NA,NA,NA,NA,"DAL",NA,NA,NA,NA,NA,NA,NA,NA,NA,NA,NA,NA,NA,NA,NA,NA,NA,NA,NA,NA,NA,NA,NA,NA,NA
"Marquise Brown","WR","PHI",NA,NA,NA,NA,NA,NA,NA,NA,0,0,NA,0,NA,1.3,NA,"16529","FFToday","14105","FFToday","WR",NA,1,13,NA,NA,0,NA,NA,NA,NA,NA,NA,NA,NA,NA,NA,NA,NA,NA,NA,NA,NA,NA,NA,NA,NA,NA,NA,NA,NA,NA,NA,NA,NA,NA,NA,NA,NA,"WAS",NA,NA,NA,NA,NA,NA,NA,NA,NA,NA,NA,NA,NA,NA,NA,NA,NA,NA,NA,NA,NA,NA,NA,NA,NA
"Cyrus Allen","WR","KC",NA,NA,NA,NA,NA,NA,NA,NA,0,0,NA,0,NA,1.2,NA,"19759","FFToday","17518","FFToday","WR",NA,1,12,NA,NA,0,NA,NA,NA,NA,NA,NA,NA,NA,NA,NA,NA,NA,NA,NA,NA,NA,NA,NA,NA,NA,NA,NA,NA,NA,NA,NA,NA,NA,NA,NA,NA,NA,"DEN",NA,NA,NA,NA,NA,NA,NA,NA,NA,NA,NA,NA,NA,NA,NA,NA,NA,NA,NA,NA,NA,NA,NA,NA,NA
"Demarcus Robinson","WR","SF",NA,NA,NA,NA,NA,NA,NA,NA,0,0,NA,0,NA,1.1,NA,"15694","FFToday","12785","FFToday","WR",NA,1,11,NA,NA,0,NA,NA,NA,NA,NA,NA,NA,NA,NA,NA,NA,NA,NA,NA,NA,NA,NA,NA,NA,NA,NA,NA,NA,NA,NA,NA,NA,NA,NA,NA,NA,NA,"LAR",NA,NA,NA,NA,NA,NA,NA,NA,NA,NA,NA,NA,NA,NA,NA,NA,NA,NA,NA,NA,NA,NA,NA,NA,NA
"Xavier Legette","WR","CAR",NA,NA,NA,NA,NA,NA,NA,NA,0,0,NA,0,NA,1,NA,"19036","FFToday","16639","FFToday","WR",NA,1,10,NA,NA,0,NA,NA,NA,NA,NA,NA,NA,NA,NA,NA,NA,NA,NA,NA,NA,NA,NA,NA,NA,NA,NA,NA,NA,NA,NA,NA,NA,NA,NA,NA,NA,NA,"CHI",NA,NA,NA,NA,NA,NA,NA,NA,NA,NA,NA,NA,NA,NA,NA,NA,NA,NA,NA,NA,NA,NA,NA,NA,NA
"Ted Hurst","WR","TB",NA,NA,NA,NA,NA,NA,NA,NA,0,0,NA,0,NA,0.9,NA,"19932","FFToday","17520","FFToday","WR",NA,1,9,NA,NA,0,NA,NA,NA,NA,NA,NA,NA,NA,NA,NA,NA,NA,NA,NA,NA,NA,NA,NA,NA,NA,NA,NA,NA,NA,NA,NA,NA,NA,NA,NA,NA,NA,"CIN",NA,NA,NA,NA,NA,NA,NA,NA,NA,NA,NA,NA,NA,NA,NA,NA,NA,NA,NA,NA,NA,NA,NA,NA,NA
"Brock Bowers","TE","LV",NA,NA,NA,NA,NA,NA,NA,NA,0,0,NA,0,NA,9.8,NA,"18922","FFToday","16641","FFToday","TE",NA,6,68,NA,NA,0.5,NA,NA,NA,NA,NA,NA,NA,NA,NA,NA,NA,NA,NA,NA,NA,NA,NA,NA,NA,NA,NA,NA,NA,NA,NA,NA,NA,NA,NA,NA,NA,NA,"MIA",NA,NA,NA,NA,NA,NA,NA,NA,NA,NA,NA,NA,NA,NA,NA,NA,NA,NA,NA,NA,NA,NA,NA,NA,NA
"Trey McBride","TE","ARI",NA,NA,NA,NA,NA,NA,NA,NA,0,0,NA,0,NA,9.7,NA,"18148","FFToday","15794","FFToday","TE",NA,7,67,NA,NA,0.5,NA,NA,NA,NA,NA,NA,NA,NA,NA,NA,NA,NA,NA,NA,NA,NA,NA,NA,NA,NA,NA,NA,NA,NA,NA,NA,NA,NA,NA,NA,NA,NA,"LAC",NA,NA,NA,NA,NA,NA,NA,NA,NA,NA,NA,NA,NA,NA,NA,NA,NA,NA,NA,NA,NA,NA,NA,NA,NA
"Colston Loveland","TE","CHI",NA,NA,NA,NA,NA,NA,NA,NA,0,0,NA,0,NA,8.6,NA,"19428","FFToday","17104","FFToday","TE",NA,5,62,NA,NA,0.4,NA,NA,NA,NA,NA,NA,NA,NA,NA,NA,NA,NA,NA,NA,NA,NA,NA,NA,NA,NA,NA,NA,NA,NA,NA,NA,NA,NA,NA,NA,NA,NA,"CAR",NA,NA,NA,NA,NA,NA,NA,NA,NA,NA,NA,NA,NA,NA,NA,NA,NA,NA,NA,NA,NA,NA,NA,NA,NA
"Tyler Warren","TE","IND",NA,NA,NA,NA,NA,NA,NA,NA,0,0,NA,0,NA,7.9,NA,"19539","FFToday","17102","FFToday","TE",NA,5,55,NA,NA,0.4,NA,NA,NA,NA,NA,NA,NA,NA,NA,NA,NA,NA,NA,NA,NA,NA,NA,NA,NA,NA,NA,NA,NA,NA,NA,NA,NA,NA,NA,NA,NA,NA,"BAL",NA,NA,NA,NA,NA,NA,NA,NA,NA,NA,NA,NA,NA,NA,NA,NA,NA,NA,NA,NA,NA,NA,NA,NA,NA
"Travis Kelce","TE","KC",NA,NA,NA,NA,NA,NA,NA,NA,0,0,NA,0,NA,7.4,NA,"13217","FFToday","11244","FFToday","TE",NA,5,56,NA,NA,0.3,NA,NA,NA,NA,NA,NA,NA,NA,NA,NA,NA,NA,NA,NA,NA,NA,NA,NA,NA,NA,NA,NA,NA,NA,NA,NA,NA,NA,NA,NA,NA,NA,"DEN",NA,NA,NA,NA,NA,NA,NA,NA,NA,NA,NA,NA,NA,NA,NA,NA,NA,NA,NA,NA,NA,NA,NA,NA,NA
"Harold Fannin Jr.","TE","CLE",NA,NA,NA,NA,NA,NA,NA,NA,0,0,NA,0,NA,7,NA,"19359","FFToday","17103","FFToday","TE",NA,5,52,NA,NA,0.3,NA,NA,NA,NA,NA,NA,NA,NA,NA,NA,NA,NA,NA,NA,NA,NA,NA,NA,NA,NA,NA,NA,NA,NA,NA,NA,NA,NA,NA,NA,NA,NA,"JAC",NA,NA,NA,NA,NA,NA,NA,NA,NA,NA,NA,NA,NA,NA,NA,NA,NA,NA,NA,NA,NA,NA,NA,NA,NA
"George Kittle","TE","SF",NA,NA,NA,NA,NA,NA,NA,NA,0,0,NA,0,NA,6.9,NA,"15929","FFToday","13299","FFToday","TE",NA,4,45,NA,NA,0.4,NA,NA,NA,NA,NA,NA,NA,NA,NA,NA,NA,NA,NA,NA,NA,NA,NA,NA,NA,NA,NA,NA,NA,NA,NA,NA,NA,NA,NA,NA,NA,NA,"LAR",NA,NA,NA,NA,NA,NA,NA,NA,NA,NA,NA,NA,NA,NA,NA,NA,NA,NA,NA,NA,NA,NA,NA,NA,NA
"Kyle Pitts","TE","ATL",NA,NA,NA,NA,NA,NA,NA,NA,0,0,NA,0,NA,6.7,NA,"17682","FFToday","15329","FFToday","TE",NA,4,49,NA,NA,0.3,NA,NA,NA,NA,NA,NA,NA,NA,NA,NA,NA,NA,NA,NA,NA,NA,NA,NA,NA,NA,NA,NA,NA,NA,NA,NA,NA,NA,NA,NA,NA,NA,"PIT",NA,NA,NA,NA,NA,NA,NA,NA,NA,NA,NA,NA,NA,NA,NA,NA,NA,NA,NA,NA,NA,NA,NA,NA,NA
"Dalton Kincaid","TE","BUF",NA,NA,NA,NA,NA,NA,NA,NA,0,0,NA,0,NA,6.6,NA,"18569","FFToday","16213","FFToday","TE",NA,4,48,NA,NA,0.3,NA,NA,NA,NA,NA,NA,NA,NA,NA,NA,NA,NA,NA,NA,NA,NA,NA,NA,NA,NA,NA,NA,NA,NA,NA,NA,NA,NA,NA,NA,NA,NA,"HOU",NA,NA,NA,NA,NA,NA,NA,NA,NA,NA,NA,NA,NA,NA,NA,NA,NA,NA,NA,NA,NA,NA,NA,NA,NA
"Sam LaPorta","TE","DET",NA,NA,NA,NA,NA,NA,NA,NA,0,0,NA,0,NA,6.6,NA,"18573","FFToday","16214","FFToday","TE",NA,4,48,NA,NA,0.3,NA,NA,NA,NA,NA,NA,NA,NA,NA,NA,NA,NA,NA,NA,NA,NA,NA,NA,NA,NA,NA,NA,NA,NA,NA,NA,NA,NA,NA,NA,NA,NA,"NO",NA,NA,NA,NA,NA,NA,NA,NA,NA,NA,NA,NA,NA,NA,NA,NA,NA,NA,NA,NA,NA,NA,NA,NA,NA
"Isaiah Likely","TE","NYG",NA,NA,NA,NA,NA,NA,NA,NA,0,0,NA,0,NA,6.2,NA,"18134","FFToday","15798","FFToday","TE",NA,4,44,NA,NA,0.3,NA,NA,NA,NA,NA,NA,NA,NA,NA,NA,NA,NA,NA,NA,NA,NA,NA,NA,NA,NA,NA,NA,NA,NA,NA,NA,NA,NA,NA,NA,NA,NA,"DAL",NA,NA,NA,NA,NA,NA,NA,NA,NA,NA,NA,NA,NA,NA,NA,NA,NA,NA,NA,NA,NA,NA,NA,NA,NA
"Mark Andrews","TE","BAL",NA,NA,NA,NA,NA,NA,NA,NA,0,0,NA,0,NA,5.9,NA,"16268","FFToday","13671","FFToday","TE",NA,4,41,NA,NA,0.3,NA,NA,NA,NA,NA,NA,NA,NA,NA,NA,NA,NA,NA,NA,NA,NA,NA,NA,NA,NA,NA,NA,NA,NA,NA,NA,NA,NA,NA,NA,NA,NA,"IND",NA,NA,NA,NA,NA,NA,NA,NA,NA,NA,NA,NA,NA,NA,NA,NA,NA,NA,NA,NA,NA,NA,NA,NA,NA
"Juwan Johnson","TE","NO",NA,NA,NA,NA,NA,NA,NA,NA,0,0,NA,0,NA,5.9,NA,"17335","FFToday","14861","FFToday","TE",NA,4,47,NA,NA,0.2,NA,NA,NA,NA,NA,NA,NA,NA,NA,NA,NA,NA,NA,NA,NA,NA,NA,NA,NA,NA,NA,NA,NA,NA,NA,NA,NA,NA,NA,NA,NA,NA,"DET",NA,NA,NA,NA,NA,NA,NA,NA,NA,NA,NA,NA,NA,NA,NA,NA,NA,NA,NA,NA,NA,NA,NA,NA,NA
"Dallas Goedert","TE","PHI",NA,NA,NA,NA,NA,NA,NA,NA,0,0,NA,0,NA,5.8,NA,"16151","FFToday","13674","FFToday","TE",NA,4,40,NA,NA,0.3,NA,NA,NA,NA,NA,NA,NA,NA,NA,NA,NA,NA,NA,NA,NA,NA,NA,NA,NA,NA,NA,NA,NA,NA,NA,NA,NA,NA,NA,NA,NA,NA,"WAS",NA,NA,NA,NA,NA,NA,NA,NA,NA,NA,NA,NA,NA,NA,NA,NA,NA,NA,NA,NA,NA,NA,NA,NA,NA
"Tucker Kraft","TE","GB",NA,NA,NA,NA,NA,NA,NA,NA,0,0,NA,0,NA,5.8,NA,"18570","FFToday","16222","FFToday","TE",NA,3,40,NA,NA,0.3,NA,NA,NA,NA,NA,NA,NA,NA,NA,NA,NA,NA,NA,NA,NA,NA,NA,NA,NA,NA,NA,NA,NA,NA,NA,NA,NA,NA,NA,NA,NA,NA,"MIN",NA,NA,NA,NA,NA,NA,NA,NA,NA,NA,NA,NA,NA,NA,NA,NA,NA,NA,NA,NA,NA,NA,NA,NA,NA
"Jake Ferguson","TE","DAL",NA,NA,NA,NA,NA,NA,NA,NA,0,0,NA,0,NA,5.6,NA,"18072","FFToday","15799","FFToday","TE",NA,5,44,NA,NA,0.2,NA,NA,NA,NA,NA,NA,NA,NA,NA,NA,NA,NA,NA,NA,NA,NA,NA,NA,NA,NA,NA,NA,NA,NA,NA,NA,NA,NA,NA,NA,NA,NA,"NYG",NA,NA,NA,NA,NA,NA,NA,NA,NA,NA,NA,NA,NA,NA,NA,NA,NA,NA,NA,NA,NA,NA,NA,NA,NA
"Chigoziem Okonkwo","TE","WAS",NA,NA,NA,NA,NA,NA,NA,NA,0,0,NA,0,NA,5.6,NA,"18167","FFToday","15889","FFToday","TE",NA,5,44,NA,NA,0.2,NA,NA,NA,NA,NA,NA,NA,NA,NA,NA,NA,NA,NA,NA,NA,NA,NA,NA,NA,NA,NA,NA,NA,NA,NA,NA,NA,NA,NA,NA,NA,NA,"PHI",NA,NA,NA,NA,NA,NA,NA,NA,NA,NA,NA,NA,NA,NA,NA,NA,NA,NA,NA,NA,NA,NA,NA,NA,NA
"Hunter Henry","TE","NE",NA,NA,NA,NA,NA,NA,NA,NA,0,0,NA,0,NA,5.1,NA,"15603","FFToday","12676","FFToday","TE",NA,3,39,NA,NA,0.2,NA,NA,NA,NA,NA,NA,NA,NA,NA,NA,NA,NA,NA,NA,NA,NA,NA,NA,NA,NA,NA,NA,NA,NA,NA,NA,NA,NA,NA,NA,NA,NA,"SEA",NA,NA,NA,NA,NA,NA,NA,NA,NA,NA,NA,NA,NA,NA,NA,NA,NA,NA,NA,NA,NA,NA,NA,NA,NA
"Pat Freiermuth","TE","PIT",NA,NA,NA,NA,NA,NA,NA,NA,0,0,NA,0,NA,5,NA,"17574","FFToday","15331","FFToday","TE",NA,4,38,NA,NA,0.2,NA,NA,NA,NA,NA,NA,NA,NA,NA,NA,NA,NA,NA,NA,NA,NA,NA,NA,NA,NA,NA,NA,NA,NA,NA,NA,NA,NA,NA,NA,NA,NA,"ATL",NA,NA,NA,NA,NA,NA,NA,NA,NA,NA,NA,NA,NA,NA,NA,NA,NA,NA,NA,NA,NA,NA,NA,NA,NA
"Dalton Schultz","TE","HOU",NA,NA,NA,NA,NA,NA,NA,NA,0,0,NA,0,NA,5,NA,"16152","FFToday","13772","FFToday","TE",NA,4,38,NA,NA,0.2,NA,NA,NA,NA,NA,NA,NA,NA,NA,NA,NA,NA,NA,NA,NA,NA,NA,NA,NA,NA,NA,NA,NA,NA,NA,NA,NA,NA,NA,NA,NA,NA,"BUF",NA,NA,NA,NA,NA,NA,NA,NA,NA,NA,NA,NA,NA,NA,NA,NA,NA,NA,NA,NA,NA,NA,NA,NA,NA
"Terrance Ferguson","TE","LAR",NA,NA,NA,NA,NA,NA,NA,NA,0,0,NA,0,NA,4.8,NA,"19362","FFToday","17107","FFToday","TE",NA,3,36,NA,NA,0.2,NA,NA,NA,NA,NA,NA,NA,NA,NA,NA,NA,NA,NA,NA,NA,NA,NA,NA,NA,NA,NA,NA,NA,NA,NA,NA,NA,NA,NA,NA,NA,NA,"SF",NA,NA,NA,NA,NA,NA,NA,NA,NA,NA,NA,NA,NA,NA,NA,NA,NA,NA,NA,NA,NA,NA,NA,NA,NA
"T.J. Hockenson","TE","MIN",NA,NA,NA,NA,NA,NA,NA,NA,0,0,NA,0,NA,4.7,NA,"16600","FFToday","14138","FFToday","TE",NA,4,35,NA,NA,0.2,NA,NA,NA,NA,NA,NA,NA,NA,NA,NA,NA,NA,NA,NA,NA,NA,NA,NA,NA,NA,NA,NA,NA,NA,NA,NA,NA,NA,NA,NA,NA,NA,"GB",NA,NA,NA,NA,NA,NA,NA,NA,NA,NA,NA,NA,NA,NA,NA,NA,NA,NA,NA,NA,NA,NA,NA,NA,NA
"AJ Barner","TE","SEA",NA,NA,NA,NA,NA,NA,NA,NA,0,0,NA,0,NA,4.5,NA,"18911","FFToday","16723","FFToday","TE",NA,4,33,NA,NA,0.2,NA,NA,NA,NA,NA,NA,NA,NA,NA,NA,NA,NA,NA,NA,NA,NA,NA,NA,NA,NA,NA,NA,NA,NA,NA,NA,NA,NA,NA,NA,NA,NA,"NE",NA,NA,NA,NA,NA,NA,NA,NA,NA,NA,NA,NA,NA,NA,NA,NA,NA,NA,NA,NA,NA,NA,NA,NA,NA
"Greg Dulcich","TE","MIA",NA,NA,NA,NA,NA,NA,NA,NA,0,0,NA,0,NA,4.5,NA,"18059","FFToday","15797","FFToday","TE",NA,3,33,NA,NA,0.2,NA,NA,NA,NA,NA,NA,NA,NA,NA,NA,NA,NA,NA,NA,NA,NA,NA,NA,NA,NA,NA,NA,NA,NA,NA,NA,NA,NA,NA,NA,NA,NA,"LV",NA,NA,NA,NA,NA,NA,NA,NA,NA,NA,NA,NA,NA,NA,NA,NA,NA,NA,NA,NA,NA,NA,NA,NA,NA
"Brenton Strange","TE","JAC",NA,NA,NA,NA,NA,NA,NA,NA,0,0,NA,0,NA,4.1,NA,"18664","FFToday","16269","FFToday","TE",NA,3,29,NA,NA,0.2,NA,NA,NA,NA,NA,NA,NA,NA,NA,NA,NA,NA,NA,NA,NA,NA,NA,NA,NA,NA,NA,NA,NA,NA,NA,NA,NA,NA,NA,NA,NA,NA,"CLE",NA,NA,NA,NA,NA,NA,NA,NA,NA,NA,NA,NA,NA,NA,NA,NA,NA,NA,NA,NA,NA,NA,NA,NA,NA
"Gunnar Helm","TE","TEN",NA,NA,NA,NA,NA,NA,NA,NA,0,0,NA,0,NA,4,NA,"19387","FFToday","17105","FFToday","TE",NA,3,28,NA,NA,0.2,NA,NA,NA,NA,NA,NA,NA,NA,NA,NA,NA,NA,NA,NA,NA,NA,NA,NA,NA,NA,NA,NA,NA,NA,NA,NA,NA,NA,NA,NA,NA,NA,"NYJ",NA,NA,NA,NA,NA,NA,NA,NA,NA,NA,NA,NA,NA,NA,NA,NA,NA,NA,NA,NA,NA,NA,NA,NA,NA
"Mason Taylor","TE","NYJ",NA,NA,NA,NA,NA,NA,NA,NA,0,0,NA,0,NA,4,NA,"19521","FFToday","17106","FFToday","TE",NA,4,34,NA,NA,0.1,NA,NA,NA,NA,NA,NA,NA,NA,NA,NA,NA,NA,NA,NA,NA,NA,NA,NA,NA,NA,NA,NA,NA,NA,NA,NA,NA,NA,NA,NA,NA,NA,"TEN",NA,NA,NA,NA,NA,NA,NA,NA,NA,NA,NA,NA,NA,NA,NA,NA,NA,NA,NA,NA,NA,NA,NA,NA,NA
"Cade Otton","TE","TB",NA,NA,NA,NA,NA,NA,NA,NA,0,0,NA,0,NA,3.7,NA,"18171","FFToday","15802","FFToday","TE",NA,3,31,NA,NA,0.1,NA,NA,NA,NA,NA,NA,NA,NA,NA,NA,NA,NA,NA,NA,NA,NA,NA,NA,NA,NA,NA,NA,NA,NA,NA,NA,NA,NA,NA,NA,NA,NA,"CIN",NA,NA,NA,NA,NA,NA,NA,NA,NA,NA,NA,NA,NA,NA,NA,NA,NA,NA,NA,NA,NA,NA,NA,NA,NA
"David Njoku","TE","LAC",NA,NA,NA,NA,NA,NA,NA,NA,0,0,NA,0,NA,3.4,NA,"15971","FFToday","13192","FFToday","TE",NA,3,22,NA,NA,0.2,NA,NA,NA,NA,NA,NA,NA,NA,NA,NA,NA,NA,NA,NA,NA,NA,NA,NA,NA,NA,NA,NA,NA,NA,NA,NA,NA,NA,NA,NA,NA,NA,"ARI",NA,NA,NA,NA,NA,NA,NA,NA,NA,NA,NA,NA,NA,NA,NA,NA,NA,NA,NA,NA,NA,NA,NA,NA,NA
"Tommy Tremble","TE","CAR",NA,NA,NA,NA,NA,NA,NA,NA,0,0,NA,0,NA,3.4,NA,"17731","FFToday","15332","FFToday","TE",NA,3,28,NA,NA,0.1,NA,NA,NA,NA,NA,NA,NA,NA,NA,NA,NA,NA,NA,NA,NA,NA,NA,NA,NA,NA,NA,NA,NA,NA,NA,NA,NA,NA,NA,NA,NA,NA,"CHI",NA,NA,NA,NA,NA,NA,NA,NA,NA,NA,NA,NA,NA,NA,NA,NA,NA,NA,NA,NA,NA,NA,NA,NA,NA
"Charlie Kolar","TE","LAC",NA,NA,NA,NA,NA,NA,NA,NA,0,0,NA,0,NA,3.2,NA,"18129","FFToday","15795","FFToday","TE",NA,2,20,NA,NA,0.2,NA,NA,NA,NA,NA,NA,NA,NA,NA,NA,NA,NA,NA,NA,NA,NA,NA,NA,NA,NA,NA,NA,NA,NA,NA,NA,NA,NA,NA,NA,NA,NA,"ARI",NA,NA,NA,NA,NA,NA,NA,NA,NA,NA,NA,NA,NA,NA,NA,NA,NA,NA,NA,NA,NA,NA,NA,NA,NA
"Mike Gesicki","TE","CIN",NA,NA,NA,NA,NA,NA,NA,NA,0,0,NA,0,NA,2.8,NA,"16281","FFToday","13672","FFToday","TE",NA,2,22,NA,NA,0.1,NA,NA,NA,NA,NA,NA,NA,NA,NA,NA,NA,NA,NA,NA,NA,NA,NA,NA,NA,NA,NA,NA,NA,NA,NA,NA,NA,NA,NA,NA,NA,NA,"TB",NA,NA,NA,NA,NA,NA,NA,NA,NA,NA,NA,NA,NA,NA,NA,NA,NA,NA,NA,NA,NA,NA,NA,NA,NA
"Colby Parkinson","TE","LAR",NA,NA,NA,NA,NA,NA,NA,NA,0,0,NA,0,NA,2.8,NA,"17173","FFToday","14871","FFToday","TE",NA,2,22,NA,NA,0.1,NA,NA,NA,NA,NA,NA,NA,NA,NA,NA,NA,NA,NA,NA,NA,NA,NA,NA,NA,NA,NA,NA,NA,NA,NA,NA,NA,NA,NA,NA,NA,NA,"SF",NA,NA,NA,NA,NA,NA,NA,NA,NA,NA,NA,NA,NA,NA,NA,NA,NA,NA,NA,NA,NA,NA,NA,NA,NA
"Evan Engram","TE","DEN",NA,NA,NA,NA,NA,NA,NA,NA,0,0,NA,0,NA,2.5,NA,"15862","FFToday","13189","FFToday","TE",NA,2,19,NA,NA,0.1,NA,NA,NA,NA,NA,NA,NA,NA,NA,NA,NA,NA,NA,NA,NA,NA,NA,NA,NA,NA,NA,NA,NA,NA,NA,NA,NA,NA,NA,NA,NA,NA,"KC",NA,NA,NA,NA,NA,NA,NA,NA,NA,NA,NA,NA,NA,NA,NA,NA,NA,NA,NA,NA,NA,NA,NA,NA,NA
"Dawson Knox","TE","BUF",NA,NA,NA,NA,NA,NA,NA,NA,0,0,NA,0,NA,2.5,NA,"16629","FFToday","14143","FFToday","TE",NA,2,19,NA,NA,0.1,NA,NA,NA,NA,NA,NA,NA,NA,NA,NA,NA,NA,NA,NA,NA,NA,NA,NA,NA,NA,NA,NA,NA,NA,NA,NA,NA,NA,NA,NA,NA,NA,"HOU",NA,NA,NA,NA,NA,NA,NA,NA,NA,NA,NA,NA,NA,NA,NA,NA,NA,NA,NA,NA,NA,NA,NA,NA,NA
"Erick All","TE","CIN",NA,NA,NA,NA,NA,NA,NA,NA,0,0,NA,0,NA,2.4,NA,"18904","FFToday","16645","FFToday","TE",NA,2,18,NA,NA,0.1,NA,NA,NA,NA,NA,NA,NA,NA,NA,NA,NA,NA,NA,NA,NA,NA,NA,NA,NA,NA,NA,NA,NA,NA,NA,NA,NA,NA,NA,NA,NA,NA,"TB",NA,NA,NA,NA,NA,NA,NA,NA,NA,NA,NA,NA,NA,NA,NA,NA,NA,NA,NA,NA,NA,NA,NA,NA,NA
"Oronde Gadsden","TE","LAC",NA,NA,NA,NA,NA,NA,NA,NA,0,0,NA,0,NA,2.4,NA,"19367","FFToday","17099","FFToday","TE",NA,1,18,NA,NA,0.1,NA,NA,NA,NA,NA,NA,NA,NA,NA,NA,NA,NA,NA,NA,NA,NA,NA,NA,NA,NA,NA,NA,NA,NA,NA,NA,NA,NA,NA,NA,NA,NA,"ARI",NA,NA,NA,NA,NA,NA,NA,NA,NA,NA,NA,NA,NA,NA,NA,NA,NA,NA,NA,NA,NA,NA,NA,NA,NA
"Elijah Arroyo","TE","SEA",NA,NA,NA,NA,NA,NA,NA,NA,0,0,NA,0,NA,1.9,NA,"19304","FFToday","17108","FFToday","TE",NA,1,13,NA,NA,0.1,NA,NA,NA,NA,NA,NA,NA,NA,NA,NA,NA,NA,NA,NA,NA,NA,NA,NA,NA,NA,NA,NA,NA,NA,NA,NA,NA,NA,NA,NA,NA,NA,"NE",NA,NA,NA,NA,NA,NA,NA,NA,NA,NA,NA,NA,NA,NA,NA,NA,NA,NA,NA,NA,NA,NA,NA,NA,NA
"Noah Gray","TE","KC",NA,NA,NA,NA,NA,NA,NA,NA,0,0,NA,0,NA,1.1,NA,"17587","FFToday","15337","FFToday","TE",NA,1,11,NA,NA,0,NA,NA,NA,NA,NA,NA,NA,NA,NA,NA,NA,NA,NA,NA,NA,NA,NA,NA,NA,NA,NA,NA,NA,NA,NA,NA,NA,NA,NA,NA,NA,NA,"DEN",NA,NA,NA,NA,NA,NA,NA,NA,NA,NA,NA,NA,NA,NA,NA,NA,NA,NA,NA,NA,NA,NA,NA,NA,NA
"Cole Kmet","TE","CHI",NA,NA,NA,NA,NA,NA,NA,NA,0,0,NA,0,NA,1.1,NA,"17140","FFToday","14867","FFToday","TE",NA,1,11,NA,NA,0,NA,NA,NA,NA,NA,NA,NA,NA,NA,NA,NA,NA,NA,NA,NA,NA,NA,NA,NA,NA,NA,NA,NA,NA,NA,NA,NA,NA,NA,NA,NA,NA,"CAR",NA,NA,NA,NA,NA,NA,NA,NA,NA,NA,NA,NA,NA,NA,NA,NA,NA,NA,NA,NA,NA,NA,NA,NA,NA
"Kenyon Sadiq","TE","NYJ",NA,NA,NA,NA,NA,NA,NA,NA,0,0,NA,0,NA,1.1,NA,"19865","FFToday","17543","FFToday","TE",NA,1,11,NA,NA,0,NA,NA,NA,NA,NA,NA,NA,NA,NA,NA,NA,NA,NA,NA,NA,NA,NA,NA,NA,NA,NA,NA,NA,NA,NA,NA,NA,NA,NA,NA,NA,NA,"TEN",NA,NA,NA,NA,NA,NA,NA,NA,NA,NA,NA,NA,NA,NA,NA,NA,NA,NA,NA,NA,NA,NA,NA,NA,NA
"Darren Waller","TE","CAR",NA,NA,NA,NA,NA,NA,NA,NA,0,0,NA,0,NA,1,NA,"15340","FFToday","12263","FFToday","TE",NA,1,10,NA,NA,0,NA,NA,NA,NA,NA,NA,NA,NA,NA,NA,NA,NA,NA,NA,NA,NA,NA,NA,NA,NA,NA,NA,NA,NA,NA,NA,NA,NA,NA,NA,NA,NA,"CHI",NA,NA,NA,NA,NA,NA,NA,NA,NA,NA,NA,NA,NA,NA,NA,NA,NA,NA,NA,NA,NA,NA,NA,NA,NA
"Michael Mayer","TE","LV",NA,NA,NA,NA,NA,NA,NA,NA,0,0,NA,0,NA,0.7,NA,"18586","FFToday","16212","FFToday","TE",NA,1,7,NA,NA,0,NA,NA,NA,NA,NA,NA,NA,NA,NA,NA,NA,NA,NA,NA,NA,NA,NA,NA,NA,NA,NA,NA,NA,NA,NA,NA,NA,NA,NA,NA,NA,NA,"MIA",NA,NA,NA,NA,NA,NA,NA,NA,NA,NA,NA,NA,NA,NA,NA,NA,NA,NA,NA,NA,NA,NA,NA,NA,NA
"Darnell Washington","TE","PIT",NA,NA,NA,NA,NA,NA,NA,NA,0,0,NA,0,NA,0.5,NA,"18687","FFToday","16216","FFToday","TE",NA,1,5,NA,NA,0,NA,NA,NA,NA,NA,NA,NA,NA,NA,NA,NA,NA,NA,NA,NA,NA,NA,NA,NA,NA,NA,NA,NA,NA,NA,NA,NA,NA,NA,NA,NA,NA,"ATL",NA,NA,NA,NA,NA,NA,NA,NA,NA,NA,NA,NA,NA,NA,NA,NA,NA,NA,NA,NA,NA,NA,NA,NA,NA
"Cameron Dicker","K","LAC",NA,NA,NA,NA,NA,NA,NA,NA,NA,NA,NA,NA,NA,12,NA,"18318","FFToday","15979","FFToday","K",NA,NA,NA,NA,NA,NA,3,NA,NA,NA,NA,NA,NA,NA,NA,NA,NA,NA,3,NA,NA,NA,NA,NA,NA,NA,NA,NA,NA,NA,NA,NA,NA,NA,NA,NA,NA,NA,"ARI",0,0,NA,NA,NA,NA,NA,NA,NA,NA,NA,NA,NA,NA,NA,NA,NA,NA,NA,NA,NA,NA,NA,NA,NA
"Brandon Aubrey","K","DAL",NA,NA,NA,NA,NA,NA,NA,NA,NA,NA,NA,NA,NA,11,NA,"18715","FFToday","16414","FFToday","K",NA,NA,NA,NA,NA,NA,3,NA,NA,NA,NA,NA,NA,NA,NA,NA,NA,NA,2,NA,NA,NA,NA,NA,NA,NA,NA,NA,NA,NA,NA,NA,NA,NA,NA,NA,NA,NA,"NYG",0,0,NA,NA,NA,NA,NA,NA,NA,NA,NA,NA,NA,NA,NA,NA,NA,NA,NA,NA,NA,NA,NA,NA,NA
"Chris Boswell","K","PIT",NA,NA,NA,NA,NA,NA,NA,NA,NA,NA,NA,NA,NA,11,NA,"14644","FFToday","11936","FFToday","K",NA,NA,NA,NA,NA,NA,3,NA,NA,NA,NA,NA,NA,NA,NA,NA,NA,NA,2,NA,NA,NA,NA,NA,NA,NA,NA,NA,NA,NA,NA,NA,NA,NA,NA,NA,NA,NA,"ATL",0,0,NA,NA,NA,NA,NA,NA,NA,NA,NA,NA,NA,NA,NA,NA,NA,NA,NA,NA,NA,NA,NA,NA,NA
"Ka'imi Fairbairn","K","HOU",NA,NA,NA,NA,NA,NA,NA,NA,NA,NA,NA,NA,NA,11,NA,"14904","FFToday","12860","FFToday","K",NA,NA,NA,NA,NA,NA,3,NA,NA,NA,NA,NA,NA,NA,NA,NA,NA,NA,2,NA,NA,NA,NA,NA,NA,NA,NA,NA,NA,NA,NA,NA,NA,NA,NA,NA,NA,NA,"BUF",0,0,NA,NA,NA,NA,NA,NA,NA,NA,NA,NA,NA,NA,NA,NA,NA,NA,NA,NA,NA,NA,NA,NA,NA
"Tyler Loop","K","BAL",NA,NA,NA,NA,NA,NA,NA,NA,NA,NA,NA,NA,NA,11,NA,"19427","FFToday","17222","FFToday","K",NA,NA,NA,NA,NA,NA,3,NA,NA,NA,NA,NA,NA,NA,NA,NA,NA,NA,2,NA,NA,NA,NA,NA,NA,NA,NA,NA,NA,NA,NA,NA,NA,NA,NA,NA,NA,NA,"IND",0,0,NA,NA,NA,NA,NA,NA,NA,NA,NA,NA,NA,NA,NA,NA,NA,NA,NA,NA,NA,NA,NA,NA,NA
"Jake Bates","K","DET",NA,NA,NA,NA,NA,NA,NA,NA,NA,NA,NA,NA,NA,9,NA,"19160","FFToday","16846","FFToday","K",NA,NA,NA,NA,NA,NA,2,NA,NA,NA,NA,NA,NA,NA,NA,NA,NA,NA,3,NA,NA,NA,NA,NA,NA,NA,NA,NA,NA,NA,NA,NA,NA,NA,NA,NA,NA,NA,"NO",0,0,NA,NA,NA,NA,NA,NA,NA,NA,NA,NA,NA,NA,NA,NA,NA,NA,NA,NA,NA,NA,NA,NA,NA
"Jake Elliott","K","PHI",NA,NA,NA,NA,NA,NA,NA,NA,NA,NA,NA,NA,NA,9,NA,"15860","FFToday","13303","FFToday","K",NA,NA,NA,NA,NA,NA,2,NA,NA,NA,NA,NA,NA,NA,NA,NA,NA,NA,3,NA,NA,NA,NA,NA,NA,NA,NA,NA,NA,NA,NA,NA,NA,NA,NA,NA,NA,NA,"WAS",0,0,NA,NA,NA,NA,NA,NA,NA,NA,NA,NA,NA,NA,NA,NA,NA,NA,NA,NA,NA,NA,NA,NA,NA
"Evan McPherson","K","CIN",NA,NA,NA,NA,NA,NA,NA,NA,NA,NA,NA,NA,NA,9,NA,"17642","FFToday","15368","FFToday","K",NA,NA,NA,NA,NA,NA,2,NA,NA,NA,NA,NA,NA,NA,NA,NA,NA,NA,3,NA,NA,NA,NA,NA,NA,NA,NA,NA,NA,NA,NA,NA,NA,NA,NA,NA,NA,NA,"TB",0,0,NA,NA,NA,NA,NA,NA,NA,NA,NA,NA,NA,NA,NA,NA,NA,NA,NA,NA,NA,NA,NA,NA,NA
"Harrison Mevis","K","LAR",NA,NA,NA,NA,NA,NA,NA,NA,NA,NA,NA,NA,NA,9,NA,"19640","FFToday","16843","FFToday","K",NA,NA,NA,NA,NA,NA,2,NA,NA,NA,NA,NA,NA,NA,NA,NA,NA,NA,3,NA,NA,NA,NA,NA,NA,NA,NA,NA,NA,NA,NA,NA,NA,NA,NA,NA,NA,NA,"SF",0,0,NA,NA,NA,NA,NA,NA,NA,NA,NA,NA,NA,NA,NA,NA,NA,NA,NA,NA,NA,NA,NA,NA,NA
"Spencer Shrader","K","IND",NA,NA,NA,NA,NA,NA,NA,NA,NA,NA,NA,NA,NA,9,NA,"19171","FFToday","16896","FFToday","K",NA,NA,NA,NA,NA,NA,2,NA,NA,NA,NA,NA,NA,NA,NA,NA,NA,NA,3,NA,NA,NA,NA,NA,NA,NA,NA,NA,NA,NA,NA,NA,NA,NA,NA,NA,NA,NA,"BAL",0,0,NA,NA,NA,NA,NA,NA,NA,NA,NA,NA,NA,NA,NA,NA,NA,NA,NA,NA,NA,NA,NA,NA,NA
"Trey Smack","K","GB",NA,NA,NA,NA,NA,NA,NA,NA,NA,NA,NA,NA,NA,9,NA,"19939","FFToday","17668","FFToday","K",NA,NA,NA,NA,NA,NA,2,NA,NA,NA,NA,NA,NA,NA,NA,NA,NA,NA,3,NA,NA,NA,NA,NA,NA,NA,NA,NA,NA,NA,NA,NA,NA,NA,NA,NA,NA,NA,"MIN",0,0,NA,NA,NA,NA,NA,NA,NA,NA,NA,NA,NA,NA,NA,NA,NA,NA,NA,NA,NA,NA,NA,NA,NA
"Andres Borregales","K","NE",NA,NA,NA,NA,NA,NA,NA,NA,NA,NA,NA,NA,NA,8,NA,"19320","FFToday","17220","FFToday","K",NA,NA,NA,NA,NA,NA,2,NA,NA,NA,NA,NA,NA,NA,NA,NA,NA,NA,2,NA,NA,NA,NA,NA,NA,NA,NA,NA,NA,NA,NA,NA,NA,NA,NA,NA,NA,NA,"SEA",0,0,NA,NA,NA,NA,NA,NA,NA,NA,NA,NA,NA,NA,NA,NA,NA,NA,NA,NA,NA,NA,NA,NA,NA
"Harrison Butker","K","KC",NA,NA,NA,NA,NA,NA,NA,NA,NA,NA,NA,NA,NA,8,NA,"15827","FFToday","13354","FFToday","K",NA,NA,NA,NA,NA,NA,2,NA,NA,NA,NA,NA,NA,NA,NA,NA,NA,NA,2,NA,NA,NA,NA,NA,NA,NA,NA,NA,NA,NA,NA,NA,NA,NA,NA,NA,NA,NA,"DEN",0,0,NA,NA,NA,NA,NA,NA,NA,NA,NA,NA,NA,NA,NA,NA,NA,NA,NA,NA,NA,NA,NA,NA,NA
"Ryan Fitzgerald","K","CAR",NA,NA,NA,NA,NA,NA,NA,NA,NA,NA,NA,NA,NA,8,NA,"19563","FFToday","17277","FFToday","K",NA,NA,NA,NA,NA,NA,2,NA,NA,NA,NA,NA,NA,NA,NA,NA,NA,NA,2,NA,NA,NA,NA,NA,NA,NA,NA,NA,NA,NA,NA,NA,NA,NA,NA,NA,NA,NA,"CHI",0,0,NA,NA,NA,NA,NA,NA,NA,NA,NA,NA,NA,NA,NA,NA,NA,NA,NA,NA,NA,NA,NA,NA,NA
"Nick Folk","K","ATL",NA,NA,NA,NA,NA,NA,NA,NA,NA,NA,NA,NA,NA,8,NA,"3188","FFToday","8851","FFToday","K",NA,NA,NA,NA,NA,NA,2,NA,NA,NA,NA,NA,NA,NA,NA,NA,NA,NA,2,NA,NA,NA,NA,NA,NA,NA,NA,NA,NA,NA,NA,NA,NA,NA,NA,NA,NA,NA,"PIT",0,0,NA,NA,NA,NA,NA,NA,NA,NA,NA,NA,NA,NA,NA,NA,NA,NA,NA,NA,NA,NA,NA,NA,NA
"Matt Gay","K","LV",NA,NA,NA,NA,NA,NA,NA,NA,NA,NA,NA,NA,NA,8,NA,"16578","FFToday","14244","FFToday","K",NA,NA,NA,NA,NA,NA,2,NA,NA,NA,NA,NA,NA,NA,NA,NA,NA,NA,2,NA,NA,NA,NA,NA,NA,NA,NA,NA,NA,NA,NA,NA,NA,NA,NA,NA,NA,NA,"MIA",0,0,NA,NA,NA,NA,NA,NA,NA,NA,NA,NA,NA,NA,NA,NA,NA,NA,NA,NA,NA,NA,NA,NA,NA
"Blake Grupe","K","NYJ",NA,NA,NA,NA,NA,NA,NA,NA,NA,NA,NA,NA,NA,8,NA,"18719","FFToday","16444","FFToday","K",NA,NA,NA,NA,NA,NA,2,NA,NA,NA,NA,NA,NA,NA,NA,NA,NA,NA,2,NA,NA,NA,NA,NA,NA,NA,NA,NA,NA,NA,NA,NA,NA,NA,NA,NA,NA,NA,"TEN",0,0,NA,NA,NA,NA,NA,NA,NA,NA,NA,NA,NA,NA,NA,NA,NA,NA,NA,NA,NA,NA,NA,NA,NA
"Wil Lutz","K","DEN",NA,NA,NA,NA,NA,NA,NA,NA,NA,NA,NA,NA,NA,8,NA,"14750","FFToday","12956","FFToday","K",NA,NA,NA,NA,NA,NA,2,NA,NA,NA,NA,NA,NA,NA,NA,NA,NA,NA,2,NA,NA,NA,NA,NA,NA,NA,NA,NA,NA,NA,NA,NA,NA,NA,NA,NA,NA,NA,"KC",0,0,NA,NA,NA,NA,NA,NA,NA,NA,NA,NA,NA,NA,NA,NA,NA,NA,NA,NA,NA,NA,NA,NA,NA
"Will Reichard","K","MIN",NA,NA,NA,NA,NA,NA,NA,NA,NA,NA,NA,NA,NA,8,NA,"19090","FFToday","16681","FFToday","K",NA,NA,NA,NA,NA,NA,2,NA,NA,NA,NA,NA,NA,NA,NA,NA,NA,NA,2,NA,NA,NA,NA,NA,NA,NA,NA,NA,NA,NA,NA,NA,NA,NA,NA,NA,NA,NA,"GB",0,0,NA,NA,NA,NA,NA,NA,NA,NA,NA,NA,NA,NA,NA,NA,NA,NA,NA,NA,NA,NA,NA,NA,NA
"Chad Ryland","K","ARI",NA,NA,NA,NA,NA,NA,NA,NA,NA,NA,NA,NA,NA,8,NA,"18636","FFToday","16292","FFToday","K",NA,NA,NA,NA,NA,NA,2,NA,NA,NA,NA,NA,NA,NA,NA,NA,NA,NA,2,NA,NA,NA,NA,NA,NA,NA,NA,NA,NA,NA,NA,NA,NA,NA,NA,NA,NA,NA,"LAC",0,0,NA,NA,NA,NA,NA,NA,NA,NA,NA,NA,NA,NA,NA,NA,NA,NA,NA,NA,NA,NA,NA,NA,NA
"Cairo Santos","K","CHI",NA,NA,NA,NA,NA,NA,NA,NA,NA,NA,NA,NA,NA,8,NA,"14392","FFToday","11945","FFToday","K",NA,NA,NA,NA,NA,NA,2,NA,NA,NA,NA,NA,NA,NA,NA,NA,NA,NA,2,NA,NA,NA,NA,NA,NA,NA,NA,NA,NA,NA,NA,NA,NA,NA,NA,NA,NA,NA,"CAR",0,0,NA,NA,NA,NA,NA,NA,NA,NA,NA,NA,NA,NA,NA,NA,NA,NA,NA,NA,NA,NA,NA,NA,NA
"Drew Stevens","K","WAS",NA,NA,NA,NA,NA,NA,NA,NA,NA,NA,NA,NA,NA,8,NA,"19959","FFToday","17726","FFToday","K",NA,NA,NA,NA,NA,NA,2,NA,NA,NA,NA,NA,NA,NA,NA,NA,NA,NA,2,NA,NA,NA,NA,NA,NA,NA,NA,NA,NA,NA,NA,NA,NA,NA,NA,NA,NA,NA,"PHI",0,0,NA,NA,NA,NA,NA,NA,NA,NA,NA,NA,NA,NA,NA,NA,NA,NA,NA,NA,NA,NA,NA,NA,NA
"Dominic Zvada","K","NYG",NA,NA,NA,NA,NA,NA,NA,NA,NA,NA,NA,NA,NA,8,NA,"19960","FFToday","17736","FFToday","K",NA,NA,NA,NA,NA,NA,2,NA,NA,NA,NA,NA,NA,NA,NA,NA,NA,NA,2,NA,NA,NA,NA,NA,NA,NA,NA,NA,NA,NA,NA,NA,NA,NA,NA,NA,NA,NA,"DAL",0,0,NA,NA,NA,NA,NA,NA,NA,NA,NA,NA,NA,NA,NA,NA,NA,NA,NA,NA,NA,NA,NA,NA,NA
"Tyler Bass","K","BUF",NA,NA,NA,NA,NA,NA,NA,NA,NA,NA,NA,NA,NA,6,NA,"17010","FFToday","14983","FFToday","K",NA,NA,NA,NA,NA,NA,1,NA,NA,NA,NA,NA,NA,NA,NA,NA,NA,NA,3,NA,NA,NA,NA,NA,NA,NA,NA,NA,NA,NA,NA,NA,NA,NA,NA,NA,NA,NA,"HOU",0,0,NA,NA,NA,NA,NA,NA,NA,NA,NA,NA,NA,NA,NA,NA,NA,NA,NA,NA,NA,NA,NA,NA,NA
"Daniel Carlson","K","NO",NA,NA,NA,NA,NA,NA,NA,NA,NA,NA,NA,NA,NA,6,NA,"16155","FFToday","13718","FFToday","K",NA,NA,NA,NA,NA,NA,1,NA,NA,NA,NA,NA,NA,NA,NA,NA,NA,NA,3,NA,NA,NA,NA,NA,NA,NA,NA,NA,NA,NA,NA,NA,NA,NA,NA,NA,NA,NA,"DET",0,0,NA,NA,NA,NA,NA,NA,NA,NA,NA,NA,NA,NA,NA,NA,NA,NA,NA,NA,NA,NA,NA,NA,NA
"Cam Little","K","JAC",NA,NA,NA,NA,NA,NA,NA,NA,NA,NA,NA,NA,NA,6,NA,"19039","FFToday","16680","FFToday","K",NA,NA,NA,NA,NA,NA,1,NA,NA,NA,NA,NA,NA,NA,NA,NA,NA,NA,3,NA,NA,NA,NA,NA,NA,NA,NA,NA,NA,NA,NA,NA,NA,NA,NA,NA,NA,NA,"CLE",0,0,NA,NA,NA,NA,NA,NA,NA,NA,NA,NA,NA,NA,NA,NA,NA,NA,NA,NA,NA,NA,NA,NA,NA
"Chase McLaughlin","K","TB",NA,NA,NA,NA,NA,NA,NA,NA,NA,NA,NA,NA,NA,6,NA,"16824","FFToday","14717","FFToday","K",NA,NA,NA,NA,NA,NA,1,NA,NA,NA,NA,NA,NA,NA,NA,NA,NA,NA,3,NA,NA,NA,NA,NA,NA,NA,NA,NA,NA,NA,NA,NA,NA,NA,NA,NA,NA,NA,"CIN",0,0,NA,NA,NA,NA,NA,NA,NA,NA,NA,NA,NA,NA,NA,NA,NA,NA,NA,NA,NA,NA,NA,NA,NA
"Jason Myers","K","SEA",NA,NA,NA,NA,NA,NA,NA,NA,NA,NA,NA,NA,NA,6,NA,"14584","FFToday","12437","FFToday","K",NA,NA,NA,NA,NA,NA,1,NA,NA,NA,NA,NA,NA,NA,NA,NA,NA,NA,3,NA,NA,NA,NA,NA,NA,NA,NA,NA,NA,NA,NA,NA,NA,NA,NA,NA,NA,NA,"NE",0,0,NA,NA,NA,NA,NA,NA,NA,NA,NA,NA,NA,NA,NA,NA,NA,NA,NA,NA,NA,NA,NA,NA,NA
"Eddy Pineiro","K","SF",NA,NA,NA,NA,NA,NA,NA,NA,NA,NA,NA,NA,NA,6,NA,"16055","FFToday","13719","FFToday","K",NA,NA,NA,NA,NA,NA,1,NA,NA,NA,NA,NA,NA,NA,NA,NA,NA,NA,3,NA,NA,NA,NA,NA,NA,NA,NA,NA,NA,NA,NA,NA,NA,NA,NA,NA,NA,NA,"LAR",0,0,NA,NA,NA,NA,NA,NA,NA,NA,NA,NA,NA,NA,NA,NA,NA,NA,NA,NA,NA,NA,NA,NA,NA
"Riley Patterson","K","MIA",NA,NA,NA,NA,NA,NA,NA,NA,NA,NA,NA,NA,NA,5,NA,"17860","FFToday","15369","FFToday","K",NA,NA,NA,NA,NA,NA,1,NA,NA,NA,NA,NA,NA,NA,NA,NA,NA,NA,2,NA,NA,NA,NA,NA,NA,NA,NA,NA,NA,NA,NA,NA,NA,NA,NA,NA,NA,NA,"LV",0,0,NA,NA,NA,NA,NA,NA,NA,NA,NA,NA,NA,NA,NA,NA,NA,NA,NA,NA,NA,NA,NA,NA,NA
"Joey Slye","K","TEN",NA,NA,NA,NA,NA,NA,NA,NA,NA,NA,NA,NA,NA,5,NA,"16763","FFToday","14600","FFToday","K",NA,NA,NA,NA,NA,NA,1,NA,NA,NA,NA,NA,NA,NA,NA,NA,NA,NA,2,NA,NA,NA,NA,NA,NA,NA,NA,NA,NA,NA,NA,NA,NA,NA,NA,NA,NA,NA,"NYJ",0,0,NA,NA,NA,NA,NA,NA,NA,NA,NA,NA,NA,NA,NA,NA,NA,NA,NA,NA,NA,NA,NA,NA,NA
"Andre Szmyt","K","CLE",NA,NA,NA,NA,NA,NA,NA,NA,NA,NA,NA,NA,NA,2,NA,"19565","FFToday","16419","FFToday","K",NA,NA,NA,NA,NA,NA,0,NA,NA,NA,NA,NA,NA,NA,NA,NA,NA,NA,2,NA,NA,NA,NA,NA,NA,NA,NA,NA,NA,NA,NA,NA,NA,NA,NA,NA,NA,NA,"JAC",0,0,NA,NA,NA,NA,NA,NA,NA,NA,NA,NA,NA,NA,NA,NA,NA,NA,NA,NA,NA,NA,NA,NA,NA
"Jalen Hurts","QB","PHI",NA,29,19,224.5,NA,2,0.5,115.8,6.6,28.6,NA,0.6,NA,24.16,NA,"15581","FleaFlicker","14783","FleaFlicker","QB",NA,NA,NA,NA,NA,NA,NA,NA,NA,NA,NA,NA,NA,NA,NA,NA,NA,NA,NA,NA,NA,NA,NA,NA,NA,NA,NA,NA,NA,NA,NA,NA,NA,NA,NA,NA,NA,NA,"WASSun 4:25 PM",NA,NA,0,"QB5","19/28","98%",NA,NA,NA,NA,NA,NA,NA,NA,NA,NA,NA,NA,NA,NA,NA,NA,NA,NA,NA
"Dak Prescott","QB","DAL",NA,35,23.1,260.1,NA,2,0.7,106.8,3.1,12.2,NA,0.1,NA,23.42,NA,"12159","FleaFlicker","12620","FleaFlicker","QB",NA,NA,NA,NA,NA,NA,NA,NA,NA,NA,NA,NA,NA,NA,NA,NA,NA,NA,NA,NA,NA,NA,NA,NA,NA,NA,NA,NA,NA,NA,NA,NA,NA,NA,NA,NA,NA,NA,"@NYGSun 8:20 PM",NA,NA,4,"QB10","23/35","98%",NA,NA,NA,NA,NA,NA,NA,NA,NA,NA,NA,NA,NA,NA,NA,NA,NA,NA,NA
"Trevor Lawrence","QB","JAC",NA,31.7,19.4,222.9,NA,2,0.7,104.5,4.9,20.5,NA,0.3,NA,23.27,NA,"16242","FleaFlicker","15237","FleaFlicker","QB",NA,NA,NA,NA,NA,NA,NA,NA,NA,NA,NA,NA,NA,NA,NA,NA,NA,NA,NA,NA,NA,NA,NA,NA,NA,NA,NA,NA,NA,NA,NA,NA,NA,NA,NA,NA,NA,NA,"CLESun 1:00 PM",NA,NA,7,"QB9","19/31","96%",NA,NA,NA,NA,NA,NA,NA,NA,NA,NA,NA,NA,NA,NA,NA,NA,NA,NA,NA
"Lamar Jackson","QB","BAL",NA,26.9,17.6,223.7,NA,2,0.6,117.9,7.1,38.3,NA,0.2,NA,22.81,NA,"13775","FleaFlicker","13593","FleaFlicker","QB",NA,NA,NA,NA,NA,NA,NA,NA,NA,NA,NA,NA,NA,NA,NA,NA,NA,NA,NA,NA,NA,NA,NA,NA,NA,NA,NA,NA,NA,NA,NA,NA,NA,NA,NA,NA,NA,NA,"@INDSun 1:00 PM",NA,NA,3,"QB2","17/26","99%",NA,NA,NA,NA,NA,NA,NA,NA,NA,NA,NA,NA,NA,NA,NA,NA,NA,NA,NA
"Justin Herbert","QB","LAC",NA,31.4,21.2,242.1,NA,2,0.7,112.6,5,25.5,NA,0.2,NA,22.51,NA,"15516","FleaFlicker","14779","FleaFlicker","QB",NA,NA,NA,NA,NA,NA,NA,NA,NA,NA,NA,NA,NA,NA,NA,NA,NA,NA,NA,NA,NA,NA,NA,NA,NA,NA,NA,NA,NA,NA,NA,NA,NA,NA,NA,NA,NA,NA,"ARISun 4:25 PM",NA,NA,7,"QB8","21/31","97%",NA,NA,NA,NA,NA,NA,NA,NA,NA,NA,NA,NA,NA,NA,NA,NA,NA,NA,NA
"Jared Goff","QB","DET",NA,32.8,22,258.8,NA,2,0.6,111.2,1.5,3.5,NA,0,NA,22.03,NA,"12102","FleaFlicker","12611","FleaFlicker","QB",NA,NA,NA,NA,NA,NA,NA,NA,NA,NA,NA,NA,NA,NA,NA,NA,NA,NA,NA,NA,NA,NA,NA,NA,NA,NA,NA,NA,NA,NA,NA,NA,NA,NA,NA,NA,NA,NA,"NOSun 1:00 PM",NA,NA,6,"QB15","21/32","94%",NA,NA,NA,NA,NA,NA,NA,NA,NA,NA,NA,NA,NA,NA,NA,NA,NA,NA,NA
"Caleb Williams","QB","CHI",NA,33.7,20.4,239.5,NA,2,0.6,103,4.3,21.5,NA,0.1,NA,21.61,NA,"18383","FleaFlicker","16579","FleaFlicker","QB",NA,NA,NA,NA,NA,NA,NA,NA,NA,NA,NA,NA,NA,NA,NA,NA,NA,NA,NA,NA,NA,NA,NA,NA,NA,NA,NA,NA,NA,NA,NA,NA,NA,NA,NA,NA,NA,NA,"@CARSun 1:00 PM",NA,NA,0,"QB7","20/33","97%",NA,NA,NA,NA,NA,NA,NA,NA,NA,NA,NA,NA,NA,NA,NA,NA,NA,NA,NA
"Matthew Stafford","QB","LAR",NA,33.5,21.7,250.8,NA,2,0.6,106.9,1.4,2.6,NA,0,NA,21.54,NA,"6038","FleaFlicker","9431","FleaFlicker","QB",NA,NA,NA,NA,NA,NA,NA,NA,NA,NA,NA,NA,NA,NA,NA,NA,NA,NA,NA,NA,NA,NA,NA,NA,NA,NA,NA,NA,NA,NA,NA,NA,NA,NA,NA,NA,NA,NA,"SFThu 8:35 PM",NA,NA,1,"QB16","21/33","97%",NA,NA,NA,NA,NA,NA,NA,NA,NA,NA,NA,NA,NA,NA,NA,NA,NA,NA,NA
"Joe Burrow","QB","CIN",NA,35.3,23.6,262.4,NA,2,0.7,107.1,2.5,9.7,NA,0.1,NA,21.15,NA,"15532","FleaFlicker","14777","FleaFlicker","QB",NA,NA,NA,NA,NA,NA,NA,NA,NA,NA,NA,NA,NA,NA,NA,NA,NA,NA,NA,NA,NA,NA,NA,NA,NA,NA,NA,NA,NA,NA,NA,NA,NA,NA,NA,NA,NA,NA,"TBSun 1:00 PM",NA,NA,6,"QB4","23/35","99%",NA,NA,NA,NA,NA,NA,NA,NA,NA,NA,NA,NA,NA,NA,NA,NA,NA,NA,NA
"Brock Purdy","QB","SF",NA,32.5,21.4,245.6,NA,2,0.9,109.5,4.2,16.8,NA,0.2,NA,20.98,NA,"17045","FleaFlicker","15698","FleaFlicker","QB",NA,NA,NA,NA,NA,NA,NA,NA,NA,NA,NA,NA,NA,NA,NA,NA,NA,NA,NA,NA,NA,NA,NA,NA,NA,NA,NA,NA,NA,NA,NA,NA,NA,NA,NA,NA,NA,NA,"@LARThu 8:35 PM",NA,NA,8,"QB11","21/32","93%",NA,NA,NA,NA,NA,NA,NA,NA,NA,NA,NA,NA,NA,NA,NA,NA,NA,NA,NA
"Baker Mayfield","QB","TB",NA,32.6,20.9,235.8,NA,2,0.8,105.6,3.4,18.8,NA,0.1,NA,20.47,NA,"13758","FleaFlicker","13590","FleaFlicker","QB",NA,NA,NA,NA,NA,NA,NA,NA,NA,NA,NA,NA,NA,NA,NA,NA,NA,NA,NA,NA,NA,NA,NA,NA,NA,NA,NA,NA,NA,NA,NA,NA,NA,NA,NA,NA,NA,NA,"@CINSun 1:00 PM",NA,NA,0,"QB19","20/32","87%",NA,NA,NA,NA,NA,NA,NA,NA,NA,NA,NA,NA,NA,NA,NA,NA,NA,NA,NA
"Aaron Rodgers","QB","PIT",NA,30.6,19.8,215.2,NA,2,0.7,106.9,1.3,4.9,NA,0.1,NA,20.11,NA,"3452","FleaFlicker","7836","FleaFlicker","QB",NA,NA,NA,NA,NA,NA,NA,NA,NA,NA,NA,NA,NA,NA,NA,NA,NA,NA,NA,NA,NA,NA,NA,NA,NA,NA,NA,NA,NA,NA,NA,NA,NA,NA,NA,NA,NA,NA,"ATLSun 1:00 PM",NA,NA,9,"QB28","19/30","45%",NA,NA,NA,NA,NA,NA,NA,NA,NA,NA,NA,NA,NA,NA,NA,NA,NA,NA,NA
"Drake Maye","QB","NE",NA,30.9,20.7,236.3,NA,1,0.7,101.5,5.8,27.4,NA,0.2,NA,20.06,NA,"18357","FleaFlicker","16580","FleaFlicker","QB",NA,NA,NA,NA,NA,NA,NA,NA,NA,NA,NA,NA,NA,NA,NA,NA,NA,NA,NA,NA,NA,NA,NA,NA,NA,NA,NA,NA,NA,NA,NA,NA,NA,NA,NA,NA,NA,NA,"@SEAWed 8:20 PM",NA,NA,1,"QB3","20/30","98%",NA,NA,NA,NA,NA,NA,NA,NA,NA,NA,NA,NA,NA,NA,NA,NA,NA,NA,NA
"Josh Allen","QB","BUF",NA,30,19.3,223.4,NA,1,0.8,96.9,6.5,31.6,NA,0.5,NA,19.79,NA,"13761","FleaFlicker","13589","FleaFlicker","QB",NA,NA,NA,NA,NA,NA,NA,NA,NA,NA,NA,NA,NA,NA,NA,NA,NA,NA,NA,NA,NA,NA,NA,NA,NA,NA,NA,NA,NA,NA,NA,NA,NA,NA,NA,NA,NA,NA,"@HOUSun 1:00 PM",NA,NA,7,"QB1","19/30","99%",NA,NA,NA,NA,NA,NA,NA,NA,NA,NA,NA,NA,NA,NA,NA,NA,NA,NA,NA
"Jordan Love","QB","GB",NA,30.8,19.8,230.4,NA,2,0.6,109,2.8,10.9,NA,0.1,NA,19.59,NA,"15522","FleaFlicker","14782","FleaFlicker","QB",NA,NA,NA,NA,NA,NA,NA,NA,NA,NA,NA,NA,NA,NA,NA,NA,NA,NA,NA,NA,NA,NA,NA,NA,NA,NA,NA,NA,NA,NA,NA,NA,NA,NA,NA,NA,NA,NA,"@MINSun 4:25 PM",NA,NA,1,"QB18","19/30","87%",NA,NA,NA,NA,NA,NA,NA,NA,NA,NA,NA,NA,NA,NA,NA,NA,NA,NA,NA
"Sam Darnold","QB","SEA",NA,30.7,20.3,239.6,NA,2,0.8,113.1,2.6,8.6,NA,0.1,NA,19.34,NA,"13770","FleaFlicker","13592","FleaFlicker","QB",NA,NA,NA,NA,NA,NA,NA,NA,NA,NA,NA,NA,NA,NA,NA,NA,NA,NA,NA,NA,NA,NA,NA,NA,NA,NA,NA,NA,NA,NA,NA,NA,NA,NA,NA,NA,NA,NA,"NEWed 8:20 PM",NA,NA,1,"QB22","20/30","77%",NA,NA,NA,NA,NA,NA,NA,NA,NA,NA,NA,NA,NA,NA,NA,NA,NA,NA,NA
"Jaxson Dart","QB","NYG",NA,30.1,19.4,218.8,NA,1,0.7,96.2,5.6,29.3,NA,0.4,NA,18.67,NA,"19253","FleaFlicker","17032","FleaFlicker","QB",NA,NA,NA,NA,NA,NA,NA,NA,NA,NA,NA,NA,NA,NA,NA,NA,NA,NA,NA,NA,NA,NA,NA,NA,NA,NA,NA,NA,NA,NA,NA,NA,NA,NA,NA,NA,NA,NA,"DALSun 8:20 PM",NA,NA,8,"QB13","19/30","92%",NA,NA,NA,NA,NA,NA,NA,NA,NA,NA,NA,NA,NA,NA,NA,NA,NA,NA,NA
"Jayden Daniels","QB","WAS",NA,30.2,18.5,205.3,NA,1,0.7,91.7,7.4,36.5,NA,0.3,NA,18.02,NA,"18372","FleaFlicker","16581","FleaFlicker","QB",NA,NA,NA,NA,NA,NA,NA,NA,NA,NA,NA,NA,NA,NA,NA,NA,NA,NA,NA,NA,NA,NA,NA,NA,NA,NA,NA,NA,NA,NA,NA,NA,NA,NA,NA,NA,NA,NA,"@PHISun 4:25 PM",NA,NA,7,"QB6","18/30","97%",NA,NA,NA,NA,NA,NA,NA,NA,NA,NA,NA,NA,NA,NA,NA,NA,NA,NA,NA
"Malik Willis","QB","MIA",NA,28.1,19.2,199.9,NA,1,0.7,100.1,7,34,NA,0.3,NA,17.54,NA,"16845","FleaFlicker","15694","FleaFlicker","QB",NA,NA,NA,NA,NA,NA,NA,NA,NA,NA,NA,NA,NA,NA,NA,NA,NA,NA,NA,NA,NA,NA,NA,NA,NA,NA,NA,NA,NA,NA,NA,NA,NA,NA,NA,NA,NA,NA,"@LVSun 4:25 PM",NA,NA,6,"QB21","19/28","65%",NA,NA,NA,NA,NA,NA,NA,NA,NA,NA,NA,NA,NA,NA,NA,NA,NA,NA,NA
"Tyler Shough","QB","NO",NA,35.5,22.9,250.3,NA,1,0.8,93.8,4.2,17.1,NA,0.2,NA,17.53,NA,"19321","FleaFlicker","17039","FleaFlicker","QB",NA,NA,NA,NA,NA,NA,NA,NA,NA,NA,NA,NA,NA,NA,NA,NA,NA,NA,NA,NA,NA,NA,NA,NA,NA,NA,NA,NA,NA,NA,NA,NA,NA,NA,NA,NA,NA,NA,"@DETSun 1:00 PM",NA,NA,8,"QB20","22/35","75%",NA,NA,NA,NA,NA,NA,NA,NA,NA,NA,NA,NA,NA,NA,NA,NA,NA,NA,NA
"Kyler Murray","QB","MIN",NA,31.4,20.9,213.8,NA,1,0.8,95.2,5.7,30.5,NA,0.2,NA,17.48,NA,"14664","FleaFlicker","14056","FleaFlicker","QB",NA,NA,NA,NA,NA,NA,NA,NA,NA,NA,NA,NA,NA,NA,NA,NA,NA,NA,NA,NA,NA,NA,NA,NA,NA,NA,NA,NA,NA,NA,NA,NA,NA,NA,NA,NA,NA,NA,"GBSun 4:25 PM",NA,NA,6,"QB17","20/31","85%",NA,NA,NA,NA,NA,NA,NA,NA,NA,NA,NA,NA,NA,NA,NA,NA,NA,NA,NA
"Daniel Jones","QB","IND",NA,32.7,20.8,231.4,NA,1,0.7,94.7,3.5,13.8,NA,0.2,NA,16.55,NA,"14668","FleaFlicker","14059","FleaFlicker","QB",NA,NA,NA,NA,NA,NA,NA,NA,NA,NA,NA,NA,NA,NA,NA,NA,NA,NA,NA,NA,NA,NA,NA,NA,NA,NA,NA,NA,NA,NA,NA,NA,NA,NA,NA,NA,NA,NA,"BALSun 1:00 PM",NA,NA,3,"QB24","20/32","61%",NA,NA,NA,NA,NA,NA,NA,NA,NA,NA,NA,NA,NA,NA,NA,NA,NA,NA,NA
"Bo Nix","QB","DEN",NA,34.1,21.9,218.9,NA,1,0.7,90.1,4.3,18,NA,0.2,NA,16.4,NA,"18362","FleaFlicker","16582","FleaFlicker","QB",NA,NA,NA,NA,NA,NA,NA,NA,NA,NA,NA,NA,NA,NA,NA,NA,NA,NA,NA,NA,NA,NA,NA,NA,NA,NA,NA,NA,NA,NA,NA,NA,NA,NA,NA,NA,NA,NA,"@KCMon 8:15 PM",NA,NA,0,"QB12","21/34","94%",NA,NA,NA,NA,NA,NA,NA,NA,NA,NA,NA,NA,NA,NA,NA,NA,NA,NA,NA
"Patrick Mahomes","QB","KC",NA,32.6,20,220.3,NA,1,0.7,93.2,3.6,19.1,NA,0.1,NA,16.33,NA,"12894","FleaFlicker","13116","FleaFlicker","QB",NA,NA,NA,NA,NA,NA,NA,NA,NA,NA,NA,NA,NA,NA,NA,NA,NA,NA,NA,NA,NA,NA,NA,NA,NA,NA,NA,NA,NA,NA,NA,NA,NA,NA,NA,NA,NA,NA,"DENMon 8:15 PM",NA,NA,5,"QB14","20/32","96%",NA,NA,NA,NA,NA,NA,NA,NA,NA,NA,NA,NA,NA,NA,NA,NA,NA,NA,NA
"Bryce Young","QB","CAR",NA,31.1,20.1,215.5,NA,1,0.8,95.5,3.9,18.9,NA,0.2,NA,16.2,NA,"17602","FleaFlicker","16148","FleaFlicker","QB",NA,NA,NA,NA,NA,NA,NA,NA,NA,NA,NA,NA,NA,NA,NA,NA,NA,NA,NA,NA,NA,NA,NA,NA,NA,NA,NA,NA,NA,NA,NA,NA,NA,NA,NA,NA,NA,NA,"CHISun 1:00 PM",NA,NA,5,"QB26","20/31","45%",NA,NA,NA,NA,NA,NA,NA,NA,NA,NA,NA,NA,NA,NA,NA,NA,NA,NA,NA
"C.J. Stroud","QB","HOU",NA,33.3,20.8,230.9,NA,1,0.7,91.7,2.9,13.6,NA,0.1,NA,15.93,NA,"17589","FleaFlicker","16150","FleaFlicker","QB",NA,NA,NA,NA,NA,NA,NA,NA,NA,NA,NA,NA,NA,NA,NA,NA,NA,NA,NA,NA,NA,NA,NA,NA,NA,NA,NA,NA,NA,NA,NA,NA,NA,NA,NA,NA,NA,NA,"BUFSun 1:00 PM",NA,NA,8,"QB23","20/33","71%",NA,NA,NA,NA,NA,NA,NA,NA,NA,NA,NA,NA,NA,NA,NA,NA,NA,NA,NA
"Jacoby Brissett","QB","ARI",NA,34.4,21.5,225.4,NA,1,0.7,90.9,2.9,12.7,NA,0.1,NA,15.58,NA,"12079","FleaFlicker","12616","FleaFlicker","QB",NA,NA,NA,NA,NA,NA,NA,NA,NA,NA,NA,NA,NA,NA,NA,NA,NA,NA,NA,NA,NA,NA,NA,NA,NA,NA,NA,NA,NA,NA,NA,NA,NA,NA,NA,NA,NA,NA,"@LACSun 4:25 PM",NA,NA,4,"QB27","21/34","39%",NA,NA,NA,NA,NA,NA,NA,NA,NA,NA,NA,NA,NA,NA,NA,NA,NA,NA,NA
"Cam Ward","QB","TEN",NA,32.7,20.1,213,NA,1,0.5,92.3,2.6,10.6,NA,0.1,NA,15.13,NA,"19243","FleaFlicker","17030","FleaFlicker","QB",NA,NA,NA,NA,NA,NA,NA,NA,NA,NA,NA,NA,NA,NA,NA,NA,NA,NA,NA,NA,NA,NA,NA,NA,NA,NA,NA,NA,NA,NA,NA,NA,NA,NA,NA,NA,NA,NA,"NYJSun 1:00 PM",NA,NA,9,"QB25","20/32","52%",NA,NA,NA,NA,NA,NA,NA,NA,NA,NA,NA,NA,NA,NA,NA,NA,NA,NA,NA
"Geno Smith","QB","NYJ",NA,28.9,19.6,211.4,NA,1,0.8,101.9,3.4,13.9,NA,0.1,NA,14.88,NA,"9372","FleaFlicker","11150","FleaFlicker","QB",NA,NA,NA,NA,NA,NA,NA,NA,NA,NA,NA,NA,NA,NA,NA,NA,NA,NA,NA,NA,NA,NA,NA,NA,NA,NA,NA,NA,NA,NA,NA,NA,NA,NA,NA,NA,NA,NA,"@TENSun 1:00 PM",NA,NA,3,"QB29","19/28","34%",NA,NA,NA,NA,NA,NA,NA,NA,NA,NA,NA,NA,NA,NA,NA,NA,NA,NA,NA
"Tua Tagovailoa","QB","ATL",NA,30.9,20.1,223.3,NA,1,0.8,99.7,1.9,5,NA,0.1,NA,14.28,NA,"15533","FleaFlicker","14778","FleaFlicker","QB",NA,NA,NA,NA,NA,NA,NA,NA,NA,NA,NA,NA,NA,NA,NA,NA,NA,NA,NA,NA,NA,NA,NA,NA,NA,NA,NA,NA,NA,NA,NA,NA,NA,NA,NA,NA,NA,NA,"@PITSun 1:00 PM",NA,NA,1,"QB31","20/30","33%",NA,NA,NA,NA,NA,NA,NA,NA,NA,NA,NA,NA,NA,NA,NA,NA,NA,NA,NA
"Deshaun Watson","QB","CLE",NA,29.4,18.3,187.9,NA,1,0.7,92.2,3.3,14.9,NA,0.1,NA,13.88,NA,"12919","FleaFlicker","13113","FleaFlicker","QB",NA,NA,NA,NA,NA,NA,NA,NA,NA,NA,NA,NA,NA,NA,NA,NA,NA,NA,NA,NA,NA,NA,NA,NA,NA,NA,NA,NA,NA,NA,NA,NA,NA,NA,NA,NA,NA,NA,"@JACSun 1:00 PM",NA,NA,1,"QB34","18/29","26%",NA,NA,NA,NA,NA,NA,NA,NA,NA,NA,NA,NA,NA,NA,NA,NA,NA,NA,NA
"Kirk Cousins","QB","LV",NA,26.7,18.4,200.6,NA,1,0.6,104.6,1.4,3,NA,0.1,NA,13.36,NA,"8625","FleaFlicker","10700","FleaFlicker","QB",NA,NA,NA,NA,NA,NA,NA,NA,NA,NA,NA,NA,NA,NA,NA,NA,NA,NA,NA,NA,NA,NA,NA,NA,NA,NA,NA,NA,NA,NA,NA,NA,NA,NA,NA,NA,NA,NA,"MIASun 4:25 PM",NA,NA,3,"QB33","18/26","30%",NA,NA,NA,NA,NA,NA,NA,NA,NA,NA,NA,NA,NA,NA,NA,NA,NA,NA,NA
"Fernando Mendoza","QB","LV",NA,5.8,3.9,39.9,NA,0.3,0.1,84.6,0.5,2.3,NA,0,NA,3.08,NA,"20048","FleaFlicker","17462","FleaFlicker","QB",NA,NA,NA,NA,NA,NA,NA,NA,NA,NA,NA,NA,NA,NA,NA,NA,NA,NA,NA,NA,NA,NA,NA,NA,NA,NA,NA,NA,NA,NA,NA,NA,NA,NA,NA,NA,NA,NA,"MIASun 4:25 PM",NA,NA,3,"QB30","3/5","46%",NA,NA,NA,NA,NA,NA,NA,NA,NA,NA,NA,NA,NA,NA,NA,NA,NA,NA,NA
"Shedeur Sanders","QB","CLE",NA,4,2.4,23.3,NA,0.1,0.1,67.7,0.3,2,NA,0,NA,1.58,NA,"19415","FleaFlicker","17031","FleaFlicker","QB",NA,NA,NA,NA,NA,NA,NA,NA,NA,NA,NA,NA,NA,NA,NA,NA,NA,NA,NA,NA,NA,NA,NA,NA,NA,NA,NA,NA,NA,NA,NA,NA,NA,NA,NA,NA,NA,NA,"@JACSun 1:00 PM",NA,NA,1,"QB35","2/4","29%",NA,NA,NA,NA,NA,NA,NA,NA,NA,NA,NA,NA,NA,NA,NA,NA,NA,NA,NA
"Ty Simpson","QB","LAR",NA,2.5,1.6,17.1,NA,0.1,0,79.2,0.2,1.1,NA,0,NA,1.46,NA,"20064","FleaFlicker","17463","FleaFlicker","QB",NA,NA,NA,NA,NA,NA,NA,NA,NA,NA,NA,NA,NA,NA,NA,NA,NA,NA,NA,NA,NA,NA,NA,NA,NA,NA,NA,NA,NA,NA,NA,NA,NA,NA,NA,NA,NA,NA,"SFThu 8:35 PM",NA,NA,1,NA,"1/2","30%",NA,NA,NA,NA,NA,NA,NA,NA,NA,NA,NA,NA,NA,NA,NA,NA,NA,NA,NA
"Anthony Richardson","QB","IND",NA,1.3,0.8,8.9,NA,0.1,0,60.4,0.3,1.1,NA,0,NA,0.95,NA,"17586","FleaFlicker","16152","FleaFlicker","QB",NA,NA,NA,NA,NA,NA,NA,NA,NA,NA,NA,NA,NA,NA,NA,NA,NA,NA,NA,NA,NA,NA,NA,NA,NA,NA,NA,NA,NA,NA,NA,NA,NA,NA,NA,NA,NA,NA,"BALSun 1:00 PM",NA,NA,3,NA,"0/1","19%",NA,NA,NA,NA,NA,NA,NA,NA,NA,NA,NA,NA,NA,NA,NA,NA,NA,NA,NA
"Marcus Mariota","QB","WAS",NA,2,1.2,13.4,NA,0.1,0.1,70.8,0.1,0.4,NA,0,NA,0.87,NA,"11184","FleaFlicker","12141","FleaFlicker","QB",NA,NA,NA,NA,NA,NA,NA,NA,NA,NA,NA,NA,NA,NA,NA,NA,NA,NA,NA,NA,NA,NA,NA,NA,NA,NA,NA,NA,NA,NA,NA,NA,NA,NA,NA,NA,NA,NA,"@PHISun 4:25 PM",NA,NA,7,NA,"1/2","11%",NA,NA,NA,NA,NA,NA,NA,NA,NA,NA,NA,NA,NA,NA,NA,NA,NA,NA,NA
"Joe Flacco","QB","CIN",NA,1.5,0.9,10.1,NA,0.1,0,68.8,0.1,0.5,NA,0,NA,0.85,NA,"5336","FleaFlicker","9064","FleaFlicker","QB",NA,NA,NA,NA,NA,NA,NA,NA,NA,NA,NA,NA,NA,NA,NA,NA,NA,NA,NA,NA,NA,NA,NA,NA,NA,NA,NA,NA,NA,NA,NA,NA,NA,NA,NA,NA,NA,NA,"TBSun 1:00 PM",NA,NA,6,NA,"0/1","11%",NA,NA,NA,NA,NA,NA,NA,NA,NA,NA,NA,NA,NA,NA,NA,NA,NA,NA,NA
"Tanner McKee","QB","PHI",NA,1.2,0.8,8.9,NA,0.1,0,60.4,0.2,0.6,NA,0,NA,0.83,NA,"17761","FleaFlicker","15702","FleaFlicker","QB",NA,NA,NA,NA,NA,NA,NA,NA,NA,NA,NA,NA,NA,NA,NA,NA,NA,NA,NA,NA,NA,NA,NA,NA,NA,NA,NA,NA,NA,NA,NA,NA,NA,NA,NA,NA,NA,NA,"WASSun 4:25 PM",NA,NA,0,NA,"0/1","3%",NA,NA,NA,NA,NA,NA,NA,NA,NA,NA,NA,NA,NA,NA,NA,NA,NA,NA,NA
"Joshua Dobbs","QB","DET",NA,1.3,0.8,9.2,NA,0.1,0,64.6,0.2,0.5,NA,0,NA,0.82,NA,"13017","FleaFlicker","13119","FleaFlicker","QB",NA,NA,NA,NA,NA,NA,NA,NA,NA,NA,NA,NA,NA,NA,NA,NA,NA,NA,NA,NA,NA,NA,NA,NA,NA,NA,NA,NA,NA,NA,NA,NA,NA,NA,NA,NA,NA,NA,"NOSun 1:00 PM",NA,NA,6,NA,"0/1","2%",NA,NA,NA,NA,NA,NA,NA,NA,NA,NA,NA,NA,NA,NA,NA,NA,NA,NA,NA
"Jahmyr Gibbs","RB","DET",NA,NA,NA,NA,NA,NA,NA,NA,17,86.4,NA,0.9,0.1,18.6,NA,"17612","FleaFlicker","16162","FleaFlicker","RB",4.3,4.3,33.4,NA,NA,0.2,NA,NA,NA,NA,NA,NA,NA,NA,NA,NA,NA,NA,NA,NA,NA,NA,NA,NA,NA,NA,NA,NA,NA,NA,NA,NA,NA,NA,NA,NA,NA,NA,"NOSun 1:00 PM",NA,NA,6,"RB1",NA,"99%",1.1,119.8,NA,NA,NA,NA,NA,NA,NA,NA,NA,NA,NA,NA,NA,NA,NA,NA,NA
"Bijan Robinson","RB","ATL",NA,NA,NA,NA,NA,NA,NA,NA,18.1,84.7,NA,0.5,0.1,15.92,NA,"17603","FleaFlicker","16161","FleaFlicker","RB",4.2,4.2,36.9,NA,NA,0.2,NA,NA,NA,NA,NA,NA,NA,NA,NA,NA,NA,NA,NA,NA,NA,NA,NA,NA,NA,NA,NA,NA,NA,NA,NA,NA,NA,NA,NA,NA,NA,NA,"@PITSun 1:00 PM",NA,NA,1,"RB2",NA,"99%",0.7,121.6,NA,NA,NA,NA,NA,NA,NA,NA,NA,NA,NA,NA,NA,NA,NA,NA,NA
"Jonathan Taylor","RB","IND",NA,NA,NA,NA,NA,NA,NA,NA,18.3,81.9,NA,0.7,0.1,15.33,NA,"15604","FleaFlicker","14802","FleaFlicker","RB",3,3,22.6,NA,NA,0.1,NA,NA,NA,NA,NA,NA,NA,NA,NA,NA,NA,NA,NA,NA,NA,NA,NA,NA,NA,NA,NA,NA,NA,NA,NA,NA,NA,NA,NA,NA,NA,NA,"BALSun 1:00 PM",NA,NA,3,"RB3",NA,"99%",0.8,104.5,NA,NA,NA,NA,NA,NA,NA,NA,NA,NA,NA,NA,NA,NA,NA,NA,NA
"Derrick Henry","RB","BAL",NA,NA,NA,NA,NA,NA,NA,NA,18.1,87.1,NA,0.8,0.1,14.77,NA,"12042","FleaFlicker","12626","FleaFlicker","RB",1.3,1.3,12,NA,NA,0.1,NA,NA,NA,NA,NA,NA,NA,NA,NA,NA,NA,NA,NA,NA,NA,NA,NA,NA,NA,NA,NA,NA,NA,NA,NA,NA,NA,NA,NA,NA,NA,NA,"@INDSun 1:00 PM",NA,NA,3,"RB6",NA,"99%",0.8,99,NA,NA,NA,NA,NA,NA,NA,NA,NA,NA,NA,NA,NA,NA,NA,NA,NA
"Christian McCaffrey","RB","SF",NA,NA,NA,NA,NA,NA,NA,NA,15.8,64.7,NA,0.5,0.1,14.6,NA,"12892","FleaFlicker","13130","FleaFlicker","RB",4.4,4.4,36.1,NA,NA,0.3,NA,NA,NA,NA,NA,NA,NA,NA,NA,NA,NA,NA,NA,NA,NA,NA,NA,NA,NA,NA,NA,NA,NA,NA,NA,NA,NA,NA,NA,NA,NA,NA,"@LARThu 8:35 PM",NA,NA,8,"RB4",NA,"99%",0.8,100.8,NA,NA,NA,NA,NA,NA,NA,NA,NA,NA,NA,NA,NA,NA,NA,NA,NA
"De'Von Achane","RB","MIA",NA,NA,NA,NA,NA,NA,NA,NA,14.1,71.4,NA,0.4,0.1,13.86,NA,"17617","FleaFlicker","16167","FleaFlicker","RB",4.1,4.1,29.8,NA,NA,0.2,NA,NA,NA,NA,NA,NA,NA,NA,NA,NA,NA,NA,NA,NA,NA,NA,NA,NA,NA,NA,NA,NA,NA,NA,NA,NA,NA,NA,NA,NA,NA,NA,"@LVSun 4:25 PM",NA,NA,6,"RB11",NA,"98%",0.7,101.2,NA,NA,NA,NA,NA,NA,NA,NA,NA,NA,NA,NA,NA,NA,NA,NA,NA
"Saquon Barkley","RB","PHI",NA,NA,NA,NA,NA,NA,NA,NA,17.3,79.4,NA,0.5,0.1,13.77,NA,"13778","FleaFlicker","13604","FleaFlicker","RB",2.5,2.5,21.1,NA,NA,0.1,NA,NA,NA,NA,NA,NA,NA,NA,NA,NA,NA,NA,NA,NA,NA,NA,NA,NA,NA,NA,NA,NA,NA,NA,NA,NA,NA,NA,NA,NA,NA,NA,"WASSun 4:25 PM",NA,NA,0,"RB7",NA,"99%",0.7,100.4,NA,NA,NA,NA,NA,NA,NA,NA,NA,NA,NA,NA,NA,NA,NA,NA,NA
"James Cook","RB","BUF",NA,NA,NA,NA,NA,NA,NA,NA,17.1,81.4,NA,0.5,0.1,13.32,NA,"16839","FleaFlicker","15715","FleaFlicker","RB",2,2,15.8,NA,NA,0.1,NA,NA,NA,NA,NA,NA,NA,NA,NA,NA,NA,NA,NA,NA,NA,NA,NA,NA,NA,NA,NA,NA,NA,NA,NA,NA,NA,NA,NA,NA,NA,NA,"@HOUSun 1:00 PM",NA,NA,7,"RB5",NA,"99%",0.6,97.3,NA,NA,NA,NA,NA,NA,NA,NA,NA,NA,NA,NA,NA,NA,NA,NA,NA
"Chase Brown","RB","CIN",NA,NA,NA,NA,NA,NA,NA,NA,14.4,62.1,NA,0.5,0.1,13.3,NA,"17756","FleaFlicker","16181","FleaFlicker","RB",4,4,27.5,NA,NA,0.2,NA,NA,NA,NA,NA,NA,NA,NA,NA,NA,NA,NA,NA,NA,NA,NA,NA,NA,NA,NA,NA,NA,NA,NA,NA,NA,NA,NA,NA,NA,NA,NA,"TBSun 1:00 PM",NA,NA,6,"RB8",NA,"98%",0.7,89.6,NA,NA,NA,NA,NA,NA,NA,NA,NA,NA,NA,NA,NA,NA,NA,NA,NA
"Omarion Hampton","RB","LAC",NA,NA,NA,NA,NA,NA,NA,NA,15.1,67,NA,0.6,0.1,12.88,NA,"19248","FleaFlicker","17044","FleaFlicker","RB",3,3,19.8,NA,NA,0.1,NA,NA,NA,NA,NA,NA,NA,NA,NA,NA,NA,NA,NA,NA,NA,NA,NA,NA,NA,NA,NA,NA,NA,NA,NA,NA,NA,NA,NA,NA,NA,NA,"ARISun 4:25 PM",NA,NA,7,"RB10",NA,"98%",0.7,86.8,NA,NA,NA,NA,NA,NA,NA,NA,NA,NA,NA,NA,NA,NA,NA,NA,NA
"Breece Hall","RB","NYJ",NA,NA,NA,NA,NA,NA,NA,NA,15.7,70.6,NA,0.4,0.1,12.58,NA,"16834","FleaFlicker","15708","FleaFlicker","RB",2.6,2.6,22.8,NA,NA,0.1,NA,NA,NA,NA,NA,NA,NA,NA,NA,NA,NA,NA,NA,NA,NA,NA,NA,NA,NA,NA,NA,NA,NA,NA,NA,NA,NA,NA,NA,NA,NA,NA,"@TENSun 1:00 PM",NA,NA,3,"RB15",NA,"98%",0.6,93.4,NA,NA,NA,NA,NA,NA,NA,NA,NA,NA,NA,NA,NA,NA,NA,NA,NA
"Javonte Williams","RB","DAL",NA,NA,NA,NA,NA,NA,NA,NA,16.2,75.4,NA,0.6,0.1,12.57,NA,"16282","FleaFlicker","15256","FleaFlicker","RB",2.1,2.1,11.3,NA,NA,0.1,NA,NA,NA,NA,NA,NA,NA,NA,NA,NA,NA,NA,NA,NA,NA,NA,NA,NA,NA,NA,NA,NA,NA,NA,NA,NA,NA,NA,NA,NA,NA,NA,"@NYGSun 8:20 PM",NA,NA,4,"RB14",NA,"98%",0.7,86.8,NA,NA,NA,NA,NA,NA,NA,NA,NA,NA,NA,NA,NA,NA,NA,NA,NA
"Kenneth Walker","RB","KC",NA,NA,NA,NA,NA,NA,NA,NA,16.1,69.3,NA,0.5,0.1,12.14,NA,"16890","FleaFlicker","15711","FleaFlicker","RB",2.6,2.6,19.5,NA,NA,0.1,NA,NA,NA,NA,NA,NA,NA,NA,NA,NA,NA,NA,NA,NA,NA,NA,NA,NA,NA,NA,NA,NA,NA,NA,NA,NA,NA,NA,NA,NA,NA,NA,"DENMon 8:15 PM",NA,NA,5,"RB9",NA,"98%",0.6,88.9,NA,NA,NA,NA,NA,NA,NA,NA,NA,NA,NA,NA,NA,NA,NA,NA,NA
"Travis Etienne","RB","NO",NA,NA,NA,NA,NA,NA,NA,NA,15.6,65.1,NA,0.4,0.1,11.8,NA,"16241","FleaFlicker","15253","FleaFlicker","RB",3,3,22.7,NA,NA,0.2,NA,NA,NA,NA,NA,NA,NA,NA,NA,NA,NA,NA,NA,NA,NA,NA,NA,NA,NA,NA,NA,NA,NA,NA,NA,NA,NA,NA,NA,NA,NA,NA,"@DETSun 1:00 PM",NA,NA,8,"RB17",NA,"98%",0.5,87.8,NA,NA,NA,NA,NA,NA,NA,NA,NA,NA,NA,NA,NA,NA,NA,NA,NA
"Ashton Jeanty","RB","LV",NA,NA,NA,NA,NA,NA,NA,NA,14.5,59.9,NA,0.5,0.1,11.67,NA,"19247","FleaFlicker","17042","FleaFlicker","RB",2.9,2.9,19,NA,NA,0.2,NA,NA,NA,NA,NA,NA,NA,NA,NA,NA,NA,NA,NA,NA,NA,NA,NA,NA,NA,NA,NA,NA,NA,NA,NA,NA,NA,NA,NA,NA,NA,NA,"MIASun 4:25 PM",NA,NA,3,"RB12",NA,"98%",0.7,79,NA,NA,NA,NA,NA,NA,NA,NA,NA,NA,NA,NA,NA,NA,NA,NA,NA
"Rhamondre Stevenson","RB","NE",NA,NA,NA,NA,NA,NA,NA,NA,15.3,62.5,NA,0.5,0.1,11.54,NA,"16339","FleaFlicker","15259","FleaFlicker","RB",2.7,2.7,20.5,NA,NA,0.1,NA,NA,NA,NA,NA,NA,NA,NA,NA,NA,NA,NA,NA,NA,NA,NA,NA,NA,NA,NA,NA,NA,NA,NA,NA,NA,NA,NA,NA,NA,NA,NA,"@SEAWed 8:20 PM",NA,NA,1,"RB25",NA,"94%",0.6,83,NA,NA,NA,NA,NA,NA,NA,NA,NA,NA,NA,NA,NA,NA,NA,NA,NA
"Kyren Williams","RB","LAR",NA,NA,NA,NA,NA,NA,NA,NA,13.8,63.3,NA,0.6,0.1,11.47,NA,"17004","FleaFlicker","15710","FleaFlicker","RB",1.8,1.8,12.2,NA,NA,0.1,NA,NA,NA,NA,NA,NA,NA,NA,NA,NA,NA,NA,NA,NA,NA,NA,NA,NA,NA,NA,NA,NA,NA,NA,NA,NA,NA,NA,NA,NA,NA,NA,"SFThu 8:35 PM",NA,NA,1,"RB13",NA,"98%",0.7,75.5,NA,NA,NA,NA,NA,NA,NA,NA,NA,NA,NA,NA,NA,NA,NA,NA,NA
"D'Andre Swift","RB","CHI",NA,NA,NA,NA,NA,NA,NA,NA,13.7,63.6,NA,0.5,0.1,11.46,NA,"15601","FleaFlicker","14797","FleaFlicker","RB",2.1,2.1,16.6,NA,NA,0.1,NA,NA,NA,NA,NA,NA,NA,NA,NA,NA,NA,NA,NA,NA,NA,NA,NA,NA,NA,NA,NA,NA,NA,NA,NA,NA,NA,NA,NA,NA,NA,NA,"@CARSun 1:00 PM",NA,NA,0,"RB18",NA,"98%",0.6,80.2,NA,NA,NA,NA,NA,NA,NA,NA,NA,NA,NA,NA,NA,NA,NA,NA,NA
"Cam Skattebo","RB","NYG",NA,NA,NA,NA,NA,NA,NA,NA,12.8,55.5,NA,0.5,0.1,11.06,NA,"19361","FleaFlicker","17045","FleaFlicker","RB",2.6,2.6,20.7,NA,NA,0.1,NA,NA,NA,NA,NA,NA,NA,NA,NA,NA,NA,NA,NA,NA,NA,NA,NA,NA,NA,NA,NA,NA,NA,NA,NA,NA,NA,NA,NA,NA,NA,NA,"DALSun 8:20 PM",NA,NA,8,"RB22",NA,"96%",0.6,76.3,NA,NA,NA,NA,NA,NA,NA,NA,NA,NA,NA,NA,NA,NA,NA,NA,NA
"David Montgomery","RB","HOU",NA,NA,NA,NA,NA,NA,NA,NA,14.2,62.2,NA,0.6,0.1,10.93,NA,"14716","FleaFlicker","14071","FleaFlicker","RB",1.7,1.7,12.7,NA,NA,0.1,NA,NA,NA,NA,NA,NA,NA,NA,NA,NA,NA,NA,NA,NA,NA,NA,NA,NA,NA,NA,NA,NA,NA,NA,NA,NA,NA,NA,NA,NA,NA,NA,"BUFSun 1:00 PM",NA,NA,8,"RB20",NA,"97%",0.6,75,NA,NA,NA,NA,NA,NA,NA,NA,NA,NA,NA,NA,NA,NA,NA,NA,NA
"Bucky Irving","RB","TB",NA,NA,NA,NA,NA,NA,NA,NA,13.6,58.6,NA,0.3,0.1,10.52,NA,"18479","FleaFlicker","16598","FleaFlicker","RB",2.3,2.3,19.4,NA,NA,0.1,NA,NA,NA,NA,NA,NA,NA,NA,NA,NA,NA,NA,NA,NA,NA,NA,NA,NA,NA,NA,NA,NA,NA,NA,NA,NA,NA,NA,NA,NA,NA,NA,"@CINSun 1:00 PM",NA,NA,0,"RB19",NA,"96%",0.5,78,NA,NA,NA,NA,NA,NA,NA,NA,NA,NA,NA,NA,NA,NA,NA,NA,NA
"Quinshon Judkins","RB","CLE",NA,NA,NA,NA,NA,NA,NA,NA,16.1,62.1,NA,0.4,0.1,10.14,NA,"19303","FleaFlicker","17051","FleaFlicker","RB",1.8,1.8,11.5,NA,NA,0.1,NA,NA,NA,NA,NA,NA,NA,NA,NA,NA,NA,NA,NA,NA,NA,NA,NA,NA,NA,NA,NA,NA,NA,NA,NA,NA,NA,NA,NA,NA,NA,NA,"@JACSun 1:00 PM",NA,NA,1,"RB21",NA,"96%",0.5,73.6,NA,NA,NA,NA,NA,NA,NA,NA,NA,NA,NA,NA,NA,NA,NA,NA,NA
"Jeremiyah Love","RB","ARI",NA,NA,NA,NA,NA,NA,NA,NA,12.2,54.8,NA,0.3,0.1,9.99,NA,"20065","FleaFlicker","17472","FleaFlicker","RB",2.7,2.7,20.4,NA,NA,0.1,NA,NA,NA,NA,NA,NA,NA,NA,NA,NA,NA,NA,NA,NA,NA,NA,NA,NA,NA,NA,NA,NA,NA,NA,NA,NA,NA,NA,NA,NA,NA,NA,"@LACSun 4:25 PM",NA,NA,4,"RB16",NA,"94%",0.5,75.2,NA,NA,NA,NA,NA,NA,NA,NA,NA,NA,NA,NA,NA,NA,NA,NA,NA
"Jaylen Warren","RB","PIT",NA,NA,NA,NA,NA,NA,NA,NA,11.9,55.1,NA,0.3,0.1,9.91,NA,"17137","FleaFlicker","15742","FleaFlicker","RB",2.6,2.6,19.8,NA,NA,0.1,NA,NA,NA,NA,NA,NA,NA,NA,NA,NA,NA,NA,NA,NA,NA,NA,NA,NA,NA,NA,NA,NA,NA,NA,NA,NA,NA,NA,NA,NA,NA,NA,"ATLSun 1:00 PM",NA,NA,9,"RB27",NA,"95%",0.4,74.9,NA,NA,NA,NA,NA,NA,NA,NA,NA,NA,NA,NA,NA,NA,NA,NA,NA
"Rico Dowdle","RB","PIT",NA,NA,NA,NA,NA,NA,NA,NA,12.4,56,NA,0.4,0.1,9.64,NA,"15904","FleaFlicker","14823","FleaFlicker","RB",1.9,1.9,13.8,NA,NA,0.1,NA,NA,NA,NA,NA,NA,NA,NA,NA,NA,NA,NA,NA,NA,NA,NA,NA,NA,NA,NA,NA,NA,NA,NA,NA,NA,NA,NA,NA,NA,NA,NA,"ATLSun 1:00 PM",NA,NA,9,"RB29",NA,"94%",0.5,69.8,NA,NA,NA,NA,NA,NA,NA,NA,NA,NA,NA,NA,NA,NA,NA,NA,NA
"Bhayshul Tuten","RB","JAC",NA,NA,NA,NA,NA,NA,NA,NA,12.5,50,NA,0.5,0.1,9.39,NA,"19349","FleaFlicker","17052","FleaFlicker","RB",1.5,1.5,10.7,NA,NA,0.1,NA,NA,NA,NA,NA,NA,NA,NA,NA,NA,NA,NA,NA,NA,NA,NA,NA,NA,NA,NA,NA,NA,NA,NA,NA,NA,NA,NA,NA,NA,NA,NA,"CLESun 1:00 PM",NA,NA,7,"RB24",NA,"93%",0.6,60.8,NA,NA,NA,NA,NA,NA,NA,NA,NA,NA,NA,NA,NA,NA,NA,NA,NA
"Chuba Hubbard","RB","CAR",NA,NA,NA,NA,NA,NA,NA,NA,12.1,52.8,NA,0.3,0.1,9.1,NA,"16361","FleaFlicker","15261","FleaFlicker","RB",1.9,1.9,12.8,NA,NA,0.1,NA,NA,NA,NA,NA,NA,NA,NA,NA,NA,NA,NA,NA,NA,NA,NA,NA,NA,NA,NA,NA,NA,NA,NA,NA,NA,NA,NA,NA,NA,NA,NA,"CHISun 1:00 PM",NA,NA,5,"RB36",NA,"90%",0.5,65.6,NA,NA,NA,NA,NA,NA,NA,NA,NA,NA,NA,NA,NA,NA,NA,NA,NA
"Jadarian Price","RB","SEA",NA,NA,NA,NA,NA,NA,NA,NA,12.6,51.7,NA,0.4,0.1,8.98,NA,"20063","FleaFlicker","17473","FleaFlicker","RB",1.2,1.2,10.3,NA,NA,0.1,NA,NA,NA,NA,NA,NA,NA,NA,NA,NA,NA,NA,NA,NA,NA,NA,NA,NA,NA,NA,NA,NA,NA,NA,NA,NA,NA,NA,NA,NA,NA,NA,"NEWed 8:20 PM",NA,NA,1,"RB23",NA,"92%",0.5,62,NA,NA,NA,NA,NA,NA,NA,NA,NA,NA,NA,NA,NA,NA,NA,NA,NA
"Tony Pollard","RB","TEN",NA,NA,NA,NA,NA,NA,NA,NA,12.6,54.8,NA,0.3,0.1,8.62,NA,"14759","FleaFlicker","14085","FleaFlicker","RB",1.7,1.7,10.9,NA,NA,0,NA,NA,NA,NA,NA,NA,NA,NA,NA,NA,NA,NA,NA,NA,NA,NA,NA,NA,NA,NA,NA,NA,NA,NA,NA,NA,NA,NA,NA,NA,NA,NA,"NYJSun 1:00 PM",NA,NA,9,"RB28",NA,"94%",0.4,65.6,NA,NA,NA,NA,NA,NA,NA,NA,NA,NA,NA,NA,NA,NA,NA,NA,NA
"MarShawn Lloyd","RB","GB",NA,NA,NA,NA,NA,NA,NA,NA,13.2,51.4,NA,0.4,0.1,8.6,NA,"18449","FleaFlicker","16604","FleaFlicker","RB",1.4,1.4,9.2,NA,NA,0.1,NA,NA,NA,NA,NA,NA,NA,NA,NA,NA,NA,NA,NA,NA,NA,NA,NA,NA,NA,NA,NA,NA,NA,NA,NA,NA,NA,NA,NA,NA,NA,NA,"@MINSun 4:25 PM",NA,NA,1,"RB35",NA,"80%",0.5,60.6,NA,NA,NA,NA,NA,NA,NA,NA,NA,NA,NA,NA,NA,NA,NA,NA,NA
"J.K. Dobbins","RB","DEN",NA,NA,NA,NA,NA,NA,NA,NA,12.2,56.3,NA,0.3,0.1,8.47,NA,"15555","FleaFlicker","14800","FleaFlicker","RB",1.3,1.3,6.6,NA,NA,0,NA,NA,NA,NA,NA,NA,NA,NA,NA,NA,NA,NA,NA,NA,NA,NA,NA,NA,NA,NA,NA,NA,NA,NA,NA,NA,NA,NA,NA,NA,NA,NA,"@KCMon 8:15 PM",NA,NA,0,"RB30",NA,"92%",0.4,62.9,NA,NA,NA,NA,NA,NA,NA,NA,NA,NA,NA,NA,NA,NA,NA,NA,NA
"Jonathon Brooks","RB","CAR",NA,NA,NA,NA,NA,NA,NA,NA,10,44.5,NA,0.3,0.1,8.02,NA,"18430","FleaFlicker","16597","FleaFlicker","RB",1.7,1.7,12.7,NA,NA,0.1,NA,NA,NA,NA,NA,NA,NA,NA,NA,NA,NA,NA,NA,NA,NA,NA,NA,NA,NA,NA,NA,NA,NA,NA,NA,NA,NA,NA,NA,NA,NA,NA,"CHISun 1:00 PM",NA,NA,5,"RB32",NA,"89%",0.4,57.3,NA,NA,NA,NA,NA,NA,NA,NA,NA,NA,NA,NA,NA,NA,NA,NA,NA
"Jacory Croskey-Merritt","RB","WAS",NA,NA,NA,NA,NA,NA,NA,NA,10.5,45.5,NA,0.4,0.1,7.79,NA,"19509","FleaFlicker","17256","FleaFlicker","RB",1.1,1.1,8.4,NA,NA,0.1,NA,NA,NA,NA,NA,NA,NA,NA,NA,NA,NA,NA,NA,NA,NA,NA,NA,NA,NA,NA,NA,NA,NA,NA,NA,NA,NA,NA,NA,NA,NA,NA,"@PHISun 4:25 PM",NA,NA,7,"RB33",NA,"88%",0.4,53.9,NA,NA,NA,NA,NA,NA,NA,NA,NA,NA,NA,NA,NA,NA,NA,NA,NA
"Kyle Monangai","RB","CHI",NA,NA,NA,NA,NA,NA,NA,NA,9.9,44.2,NA,0.3,0,7.79,NA,"19543","FleaFlicker","17066","FleaFlicker","RB",1.4,1.4,11.1,NA,NA,0.1,NA,NA,NA,NA,NA,NA,NA,NA,NA,NA,NA,NA,NA,NA,NA,NA,NA,NA,NA,NA,NA,NA,NA,NA,NA,NA,NA,NA,NA,NA,NA,NA,"@CARSun 1:00 PM",NA,NA,0,"RB37",NA,"86%",0.4,55.2,NA,NA,NA,NA,NA,NA,NA,NA,NA,NA,NA,NA,NA,NA,NA,NA,NA
"Jordan Mason","RB","MIN",NA,NA,NA,NA,NA,NA,NA,NA,10.3,47.3,NA,0.3,0.1,7.5,NA,"17167","FleaFlicker","15972","FleaFlicker","RB",1.1,1.1,5.9,NA,NA,0,NA,NA,NA,NA,NA,NA,NA,NA,NA,NA,NA,NA,NA,NA,NA,NA,NA,NA,NA,NA,NA,NA,NA,NA,NA,NA,NA,NA,NA,NA,NA,NA,"GBSun 4:25 PM",NA,NA,6,"RB34",NA,"87%",0.4,53.2,NA,NA,NA,NA,NA,NA,NA,NA,NA,NA,NA,NA,NA,NA,NA,NA,NA
"Aaron Jones","RB","MIN",NA,NA,NA,NA,NA,NA,NA,NA,9.1,39.1,NA,0.2,0.1,7.4,NA,"13111","FleaFlicker","13319","FleaFlicker","RB",2.4,2.4,16.1,NA,NA,0.1,NA,NA,NA,NA,NA,NA,NA,NA,NA,NA,NA,NA,NA,NA,NA,NA,NA,NA,NA,NA,NA,NA,NA,NA,NA,NA,NA,NA,NA,NA,NA,NA,"GBSun 4:25 PM",NA,NA,6,"RB42",NA,"83%",0.3,55.2,NA,NA,NA,NA,NA,NA,NA,NA,NA,NA,NA,NA,NA,NA,NA,NA,NA
"Blake Corum","RB","LAR",NA,NA,NA,NA,NA,NA,NA,NA,10.2,47.4,NA,0.3,0,7.36,NA,"18441","FleaFlicker","16593","FleaFlicker","RB",0.7,0.7,4.4,NA,NA,0,NA,NA,NA,NA,NA,NA,NA,NA,NA,NA,NA,NA,NA,NA,NA,NA,NA,NA,NA,NA,NA,NA,NA,NA,NA,NA,NA,NA,NA,NA,NA,NA,"SFThu 8:35 PM",NA,NA,1,"RB31",NA,"89%",0.4,51.8,NA,NA,NA,NA,NA,NA,NA,NA,NA,NA,NA,NA,NA,NA,NA,NA,NA
"Kenny Gainwell","RB","TB",NA,NA,NA,NA,NA,NA,NA,NA,6.4,29.5,NA,0.2,0.1,6.81,NA,"16480","FleaFlicker","15255","FleaFlicker","RB",2.8,2.8,19.2,NA,NA,0.1,NA,NA,NA,NA,NA,NA,NA,NA,NA,NA,NA,NA,NA,NA,NA,NA,NA,NA,NA,NA,NA,NA,NA,NA,NA,NA,NA,NA,NA,NA,NA,NA,"@CINSun 1:00 PM",NA,NA,0,"RB41",NA,"86%",0.3,48.7,NA,NA,NA,NA,NA,NA,NA,NA,NA,NA,NA,NA,NA,NA,NA,NA,NA
"Woody Marks","RB","HOU",NA,NA,NA,NA,NA,NA,NA,NA,9,37.7,NA,0.2,0,6.8,NA,"19351","FleaFlicker","17053","FleaFlicker","RB",1.4,1.4,10.9,NA,NA,0.1,NA,NA,NA,NA,NA,NA,NA,NA,NA,NA,NA,NA,NA,NA,NA,NA,NA,NA,NA,NA,NA,NA,NA,NA,NA,NA,NA,NA,NA,NA,NA,NA,"BUFSun 1:00 PM",NA,NA,8,"RB44",NA,"78%",0.3,48.5,NA,NA,NA,NA,NA,NA,NA,NA,NA,NA,NA,NA,NA,NA,NA,NA,NA
"RJ Harvey","RB","DEN",NA,NA,NA,NA,NA,NA,NA,NA,7.1,27,NA,0.2,0,6.63,NA,"19290","FleaFlicker","17068","FleaFlicker","RB",2.7,2.7,19.1,NA,NA,0.1,NA,NA,NA,NA,NA,NA,NA,NA,NA,NA,NA,NA,NA,NA,NA,NA,NA,NA,NA,NA,NA,NA,NA,NA,NA,NA,NA,NA,NA,NA,NA,NA,"@KCMon 8:15 PM",NA,NA,0,"RB38",NA,"89%",0.3,46.1,NA,NA,NA,NA,NA,NA,NA,NA,NA,NA,NA,NA,NA,NA,NA,NA,NA
"Rachaad White","RB","WAS",NA,NA,NA,NA,NA,NA,NA,NA,8.1,34.1,NA,0.2,0,6.37,NA,"16882","FleaFlicker","15721","FleaFlicker","RB",2.1,2.1,13.2,NA,NA,0.1,NA,NA,NA,NA,NA,NA,NA,NA,NA,NA,NA,NA,NA,NA,NA,NA,NA,NA,NA,NA,NA,NA,NA,NA,NA,NA,NA,NA,NA,NA,NA,NA,"@PHISun 4:25 PM",NA,NA,7,"RB40",NA,"81%",0.3,47.3,NA,NA,NA,NA,NA,NA,NA,NA,NA,NA,NA,NA,NA,NA,NA,NA,NA
"Tyjae Spears","RB","TEN",NA,NA,NA,NA,NA,NA,NA,NA,6.4,26.1,NA,0.2,0,5.9,NA,"17624","FleaFlicker","16165","FleaFlicker","RB",2.5,2.5,16.5,NA,NA,0.1,NA,NA,NA,NA,NA,NA,NA,NA,NA,NA,NA,NA,NA,NA,NA,NA,NA,NA,NA,NA,NA,NA,NA,NA,NA,NA,NA,NA,NA,NA,NA,NA,"NYJSun 1:00 PM",NA,NA,9,"RB50",NA,"64%",0.3,42.6,NA,NA,NA,NA,NA,NA,NA,NA,NA,NA,NA,NA,NA,NA,NA,NA,NA
"Tyler Allgeier","RB","ARI",NA,NA,NA,NA,NA,NA,NA,NA,8.3,33.8,NA,0.2,0,5.86,NA,"16993","FleaFlicker","15712","FleaFlicker","RB",1.3,1.3,9,NA,NA,0,NA,NA,NA,NA,NA,NA,NA,NA,NA,NA,NA,NA,NA,NA,NA,NA,NA,NA,NA,NA,NA,NA,NA,NA,NA,NA,NA,NA,NA,NA,NA,NA,"@LACSun 4:25 PM",NA,NA,4,"RB43",NA,"76%",0.3,42.8,NA,NA,NA,NA,NA,NA,NA,NA,NA,NA,NA,NA,NA,NA,NA,NA,NA
"Chris Rodriguez","RB","JAC",NA,NA,NA,NA,NA,NA,NA,NA,8.4,35.9,NA,0.3,0,5.85,NA,"17762","FleaFlicker","16174","FleaFlicker","RB",0.3,0.3,2.6,NA,NA,0,NA,NA,NA,NA,NA,NA,NA,NA,NA,NA,NA,NA,NA,NA,NA,NA,NA,NA,NA,NA,NA,NA,NA,NA,NA,NA,NA,NA,NA,NA,NA,NA,"CLESun 1:00 PM",NA,NA,7,"RB39",NA,"75%",0.3,38.5,NA,NA,NA,NA,NA,NA,NA,NA,NA,NA,NA,NA,NA,NA,NA,NA,NA
"Mike Washington","RB","LV",NA,NA,NA,NA,NA,NA,NA,NA,6.5,27.6,NA,0.2,0,5.13,NA,"20153","FleaFlicker","17482","FleaFlicker","RB",1.1,1.1,8.4,NA,NA,0,NA,NA,NA,NA,NA,NA,NA,NA,NA,NA,NA,NA,NA,NA,NA,NA,NA,NA,NA,NA,NA,NA,NA,NA,NA,NA,NA,NA,NA,NA,NA,NA,"MIASun 4:25 PM",NA,NA,3,"RB47",NA,"66%",0.3,36,NA,NA,NA,NA,NA,NA,NA,NA,NA,NA,NA,NA,NA,NA,NA,NA,NA
"Keaton Mitchell","RB","LAC",NA,NA,NA,NA,NA,NA,NA,NA,5.6,27.8,NA,0.2,0,4.77,NA,"18174","FleaFlicker","16178","FleaFlicker","RB",1,1,7.7,NA,NA,0.1,NA,NA,NA,NA,NA,NA,NA,NA,NA,NA,NA,NA,NA,NA,NA,NA,NA,NA,NA,NA,NA,NA,NA,NA,NA,NA,NA,NA,NA,NA,NA,NA,"ARISun 4:25 PM",NA,NA,7,"RB48",NA,"61%",0.2,35.5,NA,NA,NA,NA,NA,NA,NA,NA,NA,NA,NA,NA,NA,NA,NA,NA,NA
"George Holani","RB","SEA",NA,NA,NA,NA,NA,NA,NA,NA,6.4,24.1,NA,0.2,0.1,4.52,NA,"18889","FleaFlicker","16608","FleaFlicker","RB",1.1,1.1,7.9,NA,NA,0,NA,NA,NA,NA,NA,NA,NA,NA,NA,NA,NA,NA,NA,NA,NA,NA,NA,NA,NA,NA,NA,NA,NA,NA,NA,NA,NA,NA,NA,NA,NA,NA,"NEWed 8:20 PM",NA,NA,1,"RB68",NA,"22%",0.2,31.9,NA,NA,NA,NA,NA,NA,NA,NA,NA,NA,NA,NA,NA,NA,NA,NA,NA
"Braelon Allen","RB","NYJ",NA,NA,NA,NA,NA,NA,NA,NA,5.8,24.3,NA,0.2,0.1,4.47,NA,"18456","FleaFlicker","16596","FleaFlicker","RB",0.7,0.7,5.4,NA,NA,0,NA,NA,NA,NA,NA,NA,NA,NA,NA,NA,NA,NA,NA,NA,NA,NA,NA,NA,NA,NA,NA,NA,NA,NA,NA,NA,NA,NA,NA,NA,NA,NA,"@TENSun 1:00 PM",NA,NA,3,"RB53",NA,"48%",0.3,29.6,NA,NA,NA,NA,NA,NA,NA,NA,NA,NA,NA,NA,NA,NA,NA,NA,NA
"Tank Bigsby","RB","PHI",NA,NA,NA,NA,NA,NA,NA,NA,5.4,26.5,NA,0.2,0,4.41,NA,"17625","FleaFlicker","16164","FleaFlicker","RB",0.5,0.5,4,NA,NA,0,NA,NA,NA,NA,NA,NA,NA,NA,NA,NA,NA,NA,NA,NA,NA,NA,NA,NA,NA,NA,NA,NA,NA,NA,NA,NA,NA,NA,NA,NA,NA,NA,"WASSun 4:25 PM",NA,NA,0,"RB49",NA,"64%",0.2,30.6,NA,NA,NA,NA,NA,NA,NA,NA,NA,NA,NA,NA,NA,NA,NA,NA,NA
"Brian Robinson","RB","ATL",NA,NA,NA,NA,NA,NA,NA,NA,6.9,28.4,NA,0.2,0,4.37,NA,"16875","FleaFlicker","15716","FleaFlicker","RB",0.5,0.5,3.5,NA,NA,0,NA,NA,NA,NA,NA,NA,NA,NA,NA,NA,NA,NA,NA,NA,NA,NA,NA,NA,NA,NA,NA,NA,NA,NA,NA,NA,NA,NA,NA,NA,NA,NA,"@PITSun 1:00 PM",NA,NA,1,"RB52",NA,"61%",0.2,31.9,NA,NA,NA,NA,NA,NA,NA,NA,NA,NA,NA,NA,NA,NA,NA,NA,NA
"Dylan Sampson","RB","CLE",NA,NA,NA,NA,NA,NA,NA,NA,4.9,17.4,NA,0.1,0,4.3,NA,"19359","FleaFlicker","17047","FleaFlicker","RB",2.1,2.1,15,NA,NA,0.1,NA,NA,NA,NA,NA,NA,NA,NA,NA,NA,NA,NA,NA,NA,NA,NA,NA,NA,NA,NA,NA,NA,NA,NA,NA,NA,NA,NA,NA,NA,NA,NA,"@JACSun 1:00 PM",NA,NA,1,"RB54",NA,"52%",0.2,32.4,NA,NA,NA,NA,NA,NA,NA,NA,NA,NA,NA,NA,NA,NA,NA,NA,NA
"Chris Brooks","RB","GB",NA,NA,NA,NA,NA,NA,NA,NA,5.2,21.4,NA,0.1,0,4.22,NA,"18169","FleaFlicker","16387","FleaFlicker","RB",1.3,1.3,8.4,NA,NA,0.1,NA,NA,NA,NA,NA,NA,NA,NA,NA,NA,NA,NA,NA,NA,NA,NA,NA,NA,NA,NA,NA,NA,NA,NA,NA,NA,NA,NA,NA,NA,NA,NA,"@MINSun 4:25 PM",NA,NA,1,"RB74",NA,"23%",0.2,29.8,NA,NA,NA,NA,NA,NA,NA,NA,NA,NA,NA,NA,NA,NA,NA,NA,NA
"Samaje Perine","RB","CIN",NA,NA,NA,NA,NA,NA,NA,NA,4.7,20.6,NA,0.2,0.1,4.19,NA,"13011","FleaFlicker","13133","FleaFlicker","RB",1.2,1.2,9.5,NA,NA,0,NA,NA,NA,NA,NA,NA,NA,NA,NA,NA,NA,NA,NA,NA,NA,NA,NA,NA,NA,NA,NA,NA,NA,NA,NA,NA,NA,NA,NA,NA,NA,NA,"TBSun 1:00 PM",NA,NA,6,"RB73",NA,"19%",0.2,30.1,NA,NA,NA,NA,NA,NA,NA,NA,NA,NA,NA,NA,NA,NA,NA,NA,NA
"Najee Harris","RB","NYG",NA,NA,NA,NA,NA,NA,NA,NA,5.9,24.5,NA,0.2,0,4.09,NA,"16246","FleaFlicker","15254","FleaFlicker","RB",0.7,0.7,5.2,NA,NA,0,NA,NA,NA,NA,NA,NA,NA,NA,NA,NA,NA,NA,NA,NA,NA,NA,NA,NA,NA,NA,NA,NA,NA,NA,NA,NA,NA,NA,NA,NA,NA,NA,"DALSun 8:20 PM",NA,NA,8,"RB66",NA,"33%",0.2,29.7,NA,NA,NA,NA,NA,NA,NA,NA,NA,NA,NA,NA,NA,NA,NA,NA,NA
"Malik Davis","RB","DAL",NA,NA,NA,NA,NA,NA,NA,NA,5.2,25,NA,0.2,0,3.99,NA,"17413","FleaFlicker","15738","FleaFlicker","RB",0.6,0.6,4.3,NA,NA,0,NA,NA,NA,NA,NA,NA,NA,NA,NA,NA,NA,NA,NA,NA,NA,NA,NA,NA,NA,NA,NA,NA,NA,NA,NA,NA,NA,NA,NA,NA,NA,NA,"@NYGSun 8:20 PM",NA,NA,4,"RB62",NA,"24%",0.2,29.3,NA,NA,NA,NA,NA,NA,NA,NA,NA,NA,NA,NA,NA,NA,NA,NA,NA
"Justice Hill","RB","BAL",NA,NA,NA,NA,NA,NA,NA,NA,2.7,12.9,NA,0.1,0,3.76,NA,"14767","FleaFlicker","14086","FleaFlicker","RB",1.5,1.5,12.3,NA,NA,0.1,NA,NA,NA,NA,NA,NA,NA,NA,NA,NA,NA,NA,NA,NA,NA,NA,NA,NA,NA,NA,NA,NA,NA,NA,NA,NA,NA,NA,NA,NA,NA,NA,"@INDSun 1:00 PM",NA,NA,3,"RB71",NA,"23%",0.2,25.3,NA,NA,NA,NA,NA,NA,NA,NA,NA,NA,NA,NA,NA,NA,NA,NA,NA
"Jacob Saylors","RB","DET",NA,NA,NA,NA,NA,NA,NA,NA,4.5,19.4,NA,0.2,0,3.6,NA,"18007","FleaFlicker","16850","FleaFlicker","RB",0.7,0.7,5.4,NA,NA,0,NA,NA,NA,NA,NA,NA,NA,NA,NA,NA,NA,NA,NA,NA,NA,NA,NA,NA,NA,NA,NA,NA,NA,NA,NA,NA,NA,NA,NA,NA,NA,NA,"NOSun 1:00 PM",NA,NA,6,"RB95",NA,"11%",0.2,24.8,NA,NA,NA,NA,NA,NA,NA,NA,NA,NA,NA,NA,NA,NA,NA,NA,NA
"Alvin Kamara","RB","NO",NA,NA,NA,NA,NA,NA,NA,NA,3.8,14.9,NA,0.1,0,3.17,NA,"12965","FleaFlicker","13132","FleaFlicker","RB",1.3,1.3,8.6,NA,NA,0,NA,NA,NA,NA,NA,NA,NA,NA,NA,NA,NA,NA,NA,NA,NA,NA,NA,NA,NA,NA,NA,NA,NA,NA,NA,NA,NA,NA,NA,NA,NA,NA,"@DETSun 1:00 PM",NA,NA,8,"RB56",NA,"63%",0.1,23.5,NA,NA,NA,NA,NA,NA,NA,NA,NA,NA,NA,NA,NA,NA,NA,NA,NA
"Ty Johnson","RB","BUF",NA,NA,NA,NA,NA,NA,NA,NA,2.7,11.4,NA,0.1,0,3.16,NA,"14842","FleaFlicker","14095","FleaFlicker","RB",1.1,1.1,10.2,NA,NA,0.1,NA,NA,NA,NA,NA,NA,NA,NA,NA,NA,NA,NA,NA,NA,NA,NA,NA,NA,NA,NA,NA,NA,NA,NA,NA,NA,NA,NA,NA,NA,NA,NA,"@HOUSun 1:00 PM",NA,NA,7,"RB81",NA,"13%",0.2,21.6,NA,NA,NA,NA,NA,NA,NA,NA,NA,NA,NA,NA,NA,NA,NA,NA,NA
"Tyrone Tracy","RB","NYG",NA,NA,NA,NA,NA,NA,NA,NA,3.6,16.1,NA,0.1,0,2.86,NA,"18534","FleaFlicker","16747","FleaFlicker","RB",0.8,0.8,5.9,NA,NA,0,NA,NA,NA,NA,NA,NA,NA,NA,NA,NA,NA,NA,NA,NA,NA,NA,NA,NA,NA,NA,NA,NA,NA,NA,NA,NA,NA,NA,NA,NA,NA,NA,"DALSun 8:20 PM",NA,NA,8,"RB57",NA,"62%",0.1,22,NA,NA,NA,NA,NA,NA,NA,NA,NA,NA,NA,NA,NA,NA,NA,NA,NA
"Kaelon Black","RB","SF",NA,NA,NA,NA,NA,NA,NA,NA,4.5,17.6,NA,0.1,0,2.79,NA,"20118","FleaFlicker","17485","FleaFlicker","RB",0.5,0.5,3.7,NA,NA,0,NA,NA,NA,NA,NA,NA,NA,NA,NA,NA,NA,NA,NA,NA,NA,NA,NA,NA,NA,NA,NA,NA,NA,NA,NA,NA,NA,NA,NA,NA,NA,NA,"@LARThu 8:35 PM",NA,NA,8,"RB60",NA,"46%",0.1,21.4,NA,NA,NA,NA,NA,NA,NA,NA,NA,NA,NA,NA,NA,NA,NA,NA,NA
"Corey Kiner","RB","NE",NA,NA,NA,NA,NA,NA,NA,NA,4,16,NA,0.1,0,2.78,NA,"19809","FleaFlicker","17274","FleaFlicker","RB",0.7,0.7,5.4,NA,NA,0,NA,NA,NA,NA,NA,NA,NA,NA,NA,NA,NA,NA,NA,NA,NA,NA,NA,NA,NA,NA,NA,NA,NA,NA,NA,NA,NA,NA,NA,NA,NA,NA,"@SEAWed 8:20 PM",NA,NA,1,NA,NA,"2%",0.1,21.4,NA,NA,NA,NA,NA,NA,NA,NA,NA,NA,NA,NA,NA,NA,NA,NA,NA
"Emmett Johnson","RB","KC",NA,NA,NA,NA,NA,NA,NA,NA,3.9,15.7,NA,0.1,0,2.68,NA,"20200","FleaFlicker","17474","FleaFlicker","RB",0.5,0.5,4.1,NA,NA,0,NA,NA,NA,NA,NA,NA,NA,NA,NA,NA,NA,NA,NA,NA,NA,NA,NA,NA,NA,NA,NA,NA,NA,NA,NA,NA,NA,NA,NA,NA,NA,NA,"DENMon 8:15 PM",NA,NA,5,"RB55",NA,"48%",0.1,19.8,NA,NA,NA,NA,NA,NA,NA,NA,NA,NA,NA,NA,NA,NA,NA,NA,NA
"Emanuel Wilson","RB","SEA",NA,NA,NA,NA,NA,NA,NA,NA,3.9,15.9,NA,0.1,0,2.67,NA,"18234","FleaFlicker","16432","FleaFlicker","RB",0.5,0.5,3.2,NA,NA,0,NA,NA,NA,NA,NA,NA,NA,NA,NA,NA,NA,NA,NA,NA,NA,NA,NA,NA,NA,NA,NA,NA,NA,NA,NA,NA,NA,NA,NA,NA,NA,NA,"NEWed 8:20 PM",NA,NA,1,"RB70",NA,"24%",0.1,19.1,NA,NA,NA,NA,NA,NA,NA,NA,NA,NA,NA,NA,NA,NA,NA,NA,NA
"Sean Tucker","RB","TB",NA,NA,NA,NA,NA,NA,NA,NA,3.3,14.6,NA,0.2,0,2.59,NA,"18278","FleaFlicker","16166","FleaFlicker","RB",0.2,0.2,1.3,NA,NA,0,NA,NA,NA,NA,NA,NA,NA,NA,NA,NA,NA,NA,NA,NA,NA,NA,NA,NA,NA,NA,NA,NA,NA,NA,NA,NA,NA,NA,NA,NA,NA,NA,"@CINSun 1:00 PM",NA,NA,0,"RB61",NA,"27%",0.2,15.9,NA,NA,NA,NA,NA,NA,NA,NA,NA,NA,NA,NA,NA,NA,NA,NA,NA
"Jaylen Wright","RB","MIA",NA,NA,NA,NA,NA,NA,NA,NA,3.8,14.5,NA,0.1,0,2.45,NA,"18459","FleaFlicker","16610","FleaFlicker","RB",0.6,0.6,4.8,NA,NA,0,NA,NA,NA,NA,NA,NA,NA,NA,NA,NA,NA,NA,NA,NA,NA,NA,NA,NA,NA,NA,NA,NA,NA,NA,NA,NA,NA,NA,NA,NA,NA,NA,"@LVSun 4:25 PM",NA,NA,6,"RB69",NA,"27%",0.1,19.3,NA,NA,NA,NA,NA,NA,NA,NA,NA,NA,NA,NA,NA,NA,NA,NA,NA
"Ray Davis","RB","BUF",NA,NA,NA,NA,NA,NA,NA,NA,3.2,13.7,NA,0.1,0,2.45,NA,"18460","FleaFlicker","16603","FleaFlicker","RB",0.7,0.7,5,NA,NA,0,NA,NA,NA,NA,NA,NA,NA,NA,NA,NA,NA,NA,NA,NA,NA,NA,NA,NA,NA,NA,NA,NA,NA,NA,NA,NA,NA,NA,NA,NA,NA,NA,"@HOUSun 1:00 PM",NA,NA,7,"RB58",NA,"36%",0.1,18.7,NA,NA,NA,NA,NA,NA,NA,NA,NA,NA,NA,NA,NA,NA,NA,NA,NA
"Kimani Vidal","RB","LAC",NA,NA,NA,NA,NA,NA,NA,NA,2.8,12.2,NA,0.1,0,2.42,NA,"18523","FleaFlicker","16757","FleaFlicker","RB",0.5,0.5,4.3,NA,NA,0,NA,NA,NA,NA,NA,NA,NA,NA,NA,NA,NA,NA,NA,NA,NA,NA,NA,NA,NA,NA,NA,NA,NA,NA,NA,NA,NA,NA,NA,NA,NA,NA,"ARISun 4:25 PM",NA,NA,7,"RB59",NA,"37%",0.1,16.5,NA,NA,NA,NA,NA,NA,NA,NA,NA,NA,NA,NA,NA,NA,NA,NA,NA
"Kendre Miller","RB","NO",NA,NA,NA,NA,NA,NA,NA,NA,3.1,12.8,NA,0.1,0,2.37,NA,"17661","FleaFlicker","16171","FleaFlicker","RB",0.6,0.6,4.5,NA,NA,0,NA,NA,NA,NA,NA,NA,NA,NA,NA,NA,NA,NA,NA,NA,NA,NA,NA,NA,NA,NA,NA,NA,NA,NA,NA,NA,NA,NA,NA,NA,NA,NA,"@DETSun 1:00 PM",NA,NA,8,"RB79",NA,"18%",0.1,17.2,NA,NA,NA,NA,NA,NA,NA,NA,NA,NA,NA,NA,NA,NA,NA,NA,NA
"Isaiah Davis","RB","NYJ",NA,NA,NA,NA,NA,NA,NA,NA,2.3,10.8,NA,0.1,0,2.35,NA,"18492","FleaFlicker","16752","FleaFlicker","RB",0.8,0.8,6.3,NA,NA,0,NA,NA,NA,NA,NA,NA,NA,NA,NA,NA,NA,NA,NA,NA,NA,NA,NA,NA,NA,NA,NA,NA,NA,NA,NA,NA,NA,NA,NA,NA,NA,NA,"@TENSun 1:00 PM",NA,NA,3,"RB80",NA,"15%",0.1,17.1,NA,NA,NA,NA,NA,NA,NA,NA,NA,NA,NA,NA,NA,NA,NA,NA,NA
"Jonah Coleman","RB","DEN",NA,NA,NA,NA,NA,NA,NA,NA,2.9,11.8,NA,0.1,0,2.33,NA,"20149","FleaFlicker","17477","FleaFlicker","RB",0.7,0.7,5.1,NA,NA,0,NA,NA,NA,NA,NA,NA,NA,NA,NA,NA,NA,NA,NA,NA,NA,NA,NA,NA,NA,NA,NA,NA,NA,NA,NA,NA,NA,NA,NA,NA,NA,NA,"@KCMon 8:15 PM",NA,NA,0,"RB46",NA,"67%",0.1,16.9,NA,NA,NA,NA,NA,NA,NA,NA,NA,NA,NA,NA,NA,NA,NA,NA,NA
"Jordan James","RB","SF",NA,NA,NA,NA,NA,NA,NA,NA,2.9,11.6,NA,0.1,0,2.15,NA,"19436","FleaFlicker","17055","FleaFlicker","RB",0.5,0.5,4.5,NA,NA,0,NA,NA,NA,NA,NA,NA,NA,NA,NA,NA,NA,NA,NA,NA,NA,NA,NA,NA,NA,NA,NA,NA,NA,NA,NA,NA,NA,NA,NA,NA,NA,NA,"@LARThu 8:35 PM",NA,NA,8,"RB78",NA,"19%",0.1,16.1,NA,NA,NA,NA,NA,NA,NA,NA,NA,NA,NA,NA,NA,NA,NA,NA,NA
"Kaleb Johnson","RB","GB",NA,NA,NA,NA,NA,NA,NA,NA,3.6,13.1,NA,0.1,0,2.06,NA,"19300","FleaFlicker","17048","FleaFlicker","RB",0.3,0.3,2.3,NA,NA,0,NA,NA,NA,NA,NA,NA,NA,NA,NA,NA,NA,NA,NA,NA,NA,NA,NA,NA,NA,NA,NA,NA,NA,NA,NA,NA,NA,NA,NA,NA,NA,NA,"@MINSun 4:25 PM",NA,NA,1,"RB67",NA,"35%",0.1,15.3,NA,NA,NA,NA,NA,NA,NA,NA,NA,NA,NA,NA,NA,NA,NA,NA,NA
"Jaydon Blue","RB","PHI",NA,NA,NA,NA,NA,NA,NA,NA,2.6,10.7,NA,0.1,0,1.67,NA,"19421","FleaFlicker","17069","FleaFlicker","RB",0.4,0.4,3.1,NA,NA,0,NA,NA,NA,NA,NA,NA,NA,NA,NA,NA,NA,NA,NA,NA,NA,NA,NA,NA,NA,NA,NA,NA,NA,NA,NA,NA,NA,NA,NA,NA,NA,NA,"WASSun 4:25 PM",NA,NA,0,"RB88",NA,"20%",0.1,13.8,NA,NA,NA,NA,NA,NA,NA,NA,NA,NA,NA,NA,NA,NA,NA,NA,NA
"Brashard Smith","RB","KC",NA,NA,NA,NA,NA,NA,NA,NA,2,7.6,NA,0,0,1.65,NA,"19486","FleaFlicker","17049","FleaFlicker","RB",0.7,0.7,4.9,NA,NA,0,NA,NA,NA,NA,NA,NA,NA,NA,NA,NA,NA,NA,NA,NA,NA,NA,NA,NA,NA,NA,NA,NA,NA,NA,NA,NA,NA,NA,NA,NA,NA,NA,"DENMon 8:15 PM",NA,NA,5,"RB85",NA,"15%",0.1,12.5,NA,NA,NA,NA,NA,NA,NA,NA,NA,NA,NA,NA,NA,NA,NA,NA,NA
"Seth McGowan","RB","IND",NA,NA,NA,NA,NA,NA,NA,NA,2.1,8.6,NA,0.1,0,1.64,NA,"20260","FleaFlicker","17475","FleaFlicker","RB",0.3,0.3,2.6,NA,NA,0,NA,NA,NA,NA,NA,NA,NA,NA,NA,NA,NA,NA,NA,NA,NA,NA,NA,NA,NA,NA,NA,NA,NA,NA,NA,NA,NA,NA,NA,NA,NA,NA,"BALSun 1:00 PM",NA,NA,3,"RB77",NA,"24%",0.1,11.2,NA,NA,NA,NA,NA,NA,NA,NA,NA,NA,NA,NA,NA,NA,NA,NA,NA
"Sione Vaki","RB","DET",NA,NA,NA,NA,NA,NA,NA,NA,2.4,9.5,NA,0.1,0,1.62,NA,"18489","FleaFlicker","16678","FleaFlicker","RB",0.3,0.3,2.5,NA,NA,0,NA,NA,NA,NA,NA,NA,NA,NA,NA,NA,NA,NA,NA,NA,NA,NA,NA,NA,NA,NA,NA,NA,NA,NA,NA,NA,NA,NA,NA,NA,NA,NA,"NOSun 1:00 PM",NA,NA,6,"RB104",NA,"3%",0.1,12,NA,NA,NA,NA,NA,NA,NA,NA,NA,NA,NA,NA,NA,NA,NA,NA,NA
"Ollie Gordon","RB","MIA",NA,NA,NA,NA,NA,NA,NA,NA,2.1,7.4,NA,0.1,0,1.57,NA,"19380","FleaFlicker","17059","FleaFlicker","RB",0.4,0.4,2.5,NA,NA,0,NA,NA,NA,NA,NA,NA,NA,NA,NA,NA,NA,NA,NA,NA,NA,NA,NA,NA,NA,NA,NA,NA,NA,NA,NA,NA,NA,NA,NA,NA,NA,NA,"@LVSun 4:25 PM",NA,NA,6,"RB75",NA,"25%",0.1,9.9,NA,NA,NA,NA,NA,NA,NA,NA,NA,NA,NA,NA,NA,NA,NA,NA,NA
"Travis Homer","RB","PIT",NA,NA,NA,NA,NA,NA,NA,NA,1.2,5.2,NA,0,0,1.56,NA,"14810","FleaFlicker","14083","FleaFlicker","RB",0.8,0.8,6.2,NA,NA,0,NA,NA,NA,NA,NA,NA,NA,NA,NA,NA,NA,NA,NA,NA,NA,NA,NA,NA,NA,NA,NA,NA,NA,NA,NA,NA,NA,NA,NA,NA,NA,NA,"ATLSun 1:00 PM",NA,NA,9,NA,NA,"0%",0.1,11.4,NA,NA,NA,NA,NA,NA,NA,NA,NA,NA,NA,NA,NA,NA,NA,NA,NA
"Nicholas Singleton","RB","TEN",NA,NA,NA,NA,NA,NA,NA,NA,2.2,9.2,NA,0.1,0,1.5,NA,"20189","FleaFlicker","17476","FleaFlicker","RB",0.2,0.2,1.8,NA,NA,0,NA,NA,NA,NA,NA,NA,NA,NA,NA,NA,NA,NA,NA,NA,NA,NA,NA,NA,NA,NA,NA,NA,NA,NA,NA,NA,NA,NA,NA,NA,NA,NA,"NYJSun 1:00 PM",NA,NA,9,"RB63",NA,"38%",0.1,11,NA,NA,NA,NA,NA,NA,NA,NA,NA,NA,NA,NA,NA,NA,NA,NA,NA
"Kyle Juszczyk","RB","SF",NA,NA,NA,NA,NA,NA,NA,NA,0.2,0.4,NA,0,0,1.48,NA,"9410","FleaFlicker","11367","FleaFlicker","RB",1.1,1.1,9.6,NA,NA,0.1,NA,NA,NA,NA,NA,NA,NA,NA,NA,NA,NA,NA,NA,NA,NA,NA,NA,NA,NA,NA,NA,NA,NA,NA,NA,NA,NA,NA,NA,NA,NA,NA,"@LARThu 8:35 PM",NA,NA,8,NA,NA,"2%",0.1,10,NA,NA,NA,NA,NA,NA,NA,NA,NA,NA,NA,NA,NA,NA,NA,NA,NA
"Kaytron Allen","RB","WAS",NA,NA,NA,NA,NA,NA,NA,NA,1.7,7.2,NA,0.1,0,1.32,NA,"20225","FleaFlicker","17478","FleaFlicker","RB",0.2,0.2,1.7,NA,NA,0,NA,NA,NA,NA,NA,NA,NA,NA,NA,NA,NA,NA,NA,NA,NA,NA,NA,NA,NA,NA,NA,NA,NA,NA,NA,NA,NA,NA,NA,NA,NA,NA,"@PHISun 4:25 PM",NA,NA,7,"RB65",NA,"33%",0.1,9,NA,NA,NA,NA,NA,NA,NA,NA,NA,NA,NA,NA,NA,NA,NA,NA,NA
"DJ Giddens","RB","IND",NA,NA,NA,NA,NA,NA,NA,NA,1.7,6.5,NA,0,0,1.14,NA,"19390","FleaFlicker","17060","FleaFlicker","RB",0.4,0.4,3,NA,NA,0,NA,NA,NA,NA,NA,NA,NA,NA,NA,NA,NA,NA,NA,NA,NA,NA,NA,NA,NA,NA,NA,NA,NA,NA,NA,NA,NA,NA,NA,NA,NA,NA,"BALSun 1:00 PM",NA,NA,3,"RB83",NA,"16%",0,9.5,NA,NA,NA,NA,NA,NA,NA,NA,NA,NA,NA,NA,NA,NA,NA,NA,NA
"LeQuint Allen","RB","JAC",NA,NA,NA,NA,NA,NA,NA,NA,1.5,5.7,NA,0,0,1.13,NA,"19471","FleaFlicker","17061","FleaFlicker","RB",0.6,0.6,3.8,NA,NA,0,NA,NA,NA,NA,NA,NA,NA,NA,NA,NA,NA,NA,NA,NA,NA,NA,NA,NA,NA,NA,NA,NA,NA,NA,NA,NA,NA,NA,NA,NA,NA,NA,"CLESun 1:00 PM",NA,NA,7,"RB82",NA,"13%",0,9.5,NA,NA,NA,NA,NA,NA,NA,NA,NA,NA,NA,NA,NA,NA,NA,NA,NA
"Emari Demercado","RB","DAL",NA,NA,NA,NA,NA,NA,NA,NA,1.4,8.5,NA,0,0,1.11,NA,"17978","FleaFlicker","16385","FleaFlicker","RB",0.2,0.2,2,NA,NA,0,NA,NA,NA,NA,NA,NA,NA,NA,NA,NA,NA,NA,NA,NA,NA,NA,NA,NA,NA,NA,NA,NA,NA,NA,NA,NA,NA,NA,NA,NA,NA,NA,"@NYGSun 8:20 PM",NA,NA,4,"RB86",NA,"11%",0,10.5,NA,NA,NA,NA,NA,NA,NA,NA,NA,NA,NA,NA,NA,NA,NA,NA,NA
"Audric Estime","RB","NO",NA,NA,NA,NA,NA,NA,NA,NA,1.5,6.6,NA,0,0,1.11,NA,"18515","FleaFlicker","16595","FleaFlicker","RB",0.3,0.3,2.3,NA,NA,0,NA,NA,NA,NA,NA,NA,NA,NA,NA,NA,NA,NA,NA,NA,NA,NA,NA,NA,NA,NA,NA,NA,NA,NA,NA,NA,NA,NA,NA,NA,NA,NA,"@DETSun 1:00 PM",NA,NA,8,"RB90",NA,"9%",0,8.8,NA,NA,NA,NA,NA,NA,NA,NA,NA,NA,NA,NA,NA,NA,NA,NA,NA
"Demond Claiborne","RB","MIN",NA,NA,NA,NA,NA,NA,NA,NA,1.2,4.9,NA,0,0,1.01,NA,"20249","FleaFlicker","17481","FleaFlicker","RB",0.3,0.3,2.1,NA,NA,0,NA,NA,NA,NA,NA,NA,NA,NA,NA,NA,NA,NA,NA,NA,NA,NA,NA,NA,NA,NA,NA,NA,NA,NA,NA,NA,NA,NA,NA,NA,NA,NA,"GBSun 4:25 PM",NA,NA,6,"RB76",NA,"28%",0.1,7,NA,NA,NA,NA,NA,NA,NA,NA,NA,NA,NA,NA,NA,NA,NA,NA,NA
"Hunter Luepke","RB","DAL",NA,NA,NA,NA,NA,NA,NA,NA,0.8,3.6,NA,0,0,1,NA,"18305","FleaFlicker","16391","FleaFlicker","RB",0.6,0.6,4.5,NA,NA,0,NA,NA,NA,NA,NA,NA,NA,NA,NA,NA,NA,NA,NA,NA,NA,NA,NA,NA,NA,NA,NA,NA,NA,NA,NA,NA,NA,NA,NA,NA,NA,NA,"@NYGSun 8:20 PM",NA,NA,4,NA,NA,"1%",0,8.1,NA,NA,NA,NA,NA,NA,NA,NA,NA,NA,NA,NA,NA,NA,NA,NA,NA
"Rasheen Ali","RB","BAL",NA,NA,NA,NA,NA,NA,NA,NA,0.9,3.4,NA,0,0,0.95,NA,"18527","FleaFlicker","16746","FleaFlicker","RB",0.3,0.3,2.5,NA,NA,0,NA,NA,NA,NA,NA,NA,NA,NA,NA,NA,NA,NA,NA,NA,NA,NA,NA,NA,NA,NA,NA,NA,NA,NA,NA,NA,NA,NA,NA,NA,NA,NA,"@INDSun 1:00 PM",NA,NA,3,NA,NA,"4%",0.1,5.9,NA,NA,NA,NA,NA,NA,NA,NA,NA,NA,NA,NA,NA,NA,NA,NA,NA
"Josh Williams","RB","TB",NA,NA,NA,NA,NA,NA,NA,NA,1.7,7.1,NA,0,0,0.95,NA,"19521","FleaFlicker","17359","FleaFlicker","RB",0,0,0,NA,NA,0,NA,NA,NA,NA,NA,NA,NA,NA,NA,NA,NA,NA,NA,NA,NA,NA,NA,NA,NA,NA,NA,NA,NA,NA,NA,NA,NA,NA,NA,NA,NA,NA,"@CINSun 1:00 PM",NA,NA,0,NA,NA,"0%",0,7.1,NA,NA,NA,NA,NA,NA,NA,NA,NA,NA,NA,NA,NA,NA,NA,NA,NA
"Roschon Johnson","RB","CHI",NA,NA,NA,NA,NA,NA,NA,NA,1.1,4.2,NA,0.1,0,0.9,NA,"17716","FleaFlicker","16175","FleaFlicker","RB",0.1,0.1,0.6,NA,NA,0,NA,NA,NA,NA,NA,NA,NA,NA,NA,NA,NA,NA,NA,NA,NA,NA,NA,NA,NA,NA,NA,NA,NA,NA,NA,NA,NA,NA,NA,NA,NA,NA,"@CARSun 1:00 PM",NA,NA,0,"RB102",NA,"9%",0.1,4.8,NA,NA,NA,NA,NA,NA,NA,NA,NA,NA,NA,NA,NA,NA,NA,NA,NA
"Eli Heidenreich","RB","PIT",NA,NA,NA,NA,NA,NA,NA,NA,1.1,4.5,NA,0.1,0,0.88,NA,"20271","FleaFlicker","17685","FleaFlicker","RB",0.1,0.1,1.2,NA,NA,0,NA,NA,NA,NA,NA,NA,NA,NA,NA,NA,NA,NA,NA,NA,NA,NA,NA,NA,NA,NA,NA,NA,NA,NA,NA,NA,NA,NA,NA,NA,NA,NA,"ATLSun 1:00 PM",NA,NA,9,"RB106",NA,"18%",0.1,5.8,NA,NA,NA,NA,NA,NA,NA,NA,NA,NA,NA,NA,NA,NA,NA,NA,NA
"Tahj Brooks","RB","CIN",NA,NA,NA,NA,NA,NA,NA,NA,1.4,5.3,NA,0,0,0.87,NA,"19416","FleaFlicker","17058","FleaFlicker","RB",0.1,0.1,1.2,NA,NA,0,NA,NA,NA,NA,NA,NA,NA,NA,NA,NA,NA,NA,NA,NA,NA,NA,NA,NA,NA,NA,NA,NA,NA,NA,NA,NA,NA,NA,NA,NA,NA,NA,"TBSun 1:00 PM",NA,NA,6,"RB91",NA,"11%",0,6.5,NA,NA,NA,NA,NA,NA,NA,NA,NA,NA,NA,NA,NA,NA,NA,NA,NA
"Ameer Abdullah","RB","JAC",NA,NA,NA,NA,NA,NA,NA,NA,0.5,2.2,NA,0,0,0.86,NA,"11207","FleaFlicker","12155","FleaFlicker","RB",0.6,0.6,4,NA,NA,0,NA,NA,NA,NA,NA,NA,NA,NA,NA,NA,NA,NA,NA,NA,NA,NA,NA,NA,NA,NA,NA,NA,NA,NA,NA,NA,NA,NA,NA,NA,NA,NA,"CLESun 1:00 PM",NA,NA,7,NA,NA,"2%",0,6.1,NA,NA,NA,NA,NA,NA,NA,NA,NA,NA,NA,NA,NA,NA,NA,NA,NA
"Devin Singletary","RB","NYG",NA,NA,NA,NA,NA,NA,NA,NA,1.2,4.8,NA,0,0,0.86,NA,"14736","FleaFlicker","14080","FleaFlicker","RB",0.2,0.2,1.4,NA,NA,0,NA,NA,NA,NA,NA,NA,NA,NA,NA,NA,NA,NA,NA,NA,NA,NA,NA,NA,NA,NA,NA,NA,NA,NA,NA,NA,NA,NA,NA,NA,NA,NA,"DALSun 8:20 PM",NA,NA,8,"RB87",NA,"19%",0,6.2,NA,NA,NA,NA,NA,NA,NA,NA,NA,NA,NA,NA,NA,NA,NA,NA,NA
"Jaleel McLaughlin","RB","CLE",NA,NA,NA,NA,NA,NA,NA,NA,1.2,5,NA,0,0,0.84,NA,"18238","FleaFlicker","16390","FleaFlicker","RB",0.6,0.6,3.4,NA,NA,0,NA,NA,NA,NA,NA,NA,NA,NA,NA,NA,NA,NA,NA,NA,NA,NA,NA,NA,NA,NA,NA,NA,NA,NA,NA,NA,NA,NA,NA,NA,NA,NA,"@JACSun 1:00 PM",NA,NA,1,"RB96",NA,"6%",0,8.4,NA,NA,NA,NA,NA,NA,NA,NA,NA,NA,NA,NA,NA,NA,NA,NA,NA
"Will Shipley","RB","PHI",NA,NA,NA,NA,NA,NA,NA,NA,0.9,3.5,NA,0,0,0.81,NA,"18476","FleaFlicker","16601","FleaFlicker","RB",0.4,0.4,3.4,NA,NA,0,NA,NA,NA,NA,NA,NA,NA,NA,NA,NA,NA,NA,NA,NA,NA,NA,NA,NA,NA,NA,NA,NA,NA,NA,NA,NA,NA,NA,NA,NA,NA,NA,"WASSun 4:25 PM",NA,NA,0,"RB94",NA,"9%",0,6.9,NA,NA,NA,NA,NA,NA,NA,NA,NA,NA,NA,NA,NA,NA,NA,NA,NA
"Dylan Laube","RB","LV",NA,NA,NA,NA,NA,NA,NA,NA,1.4,4.5,NA,0,0.1,0.79,NA,"18520","FleaFlicker","16613","FleaFlicker","RB",0.3,0.3,2,NA,NA,0,NA,NA,NA,NA,NA,NA,NA,NA,NA,NA,NA,NA,NA,NA,NA,NA,NA,NA,NA,NA,NA,NA,NA,NA,NA,NA,NA,NA,NA,NA,NA,NA,"MIASun 4:25 PM",NA,NA,3,NA,NA,"2%",0.1,6.5,NA,NA,NA,NA,NA,NA,NA,NA,NA,NA,NA,NA,NA,NA,NA,NA,NA
"AJ Dillon","RB","CAR",NA,NA,NA,NA,NA,NA,NA,NA,1,4.6,NA,0,0,0.77,NA,"15568","FleaFlicker","14805","FleaFlicker","RB",0.3,0.3,1.9,NA,NA,0,NA,NA,NA,NA,NA,NA,NA,NA,NA,NA,NA,NA,NA,NA,NA,NA,NA,NA,NA,NA,NA,NA,NA,NA,NA,NA,NA,NA,NA,NA,NA,NA,"CHISun 1:00 PM",NA,NA,5,NA,NA,"5%",0,6.5,NA,NA,NA,NA,NA,NA,NA,NA,NA,NA,NA,NA,NA,NA,NA,NA,NA
"Michael Burton","RB","CLE",NA,NA,NA,NA,NA,NA,NA,NA,0.4,0.8,NA,0.1,0,0.69,NA,"11295","FleaFlicker","12325","FleaFlicker","RB",0.3,0.3,1.9,NA,NA,0,NA,NA,NA,NA,NA,NA,NA,NA,NA,NA,NA,NA,NA,NA,NA,NA,NA,NA,NA,NA,NA,NA,NA,NA,NA,NA,NA,NA,NA,NA,NA,NA,"@JACSun 1:00 PM",NA,NA,1,NA,NA,"0%",0.1,2.6,NA,NA,NA,NA,NA,NA,NA,NA,NA,NA,NA,NA,NA,NA,NA,NA,NA
"Puka Nacua","WR","LAR",NA,NA,NA,NA,NA,NA,NA,NA,0.7,4.4,NA,0,0,17.99,NA,"17779","FleaFlicker","16211","FleaFlicker","WR",7.3,7.3,93.5,NA,NA,1,NA,NA,NA,NA,NA,NA,NA,NA,NA,NA,NA,NA,NA,NA,NA,NA,NA,NA,NA,NA,NA,NA,NA,NA,NA,NA,NA,NA,NA,NA,NA,NA,"SFThu 8:35 PM",NA,NA,1,"WR2",NA,"99%",1,97.9,NA,NA,NA,NA,NA,NA,NA,NA,NA,NA,NA,NA,NA,NA,NA,NA,NA
"Amon-Ra St.","WR","WR",NA,NA,NA,NA,NA,NA,NA,NA,0.2,1.1,NA,0,0,16.61,NA,"16373","FleaFlicker","15287","FleaFlicker","WR",7,7,84.8,NA,NA,1,NA,NA,NA,NA,NA,NA,NA,NA,NA,NA,NA,NA,NA,NA,NA,NA,NA,NA,NA,NA,NA,NA,NA,NA,NA,NA,NA,NA,NA,NA,NA,NA,"NOSun 1:00 PM",NA,NA,6,"WR4",NA,"99%",1,85.9,NA,NA,NA,NA,NA,NA,NA,NA,NA,NA,NA,NA,NA,NA,NA,NA,NA
"Jaxon Smith-Njigba","WR","SEA",NA,NA,NA,NA,NA,NA,NA,NA,0.4,1.9,NA,0,0,15.47,NA,"17606","FleaFlicker","16185","FleaFlicker","WR",6.7,6.7,92.8,NA,NA,1,NA,NA,NA,NA,NA,NA,NA,NA,NA,NA,NA,NA,NA,NA,NA,NA,NA,NA,NA,NA,NA,NA,NA,NA,NA,NA,NA,NA,NA,NA,NA,NA,"NEWed 8:20 PM",NA,NA,1,"WR3",NA,"99%",1,94.7,NA,NA,NA,NA,NA,NA,NA,NA,NA,NA,NA,NA,NA,NA,NA,NA,NA
"Ja'Marr Chase","WR","CIN",NA,NA,NA,NA,NA,NA,NA,NA,0.2,0.9,NA,0,0,14.94,NA,"16250","FleaFlicker","15281","FleaFlicker","WR",7.1,7.1,88.9,NA,NA,1,NA,NA,NA,NA,NA,NA,NA,NA,NA,NA,NA,NA,NA,NA,NA,NA,NA,NA,NA,NA,NA,NA,NA,NA,NA,NA,NA,NA,NA,NA,NA,NA,"TBSun 1:00 PM",NA,NA,6,"WR1",NA,"99%",1,89.8,NA,NA,NA,NA,NA,NA,NA,NA,NA,NA,NA,NA,NA,NA,NA,NA,NA
"Tee Higgins","WR","CIN",NA,NA,NA,NA,NA,NA,NA,NA,0,0.1,NA,0,0,12.24,NA,"15585","FleaFlicker","14835","FleaFlicker","WR",4.4,4.4,62.5,NA,NA,1,NA,NA,NA,NA,NA,NA,NA,NA,NA,NA,NA,NA,NA,NA,NA,NA,NA,NA,NA,NA,NA,NA,NA,NA,NA,NA,NA,NA,NA,NA,NA,NA,"TBSun 1:00 PM",NA,NA,6,"WR15",NA,"98%",1,62.6,NA,NA,NA,NA,NA,NA,NA,NA,NA,NA,NA,NA,NA,NA,NA,NA,NA
"Davante Adams","WR","LAR",NA,NA,NA,NA,NA,NA,NA,NA,0,0,NA,0,0,11.38,NA,"10295","FleaFlicker","11675","FleaFlicker","WR",4.1,4.1,54,NA,NA,1,NA,NA,NA,NA,NA,NA,NA,NA,NA,NA,NA,NA,NA,NA,NA,NA,NA,NA,NA,NA,NA,NA,NA,NA,NA,NA,NA,NA,NA,NA,NA,NA,"SFThu 8:35 PM",NA,NA,1,"WR23",NA,"98%",1,54,NA,NA,NA,NA,NA,NA,NA,NA,NA,NA,NA,NA,NA,NA,NA,NA,NA
"CeeDee Lamb","WR","DAL",NA,NA,NA,NA,NA,NA,NA,NA,0.3,1.4,NA,0,0,11.08,NA,"15523","FleaFlicker","14832","FleaFlicker","WR",6.1,6.1,81,NA,NA,0.5,NA,NA,NA,NA,NA,NA,NA,NA,NA,NA,NA,NA,NA,NA,NA,NA,NA,NA,NA,NA,NA,NA,NA,NA,NA,NA,NA,NA,NA,NA,NA,NA,"@NYGSun 8:20 PM",NA,NA,4,"WR5",NA,"99%",0.5,82.5,NA,NA,NA,NA,NA,NA,NA,NA,NA,NA,NA,NA,NA,NA,NA,NA,NA
"George Pickens","WR","DAL",NA,NA,NA,NA,NA,NA,NA,NA,0,0.1,NA,0,0,10.69,NA,"16859","FleaFlicker","15762","FleaFlicker","WR",5.2,5.2,77.8,NA,NA,0.5,NA,NA,NA,NA,NA,NA,NA,NA,NA,NA,NA,NA,NA,NA,NA,NA,NA,NA,NA,NA,NA,NA,NA,NA,NA,NA,NA,NA,NA,NA,NA,NA,"@NYGSun 8:20 PM",NA,NA,4,"WR10",NA,"98%",0.5,77.9,NA,NA,NA,NA,NA,NA,NA,NA,NA,NA,NA,NA,NA,NA,NA,NA,NA
"Chris Olave","WR","NO",NA,NA,NA,NA,NA,NA,NA,NA,0.1,0.4,NA,0,0,10.58,NA,"16824","FleaFlicker","15754","FleaFlicker","WR",6,6,77.6,NA,NA,0.5,NA,NA,NA,NA,NA,NA,NA,NA,NA,NA,NA,NA,NA,NA,NA,NA,NA,NA,NA,NA,NA,NA,NA,NA,NA,NA,NA,NA,NA,NA,NA,NA,"@DETSun 1:00 PM",NA,NA,8,"WR11",NA,"98%",0.5,78,NA,NA,NA,NA,NA,NA,NA,NA,NA,NA,NA,NA,NA,NA,NA,NA,NA
"Nico Collins","WR","HOU",NA,NA,NA,NA,NA,NA,NA,NA,0.1,0.7,NA,0,0,10.28,NA,"16281","FleaFlicker","15290","FleaFlicker","WR",5.2,5.2,74.3,NA,NA,0.5,NA,NA,NA,NA,NA,NA,NA,NA,NA,NA,NA,NA,NA,NA,NA,NA,NA,NA,NA,NA,NA,NA,NA,NA,NA,NA,NA,NA,NA,NA,NA,NA,"BUFSun 1:00 PM",NA,NA,8,"WR8",NA,"98%",0.5,75,NA,NA,NA,NA,NA,NA,NA,NA,NA,NA,NA,NA,NA,NA,NA,NA,NA
"Justin Jefferson","WR","MIN",NA,NA,NA,NA,NA,NA,NA,NA,0.1,0.4,NA,0,0,10.1,NA,"15540","FleaFlicker","14836","FleaFlicker","WR",5.9,5.9,76.4,NA,NA,0.4,NA,NA,NA,NA,NA,NA,NA,NA,NA,NA,NA,NA,NA,NA,NA,NA,NA,NA,NA,NA,NA,NA,NA,NA,NA,NA,NA,NA,NA,NA,NA,NA,"GBSun 4:25 PM",NA,NA,6,"WR7",NA,"99%",0.4,76.8,NA,NA,NA,NA,NA,NA,NA,NA,NA,NA,NA,NA,NA,NA,NA,NA,NA
"Zay Flowers","WR","BAL",NA,NA,NA,NA,NA,NA,NA,NA,0.6,3.2,NA,0,0.1,10.08,NA,"17595","FleaFlicker","16190","FleaFlicker","WR",5.2,5.2,74,NA,NA,0.4,NA,NA,NA,NA,NA,NA,NA,NA,NA,NA,NA,NA,NA,NA,NA,NA,NA,NA,NA,NA,NA,NA,NA,NA,NA,NA,NA,NA,NA,NA,NA,NA,"@INDSun 1:00 PM",NA,NA,3,"WR14",NA,"98%",0.4,77.2,NA,NA,NA,NA,NA,NA,NA,NA,NA,NA,NA,NA,NA,NA,NA,NA,NA
"Drake London","WR","ATL",NA,NA,NA,NA,NA,NA,NA,NA,0,0.1,NA,0,0,10.02,NA,"16823","FleaFlicker","15751","FleaFlicker","WR",5.6,5.6,74,NA,NA,0.5,NA,NA,NA,NA,NA,NA,NA,NA,NA,NA,NA,NA,NA,NA,NA,NA,NA,NA,NA,NA,NA,NA,NA,NA,NA,NA,NA,NA,NA,NA,NA,NA,"@PITSun 1:00 PM",NA,NA,1,"WR9",NA,"98%",0.5,74.1,NA,NA,NA,NA,NA,NA,NA,NA,NA,NA,NA,NA,NA,NA,NA,NA,NA
"A.J. Brown","WR","NE",NA,NA,NA,NA,NA,NA,NA,NA,0,0.1,NA,0,0,9.92,NA,"14694","FleaFlicker","14104","FleaFlicker","WR",5.5,5.5,73.7,NA,NA,0.4,NA,NA,NA,NA,NA,NA,NA,NA,NA,NA,NA,NA,NA,NA,NA,NA,NA,NA,NA,NA,NA,NA,NA,NA,NA,NA,NA,NA,NA,NA,NA,NA,"@SEAWed 8:20 PM",NA,NA,1,"WR6",NA,"99%",0.4,73.7,NA,NA,NA,NA,NA,NA,NA,NA,NA,NA,NA,NA,NA,NA,NA,NA,NA
"Tetairoa McMillan","WR","CAR",NA,NA,NA,NA,NA,NA,NA,NA,0,0.1,NA,0,0,9.29,NA,"19258","FleaFlicker","17071","FleaFlicker","WR",4.6,4.6,69,NA,NA,0.4,NA,NA,NA,NA,NA,NA,NA,NA,NA,NA,NA,NA,NA,NA,NA,NA,NA,NA,NA,NA,NA,NA,NA,NA,NA,NA,NA,NA,NA,NA,NA,NA,"CHISun 1:00 PM",NA,NA,5,"WR18",NA,"97%",0.4,69.1,NA,NA,NA,NA,NA,NA,NA,NA,NA,NA,NA,NA,NA,NA,NA,NA,NA
"DeVonta Smith","WR","PHI",NA,NA,NA,NA,NA,NA,NA,NA,0,0.1,NA,0,0,9.28,NA,"16253","FleaFlicker","15282","FleaFlicker","WR",5.2,5.2,68.9,NA,NA,0.4,NA,NA,NA,NA,NA,NA,NA,NA,NA,NA,NA,NA,NA,NA,NA,NA,NA,NA,NA,NA,NA,NA,NA,NA,NA,NA,NA,NA,NA,NA,NA,NA,"WASSun 4:25 PM",NA,NA,0,"WR13",NA,"98%",0.4,69,NA,NA,NA,NA,NA,NA,NA,NA,NA,NA,NA,NA,NA,NA,NA,NA,NA
"Rashee Rice","WR","KC",NA,NA,NA,NA,NA,NA,NA,NA,0.4,1.7,NA,0,0,9.15,NA,"17633","FleaFlicker","16194","FleaFlicker","WR",5.4,5.4,60.2,NA,NA,0.5,NA,NA,NA,NA,NA,NA,NA,NA,NA,NA,NA,NA,NA,NA,NA,NA,NA,NA,NA,NA,NA,NA,NA,NA,NA,NA,NA,NA,NA,NA,NA,NA,"DENMon 8:15 PM",NA,NA,5,"WR16",NA,"98%",0.5,61.9,NA,NA,NA,NA,NA,NA,NA,NA,NA,NA,NA,NA,NA,NA,NA,NA,NA
"Jameson Williams","WR","DET",NA,NA,NA,NA,NA,NA,NA,NA,0.4,2,NA,0,0,8.96,NA,"16830","FleaFlicker","15756","FleaFlicker","WR",3.8,3.8,62,NA,NA,0.4,NA,NA,NA,NA,NA,NA,NA,NA,NA,NA,NA,NA,NA,NA,NA,NA,NA,NA,NA,NA,NA,NA,NA,NA,NA,NA,NA,NA,NA,NA,NA,NA,"NOSun 1:00 PM",NA,NA,6,"WR21",NA,"97%",0.4,64,NA,NA,NA,NA,NA,NA,NA,NA,NA,NA,NA,NA,NA,NA,NA,NA,NA
"Ladd McConkey","WR","LAC",NA,NA,NA,NA,NA,NA,NA,NA,0,0.2,NA,0,0,8.96,NA,"18407","FleaFlicker","16627","FleaFlicker","WR",4.7,4.7,62,NA,NA,0.5,NA,NA,NA,NA,NA,NA,NA,NA,NA,NA,NA,NA,NA,NA,NA,NA,NA,NA,NA,NA,NA,NA,NA,NA,NA,NA,NA,NA,NA,NA,NA,NA,"ARISun 4:25 PM",NA,NA,7,"WR20",NA,"97%",0.5,62.1,NA,NA,NA,NA,NA,NA,NA,NA,NA,NA,NA,NA,NA,NA,NA,NA,NA
"Garrett Wilson","WR","NYJ",NA,NA,NA,NA,NA,NA,NA,NA,0.2,0.7,NA,0,0.1,8.86,NA,"16798","FleaFlicker","15753","FleaFlicker","WR",5.3,5.3,63.7,NA,NA,0.4,NA,NA,NA,NA,NA,NA,NA,NA,NA,NA,NA,NA,NA,NA,NA,NA,NA,NA,NA,NA,NA,NA,NA,NA,NA,NA,NA,NA,NA,NA,NA,NA,"@TENSun 1:00 PM",NA,NA,3,"WR22",NA,"96%",0.4,64.3,NA,NA,NA,NA,NA,NA,NA,NA,NA,NA,NA,NA,NA,NA,NA,NA,NA
"Emeka Egbuka","WR","TB",NA,NA,NA,NA,NA,NA,NA,NA,0.2,0.9,NA,0,0,8.63,NA,"19261","FleaFlicker","17081","FleaFlicker","WR",3.9,3.9,60,NA,NA,0.4,NA,NA,NA,NA,NA,NA,NA,NA,NA,NA,NA,NA,NA,NA,NA,NA,NA,NA,NA,NA,NA,NA,NA,NA,NA,NA,NA,NA,NA,NA,NA,NA,"@CINSun 1:00 PM",NA,NA,0,"WR17",NA,"97%",0.4,60.9,NA,NA,NA,NA,NA,NA,NA,NA,NA,NA,NA,NA,NA,NA,NA,NA,NA
"Luther Burden","WR","CHI",NA,NA,NA,NA,NA,NA,NA,NA,0.5,2.4,NA,0,0,8.34,NA,"19335","FleaFlicker","17070","FleaFlicker","WR",4.4,4.4,60.4,NA,NA,0.3,NA,NA,NA,NA,NA,NA,NA,NA,NA,NA,NA,NA,NA,NA,NA,NA,NA,NA,NA,NA,NA,NA,NA,NA,NA,NA,NA,NA,NA,NA,NA,NA,"@CARSun 1:00 PM",NA,NA,0,"WR26",NA,"93%",0.3,62.8,NA,NA,NA,NA,NA,NA,NA,NA,NA,NA,NA,NA,NA,NA,NA,NA,NA
"Malik Nabers","WR","NYG",NA,NA,NA,NA,NA,NA,NA,NA,0.1,0.5,NA,0,0,8.33,NA,"18369","FleaFlicker","16615","FleaFlicker","WR",4.4,4.4,56.2,NA,NA,0.5,NA,NA,NA,NA,NA,NA,NA,NA,NA,NA,NA,NA,NA,NA,NA,NA,NA,NA,NA,NA,NA,NA,NA,NA,NA,NA,NA,NA,NA,NA,NA,NA,"DALSun 8:20 PM",NA,NA,8,"WR12",NA,"98%",0.5,56.7,NA,NA,NA,NA,NA,NA,NA,NA,NA,NA,NA,NA,NA,NA,NA,NA,NA
"Christian Watson","WR","GB",NA,NA,NA,NA,NA,NA,NA,NA,0.2,1,NA,0,0,8.16,NA,"16896","FleaFlicker","15789","FleaFlicker","WR",3.5,3.5,56.2,NA,NA,0.4,NA,NA,NA,NA,NA,NA,NA,NA,NA,NA,NA,NA,NA,NA,NA,NA,NA,NA,NA,NA,NA,NA,NA,NA,NA,NA,NA,NA,NA,NA,NA,NA,"@MINSun 4:25 PM",NA,NA,1,"WR24",NA,"95%",0.4,57.2,NA,NA,NA,NA,NA,NA,NA,NA,NA,NA,NA,NA,NA,NA,NA,NA,NA
"DK Metcalf","WR","PIT",NA,NA,NA,NA,NA,NA,NA,NA,0.1,0.3,NA,0,0,8.09,NA,"14706","FleaFlicker","14102","FleaFlicker","WR",3.7,3.7,54.4,NA,NA,0.4,NA,NA,NA,NA,NA,NA,NA,NA,NA,NA,NA,NA,NA,NA,NA,NA,NA,NA,NA,NA,NA,NA,NA,NA,NA,NA,NA,NA,NA,NA,NA,NA,"ATLSun 1:00 PM",NA,NA,9,"WR32",NA,"95%",0.4,54.7,NA,NA,NA,NA,NA,NA,NA,NA,NA,NA,NA,NA,NA,NA,NA,NA,NA
"Jaylen Waddle","WR","DEN",NA,NA,NA,NA,NA,NA,NA,NA,0.1,0.8,NA,0,0,8.09,NA,"16236","FleaFlicker","15284","FleaFlicker","WR",4.7,4.7,60.7,NA,NA,0.3,NA,NA,NA,NA,NA,NA,NA,NA,NA,NA,NA,NA,NA,NA,NA,NA,NA,NA,NA,NA,NA,NA,NA,NA,NA,NA,NA,NA,NA,NA,NA,NA,"@KCMon 8:15 PM",NA,NA,0,"WR19",NA,"98%",0.3,61.5,NA,NA,NA,NA,NA,NA,NA,NA,NA,NA,NA,NA,NA,NA,NA,NA,NA
"Alec Pierce","WR","IND",NA,NA,NA,NA,NA,NA,NA,NA,0,0.1,NA,0,0,8,NA,"16842","FleaFlicker","15768","FleaFlicker","WR",3.3,3.3,60.9,NA,NA,0.3,NA,NA,NA,NA,NA,NA,NA,NA,NA,NA,NA,NA,NA,NA,NA,NA,NA,NA,NA,NA,NA,NA,NA,NA,NA,NA,NA,NA,NA,NA,NA,NA,"BALSun 1:00 PM",NA,NA,3,"WR35",NA,"91%",0.3,61,NA,NA,NA,NA,NA,NA,NA,NA,NA,NA,NA,NA,NA,NA,NA,NA,NA
"Parker Washington","WR","JAC",NA,NA,NA,NA,NA,NA,NA,NA,0.6,2.1,NA,0,0,7.95,NA,"17738","FleaFlicker","16192","FleaFlicker","WR",3.9,3.9,54.3,NA,NA,0.4,NA,NA,NA,NA,NA,NA,NA,NA,NA,NA,NA,NA,NA,NA,NA,NA,NA,NA,NA,NA,NA,NA,NA,NA,NA,NA,NA,NA,NA,NA,NA,NA,"CLESun 1:00 PM",NA,NA,7,"WR30",NA,"92%",0.4,56.4,NA,NA,NA,NA,NA,NA,NA,NA,NA,NA,NA,NA,NA,NA,NA,NA,NA
"Rome Odunze","WR","CHI",NA,NA,NA,NA,NA,NA,NA,NA,0,0.1,NA,0,0,7.84,NA,"18384","FleaFlicker","16616","FleaFlicker","WR",3.6,3.6,53.4,NA,NA,0.4,NA,NA,NA,NA,NA,NA,NA,NA,NA,NA,NA,NA,NA,NA,NA,NA,NA,NA,NA,NA,NA,NA,NA,NA,NA,NA,NA,NA,NA,NA,NA,NA,"@CARSun 1:00 PM",NA,NA,0,"WR28",NA,"95%",0.4,53.5,NA,NA,NA,NA,NA,NA,NA,NA,NA,NA,NA,NA,NA,NA,NA,NA,NA
"Quentin Johnston","WR","LAC",NA,NA,NA,NA,NA,NA,NA,NA,0.1,0.6,NA,0,0,7.68,NA,"17593","FleaFlicker","16188","FleaFlicker","WR",3.4,3.4,49.4,NA,NA,0.5,NA,NA,NA,NA,NA,NA,NA,NA,NA,NA,NA,NA,NA,NA,NA,NA,NA,NA,NA,NA,NA,NA,NA,NA,NA,NA,NA,NA,NA,NA,NA,NA,"ARISun 4:25 PM",NA,NA,7,"WR36",NA,"90%",0.5,49.9,NA,NA,NA,NA,NA,NA,NA,NA,NA,NA,NA,NA,NA,NA,NA,NA,NA
"Terry McLaurin","WR","WAS",NA,NA,NA,NA,NA,NA,NA,NA,0,0.1,NA,0,0,7.62,NA,"14746","FleaFlicker","14109","FleaFlicker","WR",4.1,4.1,56.1,NA,NA,0.3,NA,NA,NA,NA,NA,NA,NA,NA,NA,NA,NA,NA,NA,NA,NA,NA,NA,NA,NA,NA,NA,NA,NA,NA,NA,NA,NA,NA,NA,NA,NA,NA,"@PHISun 4:25 PM",NA,NA,7,"WR25",NA,"96%",0.3,56.2,NA,NA,NA,NA,NA,NA,NA,NA,NA,NA,NA,NA,NA,NA,NA,NA,NA
"Mike Evans","WR","SF",NA,NA,NA,NA,NA,NA,NA,NA,0,0,NA,0,0,7.42,NA,"10252","FleaFlicker","11671","FleaFlicker","WR",3.6,3.6,51,NA,NA,0.4,NA,NA,NA,NA,NA,NA,NA,NA,NA,NA,NA,NA,NA,NA,NA,NA,NA,NA,NA,NA,NA,NA,NA,NA,NA,NA,NA,NA,NA,NA,NA,NA,"@LARThu 8:35 PM",NA,NA,8,"WR29",NA,"95%",0.4,51,NA,NA,NA,NA,NA,NA,NA,NA,NA,NA,NA,NA,NA,NA,NA,NA,NA
"DJ Moore","WR","BUF",NA,NA,NA,NA,NA,NA,NA,NA,0.6,2.7,NA,0,0,7.36,NA,"13764","FleaFlicker","13635","FleaFlicker","WR",3.9,3.9,50.1,NA,NA,0.3,NA,NA,NA,NA,NA,NA,NA,NA,NA,NA,NA,NA,NA,NA,NA,NA,NA,NA,NA,NA,NA,NA,NA,NA,NA,NA,NA,NA,NA,NA,NA,NA,"@HOUSun 1:00 PM",NA,NA,7,"WR27",NA,"96%",0.4,52.8,NA,NA,NA,NA,NA,NA,NA,NA,NA,NA,NA,NA,NA,NA,NA,NA,NA
"Jordan Addison","WR","MIN",NA,NA,NA,NA,NA,NA,NA,NA,0.2,2.1,NA,0,0,7.01,NA,"17613","FleaFlicker","16186","FleaFlicker","WR",3.5,3.5,45.4,NA,NA,0.3,NA,NA,NA,NA,NA,NA,NA,NA,NA,NA,NA,NA,NA,NA,NA,NA,NA,NA,NA,NA,NA,NA,NA,NA,NA,NA,NA,NA,NA,NA,NA,NA,"GBSun 4:25 PM",NA,NA,6,"WR40",NA,"87%",0.4,47.5,NA,NA,NA,NA,NA,NA,NA,NA,NA,NA,NA,NA,NA,NA,NA,NA,NA
"Jayden Reed","WR","GB",NA,NA,NA,NA,NA,NA,NA,NA,0.7,4.8,NA,0,0,7,NA,"17674","FleaFlicker","16184","FleaFlicker","WR",3.9,3.9,47,NA,NA,0.3,NA,NA,NA,NA,NA,NA,NA,NA,NA,NA,NA,NA,NA,NA,NA,NA,NA,NA,NA,NA,NA,NA,NA,NA,NA,NA,NA,NA,NA,NA,NA,NA,"@MINSun 4:25 PM",NA,NA,1,"WR41",NA,"84%",0.3,51.8,NA,NA,NA,NA,NA,NA,NA,NA,NA,NA,NA,NA,NA,NA,NA,NA,NA
"Carnell Tate","WR","TEN",NA,NA,NA,NA,NA,NA,NA,NA,0,0.2,NA,0,0,6.98,NA,"20044","FleaFlicker","17497","FleaFlicker","WR",3.8,3.8,51.8,NA,NA,0.3,NA,NA,NA,NA,NA,NA,NA,NA,NA,NA,NA,NA,NA,NA,NA,NA,NA,NA,NA,NA,NA,NA,NA,NA,NA,NA,NA,NA,NA,NA,NA,NA,"NYJSun 1:00 PM",NA,NA,9,"WR34",NA,"90%",0.3,52,NA,NA,NA,NA,NA,NA,NA,NA,NA,NA,NA,NA,NA,NA,NA,NA,NA
"Brian Thomas","WR","JAC",NA,NA,NA,NA,NA,NA,NA,NA,0.2,1.1,NA,0,0,6.95,NA,"18361","FleaFlicker","16618","FleaFlicker","WR",3.3,3.3,48.1,NA,NA,0.3,NA,NA,NA,NA,NA,NA,NA,NA,NA,NA,NA,NA,NA,NA,NA,NA,NA,NA,NA,NA,NA,NA,NA,NA,NA,NA,NA,NA,NA,NA,NA,NA,"CLESun 1:00 PM",NA,NA,7,"WR33",NA,"92%",0.3,49.2,NA,NA,NA,NA,NA,NA,NA,NA,NA,NA,NA,NA,NA,NA,NA,NA,NA
"Marvin Harrison","WR","ARI",NA,NA,NA,NA,NA,NA,NA,NA,0,0,NA,0,0,6.81,NA,"18381","FleaFlicker","16614","FleaFlicker","WR",3.4,3.4,50.3,NA,NA,0.3,NA,NA,NA,NA,NA,NA,NA,NA,NA,NA,NA,NA,NA,NA,NA,NA,NA,NA,NA,NA,NA,NA,NA,NA,NA,NA,NA,NA,NA,NA,NA,NA,"@LACSun 4:25 PM",NA,NA,4,"WR31",NA,"94%",0.3,50.3,NA,NA,NA,NA,NA,NA,NA,NA,NA,NA,NA,NA,NA,NA,NA,NA,NA
"Chris Godwin","WR","TB",NA,NA,NA,NA,NA,NA,NA,NA,0,0.1,NA,0,0,6.65,NA,"12926","FleaFlicker","13163","FleaFlicker","WR",4.2,4.2,48.8,NA,NA,0.3,NA,NA,NA,NA,NA,NA,NA,NA,NA,NA,NA,NA,NA,NA,NA,NA,NA,NA,NA,NA,NA,NA,NA,NA,NA,NA,NA,NA,NA,NA,NA,NA,"@CINSun 1:00 PM",NA,NA,0,"WR38",NA,"88%",0.3,48.9,NA,NA,NA,NA,NA,NA,NA,NA,NA,NA,NA,NA,NA,NA,NA,NA,NA
"Courtland Sutton","WR","DEN",NA,NA,NA,NA,NA,NA,NA,NA,0,0,NA,0,0,6.58,NA,"13795","FleaFlicker","13630","FleaFlicker","WR",3.7,3.7,48,NA,NA,0.3,NA,NA,NA,NA,NA,NA,NA,NA,NA,NA,NA,NA,NA,NA,NA,NA,NA,NA,NA,NA,NA,NA,NA,NA,NA,NA,NA,NA,NA,NA,NA,NA,"@KCMon 8:15 PM",NA,NA,0,"WR37",NA,"94%",0.3,48,NA,NA,NA,NA,NA,NA,NA,NA,NA,NA,NA,NA,NA,NA,NA,NA,NA
"Jakobi Meyers","WR","JAC",NA,NA,NA,NA,NA,NA,NA,NA,0.3,1.3,NA,0,0,6.54,NA,"14949","FleaFlicker","14127","FleaFlicker","WR",3.9,3.9,46.3,NA,NA,0.3,NA,NA,NA,NA,NA,NA,NA,NA,NA,NA,NA,NA,NA,NA,NA,NA,NA,NA,NA,NA,NA,NA,NA,NA,NA,NA,NA,NA,NA,NA,NA,NA,"CLESun 1:00 PM",NA,NA,7,"WR49",NA,"80%",0.3,47.6,NA,NA,NA,NA,NA,NA,NA,NA,NA,NA,NA,NA,NA,NA,NA,NA,NA
"Michael Pittman","WR","PIT",NA,NA,NA,NA,NA,NA,NA,NA,0,0.1,NA,0,0,6.52,NA,"15603","FleaFlicker","14842","FleaFlicker","WR",4.4,4.4,46.3,NA,NA,0.3,NA,NA,NA,NA,NA,NA,NA,NA,NA,NA,NA,NA,NA,NA,NA,NA,NA,NA,NA,NA,NA,NA,NA,NA,NA,NA,NA,NA,NA,NA,NA,NA,"ATLSun 1:00 PM",NA,NA,9,"WR42",NA,"88%",0.3,46.4,NA,NA,NA,NA,NA,NA,NA,NA,NA,NA,NA,NA,NA,NA,NA,NA,NA
"Michael Wilson","WR","ARI",NA,NA,NA,NA,NA,NA,NA,NA,0,0.1,NA,0,0,6.42,NA,"17671","FleaFlicker","16206","FleaFlicker","WR",3.8,3.8,48.7,NA,NA,0.3,NA,NA,NA,NA,NA,NA,NA,NA,NA,NA,NA,NA,NA,NA,NA,NA,NA,NA,NA,NA,NA,NA,NA,NA,NA,NA,NA,NA,NA,NA,NA,NA,"@LACSun 4:25 PM",NA,NA,4,"WR39",NA,"90%",0.3,48.8,NA,NA,NA,NA,NA,NA,NA,NA,NA,NA,NA,NA,NA,NA,NA,NA,NA
"Jalen Coker","WR","CAR",NA,NA,NA,NA,NA,NA,NA,NA,0,0.1,NA,0,0,6.32,NA,"18787","FleaFlicker","16809","FleaFlicker","WR",3.6,3.6,46.5,NA,NA,0.3,NA,NA,NA,NA,NA,NA,NA,NA,NA,NA,NA,NA,NA,NA,NA,NA,NA,NA,NA,NA,NA,NA,NA,NA,NA,NA,NA,NA,NA,NA,NA,NA,"CHISun 1:00 PM",NA,NA,5,"WR53",NA,"68%",0.3,46.5,NA,NA,NA,NA,NA,NA,NA,NA,NA,NA,NA,NA,NA,NA,NA,NA,NA
"Matthew Golden","WR","GB",NA,NA,NA,NA,NA,NA,NA,NA,0.6,2.6,NA,0,0,6.16,NA,"19266","FleaFlicker","17075","FleaFlicker","WR",3.5,3.5,43.7,NA,NA,0.2,NA,NA,NA,NA,NA,NA,NA,NA,NA,NA,NA,NA,NA,NA,NA,NA,NA,NA,NA,NA,NA,NA,NA,NA,NA,NA,NA,NA,NA,NA,NA,NA,"@MINSun 4:25 PM",NA,NA,1,"WR46",NA,"78%",0.3,46.4,NA,NA,NA,NA,NA,NA,NA,NA,NA,NA,NA,NA,NA,NA,NA,NA,NA
"Josh Downs","WR","IND",NA,NA,NA,NA,NA,NA,NA,NA,0.1,0.4,NA,0,0,6.15,NA,"17622","FleaFlicker","16187","FleaFlicker","WR",4.2,4.2,45,NA,NA,0.3,NA,NA,NA,NA,NA,NA,NA,NA,NA,NA,NA,NA,NA,NA,NA,NA,NA,NA,NA,NA,NA,NA,NA,NA,NA,NA,NA,NA,NA,NA,NA,NA,"BALSun 1:00 PM",NA,NA,3,"WR44",NA,"80%",0.3,45.4,NA,NA,NA,NA,NA,NA,NA,NA,NA,NA,NA,NA,NA,NA,NA,NA,NA
"Romeo Doubs","WR","NE",NA,NA,NA,NA,NA,NA,NA,NA,0,0,NA,0,0,6.12,NA,"16941","FleaFlicker","15779","FleaFlicker","WR",3.5,3.5,44.6,NA,NA,0.3,NA,NA,NA,NA,NA,NA,NA,NA,NA,NA,NA,NA,NA,NA,NA,NA,NA,NA,NA,NA,NA,NA,NA,NA,NA,NA,NA,NA,NA,NA,NA,NA,"@SEAWed 8:20 PM",NA,NA,1,"WR52",NA,"77%",0.3,44.6,NA,NA,NA,NA,NA,NA,NA,NA,NA,NA,NA,NA,NA,NA,NA,NA,NA
"Wan'Dale Robinson","WR","TEN",NA,NA,NA,NA,NA,NA,NA,NA,0.2,1,NA,0,0,6.06,NA,"16869","FleaFlicker","15757","FleaFlicker","WR",4.2,4.2,44.8,NA,NA,0.2,NA,NA,NA,NA,NA,NA,NA,NA,NA,NA,NA,NA,NA,NA,NA,NA,NA,NA,NA,NA,NA,NA,NA,NA,NA,NA,NA,NA,NA,NA,NA,NA,"NYJSun 1:00 PM",NA,NA,9,"WR51",NA,"82%",0.2,45.8,NA,NA,NA,NA,NA,NA,NA,NA,NA,NA,NA,NA,NA,NA,NA,NA,NA
"Xavier Worthy","WR","KC",NA,NA,NA,NA,NA,NA,NA,NA,0.8,4.9,NA,0,0,6,NA,"18363","FleaFlicker","16620","FleaFlicker","WR",3,3,38.5,NA,NA,0.2,NA,NA,NA,NA,NA,NA,NA,NA,NA,NA,NA,NA,NA,NA,NA,NA,NA,NA,NA,NA,NA,NA,NA,NA,NA,NA,NA,NA,NA,NA,NA,NA,"DENMon 8:15 PM",NA,NA,5,"WR48",NA,"80%",0.3,43.4,NA,NA,NA,NA,NA,NA,NA,NA,NA,NA,NA,NA,NA,NA,NA,NA,NA
"Deebo Samuel","WR","SF",NA,NA,NA,NA,NA,NA,NA,NA,1.3,5.4,NA,0.1,0,5.94,NA,"14702","FleaFlicker","14136","FleaFlicker","WR",3.2,3.2,37.6,NA,NA,0.2,NA,NA,NA,NA,NA,NA,NA,NA,NA,NA,NA,NA,NA,NA,NA,NA,NA,NA,NA,NA,NA,NA,NA,NA,NA,NA,NA,NA,NA,NA,NA,NA,"@LARThu 8:35 PM",NA,NA,8,"WR55",NA,"78%",0.3,43,NA,NA,NA,NA,NA,NA,NA,NA,NA,NA,NA,NA,NA,NA,NA,NA,NA
"Rashid Shaheed","WR","SEA",NA,NA,NA,NA,NA,NA,NA,NA,0.7,4.3,NA,0,0,5.77,NA,"17243","FleaFlicker","16080","FleaFlicker","WR",2.8,2.8,39.8,NA,NA,0.2,NA,NA,NA,NA,NA,NA,NA,NA,NA,NA,NA,NA,NA,NA,NA,NA,NA,NA,NA,NA,NA,NA,NA,NA,NA,NA,NA,NA,NA,NA,NA,NA,"NEWed 8:20 PM",NA,NA,1,"WR54",NA,"73%",0.2,44.1,NA,NA,NA,NA,NA,NA,NA,NA,NA,NA,NA,NA,NA,NA,NA,NA,NA
"Tre Tucker","WR","LV",NA,NA,NA,NA,NA,NA,NA,NA,0.6,3,NA,0,0,5.74,NA,"17635","FleaFlicker","16287","FleaFlicker","WR",3,3,38.4,NA,NA,0.3,NA,NA,NA,NA,NA,NA,NA,NA,NA,NA,NA,NA,NA,NA,NA,NA,NA,NA,NA,NA,NA,NA,NA,NA,NA,NA,NA,NA,NA,NA,NA,NA,"MIASun 4:25 PM",NA,NA,3,"WR58",NA,"50%",0.3,41.3,NA,NA,NA,NA,NA,NA,NA,NA,NA,NA,NA,NA,NA,NA,NA,NA,NA
"Stefon Diggs","WR","WAS",NA,NA,NA,NA,NA,NA,NA,NA,0,0.1,NA,0,0,5.7,NA,"11329","FleaFlicker","12186","FleaFlicker","WR",3.9,3.9,43.3,NA,NA,0.2,NA,NA,NA,NA,NA,NA,NA,NA,NA,NA,NA,NA,NA,NA,NA,NA,NA,NA,NA,NA,NA,NA,NA,NA,NA,NA,NA,NA,NA,NA,NA,NA,"@PHISun 4:25 PM",NA,NA,7,"WR43",NA,"85%",0.2,43.4,NA,NA,NA,NA,NA,NA,NA,NA,NA,NA,NA,NA,NA,NA,NA,NA,NA
"Khalil Shakir","WR","BUF",NA,NA,NA,NA,NA,NA,NA,NA,0.1,0.4,NA,0,0,5.56,NA,"16947","FleaFlicker","15761","FleaFlicker","WR",4,4,43,NA,NA,0.2,NA,NA,NA,NA,NA,NA,NA,NA,NA,NA,NA,NA,NA,NA,NA,NA,NA,NA,NA,NA,NA,NA,NA,NA,NA,NA,NA,NA,NA,NA,NA,NA,"@HOUSun 1:00 PM",NA,NA,7,"WR56",NA,"70%",0.2,43.4,NA,NA,NA,NA,NA,NA,NA,NA,NA,NA,NA,NA,NA,NA,NA,NA,NA
"Kayshon Boutte","WR","HOU",NA,NA,NA,NA,NA,NA,NA,NA,0,0,NA,0,0,5.53,NA,"17725","FleaFlicker","16193","FleaFlicker","WR",2.8,2.8,39.3,NA,NA,0.3,NA,NA,NA,NA,NA,NA,NA,NA,NA,NA,NA,NA,NA,NA,NA,NA,NA,NA,NA,NA,NA,NA,NA,NA,NA,NA,NA,NA,NA,NA,NA,NA,"BUFSun 1:00 PM",NA,NA,8,"WR60",NA,"47%",0.3,39.3,NA,NA,NA,NA,NA,NA,NA,NA,NA,NA,NA,NA,NA,NA,NA,NA,NA
"KC Concepcion","WR","CLE",NA,NA,NA,NA,NA,NA,NA,NA,0.3,1.5,NA,0,0.1,5.35,NA,"20052","FleaFlicker","17501","FleaFlicker","WR",3.4,3.4,40.6,NA,NA,0.2,NA,NA,NA,NA,NA,NA,NA,NA,NA,NA,NA,NA,NA,NA,NA,NA,NA,NA,NA,NA,NA,NA,NA,NA,NA,NA,NA,NA,NA,NA,NA,NA,"@JACSun 1:00 PM",NA,NA,1,"WR50",NA,"79%",0.2,42.1,NA,NA,NA,NA,NA,NA,NA,NA,NA,NA,NA,NA,NA,NA,NA,NA,NA
"Calvin Ridley","WR","TEN",NA,NA,NA,NA,NA,NA,NA,NA,0.1,0.8,NA,0,0,5.34,NA,"13776","FleaFlicker","13629","FleaFlicker","WR",2.4,2.4,38.4,NA,NA,0.2,NA,NA,NA,NA,NA,NA,NA,NA,NA,NA,NA,NA,NA,NA,NA,NA,NA,NA,NA,NA,NA,NA,NA,NA,NA,NA,NA,NA,NA,NA,NA,NA,"NYJSun 1:00 PM",NA,NA,9,"WR73",NA,"33%",0.2,39.2,NA,NA,NA,NA,NA,NA,NA,NA,NA,NA,NA,NA,NA,NA,NA,NA,NA
"Jalen Nailor","WR","LV",NA,NA,NA,NA,NA,NA,NA,NA,0.1,0.6,NA,0,0,5.31,NA,"17018","FleaFlicker","15786","FleaFlicker","WR",2.6,2.6,37.2,NA,NA,0.3,NA,NA,NA,NA,NA,NA,NA,NA,NA,NA,NA,NA,NA,NA,NA,NA,NA,NA,NA,NA,NA,NA,NA,NA,NA,NA,NA,NA,NA,NA,NA,NA,"MIASun 4:25 PM",NA,NA,3,"WR65",NA,"35%",0.3,37.8,NA,NA,NA,NA,NA,NA,NA,NA,NA,NA,NA,NA,NA,NA,NA,NA,NA
"Jalen McMillan","WR","TB",NA,NA,NA,NA,NA,NA,NA,NA,0.2,1,NA,0,0,5.22,NA,"18435","FleaFlicker","16628","FleaFlicker","WR",2.6,2.6,35.2,NA,NA,0.3,NA,NA,NA,NA,NA,NA,NA,NA,NA,NA,NA,NA,NA,NA,NA,NA,NA,NA,NA,NA,NA,NA,NA,NA,NA,NA,NA,NA,NA,NA,NA,NA,"@CINSun 1:00 PM",NA,NA,0,"WR62",NA,"40%",0.3,36.1,NA,NA,NA,NA,NA,NA,NA,NA,NA,NA,NA,NA,NA,NA,NA,NA,NA
"Cooper Kupp","WR","SEA",NA,NA,NA,NA,NA,NA,NA,NA,0,0.1,NA,0,0,5.05,NA,"12970","FleaFlicker","13164","FleaFlicker","WR",3,3,36.1,NA,NA,0.2,NA,NA,NA,NA,NA,NA,NA,NA,NA,NA,NA,NA,NA,NA,NA,NA,NA,NA,NA,NA,NA,NA,NA,NA,NA,NA,NA,NA,NA,NA,NA,NA,"NEWed 8:20 PM",NA,NA,1,"WR83",NA,"34%",0.2,36.3,NA,NA,NA,NA,NA,NA,NA,NA,NA,NA,NA,NA,NA,NA,NA,NA,NA
"Makai Lemon","WR","PHI",NA,NA,NA,NA,NA,NA,NA,NA,0,0.3,NA,0,0,4.98,NA,"20058","FleaFlicker","17499","FleaFlicker","WR",2.7,2.7,36.5,NA,NA,0.2,NA,NA,NA,NA,NA,NA,NA,NA,NA,NA,NA,NA,NA,NA,NA,NA,NA,NA,NA,NA,NA,NA,NA,NA,NA,NA,NA,NA,NA,NA,NA,NA,"WASSun 4:25 PM",NA,NA,0,"WR45",NA,"84%",0.2,36.8,NA,NA,NA,NA,NA,NA,NA,NA,NA,NA,NA,NA,NA,NA,NA,NA,NA
"Rashod Bateman","WR","BAL",NA,NA,NA,NA,NA,NA,NA,NA,0,0.1,NA,0,0,4.96,NA,"16248","FleaFlicker","15293","FleaFlicker","WR",2.2,2.2,32.9,NA,NA,0.3,NA,NA,NA,NA,NA,NA,NA,NA,NA,NA,NA,NA,NA,NA,NA,NA,NA,NA,NA,NA,NA,NA,NA,NA,NA,NA,NA,NA,NA,NA,NA,NA,"@INDSun 1:00 PM",NA,NA,3,"WR75",NA,"23%",0.3,33,NA,NA,NA,NA,NA,NA,NA,NA,NA,NA,NA,NA,NA,NA,NA,NA,NA
"Jerry Jeudy","WR","CLE",NA,NA,NA,NA,NA,NA,NA,NA,0.1,0.2,NA,0,0,4.94,NA,"15544","FleaFlicker","14833","FleaFlicker","WR",3.2,3.2,39.8,NA,NA,0.2,NA,NA,NA,NA,NA,NA,NA,NA,NA,NA,NA,NA,NA,NA,NA,NA,NA,NA,NA,NA,NA,NA,NA,NA,NA,NA,NA,NA,NA,NA,NA,NA,"@JACSun 1:00 PM",NA,NA,1,"WR64",NA,"43%",0.2,40,NA,NA,NA,NA,NA,NA,NA,NA,NA,NA,NA,NA,NA,NA,NA,NA,NA
"Jauan Jennings","WR","MIN",NA,NA,NA,NA,NA,NA,NA,NA,0,0,NA,0,0,4.93,NA,"15751","FleaFlicker","14860","FleaFlicker","WR",2.9,2.9,33.3,NA,NA,0.3,NA,NA,NA,NA,NA,NA,NA,NA,NA,NA,NA,NA,NA,NA,NA,NA,NA,NA,NA,NA,NA,NA,NA,NA,NA,NA,NA,NA,NA,NA,NA,NA,"GBSun 4:25 PM",NA,NA,6,"WR66",NA,"52%",0.3,33.3,NA,NA,NA,NA,NA,NA,NA,NA,NA,NA,NA,NA,NA,NA,NA,NA,NA
"De'Zhaun Stribling","WR","SF",NA,NA,NA,NA,NA,NA,NA,NA,0.1,0.4,NA,0,0,4.91,NA,"20120","FleaFlicker","17514","FleaFlicker","WR",2.8,2.8,37.5,NA,NA,0.2,NA,NA,NA,NA,NA,NA,NA,NA,NA,NA,NA,NA,NA,NA,NA,NA,NA,NA,NA,NA,NA,NA,NA,NA,NA,NA,NA,NA,NA,NA,NA,NA,"@LARThu 8:35 PM",NA,NA,8,"WR47",NA,"73%",0.2,37.9,NA,NA,NA,NA,NA,NA,NA,NA,NA,NA,NA,NA,NA,NA,NA,NA,NA
"Devaughn Vele","WR","NO",NA,NA,NA,NA,NA,NA,NA,NA,0,0.1,NA,0,0,4.8,NA,"18587","FleaFlicker","16788","FleaFlicker","WR",3,3,36.1,NA,NA,0.2,NA,NA,NA,NA,NA,NA,NA,NA,NA,NA,NA,NA,NA,NA,NA,NA,NA,NA,NA,NA,NA,NA,NA,NA,NA,NA,NA,NA,NA,NA,NA,NA,"@DETSun 1:00 PM",NA,NA,8,"WR87",NA,"21%",0.2,36.2,NA,NA,NA,NA,NA,NA,NA,NA,NA,NA,NA,NA,NA,NA,NA,NA,NA
"Denzel Boston","WR","CLE",NA,NA,NA,NA,NA,NA,NA,NA,0.1,0.3,NA,0,0,4.63,NA,"20101","FleaFlicker","17500","FleaFlicker","WR",3,3,36,NA,NA,0.2,NA,NA,NA,NA,NA,NA,NA,NA,NA,NA,NA,NA,NA,NA,NA,NA,NA,NA,NA,NA,NA,NA,NA,NA,NA,NA,NA,NA,NA,NA,NA,NA,"@JACSun 1:00 PM",NA,NA,1,"WR59",NA,"57%",0.2,36.3,NA,NA,NA,NA,NA,NA,NA,NA,NA,NA,NA,NA,NA,NA,NA,NA,NA
"Keenan Allen","WR","IND",NA,NA,NA,NA,NA,NA,NA,NA,0,0,NA,0,0,4.59,NA,"9380","FleaFlicker","11222","FleaFlicker","WR",3.2,3.2,34.8,NA,NA,0.2,NA,NA,NA,NA,NA,NA,NA,NA,NA,NA,NA,NA,NA,NA,NA,NA,NA,NA,NA,NA,NA,NA,NA,NA,NA,NA,NA,NA,NA,NA,NA,NA,"BALSun 1:00 PM",NA,NA,3,"WR71",NA,"40%",0.2,34.8,NA,NA,NA,NA,NA,NA,NA,NA,NA,NA,NA,NA,NA,NA,NA,NA,NA
"Malik Washington","WR","MIA",NA,NA,NA,NA,NA,NA,NA,NA,0.8,4.1,NA,0,0,4.35,NA,"18498","FleaFlicker","16684","FleaFlicker","WR",3,3,27.6,NA,NA,0.2,NA,NA,NA,NA,NA,NA,NA,NA,NA,NA,NA,NA,NA,NA,NA,NA,NA,NA,NA,NA,NA,NA,NA,NA,NA,NA,NA,NA,NA,NA,NA,NA,"@LVSun 4:25 PM",NA,NA,6,"WR74",NA,"36%",0.2,31.7,NA,NA,NA,NA,NA,NA,NA,NA,NA,NA,NA,NA,NA,NA,NA,NA,NA
"Adonai Mitchell","WR","NYJ",NA,NA,NA,NA,NA,NA,NA,NA,0.1,0.2,NA,0,0,4.31,NA,"18395","FleaFlicker","16626","FleaFlicker","WR",2.2,2.2,32.3,NA,NA,0.2,NA,NA,NA,NA,NA,NA,NA,NA,NA,NA,NA,NA,NA,NA,NA,NA,NA,NA,NA,NA,NA,NA,NA,NA,NA,NA,NA,NA,NA,NA,NA,NA,"@TENSun 1:00 PM",NA,NA,3,"WR61",NA,"38%",0.2,32.5,NA,NA,NA,NA,NA,NA,NA,NA,NA,NA,NA,NA,NA,NA,NA,NA,NA
"Dontayvion Wicks","WR","PHI",NA,NA,NA,NA,NA,NA,NA,NA,0,0.1,NA,0,0,4.28,NA,"17792","FleaFlicker","16195","FleaFlicker","WR",2.4,2.4,30.3,NA,NA,0.2,NA,NA,NA,NA,NA,NA,NA,NA,NA,NA,NA,NA,NA,NA,NA,NA,NA,NA,NA,NA,NA,NA,NA,NA,NA,NA,NA,NA,NA,NA,NA,NA,"WASSun 4:25 PM",NA,NA,0,"WR63",NA,"36%",0.2,30.4,NA,NA,NA,NA,NA,NA,NA,NA,NA,NA,NA,NA,NA,NA,NA,NA,NA
"Ja'Kobi Lane","WR","BAL",NA,NA,NA,NA,NA,NA,NA,NA,0,0.2,NA,0,0,4.08,NA,"20098","FleaFlicker","17517","FleaFlicker","WR",1.9,1.9,26.9,NA,NA,0.2,NA,NA,NA,NA,NA,NA,NA,NA,NA,NA,NA,NA,NA,NA,NA,NA,NA,NA,NA,NA,NA,NA,NA,NA,NA,NA,NA,NA,NA,NA,NA,NA,"@INDSun 1:00 PM",NA,NA,3,"WR72",NA,"44%",0.2,27.1,NA,NA,NA,NA,NA,NA,NA,NA,NA,NA,NA,NA,NA,NA,NA,NA,NA
"Tre' Harris","WR","LAC",NA,NA,NA,NA,NA,NA,NA,NA,0.1,0.2,NA,0,0,3.94,NA,"19298","FleaFlicker","17072","FleaFlicker","WR",2.3,2.3,28,NA,NA,0.2,NA,NA,NA,NA,NA,NA,NA,NA,NA,NA,NA,NA,NA,NA,NA,NA,NA,NA,NA,NA,NA,NA,NA,NA,NA,NA,NA,NA,NA,NA,NA,NA,"ARISun 4:25 PM",NA,NA,7,"WR67",NA,"36%",0.2,28.3,NA,NA,NA,NA,NA,NA,NA,NA,NA,NA,NA,NA,NA,NA,NA,NA,NA
"Caleb Douglas","WR","MIA",NA,NA,NA,NA,NA,NA,NA,NA,0,0.1,NA,0,0,3.91,NA,"20074","FleaFlicker","17599","FleaFlicker","WR",2.3,2.3,29.6,NA,NA,0.2,NA,NA,NA,NA,NA,NA,NA,NA,NA,NA,NA,NA,NA,NA,NA,NA,NA,NA,NA,NA,NA,NA,NA,NA,NA,NA,NA,NA,NA,NA,NA,NA,"@LVSun 4:25 PM",NA,NA,6,"WR84",NA,"34%",0.2,29.7,NA,NA,NA,NA,NA,NA,NA,NA,NA,NA,NA,NA,NA,NA,NA,NA,NA
"Ryan Flournoy","WR","DAL",NA,NA,NA,NA,NA,NA,NA,NA,0.1,0.7,NA,0,0,3.88,NA,"18536","FleaFlicker","16778","FleaFlicker","WR",2.2,2.2,26.9,NA,NA,0.2,NA,NA,NA,NA,NA,NA,NA,NA,NA,NA,NA,NA,NA,NA,NA,NA,NA,NA,NA,NA,NA,NA,NA,NA,NA,NA,NA,NA,NA,NA,NA,NA,"@NYGSun 8:20 PM",NA,NA,4,"WR68",NA,"27%",0.2,27.6,NA,NA,NA,NA,NA,NA,NA,NA,NA,NA,NA,NA,NA,NA,NA,NA,NA
"Jaylin Noel","WR","HOU",NA,NA,NA,NA,NA,NA,NA,NA,0.2,0.7,NA,0,0,3.82,NA,"19286","FleaFlicker","17080","FleaFlicker","WR",2.3,2.3,26.4,NA,NA,0.2,NA,NA,NA,NA,NA,NA,NA,NA,NA,NA,NA,NA,NA,NA,NA,NA,NA,NA,NA,NA,NA,NA,NA,NA,NA,NA,NA,NA,NA,NA,NA,NA,"BUFSun 1:00 PM",NA,NA,8,"WR78",NA,"28%",0.2,27,NA,NA,NA,NA,NA,NA,NA,NA,NA,NA,NA,NA,NA,NA,NA,NA,NA
"Malachi Fields","WR","NYG",NA,NA,NA,NA,NA,NA,NA,NA,0,0.2,NA,0,0,3.82,NA,"20105","FleaFlicker","17511","FleaFlicker","WR",2.1,2.1,26.6,NA,NA,0.2,NA,NA,NA,NA,NA,NA,NA,NA,NA,NA,NA,NA,NA,NA,NA,NA,NA,NA,NA,NA,NA,NA,NA,NA,NA,NA,NA,NA,NA,NA,NA,NA,"DALSun 8:20 PM",NA,NA,8,"WR80",NA,"35%",0.2,26.8,NA,NA,NA,NA,NA,NA,NA,NA,NA,NA,NA,NA,NA,NA,NA,NA,NA
"Andrei Iosivas","WR","CIN",NA,NA,NA,NA,NA,NA,NA,NA,0.3,1.5,NA,0,0,3.72,NA,"17754","FleaFlicker","16207","FleaFlicker","WR",1.8,1.8,23.9,NA,NA,0.2,NA,NA,NA,NA,NA,NA,NA,NA,NA,NA,NA,NA,NA,NA,NA,NA,NA,NA,NA,NA,NA,NA,NA,NA,NA,NA,NA,NA,NA,NA,NA,NA,"TBSun 1:00 PM",NA,NA,6,"WR105",NA,"11%",0.2,25.4,NA,NA,NA,NA,NA,NA,NA,NA,NA,NA,NA,NA,NA,NA,NA,NA,NA
"Omar Cooper","WR","NYJ",NA,NA,NA,NA,NA,NA,NA,NA,0.1,0.5,NA,0,0,3.61,NA,"20038","FleaFlicker","17502","FleaFlicker","WR",2,2,26.6,NA,NA,0.2,NA,NA,NA,NA,NA,NA,NA,NA,NA,NA,NA,NA,NA,NA,NA,NA,NA,NA,NA,NA,NA,NA,NA,NA,NA,NA,NA,NA,NA,NA,NA,NA,"@TENSun 1:00 PM",NA,NA,3,"WR69",NA,"43%",0.2,27.1,NA,NA,NA,NA,NA,NA,NA,NA,NA,NA,NA,NA,NA,NA,NA,NA,NA
"Darnell Mooney","WR","NYG",NA,NA,NA,NA,NA,NA,NA,NA,0.1,0.3,NA,0,0,3.46,NA,"15658","FleaFlicker","14974","FleaFlicker","WR",1.8,1.8,26.7,NA,NA,0.1,NA,NA,NA,NA,NA,NA,NA,NA,NA,NA,NA,NA,NA,NA,NA,NA,NA,NA,NA,NA,NA,NA,NA,NA,NA,NA,NA,NA,NA,NA,NA,NA,"DALSun 8:20 PM",NA,NA,8,"WR81",NA,"25%",0.1,27,NA,NA,NA,NA,NA,NA,NA,NA,NA,NA,NA,NA,NA,NA,NA,NA,NA
"DeMario Douglas","WR","NE",NA,NA,NA,NA,NA,NA,NA,NA,0.3,1.2,NA,0,0,3.44,NA,"17724","FleaFlicker","16342","FleaFlicker","WR",2.2,2.2,26.2,NA,NA,0.1,NA,NA,NA,NA,NA,NA,NA,NA,NA,NA,NA,NA,NA,NA,NA,NA,NA,NA,NA,NA,NA,NA,NA,NA,NA,NA,NA,NA,NA,NA,NA,NA,"@SEAWed 8:20 PM",NA,NA,1,"WR107",NA,"15%",0.1,27.4,NA,NA,NA,NA,NA,NA,NA,NA,NA,NA,NA,NA,NA,NA,NA,NA,NA
"Germie Bernard","WR","PIT",NA,NA,NA,NA,NA,NA,NA,NA,0.1,0.4,NA,0,0,3.39,NA,"20095","FleaFlicker","17503","FleaFlicker","WR",2,2,24.7,NA,NA,0.2,NA,NA,NA,NA,NA,NA,NA,NA,NA,NA,NA,NA,NA,NA,NA,NA,NA,NA,NA,NA,NA,NA,NA,NA,NA,NA,NA,NA,NA,NA,NA,NA,"ATLSun 1:00 PM",NA,NA,9,"WR85",NA,"33%",0.2,25.1,NA,NA,NA,NA,NA,NA,NA,NA,NA,NA,NA,NA,NA,NA,NA,NA,NA
"Isaac TeSlaa","WR","DET",NA,NA,NA,NA,NA,NA,NA,NA,0,0.1,NA,0,0,3.37,NA,"19337","FleaFlicker","17157","FleaFlicker","WR",1.6,1.6,21.2,NA,NA,0.2,NA,NA,NA,NA,NA,NA,NA,NA,NA,NA,NA,NA,NA,NA,NA,NA,NA,NA,NA,NA,NA,NA,NA,NA,NA,NA,NA,NA,NA,NA,NA,NA,"NOSun 1:00 PM",NA,NA,6,"WR77",NA,"31%",0.2,21.3,NA,NA,NA,NA,NA,NA,NA,NA,NA,NA,NA,NA,NA,NA,NA,NA,NA
"Pat Bryant","WR","DEN",NA,NA,NA,NA,NA,NA,NA,NA,0.2,0.8,NA,0,0,3.29,NA,"19288","FleaFlicker","17082","FleaFlicker","WR",2,2,23.9,NA,NA,0.1,NA,NA,NA,NA,NA,NA,NA,NA,NA,NA,NA,NA,NA,NA,NA,NA,NA,NA,NA,NA,NA,NA,NA,NA,NA,NA,NA,NA,NA,NA,NA,NA,"@KCMon 8:15 PM",NA,NA,0,"WR70",NA,"29%",0.1,24.7,NA,NA,NA,NA,NA,NA,NA,NA,NA,NA,NA,NA,NA,NA,NA,NA,NA
"Xavier Hutchinson","WR","HOU",NA,NA,NA,NA,NA,NA,NA,NA,0.1,0.5,NA,0,0,3.28,NA,"17740","FleaFlicker","16201","FleaFlicker","WR",1.9,1.9,23.5,NA,NA,0.1,NA,NA,NA,NA,NA,NA,NA,NA,NA,NA,NA,NA,NA,NA,NA,NA,NA,NA,NA,NA,NA,NA,NA,NA,NA,NA,NA,NA,NA,NA,NA,NA,"BUFSun 1:00 PM",NA,NA,8,"WR112",NA,"11%",0.1,24.1,NA,NA,NA,NA,NA,NA,NA,NA,NA,NA,NA,NA,NA,NA,NA,NA,NA
"Tyquan Thornton","WR","KC",NA,NA,NA,NA,NA,NA,NA,NA,0,0,NA,0,0,3.24,NA,"16835","FleaFlicker","15787","FleaFlicker","WR",1.3,1.3,22.4,NA,NA,0.2,NA,NA,NA,NA,NA,NA,NA,NA,NA,NA,NA,NA,NA,NA,NA,NA,NA,NA,NA,NA,NA,NA,NA,NA,NA,NA,NA,NA,NA,NA,NA,NA,"DENMon 8:15 PM",NA,NA,5,"WR92",NA,"15%",0.2,22.4,NA,NA,NA,NA,NA,NA,NA,NA,NA,NA,NA,NA,NA,NA,NA,NA,NA
"Jared Wayne","WR","HOU",NA,NA,NA,NA,NA,NA,NA,NA,0,0,NA,0,0,3.23,NA,"17813","FleaFlicker","17011","FleaFlicker","WR",2.3,2.3,24.5,NA,NA,0.1,NA,NA,NA,NA,NA,NA,NA,NA,NA,NA,NA,NA,NA,NA,NA,NA,NA,NA,NA,NA,NA,NA,NA,NA,NA,NA,NA,NA,NA,NA,NA,NA,"BUFSun 1:00 PM",NA,NA,8,NA,NA,"1%",0.1,24.5,NA,NA,NA,NA,NA,NA,NA,NA,NA,NA,NA,NA,NA,NA,NA,NA,NA
"Jahan Dotson","WR","ATL",NA,NA,NA,NA,NA,NA,NA,NA,0,0,NA,0,0,3.14,NA,"16821","FleaFlicker","15755","FleaFlicker","WR",1.8,1.8,22.6,NA,NA,0.1,NA,NA,NA,NA,NA,NA,NA,NA,NA,NA,NA,NA,NA,NA,NA,NA,NA,NA,NA,NA,NA,NA,NA,NA,NA,NA,NA,NA,NA,NA,NA,NA,"@PITSun 1:00 PM",NA,NA,1,"WR110",NA,"11%",0.1,22.7,NA,NA,NA,NA,NA,NA,NA,NA,NA,NA,NA,NA,NA,NA,NA,NA,NA
"Xavier Legette","WR","CAR",NA,NA,NA,NA,NA,NA,NA,NA,0.1,0.2,NA,0,0,3.1,NA,"18373","FleaFlicker","16639","FleaFlicker","WR",1.8,1.8,20.7,NA,NA,0.2,NA,NA,NA,NA,NA,NA,NA,NA,NA,NA,NA,NA,NA,NA,NA,NA,NA,NA,NA,NA,NA,NA,NA,NA,NA,NA,NA,NA,NA,NA,NA,NA,"CHISun 1:00 PM",NA,NA,5,"WR98",NA,"20%",0.2,20.9,NA,NA,NA,NA,NA,NA,NA,NA,NA,NA,NA,NA,NA,NA,NA,NA,NA
"Elic Ayomanor","WR","TEN",NA,NA,NA,NA,NA,NA,NA,NA,0,0,NA,0,0,3.09,NA,"19347","FleaFlicker","17073","FleaFlicker","WR",1.5,1.5,19.5,NA,NA,0.2,NA,NA,NA,NA,NA,NA,NA,NA,NA,NA,NA,NA,NA,NA,NA,NA,NA,NA,NA,NA,NA,NA,NA,NA,NA,NA,NA,NA,NA,NA,NA,NA,"NYJSun 1:00 PM",NA,NA,9,"WR94",NA,"23%",0.2,19.5,NA,NA,NA,NA,NA,NA,NA,NA,NA,NA,NA,NA,NA,NA,NA,NA,NA
"Travis Hunter","WR","JAC",NA,NA,NA,NA,NA,NA,NA,NA,0.1,0.5,NA,0,0,3.07,NA,"19244","FleaFlicker","17074","FleaFlicker","WR",1.8,1.8,21.4,NA,NA,0.1,NA,NA,NA,NA,NA,NA,NA,NA,NA,NA,NA,NA,NA,NA,NA,NA,NA,NA,NA,NA,NA,NA,NA,NA,NA,NA,NA,NA,NA,NA,NA,NA,"CLESun 1:00 PM",NA,NA,7,"WR76",NA,"48%",0.1,22,NA,NA,NA,NA,NA,NA,NA,NA,NA,NA,NA,NA,NA,NA,NA,NA,NA
"Jack Bech","WR","LV",NA,NA,NA,NA,NA,NA,NA,NA,0,0.1,NA,0,0,3.05,NA,"19294","FleaFlicker","17078","FleaFlicker","WR",1.9,1.9,22.8,NA,NA,0.1,NA,NA,NA,NA,NA,NA,NA,NA,NA,NA,NA,NA,NA,NA,NA,NA,NA,NA,NA,NA,NA,NA,NA,NA,NA,NA,NA,NA,NA,NA,NA,NA,"MIASun 4:25 PM",NA,NA,3,"WR95",NA,"22%",0.1,22.9,NA,NA,NA,NA,NA,NA,NA,NA,NA,NA,NA,NA,NA,NA,NA,NA,NA
"Jalen Tolbert","WR","MIA",NA,NA,NA,NA,NA,NA,NA,NA,0,0,NA,0,0,3,NA,"16872","FleaFlicker","15788","FleaFlicker","WR",1.8,1.8,22.4,NA,NA,0.1,NA,NA,NA,NA,NA,NA,NA,NA,NA,NA,NA,NA,NA,NA,NA,NA,NA,NA,NA,NA,NA,NA,NA,NA,NA,NA,NA,NA,NA,NA,NA,NA,"@LVSun 4:25 PM",NA,NA,6,"WR115",NA,"9%",0.1,22.4,NA,NA,NA,NA,NA,NA,NA,NA,NA,NA,NA,NA,NA,NA,NA,NA,NA
"Chris Bell","WR","MIA",NA,NA,NA,NA,NA,NA,NA,NA,0,0,NA,0,0,2.96,NA,"20075","FleaFlicker","17506","FleaFlicker","WR",1.9,1.9,23.2,NA,NA,0.1,NA,NA,NA,NA,NA,NA,NA,NA,NA,NA,NA,NA,NA,NA,NA,NA,NA,NA,NA,NA,NA,NA,NA,NA,NA,NA,NA,NA,NA,NA,NA,NA,"@LVSun 4:25 PM",NA,NA,6,"WR79",NA,"36%",0.1,23.2,NA,NA,NA,NA,NA,NA,NA,NA,NA,NA,NA,NA,NA,NA,NA,NA,NA
"Hollywood Brown","WR","PHI",NA,NA,NA,NA,NA,NA,NA,NA,0,0,NA,0,0,2.78,NA,"14661","FleaFlicker","14105","FleaFlicker","WR",1.4,1.4,18.2,NA,NA,0.2,NA,NA,NA,NA,NA,NA,NA,NA,NA,NA,NA,NA,NA,NA,NA,NA,NA,NA,NA,NA,NA,NA,NA,NA,NA,NA,NA,NA,NA,NA,NA,NA,"WASSun 4:25 PM",NA,NA,0,"WR104",NA,"22%",0.2,18.2,NA,NA,NA,NA,NA,NA,NA,NA,NA,NA,NA,NA,NA,NA,NA,NA,NA
"Kendrick Bourne","WR","ARI",NA,NA,NA,NA,NA,NA,NA,NA,0,0,NA,0,0,2.74,NA,"13364","FleaFlicker","13418","FleaFlicker","WR",1.8,1.8,22.2,NA,NA,0.1,NA,NA,NA,NA,NA,NA,NA,NA,NA,NA,NA,NA,NA,NA,NA,NA,NA,NA,NA,NA,NA,NA,NA,NA,NA,NA,NA,NA,NA,NA,NA,NA,"@LACSun 4:25 PM",NA,NA,4,"WR117",NA,"10%",0.1,22.2,NA,NA,NA,NA,NA,NA,NA,NA,NA,NA,NA,NA,NA,NA,NA,NA,NA
"Marvin Mims","WR","DEN",NA,NA,NA,NA,NA,NA,NA,NA,0.4,2.1,NA,0,0,2.72,NA,"17631","FleaFlicker","16189","FleaFlicker","WR",1.7,1.7,18.1,NA,NA,0.1,NA,NA,NA,NA,NA,NA,NA,NA,NA,NA,NA,NA,NA,NA,NA,NA,NA,NA,NA,NA,NA,NA,NA,NA,NA,NA,NA,NA,NA,NA,NA,NA,"@KCMon 8:15 PM",NA,NA,0,"WR100",NA,"20%",0.1,20.2,NA,NA,NA,NA,NA,NA,NA,NA,NA,NA,NA,NA,NA,NA,NA,NA,NA
"Chimere Dike","WR","TEN",NA,NA,NA,NA,NA,NA,NA,NA,0.5,1.9,NA,0,0,2.71,NA,"19346","FleaFlicker","17171","FleaFlicker","WR",1.4,1.4,14.4,NA,NA,0.2,NA,NA,NA,NA,NA,NA,NA,NA,NA,NA,NA,NA,NA,NA,NA,NA,NA,NA,NA,NA,NA,NA,NA,NA,NA,NA,NA,NA,NA,NA,NA,NA,"NYJSun 1:00 PM",NA,NA,9,"WR97",NA,"27%",0.2,16.4,NA,NA,NA,NA,NA,NA,NA,NA,NA,NA,NA,NA,NA,NA,NA,NA,NA
"Ted Hurst","WR","TB",NA,NA,NA,NA,NA,NA,NA,NA,0,0.3,NA,0,0,2.59,NA,"20115","FleaFlicker","17520","FleaFlicker","WR",1.4,1.4,18.4,NA,NA,0.1,NA,NA,NA,NA,NA,NA,NA,NA,NA,NA,NA,NA,NA,NA,NA,NA,NA,NA,NA,NA,NA,NA,NA,NA,NA,NA,NA,NA,NA,NA,NA,NA,"@CINSun 1:00 PM",NA,NA,0,"WR90",NA,"30%",0.1,18.6,NA,NA,NA,NA,NA,NA,NA,NA,NA,NA,NA,NA,NA,NA,NA,NA,NA
"Bryce Lance","WR","NO",NA,NA,NA,NA,NA,NA,NA,NA,0,0.1,NA,0,0,2.56,NA,"20168","FleaFlicker","17519","FleaFlicker","WR",1.6,1.6,20.1,NA,NA,0.1,NA,NA,NA,NA,NA,NA,NA,NA,NA,NA,NA,NA,NA,NA,NA,NA,NA,NA,NA,NA,NA,NA,NA,NA,NA,NA,NA,NA,NA,NA,NA,NA,"@DETSun 1:00 PM",NA,NA,8,"WR114",NA,"20%",0.1,20.2,NA,NA,NA,NA,NA,NA,NA,NA,NA,NA,NA,NA,NA,NA,NA,NA,NA
"KaVontae Turpin","WR","DAL",NA,NA,NA,NA,NA,NA,NA,NA,0.9,5.2,NA,0,0,2.54,NA,"17558","FleaFlicker","15981","FleaFlicker","WR",1,1,13.2,NA,NA,0.1,NA,NA,NA,NA,NA,NA,NA,NA,NA,NA,NA,NA,NA,NA,NA,NA,NA,NA,NA,NA,NA,NA,NA,NA,NA,NA,NA,NA,NA,NA,NA,NA,"@NYGSun 8:20 PM",NA,NA,4,"WR124",NA,"15%",0.1,18.4,NA,NA,NA,NA,NA,NA,NA,NA,NA,NA,NA,NA,NA,NA,NA,NA,NA
"Keon Coleman","WR","BUF",NA,NA,NA,NA,NA,NA,NA,NA,0,0.1,NA,0,0,2.54,NA,"18392","FleaFlicker","16617","FleaFlicker","WR",1.3,1.3,18.3,NA,NA,0.1,NA,NA,NA,NA,NA,NA,NA,NA,NA,NA,NA,NA,NA,NA,NA,NA,NA,NA,NA,NA,NA,NA,NA,NA,NA,NA,NA,NA,NA,NA,NA,NA,"@HOUSun 1:00 PM",NA,NA,7,"WR89",NA,"28%",0.1,18.4,NA,NA,NA,NA,NA,NA,NA,NA,NA,NA,NA,NA,NA,NA,NA,NA,NA
"Demarcus Robinson","WR","SF",NA,NA,NA,NA,NA,NA,NA,NA,0,0.1,NA,0,0,2.47,NA,"12106","FleaFlicker","12785","FleaFlicker","WR",1.3,1.3,17.4,NA,NA,0.1,NA,NA,NA,NA,NA,NA,NA,NA,NA,NA,NA,NA,NA,NA,NA,NA,NA,NA,NA,NA,NA,NA,NA,NA,NA,NA,NA,NA,NA,NA,NA,NA,"@LARThu 8:35 PM",NA,NA,8,NA,NA,"5%",0.1,17.5,NA,NA,NA,NA,NA,NA,NA,NA,NA,NA,NA,NA,NA,NA,NA,NA,NA
"Antonio Williams","WR","WAS",NA,NA,NA,NA,NA,NA,NA,NA,0.1,0.6,NA,0,0,2.42,NA,"20109","FleaFlicker","17512","FleaFlicker","WR",1.5,1.5,18.8,NA,NA,0.1,NA,NA,NA,NA,NA,NA,NA,NA,NA,NA,NA,NA,NA,NA,NA,NA,NA,NA,NA,NA,NA,NA,NA,NA,NA,NA,NA,NA,NA,NA,NA,NA,"@PHISun 4:25 PM",NA,NA,7,"WR88",NA,"33%",0.1,19.4,NA,NA,NA,NA,NA,NA,NA,NA,NA,NA,NA,NA,NA,NA,NA,NA,NA
"Troy Franklin","WR","DEN",NA,NA,NA,NA,NA,NA,NA,NA,0.1,0.5,NA,0,0,2.35,NA,"18466","FleaFlicker","16619","FleaFlicker","WR",1.6,1.6,16.4,NA,NA,0.1,NA,NA,NA,NA,NA,NA,NA,NA,NA,NA,NA,NA,NA,NA,NA,NA,NA,NA,NA,NA,NA,NA,NA,NA,NA,NA,NA,NA,NA,NA,NA,NA,"@KCMon 8:15 PM",NA,NA,0,"WR86",NA,"30%",0.1,16.9,NA,NA,NA,NA,NA,NA,NA,NA,NA,NA,NA,NA,NA,NA,NA,NA,NA
"Olamide Zaccheaus","WR","ATL",NA,NA,NA,NA,NA,NA,NA,NA,0.1,0.7,NA,0,0,2.27,NA,"15107","FleaFlicker","14592","FleaFlicker","WR",1.5,1.5,15.7,NA,NA,0.1,NA,NA,NA,NA,NA,NA,NA,NA,NA,NA,NA,NA,NA,NA,NA,NA,NA,NA,NA,NA,NA,NA,NA,NA,NA,NA,NA,NA,NA,NA,NA,NA,"@PITSun 1:00 PM",NA,NA,1,"WR121",NA,"7%",0.1,16.3,NA,NA,NA,NA,NA,NA,NA,NA,NA,NA,NA,NA,NA,NA,NA,NA,NA
"Mack Hollins","WR","NE",NA,NA,NA,NA,NA,NA,NA,NA,0.1,0.2,NA,0,0,2.25,NA,"13008","FleaFlicker","13289","FleaFlicker","WR",1.4,1.4,16.4,NA,NA,0.1,NA,NA,NA,NA,NA,NA,NA,NA,NA,NA,NA,NA,NA,NA,NA,NA,NA,NA,NA,NA,NA,NA,NA,NA,NA,NA,NA,NA,NA,NA,NA,NA,"@SEAWed 8:20 PM",NA,NA,1,"WR108",NA,"10%",0.1,16.7,NA,NA,NA,NA,NA,NA,NA,NA,NA,NA,NA,NA,NA,NA,NA,NA,NA
"Zavion Thomas","WR","CHI",NA,NA,NA,NA,NA,NA,NA,NA,0.1,0.5,NA,0,0,2.24,NA,"20129","FleaFlicker","17521","FleaFlicker","WR",1.2,1.2,15.3,NA,NA,0.1,NA,NA,NA,NA,NA,NA,NA,NA,NA,NA,NA,NA,NA,NA,NA,NA,NA,NA,NA,NA,NA,NA,NA,NA,NA,NA,NA,NA,NA,NA,NA,NA,"@CARSun 1:00 PM",NA,NA,0,"WR123",NA,"18%",0.1,15.8,NA,NA,NA,NA,NA,NA,NA,NA,NA,NA,NA,NA,NA,NA,NA,NA,NA
"Roman Wilson","WR","PIT",NA,NA,NA,NA,NA,NA,NA,NA,0,0,NA,0,0,2.23,NA,"18409","FleaFlicker","16629","FleaFlicker","WR",1.2,1.2,15.7,NA,NA,0.1,NA,NA,NA,NA,NA,NA,NA,NA,NA,NA,NA,NA,NA,NA,NA,NA,NA,NA,NA,NA,NA,NA,NA,NA,NA,NA,NA,NA,NA,NA,NA,NA,"ATLSun 1:00 PM",NA,NA,9,"WR128",NA,"9%",0.1,15.7,NA,NA,NA,NA,NA,NA,NA,NA,NA,NA,NA,NA,NA,NA,NA,NA,NA
"Jahdae Walker","WR","CHI",NA,NA,NA,NA,NA,NA,NA,NA,0,0.1,NA,0,0,2.15,NA,"19866","FleaFlicker","17353","FleaFlicker","WR",1,1,13.6,NA,NA,0.1,NA,NA,NA,NA,NA,NA,NA,NA,NA,NA,NA,NA,NA,NA,NA,NA,NA,NA,NA,NA,NA,NA,NA,NA,NA,NA,NA,NA,NA,NA,NA,NA,"@CARSun 1:00 PM",NA,NA,0,NA,NA,"2%",0.1,13.7,NA,NA,NA,NA,NA,NA,NA,NA,NA,NA,NA,NA,NA,NA,NA,NA,NA
"John Metchie","WR","CAR",NA,NA,NA,NA,NA,NA,NA,NA,0.1,0.7,NA,0,0,2.14,NA,"16849","FleaFlicker","15759","FleaFlicker","WR",1.4,1.4,14.4,NA,NA,0.1,NA,NA,NA,NA,NA,NA,NA,NA,NA,NA,NA,NA,NA,NA,NA,NA,NA,NA,NA,NA,NA,NA,NA,NA,NA,NA,NA,NA,NA,NA,NA,NA,"CHISun 1:00 PM",NA,NA,5,NA,NA,"8%",0.1,15,NA,NA,NA,NA,NA,NA,NA,NA,NA,NA,NA,NA,NA,NA,NA,NA,NA
"Kalif Raymond","WR","CHI",NA,NA,NA,NA,NA,NA,NA,NA,0.1,0.8,NA,0,0,2.08,NA,"12441","FleaFlicker","13066","FleaFlicker","WR",1.3,1.3,14.8,NA,NA,0.1,NA,NA,NA,NA,NA,NA,NA,NA,NA,NA,NA,NA,NA,NA,NA,NA,NA,NA,NA,NA,NA,NA,NA,NA,NA,NA,NA,NA,NA,NA,NA,NA,"@CARSun 1:00 PM",NA,NA,0,"WR130",NA,"5%",0.1,15.6,NA,NA,NA,NA,NA,NA,NA,NA,NA,NA,NA,NA,NA,NA,NA,NA,NA
"Joshua Palmer","WR","BUF",NA,NA,NA,NA,NA,NA,NA,NA,0,0,NA,0,0,2.05,NA,"16292","FleaFlicker","15319","FleaFlicker","WR",1.2,1.2,16.2,NA,NA,0.1,NA,NA,NA,NA,NA,NA,NA,NA,NA,NA,NA,NA,NA,NA,NA,NA,NA,NA,NA,NA,NA,NA,NA,NA,NA,NA,NA,NA,NA,NA,NA,NA,"@HOUSun 1:00 PM",NA,NA,7,"WR116",NA,"9%",0.1,16.2,NA,NA,NA,NA,NA,NA,NA,NA,NA,NA,NA,NA,NA,NA,NA,NA,NA
"Casey Washington","WR","CAR",NA,NA,NA,NA,NA,NA,NA,NA,0,0,NA,0,0,2.03,NA,"18547","FleaFlicker","16760","FleaFlicker","WR",1.3,1.3,14.9,NA,NA,0.1,NA,NA,NA,NA,NA,NA,NA,NA,NA,NA,NA,NA,NA,NA,NA,NA,NA,NA,NA,NA,NA,NA,NA,NA,NA,NA,NA,NA,NA,NA,NA,NA,"CHISun 1:00 PM",NA,NA,5,NA,NA,"0%",0.1,14.9,NA,NA,NA,NA,NA,NA,NA,NA,NA,NA,NA,NA,NA,NA,NA,NA,NA
"Zachariah Branch","WR","ATL",NA,NA,NA,NA,NA,NA,NA,NA,0.1,0.3,NA,0,0,2.03,NA,"20112","FleaFlicker","17507","FleaFlicker","WR",1.4,1.4,15.4,NA,NA,0.1,NA,NA,NA,NA,NA,NA,NA,NA,NA,NA,NA,NA,NA,NA,NA,NA,NA,NA,NA,NA,NA,NA,NA,NA,NA,NA,NA,NA,NA,NA,NA,NA,"@PITSun 1:00 PM",NA,NA,1,"WR82",NA,"32%",0.1,15.7,NA,NA,NA,NA,NA,NA,NA,NA,NA,NA,NA,NA,NA,NA,NA,NA,NA
"Tory Horton","WR","SEA",NA,NA,NA,NA,NA,NA,NA,NA,0,0.1,NA,0,0,2.02,NA,"19439","FleaFlicker","17098","FleaFlicker","WR",1.1,1.1,14.3,NA,NA,0.1,NA,NA,NA,NA,NA,NA,NA,NA,NA,NA,NA,NA,NA,NA,NA,NA,NA,NA,NA,NA,NA,NA,NA,NA,NA,NA,NA,NA,NA,NA,NA,NA,"NEWed 8:20 PM",NA,NA,1,"WR96",NA,"23%",0.1,14.4,NA,NA,NA,NA,NA,NA,NA,NA,NA,NA,NA,NA,NA,NA,NA,NA,NA
"Isaiah Bond","WR","CLE",NA,NA,NA,NA,NA,NA,NA,NA,0.2,1,NA,0,0,1.98,NA,"20023","FleaFlicker","17076","FleaFlicker","WR",0.9,0.9,14.1,NA,NA,0.1,NA,NA,NA,NA,NA,NA,NA,NA,NA,NA,NA,NA,NA,NA,NA,NA,NA,NA,NA,NA,NA,NA,NA,NA,NA,NA,NA,NA,NA,NA,NA,NA,"@JACSun 1:00 PM",NA,NA,1,"WR109",NA,"12%",0.1,15,NA,NA,NA,NA,NA,NA,NA,NA,NA,NA,NA,NA,NA,NA,NA,NA,NA
"Ashton Dulin","WR","IND",NA,NA,NA,NA,NA,NA,NA,NA,0.2,1.5,NA,0,0,1.98,NA,"15035","FleaFlicker","14315","FleaFlicker","WR",0.9,0.9,14.1,NA,NA,0.1,NA,NA,NA,NA,NA,NA,NA,NA,NA,NA,NA,NA,NA,NA,NA,NA,NA,NA,NA,NA,NA,NA,NA,NA,NA,NA,NA,NA,NA,NA,NA,NA,"BALSun 1:00 PM",NA,NA,3,NA,NA,"1%",0.1,15.6,NA,NA,NA,NA,NA,NA,NA,NA,NA,NA,NA,NA,NA,NA,NA,NA,NA
"Malik Benson","WR","LV",NA,NA,NA,NA,NA,NA,NA,NA,0,0.1,NA,0,0,1.85,NA,"20201","FleaFlicker","17706","FleaFlicker","WR",1.3,1.3,14.8,NA,NA,0.1,NA,NA,NA,NA,NA,NA,NA,NA,NA,NA,NA,NA,NA,NA,NA,NA,NA,NA,NA,NA,NA,NA,NA,NA,NA,NA,NA,NA,NA,NA,NA,NA,"MIASun 4:25 PM",NA,NA,3,"WR122",NA,"12%",0.1,14.9,NA,NA,NA,NA,NA,NA,NA,NA,NA,NA,NA,NA,NA,NA,NA,NA,NA
"Devontez Walker","WR","BAL",NA,NA,NA,NA,NA,NA,NA,NA,0,0.1,NA,0,0,1.76,NA,"18473","FleaFlicker","16621","FleaFlicker","WR",0.8,0.8,12.1,NA,NA,0.1,NA,NA,NA,NA,NA,NA,NA,NA,NA,NA,NA,NA,NA,NA,NA,NA,NA,NA,NA,NA,NA,NA,NA,NA,NA,NA,NA,NA,NA,NA,NA,NA,"@INDSun 1:00 PM",NA,NA,3,NA,NA,"5%",0.1,12.2,NA,NA,NA,NA,NA,NA,NA,NA,NA,NA,NA,NA,NA,NA,NA,NA,NA
"Brock Bowers","TE","LV",NA,NA,NA,NA,NA,NA,NA,NA,0,0,NA,0,0,9.13,NA,"18364","FleaFlicker","16641","FleaFlicker","TE",6,6,62.6,NA,NA,0.5,NA,NA,NA,NA,NA,NA,NA,NA,NA,NA,NA,NA,NA,NA,NA,NA,NA,NA,NA,NA,NA,NA,NA,NA,NA,NA,NA,NA,NA,NA,NA,NA,"MIASun 4:25 PM",NA,NA,3,"TE1",NA,"98%",0.5,62.6,NA,NA,NA,NA,NA,NA,NA,NA,NA,NA,NA,NA,NA,NA,NA,NA,NA
"Trey McBride","TE","ARI",NA,NA,NA,NA,NA,NA,NA,NA,0,0,NA,0,0,8.3,NA,"16895","FleaFlicker","15794","FleaFlicker","TE",6.2,6.2,61,NA,NA,0.4,NA,NA,NA,NA,NA,NA,NA,NA,NA,NA,NA,NA,NA,NA,NA,NA,NA,NA,NA,NA,NA,NA,NA,NA,NA,NA,NA,NA,NA,NA,NA,NA,"@LACSun 4:25 PM",NA,NA,4,"TE2",NA,"99%",0.4,61,NA,NA,NA,NA,NA,NA,NA,NA,NA,NA,NA,NA,NA,NA,NA,NA,NA
"Colston Loveland","TE","CHI",NA,NA,NA,NA,NA,NA,NA,NA,0,0,NA,0,0,8.28,NA,"19267","FleaFlicker","17104","FleaFlicker","TE",4.9,4.9,57.8,NA,NA,0.4,NA,NA,NA,NA,NA,NA,NA,NA,NA,NA,NA,NA,NA,NA,NA,NA,NA,NA,NA,NA,NA,NA,NA,NA,NA,NA,NA,NA,NA,NA,NA,NA,"@CARSun 1:00 PM",NA,NA,0,"TE3",NA,"97%",0.4,57.8,NA,NA,NA,NA,NA,NA,NA,NA,NA,NA,NA,NA,NA,NA,NA,NA,NA
"Sam LaPorta","TE","DET",NA,NA,NA,NA,NA,NA,NA,NA,0,0,NA,0,0,7.56,NA,"17681","FleaFlicker","16214","FleaFlicker","TE",4.6,4.6,51.2,NA,NA,0.4,NA,NA,NA,NA,NA,NA,NA,NA,NA,NA,NA,NA,NA,NA,NA,NA,NA,NA,NA,NA,NA,NA,NA,NA,NA,NA,NA,NA,NA,NA,NA,NA,"NOSun 1:00 PM",NA,NA,6,"TE6",NA,"96%",0.4,51.2,NA,NA,NA,NA,NA,NA,NA,NA,NA,NA,NA,NA,NA,NA,NA,NA,NA
"Tyler Warren","TE","IND",NA,NA,NA,NA,NA,NA,NA,NA,0,0,NA,0,0,7.47,NA,"19242","FleaFlicker","17102","FleaFlicker","TE",5,5,53.5,NA,NA,0.4,NA,NA,NA,NA,NA,NA,NA,NA,NA,NA,NA,NA,NA,NA,NA,NA,NA,NA,NA,NA,NA,NA,NA,NA,NA,NA,NA,NA,NA,NA,NA,NA,"BALSun 1:00 PM",NA,NA,3,"TE5",NA,"97%",0.4,53.5,NA,NA,NA,NA,NA,NA,NA,NA,NA,NA,NA,NA,NA,NA,NA,NA,NA
"Dallas Goedert","TE","PHI",NA,NA,NA,NA,NA,NA,NA,NA,0,0,NA,0,0,7.09,NA,"13813","FleaFlicker","13674","FleaFlicker","TE",4.1,4.1,44.1,NA,NA,0.5,NA,NA,NA,NA,NA,NA,NA,NA,NA,NA,NA,NA,NA,NA,NA,NA,NA,NA,NA,NA,NA,NA,NA,NA,NA,NA,NA,NA,NA,NA,NA,NA,"WASSun 4:25 PM",NA,NA,0,"TE12",NA,"94%",0.5,44.1,NA,NA,NA,NA,NA,NA,NA,NA,NA,NA,NA,NA,NA,NA,NA,NA,NA
"Tucker Kraft","TE","GB",NA,NA,NA,NA,NA,NA,NA,NA,0,0,NA,0,0,6.52,NA,"17675","FleaFlicker","16222","FleaFlicker","TE",3.6,3.6,45,NA,NA,0.3,NA,NA,NA,NA,NA,NA,NA,NA,NA,NA,NA,NA,NA,NA,NA,NA,NA,NA,NA,NA,NA,NA,NA,NA,NA,NA,NA,NA,NA,NA,NA,NA,"@MINSun 4:25 PM",NA,NA,1,"TE4",NA,"97%",0.3,45,NA,NA,NA,NA,NA,NA,NA,NA,NA,NA,NA,NA,NA,NA,NA,NA,NA
"Mark Andrews","TE","BAL",NA,NA,NA,NA,NA,NA,NA,NA,0,0,NA,0,0,6.4,NA,"13829","FleaFlicker","13671","FleaFlicker","TE",3.7,3.7,38.4,NA,NA,0.4,NA,NA,NA,NA,NA,NA,NA,NA,NA,NA,NA,NA,NA,NA,NA,NA,NA,NA,NA,NA,NA,NA,NA,NA,NA,NA,NA,NA,NA,NA,NA,NA,"@INDSun 1:00 PM",NA,NA,3,"TE14",NA,"87%",0.4,38.4,NA,NA,NA,NA,NA,NA,NA,NA,NA,NA,NA,NA,NA,NA,NA,NA,NA
"Harold Fannin","TE","CLE",NA,NA,NA,NA,NA,NA,NA,NA,0,0,NA,0,0,6.28,NA,"19305","FleaFlicker","17103","FleaFlicker","TE",4.7,4.7,45,NA,NA,0.3,NA,NA,NA,NA,NA,NA,NA,NA,NA,NA,NA,NA,NA,NA,NA,NA,NA,NA,NA,NA,NA,NA,NA,NA,NA,NA,NA,NA,NA,NA,NA,NA,"@JACSun 1:00 PM",NA,NA,1,"TE9",NA,"94%",0.3,45,NA,NA,NA,NA,NA,NA,NA,NA,NA,NA,NA,NA,NA,NA,NA,NA,NA
"Kyle Pitts","TE","ATL",NA,NA,NA,NA,NA,NA,NA,NA,0,0,NA,0,0,6.16,NA,"16256","FleaFlicker","15329","FleaFlicker","TE",4.3,4.3,46.8,NA,NA,0.2,NA,NA,NA,NA,NA,NA,NA,NA,NA,NA,NA,NA,NA,NA,NA,NA,NA,NA,NA,NA,NA,NA,NA,NA,NA,NA,NA,NA,NA,NA,NA,NA,"@PITSun 1:00 PM",NA,NA,1,"TE8",NA,"97%",0.2,46.8,NA,NA,NA,NA,NA,NA,NA,NA,NA,NA,NA,NA,NA,NA,NA,NA,NA
"Travis Kelce","TE","KC",NA,NA,NA,NA,NA,NA,NA,NA,0,0,NA,0,0,6.1,NA,"9360","FleaFlicker","11244","FleaFlicker","TE",4.2,4.2,43.8,NA,NA,0.3,NA,NA,NA,NA,NA,NA,NA,NA,NA,NA,NA,NA,NA,NA,NA,NA,NA,NA,NA,NA,NA,NA,NA,NA,NA,NA,NA,NA,NA,NA,NA,NA,"DENMon 8:15 PM",NA,NA,5,"TE11",NA,"95%",0.3,43.8,NA,NA,NA,NA,NA,NA,NA,NA,NA,NA,NA,NA,NA,NA,NA,NA,NA
"Isaiah Likely","TE","NYG",NA,NA,NA,NA,NA,NA,NA,NA,0,0,NA,0,0,6.02,NA,"16927","FleaFlicker","15798","FleaFlicker","TE",3.8,3.8,43,NA,NA,0.3,NA,NA,NA,NA,NA,NA,NA,NA,NA,NA,NA,NA,NA,NA,NA,NA,NA,NA,NA,NA,NA,NA,NA,NA,NA,NA,NA,NA,NA,NA,NA,NA,"DALSun 8:20 PM",NA,NA,8,"TE13",NA,"88%",0.3,43,NA,NA,NA,NA,NA,NA,NA,NA,NA,NA,NA,NA,NA,NA,NA,NA,NA
"Juwan Johnson","TE","NO",NA,NA,NA,NA,NA,NA,NA,NA,0,0,NA,0,0,5.94,NA,"16036","FleaFlicker","14861","FleaFlicker","TE",4.2,4.2,46.4,NA,NA,0.2,NA,NA,NA,NA,NA,NA,NA,NA,NA,NA,NA,NA,NA,NA,NA,NA,NA,NA,NA,NA,NA,NA,NA,NA,NA,NA,NA,NA,NA,NA,NA,NA,"@DETSun 1:00 PM",NA,NA,8,"TE15",NA,"79%",0.2,46.4,NA,NA,NA,NA,NA,NA,NA,NA,NA,NA,NA,NA,NA,NA,NA,NA,NA
"George Kittle","TE","SF",NA,NA,NA,NA,NA,NA,NA,NA,0,0,NA,0,0,5.81,NA,"13023","FleaFlicker","13299","FleaFlicker","TE",3.6,3.6,40.9,NA,NA,0.3,NA,NA,NA,NA,NA,NA,NA,NA,NA,NA,NA,NA,NA,NA,NA,NA,NA,NA,NA,NA,NA,NA,NA,NA,NA,NA,NA,NA,NA,NA,NA,NA,"@LARThu 8:35 PM",NA,NA,8,"TE7",NA,"96%",0.3,40.9,NA,NA,NA,NA,NA,NA,NA,NA,NA,NA,NA,NA,NA,NA,NA,NA,NA
"Dalton Kincaid","TE","BUF",NA,NA,NA,NA,NA,NA,NA,NA,0,0,NA,0,0,5.74,NA,"17585","FleaFlicker","16213","FleaFlicker","TE",3.5,3.5,41.4,NA,NA,0.3,NA,NA,NA,NA,NA,NA,NA,NA,NA,NA,NA,NA,NA,NA,NA,NA,NA,NA,NA,NA,NA,NA,NA,NA,NA,NA,NA,NA,NA,NA,NA,NA,"@HOUSun 1:00 PM",NA,NA,7,"TE10",NA,"91%",0.3,41.4,NA,NA,NA,NA,NA,NA,NA,NA,NA,NA,NA,NA,NA,NA,NA,NA,NA
"Hunter Henry","TE","NE",NA,NA,NA,NA,NA,NA,NA,NA,0,0,NA,0,0,5.46,NA,"12088","FleaFlicker","12676","FleaFlicker","TE",3.5,3.5,39.2,NA,NA,0.3,NA,NA,NA,NA,NA,NA,NA,NA,NA,NA,NA,NA,NA,NA,NA,NA,NA,NA,NA,NA,NA,NA,NA,NA,NA,NA,NA,NA,NA,NA,NA,NA,"@SEAWed 8:20 PM",NA,NA,1,"TE17",NA,"81%",0.3,39.2,NA,NA,NA,NA,NA,NA,NA,NA,NA,NA,NA,NA,NA,NA,NA,NA,NA
"Brenton Strange","TE","JAC",NA,NA,NA,NA,NA,NA,NA,NA,0,0,NA,0,0,5.32,NA,"17626","FleaFlicker","16269","FleaFlicker","TE",3.6,3.6,38.4,NA,NA,0.2,NA,NA,NA,NA,NA,NA,NA,NA,NA,NA,NA,NA,NA,NA,NA,NA,NA,NA,NA,NA,NA,NA,NA,NA,NA,NA,NA,NA,NA,NA,NA,NA,"CLESun 1:00 PM",NA,NA,7,"TE18",NA,"68%",0.2,38.4,NA,NA,NA,NA,NA,NA,NA,NA,NA,NA,NA,NA,NA,NA,NA,NA,NA
"Jake Ferguson","TE","DAL",NA,NA,NA,NA,NA,NA,NA,NA,0,0,NA,0,0,5.23,NA,"16933","FleaFlicker","15799","FleaFlicker","TE",4.2,4.2,33.9,NA,NA,0.3,NA,NA,NA,NA,NA,NA,NA,NA,NA,NA,NA,NA,NA,NA,NA,NA,NA,NA,NA,NA,NA,NA,NA,NA,NA,NA,NA,NA,NA,NA,NA,NA,"@NYGSun 8:20 PM",NA,NA,4,"TE16",NA,"88%",0.3,33.9,NA,NA,NA,NA,NA,NA,NA,NA,NA,NA,NA,NA,NA,NA,NA,NA,NA
"Darren Waller","TE","CAR",NA,NA,NA,NA,NA,NA,NA,NA,0,0,NA,0,0,4.75,NA,"11261","FleaFlicker","12263","FleaFlicker","TE",2.7,2.7,29.7,NA,NA,0.3,NA,NA,NA,NA,NA,NA,NA,NA,NA,NA,NA,NA,NA,NA,NA,NA,NA,NA,NA,NA,NA,NA,NA,NA,NA,NA,NA,NA,NA,NA,NA,NA,"CHISun 1:00 PM",NA,NA,5,"TE37",NA,"21%",0.3,29.7,NA,NA,NA,NA,NA,NA,NA,NA,NA,NA,NA,NA,NA,NA,NA,NA,NA
"Dalton Schultz","TE","HOU",NA,NA,NA,NA,NA,NA,NA,NA,0,0,NA,0,0,4.72,NA,"13853","FleaFlicker","13772","FleaFlicker","TE",3.6,3.6,34.8,NA,NA,0.2,NA,NA,NA,NA,NA,NA,NA,NA,NA,NA,NA,NA,NA,NA,NA,NA,NA,NA,NA,NA,NA,NA,NA,NA,NA,NA,NA,NA,NA,NA,NA,NA,"BUFSun 1:00 PM",NA,NA,8,"TE21",NA,"55%",0.2,34.8,NA,NA,NA,NA,NA,NA,NA,NA,NA,NA,NA,NA,NA,NA,NA,NA,NA
"Greg Dulcich","TE","MIA",NA,NA,NA,NA,NA,NA,NA,NA,0,0,NA,0,0,4.72,NA,"16853","FleaFlicker","15797","FleaFlicker","TE",3.2,3.2,37.6,NA,NA,0.2,NA,NA,NA,NA,NA,NA,NA,NA,NA,NA,NA,NA,NA,NA,NA,NA,NA,NA,NA,NA,NA,NA,NA,NA,NA,NA,NA,NA,NA,NA,NA,NA,"@LVSun 4:25 PM",NA,NA,6,"TE28",NA,"27%",0.2,37.6,NA,NA,NA,NA,NA,NA,NA,NA,NA,NA,NA,NA,NA,NA,NA,NA,NA
"Pat Freiermuth","TE","PIT",NA,NA,NA,NA,NA,NA,NA,NA,0,0,NA,0,0,4.47,NA,"16293","FleaFlicker","15331","FleaFlicker","TE",2.9,2.9,31.1,NA,NA,0.2,NA,NA,NA,NA,NA,NA,NA,NA,NA,NA,NA,NA,NA,NA,NA,NA,NA,NA,NA,NA,NA,NA,NA,NA,NA,NA,NA,NA,NA,NA,NA,NA,"ATLSun 1:00 PM",NA,NA,9,"TE26",NA,"35%",0.2,31.1,NA,NA,NA,NA,NA,NA,NA,NA,NA,NA,NA,NA,NA,NA,NA,NA,NA
"T.J. Hockenson","TE","MIN",NA,NA,NA,NA,NA,NA,NA,NA,0,0,NA,0,0,4.36,NA,"14677","FleaFlicker","14138","FleaFlicker","TE",3.7,3.7,32.4,NA,NA,0.2,NA,NA,NA,NA,NA,NA,NA,NA,NA,NA,NA,NA,NA,NA,NA,NA,NA,NA,NA,NA,NA,NA,NA,NA,NA,NA,NA,NA,NA,NA,NA,NA,"GBSun 4:25 PM",NA,NA,6,"TE23",NA,"50%",0.2,32.4,NA,NA,NA,NA,NA,NA,NA,NA,NA,NA,NA,NA,NA,NA,NA,NA,NA
"Cade Otton","TE","TB",NA,NA,NA,NA,NA,NA,NA,NA,0,0,NA,0,0,4.33,NA,"16937","FleaFlicker","15802","FleaFlicker","TE",3,3,31.5,NA,NA,0.2,NA,NA,NA,NA,NA,NA,NA,NA,NA,NA,NA,NA,NA,NA,NA,NA,NA,NA,NA,NA,NA,NA,NA,NA,NA,NA,NA,NA,NA,NA,NA,NA,"@CINSun 1:00 PM",NA,NA,0,"TE29",NA,"32%",0.2,31.5,NA,NA,NA,NA,NA,NA,NA,NA,NA,NA,NA,NA,NA,NA,NA,NA,NA
"AJ Barner","TE","SEA",NA,NA,NA,NA,NA,NA,NA,NA,0,0,NA,0,0,4.16,NA,"18484","FleaFlicker","16723","FleaFlicker","TE",2.8,2.8,26.8,NA,NA,0.2,NA,NA,NA,NA,NA,NA,NA,NA,NA,NA,NA,NA,NA,NA,NA,NA,NA,NA,NA,NA,NA,NA,NA,NA,NA,NA,NA,NA,NA,NA,NA,NA,"NEWed 8:20 PM",NA,NA,1,"TE22",NA,"46%",0.2,26.8,NA,NA,NA,NA,NA,NA,NA,NA,NA,NA,NA,NA,NA,NA,NA,NA,NA
"Chig Okonkwo","TE","WAS",NA,NA,NA,NA,NA,NA,NA,NA,0,0,NA,0,0,4,NA,"16912","FleaFlicker","15889","FleaFlicker","TE",3.1,3.1,31.2,NA,NA,0.1,NA,NA,NA,NA,NA,NA,NA,NA,NA,NA,NA,NA,NA,NA,NA,NA,NA,NA,NA,NA,NA,NA,NA,NA,NA,NA,NA,NA,NA,NA,NA,NA,"@PHISun 4:25 PM",NA,NA,7,"TE19",NA,"52%",0.1,31.2,NA,NA,NA,NA,NA,NA,NA,NA,NA,NA,NA,NA,NA,NA,NA,NA,NA
"Oronde Gadsden","TE","LAC",NA,NA,NA,NA,NA,NA,NA,NA,0,0,NA,0,0,3.98,NA,"19404","FleaFlicker","17099","FleaFlicker","TE",2.2,2.2,28,NA,NA,0.2,NA,NA,NA,NA,NA,NA,NA,NA,NA,NA,NA,NA,NA,NA,NA,NA,NA,NA,NA,NA,NA,NA,NA,NA,NA,NA,NA,NA,NA,NA,NA,NA,"ARISun 4:25 PM",NA,NA,7,"TE25",NA,"52%",0.2,28,NA,NA,NA,NA,NA,NA,NA,NA,NA,NA,NA,NA,NA,NA,NA,NA,NA
"Mike Gesicki","TE","CIN",NA,NA,NA,NA,NA,NA,NA,NA,0,0,NA,0,0,3.86,NA,"13845","FleaFlicker","13672","FleaFlicker","TE",2.5,2.5,26.2,NA,NA,0.2,NA,NA,NA,NA,NA,NA,NA,NA,NA,NA,NA,NA,NA,NA,NA,NA,NA,NA,NA,NA,NA,NA,NA,NA,NA,NA,NA,NA,NA,NA,NA,NA,"TBSun 1:00 PM",NA,NA,6,"TE36",NA,"19%",0.2,26.2,NA,NA,NA,NA,NA,NA,NA,NA,NA,NA,NA,NA,NA,NA,NA,NA,NA
"Terrance Ferguson","TE","LAR",NA,NA,NA,NA,NA,NA,NA,NA,0,0,NA,0,0,3.8,NA,"19329","FleaFlicker","17107","FleaFlicker","TE",1.9,1.9,25.1,NA,NA,0.2,NA,NA,NA,NA,NA,NA,NA,NA,NA,NA,NA,NA,NA,NA,NA,NA,NA,NA,NA,NA,NA,NA,NA,NA,NA,NA,NA,NA,NA,NA,NA,NA,"SFThu 8:35 PM",NA,NA,1,"TE20",NA,"45%",0.2,25.1,NA,NA,NA,NA,NA,NA,NA,NA,NA,NA,NA,NA,NA,NA,NA,NA,NA
"David Njoku","TE","LAC",NA,NA,NA,NA,NA,NA,NA,NA,0,0,NA,0,0,3.66,NA,"12904","FleaFlicker","13192","FleaFlicker","TE",2.1,2.1,20.6,NA,NA,0.3,NA,NA,NA,NA,NA,NA,NA,NA,NA,NA,NA,NA,NA,NA,NA,NA,NA,NA,NA,NA,NA,NA,NA,NA,NA,NA,NA,NA,NA,NA,NA,NA,"ARISun 4:25 PM",NA,NA,7,"TE30",NA,"35%",0.3,20.6,NA,NA,NA,NA,NA,NA,NA,NA,NA,NA,NA,NA,NA,NA,NA,NA,NA
"Kenyon Sadiq","TE","NYJ",NA,NA,NA,NA,NA,NA,NA,NA,0,0,NA,0,0,3.51,NA,"20037","FleaFlicker","17543","FleaFlicker","TE",2.3,2.3,24.9,NA,NA,0.2,NA,NA,NA,NA,NA,NA,NA,NA,NA,NA,NA,NA,NA,NA,NA,NA,NA,NA,NA,NA,NA,NA,NA,NA,NA,NA,NA,NA,NA,NA,NA,NA,"@TENSun 1:00 PM",NA,NA,3,"TE24",NA,"52%",0.2,24.9,NA,NA,NA,NA,NA,NA,NA,NA,NA,NA,NA,NA,NA,NA,NA,NA,NA
"Mason Taylor","TE","NYJ",NA,NA,NA,NA,NA,NA,NA,NA,0,0,NA,0,0,3.34,NA,"19270","FleaFlicker","17106","FleaFlicker","TE",2.6,2.6,24,NA,NA,0.2,NA,NA,NA,NA,NA,NA,NA,NA,NA,NA,NA,NA,NA,NA,NA,NA,NA,NA,NA,NA,NA,NA,NA,NA,NA,NA,NA,NA,NA,NA,NA,NA,"@TENSun 1:00 PM",NA,NA,3,"TE33",NA,"26%",0.2,24,NA,NA,NA,NA,NA,NA,NA,NA,NA,NA,NA,NA,NA,NA,NA,NA,NA
"Gunnar Helm","TE","TEN",NA,NA,NA,NA,NA,NA,NA,NA,0,0,NA,0,0,3.3,NA,"19348","FleaFlicker","17105","FleaFlicker","TE",2.5,2.5,22.4,NA,NA,0.2,NA,NA,NA,NA,NA,NA,NA,NA,NA,NA,NA,NA,NA,NA,NA,NA,NA,NA,NA,NA,NA,NA,NA,NA,NA,NA,NA,NA,NA,NA,NA,NA,"NYJSun 1:00 PM",NA,NA,9,"TE27",NA,"30%",0.2,22.4,NA,NA,NA,NA,NA,NA,NA,NA,NA,NA,NA,NA,NA,NA,NA,NA,NA
"Colby Parkinson","TE","LAR",NA,NA,NA,NA,NA,NA,NA,NA,0,0,NA,0,0,3.23,NA,"15679","FleaFlicker","14871","FleaFlicker","TE",2,2,19.9,NA,NA,0.2,NA,NA,NA,NA,NA,NA,NA,NA,NA,NA,NA,NA,NA,NA,NA,NA,NA,NA,NA,NA,NA,NA,NA,NA,NA,NA,NA,NA,NA,NA,NA,NA,"SFThu 8:35 PM",NA,NA,1,"TE32",NA,"25%",0.2,19.9,NA,NA,NA,NA,NA,NA,NA,NA,NA,NA,NA,NA,NA,NA,NA,NA,NA
"Dawson Knox","TE","BUF",NA,NA,NA,NA,NA,NA,NA,NA,0,0,NA,0,0,2.96,NA,"14734","FleaFlicker","14143","FleaFlicker","TE",1.9,1.9,20.8,NA,NA,0.1,NA,NA,NA,NA,NA,NA,NA,NA,NA,NA,NA,NA,NA,NA,NA,NA,NA,NA,NA,NA,NA,NA,NA,NA,NA,NA,NA,NA,NA,NA,NA,NA,"@HOUSun 1:00 PM",NA,NA,7,"TE45",NA,"13%",0.1,20.8,NA,NA,NA,NA,NA,NA,NA,NA,NA,NA,NA,NA,NA,NA,NA,NA,NA
"Darnell Washington","TE","PIT",NA,NA,NA,NA,NA,NA,NA,NA,0,0,NA,0,0,2.72,NA,"17639","FleaFlicker","16216","FleaFlicker","TE",1.9,1.9,20.6,NA,NA,0.1,NA,NA,NA,NA,NA,NA,NA,NA,NA,NA,NA,NA,NA,NA,NA,NA,NA,NA,NA,NA,NA,NA,NA,NA,NA,NA,NA,NA,NA,NA,NA,NA,"ATLSun 1:00 PM",NA,NA,9,"TE40",NA,"13%",0.1,20.6,NA,NA,NA,NA,NA,NA,NA,NA,NA,NA,NA,NA,NA,NA,NA,NA,NA
"Evan Engram","TE","DEN",NA,NA,NA,NA,NA,NA,NA,NA,0,0,NA,0,0,2.68,NA,"12906","FleaFlicker","13189","FleaFlicker","TE",2.5,2.5,21.6,NA,NA,0.1,NA,NA,NA,NA,NA,NA,NA,NA,NA,NA,NA,NA,NA,NA,NA,NA,NA,NA,NA,NA,NA,NA,NA,NA,NA,NA,NA,NA,NA,NA,NA,NA,"@KCMon 8:15 PM",NA,NA,0,"TE31",NA,"28%",0.1,21.6,NA,NA,NA,NA,NA,NA,NA,NA,NA,NA,NA,NA,NA,NA,NA,NA,NA
"Michael Mayer","TE","LV",NA,NA,NA,NA,NA,NA,NA,NA,0,0,NA,0,0,2.66,NA,"17634","FleaFlicker","16212","FleaFlicker","TE",2.1,2.1,20.2,NA,NA,0.1,NA,NA,NA,NA,NA,NA,NA,NA,NA,NA,NA,NA,NA,NA,NA,NA,NA,NA,NA,NA,NA,NA,NA,NA,NA,NA,NA,NA,NA,NA,NA,NA,"MIASun 4:25 PM",NA,NA,3,"TE41",NA,"17%",0.1,20.2,NA,NA,NA,NA,NA,NA,NA,NA,NA,NA,NA,NA,NA,NA,NA,NA,NA
"Theo Johnson","TE","NYG",NA,NA,NA,NA,NA,NA,NA,NA,0,0,NA,0,0,2.62,NA,"18475","FleaFlicker","16649","FleaFlicker","TE",1.6,1.6,18,NA,NA,0.1,NA,NA,NA,NA,NA,NA,NA,NA,NA,NA,NA,NA,NA,NA,NA,NA,NA,NA,NA,NA,NA,NA,NA,NA,NA,NA,NA,NA,NA,NA,NA,NA,"DALSun 8:20 PM",NA,NA,8,"TE34",NA,"23%",0.1,18,NA,NA,NA,NA,NA,NA,NA,NA,NA,NA,NA,NA,NA,NA,NA,NA,NA
"Charlie Kolar","TE","LAC",NA,NA,NA,NA,NA,NA,NA,NA,0,0,NA,0,0,2.46,NA,"16923","FleaFlicker","15795","FleaFlicker","TE",1.3,1.3,15.8,NA,NA,0.1,NA,NA,NA,NA,NA,NA,NA,NA,NA,NA,NA,NA,NA,NA,NA,NA,NA,NA,NA,NA,NA,NA,NA,NA,NA,NA,NA,NA,NA,NA,NA,NA,"ARISun 4:25 PM",NA,NA,7,"TE38",NA,"7%",0.1,15.8,NA,NA,NA,NA,NA,NA,NA,NA,NA,NA,NA,NA,NA,NA,NA,NA,NA
"Daniel Bellinger","TE","TEN",NA,NA,NA,NA,NA,NA,NA,NA,0,0,NA,0,0,2.31,NA,"16932","FleaFlicker","15873","FleaFlicker","TE",1.4,1.4,16.1,NA,NA,0.1,NA,NA,NA,NA,NA,NA,NA,NA,NA,NA,NA,NA,NA,NA,NA,NA,NA,NA,NA,NA,NA,NA,NA,NA,NA,NA,NA,NA,NA,NA,NA,NA,"NYJSun 1:00 PM",NA,NA,9,NA,NA,"5%",0.1,16.1,NA,NA,NA,NA,NA,NA,NA,NA,NA,NA,NA,NA,NA,NA,NA,NA,NA
"Cole Kmet","TE","CHI",NA,NA,NA,NA,NA,NA,NA,NA,0,0,NA,0,0,2.27,NA,"15573","FleaFlicker","14867","FleaFlicker","TE",1.6,1.6,16.3,NA,NA,0.1,NA,NA,NA,NA,NA,NA,NA,NA,NA,NA,NA,NA,NA,NA,NA,NA,NA,NA,NA,NA,NA,NA,NA,NA,NA,NA,NA,NA,NA,NA,NA,NA,"@CARSun 1:00 PM",NA,NA,0,"TE44",NA,"17%",0.1,16.3,NA,NA,NA,NA,NA,NA,NA,NA,NA,NA,NA,NA,NA,NA,NA,NA,NA
"Brock Wright","TE","DET",NA,NA,NA,NA,NA,NA,NA,NA,0,0,NA,0,0,2.23,NA,"16572","FleaFlicker","15626","FleaFlicker","TE",1.4,1.4,12.7,NA,NA,0.2,NA,NA,NA,NA,NA,NA,NA,NA,NA,NA,NA,NA,NA,NA,NA,NA,NA,NA,NA,NA,NA,NA,NA,NA,NA,NA,NA,NA,NA,NA,NA,NA,"NOSun 1:00 PM",NA,NA,6,NA,NA,"2%",0.2,12.7,NA,NA,NA,NA,NA,NA,NA,NA,NA,NA,NA,NA,NA,NA,NA,NA,NA
"Will Kacmarek","TE","MIA",NA,NA,NA,NA,NA,NA,NA,NA,0,0,NA,0,0,2.13,NA,"20073","FleaFlicker","17605","FleaFlicker","TE",1.6,1.6,14.7,NA,NA,0.1,NA,NA,NA,NA,NA,NA,NA,NA,NA,NA,NA,NA,NA,NA,NA,NA,NA,NA,NA,NA,NA,NA,NA,NA,NA,NA,NA,NA,NA,NA,NA,NA,"@LVSun 4:25 PM",NA,NA,6,NA,NA,"9%",0.1,14.7,NA,NA,NA,NA,NA,NA,NA,NA,NA,NA,NA,NA,NA,NA,NA,NA,NA
"Tyler Higbee","TE","LAR",NA,NA,NA,NA,NA,NA,NA,NA,0,0,NA,0,0,2.05,NA,"12140","FleaFlicker","12678","FleaFlicker","TE",1.3,1.3,13.9,NA,NA,0.1,NA,NA,NA,NA,NA,NA,NA,NA,NA,NA,NA,NA,NA,NA,NA,NA,NA,NA,NA,NA,NA,NA,NA,NA,NA,NA,NA,NA,NA,NA,NA,NA,"SFThu 8:35 PM",NA,NA,1,"TE47",NA,"12%",0.1,13.9,NA,NA,NA,NA,NA,NA,NA,NA,NA,NA,NA,NA,NA,NA,NA,NA,NA
"Erick All","TE","CIN",NA,NA,NA,NA,NA,NA,NA,NA,0,0,NA,0,0,2,NA,"18474","FleaFlicker","16645","FleaFlicker","TE",1.5,1.5,14.2,NA,NA,0.1,NA,NA,NA,NA,NA,NA,NA,NA,NA,NA,NA,NA,NA,NA,NA,NA,NA,NA,NA,NA,NA,NA,NA,NA,NA,NA,NA,NA,NA,NA,NA,NA,"TBSun 1:00 PM",NA,NA,6,"TE48",NA,"8%",0.1,14.2,NA,NA,NA,NA,NA,NA,NA,NA,NA,NA,NA,NA,NA,NA,NA,NA,NA
"Eli Raridon","TE","NE",NA,NA,NA,NA,NA,NA,NA,NA,0,0,NA,0,0,1.94,NA,"20071","FleaFlicker","17607","FleaFlicker","TE",1.4,1.4,13.6,NA,NA,0.1,NA,NA,NA,NA,NA,NA,NA,NA,NA,NA,NA,NA,NA,NA,NA,NA,NA,NA,NA,NA,NA,NA,NA,NA,NA,NA,NA,NA,NA,NA,NA,NA,"@SEAWed 8:20 PM",NA,NA,1,"TE46",NA,"23%",0.1,13.6,NA,NA,NA,NA,NA,NA,NA,NA,NA,NA,NA,NA,NA,NA,NA,NA,NA
"Noah Fant","TE","NO",NA,NA,NA,NA,NA,NA,NA,NA,0,0,NA,0,0.1,1.9,NA,"14665","FleaFlicker","14137","FleaFlicker","TE",1.6,1.6,14.8,NA,NA,0.1,NA,NA,NA,NA,NA,NA,NA,NA,NA,NA,NA,NA,NA,NA,NA,NA,NA,NA,NA,NA,NA,NA,NA,NA,NA,NA,NA,NA,NA,NA,NA,NA,"@DETSun 1:00 PM",NA,NA,8,NA,NA,"12%",0.1,14.8,NA,NA,NA,NA,NA,NA,NA,NA,NA,NA,NA,NA,NA,NA,NA,NA,NA
"Elijah Higgins","TE","ARI",NA,NA,NA,NA,NA,NA,NA,NA,0,0,NA,0,0,1.77,NA,"17726","FleaFlicker","16333","FleaFlicker","TE",1.4,1.4,12.9,NA,NA,0.1,NA,NA,NA,NA,NA,NA,NA,NA,NA,NA,NA,NA,NA,NA,NA,NA,NA,NA,NA,NA,NA,NA,NA,NA,NA,NA,NA,NA,NA,NA,NA,NA,"@LACSun 4:25 PM",NA,NA,4,NA,NA,"3%",0.1,12.9,NA,NA,NA,NA,NA,NA,NA,NA,NA,NA,NA,NA,NA,NA,NA,NA,NA
"Josh Oliver","TE","MIN",NA,NA,NA,NA,NA,NA,NA,NA,0,0,NA,0,0,1.75,NA,"14749","FleaFlicker","14209","FleaFlicker","TE",1.1,1.1,10.9,NA,NA,0.1,NA,NA,NA,NA,NA,NA,NA,NA,NA,NA,NA,NA,NA,NA,NA,NA,NA,NA,NA,NA,NA,NA,NA,NA,NA,NA,NA,NA,NA,NA,NA,NA,"GBSun 4:25 PM",NA,NA,6,NA,NA,"2%",0.1,10.9,NA,NA,NA,NA,NA,NA,NA,NA,NA,NA,NA,NA,NA,NA,NA,NA,NA
"Austin Hooper","TE","ATL",NA,NA,NA,NA,NA,NA,NA,NA,0,0,NA,0,0,1.74,NA,"12069","FleaFlicker","12677","FleaFlicker","TE",1.2,1.2,12.6,NA,NA,0.1,NA,NA,NA,NA,NA,NA,NA,NA,NA,NA,NA,NA,NA,NA,NA,NA,NA,NA,NA,NA,NA,NA,NA,NA,NA,NA,NA,NA,NA,NA,NA,NA,"@PITSun 1:00 PM",NA,NA,1,NA,NA,"5%",0.1,12.6,NA,NA,NA,NA,NA,NA,NA,NA,NA,NA,NA,NA,NA,NA,NA,NA,NA
"Elijah Arroyo","TE","SEA",NA,NA,NA,NA,NA,NA,NA,NA,0,0,NA,0,0,1.74,NA,"19326","FleaFlicker","17108","FleaFlicker","TE",1.1,1.1,12.8,NA,NA,0.1,NA,NA,NA,NA,NA,NA,NA,NA,NA,NA,NA,NA,NA,NA,NA,NA,NA,NA,NA,NA,NA,NA,NA,NA,NA,NA,NA,NA,NA,NA,NA,NA,"NEWed 8:20 PM",NA,NA,1,"TE42",NA,"20%",0.1,12.8,NA,NA,NA,NA,NA,NA,NA,NA,NA,NA,NA,NA,NA,NA,NA,NA,NA
"Jonnu Smith","TE","GB",NA,NA,NA,NA,NA,NA,NA,NA,0,0,NA,0,0,1.72,NA,"12974","FleaFlicker","13193","FleaFlicker","TE",1.4,1.4,11.4,NA,NA,0.1,NA,NA,NA,NA,NA,NA,NA,NA,NA,NA,NA,NA,NA,NA,NA,NA,NA,NA,NA,NA,NA,NA,NA,NA,NA,NA,NA,NA,NA,NA,NA,NA,"@MINSun 4:25 PM",NA,NA,1,NA,NA,"9%",0.1,11.4,NA,NA,NA,NA,NA,NA,NA,NA,NA,NA,NA,NA,NA,NA,NA,NA,NA
"Tommy Tremble","TE","CAR",NA,NA,NA,NA,NA,NA,NA,NA,0,0,NA,0,0,1.71,NA,"16314","FleaFlicker","15332","FleaFlicker","TE",1.2,1.2,11.1,NA,NA,0.1,NA,NA,NA,NA,NA,NA,NA,NA,NA,NA,NA,NA,NA,NA,NA,NA,NA,NA,NA,NA,NA,NA,NA,NA,NA,NA,NA,NA,NA,NA,NA,NA,"CHISun 1:00 PM",NA,NA,5,NA,NA,"5%",0.1,11.1,NA,NA,NA,NA,NA,NA,NA,NA,NA,NA,NA,NA,NA,NA,NA,NA,NA
"Noah Gray","TE","KC",NA,NA,NA,NA,NA,NA,NA,NA,0,0,NA,0,0,1.66,NA,"16430","FleaFlicker","15337","FleaFlicker","TE",1.3,1.3,12.6,NA,NA,0.1,NA,NA,NA,NA,NA,NA,NA,NA,NA,NA,NA,NA,NA,NA,NA,NA,NA,NA,NA,NA,NA,NA,NA,NA,NA,NA,NA,NA,NA,NA,NA,NA,"DENMon 8:15 PM",NA,NA,5,"TE49",NA,"10%",0.1,12.6,NA,NA,NA,NA,NA,NA,NA,NA,NA,NA,NA,NA,NA,NA,NA,NA,NA
"Eli Stowers","TE","PHI",NA,NA,NA,NA,NA,NA,NA,NA,0,0,NA,0,0,1.53,NA,"20107","FleaFlicker","17544","FleaFlicker","TE",0.9,0.9,9.8,NA,NA,0.1,NA,NA,NA,NA,NA,NA,NA,NA,NA,NA,NA,NA,NA,NA,NA,NA,NA,NA,NA,NA,NA,NA,NA,NA,NA,NA,NA,NA,NA,NA,NA,NA,"WASSun 4:25 PM",NA,NA,0,"TE35",NA,"34%",0.1,9.8,NA,NA,NA,NA,NA,NA,NA,NA,NA,NA,NA,NA,NA,NA,NA,NA,NA
"Adam Trautman","TE","DEN",NA,NA,NA,NA,NA,NA,NA,NA,0,0,NA,0,0,1.51,NA,"15575","FleaFlicker","14870","FleaFlicker","TE",1.1,1.1,10.3,NA,NA,0.1,NA,NA,NA,NA,NA,NA,NA,NA,NA,NA,NA,NA,NA,NA,NA,NA,NA,NA,NA,NA,NA,NA,NA,NA,NA,NA,NA,NA,NA,NA,NA,NA,"@KCMon 8:15 PM",NA,NA,0,NA,NA,"2%",0.1,10.3,NA,NA,NA,NA,NA,NA,NA,NA,NA,NA,NA,NA,NA,NA,NA,NA,NA
"Marlin Klein","TE","HOU",NA,NA,NA,NA,NA,NA,NA,NA,0,0,NA,0,0,1.46,NA,"20085","FleaFlicker","17593","FleaFlicker","TE",1.1,1.1,10.4,NA,NA,0.1,NA,NA,NA,NA,NA,NA,NA,NA,NA,NA,NA,NA,NA,NA,NA,NA,NA,NA,NA,NA,NA,NA,NA,NA,NA,NA,NA,NA,NA,NA,NA,NA,"BUFSun 1:00 PM",NA,NA,8,NA,NA,"11%",0.1,10.4,NA,NA,NA,NA,NA,NA,NA,NA,NA,NA,NA,NA,NA,NA,NA,NA,NA
"Drew Sample","TE","CIN",NA,NA,NA,NA,NA,NA,NA,NA,0,0,NA,0,0,1.4,NA,"14714","FleaFlicker","14146","FleaFlicker","TE",1,1,8.6,NA,NA,0.1,NA,NA,NA,NA,NA,NA,NA,NA,NA,NA,NA,NA,NA,NA,NA,NA,NA,NA,NA,NA,NA,NA,NA,NA,NA,NA,NA,NA,NA,NA,NA,NA,"TBSun 1:00 PM",NA,NA,6,NA,NA,"1%",0.1,8.6,NA,NA,NA,NA,NA,NA,NA,NA,NA,NA,NA,NA,NA,NA,NA,NA,NA
"Ja'Tavion Sanders","TE","CAR",NA,NA,NA,NA,NA,NA,NA,NA,0,0,NA,0,0,1.4,NA,"18477","FleaFlicker","16643","FleaFlicker","TE",1.1,1.1,9.2,NA,NA,0.1,NA,NA,NA,NA,NA,NA,NA,NA,NA,NA,NA,NA,NA,NA,NA,NA,NA,NA,NA,NA,NA,NA,NA,NA,NA,NA,NA,NA,NA,NA,NA,NA,"CHISun 1:00 PM",NA,NA,5,"TE51",NA,"13%",0.1,9.2,NA,NA,NA,NA,NA,NA,NA,NA,NA,NA,NA,NA,NA,NA,NA,NA,NA
"Matt Hibner","TE","BAL",NA,NA,NA,NA,NA,NA,NA,NA,0,0,NA,0,0,1.36,NA,"20159","FleaFlicker","17627","FleaFlicker","TE",0.8,0.8,8.8,NA,NA,0.1,NA,NA,NA,NA,NA,NA,NA,NA,NA,NA,NA,NA,NA,NA,NA,NA,NA,NA,NA,NA,NA,NA,NA,NA,NA,NA,NA,NA,NA,NA,NA,NA,"@INDSun 1:00 PM",NA,NA,3,NA,NA,"9%",0.1,8.8,NA,NA,NA,NA,NA,NA,NA,NA,NA,NA,NA,NA,NA,NA,NA,NA,NA
"Jake Tonges","TE","SF",NA,NA,NA,NA,NA,NA,NA,NA,0,0,NA,0,0,1.33,NA,"17274","FleaFlicker","16036","FleaFlicker","TE",0.9,0.9,8.5,NA,NA,0.1,NA,NA,NA,NA,NA,NA,NA,NA,NA,NA,NA,NA,NA,NA,NA,NA,NA,NA,NA,NA,NA,NA,NA,NA,NA,NA,NA,NA,NA,NA,NA,NA,"@LARThu 8:35 PM",NA,NA,8,"TE39",NA,"18%",0.1,8.5,NA,NA,NA,NA,NA,NA,NA,NA,NA,NA,NA,NA,NA,NA,NA,NA,NA
"Connor Heyward","TE","LV",NA,NA,NA,NA,NA,NA,NA,NA,0,0,NA,0,0,1.28,NA,"16971","FleaFlicker","15800","FleaFlicker","TE",1,1,6.8,NA,NA,0.1,NA,NA,NA,NA,NA,NA,NA,NA,NA,NA,NA,NA,NA,NA,NA,NA,NA,NA,NA,NA,NA,NA,NA,NA,NA,NA,NA,NA,NA,NA,NA,NA,"MIASun 4:25 PM",NA,NA,3,NA,NA,"0%",0.1,6.8,NA,NA,NA,NA,NA,NA,NA,NA,NA,NA,NA,NA,NA,NA,NA,NA,NA
"Mo Alie-Cox","TE","IND",NA,NA,NA,NA,NA,NA,NA,NA,0,0,NA,0,0,1.2,NA,"12887","FleaFlicker","13246","FleaFlicker","TE",0.8,0.8,7.8,NA,NA,0.1,NA,NA,NA,NA,NA,NA,NA,NA,NA,NA,NA,NA,NA,NA,NA,NA,NA,NA,NA,NA,NA,NA,NA,NA,NA,NA,NA,NA,NA,NA,NA,NA,"BALSun 1:00 PM",NA,NA,3,NA,NA,"1%",0.1,7.8,NA,NA,NA,NA,NA,NA,NA,NA,NA,NA,NA,NA,NA,NA,NA,NA,NA
"John Bates","TE","WAS",NA,NA,NA,NA,NA,NA,NA,NA,0,0,NA,0,0,1.11,NA,"16360","FleaFlicker","15344","FleaFlicker","TE",0.9,0.9,8.1,NA,NA,0.1,NA,NA,NA,NA,NA,NA,NA,NA,NA,NA,NA,NA,NA,NA,NA,NA,NA,NA,NA,NA,NA,NA,NA,NA,NA,NA,NA,NA,NA,NA,NA,NA,"@PHISun 4:25 PM",NA,NA,7,NA,NA,"0%",0.1,8.1,NA,NA,NA,NA,NA,NA,NA,NA,NA,NA,NA,NA,NA,NA,NA,NA,NA
"Ben Sinnott","TE","WAS",NA,NA,NA,NA,NA,NA,NA,NA,0,0,NA,0,0,1.08,NA,"18427","FleaFlicker","16644","FleaFlicker","TE",0.7,0.7,6.6,NA,NA,0.1,NA,NA,NA,NA,NA,NA,NA,NA,NA,NA,NA,NA,NA,NA,NA,NA,NA,NA,NA,NA,NA,NA,NA,NA,NA,NA,NA,NA,NA,NA,NA,NA,"@PHISun 4:25 PM",NA,NA,7,NA,NA,"8%",0.1,6.6,NA,NA,NA,NA,NA,NA,NA,NA,NA,NA,NA,NA,NA,NA,NA,NA,NA
"Davis Allen","TE","LAR",NA,NA,NA,NA,NA,NA,NA,NA,0,0,NA,0,0,1.04,NA,"17778","FleaFlicker","16219","FleaFlicker","TE",0.7,0.7,6.2,NA,NA,0.1,NA,NA,NA,NA,NA,NA,NA,NA,NA,NA,NA,NA,NA,NA,NA,NA,NA,NA,NA,NA,NA,NA,NA,NA,NA,NA,NA,NA,NA,NA,NA,NA,"SFThu 8:35 PM",NA,NA,1,NA,NA,"2%",0.1,6.2,NA,NA,NA,NA,NA,NA,NA,NA,NA,NA,NA,NA,NA,NA,NA,NA,NA
"Oscar Delp","TE","NO",NA,NA,NA,NA,NA,NA,NA,NA,0,0,NA,0,0,1.04,NA,"20117","FleaFlicker","17567","FleaFlicker","TE",0.8,0.8,7.4,NA,NA,0.1,NA,NA,NA,NA,NA,NA,NA,NA,NA,NA,NA,NA,NA,NA,NA,NA,NA,NA,NA,NA,NA,NA,NA,NA,NA,NA,NA,NA,NA,NA,NA,NA,"@DETSun 1:00 PM",NA,NA,8,"TE43",NA,"24%",0.1,7.4,NA,NA,NA,NA,NA,NA,NA,NA,NA,NA,NA,NA,NA,NA,NA,NA,NA
"Jackson Hawes","TE","BUF",NA,NA,NA,NA,NA,NA,NA,NA,0,0,NA,0,0,1.02,NA,"19386","FleaFlicker","17213","FleaFlicker","TE",0.7,0.7,7.2,NA,NA,0.1,NA,NA,NA,NA,NA,NA,NA,NA,NA,NA,NA,NA,NA,NA,NA,NA,NA,NA,NA,NA,NA,NA,NA,NA,NA,NA,NA,NA,NA,NA,NA,NA,"@HOUSun 1:00 PM",NA,NA,7,NA,NA,"2%",0.1,7.2,NA,NA,NA,NA,NA,NA,NA,NA,NA,NA,NA,NA,NA,NA,NA,NA,NA
"Luke Schoonmaker","TE","DAL",NA,NA,NA,NA,NA,NA,NA,NA,0,0,NA,0,0,0.98,NA,"17649","FleaFlicker","16221","FleaFlicker","TE",0.7,0.7,6.8,NA,NA,0.1,NA,NA,NA,NA,NA,NA,NA,NA,NA,NA,NA,NA,NA,NA,NA,NA,NA,NA,NA,NA,NA,NA,NA,NA,NA,NA,NA,NA,NA,NA,NA,NA,"@NYGSun 8:20 PM",NA,NA,4,NA,NA,"3%",0.1,6.8,NA,NA,NA,NA,NA,NA,NA,NA,NA,NA,NA,NA,NA,NA,NA,NA,NA
"Nate Boerkircher","TE","JAC",NA,NA,NA,NA,NA,NA,NA,NA,0,0,NA,0,0,0.96,NA,"20082","FleaFlicker","17591","FleaFlicker","TE",0.7,0.7,7.2,NA,NA,0,NA,NA,NA,NA,NA,NA,NA,NA,NA,NA,NA,NA,NA,NA,NA,NA,NA,NA,NA,NA,NA,NA,NA,NA,NA,NA,NA,NA,NA,NA,NA,NA,"CLESun 1:00 PM",NA,NA,7,NA,NA,"6%",0,7.2,NA,NA,NA,NA,NA,NA,NA,NA,NA,NA,NA,NA,NA,NA,NA,NA,NA
"Hunter Long","TE","ARI",NA,NA,NA,NA,NA,NA,NA,NA,0,0,NA,0,0,0.95,NA,"16269","FleaFlicker","15334","FleaFlicker","TE",0.7,0.7,6.5,NA,NA,0.1,NA,NA,NA,NA,NA,NA,NA,NA,NA,NA,NA,NA,NA,NA,NA,NA,NA,NA,NA,NA,NA,NA,NA,NA,NA,NA,NA,NA,NA,NA,NA,NA,"@LACSun 4:25 PM",NA,NA,4,NA,NA,"1%",0.1,6.5,NA,NA,NA,NA,NA,NA,NA,NA,NA,NA,NA,NA,NA,NA,NA,NA,NA
"Cade Stover","TE","HOU",NA,NA,NA,NA,NA,NA,NA,NA,0,0,NA,0,0,0.95,NA,"18465","FleaFlicker","16642","FleaFlicker","TE",0.8,0.8,6.5,NA,NA,0.1,NA,NA,NA,NA,NA,NA,NA,NA,NA,NA,NA,NA,NA,NA,NA,NA,NA,NA,NA,NA,NA,NA,NA,NA,NA,NA,NA,NA,NA,NA,NA,NA,"BUFSun 1:00 PM",NA,NA,8,NA,NA,"4%",0.1,6.5,NA,NA,NA,NA,NA,NA,NA,NA,NA,NA,NA,NA,NA,NA,NA,NA,NA
"Max Klare","TE","LAR",NA,NA,NA,NA,NA,NA,NA,NA,0,0,NA,0,0,0.95,NA,"20123","FleaFlicker","17547","FleaFlicker","TE",0.7,0.7,6.5,NA,NA,0.1,NA,NA,NA,NA,NA,NA,NA,NA,NA,NA,NA,NA,NA,NA,NA,NA,NA,NA,NA,NA,NA,NA,NA,NA,NA,NA,NA,NA,NA,NA,NA,NA,"SFThu 8:35 PM",NA,NA,1,"TE50",NA,"21%",0.1,6.5,NA,NA,NA,NA,NA,NA,NA,NA,NA,NA,NA,NA,NA,NA,NA,NA,NA
"Thomas Fidone","TE","NYG",NA,NA,NA,NA,NA,NA,NA,NA,0,0,NA,0,0,0.93,NA,"19504","FleaFlicker","17243","FleaFlicker","TE",0.7,0.7,6.2,NA,NA,0.1,NA,NA,NA,NA,NA,NA,NA,NA,NA,NA,NA,NA,NA,NA,NA,NA,NA,NA,NA,NA,NA,NA,NA,NA,NA,NA,NA,NA,NA,NA,NA,NA,"DALSun 8:20 PM",NA,NA,8,NA,NA,"0%",0.1,6.2,NA,NA,NA,NA,NA,NA,NA,NA,NA,NA,NA,NA,NA,NA,NA,NA,NA
"Foster Moreau","TE","HOU",NA,NA,NA,NA,NA,NA,NA,NA,0,0,NA,0,0,0.92,NA,"14781","FleaFlicker","14239","FleaFlicker","TE",0.6,0.6,6.2,NA,NA,0.1,NA,NA,NA,NA,NA,NA,NA,NA,NA,NA,NA,NA,NA,NA,NA,NA,NA,NA,NA,NA,NA,NA,NA,NA,NA,NA,NA,NA,NA,NA,NA,NA,"BUFSun 1:00 PM",NA,NA,8,NA,NA,"2%",0.1,6.2,NA,NA,NA,NA,NA,NA,NA,NA,NA,NA,NA,NA,NA,NA,NA,NA,NA
"Jeremy Ruckert","TE","NYJ",NA,NA,NA,NA,NA,NA,NA,NA,0,0,NA,0,0,0.89,NA,"16833","FleaFlicker","15796","FleaFlicker","TE",0.8,0.8,6.5,NA,NA,0,NA,NA,NA,NA,NA,NA,NA,NA,NA,NA,NA,NA,NA,NA,NA,NA,NA,NA,NA,NA,NA,NA,NA,NA,NA,NA,NA,NA,NA,NA,NA,NA,"@TENSun 1:00 PM",NA,NA,3,NA,NA,"1%",0,6.5,NA,NA,NA,NA,NA,NA,NA,NA,NA,NA,NA,NA,NA,NA,NA,NA,NA
"Brevyn Spann-Ford","TE","DAL",NA,NA,NA,NA,NA,NA,NA,NA,0,0,NA,0,0,0.85,NA,"18874","FleaFlicker","16647","FleaFlicker","TE",0.6,0.6,5.5,NA,NA,0.1,NA,NA,NA,NA,NA,NA,NA,NA,NA,NA,NA,NA,NA,NA,NA,NA,NA,NA,NA,NA,NA,NA,NA,NA,NA,NA,NA,NA,NA,NA,NA,NA,"@NYGSun 8:20 PM",NA,NA,4,NA,NA,"1%",0.1,5.5,NA,NA,NA,NA,NA,NA,NA,NA,NA,NA,NA,NA,NA,NA,NA,NA,NA
"Keleki Latu","TE","BUF",NA,NA,NA,NA,NA,NA,NA,NA,0,0,NA,0,0,0.85,NA,"19464","FleaFlicker","17419","FleaFlicker","TE",0.6,0.6,6.1,NA,NA,0,NA,NA,NA,NA,NA,NA,NA,NA,NA,NA,NA,NA,NA,NA,NA,NA,NA,NA,NA,NA,NA,NA,NA,NA,NA,NA,NA,NA,NA,NA,NA,NA,"@HOUSun 1:00 PM",NA,NA,7,NA,NA,"0%",0,6.1,NA,NA,NA,NA,NA,NA,NA,NA,NA,NA,NA,NA,NA,NA,NA,NA,NA
"Charlie Woerner","TE","ATL",NA,NA,NA,NA,NA,NA,NA,NA,0,0,NA,0,0,0.84,NA,"15671","FleaFlicker","14984","FleaFlicker","TE",0.7,0.7,6,NA,NA,0,NA,NA,NA,NA,NA,NA,NA,NA,NA,NA,NA,NA,NA,NA,NA,NA,NA,NA,NA,NA,NA,NA,NA,NA,NA,NA,NA,NA,NA,NA,NA,NA,"@PITSun 1:00 PM",NA,NA,1,NA,NA,"0%",0,6,NA,NA,NA,NA,NA,NA,NA,NA,NA,NA,NA,NA,NA,NA,NA,NA,NA
"Nick Folk","K","ATL",NA,NA,NA,NA,NA,NA,NA,NA,NA,NA,NA,NA,NA,12.02,NA,"4780","FleaFlicker","8851","FleaFlicker","K",NA,NA,NA,NA,NA,NA,2,1.9,NA,NA,NA,NA,NA,NA,NA,NA,NA,NA,2,2,NA,NA,NA,NA,NA,NA,NA,NA,NA,NA,NA,NA,NA,NA,NA,NA,NA,NA,"@PITSun 1:00 PM",NA,NA,1,NA,NA,"22%",NA,NA,"2/1","2/2",NA,NA,NA,NA,NA,NA,NA,NA,NA,NA,NA,NA,NA,NA,NA
"Ryan Fitzgerald","K","CAR",NA,NA,NA,NA,NA,NA,NA,NA,NA,NA,NA,NA,NA,11.13,NA,"19685","FleaFlicker","17277","FleaFlicker","K",NA,NA,NA,NA,NA,NA,2,2,NA,NA,NA,NA,NA,NA,NA,NA,NA,NA,2.1,2.1,NA,NA,NA,NA,NA,NA,NA,NA,NA,NA,NA,NA,NA,NA,NA,NA,NA,NA,"CHISun 1:00 PM",NA,NA,5,NA,NA,"10%",NA,NA,"2/2","2/2",NA,NA,NA,NA,NA,NA,NA,NA,NA,NA,NA,NA,NA,NA,NA
"Jason Myers","K","SEA",NA,NA,NA,NA,NA,NA,NA,NA,NA,NA,NA,NA,NA,10.63,NA,"11124","FleaFlicker","12437","FleaFlicker","K",NA,NA,NA,NA,NA,NA,2,2.3,NA,NA,NA,NA,NA,NA,NA,NA,NA,NA,2.6,2.6,NA,NA,NA,NA,NA,NA,NA,NA,NA,NA,NA,NA,NA,NA,NA,NA,NA,NA,"NEWed 8:20 PM",NA,NA,1,"K5",NA,"96%",NA,NA,"2/2","2/2",NA,NA,NA,NA,NA,NA,NA,NA,NA,NA,NA,NA,NA,NA,NA
"Cairo Santos","K","CHI",NA,NA,NA,NA,NA,NA,NA,NA,NA,NA,NA,NA,NA,10.62,NA,"10888","FleaFlicker","11945","FleaFlicker","K",NA,NA,NA,NA,NA,NA,2,2.1,NA,NA,NA,NA,NA,NA,NA,NA,NA,NA,2.6,2.6,NA,NA,NA,NA,NA,NA,NA,NA,NA,NA,NA,NA,NA,NA,NA,NA,NA,NA,"@CARSun 1:00 PM",NA,NA,0,"K10",NA,"58%",NA,NA,"2/2","2/2",NA,NA,NA,NA,NA,NA,NA,NA,NA,NA,NA,NA,NA,NA,NA
"Cam Little","K","JAC",NA,NA,NA,NA,NA,NA,NA,NA,NA,NA,NA,NA,NA,10.58,NA,"18510","FleaFlicker","16680","FleaFlicker","K",NA,NA,NA,NA,NA,NA,2,2.1,NA,NA,NA,NA,NA,NA,NA,NA,NA,NA,2.6,2.6,NA,NA,NA,NA,NA,NA,NA,NA,NA,NA,NA,NA,NA,NA,NA,NA,NA,NA,"CLESun 1:00 PM",NA,NA,7,"K4",NA,"95%",NA,NA,"2/2","2/2",NA,NA,NA,NA,NA,NA,NA,NA,NA,NA,NA,NA,NA,NA,NA
"Chase McLaughlin","K","TB",NA,NA,NA,NA,NA,NA,NA,NA,NA,NA,NA,NA,NA,10.5,NA,"15412","FleaFlicker","14717","FleaFlicker","K",NA,NA,NA,NA,NA,NA,2,2,NA,NA,NA,NA,NA,NA,NA,NA,NA,NA,2.5,2.5,NA,NA,NA,NA,NA,NA,NA,NA,NA,NA,NA,NA,NA,NA,NA,NA,NA,NA,"@CINSun 1:00 PM",NA,NA,0,"K11",NA,"61%",NA,NA,"2/2","2/2",NA,NA,NA,NA,NA,NA,NA,NA,NA,NA,NA,NA,NA,NA,NA
"Spencer Shrader","K","IND",NA,NA,NA,NA,NA,NA,NA,NA,NA,NA,NA,NA,NA,10.35,NA,"18967","FleaFlicker","16896","FleaFlicker","K",NA,NA,NA,NA,NA,NA,2,2.1,NA,NA,NA,NA,NA,NA,NA,NA,NA,NA,2.4,2.4,NA,NA,NA,NA,NA,NA,NA,NA,NA,NA,NA,NA,NA,NA,NA,NA,NA,NA,"BALSun 1:00 PM",NA,NA,3,NA,NA,"9%",NA,NA,"2/2","2/2",NA,NA,NA,NA,NA,NA,NA,NA,NA,NA,NA,NA,NA,NA,NA
"Matt Gay","K","LV",NA,NA,NA,NA,NA,NA,NA,NA,NA,NA,NA,NA,NA,10.34,NA,"14848","FleaFlicker","14244","FleaFlicker","K",NA,NA,NA,NA,NA,NA,2,2.1,NA,NA,NA,NA,NA,NA,NA,NA,NA,NA,2.3,2.3,NA,NA,NA,NA,NA,NA,NA,NA,NA,NA,NA,NA,NA,NA,NA,NA,NA,NA,"MIASun 4:25 PM",NA,NA,3,NA,NA,"9%",NA,NA,"2/2","2/2",NA,NA,NA,NA,NA,NA,NA,NA,NA,NA,NA,NA,NA,NA,NA
"Chris Boswell","K","PIT",NA,NA,NA,NA,NA,NA,NA,NA,NA,NA,NA,NA,NA,10.33,NA,"10779","FleaFlicker","11936","FleaFlicker","K",NA,NA,NA,NA,NA,NA,2,2.2,NA,NA,NA,NA,NA,NA,NA,NA,NA,NA,2.3,2.3,NA,NA,NA,NA,NA,NA,NA,NA,NA,NA,NA,NA,NA,NA,NA,NA,NA,NA,"ATLSun 1:00 PM",NA,NA,9,"K14",NA,"46%",NA,NA,"2/2","2/2",NA,NA,NA,NA,NA,NA,NA,NA,NA,NA,NA,NA,NA,NA,NA
"Joey Slye","K","TEN",NA,NA,NA,NA,NA,NA,NA,NA,NA,NA,NA,NA,NA,10.26,NA,"15366","FleaFlicker","14600","FleaFlicker","K",NA,NA,NA,NA,NA,NA,2,2.3,NA,NA,NA,NA,NA,NA,NA,NA,NA,NA,2.3,2.3,NA,NA,NA,NA,NA,NA,NA,NA,NA,NA,NA,NA,NA,NA,NA,NA,NA,NA,"NYJSun 1:00 PM",NA,NA,9,NA,NA,"11%",NA,NA,"2/2","2/2",NA,NA,NA,NA,NA,NA,NA,NA,NA,NA,NA,NA,NA,NA,NA
"Harrison Mevis","K","LAR",NA,NA,NA,NA,NA,NA,NA,NA,NA,NA,NA,NA,NA,10.04,NA,"18786","FleaFlicker","16843","FleaFlicker","K",NA,NA,NA,NA,NA,NA,2,2,NA,NA,NA,NA,NA,NA,NA,NA,NA,NA,3,3,NA,NA,NA,NA,NA,NA,NA,NA,NA,NA,NA,NA,NA,NA,NA,NA,NA,NA,"SFThu 8:35 PM",NA,NA,1,"K13",NA,"43%",NA,NA,"2/2","3/3",NA,NA,NA,NA,NA,NA,NA,NA,NA,NA,NA,NA,NA,NA,NA
"Jake Elliott","K","PHI",NA,NA,NA,NA,NA,NA,NA,NA,NA,NA,NA,NA,NA,9.71,NA,"13035","FleaFlicker","13303","FleaFlicker","K",NA,NA,NA,NA,NA,NA,2,2,NA,NA,NA,NA,NA,NA,NA,NA,NA,NA,2.7,2.7,NA,NA,NA,NA,NA,NA,NA,NA,NA,NA,NA,NA,NA,NA,NA,NA,NA,NA,"WASSun 4:25 PM",NA,NA,0,"K19",NA,"19%",NA,NA,"2/2","2/2",NA,NA,NA,NA,NA,NA,NA,NA,NA,NA,NA,NA,NA,NA,NA
"Eddy Pineiro","K","SF",NA,NA,NA,NA,NA,NA,NA,NA,NA,NA,NA,NA,NA,9.42,NA,"13986","FleaFlicker","13719","FleaFlicker","K",NA,NA,NA,NA,NA,NA,2,2,NA,NA,NA,NA,NA,NA,NA,NA,NA,NA,2.4,2.4,NA,NA,NA,NA,NA,NA,NA,NA,NA,NA,NA,NA,NA,NA,NA,NA,NA,NA,"@LARThu 8:35 PM",NA,NA,8,"K6",NA,"79%",NA,NA,"2/1","2/2",NA,NA,NA,NA,NA,NA,NA,NA,NA,NA,NA,NA,NA,NA,NA
"Trey Smack","K","GB",NA,NA,NA,NA,NA,NA,NA,NA,NA,NA,NA,NA,NA,9.33,NA,"20243","FleaFlicker","17668","FleaFlicker","K",NA,NA,NA,NA,NA,NA,2,1.9,NA,NA,NA,NA,NA,NA,NA,NA,NA,NA,2.3,2.3,NA,NA,NA,NA,NA,NA,NA,NA,NA,NA,NA,NA,NA,NA,NA,NA,NA,NA,"@MINSun 4:25 PM",NA,NA,1,"K21",NA,"23%",NA,NA,"2/1","2/2",NA,NA,NA,NA,NA,NA,NA,NA,NA,NA,NA,NA,NA,NA,NA
"Harrison Butker","K","KC",NA,NA,NA,NA,NA,NA,NA,NA,NA,NA,NA,NA,NA,9.3,NA,"13124","FleaFlicker","13354","FleaFlicker","K",NA,NA,NA,NA,NA,NA,2,2.1,NA,NA,NA,NA,NA,NA,NA,NA,NA,NA,2.3,2.3,NA,NA,NA,NA,NA,NA,NA,NA,NA,NA,NA,NA,NA,NA,NA,NA,NA,NA,"DENMon 8:15 PM",NA,NA,5,"K15",NA,"42%",NA,NA,"2/2","2/2",NA,NA,NA,NA,NA,NA,NA,NA,NA,NA,NA,NA,NA,NA,NA
"Blake Grupe","K","NYJ",NA,NA,NA,NA,NA,NA,NA,NA,NA,NA,NA,NA,NA,9.29,NA,"17834","FleaFlicker","16444","FleaFlicker","K",NA,NA,NA,NA,NA,NA,2,2,NA,NA,NA,NA,NA,NA,NA,NA,NA,NA,2.3,2.3,NA,NA,NA,NA,NA,NA,NA,NA,NA,NA,NA,NA,NA,NA,NA,NA,NA,NA,"@TENSun 1:00 PM",NA,NA,3,NA,NA,"5%",NA,NA,"2/1","2/2",NA,NA,NA,NA,NA,NA,NA,NA,NA,NA,NA,NA,NA,NA,NA
"Wil Lutz","K","DEN",NA,NA,NA,NA,NA,NA,NA,NA,NA,NA,NA,NA,NA,9.11,NA,"12611","FleaFlicker","12956","FleaFlicker","K",NA,NA,NA,NA,NA,NA,2,1.9,NA,NA,NA,NA,NA,NA,NA,NA,NA,NA,2.1,2.1,NA,NA,NA,NA,NA,NA,NA,NA,NA,NA,NA,NA,NA,NA,NA,NA,NA,NA,"@KCMon 8:15 PM",NA,NA,0,"K17",NA,"25%",NA,NA,"2/1","2/2",NA,NA,NA,NA,NA,NA,NA,NA,NA,NA,NA,NA,NA,NA,NA
"Daniel Carlson","K","NO",NA,NA,NA,NA,NA,NA,NA,NA,NA,NA,NA,NA,NA,9.09,NA,"13947","FleaFlicker","13718","FleaFlicker","K",NA,NA,NA,NA,NA,NA,2,2.1,NA,NA,NA,NA,NA,NA,NA,NA,NA,NA,2.1,2.1,NA,NA,NA,NA,NA,NA,NA,NA,NA,NA,NA,NA,NA,NA,NA,NA,NA,NA,"@DETSun 1:00 PM",NA,NA,8,NA,NA,"5%",NA,NA,"2/2","2/2",NA,NA,NA,NA,NA,NA,NA,NA,NA,NA,NA,NA,NA,NA,NA
"Jake Bates","K","DET",NA,NA,NA,NA,NA,NA,NA,NA,NA,NA,NA,NA,NA,9.02,NA,"18337","FleaFlicker","16846","FleaFlicker","K",NA,NA,NA,NA,NA,NA,2,2.3,NA,NA,NA,NA,NA,NA,NA,NA,NA,NA,3,3,NA,NA,NA,NA,NA,NA,NA,NA,NA,NA,NA,NA,NA,NA,NA,NA,NA,NA,"NOSun 1:00 PM",NA,NA,6,"K8",NA,"79%",NA,NA,"2/2","3/3",NA,NA,NA,NA,NA,NA,NA,NA,NA,NA,NA,NA,NA,NA,NA
"Riley Patterson","K","MIA",NA,NA,NA,NA,NA,NA,NA,NA,NA,NA,NA,NA,NA,8.89,NA,"16587","FleaFlicker","15369","FleaFlicker","K",NA,NA,NA,NA,NA,NA,2,1.9,NA,NA,NA,NA,NA,NA,NA,NA,NA,NA,1.9,1.9,NA,NA,NA,NA,NA,NA,NA,NA,NA,NA,NA,NA,NA,NA,NA,NA,NA,NA,"@LVSun 4:25 PM",NA,NA,6,NA,NA,"5%",NA,NA,"2/1","1/1",NA,NA,NA,NA,NA,NA,NA,NA,NA,NA,NA,NA,NA,NA,NA
"Cameron Dicker","K","LAC",NA,NA,NA,NA,NA,NA,NA,NA,NA,NA,NA,NA,NA,8.83,NA,"17315","FleaFlicker","15979","FleaFlicker","K",NA,NA,NA,NA,NA,NA,2,2.5,NA,NA,NA,NA,NA,NA,NA,NA,NA,NA,2.8,2.8,NA,NA,NA,NA,NA,NA,NA,NA,NA,NA,NA,NA,NA,NA,NA,NA,NA,NA,"ARISun 4:25 PM",NA,NA,7,"K2",NA,"96%",NA,NA,"2/2","2/2",NA,NA,NA,NA,NA,NA,NA,NA,NA,NA,NA,NA,NA,NA,NA
"Chad Ryland","K","ARI",NA,NA,NA,NA,NA,NA,NA,NA,NA,NA,NA,NA,NA,8.81,NA,"17688","FleaFlicker","16292","FleaFlicker","K",NA,NA,NA,NA,NA,NA,2,2,NA,NA,NA,NA,NA,NA,NA,NA,NA,NA,1.8,1.8,NA,NA,NA,NA,NA,NA,NA,NA,NA,NA,NA,NA,NA,NA,NA,NA,NA,NA,"@LACSun 4:25 PM",NA,NA,4,NA,NA,"6%",NA,NA,"2/2","1/1",NA,NA,NA,NA,NA,NA,NA,NA,NA,NA,NA,NA,NA,NA,NA
"Brandon Aubrey","K","DAL",NA,NA,NA,NA,NA,NA,NA,NA,NA,NA,NA,NA,NA,8.76,NA,"18330","FleaFlicker","16414","FleaFlicker","K",NA,NA,NA,NA,NA,NA,2,2.3,NA,NA,NA,NA,NA,NA,NA,NA,NA,NA,2.8,2.8,NA,NA,NA,NA,NA,NA,NA,NA,NA,NA,NA,NA,NA,NA,NA,NA,NA,NA,"@NYGSun 8:20 PM",NA,NA,4,"K1",NA,"98%",NA,NA,"2/2","2/2",NA,NA,NA,NA,NA,NA,NA,NA,NA,NA,NA,NA,NA,NA,NA
"Tyler Loop","K","BAL",NA,NA,NA,NA,NA,NA,NA,NA,NA,NA,NA,NA,NA,8.76,NA,"19411","FleaFlicker","17222","FleaFlicker","K",NA,NA,NA,NA,NA,NA,2,2,NA,NA,NA,NA,NA,NA,NA,NA,NA,NA,2.8,2.8,NA,NA,NA,NA,NA,NA,NA,NA,NA,NA,NA,NA,NA,NA,NA,NA,NA,NA,"@INDSun 1:00 PM",NA,NA,3,"K7",NA,"77%",NA,NA,"2/2","2/2",NA,NA,NA,NA,NA,NA,NA,NA,NA,NA,NA,NA,NA,NA,NA
"Evan McPherson","K","CIN",NA,NA,NA,NA,NA,NA,NA,NA,NA,NA,NA,NA,NA,8.67,NA,"16457","FleaFlicker","15368","FleaFlicker","K",NA,NA,NA,NA,NA,NA,2,2.2,NA,NA,NA,NA,NA,NA,NA,NA,NA,NA,2.7,2.7,NA,NA,NA,NA,NA,NA,NA,NA,NA,NA,NA,NA,NA,NA,NA,NA,NA,NA,"TBSun 1:00 PM",NA,NA,6,"K9",NA,"67%",NA,NA,"2/2","2/2",NA,NA,NA,NA,NA,NA,NA,NA,NA,NA,NA,NA,NA,NA,NA
"Ka'imi Fairbairn","K","HOU",NA,NA,NA,NA,NA,NA,NA,NA,NA,NA,NA,NA,NA,8.24,NA,"12347","FleaFlicker","12860","FleaFlicker","K",NA,NA,NA,NA,NA,NA,2,2.4,NA,NA,NA,NA,NA,NA,NA,NA,NA,NA,2.2,2.2,NA,NA,NA,NA,NA,NA,NA,NA,NA,NA,NA,NA,NA,NA,NA,NA,NA,NA,"BUFSun 1:00 PM",NA,NA,8,"K3",NA,"95%",NA,NA,"2/2","2/2",NA,NA,NA,NA,NA,NA,NA,NA,NA,NA,NA,NA,NA,NA,NA
"Will Reichard","K","MIN",NA,NA,NA,NA,NA,NA,NA,NA,NA,NA,NA,NA,NA,8.22,NA,"18573","FleaFlicker","16681","FleaFlicker","K",NA,NA,NA,NA,NA,NA,2,2.2,NA,NA,NA,NA,NA,NA,NA,NA,NA,NA,2.2,2.2,NA,NA,NA,NA,NA,NA,NA,NA,NA,NA,NA,NA,NA,NA,NA,NA,NA,NA,"GBSun 4:25 PM",NA,NA,6,"K16",NA,"41%",NA,NA,"2/2","2/2",NA,NA,NA,NA,NA,NA,NA,NA,NA,NA,NA,NA,NA,NA,NA
"Tyler Bass","K","BUF",NA,NA,NA,NA,NA,NA,NA,NA,NA,NA,NA,NA,NA,5.37,NA,"15626","FleaFlicker","14983","FleaFlicker","K",NA,NA,NA,NA,NA,NA,1,1.7,NA,NA,NA,NA,NA,NA,NA,NA,NA,NA,2.4,2.4,NA,NA,NA,NA,NA,NA,NA,NA,NA,NA,NA,NA,NA,NA,NA,NA,NA,NA,"@HOUSun 1:00 PM",NA,NA,7,"K20",NA,"15%",NA,NA,"1/1","2/2",NA,NA,NA,NA,NA,NA,NA,NA,NA,NA,NA,NA,NA,NA,NA
"Andy Borregales","K","NE",NA,NA,NA,NA,NA,NA,NA,NA,NA,NA,NA,NA,NA,5.35,NA,"19378","FleaFlicker","17220","FleaFlicker","K",NA,NA,NA,NA,NA,NA,1,1.8,NA,NA,NA,NA,NA,NA,NA,NA,NA,NA,2.4,2.4,NA,NA,NA,NA,NA,NA,NA,NA,NA,NA,NA,NA,NA,NA,NA,NA,NA,NA,"@SEAWed 8:20 PM",NA,NA,1,"K12",NA,"47%",NA,NA,"1/1","2/2",NA,NA,NA,NA,NA,NA,NA,NA,NA,NA,NA,NA,NA,NA,NA
"IRZane Gonzalez","K","MIA",NA,NA,NA,NA,NA,NA,NA,NA,NA,NA,NA,NA,NA,5,NA,"13085","FleaFlicker","13347","FleaFlicker","K",NA,NA,NA,NA,NA,NA,1,1.1,NA,NA,NA,NA,NA,NA,NA,NA,NA,NA,1,1,NA,NA,NA,NA,NA,NA,NA,NA,NA,NA,NA,NA,NA,NA,NA,NA,NA,NA,"@LVSun 4:25 PM",NA,NA,6,NA,NA,"3%",NA,NA,"1/1","1/1",NA,NA,NA,NA,NA,NA,NA,NA,NA,NA,NA,NA,NA,NA,NA
"Drew Stevens","K","WAS",NA,NA,NA,NA,NA,NA,NA,NA,NA,NA,NA,NA,NA,4.97,NA,"20727","FleaFlicker","17726","FleaFlicker","K",NA,NA,NA,NA,NA,NA,1,1.8,NA,NA,NA,NA,NA,NA,NA,NA,NA,NA,2,2,NA,NA,NA,NA,NA,NA,NA,NA,NA,NA,NA,NA,NA,NA,NA,NA,NA,NA,"@PHISun 4:25 PM",NA,NA,7,NA,NA,"2%",NA,NA,"1/1","1/1",NA,NA,NA,NA,NA,NA,NA,NA,NA,NA,NA,NA,NA,NA,NA
"Dominic Zvada","K","NYG",NA,NA,NA,NA,NA,NA,NA,NA,NA,NA,NA,NA,NA,4.76,NA,"20566","FleaFlicker","17736","FleaFlicker","K",NA,NA,NA,NA,NA,NA,1,1.5,NA,NA,NA,NA,NA,NA,NA,NA,NA,NA,1.8,1.8,NA,NA,NA,NA,NA,NA,NA,NA,NA,NA,NA,NA,NA,NA,NA,NA,NA,NA,"DALSun 8:20 PM",NA,NA,8,NA,NA,"5%",NA,NA,"1/1","1/1",NA,NA,NA,NA,NA,NA,NA,NA,NA,NA,NA,NA,NA,NA,NA
"Andre Szmyt","K","CLE",NA,NA,NA,NA,NA,NA,NA,NA,NA,NA,NA,NA,NA,4.66,NA,"18046","FleaFlicker","16419","FleaFlicker","K",NA,NA,NA,NA,NA,NA,1,1.7,NA,NA,NA,NA,NA,NA,NA,NA,NA,NA,1.7,1.7,NA,NA,NA,NA,NA,NA,NA,NA,NA,NA,NA,NA,NA,NA,NA,NA,NA,NA,"@JACSun 1:00 PM",NA,NA,1,NA,NA,"3%",NA,NA,"1/1","1/1",NA,NA,NA,NA,NA,NA,NA,NA,NA,NA,NA,NA,NA,NA,NA
"Jake Moody","K","BAL",NA,NA,NA,NA,NA,NA,NA,NA,NA,NA,NA,NA,NA,4.2,NA,"17665","FleaFlicker","16286","FleaFlicker","K",NA,NA,NA,NA,NA,NA,1,0.9,NA,NA,NA,NA,NA,NA,NA,NA,NA,NA,1.2,1.2,NA,NA,NA,NA,NA,NA,NA,NA,NA,NA,NA,NA,NA,NA,NA,NA,NA,NA,"@INDSun 1:00 PM",NA,NA,3,NA,NA,"3%",NA,NA,"0/0","1/1",NA,NA,NA,NA,NA,NA,NA,NA,NA,NA,NA,NA,NA,NA,NA
"Charlie Smyth","K","NO",NA,NA,NA,NA,NA,NA,NA,NA,NA,NA,NA,NA,NA,4.09,NA,"18354","FleaFlicker","17424","FleaFlicker","K",NA,NA,NA,NA,NA,NA,1,1,NA,NA,NA,NA,NA,NA,NA,NA,NA,NA,1.1,1.1,NA,NA,NA,NA,NA,NA,NA,NA,NA,NA,NA,NA,NA,NA,NA,NA,NA,NA,"@DETSun 1:00 PM",NA,NA,8,"K18",NA,"6%",NA,NA,"0/0","1/1",NA,NA,NA,NA,NA,NA,NA,NA,NA,NA,NA,NA,NA,NA,NA
"Jason Sanders","K","NYJ",NA,NA,NA,NA,NA,NA,NA,NA,NA,NA,NA,NA,NA,0,NA,"13977","FleaFlicker","13832","FleaFlicker","K",NA,NA,NA,NA,NA,NA,0,0,NA,NA,NA,NA,NA,NA,NA,NA,NA,NA,0,0,NA,NA,NA,NA,NA,NA,NA,NA,NA,NA,NA,NA,NA,NA,NA,NA,NA,NA,"@TENSun 1:00 PM",NA,NA,3,NA,NA,"5%",NA,NA,"0/0","0/0",NA,NA,NA,NA,NA,NA,NA,NA,NA,NA,NA,NA,NA,NA,NA
"Tennessee Titans","DST","TEN",NA,NA,NA,NA,NA,NA,NA,NA,NA,NA,NA,NA,NA,11.43,NA,"2358","FleaFlicker","0508","FleaFlicker","DST",NA,NA,NA,NA,NA,NA,NA,NA,NA,NA,NA,NA,NA,NA,NA,NA,NA,NA,NA,NA,0.8,NA,3.4,NA,0.6,0.8,0.1,20.4,NA,NA,NA,319.2,NA,NA,NA,NA,NA,NA,"NYJSun 1:00 PM",NA,NA,9,"D/ST26",NA,"17%",NA,NA,NA,NA,0,NA,NA,NA,NA,NA,NA,NA,NA,NA,NA,NA,NA,NA,NA
"Jacksonville Jaguars","DST","JAC",NA,NA,NA,NA,NA,NA,NA,NA,NA,NA,NA,NA,NA,11.36,NA,"2342","FleaFlicker","0509","FleaFlicker","DST",NA,NA,NA,NA,NA,NA,NA,NA,NA,NA,NA,NA,NA,NA,NA,NA,NA,NA,NA,NA,0.8,NA,3.2,NA,0.5,0.8,0.2,16.7,NA,NA,NA,284.1,NA,NA,NA,NA,NA,NA,"CLESun 1:00 PM",NA,NA,7,"D/ST9",NA,"86%",NA,NA,NA,NA,0,NA,NA,NA,NA,NA,NA,NA,NA,NA,NA,NA,NA,NA,NA
"Seattle Seahawks","DST","SEA",NA,NA,NA,NA,NA,NA,NA,NA,NA,NA,NA,NA,NA,11.23,NA,"2354","FleaFlicker","0515","FleaFlicker","DST",NA,NA,NA,NA,NA,NA,NA,NA,NA,NA,NA,NA,NA,NA,NA,NA,NA,NA,NA,NA,0.7,NA,3.1,NA,0.6,0.8,0.2,19.8,NA,NA,NA,333.4,NA,NA,NA,NA,NA,NA,"NEWed 8:20 PM",NA,NA,11,"D/ST4",NA,"98%",NA,NA,NA,NA,0,NA,NA,NA,NA,NA,NA,NA,NA,NA,NA,NA,NA,NA,NA
"Los Angeles Chargers","DST","LAC",NA,NA,NA,NA,NA,NA,NA,NA,NA,NA,NA,NA,NA,10.9,NA,"2353","FleaFlicker","0514","FleaFlicker","DST",NA,NA,NA,NA,NA,NA,NA,NA,NA,NA,NA,NA,NA,NA,NA,NA,NA,NA,NA,NA,0.7,NA,3.4,NA,0.5,0.6,0.2,18.8,NA,NA,NA,312.8,NA,NA,NA,NA,NA,NA,"ARISun 4:25 PM",NA,NA,7,"D/ST10",NA,"79%",NA,NA,NA,NA,0,NA,NA,NA,NA,NA,NA,NA,NA,NA,NA,NA,NA,NA,NA
"Detroit Lions","DST","DET",NA,NA,NA,NA,NA,NA,NA,NA,NA,NA,NA,NA,NA,10.78,NA,"2338","FleaFlicker","0522","FleaFlicker","DST",NA,NA,NA,NA,NA,NA,NA,NA,NA,NA,NA,NA,NA,NA,NA,NA,NA,NA,NA,NA,0.8,NA,3,NA,0.6,0.9,0.2,20.7,NA,NA,NA,326.2,NA,NA,NA,NA,NA,NA,"NOSun 1:00 PM",NA,NA,6,"D/ST14",NA,"51%",NA,NA,NA,NA,0,NA,NA,NA,NA,NA,NA,NA,NA,NA,NA,NA,NA,NA,NA
"Philadelphia Eagles","DST","PHI",NA,NA,NA,NA,NA,NA,NA,NA,NA,NA,NA,NA,NA,10.43,NA,"2351","FleaFlicker","0518","FleaFlicker","DST",NA,NA,NA,NA,NA,NA,NA,NA,NA,NA,NA,NA,NA,NA,NA,NA,NA,NA,NA,NA,0.7,NA,2.7,NA,0.6,0.9,0.2,19.5,NA,NA,NA,314.8,NA,NA,NA,NA,NA,NA,"WASSun 4:25 PM",NA,NA,10,"D/ST5",NA,"95%",NA,NA,NA,NA,0,NA,NA,NA,NA,NA,NA,NA,NA,NA,NA,NA,NA,NA,NA
"Houston Texans","DST","HOU",NA,NA,NA,NA,NA,NA,NA,NA,NA,NA,NA,NA,NA,10.35,NA,"2340","FleaFlicker","0532","FleaFlicker","DST",NA,NA,NA,NA,NA,NA,NA,NA,NA,NA,NA,NA,NA,NA,NA,NA,NA,NA,NA,NA,0.8,NA,2.5,NA,0.6,1,0.2,22.3,NA,NA,NA,346.2,NA,NA,NA,NA,NA,NA,"BUFSun 1:00 PM",NA,NA,8,"D/ST1",NA,"98%",NA,NA,NA,NA,0,NA,NA,NA,NA,NA,NA,NA,NA,NA,NA,NA,NA,NA,NA
"Pittsburgh Steelers","DST","PIT",NA,NA,NA,NA,NA,NA,NA,NA,NA,NA,NA,NA,NA,10.32,NA,"2352","FleaFlicker","0510","FleaFlicker","DST",NA,NA,NA,NA,NA,NA,NA,NA,NA,NA,NA,NA,NA,NA,NA,NA,NA,NA,NA,NA,0.8,NA,2.6,NA,0.6,1,0.1,18.7,NA,NA,NA,331.4,NA,NA,NA,NA,NA,NA,"ATLSun 1:00 PM",NA,NA,9,"D/ST7",NA,"94%",NA,NA,NA,NA,0,NA,NA,NA,NA,NA,NA,NA,NA,NA,NA,NA,NA,NA,NA
"Denver Broncos","DST","DEN",NA,NA,NA,NA,NA,NA,NA,NA,NA,NA,NA,NA,NA,10.23,NA,"2337","FleaFlicker","0511","FleaFlicker","DST",NA,NA,NA,NA,NA,NA,NA,NA,NA,NA,NA,NA,NA,NA,NA,NA,NA,NA,NA,NA,0.7,NA,3.1,NA,0.4,0.7,0.2,22.1,NA,NA,NA,314.3,NA,NA,NA,NA,NA,NA,"@KCMon 8:15 PM",NA,NA,10,"D/ST3",NA,"98%",NA,NA,NA,NA,0,NA,NA,NA,NA,NA,NA,NA,NA,NA,NA,NA,NA,NA,NA
"Las Vegas Raiders","DST","LV",NA,NA,NA,NA,NA,NA,NA,NA,NA,NA,NA,NA,NA,10.19,NA,"2350","FleaFlicker","0513","FleaFlicker","DST",NA,NA,NA,NA,NA,NA,NA,NA,NA,NA,NA,NA,NA,NA,NA,NA,NA,NA,NA,NA,0.7,NA,2.9,NA,0.6,0.8,0.1,19.1,NA,NA,NA,316.6,NA,NA,NA,NA,NA,NA,"MIASun 4:25 PM",NA,NA,13,NA,NA,"9%",NA,NA,NA,NA,0,NA,NA,NA,NA,NA,NA,NA,NA,NA,NA,NA,NA,NA,NA
"Green Bay Packers","DST","GB",NA,NA,NA,NA,NA,NA,NA,NA,NA,NA,NA,NA,NA,10.14,NA,"2339","FleaFlicker","0523","FleaFlicker","DST",NA,NA,NA,NA,NA,NA,NA,NA,NA,NA,NA,NA,NA,NA,NA,NA,NA,NA,NA,NA,0.8,NA,2.7,NA,0.5,0.8,0.2,22.5,NA,NA,NA,315.7,NA,NA,NA,NA,NA,NA,"@MINSun 4:25 PM",NA,NA,11,"D/ST13",NA,"46%",NA,NA,NA,NA,0,NA,NA,NA,NA,NA,NA,NA,NA,NA,NA,NA,NA,NA,NA
"Miami Dolphins","DST","MIA",NA,NA,NA,NA,NA,NA,NA,NA,NA,NA,NA,NA,NA,9.87,NA,"2344","FleaFlicker","0503","FleaFlicker","DST",NA,NA,NA,NA,NA,NA,NA,NA,NA,NA,NA,NA,NA,NA,NA,NA,NA,NA,NA,NA,0.7,NA,2.9,NA,0.5,0.7,0.1,22.2,NA,NA,NA,308.9,NA,NA,NA,NA,NA,NA,"@LVSun 4:25 PM",NA,NA,6,NA,NA,"6%",NA,NA,NA,NA,0,NA,NA,NA,NA,NA,NA,NA,NA,NA,NA,NA,NA,NA,NA
"Dallas Cowboys","DST","DAL",NA,NA,NA,NA,NA,NA,NA,NA,NA,NA,NA,NA,NA,9.61,NA,"2336","FleaFlicker","0516","FleaFlicker","DST",NA,NA,NA,NA,NA,NA,NA,NA,NA,NA,NA,NA,NA,NA,NA,NA,NA,NA,NA,NA,0.8,NA,2.8,NA,0.5,0.7,0.1,23.4,NA,NA,NA,339.4,NA,NA,NA,NA,NA,NA,"@NYGSun 8:20 PM",NA,NA,14,"D/ST22",NA,"24%",NA,NA,NA,NA,0,NA,NA,NA,NA,NA,NA,NA,NA,NA,NA,NA,NA,NA,NA
"Los Angeles Rams","DST","LAR",NA,NA,NA,NA,NA,NA,NA,NA,NA,NA,NA,NA,NA,9.6,NA,"2356","FleaFlicker","0528","FleaFlicker","DST",NA,NA,NA,NA,NA,NA,NA,NA,NA,NA,NA,NA,NA,NA,NA,NA,NA,NA,NA,NA,0.9,NA,2.3,NA,0.5,0.8,0.2,22.2,NA,NA,NA,344.1,NA,NA,NA,NA,NA,NA,"SFThu 8:35 PM",NA,NA,11,"D/ST2",NA,"97%",NA,NA,NA,NA,0,NA,NA,NA,NA,NA,NA,NA,NA,NA,NA,NA,NA,NA,NA
"New York Jets","DST","NYJ",NA,NA,NA,NA,NA,NA,NA,NA,NA,NA,NA,NA,NA,9.6,NA,"2349","FleaFlicker","0505","FleaFlicker","DST",NA,NA,NA,NA,NA,NA,NA,NA,NA,NA,NA,NA,NA,NA,NA,NA,NA,NA,NA,NA,0.5,NA,2.6,NA,0.6,0.9,0.1,21.4,NA,NA,NA,306.6,NA,NA,NA,NA,NA,NA,"@TENSun 1:00 PM",NA,NA,13,NA,NA,"8%",NA,NA,NA,NA,0,NA,NA,NA,NA,NA,NA,NA,NA,NA,NA,NA,NA,NA,NA
"Minnesota Vikings","DST","MIN",NA,NA,NA,NA,NA,NA,NA,NA,NA,NA,NA,NA,NA,9.47,NA,"2345","FleaFlicker","0524","FleaFlicker","DST",NA,NA,NA,NA,NA,NA,NA,NA,NA,NA,NA,NA,NA,NA,NA,NA,NA,NA,NA,NA,0.7,NA,2.5,NA,0.6,0.9,0.1,21.6,NA,NA,NA,323.4,NA,NA,NA,NA,NA,NA,"GBSun 4:25 PM",NA,NA,6,"D/ST8",NA,"84%",NA,NA,NA,NA,0,NA,NA,NA,NA,NA,NA,NA,NA,NA,NA,NA,NA,NA,NA
"Chicago Bears","DST","CHI",NA,NA,NA,NA,NA,NA,NA,NA,NA,NA,NA,NA,NA,9.45,NA,"2333","FleaFlicker","0521","FleaFlicker","DST",NA,NA,NA,NA,NA,NA,NA,NA,NA,NA,NA,NA,NA,NA,NA,NA,NA,NA,NA,NA,0.8,NA,2.2,NA,0.6,1,0.1,22.2,NA,NA,NA,326,NA,NA,NA,NA,NA,NA,"@CARSun 1:00 PM",NA,NA,10,"D/ST21",NA,"24%",NA,NA,NA,NA,0,NA,NA,NA,NA,NA,NA,NA,NA,NA,NA,NA,NA,NA,NA
"Arizona Cardinals","DST","ARI",NA,NA,NA,NA,NA,NA,NA,NA,NA,NA,NA,NA,NA,9.11,NA,"2328","FleaFlicker","0519","FleaFlicker","DST",NA,NA,NA,NA,NA,NA,NA,NA,NA,NA,NA,NA,NA,NA,NA,NA,NA,NA,NA,NA,0.6,NA,2.7,NA,0.5,0.7,0.1,28.5,NA,NA,NA,358.5,NA,NA,NA,NA,NA,NA,"@LACSun 4:25 PM",NA,NA,14,NA,NA,"5%",NA,NA,NA,NA,0,NA,NA,NA,NA,NA,NA,NA,NA,NA,NA,NA,NA,NA,NA
"Cincinnati Bengals","DST","CIN",NA,NA,NA,NA,NA,NA,NA,NA,NA,NA,NA,NA,NA,9.09,NA,"2334","FleaFlicker","0506","FleaFlicker","DST",NA,NA,NA,NA,NA,NA,NA,NA,NA,NA,NA,NA,NA,NA,NA,NA,NA,NA,NA,NA,0.8,NA,2.5,NA,0.5,0.7,0.1,23.4,NA,NA,NA,354.4,NA,NA,NA,NA,NA,NA,"TBSun 1:00 PM",NA,NA,6,NA,NA,"7%",NA,NA,NA,NA,0,NA,NA,NA,NA,NA,NA,NA,NA,NA,NA,NA,NA,NA,NA
"Baltimore Ravens","DST","BAL",NA,NA,NA,NA,NA,NA,NA,NA,NA,NA,NA,NA,NA,9.06,NA,"2330","FleaFlicker","0531","FleaFlicker","DST",NA,NA,NA,NA,NA,NA,NA,NA,NA,NA,NA,NA,NA,NA,NA,NA,NA,NA,NA,NA,0.7,NA,2.3,NA,0.5,0.8,0.1,22.1,NA,NA,NA,334.7,NA,NA,NA,NA,NA,NA,"@INDSun 1:00 PM",NA,NA,13,"D/ST11",NA,"76%",NA,NA,NA,NA,0,NA,NA,NA,NA,NA,NA,NA,NA,NA,NA,NA,NA,NA,NA
"Atlanta Falcons","DST","ATL",NA,NA,NA,NA,NA,NA,NA,NA,NA,NA,NA,NA,NA,9.03,NA,"2329","FleaFlicker","0526","FleaFlicker","DST",NA,NA,NA,NA,NA,NA,NA,NA,NA,NA,NA,NA,NA,NA,NA,NA,NA,NA,NA,NA,0.6,NA,2.6,NA,0.5,0.7,0.1,23.3,NA,NA,NA,322.5,NA,NA,NA,NA,NA,NA,"@PITSun 1:00 PM",NA,NA,11,"D/ST20",NA,"17%",NA,NA,NA,NA,0,NA,NA,NA,NA,NA,NA,NA,NA,NA,NA,NA,NA,NA,NA
"New England Patriots","DST","NE",NA,NA,NA,NA,NA,NA,NA,NA,NA,NA,NA,NA,NA,9,NA,"2346","FleaFlicker","0504","FleaFlicker","DST",NA,NA,NA,NA,NA,NA,NA,NA,NA,NA,NA,NA,NA,NA,NA,NA,NA,NA,NA,NA,0.8,NA,2.2,NA,0.6,0.9,0.1,24.4,NA,NA,NA,342.3,NA,NA,NA,NA,NA,NA,"@SEAWed 8:20 PM",NA,NA,11,"D/ST6",NA,"85%",NA,NA,NA,NA,0,NA,NA,NA,NA,NA,NA,NA,NA,NA,NA,NA,NA,NA,NA
"Indianapolis Colts","DST","IND",NA,NA,NA,NA,NA,NA,NA,NA,NA,NA,NA,NA,NA,8.94,NA,"2341","FleaFlicker","0502","FleaFlicker","DST",NA,NA,NA,NA,NA,NA,NA,NA,NA,NA,NA,NA,NA,NA,NA,NA,NA,NA,NA,NA,0.6,NA,2.5,NA,0.5,0.7,0.1,25.5,NA,NA,NA,361.1,NA,NA,NA,NA,NA,NA,"BALSun 1:00 PM",NA,NA,13,"D/ST19",NA,"15%",NA,NA,NA,NA,0,NA,NA,NA,NA,NA,NA,NA,NA,NA,NA,NA,NA,NA,NA
"Tampa Bay Buccaneers","DST","TB",NA,NA,NA,NA,NA,NA,NA,NA,NA,NA,NA,NA,NA,8.85,NA,"2357","FleaFlicker","0525","FleaFlicker","DST",NA,NA,NA,NA,NA,NA,NA,NA,NA,NA,NA,NA,NA,NA,NA,NA,NA,NA,NA,NA,0.7,NA,2.4,NA,0.5,0.7,0.1,26.9,NA,NA,NA,345.5,NA,NA,NA,NA,NA,NA,"@CINSun 1:00 PM",NA,NA,10,"D/ST24",NA,"16%",NA,NA,NA,NA,0,NA,NA,NA,NA,NA,NA,NA,NA,NA,NA,NA,NA,NA,NA
"Buffalo Bills","DST","BUF",NA,NA,NA,NA,NA,NA,NA,NA,NA,NA,NA,NA,NA,8.81,NA,"2331","FleaFlicker","0501","FleaFlicker","DST",NA,NA,NA,NA,NA,NA,NA,NA,NA,NA,NA,NA,NA,NA,NA,NA,NA,NA,NA,NA,0.7,NA,2.3,NA,0.5,0.7,0.1,22.8,NA,NA,NA,339,NA,NA,NA,NA,NA,NA,"@HOUSun 1:00 PM",NA,NA,7,"D/ST15",NA,"34%",NA,NA,NA,NA,0,NA,NA,NA,NA,NA,NA,NA,NA,NA,NA,NA,NA,NA,NA
"New York Giants","DST","NYG",NA,NA,NA,NA,NA,NA,NA,NA,NA,NA,NA,NA,NA,8.58,NA,"2348","FleaFlicker","0517","FleaFlicker","DST",NA,NA,NA,NA,NA,NA,NA,NA,NA,NA,NA,NA,NA,NA,NA,NA,NA,NA,NA,NA,0.7,NA,2.1,NA,0.5,0.7,0.1,26,NA,NA,NA,378.4,NA,NA,NA,NA,NA,NA,"DALSun 8:20 PM",NA,NA,8,"D/ST23",NA,"11%",NA,NA,NA,NA,0,NA,NA,NA,NA,NA,NA,NA,NA,NA,NA,NA,NA,NA,NA
"Cleveland Browns","DST","CLE",NA,NA,NA,NA,NA,NA,NA,NA,NA,NA,NA,NA,NA,8.37,NA,"2335","FleaFlicker","0507","FleaFlicker","DST",NA,NA,NA,NA,NA,NA,NA,NA,NA,NA,NA,NA,NA,NA,NA,NA,NA,NA,NA,NA,0.7,NA,2.3,NA,0.5,0.7,0.1,24.3,NA,NA,NA,327.3,NA,NA,NA,NA,NA,NA,"@JACSun 1:00 PM",NA,NA,11,"D/ST16",NA,"33%",NA,NA,NA,NA,0,NA,NA,NA,NA,NA,NA,NA,NA,NA,NA,NA,NA,NA,NA
"New Orleans Saints","DST","NO",NA,NA,NA,NA,NA,NA,NA,NA,NA,NA,NA,NA,NA,8.22,NA,"2347","FleaFlicker","0529","FleaFlicker","DST",NA,NA,NA,NA,NA,NA,NA,NA,NA,NA,NA,NA,NA,NA,NA,NA,NA,NA,NA,NA,0.6,NA,2.4,NA,0.4,0.6,0.1,28.2,NA,NA,NA,369.9,NA,NA,NA,NA,NA,NA,"@DETSun 1:00 PM",NA,NA,8,"D/ST17",NA,"16%",NA,NA,NA,NA,0,NA,NA,NA,NA,NA,NA,NA,NA,NA,NA,NA,NA,NA,NA
"Washington Commanders","DST","WAS",NA,NA,NA,NA,NA,NA,NA,NA,NA,NA,NA,NA,NA,8.15,NA,"2359","FleaFlicker","0520","FleaFlicker","DST",NA,NA,NA,NA,NA,NA,NA,NA,NA,NA,NA,NA,NA,NA,NA,NA,NA,NA,NA,NA,0.5,NA,2.4,NA,0.4,0.7,0.1,25.7,NA,NA,NA,352.7,NA,NA,NA,NA,NA,NA,"@PHISun 4:25 PM",NA,NA,7,NA,NA,"8%",NA,NA,NA,NA,0,NA,NA,NA,NA,NA,NA,NA,NA,NA,NA,NA,NA,NA,NA
"Kansas City Chiefs","DST","KC",NA,NA,NA,NA,NA,NA,NA,NA,NA,NA,NA,NA,NA,8.01,NA,"2343","FleaFlicker","0512","FleaFlicker","DST",NA,NA,NA,NA,NA,NA,NA,NA,NA,NA,NA,NA,NA,NA,NA,NA,NA,NA,NA,NA,0.7,NA,1.9,NA,0.5,0.7,0.2,20.1,NA,NA,NA,325.3,NA,NA,NA,NA,NA,NA,"DENMon 8:15 PM",NA,NA,5,"D/ST12",NA,"40%",NA,NA,NA,NA,0,NA,NA,NA,NA,NA,NA,NA,NA,NA,NA,NA,NA,NA,NA
"San Francisco 49ers","DST","SF",NA,NA,NA,NA,NA,NA,NA,NA,NA,NA,NA,NA,NA,7.21,NA,"2355","FleaFlicker","0530","FleaFlicker","DST",NA,NA,NA,NA,NA,NA,NA,NA,NA,NA,NA,NA,NA,NA,NA,NA,NA,NA,NA,NA,0.6,NA,1.7,NA,0.5,0.8,0.1,26.4,NA,NA,NA,370,NA,NA,NA,NA,NA,NA,"@LARThu 8:35 PM",NA,NA,8,"D/ST18",NA,"22%",NA,NA,NA,NA,0,NA,NA,NA,NA,NA,NA,NA,NA,NA,NA,NA,NA,NA,NA
"Carolina Panthers","DST","CAR",NA,NA,NA,NA,NA,NA,NA,NA,NA,NA,NA,NA,NA,7.2,NA,"2332","FleaFlicker","0527","FleaFlicker","DST",NA,NA,NA,NA,NA,NA,NA,NA,NA,NA,NA,NA,NA,NA,NA,NA,NA,NA,NA,NA,0.6,NA,2,NA,0.4,0.5,0.1,24.6,NA,NA,NA,364.1,NA,NA,NA,NA,NA,NA,"CHISun 1:00 PM",NA,NA,5,"D/ST25",NA,"6%",NA,NA,NA,NA,0,NA,NA,NA,NA,NA,NA,NA,NA,NA,NA,NA,NA,NA,NA
"Justin Herbert","QB","LAC",NA,31.56,20.88,229.06,NA,1.98,0.52,NA,6.03,24.76,NA,0.31,NA,20.66,NA,"54537","FanDuel","14779","NumberFire","QB",0,0,0,NA,NA,0,NA,NA,NA,NA,NA,NA,NA,NA,NA,NA,NA,NA,NA,NA,NA,NA,NA,NA,NA,NA,NA,NA,NA,NA,NA,NA,NA,NA,NA,NA,NA,NA,NA,NA,NA,NA,NA,NA,NA,NA,NA,NA,NA,NA,1,1,22,34,"Los Angeles Chargers",34,"Los Angeles Chargers","LAC",1,"Arizona Cardinals","ARI","WEEKLY",NA,NA
"Joe Burrow","QB","CIN",NA,34.81,23.25,255.66,NA,2.19,0.64,NA,2.58,10.87,NA,0.13,NA,20.01,NA,"54499","FanDuel","14777","NumberFire","QB",0,0,0,NA,NA,0,NA,NA,NA,NA,NA,NA,NA,NA,NA,NA,NA,NA,NA,NA,NA,NA,NA,NA,NA,NA,NA,NA,NA,NA,NA,NA,NA,NA,NA,NA,NA,NA,NA,NA,NA,NA,NA,NA,NA,NA,NA,NA,NA,NA,2,2,13,7,"Cincinnati Bengals",7,"Cincinnati Bengals","CIN",30,"Tampa Bay Buccaneers","TB","WEEKLY",NA,NA
"Dak Prescott","QB","DAL",NA,35.13,23.37,260.09,NA,1.82,0.74,NA,4.09,18.3,NA,0.25,NA,20.01,NA,"53101","FanDuel","12620","NumberFire","QB",0,0,0,NA,NA,0,NA,NA,NA,NA,NA,NA,NA,NA,NA,NA,NA,NA,NA,NA,NA,NA,NA,NA,NA,NA,NA,NA,NA,NA,NA,NA,NA,NA,NA,NA,NA,NA,NA,NA,NA,NA,NA,NA,NA,NA,NA,NA,NA,NA,2,2,28,9,"Dallas Cowboys",21,"New York Giants","NYG",9,"Dallas Cowboys","DAL","WEEKLY",NA,NA
"Jalen Hurts","QB","PHI",NA,30.58,19.85,228.13,NA,1.49,0.58,NA,6.1,28.16,NA,0.46,NA,19.78,NA,"54662","FanDuel","14783","NumberFire","QB",0,0,0,NA,NA,0,NA,NA,NA,NA,NA,NA,NA,NA,NA,NA,NA,NA,NA,NA,NA,NA,NA,NA,NA,NA,NA,NA,NA,NA,NA,NA,NA,NA,NA,NA,NA,NA,NA,NA,NA,NA,NA,NA,NA,NA,NA,NA,NA,NA,4,4,11,24,"Philadelphia Eagles",24,"Philadelphia Eagles","PHI",32,"Washington Commanders","WSH","WEEKLY",NA,NA
"Kyler Murray","QB","MIN",NA,32.09,21.57,207.06,NA,1.52,0.69,NA,7.25,39.08,NA,0.45,NA,19.74,NA,"54125","FanDuel","14056","NumberFire","QB",0,0,0,NA,NA,0,NA,NA,NA,NA,NA,NA,NA,NA,NA,NA,NA,NA,NA,NA,NA,NA,NA,NA,NA,NA,NA,NA,NA,NA,NA,NA,NA,NA,NA,NA,NA,NA,NA,NA,NA,NA,NA,NA,NA,NA,NA,NA,NA,NA,5,5,27,18,"Minnesota Vikings",18,"Minnesota Vikings","MIN",12,"Green Bay Packers","GB","WEEKLY",NA,NA
"Lamar Jackson","QB","BAL",NA,27.93,17.79,222.8,NA,1.65,0.54,NA,7.04,39.66,NA,0.2,NA,19.7,NA,"53773","FanDuel","13593","NumberFire","QB",0,0,0,NA,NA,0,NA,NA,NA,NA,NA,NA,NA,NA,NA,NA,NA,NA,NA,NA,NA,NA,NA,NA,NA,NA,NA,NA,NA,NA,NA,NA,NA,NA,NA,NA,NA,NA,NA,NA,NA,NA,NA,NA,NA,NA,NA,NA,NA,NA,6,6,25,3,"Baltimore Ravens",14,"Indianapolis Colts","IND",3,"Baltimore Ravens","BAL","WEEKLY",NA,NA
"Josh Allen","QB","BUF",NA,29.79,19.63,221.15,NA,1.21,0.71,NA,6.34,34.64,NA,0.49,NA,19.16,NA,"53775","FanDuel","13589","NumberFire","QB",0,0,0,NA,NA,0,NA,NA,NA,NA,NA,NA,NA,NA,NA,NA,NA,NA,NA,NA,NA,NA,NA,NA,NA,NA,NA,NA,NA,NA,NA,NA,NA,NA,NA,NA,NA,NA,NA,NA,NA,NA,NA,NA,NA,NA,NA,NA,NA,NA,7,7,14,4,"Buffalo Bills",13,"Houston Texans","HOU",4,"Buffalo Bills","BUF","WEEKLY",NA,NA
"Trevor Lawrence","QB","JAC",NA,32.26,20.01,224.03,NA,1.47,0.68,NA,6.73,28.55,NA,0.34,NA,18.68,NA,"54869","FanDuel","15237","NumberFire","QB",0,0,0,NA,NA,0,NA,NA,NA,NA,NA,NA,NA,NA,NA,NA,NA,NA,NA,NA,NA,NA,NA,NA,NA,NA,NA,NA,NA,NA,NA,NA,NA,NA,NA,NA,NA,NA,NA,NA,NA,NA,NA,NA,NA,NA,NA,NA,NA,NA,8,8,7,15,"Jacksonville Jaguars",15,"Jacksonville Jaguars","JAC",8,"Cleveland Browns","CLE","WEEKLY",NA,NA
"Jared Goff","QB","DET",NA,33.54,22.29,251.43,NA,2.12,0.54,NA,1.25,4.41,NA,0.05,NA,18.54,NA,"53082","FanDuel","12611","NumberFire","QB",0,0,0,NA,NA,0,NA,NA,NA,NA,NA,NA,NA,NA,NA,NA,NA,NA,NA,NA,NA,NA,NA,NA,NA,NA,NA,NA,NA,NA,NA,NA,NA,NA,NA,NA,NA,NA,NA,NA,NA,NA,NA,NA,NA,NA,NA,NA,NA,NA,9,9,18,11,"Detroit Lions",11,"Detroit Lions","DET",20,"New Orleans Saints","NO","WEEKLY",NA,NA
"Matthew Stafford","QB","LA",NA,36.06,23.86,273.15,NA,1.95,0.75,NA,1.07,3.71,NA,0.03,NA,18.47,NA,"46","FanDuel","9431","NumberFire","QB",0,0,0,NA,NA,0,NA,NA,NA,NA,NA,NA,NA,NA,NA,NA,NA,NA,NA,NA,NA,NA,NA,NA,NA,NA,NA,NA,NA,NA,NA,NA,NA,NA,NA,NA,NA,NA,NA,NA,NA,NA,NA,NA,NA,NA,NA,NA,NA,NA,10,10,17,33,"Los Angeles Rams",33,"Los Angeles Rams","LA",27,"San Francisco 49ers","SF","WEEKLY",NA,NA
"Brock Purdy","QB","SF",NA,33.01,22.26,249.26,NA,1.6,0.8,NA,4.51,19.59,NA,0.17,NA,18.25,NA,"55455","FanDuel","15698","NumberFire","QB",0,0,0,NA,NA,0,NA,NA,NA,NA,NA,NA,NA,NA,NA,NA,NA,NA,NA,NA,NA,NA,NA,NA,NA,NA,NA,NA,NA,NA,NA,NA,NA,NA,NA,NA,NA,NA,NA,NA,NA,NA,NA,NA,NA,NA,NA,NA,NA,NA,11,11,24,27,"San Francisco 49ers",33,"Los Angeles Rams","LA",27,"San Francisco 49ers","SF","WEEKLY",NA,NA
"Drake Maye","QB","NE",NA,31.52,21.57,248.15,NA,1.36,0.67,NA,5.51,25.83,NA,0.21,NA,18.14,NA,"55921","FanDuel","16580","NumberFire","QB",0,0,0,NA,NA,0,NA,NA,NA,NA,NA,NA,NA,NA,NA,NA,NA,NA,NA,NA,NA,NA,NA,NA,NA,NA,NA,NA,NA,NA,NA,NA,NA,NA,NA,NA,NA,NA,NA,NA,NA,NA,NA,NA,NA,NA,NA,NA,NA,NA,12,12,16,19,"New England Patriots",28,"Seattle Seahawks","SEA",19,"New England Patriots","NE","WEEKLY",NA,NA
"Caleb Williams","QB","CHI",NA,33.18,20.36,233.8,NA,1.61,0.55,NA,3.82,17.05,NA,0.18,NA,17.92,NA,"55912","FanDuel","16579","NumberFire","QB",0.07,0.04,0.14,NA,NA,0.02,NA,NA,NA,NA,NA,NA,NA,NA,NA,NA,NA,NA,NA,NA,NA,NA,NA,NA,NA,NA,NA,NA,NA,NA,NA,NA,NA,NA,NA,NA,NA,NA,NA,NA,NA,NA,NA,NA,NA,NA,NA,NA,NA,NA,13,13,21,6,"Chicago Bears",5,"Carolina Panthers","CAR",6,"Chicago Bears","CHI","WEEKLY",NA,NA
"Jaxson Dart","QB","NYG",NA,31.29,20.52,225.37,NA,1.39,0.78,NA,5.06,22.86,NA,0.31,NA,17.7,NA,"56263","FanDuel","17032","NumberFire","QB",0,0,0,NA,NA,0,NA,NA,NA,NA,NA,NA,NA,NA,NA,NA,NA,NA,NA,NA,NA,NA,NA,NA,NA,NA,NA,NA,NA,NA,NA,NA,NA,NA,NA,NA,NA,NA,NA,NA,NA,NA,NA,NA,NA,NA,NA,NA,NA,NA,14,14,29,21,"New York Giants",21,"New York Giants","NYG",9,"Dallas Cowboys","DAL","WEEKLY",NA,NA
"Baker Mayfield","QB","TB",NA,33.16,21.24,238.31,NA,1.75,0.77,NA,3.7,16.27,NA,0.12,NA,17.61,NA,"53777","FanDuel","13590","NumberFire","QB",0,0,0,NA,NA,0,NA,NA,NA,NA,NA,NA,NA,NA,NA,NA,NA,NA,NA,NA,NA,NA,NA,NA,NA,NA,NA,NA,NA,NA,NA,NA,NA,NA,NA,NA,NA,NA,NA,NA,NA,NA,NA,NA,NA,NA,NA,NA,NA,NA,15,15,26,30,"Tampa Bay Buccaneers",7,"Cincinnati Bengals","CIN",30,"Tampa Bay Buccaneers","TB","WEEKLY",NA,NA
"Sam Darnold","QB","SEA",NA,31.02,20.86,242.91,NA,1.69,0.83,NA,2.16,8.91,NA,0.08,NA,16.76,NA,"53786","FanDuel","13592","NumberFire","QB",0,0,0,NA,NA,0,NA,NA,NA,NA,NA,NA,NA,NA,NA,NA,NA,NA,NA,NA,NA,NA,NA,NA,NA,NA,NA,NA,NA,NA,NA,NA,NA,NA,NA,NA,NA,NA,NA,NA,NA,NA,NA,NA,NA,NA,NA,NA,NA,NA,16,17,4,28,"Seattle Seahawks",28,"Seattle Seahawks","SEA",19,"New England Patriots","NE","WEEKLY",NA,NA
"Daniel Jones","QB","IND",NA,33.84,22.5,255.16,NA,1.23,0.7,NA,3.03,14.35,NA,0.15,NA,16.54,NA,"54168","FanDuel","14059","NumberFire","QB",0,0,0,NA,NA,0,NA,NA,NA,NA,NA,NA,NA,NA,NA,NA,NA,NA,NA,NA,NA,NA,NA,NA,NA,NA,NA,NA,NA,NA,NA,NA,NA,NA,NA,NA,NA,NA,NA,NA,NA,NA,NA,NA,NA,NA,NA,NA,NA,NA,17,22,2,14,"Indianapolis Colts",14,"Indianapolis Colts","IND",3,"Baltimore Ravens","BAL","WEEKLY",NA,NA
"Patrick Mahomes","QB","KC",NA,29.89,18.32,202.04,NA,1.39,0.58,NA,4.75,23.36,NA,0.21,NA,16.54,NA,"53432","FanDuel","13116","NumberFire","QB",0,0,0,NA,NA,0,NA,NA,NA,NA,NA,NA,NA,NA,NA,NA,NA,NA,NA,NA,NA,NA,NA,NA,NA,NA,NA,NA,NA,NA,NA,NA,NA,NA,NA,NA,NA,NA,NA,NA,NA,NA,NA,NA,NA,NA,NA,NA,NA,NA,17,22,6,16,"Kansas City Chiefs",16,"Kansas City Chiefs","KC",10,"Denver Broncos","DEN","WEEKLY",NA,NA
"Jordan Love","QB","GB",NA,30.77,20.05,229.8,NA,1.61,0.63,NA,2.25,9.84,NA,0.09,NA,16.23,NA,"54886","FanDuel","14782","NumberFire","QB",0,0,0,NA,NA,0,NA,NA,NA,NA,NA,NA,NA,NA,NA,NA,NA,NA,NA,NA,NA,NA,NA,NA,NA,NA,NA,NA,NA,NA,NA,NA,NA,NA,NA,NA,NA,NA,NA,NA,NA,NA,NA,NA,NA,NA,NA,NA,NA,NA,19,26,12,12,"Green Bay Packers",18,"Minnesota Vikings","MIN",12,"Green Bay Packers","GB","WEEKLY",NA,NA
"Bryce Young","QB","CAR",NA,31.27,20.27,212.15,NA,1.37,0.66,NA,4.04,19.43,NA,0.22,NA,16.21,NA,"55588","FanDuel","16148","NumberFire","QB",0,0,0,NA,NA,0,NA,NA,NA,NA,NA,NA,NA,NA,NA,NA,NA,NA,NA,NA,NA,NA,NA,NA,NA,NA,NA,NA,NA,NA,NA,NA,NA,NA,NA,NA,NA,NA,NA,NA,NA,NA,NA,NA,NA,NA,NA,NA,NA,NA,20,27,19,5,"Carolina Panthers",5,"Carolina Panthers","CAR",6,"Chicago Bears","CHI","WEEKLY",NA,NA
"Jayden Daniels","QB","WSH",NA,29.36,17.6,191.82,NA,1.07,0.71,NA,6.65,31.62,NA,0.29,NA,16.02,NA,"55928","FanDuel","16581","NumberFire","QB",0,0,0,NA,NA,0,NA,NA,NA,NA,NA,NA,NA,NA,NA,NA,NA,NA,NA,NA,NA,NA,NA,NA,NA,NA,NA,NA,NA,NA,NA,NA,NA,NA,NA,NA,NA,NA,NA,NA,NA,NA,NA,NA,NA,NA,NA,NA,NA,NA,21,29,5,32,"Washington Commanders",24,"Philadelphia Eagles","PHI",32,"Washington Commanders","WSH","WEEKLY",NA,NA
"Tyler Shough","QB","NO",NA,32.44,21.29,235.26,NA,1.46,0.66,NA,2.18,9.14,NA,0.1,NA,15.92,NA,"56271","FanDuel","17039","NumberFire","QB",0,0,0,NA,NA,0,NA,NA,NA,NA,NA,NA,NA,NA,NA,NA,NA,NA,NA,NA,NA,NA,NA,NA,NA,NA,NA,NA,NA,NA,NA,NA,NA,NA,NA,NA,NA,NA,NA,NA,NA,NA,NA,NA,NA,NA,NA,NA,NA,NA,22,32,31,20,"New Orleans Saints",11,"Detroit Lions","DET",20,"New Orleans Saints","NO","WEEKLY",NA,NA
"Bo Nix","QB","DEN",NA,32.26,20.91,212.3,NA,1.19,0.65,NA,4.12,19.8,NA,0.21,NA,15.78,NA,"55913","FanDuel","16582","NumberFire","QB",0,0,0,NA,NA,0,NA,NA,NA,NA,NA,NA,NA,NA,NA,NA,NA,NA,NA,NA,NA,NA,NA,NA,NA,NA,NA,NA,NA,NA,NA,NA,NA,NA,NA,NA,NA,NA,NA,NA,NA,NA,NA,NA,NA,NA,NA,NA,NA,NA,23,34,23,10,"Denver Broncos",16,"Kansas City Chiefs","KC",10,"Denver Broncos","DEN","WEEKLY",NA,NA
"Jacoby Brissett","QB","ARI",NA,34.44,21.93,234.25,NA,1.17,0.51,NA,3.75,15.99,NA,0.17,NA,15.74,NA,"53222","FanDuel","12616","NumberFire","QB",0,0,0,NA,NA,0,NA,NA,NA,NA,NA,NA,NA,NA,NA,NA,NA,NA,NA,NA,NA,NA,NA,NA,NA,NA,NA,NA,NA,NA,NA,NA,NA,NA,NA,NA,NA,NA,NA,NA,NA,NA,NA,NA,NA,NA,NA,NA,NA,NA,24,35,1,1,"Arizona Cardinals",34,"Los Angeles Chargers","LAC",1,"Arizona Cardinals","ARI","WEEKLY",NA,NA
"Malik Willis","QB","MIA",NA,28.89,19.4,206.91,NA,0.97,0.75,NA,5.41,27.47,NA,0.26,NA,15.25,NA,"55391","FanDuel","15694","NumberFire","QB",0,0,0,NA,NA,0,NA,NA,NA,NA,NA,NA,NA,NA,NA,NA,NA,NA,NA,NA,NA,NA,NA,NA,NA,NA,NA,NA,NA,NA,NA,NA,NA,NA,NA,NA,NA,NA,NA,NA,NA,NA,NA,NA,NA,NA,NA,NA,NA,NA,25,36,10,17,"Miami Dolphins",35,"Las Vegas Raiders","LV",17,"Miami Dolphins","MIA","WEEKLY",NA,NA
"Aaron Rodgers","QB","PIT",NA,31.32,20.3,214.49,NA,1.59,0.46,NA,1.03,5.02,NA,0.05,NA,15.14,NA,"10","FanDuel","7836","NumberFire","QB",0,0,0,NA,NA,0,NA,NA,NA,NA,NA,NA,NA,NA,NA,NA,NA,NA,NA,NA,NA,NA,NA,NA,NA,NA,NA,NA,NA,NA,NA,NA,NA,NA,NA,NA,NA,NA,NA,NA,NA,NA,NA,NA,NA,NA,NA,NA,NA,NA,26,38,30,25,"Pittsburgh Steelers",25,"Pittsburgh Steelers","PIT",2,"Atlanta Falcons","ATL","WEEKLY",NA,NA
"C.J. Stroud","QB","HOU",NA,33.64,21.24,230.43,NA,1.22,0.63,NA,2.42,11.53,NA,0.1,NA,15.1,NA,"55619","FanDuel","16150","NumberFire","QB",0,0,0,NA,NA,0,NA,NA,NA,NA,NA,NA,NA,NA,NA,NA,NA,NA,NA,NA,NA,NA,NA,NA,NA,NA,NA,NA,NA,NA,NA,NA,NA,NA,NA,NA,NA,NA,NA,NA,NA,NA,NA,NA,NA,NA,NA,NA,NA,NA,27,39,3,13,"Houston Texans",13,"Houston Texans","HOU",4,"Buffalo Bills","BUF","WEEKLY",NA,NA
"Cam Ward","QB","TEN",NA,30.71,19.04,197.49,NA,1.51,0.59,NA,2.77,12.1,NA,0.07,NA,14.7,NA,"56245","FanDuel","17030","NumberFire","QB",0,0,0,NA,NA,0,NA,NA,NA,NA,NA,NA,NA,NA,NA,NA,NA,NA,NA,NA,NA,NA,NA,NA,NA,NA,NA,NA,NA,NA,NA,NA,NA,NA,NA,NA,NA,NA,NA,NA,NA,NA,NA,NA,NA,NA,NA,NA,NA,NA,28,42,9,31,"Tennessee Titans",31,"Tennessee Titans","TEN",22,"New York Jets","NYJ","WEEKLY",NA,NA
"Geno Smith","QB","NYJ",NA,25.95,17.6,188.97,NA,0.98,0.64,NA,4.03,17.58,NA,0.13,NA,13.06,NA,"52081","FanDuel","11150","NumberFire","QB",0,0,0,NA,NA,0,NA,NA,NA,NA,NA,NA,NA,NA,NA,NA,NA,NA,NA,NA,NA,NA,NA,NA,NA,NA,NA,NA,NA,NA,NA,NA,NA,NA,NA,NA,NA,NA,NA,NA,NA,NA,NA,NA,NA,NA,NA,NA,NA,NA,29,51,8,22,"New York Jets",31,"Tennessee Titans","TEN",22,"New York Jets","NYJ","WEEKLY",NA,NA
"Tua Tagovailoa","QB","ATL",NA,29.91,19.92,209.67,NA,1.17,0.73,NA,1.71,6.84,NA,0.07,NA,12.88,NA,"54530","FanDuel","14778","NumberFire","QB",0,0,0,NA,NA,0,NA,NA,NA,NA,NA,NA,NA,NA,NA,NA,NA,NA,NA,NA,NA,NA,NA,NA,NA,NA,NA,NA,NA,NA,NA,NA,NA,NA,NA,NA,NA,NA,NA,NA,NA,NA,NA,NA,NA,NA,NA,NA,NA,NA,30,53,20,2,"Atlanta Falcons",25,"Pittsburgh Steelers","PIT",2,"Atlanta Falcons","ATL","WEEKLY",NA,NA
"Deshaun Watson","QB","CLE",NA,29.15,18.34,176.75,NA,0.9,0.61,NA,3.44,16.7,NA,0.12,NA,12.09,NA,"53433","FanDuel","13113","NumberFire","QB",0,0,0,NA,NA,0,NA,NA,NA,NA,NA,NA,NA,NA,NA,NA,NA,NA,NA,NA,NA,NA,NA,NA,NA,NA,NA,NA,NA,NA,NA,NA,NA,NA,NA,NA,NA,NA,NA,NA,NA,NA,NA,NA,NA,NA,NA,NA,NA,NA,31,57,15,8,"Cleveland Browns",15,"Jacksonville Jaguars","JAC",8,"Cleveland Browns","CLE","WEEKLY",NA,NA
"Fernando Mendoza","QB","LV",NA,15.17,10.09,104.25,NA,0.63,0.4,NA,1.37,6.15,NA,0.07,NA,7.19,NA,"56624","FanDuel","17462","NumberFire","QB",0,0,0,NA,NA,0,NA,NA,NA,NA,NA,NA,NA,NA,NA,NA,NA,NA,NA,NA,NA,NA,NA,NA,NA,NA,NA,NA,NA,NA,NA,NA,NA,NA,NA,NA,NA,NA,NA,NA,NA,NA,NA,NA,NA,NA,NA,NA,NA,NA,32,130,32,35,"Las Vegas Raiders",35,"Las Vegas Raiders","LV",17,"Miami Dolphins","MIA","WEEKLY",NA,NA
"Kirk Cousins","QB","LV",NA,15.44,10.11,109.46,NA,0.75,0.3,NA,0.27,1.07,NA,0.01,NA,7.09,NA,"4490","FanDuel","10700","NumberFire","QB",0,0,0,NA,NA,0,NA,NA,NA,NA,NA,NA,NA,NA,NA,NA,NA,NA,NA,NA,NA,NA,NA,NA,NA,NA,NA,NA,NA,NA,NA,NA,NA,NA,NA,NA,NA,NA,NA,NA,NA,NA,NA,NA,NA,NA,NA,NA,NA,NA,33,131,32,35,"Las Vegas Raiders",35,"Las Vegas Raiders","LV",17,"Miami Dolphins","MIA","WEEKLY",NA,NA
"Shedeur Sanders","QB","CLE",NA,0.93,0.56,6.17,NA,0.03,0.02,NA,0,0,NA,0,NA,0.35,NA,"56274","FanDuel","17031","NumberFire","QB",0,0,0,NA,NA,0,NA,NA,NA,NA,NA,NA,NA,NA,NA,NA,NA,NA,NA,NA,NA,NA,NA,NA,NA,NA,NA,NA,NA,NA,NA,NA,NA,NA,NA,NA,NA,NA,NA,NA,NA,NA,NA,NA,NA,NA,NA,NA,NA,NA,34,400,15,8,"Cleveland Browns",15,"Jacksonville Jaguars","JAC",8,"Cleveland Browns","CLE","WEEKLY",NA,NA
"Jameis Winston","QB","NYG",NA,0.65,0.41,4.9,NA,0.03,0.02,NA,0,0,NA,0,NA,0.3,NA,"52774","FanDuel","12140","NumberFire","QB",0,0,0,NA,NA,0,NA,NA,NA,NA,NA,NA,NA,NA,NA,NA,NA,NA,NA,NA,NA,NA,NA,NA,NA,NA,NA,NA,NA,NA,NA,NA,NA,NA,NA,NA,NA,NA,NA,NA,NA,NA,NA,NA,NA,NA,NA,NA,NA,NA,35,406,29,21,"New York Giants",21,"New York Giants","NYG",9,"Dallas Cowboys","DAL","WEEKLY",NA,NA
"Ty Simpson","QB","LA",NA,0.72,0.47,4.83,NA,0.03,0.02,NA,0,0,NA,0,NA,0.29,NA,"56633","FanDuel","17463","NumberFire","QB",0,0,0,NA,NA,0,NA,NA,NA,NA,NA,NA,NA,NA,NA,NA,NA,NA,NA,NA,NA,NA,NA,NA,NA,NA,NA,NA,NA,NA,NA,NA,NA,NA,NA,NA,NA,NA,NA,NA,NA,NA,NA,NA,NA,NA,NA,NA,NA,NA,36,407,17,33,"Los Angeles Rams",33,"Los Angeles Rams","LA",27,"San Francisco 49ers","SF","WEEKLY",NA,NA
"Anthony Richardson","QB","IND",NA,0.69,0.37,4.78,NA,0.03,0.02,NA,0,0,NA,0,NA,0.29,NA,"55623","FanDuel","16152","NumberFire","QB",0,0,0,NA,NA,0,NA,NA,NA,NA,NA,NA,NA,NA,NA,NA,NA,NA,NA,NA,NA,NA,NA,NA,NA,NA,NA,NA,NA,NA,NA,NA,NA,NA,NA,NA,NA,NA,NA,NA,NA,NA,NA,NA,NA,NA,NA,NA,NA,NA,36,407,2,14,"Indianapolis Colts",14,"Indianapolis Colts","IND",3,"Baltimore Ravens","BAL","WEEKLY",NA,NA
"Joe Flacco","QB","CIN",NA,0.72,0.45,4.73,NA,0.03,0.02,NA,0,0,NA,0,NA,0.29,NA,"15","FanDuel","9064","NumberFire","QB",0,0,0,NA,NA,0,NA,NA,NA,NA,NA,NA,NA,NA,NA,NA,NA,NA,NA,NA,NA,NA,NA,NA,NA,NA,NA,NA,NA,NA,NA,NA,NA,NA,NA,NA,NA,NA,NA,NA,NA,NA,NA,NA,NA,NA,NA,NA,NA,NA,36,407,13,7,"Cincinnati Bengals",7,"Cincinnati Bengals","CIN",30,"Tampa Bay Buccaneers","TB","WEEKLY",NA,NA
"Andy Dalton","QB","PHI",NA,0.62,0.4,4.64,NA,0.03,0.02,NA,0,0,NA,0,NA,0.29,NA,"4319","FanDuel","10313","NumberFire","QB",0,0,0,NA,NA,0,NA,NA,NA,NA,NA,NA,NA,NA,NA,NA,NA,NA,NA,NA,NA,NA,NA,NA,NA,NA,NA,NA,NA,NA,NA,NA,NA,NA,NA,NA,NA,NA,NA,NA,NA,NA,NA,NA,NA,NA,NA,NA,NA,NA,36,407,11,24,"Philadelphia Eagles",24,"Philadelphia Eagles","PHI",32,"Washington Commanders","WSH","WEEKLY",NA,NA
"Tyson Bagent","QB","CHI",NA,0.68,0.44,4.51,NA,0.03,0.02,NA,0,0,NA,0,NA,0.28,NA,"55807","FanDuel","16384","NumberFire","QB",0,0,0,NA,NA,0,NA,NA,NA,NA,NA,NA,NA,NA,NA,NA,NA,NA,NA,NA,NA,NA,NA,NA,NA,NA,NA,NA,NA,NA,NA,NA,NA,NA,NA,NA,NA,NA,NA,NA,NA,NA,NA,NA,NA,NA,NA,NA,NA,NA,40,411,21,6,"Chicago Bears",5,"Carolina Panthers","CAR",6,"Chicago Bears","CHI","WEEKLY",NA,NA
"Mason Rudolph","QB","PIT",NA,0.65,0.42,4.51,NA,0.03,0.02,NA,0,0,NA,0,NA,0.28,NA,"54276","FanDuel","13595","NumberFire","QB",0,0,0,NA,NA,0,NA,NA,NA,NA,NA,NA,NA,NA,NA,NA,NA,NA,NA,NA,NA,NA,NA,NA,NA,NA,NA,NA,NA,NA,NA,NA,NA,NA,NA,NA,NA,NA,NA,NA,NA,NA,NA,NA,NA,NA,NA,NA,NA,NA,40,411,30,25,"Pittsburgh Steelers",25,"Pittsburgh Steelers","PIT",2,"Atlanta Falcons","ATL","WEEKLY",NA,NA
"Kyle Allen","QB","BUF",NA,0.61,0.38,3.99,NA,0.02,0.02,NA,0,0,NA,0,NA,0.28,NA,"54111","FanDuel","13879","NumberFire","QB",0.31,0.26,-0.89,NA,NA,0.01,NA,NA,NA,NA,NA,NA,NA,NA,NA,NA,NA,NA,NA,NA,NA,NA,NA,NA,NA,NA,NA,NA,NA,NA,NA,NA,NA,NA,NA,NA,NA,NA,NA,NA,NA,NA,NA,NA,NA,NA,NA,NA,NA,NA,40,411,14,4,"Buffalo Bills",13,"Houston Texans","HOU",4,"Buffalo Bills","BUF","WEEKLY",NA,NA
"Trey Lance","QB","LAC",NA,0.65,0.39,4.4,NA,0.03,0.02,NA,0,0,NA,0,NA,0.28,NA,"54879","FanDuel","15240","NumberFire","QB",0,0,0,NA,NA,0,NA,NA,NA,NA,NA,NA,NA,NA,NA,NA,NA,NA,NA,NA,NA,NA,NA,NA,NA,NA,NA,NA,NA,NA,NA,NA,NA,NA,NA,NA,NA,NA,NA,NA,NA,NA,NA,NA,NA,NA,NA,NA,NA,NA,40,411,22,34,"Los Angeles Chargers",34,"Los Angeles Chargers","LAC",1,"Arizona Cardinals","ARI","WEEKLY",NA,NA
"Sam Howell","QB","DAL",NA,0.7,0.42,4.47,NA,0.03,0.02,NA,0,0,NA,0,NA,0.28,NA,"55563","FanDuel","15693","NumberFire","QB",0,0,0,NA,NA,0,NA,NA,NA,NA,NA,NA,NA,NA,NA,NA,NA,NA,NA,NA,NA,NA,NA,NA,NA,NA,NA,NA,NA,NA,NA,NA,NA,NA,NA,NA,NA,NA,NA,NA,NA,NA,NA,NA,NA,NA,NA,NA,NA,NA,40,411,28,9,"Dallas Cowboys",21,"New York Giants","NYG",9,"Dallas Cowboys","DAL","WEEKLY",NA,NA
"Quinn Ewers","QB","JAC",NA,0.65,0.42,4.34,NA,0.03,0.02,NA,0,0,NA,0,NA,0.27,NA,"56528","FanDuel","17034","NumberFire","QB",0,0,0,NA,NA,0,NA,NA,NA,NA,NA,NA,NA,NA,NA,NA,NA,NA,NA,NA,NA,NA,NA,NA,NA,NA,NA,NA,NA,NA,NA,NA,NA,NA,NA,NA,NA,NA,NA,NA,NA,NA,NA,NA,NA,NA,NA,NA,NA,NA,45,416,7,15,"Jacksonville Jaguars",15,"Jacksonville Jaguars","JAC",8,"Cleveland Browns","CLE","WEEKLY",NA,NA
"Joshua Dobbs","QB","DET",NA,0.68,0.44,4.35,NA,0.03,0.02,NA,0,0,NA,0,NA,0.27,NA,"53987","FanDuel","13119","NumberFire","QB",0,0,0,NA,NA,0,NA,NA,NA,NA,NA,NA,NA,NA,NA,NA,NA,NA,NA,NA,NA,NA,NA,NA,NA,NA,NA,NA,NA,NA,NA,NA,NA,NA,NA,NA,NA,NA,NA,NA,NA,NA,NA,NA,NA,NA,NA,NA,NA,NA,45,416,18,11,"Detroit Lions",11,"Detroit Lions","DET",20,"New Orleans Saints","NO","WEEKLY",NA,NA
"J.J. McCarthy","QB","MIN",NA,0.64,0.39,4.21,NA,0.03,0.02,NA,0,0,NA,0,NA,0.27,NA,"55918","FanDuel","16584","NumberFire","QB",0,0,0,NA,NA,0,NA,NA,NA,NA,NA,NA,NA,NA,NA,NA,NA,NA,NA,NA,NA,NA,NA,NA,NA,NA,NA,NA,NA,NA,NA,NA,NA,NA,NA,NA,NA,NA,NA,NA,NA,NA,NA,NA,NA,NA,NA,NA,NA,NA,45,416,27,18,"Minnesota Vikings",18,"Minnesota Vikings","MIN",12,"Green Bay Packers","GB","WEEKLY",NA,NA
"Justin Fields","QB","KC",NA,0.58,0.35,3.75,NA,0.03,0.01,NA,0,0,NA,0,NA,0.26,NA,"54863","FanDuel","15238","NumberFire","QB",0,0,0,NA,NA,0,NA,NA,NA,NA,NA,NA,NA,NA,NA,NA,NA,NA,NA,NA,NA,NA,NA,NA,NA,NA,NA,NA,NA,NA,NA,NA,NA,NA,NA,NA,NA,NA,NA,NA,NA,NA,NA,NA,NA,NA,NA,NA,NA,NA,48,419,6,16,"Kansas City Chiefs",16,"Kansas City Chiefs","KC",10,"Denver Broncos","DEN","WEEKLY",NA,NA
"Mac Jones","QB","SF",NA,0.67,0.45,4.7,NA,0.02,0.02,NA,0,0,NA,0,NA,0.25,NA,"54872","FanDuel","15241","NumberFire","QB",0,0,0,NA,NA,0,NA,NA,NA,NA,NA,NA,NA,NA,NA,NA,NA,NA,NA,NA,NA,NA,NA,NA,NA,NA,NA,NA,NA,NA,NA,NA,NA,NA,NA,NA,NA,NA,NA,NA,NA,NA,NA,NA,NA,NA,NA,NA,NA,NA,49,420,24,27,"San Francisco 49ers",33,"Los Angeles Rams","LA",27,"San Francisco 49ers","SF","WEEKLY",NA,NA
"Michael Penix Jr.","QB","ATL",NA,0.62,0.39,4.49,NA,0.02,0.02,NA,0,0,NA,0,NA,0.24,NA,"55991","FanDuel","16583","NumberFire","QB",0,0,0,NA,NA,0,NA,NA,NA,NA,NA,NA,NA,NA,NA,NA,NA,NA,NA,NA,NA,NA,NA,NA,NA,NA,NA,NA,NA,NA,NA,NA,NA,NA,NA,NA,NA,NA,NA,NA,NA,NA,NA,NA,NA,NA,NA,NA,NA,NA,50,421,20,2,"Atlanta Falcons",25,"Pittsburgh Steelers","PIT",2,"Atlanta Falcons","ATL","WEEKLY",NA,NA
"Mitchell Trubisky","QB","TEN",NA,0.64,0.43,4.51,NA,0.02,0.02,NA,0,0,NA,0,NA,0.24,NA,"53426","FanDuel","13115","NumberFire","QB",0,0,0,NA,NA,0,NA,NA,NA,NA,NA,NA,NA,NA,NA,NA,NA,NA,NA,NA,NA,NA,NA,NA,NA,NA,NA,NA,NA,NA,NA,NA,NA,NA,NA,NA,NA,NA,NA,NA,NA,NA,NA,NA,NA,NA,NA,NA,NA,NA,50,421,9,31,"Tennessee Titans",31,"Tennessee Titans","TEN",22,"New York Jets","NYJ","WEEKLY",NA,NA
"Gardner Minshew","QB","ARI",NA,0.71,0.45,4.6,NA,0.02,0.02,NA,0,0,NA,0,NA,0.24,NA,"54214","FanDuel","14067","NumberFire","QB",0,0,0,NA,NA,0,NA,NA,NA,NA,NA,NA,NA,NA,NA,NA,NA,NA,NA,NA,NA,NA,NA,NA,NA,NA,NA,NA,NA,NA,NA,NA,NA,NA,NA,NA,NA,NA,NA,NA,NA,NA,NA,NA,NA,NA,NA,NA,NA,NA,50,421,1,1,"Arizona Cardinals",34,"Los Angeles Chargers","LAC",1,"Arizona Cardinals","ARI","WEEKLY",NA,NA
"Jarrett Stidham","QB","DEN",NA,0.64,0.4,4.38,NA,0.02,0.02,NA,0,0,NA,0,NA,0.24,NA,"54313","FanDuel","14063","NumberFire","QB",0,0,0,NA,NA,0,NA,NA,NA,NA,NA,NA,NA,NA,NA,NA,NA,NA,NA,NA,NA,NA,NA,NA,NA,NA,NA,NA,NA,NA,NA,NA,NA,NA,NA,NA,NA,NA,NA,NA,NA,NA,NA,NA,NA,NA,NA,NA,NA,NA,50,421,23,10,"Denver Broncos",16,"Kansas City Chiefs","KC",10,"Denver Broncos","DEN","WEEKLY",NA,NA
"Drew Lock","QB","SEA",NA,0.63,0.4,4.22,NA,0.02,0.02,NA,0,0,NA,0,NA,0.23,NA,"54167","FanDuel","14057","NumberFire","QB",0,0,0,NA,NA,0,NA,NA,NA,NA,NA,NA,NA,NA,NA,NA,NA,NA,NA,NA,NA,NA,NA,NA,NA,NA,NA,NA,NA,NA,NA,NA,NA,NA,NA,NA,NA,NA,NA,NA,NA,NA,NA,NA,NA,NA,NA,NA,NA,NA,54,425,4,28,"Seattle Seahawks",28,"Seattle Seahawks","SEA",19,"New England Patriots","NE","WEEKLY",NA,NA
"Kenny Pickett","QB","CAR",NA,0.63,0.41,4.22,NA,0.02,0.02,NA,0,0,NA,0,NA,0.23,NA,"55275","FanDuel","15692","NumberFire","QB",0,0,0,NA,NA,0,NA,NA,NA,NA,NA,NA,NA,NA,NA,NA,NA,NA,NA,NA,NA,NA,NA,NA,NA,NA,NA,NA,NA,NA,NA,NA,NA,NA,NA,NA,NA,NA,NA,NA,NA,NA,NA,NA,NA,NA,NA,NA,NA,NA,54,425,19,5,"Carolina Panthers",5,"Carolina Panthers","CAR",6,"Chicago Bears","CHI","WEEKLY",NA,NA
"Cade Klubnik","QB","NYJ",NA,0.55,0.36,3.89,NA,0.02,0.01,NA,0,0,NA,0,NA,0.23,NA,"56676","FanDuel","17467","NumberFire","QB",0,0,0,NA,NA,0,NA,NA,NA,NA,NA,NA,NA,NA,NA,NA,NA,NA,NA,NA,NA,NA,NA,NA,NA,NA,NA,NA,NA,NA,NA,NA,NA,NA,NA,NA,NA,NA,NA,NA,NA,NA,NA,NA,NA,NA,NA,NA,NA,NA,54,425,8,22,"New York Jets",31,"Tennessee Titans","TEN",22,"New York Jets","NYJ","WEEKLY",NA,NA
"Spencer Rattler","QB","NO",NA,0.67,0.44,4.36,NA,0.02,0.02,NA,0,0,NA,0,NA,0.23,NA,"56128","FanDuel","16586","NumberFire","QB",0,0,0,NA,NA,0,NA,NA,NA,NA,NA,NA,NA,NA,NA,NA,NA,NA,NA,NA,NA,NA,NA,NA,NA,NA,NA,NA,NA,NA,NA,NA,NA,NA,NA,NA,NA,NA,NA,NA,NA,NA,NA,NA,NA,NA,NA,NA,NA,NA,54,425,31,20,"New Orleans Saints",11,"Detroit Lions","DET",20,"New Orleans Saints","NO","WEEKLY",NA,NA
"Tyrod Taylor","QB","GB",NA,0.62,0.39,4.04,NA,0.02,0.01,NA,0,0,NA,0,NA,0.23,NA,"4371","FanDuel","10413","NumberFire","QB",0,0,0,NA,NA,0,NA,NA,NA,NA,NA,NA,NA,NA,NA,NA,NA,NA,NA,NA,NA,NA,NA,NA,NA,NA,NA,NA,NA,NA,NA,NA,NA,NA,NA,NA,NA,NA,NA,NA,NA,NA,NA,NA,NA,NA,NA,NA,NA,NA,54,425,12,12,"Green Bay Packers",18,"Minnesota Vikings","MIN",12,"Green Bay Packers","GB","WEEKLY",NA,NA
"Marcus Mariota","QB","WSH",NA,0.61,0.38,4.22,NA,0.02,0.02,NA,0,0,NA,0,NA,0.23,NA,"52775","FanDuel","12141","NumberFire","QB",0,0,0,NA,NA,0,NA,NA,NA,NA,NA,NA,NA,NA,NA,NA,NA,NA,NA,NA,NA,NA,NA,NA,NA,NA,NA,NA,NA,NA,NA,NA,NA,NA,NA,NA,NA,NA,NA,NA,NA,NA,NA,NA,NA,NA,NA,NA,NA,NA,54,425,5,32,"Washington Commanders",24,"Philadelphia Eagles","PHI",32,"Washington Commanders","WSH","WEEKLY",NA,NA
"Tyler Huntley","QB","BAL",NA,0.57,0.38,3.65,NA,0.02,0.01,NA,0,0,NA,0,NA,0.22,NA,"54818","FanDuel","14789","NumberFire","QB",0,0,0,NA,NA,0,NA,NA,NA,NA,NA,NA,NA,NA,NA,NA,NA,NA,NA,NA,NA,NA,NA,NA,NA,NA,NA,NA,NA,NA,NA,NA,NA,NA,NA,NA,NA,NA,NA,NA,NA,NA,NA,NA,NA,NA,NA,NA,NA,NA,60,431,25,3,"Baltimore Ravens",14,"Indianapolis Colts","IND",3,"Baltimore Ravens","BAL","WEEKLY",NA,NA
"Davis Mills","QB","HOU",NA,0.69,0.39,4.12,NA,0.02,0.02,NA,0,0,NA,0,NA,0.22,NA,"54983","FanDuel","15252","NumberFire","QB",0,0,0,NA,NA,0,NA,NA,NA,NA,NA,NA,NA,NA,NA,NA,NA,NA,NA,NA,NA,NA,NA,NA,NA,NA,NA,NA,NA,NA,NA,NA,NA,NA,NA,NA,NA,NA,NA,NA,NA,NA,NA,NA,NA,NA,NA,NA,NA,NA,60,431,3,13,"Houston Texans",13,"Houston Texans","HOU",4,"Buffalo Bills","BUF","WEEKLY",NA,NA
"Tommy DeVito","QB","NE",NA,0.6,0.38,3.69,NA,0.02,0.02,NA,0,0,NA,0,NA,0.21,NA,"55831","FanDuel","16441","NumberFire","QB",0,0,0,NA,NA,0,NA,NA,NA,NA,NA,NA,NA,NA,NA,NA,NA,NA,NA,NA,NA,NA,NA,NA,NA,NA,NA,NA,NA,NA,NA,NA,NA,NA,NA,NA,NA,NA,NA,NA,NA,NA,NA,NA,NA,NA,NA,NA,NA,NA,62,434,16,19,"New England Patriots",28,"Seattle Seahawks","SEA",19,"New England Patriots","NE","WEEKLY",NA,NA
"Bijan Robinson","RB","ATL",NA,0,0,0,NA,0,0,NA,19.41,91.18,NA,0.49,NA,17.31,NA,"55582","FanDuel","16161","NumberFire","RB",4.58,3.47,28.59,NA,NA,0.15,NA,NA,NA,NA,NA,NA,NA,NA,NA,NA,NA,NA,NA,NA,NA,NA,NA,NA,NA,NA,NA,NA,NA,NA,NA,NA,NA,NA,NA,NA,NA,NA,NA,NA,NA,NA,NA,NA,NA,NA,NA,NA,NA,NA,1,16,20,2,"Atlanta Falcons",25,"Pittsburgh Steelers","PIT",2,"Atlanta Falcons","ATL","WEEKLY",NA,NA
"Saquon Barkley","RB","PHI",NA,0,0,0,NA,0,0,NA,17.44,84.01,NA,0.54,NA,16.69,NA,"53785","FanDuel","13604","NumberFire","RB",4.37,3,25.67,NA,NA,0.17,NA,NA,NA,NA,NA,NA,NA,NA,NA,NA,NA,NA,NA,NA,NA,NA,NA,NA,NA,NA,NA,NA,NA,NA,NA,NA,NA,NA,NA,NA,NA,NA,NA,NA,NA,NA,NA,NA,NA,NA,NA,NA,NA,NA,2,18,11,24,"Philadelphia Eagles",24,"Philadelphia Eagles","PHI",32,"Washington Commanders","WSH","WEEKLY",NA,NA
"Jonathan Taylor","RB","IND",NA,0,0,0,NA,0,0,NA,15.93,73.81,NA,0.74,NA,16.62,NA,"54525","FanDuel","14802","NumberFire","RB",4.28,3.3,24.67,NA,NA,0.13,NA,NA,NA,NA,NA,NA,NA,NA,NA,NA,NA,NA,NA,NA,NA,NA,NA,NA,NA,NA,NA,NA,NA,NA,NA,NA,NA,NA,NA,NA,NA,NA,NA,NA,NA,NA,NA,NA,NA,NA,NA,NA,NA,NA,3,20,2,14,"Indianapolis Colts",14,"Indianapolis Colts","IND",3,"Baltimore Ravens","BAL","WEEKLY",NA,NA
"Jahmyr Gibbs","RB","DET",NA,0,0,0,NA,0,0,NA,10.81,66.81,NA,0.56,NA,16.56,NA,"55609","FanDuel","16162","NumberFire","RB",5.27,3.86,30.24,NA,NA,0.27,NA,NA,NA,NA,NA,NA,NA,NA,NA,NA,NA,NA,NA,NA,NA,NA,NA,NA,NA,NA,NA,NA,NA,NA,NA,NA,NA,NA,NA,NA,NA,NA,NA,NA,NA,NA,NA,NA,NA,NA,NA,NA,NA,NA,4,21,18,11,"Detroit Lions",11,"Detroit Lions","DET",20,"New Orleans Saints","NO","WEEKLY",NA,NA
"Chase Brown","RB","CIN",NA,0,0,0,NA,0,0,NA,16.49,71.91,NA,0.47,NA,16.48,NA,"55640","FanDuel","16181","NumberFire","RB",4.97,3.83,31.13,NA,NA,0.26,NA,NA,NA,NA,NA,NA,NA,NA,NA,NA,NA,NA,NA,NA,NA,NA,NA,NA,NA,NA,NA,NA,NA,NA,NA,NA,NA,NA,NA,NA,NA,NA,NA,NA,NA,NA,NA,NA,NA,NA,NA,NA,NA,NA,5,25,13,7,"Cincinnati Bengals",7,"Cincinnati Bengals","CIN",30,"Tampa Bay Buccaneers","TB","WEEKLY",NA,NA
"Derrick Henry","RB","BAL",NA,0,0,0,NA,0,0,NA,19.29,82.21,NA,0.78,NA,15.98,NA,"53086","FanDuel","12626","NumberFire","RB",2.56,1.8,17.36,NA,NA,0.12,NA,NA,NA,NA,NA,NA,NA,NA,NA,NA,NA,NA,NA,NA,NA,NA,NA,NA,NA,NA,NA,NA,NA,NA,NA,NA,NA,NA,NA,NA,NA,NA,NA,NA,NA,NA,NA,NA,NA,NA,NA,NA,NA,NA,6,31,25,3,"Baltimore Ravens",14,"Indianapolis Colts","IND",3,"Baltimore Ravens","BAL","WEEKLY",NA,NA
"Christian McCaffrey","RB","SF",NA,0,0,0,NA,0,0,NA,15.03,67.85,NA,0.42,NA,14.98,NA,"53425","FanDuel","13130","NumberFire","RB",4.41,3.44,29.57,NA,NA,0.18,NA,NA,NA,NA,NA,NA,NA,NA,NA,NA,NA,NA,NA,NA,NA,NA,NA,NA,NA,NA,NA,NA,NA,NA,NA,NA,NA,NA,NA,NA,NA,NA,NA,NA,NA,NA,NA,NA,NA,NA,NA,NA,NA,NA,7,40,24,27,"San Francisco 49ers",33,"Los Angeles Rams","LA",27,"San Francisco 49ers","SF","WEEKLY",NA,NA
"De'Von Achane","RB","MIA",NA,0,0,0,NA,0,0,NA,11.94,60.65,NA,0.38,NA,14.93,NA,"55638","FanDuel","16167","NumberFire","RB",5.69,4.38,33.96,NA,NA,0.17,NA,NA,NA,NA,NA,NA,NA,NA,NA,NA,NA,NA,NA,NA,NA,NA,NA,NA,NA,NA,NA,NA,NA,NA,NA,NA,NA,NA,NA,NA,NA,NA,NA,NA,NA,NA,NA,NA,NA,NA,NA,NA,NA,NA,8,41,10,17,"Miami Dolphins",35,"Las Vegas Raiders","LV",17,"Miami Dolphins","MIA","WEEKLY",NA,NA
"James Cook","RB","BUF",NA,0,0,0,NA,0,0,NA,19.31,92.08,NA,0.61,NA,14.68,NA,"55236","FanDuel","15715","NumberFire","RB",1.84,1.37,11.68,NA,NA,0.06,NA,NA,NA,NA,NA,NA,NA,NA,NA,NA,NA,NA,NA,NA,NA,NA,NA,NA,NA,NA,NA,NA,NA,NA,NA,NA,NA,NA,NA,NA,NA,NA,NA,NA,NA,NA,NA,NA,NA,NA,NA,NA,NA,NA,9,43,14,4,"Buffalo Bills",13,"Houston Texans","HOU",4,"Buffalo Bills","BUF","WEEKLY",NA,NA
"Ashton Jeanty","RB","LV",NA,0,0,0,NA,0,0,NA,17.85,76.56,NA,0.51,NA,14.1,NA,"56249","FanDuel","17042","NumberFire","RB",3.13,2.35,16.12,NA,NA,0.12,NA,NA,NA,NA,NA,NA,NA,NA,NA,NA,NA,NA,NA,NA,NA,NA,NA,NA,NA,NA,NA,NA,NA,NA,NA,NA,NA,NA,NA,NA,NA,NA,NA,NA,NA,NA,NA,NA,NA,NA,NA,NA,NA,NA,10,44,32,35,"Las Vegas Raiders",35,"Las Vegas Raiders","LV",17,"Miami Dolphins","MIA","WEEKLY",NA,NA
"Omarion Hampton","RB","LAC",NA,0,0,0,NA,0,0,NA,16.59,69.16,NA,0.59,NA,14.01,NA,"56261","FanDuel","17044","NumberFire","RB",3.22,2.43,16.37,NA,NA,0.14,NA,NA,NA,NA,NA,NA,NA,NA,NA,NA,NA,NA,NA,NA,NA,NA,NA,NA,NA,NA,NA,NA,NA,NA,NA,NA,NA,NA,NA,NA,NA,NA,NA,NA,NA,NA,NA,NA,NA,NA,NA,NA,NA,NA,11,45,22,34,"Los Angeles Chargers",34,"Los Angeles Chargers","LAC",1,"Arizona Cardinals","ARI","WEEKLY",NA,NA
"Breece Hall","RB","NYJ",NA,0,0,0,NA,0,0,NA,17.06,76.23,NA,0.4,NA,13.77,NA,"55235","FanDuel","15708","NumberFire","RB",3.18,2.4,20.91,NA,NA,0.1,NA,NA,NA,NA,NA,NA,NA,NA,NA,NA,NA,NA,NA,NA,NA,NA,NA,NA,NA,NA,NA,NA,NA,NA,NA,NA,NA,NA,NA,NA,NA,NA,NA,NA,NA,NA,NA,NA,NA,NA,NA,NA,NA,NA,12,48,8,22,"New York Jets",31,"Tennessee Titans","TEN",22,"New York Jets","NYJ","WEEKLY",NA,NA
"Kenneth Walker III","RB","KC",NA,0,0,0,NA,0,0,NA,16.33,67.35,NA,0.56,NA,13.58,NA,"55268","FanDuel","15711","NumberFire","RB",3.08,2.13,16.44,NA,NA,0.14,NA,NA,NA,NA,NA,NA,NA,NA,NA,NA,NA,NA,NA,NA,NA,NA,NA,NA,NA,NA,NA,NA,NA,NA,NA,NA,NA,NA,NA,NA,NA,NA,NA,NA,NA,NA,NA,NA,NA,NA,NA,NA,NA,NA,13,50,6,16,"Kansas City Chiefs",16,"Kansas City Chiefs","KC",10,"Denver Broncos","DEN","WEEKLY",NA,NA
"Travis Etienne","RB","NO",NA,0,0,0,NA,0,0,NA,15.28,62.23,NA,0.45,NA,12.93,NA,"54870","FanDuel","15253","NumberFire","RB",3.63,2.59,19.96,NA,NA,0.13,NA,NA,NA,NA,NA,NA,NA,NA,NA,NA,NA,NA,NA,NA,NA,NA,NA,NA,NA,NA,NA,NA,NA,NA,NA,NA,NA,NA,NA,NA,NA,NA,NA,NA,NA,NA,NA,NA,NA,NA,NA,NA,NA,NA,14,52,31,20,"New Orleans Saints",11,"Detroit Lions","DET",20,"New Orleans Saints","NO","WEEKLY",NA,NA
"D'Andre Swift","RB","CHI",NA,0,0,0,NA,0,0,NA,14.29,63.77,NA,0.5,NA,12.8,NA,"54521","FanDuel","14797","NumberFire","RB",3.22,2.24,17.25,NA,NA,0.12,NA,NA,NA,NA,NA,NA,NA,NA,NA,NA,NA,NA,NA,NA,NA,NA,NA,NA,NA,NA,NA,NA,NA,NA,NA,NA,NA,NA,NA,NA,NA,NA,NA,NA,NA,NA,NA,NA,NA,NA,NA,NA,NA,NA,15,54,21,6,"Chicago Bears",5,"Carolina Panthers","CAR",6,"Chicago Bears","CHI","WEEKLY",NA,NA
"Rhamondre Stevenson","RB","NE",NA,0,0,0,NA,0,0,NA,16.53,69.92,NA,0.43,NA,12.67,NA,"54894","FanDuel","15259","NumberFire","RB",3.11,2.48,17.99,NA,NA,0.09,NA,NA,NA,NA,NA,NA,NA,NA,NA,NA,NA,NA,NA,NA,NA,NA,NA,NA,NA,NA,NA,NA,NA,NA,NA,NA,NA,NA,NA,NA,NA,NA,NA,NA,NA,NA,NA,NA,NA,NA,NA,NA,NA,NA,16,55,16,19,"New England Patriots",28,"Seattle Seahawks","SEA",19,"New England Patriots","NE","WEEKLY",NA,NA
"David Montgomery","RB","HOU",NA,0,0,0,NA,0,0,NA,13.7,60.9,NA,0.6,NA,11.57,NA,"54134","FanDuel","14071","NumberFire","RB",1.89,1.4,10.25,NA,NA,0.05,NA,NA,NA,NA,NA,NA,NA,NA,NA,NA,NA,NA,NA,NA,NA,NA,NA,NA,NA,NA,NA,NA,NA,NA,NA,NA,NA,NA,NA,NA,NA,NA,NA,NA,NA,NA,NA,NA,NA,NA,NA,NA,NA,NA,17,59,3,13,"Houston Texans",13,"Houston Texans","HOU",4,"Buffalo Bills","BUF","WEEKLY",NA,NA
"Javonte Williams","RB","DAL",NA,0,0,0,NA,0,0,NA,15,64.95,NA,0.45,NA,11.4,NA,"54867","FanDuel","15256","NumberFire","RB",2.15,1.62,9.13,NA,NA,0.1,NA,NA,NA,NA,NA,NA,NA,NA,NA,NA,NA,NA,NA,NA,NA,NA,NA,NA,NA,NA,NA,NA,NA,NA,NA,NA,NA,NA,NA,NA,NA,NA,NA,NA,NA,NA,NA,NA,NA,NA,NA,NA,NA,NA,18,61,28,9,"Dallas Cowboys",21,"New York Giants","NYG",9,"Dallas Cowboys","DAL","WEEKLY",NA,NA
"Jaylen Warren","RB","PIT",NA,0,0,0,NA,0,0,NA,12.66,58.68,NA,0.34,NA,11.11,NA,"55315","FanDuel","15742","NumberFire","RB",2.77,2.12,15.46,NA,NA,0.11,NA,NA,NA,NA,NA,NA,NA,NA,NA,NA,NA,NA,NA,NA,NA,NA,NA,NA,NA,NA,NA,NA,NA,NA,NA,NA,NA,NA,NA,NA,NA,NA,NA,NA,NA,NA,NA,NA,NA,NA,NA,NA,NA,NA,19,64,30,25,"Pittsburgh Steelers",25,"Pittsburgh Steelers","PIT",2,"Atlanta Falcons","ATL","WEEKLY",NA,NA
"J.K. Dobbins","RB","DEN",NA,0,0,0,NA,0,0,NA,14.59,70.66,NA,0.43,NA,11.01,NA,"54503","FanDuel","14800","NumberFire","RB",1.34,0.99,5.67,NA,NA,0.05,NA,NA,NA,NA,NA,NA,NA,NA,NA,NA,NA,NA,NA,NA,NA,NA,NA,NA,NA,NA,NA,NA,NA,NA,NA,NA,NA,NA,NA,NA,NA,NA,NA,NA,NA,NA,NA,NA,NA,NA,NA,NA,NA,NA,20,65,23,10,"Denver Broncos",16,"Kansas City Chiefs","KC",10,"Denver Broncos","DEN","WEEKLY",NA,NA
"Kyren Williams","RB","LA",NA,0,0,0,NA,0,0,NA,13.38,61.86,NA,0.49,NA,10.97,NA,"55506","FanDuel","15710","NumberFire","RB",1.76,1.31,8.08,NA,NA,0.08,NA,NA,NA,NA,NA,NA,NA,NA,NA,NA,NA,NA,NA,NA,NA,NA,NA,NA,NA,NA,NA,NA,NA,NA,NA,NA,NA,NA,NA,NA,NA,NA,NA,NA,NA,NA,NA,NA,NA,NA,NA,NA,NA,NA,21,66,17,33,"Los Angeles Rams",33,"Los Angeles Rams","LA",27,"San Francisco 49ers","SF","WEEKLY",NA,NA
"Cam Skattebo","RB","NYG",NA,0,0,0,NA,0,0,NA,12.49,51.43,NA,0.35,NA,10.9,NA,"56288","FanDuel","17045","NumberFire","RB",3.44,2.56,19.13,NA,NA,0.1,NA,NA,NA,NA,NA,NA,NA,NA,NA,NA,NA,NA,NA,NA,NA,NA,NA,NA,NA,NA,NA,NA,NA,NA,NA,NA,NA,NA,NA,NA,NA,NA,NA,NA,NA,NA,NA,NA,NA,NA,NA,NA,NA,NA,22,67,29,21,"New York Giants",21,"New York Giants","NYG",9,"Dallas Cowboys","DAL","WEEKLY",NA,NA
"Jeremiyah Love","RB","ARI",NA,0,0,0,NA,0,0,NA,13.76,61.1,NA,0.4,NA,10.89,NA,"56626","FanDuel","17472","NumberFire","RB",2.4,1.67,12.49,NA,NA,0.07,NA,NA,NA,NA,NA,NA,NA,NA,NA,NA,NA,NA,NA,NA,NA,NA,NA,NA,NA,NA,NA,NA,NA,NA,NA,NA,NA,NA,NA,NA,NA,NA,NA,NA,NA,NA,NA,NA,NA,NA,NA,NA,NA,NA,23,68,1,1,"Arizona Cardinals",34,"Los Angeles Chargers","LAC",1,"Arizona Cardinals","ARI","WEEKLY",NA,NA
"Chuba Hubbard","RB","CAR",NA,0,0,0,NA,0,0,NA,14.51,63.23,NA,0.4,NA,10.76,NA,"54896","FanDuel","15261","NumberFire","RB",2.11,1.6,8.93,NA,NA,0.07,NA,NA,NA,NA,NA,NA,NA,NA,NA,NA,NA,NA,NA,NA,NA,NA,NA,NA,NA,NA,NA,NA,NA,NA,NA,NA,NA,NA,NA,NA,NA,NA,NA,NA,NA,NA,NA,NA,NA,NA,NA,NA,NA,NA,24,69,19,5,"Carolina Panthers",5,"Carolina Panthers","CAR",6,"Chicago Bears","CHI","WEEKLY",NA,NA
"Bucky Irving","RB","TB",NA,0,0,0,NA,0,0,NA,11.85,52.23,NA,0.27,NA,10.5,NA,"55976","FanDuel","16598","NumberFire","RB",2.98,2.25,18.75,NA,NA,0.12,NA,NA,NA,NA,NA,NA,NA,NA,NA,NA,NA,NA,NA,NA,NA,NA,NA,NA,NA,NA,NA,NA,NA,NA,NA,NA,NA,NA,NA,NA,NA,NA,NA,NA,NA,NA,NA,NA,NA,NA,NA,NA,NA,NA,25,75,26,30,"Tampa Bay Buccaneers",7,"Cincinnati Bengals","CIN",30,"Tampa Bay Buccaneers","TB","WEEKLY",NA,NA
"Aaron Jones","RB","MIN",NA,0,0,0,NA,0,0,NA,11.17,51.69,NA,0.28,NA,10.26,NA,"53454","FanDuel","13319","NumberFire","RB",3.29,2.52,15.67,NA,NA,0.12,NA,NA,NA,NA,NA,NA,NA,NA,NA,NA,NA,NA,NA,NA,NA,NA,NA,NA,NA,NA,NA,NA,NA,NA,NA,NA,NA,NA,NA,NA,NA,NA,NA,NA,NA,NA,NA,NA,NA,NA,NA,NA,NA,NA,26,76,27,18,"Minnesota Vikings",18,"Minnesota Vikings","MIN",12,"Green Bay Packers","GB","WEEKLY",NA,NA
"Quinshon Judkins","RB","CLE",NA,0,0,0,NA,0,0,NA,15.06,62.29,NA,0.31,NA,9.59,NA,"56272","FanDuel","17051","NumberFire","RB",1.46,1.09,7.17,NA,NA,0.04,NA,NA,NA,NA,NA,NA,NA,NA,NA,NA,NA,NA,NA,NA,NA,NA,NA,NA,NA,NA,NA,NA,NA,NA,NA,NA,NA,NA,NA,NA,NA,NA,NA,NA,NA,NA,NA,NA,NA,NA,NA,NA,NA,NA,27,85,15,8,"Cleveland Browns",15,"Jacksonville Jaguars","JAC",8,"Cleveland Browns","CLE","WEEKLY",NA,NA
"Kyle Monangai","RB","CHI",NA,0,0,0,NA,0,0,NA,10.24,44.88,NA,0.42,NA,9.36,NA,"56347","FanDuel","17066","NumberFire","RB",2.26,1.59,11.32,NA,NA,0.07,NA,NA,NA,NA,NA,NA,NA,NA,NA,NA,NA,NA,NA,NA,NA,NA,NA,NA,NA,NA,NA,NA,NA,NA,NA,NA,NA,NA,NA,NA,NA,NA,NA,NA,NA,NA,NA,NA,NA,NA,NA,NA,NA,NA,28,90,21,6,"Chicago Bears",5,"Carolina Panthers","CAR",6,"Chicago Bears","CHI","WEEKLY",NA,NA
"Alvin Kamara","RB","NO",NA,0,0,0,NA,0,0,NA,7.91,31.76,NA,0.19,NA,9.17,NA,"53438","FanDuel","13132","NumberFire","RB",4.54,3.34,23.83,NA,NA,0.15,NA,NA,NA,NA,NA,NA,NA,NA,NA,NA,NA,NA,NA,NA,NA,NA,NA,NA,NA,NA,NA,NA,NA,NA,NA,NA,NA,NA,NA,NA,NA,NA,NA,NA,NA,NA,NA,NA,NA,NA,NA,NA,NA,NA,29,93,31,20,"New Orleans Saints",11,"Detroit Lions","DET",20,"New Orleans Saints","NO","WEEKLY",NA,NA
"RJ Harvey","RB","DEN",NA,0,0,0,NA,0,0,NA,8.56,36.35,NA,0.22,NA,8.57,NA,"56275","FanDuel","17068","NumberFire","RB",3.36,2.48,17.33,NA,NA,0.12,NA,NA,NA,NA,NA,NA,NA,NA,NA,NA,NA,NA,NA,NA,NA,NA,NA,NA,NA,NA,NA,NA,NA,NA,NA,NA,NA,NA,NA,NA,NA,NA,NA,NA,NA,NA,NA,NA,NA,NA,NA,NA,NA,NA,30,99,23,10,"Denver Broncos",16,"Kansas City Chiefs","KC",10,"Denver Broncos","DEN","WEEKLY",NA,NA
"Tony Pollard","RB","TEN",NA,0,0,0,NA,0,0,NA,12.48,52.78,NA,0.18,NA,8.54,NA,"54185","FanDuel","14085","NumberFire","RB",2.19,1.6,9.42,NA,NA,0.11,NA,NA,NA,NA,NA,NA,NA,NA,NA,NA,NA,NA,NA,NA,NA,NA,NA,NA,NA,NA,NA,NA,NA,NA,NA,NA,NA,NA,NA,NA,NA,NA,NA,NA,NA,NA,NA,NA,NA,NA,NA,NA,NA,NA,31,101,9,31,"Tennessee Titans",31,"Tennessee Titans","TEN",22,"New York Jets","NYJ","WEEKLY",NA,NA
"Rico Dowdle","RB","PIT",NA,0,0,0,NA,0,0,NA,11.63,52.06,NA,0.29,NA,8.23,NA,"54728","FanDuel","14823","NumberFire","RB",1.23,0.91,6.26,NA,NA,0.05,NA,NA,NA,NA,NA,NA,NA,NA,NA,NA,NA,NA,NA,NA,NA,NA,NA,NA,NA,NA,NA,NA,NA,NA,NA,NA,NA,NA,NA,NA,NA,NA,NA,NA,NA,NA,NA,NA,NA,NA,NA,NA,NA,NA,32,104,30,25,"Pittsburgh Steelers",25,"Pittsburgh Steelers","PIT",2,"Atlanta Falcons","ATL","WEEKLY",NA,NA
"Bhayshul Tuten","RB","JAC",NA,0,0,0,NA,0,0,NA,11.41,47.88,NA,0.41,NA,8.21,NA,"56292","FanDuel","17052","NumberFire","RB",1.03,0.74,5.15,NA,NA,0.04,NA,NA,NA,NA,NA,NA,NA,NA,NA,NA,NA,NA,NA,NA,NA,NA,NA,NA,NA,NA,NA,NA,NA,NA,NA,NA,NA,NA,NA,NA,NA,NA,NA,NA,NA,NA,NA,NA,NA,NA,NA,NA,NA,NA,33,106,7,15,"Jacksonville Jaguars",15,"Jacksonville Jaguars","JAC",8,"Cleveland Browns","CLE","WEEKLY",NA,NA
"Jacory Croskey-Merritt","RB","WSH",NA,0,0,0,NA,0,0,NA,11.27,48.43,NA,0.37,NA,7.78,NA,"56298","FanDuel","17256","NumberFire","RB",0.88,0.62,4.84,NA,NA,0.03,NA,NA,NA,NA,NA,NA,NA,NA,NA,NA,NA,NA,NA,NA,NA,NA,NA,NA,NA,NA,NA,NA,NA,NA,NA,NA,NA,NA,NA,NA,NA,NA,NA,NA,NA,NA,NA,NA,NA,NA,NA,NA,NA,NA,34,117,5,32,"Washington Commanders",24,"Philadelphia Eagles","PHI",32,"Washington Commanders","WSH","WEEKLY",NA,NA
"Woody Marks","RB","HOU",NA,0,0,0,NA,0,0,NA,9.67,42.18,NA,0.25,NA,7.68,NA,"56293","FanDuel","17053","NumberFire","RB",1.89,1.36,9.6,NA,NA,0.06,NA,NA,NA,NA,NA,NA,NA,NA,NA,NA,NA,NA,NA,NA,NA,NA,NA,NA,NA,NA,NA,NA,NA,NA,NA,NA,NA,NA,NA,NA,NA,NA,NA,NA,NA,NA,NA,NA,NA,NA,NA,NA,NA,NA,35,122,3,13,"Houston Texans",13,"Houston Texans","HOU",4,"Buffalo Bills","BUF","WEEKLY",NA,NA
"Jordan Mason","RB","MIN",NA,0,0,0,NA,0,0,NA,7.55,34.74,NA,0.29,NA,6.91,NA,"55328","FanDuel","15972","NumberFire","RB",1.79,1.39,8.25,NA,NA,0.06,NA,NA,NA,NA,NA,NA,NA,NA,NA,NA,NA,NA,NA,NA,NA,NA,NA,NA,NA,NA,NA,NA,NA,NA,NA,NA,NA,NA,NA,NA,NA,NA,NA,NA,NA,NA,NA,NA,NA,NA,NA,NA,NA,NA,36,132,27,18,"Minnesota Vikings",18,"Minnesota Vikings","MIN",12,"Green Bay Packers","GB","WEEKLY",NA,NA
"Najee Harris","RB","NYG",NA,0,0,0,NA,0,0,NA,8.36,34.36,NA,0.25,NA,6.71,NA,"54878","FanDuel","15254","NumberFire","RB",1.6,1.2,8.75,NA,NA,0.05,NA,NA,NA,NA,NA,NA,NA,NA,NA,NA,NA,NA,NA,NA,NA,NA,NA,NA,NA,NA,NA,NA,NA,NA,NA,NA,NA,NA,NA,NA,NA,NA,NA,NA,NA,NA,NA,NA,NA,NA,NA,NA,NA,NA,37,136,29,21,"New York Giants",21,"New York Giants","NYG",9,"Dallas Cowboys","DAL","WEEKLY",NA,NA
"Blake Corum","RB","LA",NA,0,0,0,NA,0,0,NA,9.1,39.94,NA,0.29,NA,6.56,NA,"55929","FanDuel","16593","NumberFire","RB",0.7,0.53,3.66,NA,NA,0.03,NA,NA,NA,NA,NA,NA,NA,NA,NA,NA,NA,NA,NA,NA,NA,NA,NA,NA,NA,NA,NA,NA,NA,NA,NA,NA,NA,NA,NA,NA,NA,NA,NA,NA,NA,NA,NA,NA,NA,NA,NA,NA,NA,NA,38,139,17,33,"Los Angeles Rams",33,"Los Angeles Rams","LA",27,"San Francisco 49ers","SF","WEEKLY",NA,NA
"Tyjae Spears","RB","TEN",NA,0,0,0,NA,0,0,NA,8.04,34.02,NA,0.16,NA,6.52,NA,"55639","FanDuel","16165","NumberFire","RB",1.88,1.42,9.68,NA,NA,0.09,NA,NA,NA,NA,NA,NA,NA,NA,NA,NA,NA,NA,NA,NA,NA,NA,NA,NA,NA,NA,NA,NA,NA,NA,NA,NA,NA,NA,NA,NA,NA,NA,NA,NA,NA,NA,NA,NA,NA,NA,NA,NA,NA,NA,39,141,9,31,"Tennessee Titans",31,"Tennessee Titans","TEN",22,"New York Jets","NYJ","WEEKLY",NA,NA
"Rachaad White","RB","WSH",NA,0,0,0,NA,0,0,NA,8.67,34.74,NA,0.19,NA,6.47,NA,"55271","FanDuel","15721","NumberFire","RB",1.75,1.32,9.59,NA,NA,0.06,NA,NA,NA,NA,NA,NA,NA,NA,NA,NA,NA,NA,NA,NA,NA,NA,NA,NA,NA,NA,NA,NA,NA,NA,NA,NA,NA,NA,NA,NA,NA,NA,NA,NA,NA,NA,NA,NA,NA,NA,NA,NA,NA,NA,40,145,5,32,"Washington Commanders",24,"Philadelphia Eagles","PHI",32,"Washington Commanders","WSH","WEEKLY",NA,NA
"Tyler Allgeier","RB","ARI",NA,0,0,0,NA,0,0,NA,6.25,26.68,NA,0.17,NA,6.25,NA,"55270","FanDuel","15712","NumberFire","RB",2.4,1.73,13.36,NA,NA,0.06,NA,NA,NA,NA,NA,NA,NA,NA,NA,NA,NA,NA,NA,NA,NA,NA,NA,NA,NA,NA,NA,NA,NA,NA,NA,NA,NA,NA,NA,NA,NA,NA,NA,NA,NA,NA,NA,NA,NA,NA,NA,NA,NA,NA,41,148,1,1,"Arizona Cardinals",34,"Los Angeles Chargers","LAC",1,"Arizona Cardinals","ARI","WEEKLY",NA,NA
"MarShawn Lloyd","RB","GB",NA,0,0,0,NA,0,0,NA,11.26,44.72,NA,0.27,NA,6.18,NA,"55914","FanDuel","16604","NumberFire","RB",0.19,0.14,0.81,NA,NA,0.01,NA,NA,NA,NA,NA,NA,NA,NA,NA,NA,NA,NA,NA,NA,NA,NA,NA,NA,NA,NA,NA,NA,NA,NA,NA,NA,NA,NA,NA,NA,NA,NA,NA,NA,NA,NA,NA,NA,NA,NA,NA,NA,NA,NA,42,149,12,12,"Green Bay Packers",18,"Minnesota Vikings","MIN",12,"Green Bay Packers","GB","WEEKLY",NA,NA
"Kenneth Gainwell","RB","TB",NA,0,0,0,NA,0,0,NA,4.44,19.85,NA,0.15,NA,5.49,NA,"54895","FanDuel","15255","NumberFire","RB",2.32,1.72,12.21,NA,NA,0.1,NA,NA,NA,NA,NA,NA,NA,NA,NA,NA,NA,NA,NA,NA,NA,NA,NA,NA,NA,NA,NA,NA,NA,NA,NA,NA,NA,NA,NA,NA,NA,NA,NA,NA,NA,NA,NA,NA,NA,NA,NA,NA,NA,NA,43,160,26,30,"Tampa Bay Buccaneers",7,"Cincinnati Bengals","CIN",30,"Tampa Bay Buccaneers","TB","WEEKLY",NA,NA
"Sione Vaki","RB","DET",NA,0,0,0,NA,0,0,NA,7.48,29.76,NA,0.19,NA,5.44,NA,"56076","FanDuel","16678","NumberFire","RB",1.33,0.96,6.46,NA,NA,0.05,NA,NA,NA,NA,NA,NA,NA,NA,NA,NA,NA,NA,NA,NA,NA,NA,NA,NA,NA,NA,NA,NA,NA,NA,NA,NA,NA,NA,NA,NA,NA,NA,NA,NA,NA,NA,NA,NA,NA,NA,NA,NA,NA,NA,44,161,18,11,"Detroit Lions",11,"Detroit Lions","DET",20,"New Orleans Saints","NO","WEEKLY",NA,NA
"Jacob Saylors","RB","DET",NA,0,0,0,NA,0,0,NA,7.48,29.82,NA,0.19,NA,5.43,NA,"56387","FanDuel","16850","NumberFire","RB",1.33,0.96,6.32,NA,NA,0.05,NA,NA,NA,NA,NA,NA,NA,NA,NA,NA,NA,NA,NA,NA,NA,NA,NA,NA,NA,NA,NA,NA,NA,NA,NA,NA,NA,NA,NA,NA,NA,NA,NA,NA,NA,NA,NA,NA,NA,NA,NA,NA,NA,NA,45,163,18,11,"Detroit Lions",11,"Detroit Lions","DET",20,"New Orleans Saints","NO","WEEKLY",NA,NA
"Dylan Sampson","RB","CLE",NA,0,0,0,NA,0,0,NA,5.08,20.73,NA,0.11,NA,5.37,NA,"56273","FanDuel","17047","NumberFire","RB",2.62,2,13.57,NA,NA,0.06,NA,NA,NA,NA,NA,NA,NA,NA,NA,NA,NA,NA,NA,NA,NA,NA,NA,NA,NA,NA,NA,NA,NA,NA,NA,NA,NA,NA,NA,NA,NA,NA,NA,NA,NA,NA,NA,NA,NA,NA,NA,NA,NA,NA,46,164,15,8,"Cleveland Browns",15,"Jacksonville Jaguars","JAC",8,"Cleveland Browns","CLE","WEEKLY",NA,NA
"Braelon Allen","RB","NYJ",NA,0,0,0,NA,0,0,NA,7.44,31.23,NA,0.22,NA,5.28,NA,"55977","FanDuel","16596","NumberFire","RB",0.79,0.62,4.68,NA,NA,0.02,NA,NA,NA,NA,NA,NA,NA,NA,NA,NA,NA,NA,NA,NA,NA,NA,NA,NA,NA,NA,NA,NA,NA,NA,NA,NA,NA,NA,NA,NA,NA,NA,NA,NA,NA,NA,NA,NA,NA,NA,NA,NA,NA,NA,47,167,8,22,"New York Jets",31,"Tennessee Titans","TEN",22,"New York Jets","NYJ","WEEKLY",NA,NA
"Jadarian Price","RB","SEA",NA,0,0,0,NA,0,0,NA,6.9,27.2,NA,0.23,NA,5.19,NA,"56646","FanDuel","17473","NumberFire","RB",1,0.75,5.39,NA,NA,0.04,NA,NA,NA,NA,NA,NA,NA,NA,NA,NA,NA,NA,NA,NA,NA,NA,NA,NA,NA,NA,NA,NA,NA,NA,NA,NA,NA,NA,NA,NA,NA,NA,NA,NA,NA,NA,NA,NA,NA,NA,NA,NA,NA,NA,48,172,4,28,"Seattle Seahawks",28,"Seattle Seahawks","SEA",19,"New England Patriots","NE","WEEKLY",NA,NA
"Malik Davis","RB","DAL",NA,0,0,0,NA,0,0,NA,6.82,29.35,NA,0.18,NA,5.13,NA,"55492","FanDuel","15738","NumberFire","RB",1.07,0.81,5.28,NA,NA,0.04,NA,NA,NA,NA,NA,NA,NA,NA,NA,NA,NA,NA,NA,NA,NA,NA,NA,NA,NA,NA,NA,NA,NA,NA,NA,NA,NA,NA,NA,NA,NA,NA,NA,NA,NA,NA,NA,NA,NA,NA,NA,NA,NA,NA,49,175,28,9,"Dallas Cowboys",21,"New York Giants","NYG",9,"Dallas Cowboys","DAL","WEEKLY",NA,NA
"Jonathon Brooks","RB","CAR",NA,0,0,0,NA,0,0,NA,6.45,27.95,NA,0.23,NA,5.11,NA,"55910","FanDuel","16597","NumberFire","RB",0.9,0.69,4.65,NA,NA,0.03,NA,NA,NA,NA,NA,NA,NA,NA,NA,NA,NA,NA,NA,NA,NA,NA,NA,NA,NA,NA,NA,NA,NA,NA,NA,NA,NA,NA,NA,NA,NA,NA,NA,NA,NA,NA,NA,NA,NA,NA,NA,NA,NA,NA,50,176,19,5,"Carolina Panthers",5,"Carolina Panthers","CAR",6,"Chicago Bears","CHI","WEEKLY",NA,NA
"George Holani","RB","SEA",NA,0,0,0,NA,0,0,NA,6.9,27.26,NA,0.16,NA,5,NA,"56204","FanDuel","16608","NumberFire","RB",1.33,0.99,6.39,NA,NA,0.05,NA,NA,NA,NA,NA,NA,NA,NA,NA,NA,NA,NA,NA,NA,NA,NA,NA,NA,NA,NA,NA,NA,NA,NA,NA,NA,NA,NA,NA,NA,NA,NA,NA,NA,NA,NA,NA,NA,NA,NA,NA,NA,NA,NA,51,179,4,28,"Seattle Seahawks",28,"Seattle Seahawks","SEA",19,"New England Patriots","NE","WEEKLY",NA,NA
"Velus Jones","RB","SEA",NA,0,0,0,NA,0,0,NA,6.9,28.17,NA,0.16,NA,4.98,NA,"55238","FanDuel","15767","NumberFire","RB",1.33,0.97,6.8,NA,NA,0.05,NA,NA,NA,NA,NA,NA,NA,NA,NA,NA,NA,NA,NA,NA,NA,NA,NA,NA,NA,NA,NA,NA,NA,NA,NA,NA,NA,NA,NA,NA,NA,NA,NA,NA,NA,NA,NA,NA,NA,NA,NA,NA,NA,NA,52,182,4,28,"Seattle Seahawks",28,"Seattle Seahawks","SEA",19,"New England Patriots","NE","WEEKLY",NA,NA
"Samaje Perine","RB","CIN",NA,0,0,0,NA,0,0,NA,4.38,18.34,NA,0.12,NA,4.97,NA,"53446","FanDuel","13133","NumberFire","RB",1.78,1.4,13.59,NA,NA,0.08,NA,NA,NA,NA,NA,NA,NA,NA,NA,NA,NA,NA,NA,NA,NA,NA,NA,NA,NA,NA,NA,NA,NA,NA,NA,NA,NA,NA,NA,NA,NA,NA,NA,NA,NA,NA,NA,NA,NA,NA,NA,NA,NA,NA,53,184,13,7,"Cincinnati Bengals",7,"Cincinnati Bengals","CIN",30,"Tampa Bay Buccaneers","TB","WEEKLY",NA,NA
"Chris Brooks","RB","GB",NA,0,0,0,NA,0,0,NA,5.63,22.83,NA,0.13,NA,4.53,NA,"55751","FanDuel","16387","NumberFire","RB",1.52,1.13,6.39,NA,NA,0.05,NA,NA,NA,NA,NA,NA,NA,NA,NA,NA,NA,NA,NA,NA,NA,NA,NA,NA,NA,NA,NA,NA,NA,NA,NA,NA,NA,NA,NA,NA,NA,NA,NA,NA,NA,NA,NA,NA,NA,NA,NA,NA,NA,NA,54,192,12,12,"Green Bay Packers",18,"Minnesota Vikings","MIN",12,"Green Bay Packers","GB","WEEKLY",NA,NA
"Brian Robinson","RB","ATL",NA,0,0,0,NA,0,0,NA,7.14,29.74,NA,0.15,NA,4.51,NA,"55276","FanDuel","15716","NumberFire","RB",0.61,0.48,3.52,NA,NA,0.02,NA,NA,NA,NA,NA,NA,NA,NA,NA,NA,NA,NA,NA,NA,NA,NA,NA,NA,NA,NA,NA,NA,NA,NA,NA,NA,NA,NA,NA,NA,NA,NA,NA,NA,NA,NA,NA,NA,NA,NA,NA,NA,NA,NA,55,193,20,2,"Atlanta Falcons",25,"Pittsburgh Steelers","PIT",2,"Atlanta Falcons","ATL","WEEKLY",NA,NA
"Chris Rodriguez Jr.","RB","JAC",NA,0,0,0,NA,0,0,NA,6.73,30.02,NA,0.23,NA,4.34,NA,"55710","FanDuel","16174","NumberFire","RB",0,0,0,NA,NA,0,NA,NA,NA,NA,NA,NA,NA,NA,NA,NA,NA,NA,NA,NA,NA,NA,NA,NA,NA,NA,NA,NA,NA,NA,NA,NA,NA,NA,NA,NA,NA,NA,NA,NA,NA,NA,NA,NA,NA,NA,NA,NA,NA,NA,56,198,7,15,"Jacksonville Jaguars",15,"Jacksonville Jaguars","JAC",8,"Cleveland Browns","CLE","WEEKLY",NA,NA
"Keaton Mitchell","RB","LAC",NA,0,0,0,NA,0,0,NA,4.83,21.36,NA,0.17,NA,4.23,NA,"55819","FanDuel","16178","NumberFire","RB",0.97,0.72,5.3,NA,NA,0.04,NA,NA,NA,NA,NA,NA,NA,NA,NA,NA,NA,NA,NA,NA,NA,NA,NA,NA,NA,NA,NA,NA,NA,NA,NA,NA,NA,NA,NA,NA,NA,NA,NA,NA,NA,NA,NA,NA,NA,NA,NA,NA,NA,NA,57,200,22,34,"Los Angeles Chargers",34,"Los Angeles Chargers","LAC",1,"Arizona Cardinals","ARI","WEEKLY",NA,NA
"Tank Bigsby","RB","PHI",NA,0,0,0,NA,0,0,NA,4.94,21.67,NA,0.16,NA,4.09,NA,"55626","FanDuel","16164","NumberFire","RB",0.94,0.67,5.43,NA,NA,0.03,NA,NA,NA,NA,NA,NA,NA,NA,NA,NA,NA,NA,NA,NA,NA,NA,NA,NA,NA,NA,NA,NA,NA,NA,NA,NA,NA,NA,NA,NA,NA,NA,NA,NA,NA,NA,NA,NA,NA,NA,NA,NA,NA,NA,58,205,11,24,"Philadelphia Eagles",24,"Philadelphia Eagles","PHI",32,"Washington Commanders","WSH","WEEKLY",NA,NA
"Emanuel Wilson","RB","SEA",NA,0,0,0,NA,0,0,NA,4.74,20.16,NA,0.15,NA,4,NA,"55715","FanDuel","16432","NumberFire","RB",1,0.76,5.09,NA,NA,0.04,NA,NA,NA,NA,NA,NA,NA,NA,NA,NA,NA,NA,NA,NA,NA,NA,NA,NA,NA,NA,NA,NA,NA,NA,NA,NA,NA,NA,NA,NA,NA,NA,NA,NA,NA,NA,NA,NA,NA,NA,NA,NA,NA,NA,59,210,4,28,"Seattle Seahawks",28,"Seattle Seahawks","SEA",19,"New England Patriots","NE","WEEKLY",NA,NA
"Jarquez Hunter","RB","MIA",NA,0,0,0,NA,0,0,NA,4.56,18.2,NA,0.1,NA,3.87,NA,"56457","FanDuel","17064","NumberFire","RB",1.5,1.12,7.91,NA,NA,0.03,NA,NA,NA,NA,NA,NA,NA,NA,NA,NA,NA,NA,NA,NA,NA,NA,NA,NA,NA,NA,NA,NA,NA,NA,NA,NA,NA,NA,NA,NA,NA,NA,NA,NA,NA,NA,NA,NA,NA,NA,NA,NA,NA,NA,60,213,10,17,"Miami Dolphins",35,"Las Vegas Raiders","LV",17,"Miami Dolphins","MIA","WEEKLY",NA,NA
"Emmett Johnson","RB","KC",NA,0,0,0,NA,0,0,NA,5.94,23.56,NA,0.16,NA,3.55,NA,"56662","FanDuel","17474","NumberFire","RB",0.31,0.21,1.46,NA,NA,0.01,NA,NA,NA,NA,NA,NA,NA,NA,NA,NA,NA,NA,NA,NA,NA,NA,NA,NA,NA,NA,NA,NA,NA,NA,NA,NA,NA,NA,NA,NA,NA,NA,NA,NA,NA,NA,NA,NA,NA,NA,NA,NA,NA,NA,61,224,6,16,"Kansas City Chiefs",16,"Kansas City Chiefs","KC",10,"Denver Broncos","DEN","WEEKLY",NA,NA
"Kaleb Johnson","RB","GB",NA,0,0,0,NA,0,0,NA,5.63,22.13,NA,0.13,NA,3.2,NA,"56277","FanDuel","17048","NumberFire","RB",0.3,0.23,1.27,NA,NA,0.01,NA,NA,NA,NA,NA,NA,NA,NA,NA,NA,NA,NA,NA,NA,NA,NA,NA,NA,NA,NA,NA,NA,NA,NA,NA,NA,NA,NA,NA,NA,NA,NA,NA,NA,NA,NA,NA,NA,NA,NA,NA,NA,NA,NA,62,230,12,12,"Green Bay Packers",18,"Minnesota Vikings","MIN",12,"Green Bay Packers","GB","WEEKLY",NA,NA
"Jaylen Wright","RB","MIA",NA,0,0,0,NA,0,0,NA,3.38,13.41,NA,0.07,NA,3.2,NA,"55982","FanDuel","16610","NumberFire","RB",1.5,1.11,7.8,NA,NA,0.03,NA,NA,NA,NA,NA,NA,NA,NA,NA,NA,NA,NA,NA,NA,NA,NA,NA,NA,NA,NA,NA,NA,NA,NA,NA,NA,NA,NA,NA,NA,NA,NA,NA,NA,NA,NA,NA,NA,NA,NA,NA,NA,NA,NA,62,230,10,17,"Miami Dolphins",35,"Las Vegas Raiders","LV",17,"Miami Dolphins","MIA","WEEKLY",NA,NA
"DJ Giddens","RB","IND",NA,0,0,0,NA,0,0,NA,3.03,12.15,NA,0.08,NA,3.18,NA,"56296","FanDuel","17060","NumberFire","RB",1.47,1.12,7.28,NA,NA,0.04,NA,NA,NA,NA,NA,NA,NA,NA,NA,NA,NA,NA,NA,NA,NA,NA,NA,NA,NA,NA,NA,NA,NA,NA,NA,NA,NA,NA,NA,NA,NA,NA,NA,NA,NA,NA,NA,NA,NA,NA,NA,NA,NA,NA,64,233,2,14,"Indianapolis Colts",14,"Indianapolis Colts","IND",3,"Baltimore Ravens","BAL","WEEKLY",NA,NA
"Mike Washington","RB","LV",NA,0,0,0,NA,0,0,NA,3.84,16.71,NA,0.14,NA,3.18,NA,"56666","FanDuel","17482","NumberFire","RB",0.62,0.48,3.45,NA,NA,0.02,NA,NA,NA,NA,NA,NA,NA,NA,NA,NA,NA,NA,NA,NA,NA,NA,NA,NA,NA,NA,NA,NA,NA,NA,NA,NA,NA,NA,NA,NA,NA,NA,NA,NA,NA,NA,NA,NA,NA,NA,NA,NA,NA,NA,64,233,32,35,"Las Vegas Raiders",35,"Las Vegas Raiders","LV",17,"Miami Dolphins","MIA","WEEKLY",NA,NA
"Sean Tucker","RB","TB",NA,0,0,0,NA,0,0,NA,4.2,18.57,NA,0.14,NA,3.05,NA,"55641","FanDuel","16166","NumberFire","RB",0.33,0.25,1.91,NA,NA,0.02,NA,NA,NA,NA,NA,NA,NA,NA,NA,NA,NA,NA,NA,NA,NA,NA,NA,NA,NA,NA,NA,NA,NA,NA,NA,NA,NA,NA,NA,NA,NA,NA,NA,NA,NA,NA,NA,NA,NA,NA,NA,NA,NA,NA,66,238,26,30,"Tampa Bay Buccaneers",7,"Cincinnati Bengals","CIN",30,"Tampa Bay Buccaneers","TB","WEEKLY",NA,NA
"Ty Johnson","RB","BUF",NA,0,0,0,NA,0,0,NA,3.32,14.09,NA,0.08,NA,3.04,NA,"54241","FanDuel","14095","NumberFire","RB",0.92,0.65,6.81,NA,NA,0.03,NA,NA,NA,NA,NA,NA,NA,NA,NA,NA,NA,NA,NA,NA,NA,NA,NA,NA,NA,NA,NA,NA,NA,NA,NA,NA,NA,NA,NA,NA,NA,NA,NA,NA,NA,NA,NA,NA,NA,NA,NA,NA,NA,NA,67,239,14,4,"Buffalo Bills",13,"Houston Texans","HOU",4,"Buffalo Bills","BUF","WEEKLY",NA,NA
"Brashard Smith","RB","KC",NA,0,0,0,NA,0,0,NA,2.67,10.53,NA,0.07,NA,2.42,NA,"56299","FanDuel","17049","NumberFire","RB",0.92,0.62,4.4,NA,NA,0.04,NA,NA,NA,NA,NA,NA,NA,NA,NA,NA,NA,NA,NA,NA,NA,NA,NA,NA,NA,NA,NA,NA,NA,NA,NA,NA,NA,NA,NA,NA,NA,NA,NA,NA,NA,NA,NA,NA,NA,NA,NA,NA,NA,NA,68,255,6,16,"Kansas City Chiefs",16,"Kansas City Chiefs","KC",10,"Denver Broncos","DEN","WEEKLY",NA,NA
"Ameer Abdullah","RB","JAC",NA,0,0,0,NA,0,0,NA,1.17,4.83,NA,0.03,NA,2.39,NA,"52787","FanDuel","12155","NumberFire","RB",1.73,1.21,8.04,NA,NA,0.06,NA,NA,NA,NA,NA,NA,NA,NA,NA,NA,NA,NA,NA,NA,NA,NA,NA,NA,NA,NA,NA,NA,NA,NA,NA,NA,NA,NA,NA,NA,NA,NA,NA,NA,NA,NA,NA,NA,NA,NA,NA,NA,NA,NA,69,258,7,15,"Jacksonville Jaguars",15,"Jacksonville Jaguars","JAC",8,"Cleveland Browns","CLE","WEEKLY",NA,NA
"Corey Kiner","RB","NE",NA,0,0,0,NA,0,0,NA,3.21,12.58,NA,0.06,NA,2.32,NA,"56578","FanDuel","17274","NumberFire","RB",0.67,0.53,3.52,NA,NA,0.02,NA,NA,NA,NA,NA,NA,NA,NA,NA,NA,NA,NA,NA,NA,NA,NA,NA,NA,NA,NA,NA,NA,NA,NA,NA,NA,NA,NA,NA,NA,NA,NA,NA,NA,NA,NA,NA,NA,NA,NA,NA,NA,NA,NA,70,263,16,19,"New England Patriots",28,"Seattle Seahawks","SEA",19,"New England Patriots","NE","WEEKLY",NA,NA
"Kaelon Black","RB","SF",NA,0,0,0,NA,0,0,NA,3.52,14.15,NA,0.07,NA,2.15,NA,"56683","FanDuel","17485","NumberFire","RB",0.33,0.25,1.71,NA,NA,0.01,NA,NA,NA,NA,NA,NA,NA,NA,NA,NA,NA,NA,NA,NA,NA,NA,NA,NA,NA,NA,NA,NA,NA,NA,NA,NA,NA,NA,NA,NA,NA,NA,NA,NA,NA,NA,NA,NA,NA,NA,NA,NA,NA,NA,71,274,24,27,"San Francisco 49ers",33,"Los Angeles Rams","LA",27,"San Francisco 49ers","SF","WEEKLY",NA,NA
"Dylan Laube","RB","LV",NA,0,0,0,NA,0,0,NA,2.75,11.26,NA,0.07,NA,2.13,NA,"55983","FanDuel","16613","NumberFire","RB",0.62,0.47,3.09,NA,NA,0.02,NA,NA,NA,NA,NA,NA,NA,NA,NA,NA,NA,NA,NA,NA,NA,NA,NA,NA,NA,NA,NA,NA,NA,NA,NA,NA,NA,NA,NA,NA,NA,NA,NA,NA,NA,NA,NA,NA,NA,NA,NA,NA,NA,NA,72,276,32,35,"Las Vegas Raiders",35,"Las Vegas Raiders","LV",17,"Miami Dolphins","MIA","WEEKLY",NA,NA
"Kimani Vidal","RB","LAC",NA,0,0,0,NA,0,0,NA,2.41,10.66,NA,0.09,NA,2.02,NA,"55986","FanDuel","16757","NumberFire","RB",0.32,0.24,1.93,NA,NA,0.02,NA,NA,NA,NA,NA,NA,NA,NA,NA,NA,NA,NA,NA,NA,NA,NA,NA,NA,NA,NA,NA,NA,NA,NA,NA,NA,NA,NA,NA,NA,NA,NA,NA,NA,NA,NA,NA,NA,NA,NA,NA,NA,NA,NA,73,280,22,34,"Los Angeles Chargers",34,"Los Angeles Chargers","LAC",1,"Arizona Cardinals","ARI","WEEKLY",NA,NA
"Justice Hill","RB","BAL",NA,0,0,0,NA,0,0,NA,1.53,6.61,NA,0.05,NA,1.99,NA,"54173","FanDuel","14086","NumberFire","RB",0.85,0.61,5.07,NA,NA,0.04,NA,NA,NA,NA,NA,NA,NA,NA,NA,NA,NA,NA,NA,NA,NA,NA,NA,NA,NA,NA,NA,NA,NA,NA,NA,NA,NA,NA,NA,NA,NA,NA,NA,NA,NA,NA,NA,NA,NA,NA,NA,NA,NA,NA,74,284,25,3,"Baltimore Ravens",14,"Indianapolis Colts","IND",3,"Baltimore Ravens","BAL","WEEKLY",NA,NA
"Travis Homer","RB","PIT",NA,0,0,0,NA,0,0,NA,1.23,5.17,NA,0.03,NA,1.96,NA,"54356","FanDuel","14083","NumberFire","RB",1.13,0.84,6.19,NA,NA,0.04,NA,NA,NA,NA,NA,NA,NA,NA,NA,NA,NA,NA,NA,NA,NA,NA,NA,NA,NA,NA,NA,NA,NA,NA,NA,NA,NA,NA,NA,NA,NA,NA,NA,NA,NA,NA,NA,NA,NA,NA,NA,NA,NA,NA,75,286,30,25,"Pittsburgh Steelers",25,"Pittsburgh Steelers","PIT",2,"Atlanta Falcons","ATL","WEEKLY",NA,NA
"LeQuint Allen Jr.","RB","JAC",NA,0,0,0,NA,0,0,NA,1.76,7.06,NA,0.04,NA,1.93,NA,"56345","FanDuel","17061","NumberFire","RB",1.03,0.73,4.55,NA,NA,0.03,NA,NA,NA,NA,NA,NA,NA,NA,NA,NA,NA,NA,NA,NA,NA,NA,NA,NA,NA,NA,NA,NA,NA,NA,NA,NA,NA,NA,NA,NA,NA,NA,NA,NA,NA,NA,NA,NA,NA,NA,NA,NA,NA,NA,76,289,7,15,"Jacksonville Jaguars",15,"Jacksonville Jaguars","JAC",8,"Cleveland Browns","CLE","WEEKLY",NA,NA
"Isaiah Davis","RB","NYJ",NA,0,0,0,NA,0,0,NA,1.55,6.78,NA,0.05,NA,1.89,NA,"56086","FanDuel","16752","NumberFire","RB",0.79,0.62,4.85,NA,NA,0.02,NA,NA,NA,NA,NA,NA,NA,NA,NA,NA,NA,NA,NA,NA,NA,NA,NA,NA,NA,NA,NA,NA,NA,NA,NA,NA,NA,NA,NA,NA,NA,NA,NA,NA,NA,NA,NA,NA,NA,NA,NA,NA,NA,NA,77,295,8,22,"New York Jets",31,"Tennessee Titans","TEN",22,"New York Jets","NYJ","WEEKLY",NA,NA
"Josh Williams","RB","TB",NA,0,0,0,NA,0,0,NA,3.4,14.24,NA,0.07,NA,1.8,NA,"56501","FanDuel","17359","NumberFire","RB",0,0,0,NA,NA,0,NA,NA,NA,NA,NA,NA,NA,NA,NA,NA,NA,NA,NA,NA,NA,NA,NA,NA,NA,NA,NA,NA,NA,NA,NA,NA,NA,NA,NA,NA,NA,NA,NA,NA,NA,NA,NA,NA,NA,NA,NA,NA,NA,NA,78,298,26,30,"Tampa Bay Buccaneers",7,"Cincinnati Bengals","CIN",30,"Tampa Bay Buccaneers","TB","WEEKLY",NA,NA
"Seth McGowan","RB","IND",NA,0,0,0,NA,0,0,NA,2.53,10.14,NA,0.07,NA,1.78,NA,"56660","FanDuel","17475","NumberFire","RB",0.37,0.28,1.82,NA,NA,0.01,NA,NA,NA,NA,NA,NA,NA,NA,NA,NA,NA,NA,NA,NA,NA,NA,NA,NA,NA,NA,NA,NA,NA,NA,NA,NA,NA,NA,NA,NA,NA,NA,NA,NA,NA,NA,NA,NA,NA,NA,NA,NA,NA,NA,79,301,2,14,"Indianapolis Colts",14,"Indianapolis Colts","IND",3,"Baltimore Ravens","BAL","WEEKLY",NA,NA
"Tyrone Tracy Jr.","RB","NYG",NA,0,0,0,NA,0,0,NA,1.75,7.77,NA,0.05,NA,1.77,NA,"55978","FanDuel","16747","NumberFire","RB",0.62,0.46,3.65,NA,NA,0.02,NA,NA,NA,NA,NA,NA,NA,NA,NA,NA,NA,NA,NA,NA,NA,NA,NA,NA,NA,NA,NA,NA,NA,NA,NA,NA,NA,NA,NA,NA,NA,NA,NA,NA,NA,NA,NA,NA,NA,NA,NA,NA,NA,NA,80,302,29,21,"New York Giants",21,"New York Giants","NYG",9,"Dallas Cowboys","DAL","WEEKLY",NA,NA
"Rasheen Ali","RB","BAL",NA,0,0,0,NA,0,0,NA,1.22,4.84,NA,0.03,NA,1.72,NA,"56198","FanDuel","16746","NumberFire","RB",1,0.7,4.87,NA,NA,0.04,NA,NA,NA,NA,NA,NA,NA,NA,NA,NA,NA,NA,NA,NA,NA,NA,NA,NA,NA,NA,NA,NA,NA,NA,NA,NA,NA,NA,NA,NA,NA,NA,NA,NA,NA,NA,NA,NA,NA,NA,NA,NA,NA,NA,81,305,25,3,"Baltimore Ravens",14,"Indianapolis Colts","IND",3,"Baltimore Ravens","BAL","WEEKLY",NA,NA
"Ollie Gordon II","RB","MIA",NA,0,0,0,NA,0,0,NA,1.58,6.47,NA,0.05,NA,1.64,NA,"56294","FanDuel","17059","NumberFire","RB",0.6,0.46,3.44,NA,NA,0.02,NA,NA,NA,NA,NA,NA,NA,NA,NA,NA,NA,NA,NA,NA,NA,NA,NA,NA,NA,NA,NA,NA,NA,NA,NA,NA,NA,NA,NA,NA,NA,NA,NA,NA,NA,NA,NA,NA,NA,NA,NA,NA,NA,NA,82,314,10,17,"Miami Dolphins",35,"Las Vegas Raiders","LV",17,"Miami Dolphins","MIA","WEEKLY",NA,NA
"Nicholas Singleton","RB","TEN",NA,0,0,0,NA,0,0,NA,3.33,13.47,NA,0.05,NA,1.61,NA,"56685","FanDuel","17476","NumberFire","RB",0,0,0,NA,NA,0,NA,NA,NA,NA,NA,NA,NA,NA,NA,NA,NA,NA,NA,NA,NA,NA,NA,NA,NA,NA,NA,NA,NA,NA,NA,NA,NA,NA,NA,NA,NA,NA,NA,NA,NA,NA,NA,NA,NA,NA,NA,NA,NA,NA,83,317,9,31,"Tennessee Titans",31,"Tennessee Titans","TEN",22,"New York Jets","NYJ","WEEKLY",NA,NA
"Patrick Ricard","RB","NYG",NA,0,0,0,NA,0,0,NA,0.89,3.84,NA,0.03,NA,1.59,NA,"53546","FanDuel","13455","NumberFire","RB",0.94,0.7,5.19,NA,NA,0.03,NA,NA,NA,NA,NA,NA,NA,NA,NA,NA,NA,NA,NA,NA,NA,NA,NA,NA,NA,NA,NA,NA,NA,NA,NA,NA,NA,NA,NA,NA,NA,NA,NA,NA,NA,NA,NA,NA,NA,NA,NA,NA,NA,NA,84,320,29,21,"New York Giants",21,"New York Giants","NYG",9,"Dallas Cowboys","DAL","WEEKLY",NA,NA
"A.J. Dillon","RB","CAR",NA,0,0,0,NA,0,0,NA,1.12,4.71,NA,0.03,NA,1.45,NA,"54522","FanDuel","14805","NumberFire","RB",0.73,0.55,4.22,NA,NA,0.02,NA,NA,NA,NA,NA,NA,NA,NA,NA,NA,NA,NA,NA,NA,NA,NA,NA,NA,NA,NA,NA,NA,NA,NA,NA,NA,NA,NA,NA,NA,NA,NA,NA,NA,NA,NA,NA,NA,NA,NA,NA,NA,NA,NA,85,326,19,5,"Carolina Panthers",5,"Carolina Panthers","CAR",6,"Chicago Bears","CHI","WEEKLY",NA,NA
"Devin Singletary","RB","NYG",NA,0,0,0,NA,0,0,NA,1.19,5.09,NA,0.04,NA,1.42,NA,"54171","FanDuel","14080","NumberFire","RB",0.6,0.45,3.24,NA,NA,0.02,NA,NA,NA,NA,NA,NA,NA,NA,NA,NA,NA,NA,NA,NA,NA,NA,NA,NA,NA,NA,NA,NA,NA,NA,NA,NA,NA,NA,NA,NA,NA,NA,NA,NA,NA,NA,NA,NA,NA,NA,NA,NA,NA,NA,86,328,29,21,"New York Giants",21,"New York Giants","NYG",9,"Dallas Cowboys","DAL","WEEKLY",NA,NA
"Hunter Luepke","RB","DAL",NA,0,0,0,NA,0,0,NA,0.27,1.16,NA,0.01,NA,1.38,NA,"55724","FanDuel","16391","NumberFire","RB",1.07,0.82,5.5,NA,NA,0.04,NA,NA,NA,NA,NA,NA,NA,NA,NA,NA,NA,NA,NA,NA,NA,NA,NA,NA,NA,NA,NA,NA,NA,NA,NA,NA,NA,NA,NA,NA,NA,NA,NA,NA,NA,NA,NA,NA,NA,NA,NA,NA,NA,NA,87,329,28,9,"Dallas Cowboys",21,"New York Giants","NYG",9,"Dallas Cowboys","DAL","WEEKLY",NA,NA
"Jordan James","RB","SF",NA,0,0,0,NA,0,0,NA,1.35,5.44,NA,0.03,NA,1.36,NA,"56491","FanDuel","17055","NumberFire","RB",0.6,0.46,3.08,NA,NA,0.02,NA,NA,NA,NA,NA,NA,NA,NA,NA,NA,NA,NA,NA,NA,NA,NA,NA,NA,NA,NA,NA,NA,NA,NA,NA,NA,NA,NA,NA,NA,NA,NA,NA,NA,NA,NA,NA,NA,NA,NA,NA,NA,NA,NA,88,331,24,27,"San Francisco 49ers",33,"Los Angeles Rams","LA",27,"San Francisco 49ers","SF","WEEKLY",NA,NA
"Kaytron Allen","RB","WSH",NA,0,0,0,NA,0,0,NA,1.73,6.95,NA,0.04,NA,1.22,NA,"56687","FanDuel","17478","NumberFire","RB",0.29,0.2,1.44,NA,NA,0.01,NA,NA,NA,NA,NA,NA,NA,NA,NA,NA,NA,NA,NA,NA,NA,NA,NA,NA,NA,NA,NA,NA,NA,NA,NA,NA,NA,NA,NA,NA,NA,NA,NA,NA,NA,NA,NA,NA,NA,NA,NA,NA,NA,NA,89,338,5,32,"Washington Commanders",24,"Philadelphia Eagles","PHI",32,"Washington Commanders","WSH","WEEKLY",NA,NA
"Kendre Miller","RB","NO",NA,0,0,0,NA,0,0,NA,1.09,4.6,NA,0.04,NA,1.19,NA,"55634","FanDuel","16171","NumberFire","RB",0.45,0.33,2.69,NA,NA,0.01,NA,NA,NA,NA,NA,NA,NA,NA,NA,NA,NA,NA,NA,NA,NA,NA,NA,NA,NA,NA,NA,NA,NA,NA,NA,NA,NA,NA,NA,NA,NA,NA,NA,NA,NA,NA,NA,NA,NA,NA,NA,NA,NA,NA,90,340,31,20,"New Orleans Saints",11,"Detroit Lions","DET",20,"New Orleans Saints","NO","WEEKLY",NA,NA
"Kyle Juszczyk","RB","SF",NA,0,0,0,NA,0,0,NA,1.28,5.09,NA,0.03,NA,1.04,NA,"52158","FanDuel","11367","NumberFire","RB",0.3,0.22,2.03,NA,NA,0.01,NA,NA,NA,NA,NA,NA,NA,NA,NA,NA,NA,NA,NA,NA,NA,NA,NA,NA,NA,NA,NA,NA,NA,NA,NA,NA,NA,NA,NA,NA,NA,NA,NA,NA,NA,NA,NA,NA,NA,NA,NA,NA,NA,NA,91,351,24,27,"San Francisco 49ers",33,"Los Angeles Rams","LA",27,"San Francisco 49ers","SF","WEEKLY",NA,NA
"Tahj Brooks","RB","CIN",NA,0,0,0,NA,0,0,NA,1.03,4.14,NA,0.03,NA,0.98,NA,"56297","FanDuel","17058","NumberFire","RB",0.36,0.27,2.09,NA,NA,0.01,NA,NA,NA,NA,NA,NA,NA,NA,NA,NA,NA,NA,NA,NA,NA,NA,NA,NA,NA,NA,NA,NA,NA,NA,NA,NA,NA,NA,NA,NA,NA,NA,NA,NA,NA,NA,NA,NA,NA,NA,NA,NA,NA,NA,92,353,13,7,"Cincinnati Bengals",7,"Cincinnati Bengals","CIN",30,"Tampa Bay Buccaneers","TB","WEEKLY",NA,NA
"Alec Ingold","RB","LAC",NA,0,0,0,NA,0,0,NA,0.3,1.28,NA,0.01,NA,0.98,NA,"54334","FanDuel","14420","NumberFire","RB",0.64,0.49,3.88,NA,NA,0.03,NA,NA,NA,NA,NA,NA,NA,NA,NA,NA,NA,NA,NA,NA,NA,NA,NA,NA,NA,NA,NA,NA,NA,NA,NA,NA,NA,NA,NA,NA,NA,NA,NA,NA,NA,NA,NA,NA,NA,NA,NA,NA,NA,NA,92,353,22,34,"Los Angeles Chargers",34,"Los Angeles Chargers","LAC",1,"Arizona Cardinals","ARI","WEEKLY",NA,NA
"Ronnie Rivers","RB","LA",NA,0,0,0,NA,0,0,NA,1.34,5.45,NA,0.03,NA,0.91,NA,"55466","FanDuel","15726","NumberFire","RB",0.18,0.13,0.84,NA,NA,0.01,NA,NA,NA,NA,NA,NA,NA,NA,NA,NA,NA,NA,NA,NA,NA,NA,NA,NA,NA,NA,NA,NA,NA,NA,NA,NA,NA,NA,NA,NA,NA,NA,NA,NA,NA,NA,NA,NA,NA,NA,NA,NA,NA,NA,94,359,17,33,"Los Angeles Rams",33,"Los Angeles Rams","LA",27,"San Francisco 49ers","SF","WEEKLY",NA,NA
"Raheim Sanders","RB","CLE",NA,0,0,0,NA,0,0,NA,1.14,4.51,NA,0.02,NA,0.85,NA,"56332","FanDuel","17062","NumberFire","RB",0.29,0.22,1.31,NA,NA,0.01,NA,NA,NA,NA,NA,NA,NA,NA,NA,NA,NA,NA,NA,NA,NA,NA,NA,NA,NA,NA,NA,NA,NA,NA,NA,NA,NA,NA,NA,NA,NA,NA,NA,NA,NA,NA,NA,NA,NA,NA,NA,NA,NA,NA,95,362,15,8,"Cleveland Browns",15,"Jacksonville Jaguars","JAC",8,"Cleveland Browns","CLE","WEEKLY",NA,NA
"Tyler Badie","RB","DEN",NA,0,0,0,NA,0,0,NA,0.32,1.27,NA,0.01,NA,0.84,NA,"55552","FanDuel","15718","NumberFire","RB",0.67,0.49,3.06,NA,NA,0.02,NA,NA,NA,NA,NA,NA,NA,NA,NA,NA,NA,NA,NA,NA,NA,NA,NA,NA,NA,NA,NA,NA,NA,NA,NA,NA,NA,NA,NA,NA,NA,NA,NA,NA,NA,NA,NA,NA,NA,NA,NA,NA,NA,NA,96,363,23,10,"Denver Broncos",16,"Kansas City Chiefs","KC",10,"Denver Broncos","DEN","WEEKLY",NA,NA
"Josh Jacobs","RB","GB",NA,0,0,0,NA,0,0,NA,1.13,4.49,NA,0.05,NA,0.73,NA,"54151","FanDuel","14073","NumberFire","RB",0,0,0,NA,NA,0,NA,NA,NA,NA,NA,NA,NA,NA,NA,NA,NA,NA,NA,NA,NA,NA,NA,NA,NA,NA,NA,NA,NA,NA,NA,NA,NA,NA,NA,NA,NA,NA,NA,NA,NA,NA,NA,NA,NA,NA,NA,NA,NA,NA,97,373,12,12,"Green Bay Packers",18,"Minnesota Vikings","MIN",12,"Green Bay Packers","GB","WEEKLY",NA,NA
"Ray Davis","RB","BUF",NA,0,0,0,NA,0,0,NA,0.6,2.4,NA,0.01,NA,0.65,NA,"55975","FanDuel","16603","NumberFire","RB",0.31,0.23,1.74,NA,NA,0.01,NA,NA,NA,NA,NA,NA,NA,NA,NA,NA,NA,NA,NA,NA,NA,NA,NA,NA,NA,NA,NA,NA,NA,NA,NA,NA,NA,NA,NA,NA,NA,NA,NA,NA,NA,NA,NA,NA,NA,NA,NA,NA,NA,NA,98,375,14,4,"Buffalo Bills",13,"Houston Texans","HOU",4,"Buffalo Bills","BUF","WEEKLY",NA,NA
"Audric Estime","RB","NO",NA,0,0,0,NA,0,0,NA,0.27,1.11,NA,0.01,NA,0.64,NA,"55985","FanDuel","16595","NumberFire","RB",0.45,0.33,2.4,NA,NA,0.01,NA,NA,NA,NA,NA,NA,NA,NA,NA,NA,NA,NA,NA,NA,NA,NA,NA,NA,NA,NA,NA,NA,NA,NA,NA,NA,NA,NA,NA,NA,NA,NA,NA,NA,NA,NA,NA,NA,NA,NA,NA,NA,NA,NA,99,376,31,20,"New Orleans Saints",11,"Detroit Lions","DET",20,"New Orleans Saints","NO","WEEKLY",NA,NA
"Will Shipley","RB","PHI",NA,0,0,0,NA,0,0,NA,0.58,2.35,NA,0.01,NA,0.61,NA,"55988","FanDuel","16601","NumberFire","RB",0.31,0.22,1.66,NA,NA,0.01,NA,NA,NA,NA,NA,NA,NA,NA,NA,NA,NA,NA,NA,NA,NA,NA,NA,NA,NA,NA,NA,NA,NA,NA,NA,NA,NA,NA,NA,NA,NA,NA,NA,NA,NA,NA,NA,NA,NA,NA,NA,NA,NA,NA,100,378,11,24,"Philadelphia Eagles",24,"Philadelphia Eagles","PHI",32,"Washington Commanders","WSH","WEEKLY",NA,NA
"Zonovan Knight","RB","ARI",NA,0,0,0,NA,0,0,NA,0.31,1.33,NA,0.01,NA,0.51,NA,"55527","FanDuel","15727","NumberFire","RB",0.3,0.21,1.54,NA,NA,0.01,NA,NA,NA,NA,NA,NA,NA,NA,NA,NA,NA,NA,NA,NA,NA,NA,NA,NA,NA,NA,NA,NA,NA,NA,NA,NA,NA,NA,NA,NA,NA,NA,NA,NA,NA,NA,NA,NA,NA,NA,NA,NA,NA,NA,101,382,1,1,"Arizona Cardinals",34,"Los Angeles Chargers","LAC",1,"Arizona Cardinals","ARI","WEEKLY",NA,NA
"Jerome Ford","RB","WSH",NA,0,0,0,NA,0,0,NA,0.29,1.19,NA,0.01,NA,0.48,NA,"55336","FanDuel","15713","NumberFire","RB",0.29,0.21,1.38,NA,NA,0.01,NA,NA,NA,NA,NA,NA,NA,NA,NA,NA,NA,NA,NA,NA,NA,NA,NA,NA,NA,NA,NA,NA,NA,NA,NA,NA,NA,NA,NA,NA,NA,NA,NA,NA,NA,NA,NA,NA,NA,NA,NA,NA,NA,NA,102,383,5,32,"Washington Commanders",24,"Philadelphia Eagles","PHI",32,"Washington Commanders","WSH","WEEKLY",NA,NA
"British Brooks","RB","HOU",NA,0,0,0,NA,0,0,NA,0.81,3.36,NA,0.02,NA,0.46,NA,"56007","FanDuel","16816","NumberFire","RB",0,0,0,NA,NA,0,NA,NA,NA,NA,NA,NA,NA,NA,NA,NA,NA,NA,NA,NA,NA,NA,NA,NA,NA,NA,NA,NA,NA,NA,NA,NA,NA,NA,NA,NA,NA,NA,NA,NA,NA,NA,NA,NA,NA,NA,NA,NA,NA,NA,103,384,3,13,"Houston Texans",13,"Houston Texans","HOU",4,"Buffalo Bills","BUF","WEEKLY",NA,NA
"Julius Chestnut","RB","TEN",NA,0,0,0,NA,0,0,NA,0.28,1.12,NA,0,NA,0.44,NA,"55532","FanDuel","15965","NumberFire","RB",0.31,0.23,1.49,NA,NA,0.01,NA,NA,NA,NA,NA,NA,NA,NA,NA,NA,NA,NA,NA,NA,NA,NA,NA,NA,NA,NA,NA,NA,NA,NA,NA,NA,NA,NA,NA,NA,NA,NA,NA,NA,NA,NA,NA,NA,NA,NA,NA,NA,NA,NA,104,388,9,31,"Tennessee Titans",31,"Tennessee Titans","TEN",22,"New York Jets","NYJ","WEEKLY",NA,NA
"Reggie Gilliam","RB","NE",NA,0,0,0,NA,0,0,NA,0.73,2.84,NA,0.01,NA,0.34,NA,"54640","FanDuel","15103","NumberFire","RB",0,0,0,NA,NA,0,NA,NA,NA,NA,NA,NA,NA,NA,NA,NA,NA,NA,NA,NA,NA,NA,NA,NA,NA,NA,NA,NA,NA,NA,NA,NA,NA,NA,NA,NA,NA,NA,NA,NA,NA,NA,NA,NA,NA,NA,NA,NA,NA,NA,105,403,16,19,"New England Patriots",28,"Seattle Seahawks","SEA",19,"New England Patriots","NE","WEEKLY",NA,NA
"Terrell Jennings","RB","NE",NA,0,0,0,NA,0,0,NA,0.73,2.83,NA,0.01,NA,0.34,NA,"56138","FanDuel","16957","NumberFire","RB",0,0,0,NA,NA,0,NA,NA,NA,NA,NA,NA,NA,NA,NA,NA,NA,NA,NA,NA,NA,NA,NA,NA,NA,NA,NA,NA,NA,NA,NA,NA,NA,NA,NA,NA,NA,NA,NA,NA,NA,NA,NA,NA,NA,NA,NA,NA,NA,NA,105,403,16,19,"New England Patriots",28,"Seattle Seahawks","SEA",19,"New England Patriots","NE","WEEKLY",NA,NA
"Eric Gray","RB","NYG",NA,0,0,0,NA,0,0,NA,0,0,NA,0,NA,0.34,NA,"55712","FanDuel","16173","NumberFire","RB",0.31,0.23,1.65,NA,NA,0.01,NA,NA,NA,NA,NA,NA,NA,NA,NA,NA,NA,NA,NA,NA,NA,NA,NA,NA,NA,NA,NA,NA,NA,NA,NA,NA,NA,NA,NA,NA,NA,NA,NA,NA,NA,NA,NA,NA,NA,NA,NA,NA,NA,NA,105,403,29,21,"New York Giants",21,"New York Giants","NYG",9,"Dallas Cowboys","DAL","WEEKLY",NA,NA
"Kene Nwangwu","RB","NYJ",NA,0,0,0,NA,0,0,NA,0.31,1.24,NA,0.01,NA,0.18,NA,"55120","FanDuel","15414","NumberFire","RB",0,0,0,NA,NA,0,NA,NA,NA,NA,NA,NA,NA,NA,NA,NA,NA,NA,NA,NA,NA,NA,NA,NA,NA,NA,NA,NA,NA,NA,NA,NA,NA,NA,NA,NA,NA,NA,NA,NA,NA,NA,NA,NA,NA,NA,NA,NA,NA,NA,108,435,8,22,"New York Jets",31,"Tennessee Titans","TEN",22,"New York Jets","NYJ","WEEKLY",NA,NA
"Roschon Johnson","RB","CHI",NA,0,0,0,NA,0,0,NA,0.12,0.47,NA,0,NA,0.05,NA,"55635","FanDuel","16175","NumberFire","RB",0,0,0,NA,NA,0,NA,NA,NA,NA,NA,NA,NA,NA,NA,NA,NA,NA,NA,NA,NA,NA,NA,NA,NA,NA,NA,NA,NA,NA,NA,NA,NA,NA,NA,NA,NA,NA,NA,NA,NA,NA,NA,NA,NA,NA,NA,NA,NA,NA,109,436,21,6,"Chicago Bears",5,"Carolina Panthers","CAR",6,"Chicago Bears","CHI","WEEKLY",NA,NA
"Zach Charbonnet","RB","SEA",NA,0,0,0,NA,0,0,NA,0,0,NA,0,NA,0,NA,"55596","FanDuel","16169","NumberFire","RB",0,0,0,NA,NA,0,NA,NA,NA,NA,NA,NA,NA,NA,NA,NA,NA,NA,NA,NA,NA,NA,NA,NA,NA,NA,NA,NA,NA,NA,NA,NA,NA,NA,NA,NA,NA,NA,NA,NA,NA,NA,NA,NA,NA,NA,NA,NA,NA,NA,110,437,4,28,"Seattle Seahawks",28,"Seattle Seahawks","SEA",19,"New England Patriots","NE","WEEKLY",NA,NA
"Brady Russell","RB","SEA",NA,0,0,0,NA,0,0,NA,0,0,NA,0,NA,0,NA,"55762","FanDuel","16496","NumberFire","RB",0,0,0,NA,NA,0,NA,NA,NA,NA,NA,NA,NA,NA,NA,NA,NA,NA,NA,NA,NA,NA,NA,NA,NA,NA,NA,NA,NA,NA,NA,NA,NA,NA,NA,NA,NA,NA,NA,NA,NA,NA,NA,NA,NA,NA,NA,NA,NA,NA,110,437,4,28,"Seattle Seahawks",28,"Seattle Seahawks","SEA",19,"New England Patriots","NE","WEEKLY",NA,NA
"TreVeyon Henderson","RB","NE",NA,0,0,0,NA,0,0,NA,0,0,NA,0,NA,0,NA,"56276","FanDuel","17043","NumberFire","RB",0,0,0,NA,NA,0,NA,NA,NA,NA,NA,NA,NA,NA,NA,NA,NA,NA,NA,NA,NA,NA,NA,NA,NA,NA,NA,NA,NA,NA,NA,NA,NA,NA,NA,NA,NA,NA,NA,NA,NA,NA,NA,NA,NA,NA,NA,NA,NA,NA,110,437,16,19,"New England Patriots",28,"Seattle Seahawks","SEA",19,"New England Patriots","NE","WEEKLY",NA,NA
"Robbie Ouzts","RB","SEA",NA,0,0,0,NA,0,0,NA,0,0,NA,0,NA,0,NA,"56315","FanDuel","17215","NumberFire","RB",0,0,0,NA,NA,0,NA,NA,NA,NA,NA,NA,NA,NA,NA,NA,NA,NA,NA,NA,NA,NA,NA,NA,NA,NA,NA,NA,NA,NA,NA,NA,NA,NA,NA,NA,NA,NA,NA,NA,NA,NA,NA,NA,NA,NA,NA,NA,NA,NA,110,437,4,28,"Seattle Seahawks",28,"Seattle Seahawks","SEA",19,"New England Patriots","NE","WEEKLY",NA,NA
"Isaac Guerendo","RB","SF",NA,0,0,0,NA,0,0,NA,0,0,NA,0,NA,0,NA,"56046","FanDuel","16688","NumberFire","RB",0,0,0,NA,NA,0,NA,NA,NA,NA,NA,NA,NA,NA,NA,NA,NA,NA,NA,NA,NA,NA,NA,NA,NA,NA,NA,NA,NA,NA,NA,NA,NA,NA,NA,NA,NA,NA,NA,NA,NA,NA,NA,NA,NA,NA,NA,NA,NA,NA,110,437,24,27,"San Francisco 49ers",33,"Los Angeles Rams","LA",27,"San Francisco 49ers","SF","WEEKLY",NA,NA
"Trevor Etienne","RB","CAR",NA,0,0,0,NA,0,0,NA,0,0,NA,0,NA,0,NA,"56371","FanDuel","17056","NumberFire","RB",0,0,0,NA,NA,0,NA,NA,NA,NA,NA,NA,NA,NA,NA,NA,NA,NA,NA,NA,NA,NA,NA,NA,NA,NA,NA,NA,NA,NA,NA,NA,NA,NA,NA,NA,NA,NA,NA,NA,NA,NA,NA,NA,NA,NA,NA,NA,NA,NA,110,437,19,5,"Carolina Panthers",5,"Carolina Panthers","CAR",6,"Chicago Bears","CHI","WEEKLY",NA,NA
"Kendall Milton","RB","CIN",NA,0,0,0,NA,0,0,NA,0,0,NA,0,NA,0,NA,"56556","FanDuel","16606","NumberFire","RB",0,0,0,NA,NA,0,NA,NA,NA,NA,NA,NA,NA,NA,NA,NA,NA,NA,NA,NA,NA,NA,NA,NA,NA,NA,NA,NA,NA,NA,NA,NA,NA,NA,NA,NA,NA,NA,NA,NA,NA,NA,NA,NA,NA,NA,NA,NA,NA,NA,110,437,13,7,"Cincinnati Bengals",7,"Cincinnati Bengals","CIN",30,"Tampa Bay Buccaneers","TB","WEEKLY",NA,NA
"Andrew Beck","RB","NYJ",NA,0,0,0,NA,0,0,NA,0,0,NA,0,NA,0,NA,"54321","FanDuel","14319","NumberFire","RB",0,0,0,NA,NA,0,NA,NA,NA,NA,NA,NA,NA,NA,NA,NA,NA,NA,NA,NA,NA,NA,NA,NA,NA,NA,NA,NA,NA,NA,NA,NA,NA,NA,NA,NA,NA,NA,NA,NA,NA,NA,NA,NA,NA,NA,NA,NA,NA,NA,110,437,8,22,"New York Jets",31,"Tennessee Titans","TEN",22,"New York Jets","NYJ","WEEKLY",NA,NA
"Isiah Pacheco","RB","DET",NA,0,0,0,NA,0,0,NA,0,0,NA,0,NA,0,NA,"55280","FanDuel","15749","NumberFire","RB",0,0,0,NA,NA,0,NA,NA,NA,NA,NA,NA,NA,NA,NA,NA,NA,NA,NA,NA,NA,NA,NA,NA,NA,NA,NA,NA,NA,NA,NA,NA,NA,NA,NA,NA,NA,NA,NA,NA,NA,NA,NA,NA,NA,NA,NA,NA,NA,NA,110,437,18,11,"Detroit Lions",11,"Detroit Lions","DET",20,"New Orleans Saints","NO","WEEKLY",NA,NA
"Devin Neal","RB","NO",NA,0,0,0,NA,0,0,NA,0,0,NA,0,NA,0,NA,"56282","FanDuel","17046","NumberFire","RB",0,0,0,NA,NA,0,NA,NA,NA,NA,NA,NA,NA,NA,NA,NA,NA,NA,NA,NA,NA,NA,NA,NA,NA,NA,NA,NA,NA,NA,NA,NA,NA,NA,NA,NA,NA,NA,NA,NA,NA,NA,NA,NA,NA,NA,NA,NA,NA,NA,110,437,31,20,"New Orleans Saints",11,"Detroit Lions","DET",20,"New Orleans Saints","NO","WEEKLY",NA,NA
"James Conner","RB","ARI",NA,0,0,0,NA,0,0,NA,0,0,NA,0,NA,0,NA,"53421","FanDuel","13146","NumberFire","RB",0,0,0,NA,NA,0,NA,NA,NA,NA,NA,NA,NA,NA,NA,NA,NA,NA,NA,NA,NA,NA,NA,NA,NA,NA,NA,NA,NA,NA,NA,NA,NA,NA,NA,NA,NA,NA,NA,NA,NA,NA,NA,NA,NA,NA,NA,NA,NA,NA,110,437,1,1,"Arizona Cardinals",34,"Los Angeles Chargers","LAC",1,"Arizona Cardinals","ARI","WEEKLY",NA,NA
"Trey Benson","RB","ARI",NA,0,0,0,NA,0,0,NA,0,0,NA,0,NA,0,NA,"55907","FanDuel","16594","NumberFire","RB",0,0,0,NA,NA,0,NA,NA,NA,NA,NA,NA,NA,NA,NA,NA,NA,NA,NA,NA,NA,NA,NA,NA,NA,NA,NA,NA,NA,NA,NA,NA,NA,NA,NA,NA,NA,NA,NA,NA,NA,NA,NA,NA,NA,NA,NA,NA,NA,NA,110,437,1,1,"Arizona Cardinals",34,"Los Angeles Chargers","LAC",1,"Arizona Cardinals","ARI","WEEKLY",NA,NA
"Amar Johnson","RB","LAC",NA,0,0,0,NA,0,0,NA,0,0,NA,0,NA,0,NA,"56544","FanDuel","17272","NumberFire","RB",0,0,0,NA,NA,0,NA,NA,NA,NA,NA,NA,NA,NA,NA,NA,NA,NA,NA,NA,NA,NA,NA,NA,NA,NA,NA,NA,NA,NA,NA,NA,NA,NA,NA,NA,NA,NA,NA,NA,NA,NA,NA,NA,NA,NA,NA,NA,NA,NA,110,437,22,34,"Los Angeles Chargers",34,"Los Angeles Chargers","LAC",1,"Arizona Cardinals","ARI","WEEKLY",NA,NA
"Jeremy McNichols","RB","WSH",NA,0,0,0,NA,0,0,NA,0,0,NA,0,NA,0,NA,"53752","FanDuel","13143","NumberFire","RB",0,0,0,NA,NA,0,NA,NA,NA,NA,NA,NA,NA,NA,NA,NA,NA,NA,NA,NA,NA,NA,NA,NA,NA,NA,NA,NA,NA,NA,NA,NA,NA,NA,NA,NA,NA,NA,NA,NA,NA,NA,NA,NA,NA,NA,NA,NA,NA,NA,110,437,5,32,"Washington Commanders",24,"Philadelphia Eagles","PHI",32,"Washington Commanders","WSH","WEEKLY",NA,NA
"Israel Abanikanda","RB","DAL",NA,0,0,0,NA,0,0,NA,0,0,NA,0,NA,0,NA,"55855","FanDuel","16168","NumberFire","RB",0,0,0,NA,NA,0,NA,NA,NA,NA,NA,NA,NA,NA,NA,NA,NA,NA,NA,NA,NA,NA,NA,NA,NA,NA,NA,NA,NA,NA,NA,NA,NA,NA,NA,NA,NA,NA,NA,NA,NA,NA,NA,NA,NA,NA,NA,NA,NA,NA,110,437,28,9,"Dallas Cowboys",21,"New York Giants","NYG",9,"Dallas Cowboys","DAL","WEEKLY",NA,NA
"Jonah Coleman","RB","DEN",NA,0,0,0,NA,0,0,NA,0,0,NA,0,NA,0,NA,"56658","FanDuel","17477","NumberFire","RB",0,0,0,NA,NA,0,NA,NA,NA,NA,NA,NA,NA,NA,NA,NA,NA,NA,NA,NA,NA,NA,NA,NA,NA,NA,NA,NA,NA,NA,NA,NA,NA,NA,NA,NA,NA,NA,NA,NA,NA,NA,NA,NA,NA,NA,NA,NA,NA,NA,110,437,23,10,"Denver Broncos",16,"Kansas City Chiefs","KC",10,"Denver Broncos","DEN","WEEKLY",NA,NA
"Amon-Ra St. Brown","WR","DET",NA,0,0,0,NA,0,0,NA,0.42,1.74,NA,0.01,NA,16.67,NA,"54885","FanDuel","15287","NumberFire","WR",10.64,7.21,86.35,NA,NA,0.71,NA,NA,NA,NA,NA,NA,NA,NA,NA,NA,NA,NA,NA,NA,NA,NA,NA,NA,NA,NA,NA,NA,NA,NA,NA,NA,NA,NA,NA,NA,NA,NA,NA,NA,NA,NA,NA,NA,NA,NA,NA,NA,NA,NA,1,19,18,11,"Detroit Lions",11,"Detroit Lions","DET",20,"New Orleans Saints","NO","WEEKLY",NA,NA
"Chris Olave","WR","NO",NA,0,0,0,NA,0,0,NA,0.27,1.56,NA,0.01,NA,16.54,NA,"55261","FanDuel","15754","NumberFire","WR",11.79,7.22,94.09,NA,NA,0.55,NA,NA,NA,NA,NA,NA,NA,NA,NA,NA,NA,NA,NA,NA,NA,NA,NA,NA,NA,NA,NA,NA,NA,NA,NA,NA,NA,NA,NA,NA,NA,NA,NA,NA,NA,NA,NA,NA,NA,NA,NA,NA,NA,NA,2,22,31,20,"New Orleans Saints",11,"Detroit Lions","DET",20,"New Orleans Saints","NO","WEEKLY",NA,NA
"Ja'Marr Chase","WR","CIN",NA,0,0,0,NA,0,0,NA,0,0,NA,0,NA,16.05,NA,"54864","FanDuel","15281","NumberFire","WR",10.66,6.94,82.25,NA,NA,0.73,NA,NA,NA,NA,NA,NA,NA,NA,NA,NA,NA,NA,NA,NA,NA,NA,NA,NA,NA,NA,NA,NA,NA,NA,NA,NA,NA,NA,NA,NA,NA,NA,NA,NA,NA,NA,NA,NA,NA,NA,NA,NA,NA,NA,3,28,13,7,"Cincinnati Bengals",7,"Cincinnati Bengals","CIN",30,"Tampa Bay Buccaneers","TB","WEEKLY",NA,NA
"Puka Nacua","WR","LA",NA,0,0,0,NA,0,0,NA,0.8,3.57,NA,0.03,NA,16,NA,"55652","FanDuel","16211","NumberFire","WR",9.85,7.08,90.65,NA,NA,0.48,NA,NA,NA,NA,NA,NA,NA,NA,NA,NA,NA,NA,NA,NA,NA,NA,NA,NA,NA,NA,NA,NA,NA,NA,NA,NA,NA,NA,NA,NA,NA,NA,NA,NA,NA,NA,NA,NA,NA,NA,NA,NA,NA,NA,4,30,17,33,"Los Angeles Rams",33,"Los Angeles Rams","LA",27,"San Francisco 49ers","SF","WEEKLY",NA,NA
"Jaxon Smith-Njigba","WR","SEA",NA,0,0,0,NA,0,0,NA,0.43,2.19,NA,0.02,NA,15.79,NA,"55595","FanDuel","16185","NumberFire","WR",9.33,6.39,91.92,NA,NA,0.53,NA,NA,NA,NA,NA,NA,NA,NA,NA,NA,NA,NA,NA,NA,NA,NA,NA,NA,NA,NA,NA,NA,NA,NA,NA,NA,NA,NA,NA,NA,NA,NA,NA,NA,NA,NA,NA,NA,NA,NA,NA,NA,NA,NA,5,33,4,28,"Seattle Seahawks",28,"Seattle Seahawks","SEA",19,"New England Patriots","NE","WEEKLY",NA,NA
"CeeDee Lamb","WR","DAL",NA,0,0,0,NA,0,0,NA,0.55,2.77,NA,0.03,NA,15.17,NA,"54517","FanDuel","14832","NumberFire","WR",9.67,6.37,84.85,NA,NA,0.51,NA,NA,NA,NA,NA,NA,NA,NA,NA,NA,NA,NA,NA,NA,NA,NA,NA,NA,NA,NA,NA,NA,NA,NA,NA,NA,NA,NA,NA,NA,NA,NA,NA,NA,NA,NA,NA,NA,NA,NA,NA,NA,NA,NA,6,37,28,9,"Dallas Cowboys",21,"New York Giants","NYG",9,"Dallas Cowboys","DAL","WEEKLY",NA,NA
"Alec Pierce","WR","IND",NA,0,0,0,NA,0,0,NA,0,0,NA,0,NA,13.91,NA,"55253","FanDuel","15768","NumberFire","WR",9.42,5.12,93.31,NA,NA,0.34,NA,NA,NA,NA,NA,NA,NA,NA,NA,NA,NA,NA,NA,NA,NA,NA,NA,NA,NA,NA,NA,NA,NA,NA,NA,NA,NA,NA,NA,NA,NA,NA,NA,NA,NA,NA,NA,NA,NA,NA,NA,NA,NA,NA,7,46,2,14,"Indianapolis Colts",14,"Indianapolis Colts","IND",3,"Baltimore Ravens","BAL","WEEKLY",NA,NA
"Zay Flowers","WR","BAL",NA,0,0,0,NA,0,0,NA,1.22,5.37,NA,0.05,NA,13.91,NA,"55585","FanDuel","16190","NumberFire","WR",8.26,5.24,77.9,NA,NA,0.46,NA,NA,NA,NA,NA,NA,NA,NA,NA,NA,NA,NA,NA,NA,NA,NA,NA,NA,NA,NA,NA,NA,NA,NA,NA,NA,NA,NA,NA,NA,NA,NA,NA,NA,NA,NA,NA,NA,NA,NA,NA,NA,NA,NA,7,46,25,3,"Baltimore Ravens",14,"Indianapolis Colts","IND",3,"Baltimore Ravens","BAL","WEEKLY",NA,NA
"A.J. Brown","WR","NE",NA,0,0,0,NA,0,0,NA,0,0,NA,0,NA,13.75,NA,"54161","FanDuel","14104","NumberFire","WR",9.33,6.25,79.03,NA,NA,0.46,NA,NA,NA,NA,NA,NA,NA,NA,NA,NA,NA,NA,NA,NA,NA,NA,NA,NA,NA,NA,NA,NA,NA,NA,NA,NA,NA,NA,NA,NA,NA,NA,NA,NA,NA,NA,NA,NA,NA,NA,NA,NA,NA,NA,9,49,16,19,"New England Patriots",28,"Seattle Seahawks","SEA",19,"New England Patriots","NE","WEEKLY",NA,NA
"George Pickens","WR","DAL",NA,0,0,0,NA,0,0,NA,0,0,NA,0,NA,12.31,NA,"55267","FanDuel","15762","NumberFire","WR",8.24,5.14,72.62,NA,NA,0.44,NA,NA,NA,NA,NA,NA,NA,NA,NA,NA,NA,NA,NA,NA,NA,NA,NA,NA,NA,NA,NA,NA,NA,NA,NA,NA,NA,NA,NA,NA,NA,NA,NA,NA,NA,NA,NA,NA,NA,NA,NA,NA,NA,NA,10,56,28,9,"Dallas Cowboys",21,"New York Giants","NYG",9,"Dallas Cowboys","DAL","WEEKLY",NA,NA
"Justin Jefferson","WR","MIN",NA,0,0,0,NA,0,0,NA,0,0,NA,0,NA,11.75,NA,"54532","FanDuel","14836","NumberFire","WR",8.96,5.76,63.68,NA,NA,0.42,NA,NA,NA,NA,NA,NA,NA,NA,NA,NA,NA,NA,NA,NA,NA,NA,NA,NA,NA,NA,NA,NA,NA,NA,NA,NA,NA,NA,NA,NA,NA,NA,NA,NA,NA,NA,NA,NA,NA,NA,NA,NA,NA,NA,11,58,27,18,"Minnesota Vikings",18,"Minnesota Vikings","MIN",12,"Green Bay Packers","GB","WEEKLY",NA,NA
"Rashee Rice","WR","KC",NA,0,0,0,NA,0,0,NA,0,0,NA,0,NA,11.49,NA,"55622","FanDuel","16194","NumberFire","WR",8.62,5.38,64.41,NA,NA,0.41,NA,NA,NA,NA,NA,NA,NA,NA,NA,NA,NA,NA,NA,NA,NA,NA,NA,NA,NA,NA,NA,NA,NA,NA,NA,NA,NA,NA,NA,NA,NA,NA,NA,NA,NA,NA,NA,NA,NA,NA,NA,NA,NA,NA,12,60,6,16,"Kansas City Chiefs",16,"Kansas City Chiefs","KC",10,"Denver Broncos","DEN","WEEKLY",NA,NA
"Parker Washington","WR","JAC",NA,0,0,0,NA,0,0,NA,1.17,5.04,NA,0.04,NA,11.39,NA,"55786","FanDuel","16192","NumberFire","WR",8.04,4.69,61.03,NA,NA,0.4,NA,NA,NA,NA,NA,NA,NA,NA,NA,NA,NA,NA,NA,NA,NA,NA,NA,NA,NA,NA,NA,NA,NA,NA,NA,NA,NA,NA,NA,NA,NA,NA,NA,NA,NA,NA,NA,NA,NA,NA,NA,NA,NA,NA,13,62,7,15,"Jacksonville Jaguars",15,"Jacksonville Jaguars","JAC",8,"Cleveland Browns","CLE","WEEKLY",NA,NA
"Drake London","WR","ATL",NA,0,0,0,NA,0,0,NA,0,0,NA,0,NA,11.21,NA,"55233","FanDuel","15751","NumberFire","WR",8.24,5.17,67.21,NA,NA,0.32,NA,NA,NA,NA,NA,NA,NA,NA,NA,NA,NA,NA,NA,NA,NA,NA,NA,NA,NA,NA,NA,NA,NA,NA,NA,NA,NA,NA,NA,NA,NA,NA,NA,NA,NA,NA,NA,NA,NA,NA,NA,NA,NA,NA,14,63,20,2,"Atlanta Falcons",25,"Pittsburgh Steelers","PIT",2,"Atlanta Falcons","ATL","WEEKLY",NA,NA
"DeVonta Smith","WR","PHI",NA,0,0,0,NA,0,0,NA,0,0,NA,0,NA,10.76,NA,"54877","FanDuel","15282","NumberFire","WR",7.18,4.81,62.52,NA,NA,0.35,NA,NA,NA,NA,NA,NA,NA,NA,NA,NA,NA,NA,NA,NA,NA,NA,NA,NA,NA,NA,NA,NA,NA,NA,NA,NA,NA,NA,NA,NA,NA,NA,NA,NA,NA,NA,NA,NA,NA,NA,NA,NA,NA,NA,15,69,11,24,"Philadelphia Eagles",24,"Philadelphia Eagles","PHI",32,"Washington Commanders","WSH","WEEKLY",NA,NA
"Davante Adams","WR","LA",NA,0,0,0,NA,0,0,NA,0,0,NA,0,NA,10.61,NA,"52438","FanDuel","11675","NumberFire","WR",7.39,4.26,55.22,NA,NA,0.49,NA,NA,NA,NA,NA,NA,NA,NA,NA,NA,NA,NA,NA,NA,NA,NA,NA,NA,NA,NA,NA,NA,NA,NA,NA,NA,NA,NA,NA,NA,NA,NA,NA,NA,NA,NA,NA,NA,NA,NA,NA,NA,NA,NA,16,72,17,33,"Los Angeles Rams",33,"Los Angeles Rams","LA",27,"San Francisco 49ers","SF","WEEKLY",NA,NA
"Nico Collins","WR","HOU",NA,0,0,0,NA,0,0,NA,0,0,NA,0,NA,10.55,NA,"54887","FanDuel","15290","NumberFire","WR",7.87,4.96,63.73,NA,NA,0.29,NA,NA,NA,NA,NA,NA,NA,NA,NA,NA,NA,NA,NA,NA,NA,NA,NA,NA,NA,NA,NA,NA,NA,NA,NA,NA,NA,NA,NA,NA,NA,NA,NA,NA,NA,NA,NA,NA,NA,NA,NA,NA,NA,NA,17,74,3,13,"Houston Texans",13,"Houston Texans","HOU",4,"Buffalo Bills","BUF","WEEKLY",NA,NA
"Tee Higgins","WR","CIN",NA,0,0,0,NA,0,0,NA,0,0,NA,0,NA,10.25,NA,"54512","FanDuel","14835","NumberFire","WR",6.75,4.04,54.65,NA,NA,0.46,NA,NA,NA,NA,NA,NA,NA,NA,NA,NA,NA,NA,NA,NA,NA,NA,NA,NA,NA,NA,NA,NA,NA,NA,NA,NA,NA,NA,NA,NA,NA,NA,NA,NA,NA,NA,NA,NA,NA,NA,NA,NA,NA,NA,18,77,13,7,"Cincinnati Bengals",7,"Cincinnati Bengals","CIN",30,"Tampa Bay Buccaneers","TB","WEEKLY",NA,NA
"Garrett Wilson","WR","NYJ",NA,0,0,0,NA,0,0,NA,0.31,1.58,NA,0.01,NA,10.08,NA,"55264","FanDuel","15753","NumberFire","WR",7.68,4.95,58.83,NA,NA,0.27,NA,NA,NA,NA,NA,NA,NA,NA,NA,NA,NA,NA,NA,NA,NA,NA,NA,NA,NA,NA,NA,NA,NA,NA,NA,NA,NA,NA,NA,NA,NA,NA,NA,NA,NA,NA,NA,NA,NA,NA,NA,NA,NA,NA,19,79,8,22,"New York Jets",31,"Tennessee Titans","TEN",22,"New York Jets","NYJ","WEEKLY",NA,NA
"Jameson Williams","WR","DET",NA,0,0,0,NA,0,0,NA,0,0,NA,0,NA,9.78,NA,"55245","FanDuel","15756","NumberFire","WR",6.33,3.66,55.09,NA,NA,0.41,NA,NA,NA,NA,NA,NA,NA,NA,NA,NA,NA,NA,NA,NA,NA,NA,NA,NA,NA,NA,NA,NA,NA,NA,NA,NA,NA,NA,NA,NA,NA,NA,NA,NA,NA,NA,NA,NA,NA,NA,NA,NA,NA,NA,20,83,18,11,"Detroit Lions",11,"Detroit Lions","DET",20,"New Orleans Saints","NO","WEEKLY",NA,NA
"Ladd McConkey","WR","LAC",NA,0,0,0,NA,0,0,NA,0,0,NA,0,NA,9.73,NA,"55930","FanDuel","16627","NumberFire","WR",6.44,4.17,51.67,NA,NA,0.42,NA,NA,NA,NA,NA,NA,NA,NA,NA,NA,NA,NA,NA,NA,NA,NA,NA,NA,NA,NA,NA,NA,NA,NA,NA,NA,NA,NA,NA,NA,NA,NA,NA,NA,NA,NA,NA,NA,NA,NA,NA,NA,NA,NA,21,84,22,34,"Los Angeles Chargers",34,"Los Angeles Chargers","LAC",1,"Arizona Cardinals","ARI","WEEKLY",NA,NA
"Jakobi Meyers","WR","JAC",NA,0,0,0,NA,0,0,NA,0.29,1.27,NA,0.01,NA,9.54,NA,"54193","FanDuel","14127","NumberFire","WR",7.48,4.58,52.64,NA,NA,0.3,NA,NA,NA,NA,NA,NA,NA,NA,NA,NA,NA,NA,NA,NA,NA,NA,NA,NA,NA,NA,NA,NA,NA,NA,NA,NA,NA,NA,NA,NA,NA,NA,NA,NA,NA,NA,NA,NA,NA,NA,NA,NA,NA,NA,22,86,7,15,"Jacksonville Jaguars",15,"Jacksonville Jaguars","JAC",8,"Cleveland Browns","CLE","WEEKLY",NA,NA
"Luther Burden III","WR","CHI",NA,0,0,0,NA,0,0,NA,0.43,1.75,NA,0.02,NA,9.44,NA,"56269","FanDuel","17070","NumberFire","WR",6.73,3.92,53.43,NA,NA,0.31,NA,NA,NA,NA,NA,NA,NA,NA,NA,NA,NA,NA,NA,NA,NA,NA,NA,NA,NA,NA,NA,NA,NA,NA,NA,NA,NA,NA,NA,NA,NA,NA,NA,NA,NA,NA,NA,NA,NA,NA,NA,NA,NA,NA,23,87,21,6,"Chicago Bears",5,"Carolina Panthers","CAR",6,"Chicago Bears","CHI","WEEKLY",NA,NA
"Tetairoa McMillan","WR","CAR",NA,0,0,0,NA,0,0,NA,0,0,NA,0,NA,9.4,NA,"56250","FanDuel","17071","NumberFire","WR",6.8,4.11,54.69,NA,NA,0.32,NA,NA,NA,NA,NA,NA,NA,NA,NA,NA,NA,NA,NA,NA,NA,NA,NA,NA,NA,NA,NA,NA,NA,NA,NA,NA,NA,NA,NA,NA,NA,NA,NA,NA,NA,NA,NA,NA,NA,NA,NA,NA,NA,NA,24,88,19,5,"Carolina Panthers",5,"Carolina Panthers","CAR",6,"Chicago Bears","CHI","WEEKLY",NA,NA
"Chris Godwin","WR","TB",NA,0,0,0,NA,0,0,NA,0,0,NA,0,NA,9.38,NA,"53594","FanDuel","13163","NumberFire","WR",6.63,4.41,51.99,NA,NA,0.34,NA,NA,NA,NA,NA,NA,NA,NA,NA,NA,NA,NA,NA,NA,NA,NA,NA,NA,NA,NA,NA,NA,NA,NA,NA,NA,NA,NA,NA,NA,NA,NA,NA,NA,NA,NA,NA,NA,NA,NA,NA,NA,NA,NA,25,89,26,30,"Tampa Bay Buccaneers",7,"Cincinnati Bengals","CIN",30,"Tampa Bay Buccaneers","TB","WEEKLY",NA,NA
"Emeka Egbuka","WR","TB",NA,0,0,0,NA,0,0,NA,0.25,1.31,NA,0.01,NA,9.22,NA,"56258","FanDuel","17081","NumberFire","WR",6.63,3.7,50.95,NA,NA,0.35,NA,NA,NA,NA,NA,NA,NA,NA,NA,NA,NA,NA,NA,NA,NA,NA,NA,NA,NA,NA,NA,NA,NA,NA,NA,NA,NA,NA,NA,NA,NA,NA,NA,NA,NA,NA,NA,NA,NA,NA,NA,NA,NA,NA,26,91,26,30,"Tampa Bay Buccaneers",7,"Cincinnati Bengals","CIN",30,"Tampa Bay Buccaneers","TB","WEEKLY",NA,NA
"Jaylen Waddle","WR","DEN",NA,0,0,0,NA,0,0,NA,0,0,NA,0,NA,9.08,NA,"54871","FanDuel","15284","NumberFire","WR",6.72,4.32,54.19,NA,NA,0.25,NA,NA,NA,NA,NA,NA,NA,NA,NA,NA,NA,NA,NA,NA,NA,NA,NA,NA,NA,NA,NA,NA,NA,NA,NA,NA,NA,NA,NA,NA,NA,NA,NA,NA,NA,NA,NA,NA,NA,NA,NA,NA,NA,NA,27,94,23,10,"Denver Broncos",16,"Kansas City Chiefs","KC",10,"Denver Broncos","DEN","WEEKLY",NA,NA
"Jayden Reed","WR","GB",NA,0,0,0,NA,0,0,NA,0.56,2.59,NA,0.02,NA,9.06,NA,"55614","FanDuel","16184","NumberFire","WR",5.87,3.87,49.22,NA,NA,0.32,NA,NA,NA,NA,NA,NA,NA,NA,NA,NA,NA,NA,NA,NA,NA,NA,NA,NA,NA,NA,NA,NA,NA,NA,NA,NA,NA,NA,NA,NA,NA,NA,NA,NA,NA,NA,NA,NA,NA,NA,NA,NA,NA,NA,28,95,12,12,"Green Bay Packers",18,"Minnesota Vikings","MIN",12,"Green Bay Packers","GB","WEEKLY",NA,NA
"D.K. Metcalf","WR","PIT",NA,0,0,0,NA,0,0,NA,0,0,NA,0,NA,9.05,NA,"54159","FanDuel","14102","NumberFire","WR",6.48,3.65,47.88,NA,NA,0.41,NA,NA,NA,NA,NA,NA,NA,NA,NA,NA,NA,NA,NA,NA,NA,NA,NA,NA,NA,NA,NA,NA,NA,NA,NA,NA,NA,NA,NA,NA,NA,NA,NA,NA,NA,NA,NA,NA,NA,NA,NA,NA,NA,NA,29,96,30,25,"Pittsburgh Steelers",25,"Pittsburgh Steelers","PIT",2,"Atlanta Falcons","ATL","WEEKLY",NA,NA
"Christian Watson","WR","GB",NA,0,0,0,NA,0,0,NA,0.56,2.52,NA,0.02,NA,8.91,NA,"55247","FanDuel","15789","NumberFire","WR",5.79,3.37,50.56,NA,NA,0.3,NA,NA,NA,NA,NA,NA,NA,NA,NA,NA,NA,NA,NA,NA,NA,NA,NA,NA,NA,NA,NA,NA,NA,NA,NA,NA,NA,NA,NA,NA,NA,NA,NA,NA,NA,NA,NA,NA,NA,NA,NA,NA,NA,NA,30,97,12,12,"Green Bay Packers",18,"Minnesota Vikings","MIN",12,"Green Bay Packers","GB","WEEKLY",NA,NA
"Cooper Kupp","WR","SEA",NA,0,0,0,NA,0,0,NA,0,0,NA,0,NA,8.83,NA,"53448","FanDuel","13164","NumberFire","WR",5.99,3.83,46.7,NA,NA,0.38,NA,NA,NA,NA,NA,NA,NA,NA,NA,NA,NA,NA,NA,NA,NA,NA,NA,NA,NA,NA,NA,NA,NA,NA,NA,NA,NA,NA,NA,NA,NA,NA,NA,NA,NA,NA,NA,NA,NA,NA,NA,NA,NA,NA,31,98,4,28,"Seattle Seahawks",28,"Seattle Seahawks","SEA",19,"New England Patriots","NE","WEEKLY",NA,NA
"Quentin Johnston","WR","LAC",NA,0,0,0,NA,0,0,NA,0,0,NA,0,NA,8.57,NA,"55579","FanDuel","16188","NumberFire","WR",5.8,3.44,46.31,NA,NA,0.37,NA,NA,NA,NA,NA,NA,NA,NA,NA,NA,NA,NA,NA,NA,NA,NA,NA,NA,NA,NA,NA,NA,NA,NA,NA,NA,NA,NA,NA,NA,NA,NA,NA,NA,NA,NA,NA,NA,NA,NA,NA,NA,NA,NA,32,99,22,34,"Los Angeles Chargers",34,"Los Angeles Chargers","LAC",1,"Arizona Cardinals","ARI","WEEKLY",NA,NA
"Jordan Addison","WR","MIN",NA,0,0,0,NA,0,0,NA,0.3,1.38,NA,0.01,NA,8.39,NA,"55613","FanDuel","16186","NumberFire","WR",5.98,3.69,43.72,NA,NA,0.33,NA,NA,NA,NA,NA,NA,NA,NA,NA,NA,NA,NA,NA,NA,NA,NA,NA,NA,NA,NA,NA,NA,NA,NA,NA,NA,NA,NA,NA,NA,NA,NA,NA,NA,NA,NA,NA,NA,NA,NA,NA,NA,NA,NA,33,103,27,18,"Minnesota Vikings",18,"Minnesota Vikings","MIN",12,"Green Bay Packers","GB","WEEKLY",NA,NA
"D.J. Moore","WR","BUF",NA,0,0,0,NA,0,0,NA,0.6,2.45,NA,0.02,NA,8.11,NA,"53776","FanDuel","13635","NumberFire","WR",6.08,3.72,45.27,NA,NA,0.23,NA,NA,NA,NA,NA,NA,NA,NA,NA,NA,NA,NA,NA,NA,NA,NA,NA,NA,NA,NA,NA,NA,NA,NA,NA,NA,NA,NA,NA,NA,NA,NA,NA,NA,NA,NA,NA,NA,NA,NA,NA,NA,NA,NA,34,108,14,4,"Buffalo Bills",13,"Houston Texans","HOU",4,"Buffalo Bills","BUF","WEEKLY",NA,NA
"Terry McLaurin","WR","WSH",NA,0,0,0,NA,0,0,NA,0,0,NA,0,NA,8.04,NA,"54162","FanDuel","14109","NumberFire","WR",6.13,3.6,48.55,NA,NA,0.23,NA,NA,NA,NA,NA,NA,NA,NA,NA,NA,NA,NA,NA,NA,NA,NA,NA,NA,NA,NA,NA,NA,NA,NA,NA,NA,NA,NA,NA,NA,NA,NA,NA,NA,NA,NA,NA,NA,NA,NA,NA,NA,NA,NA,35,109,5,32,"Washington Commanders",24,"Philadelphia Eagles","PHI",32,"Washington Commanders","WSH","WEEKLY",NA,NA
"Romeo Doubs","WR","NE",NA,0,0,0,NA,0,0,NA,0,0,NA,0,NA,8.01,NA,"55278","FanDuel","15779","NumberFire","WR",5.88,3.72,47.05,NA,NA,0.25,NA,NA,NA,NA,NA,NA,NA,NA,NA,NA,NA,NA,NA,NA,NA,NA,NA,NA,NA,NA,NA,NA,NA,NA,NA,NA,NA,NA,NA,NA,NA,NA,NA,NA,NA,NA,NA,NA,NA,NA,NA,NA,NA,NA,36,110,16,19,"New England Patriots",28,"Seattle Seahawks","SEA",19,"New England Patriots","NE","WEEKLY",NA,NA
"Carnell Tate","WR","TEN",NA,0,0,0,NA,0,0,NA,0,0,NA,0,NA,7.91,NA,"56627","FanDuel","17497","NumberFire","WR",5.64,3.53,44.88,NA,NA,0.28,NA,NA,NA,NA,NA,NA,NA,NA,NA,NA,NA,NA,NA,NA,NA,NA,NA,NA,NA,NA,NA,NA,NA,NA,NA,NA,NA,NA,NA,NA,NA,NA,NA,NA,NA,NA,NA,NA,NA,NA,NA,NA,NA,NA,37,111,9,31,"Tennessee Titans",31,"Tennessee Titans","TEN",22,"New York Jets","NYJ","WEEKLY",NA,NA
"Michael Pittman Jr.","WR","PIT",NA,0,0,0,NA,0,0,NA,0,0,NA,0,NA,7.9,NA,"54524","FanDuel","14842","NumberFire","WR",6.17,4.08,42.03,NA,NA,0.28,NA,NA,NA,NA,NA,NA,NA,NA,NA,NA,NA,NA,NA,NA,NA,NA,NA,NA,NA,NA,NA,NA,NA,NA,NA,NA,NA,NA,NA,NA,NA,NA,NA,NA,NA,NA,NA,NA,NA,NA,NA,NA,NA,NA,38,112,30,25,"Pittsburgh Steelers",25,"Pittsburgh Steelers","PIT",2,"Atlanta Falcons","ATL","WEEKLY",NA,NA
"Rome Odunze","WR","CHI",NA,0,0,0,NA,0,0,NA,0,0,NA,0,NA,7.84,NA,"55911","FanDuel","16616","NumberFire","WR",6.39,3.34,44.11,NA,NA,0.3,NA,NA,NA,NA,NA,NA,NA,NA,NA,NA,NA,NA,NA,NA,NA,NA,NA,NA,NA,NA,NA,NA,NA,NA,NA,NA,NA,NA,NA,NA,NA,NA,NA,NA,NA,NA,NA,NA,NA,NA,NA,NA,NA,NA,39,115,21,6,"Chicago Bears",5,"Carolina Panthers","CAR",6,"Chicago Bears","CHI","WEEKLY",NA,NA
"Brian Thomas Jr.","WR","JAC",NA,0,0,0,NA,0,0,NA,0,0,NA,0,NA,7.83,NA,"55916","FanDuel","16618","NumberFire","WR",5.92,3.35,44.12,NA,NA,0.29,NA,NA,NA,NA,NA,NA,NA,NA,NA,NA,NA,NA,NA,NA,NA,NA,NA,NA,NA,NA,NA,NA,NA,NA,NA,NA,NA,NA,NA,NA,NA,NA,NA,NA,NA,NA,NA,NA,NA,NA,NA,NA,NA,NA,40,116,7,15,"Jacksonville Jaguars",15,"Jacksonville Jaguars","JAC",8,"Cleveland Browns","CLE","WEEKLY",NA,NA
"Makai Lemon","WR","PHI",NA,0,0,0,NA,0,0,NA,0,0,NA,0,NA,7.76,NA,"56637","FanDuel","17499","NumberFire","WR",5.93,3.43,44.46,NA,NA,0.27,NA,NA,NA,NA,NA,NA,NA,NA,NA,NA,NA,NA,NA,NA,NA,NA,NA,NA,NA,NA,NA,NA,NA,NA,NA,NA,NA,NA,NA,NA,NA,NA,NA,NA,NA,NA,NA,NA,NA,NA,NA,NA,NA,NA,41,118,11,24,"Philadelphia Eagles",24,"Philadelphia Eagles","PHI",32,"Washington Commanders","WSH","WEEKLY",NA,NA
"Josh Downs","WR","IND",NA,0,0,0,NA,0,0,NA,0,0,NA,0,NA,7.72,NA,"55636","FanDuel","16187","NumberFire","WR",6.22,4.13,43.38,NA,NA,0.22,NA,NA,NA,NA,NA,NA,NA,NA,NA,NA,NA,NA,NA,NA,NA,NA,NA,NA,NA,NA,NA,NA,NA,NA,NA,NA,NA,NA,NA,NA,NA,NA,NA,NA,NA,NA,NA,NA,NA,NA,NA,NA,NA,NA,42,120,2,14,"Indianapolis Colts",14,"Indianapolis Colts","IND",3,"Baltimore Ravens","BAL","WEEKLY",NA,NA
"Mike Evans","WR","SF",NA,0,0,0,NA,0,0,NA,0,0,NA,0,NA,7.5,NA,"52418","FanDuel","11671","NumberFire","WR",4.97,3.01,38.73,NA,NA,0.35,NA,NA,NA,NA,NA,NA,NA,NA,NA,NA,NA,NA,NA,NA,NA,NA,NA,NA,NA,NA,NA,NA,NA,NA,NA,NA,NA,NA,NA,NA,NA,NA,NA,NA,NA,NA,NA,NA,NA,NA,NA,NA,NA,NA,43,124,24,27,"San Francisco 49ers",33,"Los Angeles Rams","LA",27,"San Francisco 49ers","SF","WEEKLY",NA,NA
"Michael Wilson","WR","ARI",NA,0,0,0,NA,0,0,NA,0,0,NA,0,NA,7.34,NA,"55649","FanDuel","16206","NumberFire","WR",6,3.49,43.93,NA,NA,0.2,NA,NA,NA,NA,NA,NA,NA,NA,NA,NA,NA,NA,NA,NA,NA,NA,NA,NA,NA,NA,NA,NA,NA,NA,NA,NA,NA,NA,NA,NA,NA,NA,NA,NA,NA,NA,NA,NA,NA,NA,NA,NA,NA,NA,44,125,1,1,"Arizona Cardinals",34,"Los Angeles Chargers","LAC",1,"Arizona Cardinals","ARI","WEEKLY",NA,NA
"Wan'Dale Robinson","WR","TEN",NA,0,0,0,NA,0,0,NA,0.28,1.28,NA,0.01,NA,7.26,NA,"55262","FanDuel","15757","NumberFire","WR",5.96,3.72,38.3,NA,NA,0.23,NA,NA,NA,NA,NA,NA,NA,NA,NA,NA,NA,NA,NA,NA,NA,NA,NA,NA,NA,NA,NA,NA,NA,NA,NA,NA,NA,NA,NA,NA,NA,NA,NA,NA,NA,NA,NA,NA,NA,NA,NA,NA,NA,NA,45,126,9,31,"Tennessee Titans",31,"Tennessee Titans","TEN",22,"New York Jets","NYJ","WEEKLY",NA,NA
"Khalil Shakir","WR","BUF",NA,0,0,0,NA,0,0,NA,0,0,NA,0,NA,7.26,NA,"55390","FanDuel","15761","NumberFire","WR",5.53,3.73,41.76,NA,NA,0.21,NA,NA,NA,NA,NA,NA,NA,NA,NA,NA,NA,NA,NA,NA,NA,NA,NA,NA,NA,NA,NA,NA,NA,NA,NA,NA,NA,NA,NA,NA,NA,NA,NA,NA,NA,NA,NA,NA,NA,NA,NA,NA,NA,NA,45,126,14,4,"Buffalo Bills",13,"Houston Texans","HOU",4,"Buffalo Bills","BUF","WEEKLY",NA,NA
"Rashid Shaheed","WR","SEA",NA,0,0,0,NA,0,0,NA,0.86,4.47,NA,0.04,NA,7.24,NA,"55472","FanDuel","16080","NumberFire","WR",4.67,2.84,37.08,NA,NA,0.25,NA,NA,NA,NA,NA,NA,NA,NA,NA,NA,NA,NA,NA,NA,NA,NA,NA,NA,NA,NA,NA,NA,NA,NA,NA,NA,NA,NA,NA,NA,NA,NA,NA,NA,NA,NA,NA,NA,NA,NA,NA,NA,NA,NA,47,128,4,28,"Seattle Seahawks",28,"Seattle Seahawks","SEA",19,"New England Patriots","NE","WEEKLY",NA,NA
"Matthew Golden","WR","GB",NA,0,0,0,NA,0,0,NA,0.56,2.5,NA,0.02,NA,7.23,NA,"56262","FanDuel","17075","NumberFire","WR",5.51,3.34,37.45,NA,NA,0.24,NA,NA,NA,NA,NA,NA,NA,NA,NA,NA,NA,NA,NA,NA,NA,NA,NA,NA,NA,NA,NA,NA,NA,NA,NA,NA,NA,NA,NA,NA,NA,NA,NA,NA,NA,NA,NA,NA,NA,NA,NA,NA,NA,NA,48,129,12,12,"Green Bay Packers",18,"Minnesota Vikings","MIN",12,"Green Bay Packers","GB","WEEKLY",NA,NA
"Jauan Jennings","WR","MIN",NA,0,0,0,NA,0,0,NA,0,0,NA,0,NA,6.73,NA,"54987","FanDuel","14860","NumberFire","WR",5.25,3.38,34.83,NA,NA,0.27,NA,NA,NA,NA,NA,NA,NA,NA,NA,NA,NA,NA,NA,NA,NA,NA,NA,NA,NA,NA,NA,NA,NA,NA,NA,NA,NA,NA,NA,NA,NA,NA,NA,NA,NA,NA,NA,NA,NA,NA,NA,NA,NA,NA,49,135,27,18,"Minnesota Vikings",18,"Minnesota Vikings","MIN",12,"Green Bay Packers","GB","WEEKLY",NA,NA
"Deebo Samuel","WR","SF",NA,0,0,0,NA,0,0,NA,1.37,6.93,NA,0.06,NA,6.64,NA,"54158","FanDuel","14136","NumberFire","WR",4.35,2.93,30.82,NA,NA,0.19,NA,NA,NA,NA,NA,NA,NA,NA,NA,NA,NA,NA,NA,NA,NA,NA,NA,NA,NA,NA,NA,NA,NA,NA,NA,NA,NA,NA,NA,NA,NA,NA,NA,NA,NA,NA,NA,NA,NA,NA,NA,NA,NA,NA,50,137,24,27,"San Francisco 49ers",33,"Los Angeles Rams","LA",27,"San Francisco 49ers","SF","WEEKLY",NA,NA
"Jerry Jeudy","WR","CLE",NA,0,0,0,NA,0,0,NA,0,0,NA,0,NA,6.55,NA,"54518","FanDuel","14833","NumberFire","WR",6.32,3.46,38.02,NA,NA,0.17,NA,NA,NA,NA,NA,NA,NA,NA,NA,NA,NA,NA,NA,NA,NA,NA,NA,NA,NA,NA,NA,NA,NA,NA,NA,NA,NA,NA,NA,NA,NA,NA,NA,NA,NA,NA,NA,NA,NA,NA,NA,NA,NA,NA,51,140,15,8,"Cleveland Browns",15,"Jacksonville Jaguars","JAC",8,"Cleveland Browns","CLE","WEEKLY",NA,NA
"Stefon Diggs","WR","WSH",NA,0,0,0,NA,0,0,NA,0,0,NA,0,NA,6.52,NA,"52804","FanDuel","12186","NumberFire","WR",4.97,3.2,37.83,NA,NA,0.19,NA,NA,NA,NA,NA,NA,NA,NA,NA,NA,NA,NA,NA,NA,NA,NA,NA,NA,NA,NA,NA,NA,NA,NA,NA,NA,NA,NA,NA,NA,NA,NA,NA,NA,NA,NA,NA,NA,NA,NA,NA,NA,NA,NA,52,141,5,32,"Washington Commanders",24,"Philadelphia Eagles","PHI",32,"Washington Commanders","WSH","WEEKLY",NA,NA
"Calvin Ridley","WR","TEN",NA,0,0,0,NA,0,0,NA,0,0,NA,0,NA,6.51,NA,"53772","FanDuel","13629","NumberFire","WR",5.02,2.66,35.82,NA,NA,0.27,NA,NA,NA,NA,NA,NA,NA,NA,NA,NA,NA,NA,NA,NA,NA,NA,NA,NA,NA,NA,NA,NA,NA,NA,NA,NA,NA,NA,NA,NA,NA,NA,NA,NA,NA,NA,NA,NA,NA,NA,NA,NA,NA,NA,53,143,9,31,"Tennessee Titans",31,"Tennessee Titans","TEN",22,"New York Jets","NYJ","WEEKLY",NA,NA
"Courtland Sutton","WR","DEN",NA,0,0,0,NA,0,0,NA,0,0,NA,0,NA,6.49,NA,"53781","FanDuel","13630","NumberFire","WR",5.37,3.1,37.75,NA,NA,0.2,NA,NA,NA,NA,NA,NA,NA,NA,NA,NA,NA,NA,NA,NA,NA,NA,NA,NA,NA,NA,NA,NA,NA,NA,NA,NA,NA,NA,NA,NA,NA,NA,NA,NA,NA,NA,NA,NA,NA,NA,NA,NA,NA,NA,54,144,23,10,"Denver Broncos",16,"Kansas City Chiefs","KC",10,"Denver Broncos","DEN","WEEKLY",NA,NA
"Marvin Harrison Jr.","WR","ARI",NA,0,0,0,NA,0,0,NA,0,0,NA,0,NA,6.45,NA,"55906","FanDuel","16614","NumberFire","WR",5.4,2.9,38.78,NA,NA,0.19,NA,NA,NA,NA,NA,NA,NA,NA,NA,NA,NA,NA,NA,NA,NA,NA,NA,NA,NA,NA,NA,NA,NA,NA,NA,NA,NA,NA,NA,NA,NA,NA,NA,NA,NA,NA,NA,NA,NA,NA,NA,NA,NA,NA,55,146,1,1,"Arizona Cardinals",34,"Los Angeles Chargers","LAC",1,"Arizona Cardinals","ARI","WEEKLY",NA,NA
"Jalen McMillan","WR","TB",NA,0,0,0,NA,0,0,NA,0,0,NA,0,NA,6.35,NA,"55980","FanDuel","16628","NumberFire","WR",4.64,2.79,35.18,NA,NA,0.24,NA,NA,NA,NA,NA,NA,NA,NA,NA,NA,NA,NA,NA,NA,NA,NA,NA,NA,NA,NA,NA,NA,NA,NA,NA,NA,NA,NA,NA,NA,NA,NA,NA,NA,NA,NA,NA,NA,NA,NA,NA,NA,NA,NA,56,147,26,30,"Tampa Bay Buccaneers",7,"Cincinnati Bengals","CIN",30,"Tampa Bay Buccaneers","TB","WEEKLY",NA,NA
"Xavier Worthy","WR","KC",NA,0,0,0,NA,0,0,NA,0,0,NA,0,NA,6.11,NA,"55917","FanDuel","16620","NumberFire","WR",5.23,2.87,32.97,NA,NA,0.23,NA,NA,NA,NA,NA,NA,NA,NA,NA,NA,NA,NA,NA,NA,NA,NA,NA,NA,NA,NA,NA,NA,NA,NA,NA,NA,NA,NA,NA,NA,NA,NA,NA,NA,NA,NA,NA,NA,NA,NA,NA,NA,NA,NA,57,150,6,16,"Kansas City Chiefs",16,"Kansas City Chiefs","KC",10,"Denver Broncos","DEN","WEEKLY",NA,NA
"Kayshon Boutte","WR","HOU",NA,0,0,0,NA,0,0,NA,0,0,NA,0,NA,5.83,NA,"55686","FanDuel","16193","NumberFire","WR",4.41,2.67,34.8,NA,NA,0.17,NA,NA,NA,NA,NA,NA,NA,NA,NA,NA,NA,NA,NA,NA,NA,NA,NA,NA,NA,NA,NA,NA,NA,NA,NA,NA,NA,NA,NA,NA,NA,NA,NA,NA,NA,NA,NA,NA,NA,NA,NA,NA,NA,NA,58,152,3,13,"Houston Texans",13,"Houston Texans","HOU",4,"Buffalo Bills","BUF","WEEKLY",NA,NA
"Jalen Coker","WR","CAR",NA,0,0,0,NA,0,0,NA,0,0,NA,0,NA,5.8,NA,"56109","FanDuel","16809","NumberFire","WR",4.21,2.64,33.55,NA,NA,0.19,NA,NA,NA,NA,NA,NA,NA,NA,NA,NA,NA,NA,NA,NA,NA,NA,NA,NA,NA,NA,NA,NA,NA,NA,NA,NA,NA,NA,NA,NA,NA,NA,NA,NA,NA,NA,NA,NA,NA,NA,NA,NA,NA,NA,59,153,19,5,"Carolina Panthers",5,"Carolina Panthers","CAR",6,"Chicago Bears","CHI","WEEKLY",NA,NA
"Andrei Iosivas","WR","CIN",NA,0,0,0,NA,0,0,NA,1.03,4.91,NA,0.04,NA,5.61,NA,"55777","FanDuel","16207","NumberFire","WR",3.55,2.07,26.05,NA,NA,0.21,NA,NA,NA,NA,NA,NA,NA,NA,NA,NA,NA,NA,NA,NA,NA,NA,NA,NA,NA,NA,NA,NA,NA,NA,NA,NA,NA,NA,NA,NA,NA,NA,NA,NA,NA,NA,NA,NA,NA,NA,NA,NA,NA,NA,60,156,13,7,"Cincinnati Bengals",7,"Cincinnati Bengals","CIN",30,"Tampa Bay Buccaneers","TB","WEEKLY",NA,NA
"Malik Nabers","WR","NYG",NA,0,0,0,NA,0,0,NA,0,0,NA,0,NA,5.55,NA,"55922","FanDuel","16615","NumberFire","WR",4.07,2.5,30.97,NA,NA,0.2,NA,NA,NA,NA,NA,NA,NA,NA,NA,NA,NA,NA,NA,NA,NA,NA,NA,NA,NA,NA,NA,NA,NA,NA,NA,NA,NA,NA,NA,NA,NA,NA,NA,NA,NA,NA,NA,NA,NA,NA,NA,NA,NA,NA,61,157,29,21,"New York Giants",21,"New York Giants","NYG",9,"Dallas Cowboys","DAL","WEEKLY",NA,NA
"Malik Washington","WR","MIA",NA,0,0,0,NA,0,0,NA,0.22,0.99,NA,0.01,NA,5.51,NA,"56117","FanDuel","16684","NumberFire","WR",4.5,2.84,29.86,NA,NA,0.16,NA,NA,NA,NA,NA,NA,NA,NA,NA,NA,NA,NA,NA,NA,NA,NA,NA,NA,NA,NA,NA,NA,NA,NA,NA,NA,NA,NA,NA,NA,NA,NA,NA,NA,NA,NA,NA,NA,NA,NA,NA,NA,NA,NA,62,159,10,17,"Miami Dolphins",35,"Las Vegas Raiders","LV",17,"Miami Dolphins","MIA","WEEKLY",NA,NA
"Tre Harris","WR","LAC",NA,0,0,0,NA,0,0,NA,0,0,NA,0,NA,5.34,NA,"56287","FanDuel","17072","NumberFire","WR",3.87,2.38,28.32,NA,NA,0.22,NA,NA,NA,NA,NA,NA,NA,NA,NA,NA,NA,NA,NA,NA,NA,NA,NA,NA,NA,NA,NA,NA,NA,NA,NA,NA,NA,NA,NA,NA,NA,NA,NA,NA,NA,NA,NA,NA,NA,NA,NA,NA,NA,NA,63,165,22,34,"Los Angeles Chargers",34,"Los Angeles Chargers","LAC",1,"Arizona Cardinals","ARI","WEEKLY",NA,NA
"KC Concepcion","WR","CLE",NA,0,0,0,NA,0,0,NA,0,0,NA,0,NA,5.29,NA,"56640","FanDuel","17501","NumberFire","WR",4.66,2.72,30.49,NA,NA,0.15,NA,NA,NA,NA,NA,NA,NA,NA,NA,NA,NA,NA,NA,NA,NA,NA,NA,NA,NA,NA,NA,NA,NA,NA,NA,NA,NA,NA,NA,NA,NA,NA,NA,NA,NA,NA,NA,NA,NA,NA,NA,NA,NA,NA,64,166,15,8,"Cleveland Browns",15,"Jacksonville Jaguars","JAC",8,"Cleveland Browns","CLE","WEEKLY",NA,NA
"Jalen Nailor","WR","LV",NA,0,0,0,NA,0,0,NA,0,0,NA,0,NA,5.26,NA,"55424","FanDuel","15786","NumberFire","WR",3.75,2.22,30.9,NA,NA,0.18,NA,NA,NA,NA,NA,NA,NA,NA,NA,NA,NA,NA,NA,NA,NA,NA,NA,NA,NA,NA,NA,NA,NA,NA,NA,NA,NA,NA,NA,NA,NA,NA,NA,NA,NA,NA,NA,NA,NA,NA,NA,NA,NA,NA,65,168,32,35,"Las Vegas Raiders",35,"Las Vegas Raiders","LV",17,"Miami Dolphins","MIA","WEEKLY",NA,NA
"Elic Ayomanor","WR","TEN",NA,0,0,0,NA,0,0,NA,0,0,NA,0,NA,5.25,NA,"56302","FanDuel","17073","NumberFire","WR",4.39,2.42,27.19,NA,NA,0.22,NA,NA,NA,NA,NA,NA,NA,NA,NA,NA,NA,NA,NA,NA,NA,NA,NA,NA,NA,NA,NA,NA,NA,NA,NA,NA,NA,NA,NA,NA,NA,NA,NA,NA,NA,NA,NA,NA,NA,NA,NA,NA,NA,NA,66,169,9,31,"Tennessee Titans",31,"Tennessee Titans","TEN",22,"New York Jets","NYJ","WEEKLY",NA,NA
"Jack Bech","WR","LV",NA,0,0,0,NA,0,0,NA,0,0,NA,0,NA,5.25,NA,"56314","FanDuel","17078","NumberFire","WR",4.06,2.43,29.57,NA,NA,0.18,NA,NA,NA,NA,NA,NA,NA,NA,NA,NA,NA,NA,NA,NA,NA,NA,NA,NA,NA,NA,NA,NA,NA,NA,NA,NA,NA,NA,NA,NA,NA,NA,NA,NA,NA,NA,NA,NA,NA,NA,NA,NA,NA,NA,66,169,32,35,"Las Vegas Raiders",35,"Las Vegas Raiders","LV",17,"Miami Dolphins","MIA","WEEKLY",NA,NA
"Jalen Tolbert","WR","MIA",NA,0,0,0,NA,0,0,NA,0,0,NA,0,NA,5.21,NA,"55243","FanDuel","15788","NumberFire","WR",3.89,2.34,31.43,NA,NA,0.15,NA,NA,NA,NA,NA,NA,NA,NA,NA,NA,NA,NA,NA,NA,NA,NA,NA,NA,NA,NA,NA,NA,NA,NA,NA,NA,NA,NA,NA,NA,NA,NA,NA,NA,NA,NA,NA,NA,NA,NA,NA,NA,NA,NA,68,171,10,17,"Miami Dolphins",35,"Las Vegas Raiders","LV",17,"Miami Dolphins","MIA","WEEKLY",NA,NA
"Tre Tucker","WR","LV",NA,0,0,0,NA,0,0,NA,0.55,2.52,NA,0.02,NA,5.14,NA,"55732","FanDuel","16287","NumberFire","WR",3.75,2.24,26.29,NA,NA,0.17,NA,NA,NA,NA,NA,NA,NA,NA,NA,NA,NA,NA,NA,NA,NA,NA,NA,NA,NA,NA,NA,NA,NA,NA,NA,NA,NA,NA,NA,NA,NA,NA,NA,NA,NA,NA,NA,NA,NA,NA,NA,NA,NA,NA,69,174,32,35,"Las Vegas Raiders",35,"Las Vegas Raiders","LV",17,"Miami Dolphins","MIA","WEEKLY",NA,NA
"Demarcus Robinson","WR","SF",NA,0,0,0,NA,0,0,NA,0,0,NA,0,NA,5.06,NA,"53230","FanDuel","12785","NumberFire","WR",3.59,2.29,29.78,NA,NA,0.17,NA,NA,NA,NA,NA,NA,NA,NA,NA,NA,NA,NA,NA,NA,NA,NA,NA,NA,NA,NA,NA,NA,NA,NA,NA,NA,NA,NA,NA,NA,NA,NA,NA,NA,NA,NA,NA,NA,NA,NA,NA,NA,NA,NA,70,178,24,27,"San Francisco 49ers",33,"Los Angeles Rams","LA",27,"San Francisco 49ers","SF","WEEKLY",NA,NA
"Darnell Mooney","WR","NYG",NA,0,0,0,NA,0,0,NA,0,0,NA,0,NA,5,NA,"54612","FanDuel","14974","NumberFire","WR",3.76,2.1,30.11,NA,NA,0.16,NA,NA,NA,NA,NA,NA,NA,NA,NA,NA,NA,NA,NA,NA,NA,NA,NA,NA,NA,NA,NA,NA,NA,NA,NA,NA,NA,NA,NA,NA,NA,NA,NA,NA,NA,NA,NA,NA,NA,NA,NA,NA,NA,NA,71,179,29,21,"New York Giants",21,"New York Giants","NYG",9,"Dallas Cowboys","DAL","WEEKLY",NA,NA
"Rashod Bateman","WR","BAL",NA,0,0,0,NA,0,0,NA,0,0,NA,0,NA,4.98,NA,"54860","FanDuel","15293","NumberFire","WR",3.42,1.94,28.85,NA,NA,0.19,NA,NA,NA,NA,NA,NA,NA,NA,NA,NA,NA,NA,NA,NA,NA,NA,NA,NA,NA,NA,NA,NA,NA,NA,NA,NA,NA,NA,NA,NA,NA,NA,NA,NA,NA,NA,NA,NA,NA,NA,NA,NA,NA,NA,72,182,25,3,"Baltimore Ravens",14,"Indianapolis Colts","IND",3,"Baltimore Ravens","BAL","WEEKLY",NA,NA
"Caleb Douglas","WR","MIA",NA,0,0,0,NA,0,0,NA,0,0,NA,0,NA,4.87,NA,"56668","FanDuel","17599","NumberFire","WR",3.59,2.16,30.31,NA,NA,0.13,NA,NA,NA,NA,NA,NA,NA,NA,NA,NA,NA,NA,NA,NA,NA,NA,NA,NA,NA,NA,NA,NA,NA,NA,NA,NA,NA,NA,NA,NA,NA,NA,NA,NA,NA,NA,NA,NA,NA,NA,NA,NA,NA,NA,73,185,10,17,"Miami Dolphins",35,"Las Vegas Raiders","LV",17,"Miami Dolphins","MIA","WEEKLY",NA,NA
"Malik Turner","WR","SF",NA,0,0,0,NA,0,0,NA,0,0,NA,0,NA,4.84,NA,"54081","FanDuel","13669","NumberFire","WR",3.59,2.29,27.9,NA,NA,0.16,NA,NA,NA,NA,NA,NA,NA,NA,NA,NA,NA,NA,NA,NA,NA,NA,NA,NA,NA,NA,NA,NA,NA,NA,NA,NA,NA,NA,NA,NA,NA,NA,NA,NA,NA,NA,NA,NA,NA,NA,NA,NA,NA,NA,74,186,24,27,"San Francisco 49ers",33,"Los Angeles Rams","LA",27,"San Francisco 49ers","SF","WEEKLY",NA,NA
"Jacob Cowing","WR","SF",NA,0,0,0,NA,0,0,NA,0,0,NA,0,NA,4.75,NA,"56051","FanDuel","16640","NumberFire","WR",3.59,2.24,27.71,NA,NA,0.15,NA,NA,NA,NA,NA,NA,NA,NA,NA,NA,NA,NA,NA,NA,NA,NA,NA,NA,NA,NA,NA,NA,NA,NA,NA,NA,NA,NA,NA,NA,NA,NA,NA,NA,NA,NA,NA,NA,NA,NA,NA,NA,NA,NA,75,187,24,27,"San Francisco 49ers",33,"Los Angeles Rams","LA",27,"San Francisco 49ers","SF","WEEKLY",NA,NA
"Omar Cooper","WR","NYJ",NA,0,0,0,NA,0,0,NA,0,0,NA,0,NA,4.68,NA,"56644","FanDuel","17502","NumberFire","WR",3.44,2.15,27.85,NA,NA,0.14,NA,NA,NA,NA,NA,NA,NA,NA,NA,NA,NA,NA,NA,NA,NA,NA,NA,NA,NA,NA,NA,NA,NA,NA,NA,NA,NA,NA,NA,NA,NA,NA,NA,NA,NA,NA,NA,NA,NA,NA,NA,NA,NA,NA,76,188,8,22,"New York Jets",31,"Tennessee Titans","TEN",22,"New York Jets","NYJ","WEEKLY",NA,NA
"De'Zhaun Stribling","WR","SF",NA,0,0,0,NA,0,0,NA,0,0,NA,0,NA,4.64,NA,"56682","FanDuel","17514","NumberFire","WR",3.59,2.27,26.08,NA,NA,0.16,NA,NA,NA,NA,NA,NA,NA,NA,NA,NA,NA,NA,NA,NA,NA,NA,NA,NA,NA,NA,NA,NA,NA,NA,NA,NA,NA,NA,NA,NA,NA,NA,NA,NA,NA,NA,NA,NA,NA,NA,NA,NA,NA,NA,77,189,24,27,"San Francisco 49ers",33,"Los Angeles Rams","LA",27,"San Francisco 49ers","SF","WEEKLY",NA,NA
"Marvin Mims","WR","DEN",NA,0,0,0,NA,0,0,NA,0.32,1.46,NA,0.01,NA,4.59,NA,"55594","FanDuel","16189","NumberFire","WR",3.69,2.35,24.47,NA,NA,0.14,NA,NA,NA,NA,NA,NA,NA,NA,NA,NA,NA,NA,NA,NA,NA,NA,NA,NA,NA,NA,NA,NA,NA,NA,NA,NA,NA,NA,NA,NA,NA,NA,NA,NA,NA,NA,NA,NA,NA,NA,NA,NA,NA,NA,78,190,23,10,"Denver Broncos",16,"Kansas City Chiefs","KC",10,"Denver Broncos","DEN","WEEKLY",NA,NA
"Demario Douglas","WR","NE",NA,0,0,0,NA,0,0,NA,0,0,NA,0,NA,4.47,NA,"55684","FanDuel","16342","NumberFire","WR",3.46,2.33,26.42,NA,NA,0.12,NA,NA,NA,NA,NA,NA,NA,NA,NA,NA,NA,NA,NA,NA,NA,NA,NA,NA,NA,NA,NA,NA,NA,NA,NA,NA,NA,NA,NA,NA,NA,NA,NA,NA,NA,NA,NA,NA,NA,NA,NA,NA,NA,NA,79,194,16,19,"New England Patriots",28,"Seattle Seahawks","SEA",19,"New England Patriots","NE","WEEKLY",NA,NA
"Kendrick Bourne","WR","ARI",NA,0,0,0,NA,0,0,NA,0,0,NA,0,NA,4.47,NA,"53674","FanDuel","13418","NumberFire","WR",3.4,2.2,27.53,NA,NA,0.11,NA,NA,NA,NA,NA,NA,NA,NA,NA,NA,NA,NA,NA,NA,NA,NA,NA,NA,NA,NA,NA,NA,NA,NA,NA,NA,NA,NA,NA,NA,NA,NA,NA,NA,NA,NA,NA,NA,NA,NA,NA,NA,NA,NA,79,194,1,1,"Arizona Cardinals",34,"Los Angeles Chargers","LAC",1,"Arizona Cardinals","ARI","WEEKLY",NA,NA
"Jaylin Noel","WR","HOU",NA,0,0,0,NA,0,0,NA,0,0,NA,0,NA,4.36,NA,"56308","FanDuel","17080","NumberFire","WR",3.78,2.29,24.77,NA,NA,0.13,NA,NA,NA,NA,NA,NA,NA,NA,NA,NA,NA,NA,NA,NA,NA,NA,NA,NA,NA,NA,NA,NA,NA,NA,NA,NA,NA,NA,NA,NA,NA,NA,NA,NA,NA,NA,NA,NA,NA,NA,NA,NA,NA,NA,81,197,3,13,"Houston Texans",13,"Houston Texans","HOU",4,"Buffalo Bills","BUF","WEEKLY",NA,NA
"Jared Wayne","WR","HOU",NA,0,0,0,NA,0,0,NA,0,0,NA,0,NA,4.32,NA,"56244","FanDuel","17011","NumberFire","WR",3.78,2.26,24.46,NA,NA,0.13,NA,NA,NA,NA,NA,NA,NA,NA,NA,NA,NA,NA,NA,NA,NA,NA,NA,NA,NA,NA,NA,NA,NA,NA,NA,NA,NA,NA,NA,NA,NA,NA,NA,NA,NA,NA,NA,NA,NA,NA,NA,NA,NA,NA,82,199,3,13,"Houston Texans",13,"Houston Texans","HOU",4,"Buffalo Bills","BUF","WEEKLY",NA,NA
"Xavier Legette","WR","CAR",NA,0,0,0,NA,0,0,NA,0,0,NA,0,NA,4.23,NA,"55909","FanDuel","16639","NumberFire","WR",3.61,2.13,22.82,NA,NA,0.15,NA,NA,NA,NA,NA,NA,NA,NA,NA,NA,NA,NA,NA,NA,NA,NA,NA,NA,NA,NA,NA,NA,NA,NA,NA,NA,NA,NA,NA,NA,NA,NA,NA,NA,NA,NA,NA,NA,NA,NA,NA,NA,NA,NA,83,200,19,5,"Carolina Panthers",5,"Carolina Panthers","CAR",6,"Chicago Bears","CHI","WEEKLY",NA,NA
"Xavier Hutchinson","WR","HOU",NA,0,0,0,NA,0,0,NA,0,0,NA,0,NA,4.2,NA,"55693","FanDuel","16201","NumberFire","WR",3.78,2.16,23.55,NA,NA,0.13,NA,NA,NA,NA,NA,NA,NA,NA,NA,NA,NA,NA,NA,NA,NA,NA,NA,NA,NA,NA,NA,NA,NA,NA,NA,NA,NA,NA,NA,NA,NA,NA,NA,NA,NA,NA,NA,NA,NA,NA,NA,NA,NA,NA,84,202,3,13,"Houston Texans",13,"Houston Texans","HOU",4,"Buffalo Bills","BUF","WEEKLY",NA,NA
"Denzel Boston","WR","CLE",NA,0,0,0,NA,0,0,NA,0,0,NA,0,NA,4.18,NA,"56657","FanDuel","17500","NumberFire","WR",3.78,2.29,23.59,NA,NA,0.12,NA,NA,NA,NA,NA,NA,NA,NA,NA,NA,NA,NA,NA,NA,NA,NA,NA,NA,NA,NA,NA,NA,NA,NA,NA,NA,NA,NA,NA,NA,NA,NA,NA,NA,NA,NA,NA,NA,NA,NA,NA,NA,NA,NA,85,203,15,8,"Cleveland Browns",15,"Jacksonville Jaguars","JAC",8,"Cleveland Browns","CLE","WEEKLY",NA,NA
"John Metchie III","WR","CAR",NA,0,0,0,NA,0,0,NA,0.32,1.5,NA,0.01,NA,4.13,NA,"55250","FanDuel","15759","NumberFire","WR",3.31,2.06,21.12,NA,NA,0.14,NA,NA,NA,NA,NA,NA,NA,NA,NA,NA,NA,NA,NA,NA,NA,NA,NA,NA,NA,NA,NA,NA,NA,NA,NA,NA,NA,NA,NA,NA,NA,NA,NA,NA,NA,NA,NA,NA,NA,NA,NA,NA,NA,NA,86,204,19,5,"Carolina Panthers",5,"Carolina Panthers","CAR",6,"Chicago Bears","CHI","WEEKLY",NA,NA
"Roman Wilson","WR","PIT",NA,0,0,0,NA,0,0,NA,0,0,NA,0,NA,4.05,NA,"55924","FanDuel","16629","NumberFire","WR",3.08,1.8,22.14,NA,NA,0.16,NA,NA,NA,NA,NA,NA,NA,NA,NA,NA,NA,NA,NA,NA,NA,NA,NA,NA,NA,NA,NA,NA,NA,NA,NA,NA,NA,NA,NA,NA,NA,NA,NA,NA,NA,NA,NA,NA,NA,NA,NA,NA,NA,NA,87,206,30,25,"Pittsburgh Steelers",25,"Pittsburgh Steelers","PIT",2,"Atlanta Falcons","ATL","WEEKLY",NA,NA
"Jahdae Walker","WR","CHI",NA,0,0,0,NA,0,0,NA,0,0,NA,0,NA,4.03,NA,"56427","FanDuel","17353","NumberFire","WR",3.22,1.78,21.98,NA,NA,0.16,NA,NA,NA,NA,NA,NA,NA,NA,NA,NA,NA,NA,NA,NA,NA,NA,NA,NA,NA,NA,NA,NA,NA,NA,NA,NA,NA,NA,NA,NA,NA,NA,NA,NA,NA,NA,NA,NA,NA,NA,NA,NA,NA,NA,88,208,21,6,"Chicago Bears",5,"Carolina Panthers","CAR",6,"Chicago Bears","CHI","WEEKLY",NA,NA
"Dontayvion Wicks","WR","PHI",NA,0,0,0,NA,0,0,NA,0,0,NA,0,NA,3.99,NA,"55705","FanDuel","16195","NumberFire","WR",3.12,1.81,22.27,NA,NA,0.15,NA,NA,NA,NA,NA,NA,NA,NA,NA,NA,NA,NA,NA,NA,NA,NA,NA,NA,NA,NA,NA,NA,NA,NA,NA,NA,NA,NA,NA,NA,NA,NA,NA,NA,NA,NA,NA,NA,NA,NA,NA,NA,NA,NA,89,211,11,24,"Philadelphia Eagles",24,"Philadelphia Eagles","PHI",32,"Washington Commanders","WSH","WEEKLY",NA,NA
"Ryan Flournoy","WR","DAL",NA,0,0,0,NA,0,0,NA,0,0,NA,0,NA,3.85,NA,"56139","FanDuel","16778","NumberFire","WR",2.87,1.83,20.76,NA,NA,0.15,NA,NA,NA,NA,NA,NA,NA,NA,NA,NA,NA,NA,NA,NA,NA,NA,NA,NA,NA,NA,NA,NA,NA,NA,NA,NA,NA,NA,NA,NA,NA,NA,NA,NA,NA,NA,NA,NA,NA,NA,NA,NA,NA,NA,90,214,28,9,"Dallas Cowboys",21,"New York Giants","NYG",9,"Dallas Cowboys","DAL","WEEKLY",NA,NA
"Olamide Zaccheaus","WR","ATL",NA,0,0,0,NA,0,0,NA,0.29,1.36,NA,0.01,NA,3.8,NA,"54379","FanDuel","14592","NumberFire","WR",3.05,1.92,19.65,NA,NA,0.12,NA,NA,NA,NA,NA,NA,NA,NA,NA,NA,NA,NA,NA,NA,NA,NA,NA,NA,NA,NA,NA,NA,NA,NA,NA,NA,NA,NA,NA,NA,NA,NA,NA,NA,NA,NA,NA,NA,NA,NA,NA,NA,NA,NA,91,215,20,2,"Atlanta Falcons",25,"Pittsburgh Steelers","PIT",2,"Atlanta Falcons","ATL","WEEKLY",NA,NA
"Isaac TeSlaa","WR","DET",NA,0,0,0,NA,0,0,NA,0,0,NA,0,NA,3.72,NA,"56307","FanDuel","17157","NumberFire","WR",2.67,1.52,19.56,NA,NA,0.17,NA,NA,NA,NA,NA,NA,NA,NA,NA,NA,NA,NA,NA,NA,NA,NA,NA,NA,NA,NA,NA,NA,NA,NA,NA,NA,NA,NA,NA,NA,NA,NA,NA,NA,NA,NA,NA,NA,NA,NA,NA,NA,NA,NA,92,218,18,11,"Detroit Lions",11,"Detroit Lions","DET",20,"New Orleans Saints","NO","WEEKLY",NA,NA
"Chimere Dike","WR","TEN",NA,0,0,0,NA,0,0,NA,0.55,2.52,NA,0.01,NA,3.57,NA,"56349","FanDuel","17171","NumberFire","WR",2.82,1.72,16.39,NA,NA,0.14,NA,NA,NA,NA,NA,NA,NA,NA,NA,NA,NA,NA,NA,NA,NA,NA,NA,NA,NA,NA,NA,NA,NA,NA,NA,NA,NA,NA,NA,NA,NA,NA,NA,NA,NA,NA,NA,NA,NA,NA,NA,NA,NA,NA,93,223,9,31,"Tennessee Titans",31,"Tennessee Titans","TEN",22,"New York Jets","NYJ","WEEKLY",NA,NA
"Jahan Dotson","WR","ATL",NA,0,0,0,NA,0,0,NA,0,0,NA,0,NA,3.35,NA,"55244","FanDuel","15755","NumberFire","WR",2.75,1.63,18.79,NA,NA,0.11,NA,NA,NA,NA,NA,NA,NA,NA,NA,NA,NA,NA,NA,NA,NA,NA,NA,NA,NA,NA,NA,NA,NA,NA,NA,NA,NA,NA,NA,NA,NA,NA,NA,NA,NA,NA,NA,NA,NA,NA,NA,NA,NA,NA,94,226,20,2,"Atlanta Falcons",25,"Pittsburgh Steelers","PIT",2,"Atlanta Falcons","ATL","WEEKLY",NA,NA
"Malachi Fields","WR","NYG",NA,0,0,0,NA,0,0,NA,0,0,NA,0,NA,3.31,NA,"56675","FanDuel","17511","NumberFire","WR",2.5,1.54,18.63,NA,NA,0.12,NA,NA,NA,NA,NA,NA,NA,NA,NA,NA,NA,NA,NA,NA,NA,NA,NA,NA,NA,NA,NA,NA,NA,NA,NA,NA,NA,NA,NA,NA,NA,NA,NA,NA,NA,NA,NA,NA,NA,NA,NA,NA,NA,NA,95,227,29,21,"New York Giants",21,"New York Giants","NYG",9,"Dallas Cowboys","DAL","WEEKLY",NA,NA
"Adonai Mitchell","WR","NYJ",NA,0,0,0,NA,0,0,NA,0,0,NA,0,NA,3.3,NA,"55915","FanDuel","16626","NumberFire","WR",2.65,1.5,19.9,NA,NA,0.1,NA,NA,NA,NA,NA,NA,NA,NA,NA,NA,NA,NA,NA,NA,NA,NA,NA,NA,NA,NA,NA,NA,NA,NA,NA,NA,NA,NA,NA,NA,NA,NA,NA,NA,NA,NA,NA,NA,NA,NA,NA,NA,NA,NA,96,228,8,22,"New York Jets",31,"Tennessee Titans","TEN",22,"New York Jets","NYJ","WEEKLY",NA,NA
"Germie Bernard","WR","PIT",NA,0,0,0,NA,0,0,NA,0,0,NA,0,NA,3.23,NA,"56678","FanDuel","17503","NumberFire","WR",2.45,1.44,17.53,NA,NA,0.13,NA,NA,NA,NA,NA,NA,NA,NA,NA,NA,NA,NA,NA,NA,NA,NA,NA,NA,NA,NA,NA,NA,NA,NA,NA,NA,NA,NA,NA,NA,NA,NA,NA,NA,NA,NA,NA,NA,NA,NA,NA,NA,NA,NA,97,229,30,25,"Pittsburgh Steelers",25,"Pittsburgh Steelers","PIT",2,"Atlanta Falcons","ATL","WEEKLY",NA,NA
"Mack Hollins","WR","NE",NA,0,0,0,NA,0,0,NA,0,0,NA,0,NA,3.2,NA,"53538","FanDuel","13289","NumberFire","WR",2.42,1.51,18.68,NA,NA,0.1,NA,NA,NA,NA,NA,NA,NA,NA,NA,NA,NA,NA,NA,NA,NA,NA,NA,NA,NA,NA,NA,NA,NA,NA,NA,NA,NA,NA,NA,NA,NA,NA,NA,NA,NA,NA,NA,NA,NA,NA,NA,NA,NA,NA,98,230,16,19,"New England Patriots",28,"Seattle Seahawks","SEA",19,"New England Patriots","NE","WEEKLY",NA,NA
"Lil'Jordan Humphrey","WR","DEN",NA,0,0,0,NA,0,0,NA,0,0,NA,0,NA,3.15,NA,"54340","FanDuel","14118","NumberFire","WR",2.65,1.57,17.8,NA,NA,0.1,NA,NA,NA,NA,NA,NA,NA,NA,NA,NA,NA,NA,NA,NA,NA,NA,NA,NA,NA,NA,NA,NA,NA,NA,NA,NA,NA,NA,NA,NA,NA,NA,NA,NA,NA,NA,NA,NA,NA,NA,NA,NA,NA,NA,99,236,23,10,"Denver Broncos",16,"Kansas City Chiefs","KC",10,"Denver Broncos","DEN","WEEKLY",NA,NA
"Devaughn Vele","WR","NO",NA,0,0,0,NA,0,0,NA,0,0,NA,0,NA,3.11,NA,"56005","FanDuel","16788","NumberFire","WR",2.27,1.35,17.92,NA,NA,0.11,NA,NA,NA,NA,NA,NA,NA,NA,NA,NA,NA,NA,NA,NA,NA,NA,NA,NA,NA,NA,NA,NA,NA,NA,NA,NA,NA,NA,NA,NA,NA,NA,NA,NA,NA,NA,NA,NA,NA,NA,NA,NA,NA,NA,100,237,31,20,"New Orleans Saints",11,"Detroit Lions","DET",20,"New Orleans Saints","NO","WEEKLY",NA,NA
"KaVontae Turpin","WR","DAL",NA,0,0,0,NA,0,0,NA,0.55,2.75,NA,0.03,NA,2.91,NA,"55345","FanDuel","15981","NumberFire","WR",1.79,1.09,13.9,NA,NA,0.1,NA,NA,NA,NA,NA,NA,NA,NA,NA,NA,NA,NA,NA,NA,NA,NA,NA,NA,NA,NA,NA,NA,NA,NA,NA,NA,NA,NA,NA,NA,NA,NA,NA,NA,NA,NA,NA,NA,NA,NA,NA,NA,NA,NA,101,242,28,9,"Dallas Cowboys",21,"New York Giants","NYG",9,"Dallas Cowboys","DAL","WEEKLY",NA,NA
"Jordan Whittington","WR","LA",NA,0,0,0,NA,0,0,NA,0,0,NA,0,NA,2.78,NA,"55992","FanDuel","16633","NumberFire","WR",2.11,1.34,15.85,NA,NA,0.09,NA,NA,NA,NA,NA,NA,NA,NA,NA,NA,NA,NA,NA,NA,NA,NA,NA,NA,NA,NA,NA,NA,NA,NA,NA,NA,NA,NA,NA,NA,NA,NA,NA,NA,NA,NA,NA,NA,NA,NA,NA,NA,NA,NA,102,244,17,33,"Los Angeles Rams",33,"Los Angeles Rams","LA",27,"San Francisco 49ers","SF","WEEKLY",NA,NA
"Darius Slayton","WR","NYG",NA,0,0,0,NA,0,0,NA,0,0,NA,0,NA,2.73,NA,"54317","FanDuel","14122","NumberFire","WR",1.88,1.09,16.61,NA,NA,0.09,NA,NA,NA,NA,NA,NA,NA,NA,NA,NA,NA,NA,NA,NA,NA,NA,NA,NA,NA,NA,NA,NA,NA,NA,NA,NA,NA,NA,NA,NA,NA,NA,NA,NA,NA,NA,NA,NA,NA,NA,NA,NA,NA,NA,103,245,29,21,"New York Giants",21,"New York Giants","NYG",9,"Dallas Cowboys","DAL","WEEKLY",NA,NA
"Marquise Brown","WR","PHI",NA,0,0,0,NA,0,0,NA,0,0,NA,0,NA,2.71,NA,"54127","FanDuel","14105","NumberFire","WR",2.18,1.24,15.06,NA,NA,0.1,NA,NA,NA,NA,NA,NA,NA,NA,NA,NA,NA,NA,NA,NA,NA,NA,NA,NA,NA,NA,NA,NA,NA,NA,NA,NA,NA,NA,NA,NA,NA,NA,NA,NA,NA,NA,NA,NA,NA,NA,NA,NA,NA,NA,104,246,11,24,"Philadelphia Eagles",24,"Philadelphia Eagles","PHI",32,"Washington Commanders","WSH","WEEKLY",NA,NA
"Kalif Raymond","WR","CHI",NA,0,0,0,NA,0,0,NA,0,0,NA,0,NA,2.7,NA,"53362","FanDuel","13066","NumberFire","WR",1.93,1.23,15.64,NA,NA,0.09,NA,NA,NA,NA,NA,NA,NA,NA,NA,NA,NA,NA,NA,NA,NA,NA,NA,NA,NA,NA,NA,NA,NA,NA,NA,NA,NA,NA,NA,NA,NA,NA,NA,NA,NA,NA,NA,NA,NA,NA,NA,NA,NA,NA,105,247,21,6,"Chicago Bears",5,"Carolina Panthers","CAR",6,"Chicago Bears","CHI","WEEKLY",NA,NA
"Casey Washington","WR","CAR",NA,0,0,0,NA,0,0,NA,0,0,NA,0,NA,2.63,NA,"56153","FanDuel","16760","NumberFire","WR",2.1,1.28,14.93,NA,NA,0.09,NA,NA,NA,NA,NA,NA,NA,NA,NA,NA,NA,NA,NA,NA,NA,NA,NA,NA,NA,NA,NA,NA,NA,NA,NA,NA,NA,NA,NA,NA,NA,NA,NA,NA,NA,NA,NA,NA,NA,NA,NA,NA,NA,NA,106,249,19,5,"Carolina Panthers",5,"Carolina Panthers","CAR",6,"Chicago Bears","CHI","WEEKLY",NA,NA
"Tyquan Thornton","WR","KC",NA,0,0,0,NA,0,0,NA,0,0,NA,0,NA,2.6,NA,"55438","FanDuel","15787","NumberFire","WR",2.15,1.11,15.03,NA,NA,0.09,NA,NA,NA,NA,NA,NA,NA,NA,NA,NA,NA,NA,NA,NA,NA,NA,NA,NA,NA,NA,NA,NA,NA,NA,NA,NA,NA,NA,NA,NA,NA,NA,NA,NA,NA,NA,NA,NA,NA,NA,NA,NA,NA,NA,107,250,6,16,"Kansas City Chiefs",16,"Kansas City Chiefs","KC",10,"Denver Broncos","DEN","WEEKLY",NA,NA
"Ted Hurst","WR","TB",NA,0,0,0,NA,0,0,NA,0,0,NA,0,NA,2.55,NA,"56684","FanDuel","17520","NumberFire","WR",1.99,1.19,13.92,NA,NA,0.1,NA,NA,NA,NA,NA,NA,NA,NA,NA,NA,NA,NA,NA,NA,NA,NA,NA,NA,NA,NA,NA,NA,NA,NA,NA,NA,NA,NA,NA,NA,NA,NA,NA,NA,NA,NA,NA,NA,NA,NA,NA,NA,NA,NA,108,251,26,30,"Tampa Bay Buccaneers",7,"Cincinnati Bengals","CIN",30,"Tampa Bay Buccaneers","TB","WEEKLY",NA,NA
"Devontez Walker","WR","BAL",NA,0,0,0,NA,0,0,NA,0,0,NA,0,NA,2.54,NA,"56161","FanDuel","16621","NumberFire","WR",1.71,1.01,14.51,NA,NA,0.1,NA,NA,NA,NA,NA,NA,NA,NA,NA,NA,NA,NA,NA,NA,NA,NA,NA,NA,NA,NA,NA,NA,NA,NA,NA,NA,NA,NA,NA,NA,NA,NA,NA,NA,NA,NA,NA,NA,NA,NA,NA,NA,NA,NA,109,252,25,3,"Baltimore Ravens",14,"Indianapolis Colts","IND",3,"Baltimore Ravens","BAL","WEEKLY",NA,NA
"Josh Palmer","WR","BUF",NA,0,0,0,NA,0,0,NA,0,0,NA,0,NA,2.52,NA,"54899","FanDuel","15319","NumberFire","WR",1.84,1.09,16.33,NA,NA,0.06,NA,NA,NA,NA,NA,NA,NA,NA,NA,NA,NA,NA,NA,NA,NA,NA,NA,NA,NA,NA,NA,NA,NA,NA,NA,NA,NA,NA,NA,NA,NA,NA,NA,NA,NA,NA,NA,NA,NA,NA,NA,NA,NA,NA,110,253,14,4,"Buffalo Bills",13,"Houston Texans","HOU",4,"Buffalo Bills","BUF","WEEKLY",NA,NA
"Tutu Atwell","WR","LA",NA,0,0,0,NA,0,0,NA,0,0,NA,0,NA,2.41,NA,"54990","FanDuel","15301","NumberFire","WR",1.77,1.06,14.16,NA,NA,0.08,NA,NA,NA,NA,NA,NA,NA,NA,NA,NA,NA,NA,NA,NA,NA,NA,NA,NA,NA,NA,NA,NA,NA,NA,NA,NA,NA,NA,NA,NA,NA,NA,NA,NA,NA,NA,NA,NA,NA,NA,NA,NA,NA,NA,111,256,17,33,"Los Angeles Rams",33,"Los Angeles Rams","LA",27,"San Francisco 49ers","SF","WEEKLY",NA,NA
"Keon Coleman","WR","BUF",NA,0,0,0,NA,0,0,NA,0,0,NA,0,NA,2.41,NA,"55908","FanDuel","16617","NumberFire","WR",1.84,1.06,14.84,NA,NA,0.07,NA,NA,NA,NA,NA,NA,NA,NA,NA,NA,NA,NA,NA,NA,NA,NA,NA,NA,NA,NA,NA,NA,NA,NA,NA,NA,NA,NA,NA,NA,NA,NA,NA,NA,NA,NA,NA,NA,NA,NA,NA,NA,NA,NA,111,256,14,4,"Buffalo Bills",13,"Houston Texans","HOU",4,"Buffalo Bills","BUF","WEEKLY",NA,NA
"Ja'Kobi Lane","WR","BAL",NA,0,0,0,NA,0,0,NA,0,0,NA,0,NA,2.34,NA,"56648","FanDuel","17517","NumberFire","WR",1.71,1,12.57,NA,NA,0.1,NA,NA,NA,NA,NA,NA,NA,NA,NA,NA,NA,NA,NA,NA,NA,NA,NA,NA,NA,NA,NA,NA,NA,NA,NA,NA,NA,NA,NA,NA,NA,NA,NA,NA,NA,NA,NA,NA,NA,NA,NA,NA,NA,NA,113,260,25,3,"Baltimore Ravens",14,"Indianapolis Colts","IND",3,"Baltimore Ravens","BAL","WEEKLY",NA,NA
"Antonio Williams","WR","WSH",NA,0,0,0,NA,0,0,NA,0,0,NA,0,NA,2.34,NA,"56686","FanDuel","17512","NumberFire","WR",2.05,1.12,13.82,NA,NA,0.07,NA,NA,NA,NA,NA,NA,NA,NA,NA,NA,NA,NA,NA,NA,NA,NA,NA,NA,NA,NA,NA,NA,NA,NA,NA,NA,NA,NA,NA,NA,NA,NA,NA,NA,NA,NA,NA,NA,NA,NA,NA,NA,NA,NA,113,260,5,32,"Washington Commanders",24,"Philadelphia Eagles","PHI",32,"Washington Commanders","WSH","WEEKLY",NA,NA
"Troy Franklin","WR","DEN",NA,0,0,0,NA,0,0,NA,0,0,NA,0,NA,2.3,NA,"56064","FanDuel","16619","NumberFire","WR",2.09,1.22,12.31,NA,NA,0.08,NA,NA,NA,NA,NA,NA,NA,NA,NA,NA,NA,NA,NA,NA,NA,NA,NA,NA,NA,NA,NA,NA,NA,NA,NA,NA,NA,NA,NA,NA,NA,NA,NA,NA,NA,NA,NA,NA,NA,NA,NA,NA,NA,NA,115,264,23,10,"Denver Broncos",16,"Kansas City Chiefs","KC",10,"Denver Broncos","DEN","WEEKLY",NA,NA
"Pat Bryant","WR","DEN",NA,0,0,0,NA,0,0,NA,0.63,2.92,NA,0.02,NA,2.3,NA,"56357","FanDuel","17082","NumberFire","WR",1.65,0.99,10.72,NA,NA,0.06,NA,NA,NA,NA,NA,NA,NA,NA,NA,NA,NA,NA,NA,NA,NA,NA,NA,NA,NA,NA,NA,NA,NA,NA,NA,NA,NA,NA,NA,NA,NA,NA,NA,NA,NA,NA,NA,NA,NA,NA,NA,NA,NA,NA,115,264,23,10,"Denver Broncos",16,"Kansas City Chiefs","KC",10,"Denver Broncos","DEN","WEEKLY",NA,NA
"Zachariah Branch","WR","ATL",NA,0,0,0,NA,0,0,NA,0,0,NA,0,NA,2.24,NA,"56647","FanDuel","17507","NumberFire","WR",1.83,1.15,12.85,NA,NA,0.07,NA,NA,NA,NA,NA,NA,NA,NA,NA,NA,NA,NA,NA,NA,NA,NA,NA,NA,NA,NA,NA,NA,NA,NA,NA,NA,NA,NA,NA,NA,NA,NA,NA,NA,NA,NA,NA,NA,NA,NA,NA,NA,NA,NA,117,270,20,2,"Atlanta Falcons",25,"Pittsburgh Steelers","PIT",2,"Atlanta Falcons","ATL","WEEKLY",NA,NA
"KeAndre Lambert-Smith","WR","LAC",NA,0,0,0,NA,0,0,NA,0,0,NA,0,NA,2.2,NA,"56366","FanDuel","17205","NumberFire","WR",1.61,0.98,11.33,NA,NA,0.1,NA,NA,NA,NA,NA,NA,NA,NA,NA,NA,NA,NA,NA,NA,NA,NA,NA,NA,NA,NA,NA,NA,NA,NA,NA,NA,NA,NA,NA,NA,NA,NA,NA,NA,NA,NA,NA,NA,NA,NA,NA,NA,NA,NA,118,272,22,34,"Los Angeles Chargers",34,"Los Angeles Chargers","LAC",1,"Arizona Cardinals","ARI","WEEKLY",NA,NA
"Jonathan Mingo","WR","DAL",NA,0,0,0,NA,0,0,NA,0,0,NA,0,NA,2.03,NA,"55587","FanDuel","16197","NumberFire","WR",1.79,0.99,10.76,NA,NA,0.08,NA,NA,NA,NA,NA,NA,NA,NA,NA,NA,NA,NA,NA,NA,NA,NA,NA,NA,NA,NA,NA,NA,NA,NA,NA,NA,NA,NA,NA,NA,NA,NA,NA,NA,NA,NA,NA,NA,NA,NA,NA,NA,NA,NA,119,279,28,9,"Dallas Cowboys",21,"New York Giants","NYG",9,"Dallas Cowboys","DAL","WEEKLY",NA,NA
"Dareke Young","WR","LV",NA,0,0,0,NA,0,0,NA,0,0,NA,0,NA,2,NA,"55490","FanDuel","15941","NumberFire","WR",1.56,0.96,11.15,NA,NA,0.07,NA,NA,NA,NA,NA,NA,NA,NA,NA,NA,NA,NA,NA,NA,NA,NA,NA,NA,NA,NA,NA,NA,NA,NA,NA,NA,NA,NA,NA,NA,NA,NA,NA,NA,NA,NA,NA,NA,NA,NA,NA,NA,NA,NA,120,282,32,35,"Las Vegas Raiders",35,"Las Vegas Raiders","LV",17,"Miami Dolphins","MIA","WEEKLY",NA,NA
"Treylon Burks","WR","WSH",NA,0,0,0,NA,0,0,NA,0,0,NA,0,NA,2,NA,"55260","FanDuel","15752","NumberFire","WR",1.75,0.94,11.68,NA,NA,0.06,NA,NA,NA,NA,NA,NA,NA,NA,NA,NA,NA,NA,NA,NA,NA,NA,NA,NA,NA,NA,NA,NA,NA,NA,NA,NA,NA,NA,NA,NA,NA,NA,NA,NA,NA,NA,NA,NA,NA,NA,NA,NA,NA,NA,120,282,5,32,"Washington Commanders",24,"Philadelphia Eagles","PHI",32,"Washington Commanders","WSH","WEEKLY",NA,NA
"Malik Benson","WR","LV",NA,0,0,0,NA,0,0,NA,0,0,NA,0,NA,1.97,NA,"56667","FanDuel","17706","NumberFire","WR",1.56,0.96,10.93,NA,NA,0.07,NA,NA,NA,NA,NA,NA,NA,NA,NA,NA,NA,NA,NA,NA,NA,NA,NA,NA,NA,NA,NA,NA,NA,NA,NA,NA,NA,NA,NA,NA,NA,NA,NA,NA,NA,NA,NA,NA,NA,NA,NA,NA,NA,NA,122,285,32,35,"Las Vegas Raiders",35,"Las Vegas Raiders","LV",17,"Miami Dolphins","MIA","WEEKLY",NA,NA
"Isaiah Bond","WR","CLE",NA,0,0,0,NA,0,0,NA,0,0,NA,0,NA,1.95,NA,"56411","FanDuel","17076","NumberFire","WR",1.74,0.98,11.75,NA,NA,0.05,NA,NA,NA,NA,NA,NA,NA,NA,NA,NA,NA,NA,NA,NA,NA,NA,NA,NA,NA,NA,NA,NA,NA,NA,NA,NA,NA,NA,NA,NA,NA,NA,NA,NA,NA,NA,NA,NA,NA,NA,NA,NA,NA,NA,123,287,15,8,"Cleveland Browns",15,"Jacksonville Jaguars","JAC",8,"Cleveland Browns","CLE","WEEKLY",NA,NA
"Tahj Washington","WR","MIA",NA,0,0,0,NA,0,0,NA,0,0,NA,0,NA,1.93,NA,"56506","FanDuel","16684","NumberFire","WR",1.5,0.93,12.05,NA,NA,0.05,NA,NA,NA,NA,NA,NA,NA,NA,NA,NA,NA,NA,NA,NA,NA,NA,NA,NA,NA,NA,NA,NA,NA,NA,NA,NA,NA,NA,NA,NA,NA,NA,NA,NA,NA,NA,NA,NA,NA,NA,NA,NA,NA,NA,124,289,10,17,"Miami Dolphins",35,"Las Vegas Raiders","LV",17,"Miami Dolphins","MIA","WEEKLY",NA,NA
"Tez Johnson","WR","TB",NA,0,0,0,NA,0,0,NA,0.25,1.31,NA,0.01,NA,1.92,NA,"56383","FanDuel","17079","NumberFire","WR",1.33,0.8,9.31,NA,NA,0.07,NA,NA,NA,NA,NA,NA,NA,NA,NA,NA,NA,NA,NA,NA,NA,NA,NA,NA,NA,NA,NA,NA,NA,NA,NA,NA,NA,NA,NA,NA,NA,NA,NA,NA,NA,NA,NA,NA,NA,NA,NA,NA,NA,NA,125,291,26,30,"Tampa Bay Buccaneers",7,"Cincinnati Bengals","CIN",30,"Tampa Bay Buccaneers","TB","WEEKLY",NA,NA
"JuJu Smith-Schuster","WR","KC",NA,0,0,0,NA,0,0,NA,0,0,NA,0,NA,1.92,NA,"53422","FanDuel","13156","NumberFire","WR",1.54,0.95,10.47,NA,NA,0.07,NA,NA,NA,NA,NA,NA,NA,NA,NA,NA,NA,NA,NA,NA,NA,NA,NA,NA,NA,NA,NA,NA,NA,NA,NA,NA,NA,NA,NA,NA,NA,NA,NA,NA,NA,NA,NA,NA,NA,NA,NA,NA,NA,NA,125,291,6,16,"Kansas City Chiefs",16,"Kansas City Chiefs","KC",10,"Denver Broncos","DEN","WEEKLY",NA,NA
"Xavier Smith","WR","LA",NA,0,0,0,NA,0,0,NA,0,0,NA,0,NA,1.91,NA,"55646","FanDuel","16428","NumberFire","WR",1.41,0.88,11.07,NA,NA,0.06,NA,NA,NA,NA,NA,NA,NA,NA,NA,NA,NA,NA,NA,NA,NA,NA,NA,NA,NA,NA,NA,NA,NA,NA,NA,NA,NA,NA,NA,NA,NA,NA,NA,NA,NA,NA,NA,NA,NA,NA,NA,NA,NA,NA,127,293,17,33,"Los Angeles Rams",33,"Los Angeles Rams","LA",27,"San Francisco 49ers","SF","WEEKLY",NA,NA
"Jimmy Horn Jr.","WR","CAR",NA,0,0,0,NA,0,0,NA,0.97,4.55,NA,0.04,NA,1.84,NA,"56496","FanDuel","17234","NumberFire","WR",0.9,0.54,6.59,NA,NA,0.04,NA,NA,NA,NA,NA,NA,NA,NA,NA,NA,NA,NA,NA,NA,NA,NA,NA,NA,NA,NA,NA,NA,NA,NA,NA,NA,NA,NA,NA,NA,NA,NA,NA,NA,NA,NA,NA,NA,NA,NA,NA,NA,NA,NA,128,297,19,5,"Carolina Panthers",5,"Carolina Panthers","CAR",6,"Chicago Bears","CHI","WEEKLY",NA,NA
"Tory Horton","WR","SEA",NA,0,0,0,NA,0,0,NA,0,0,NA,0,NA,1.8,NA,"56304","FanDuel","17098","NumberFire","WR",1.33,0.8,9.8,NA,NA,0.07,NA,NA,NA,NA,NA,NA,NA,NA,NA,NA,NA,NA,NA,NA,NA,NA,NA,NA,NA,NA,NA,NA,NA,NA,NA,NA,NA,NA,NA,NA,NA,NA,NA,NA,NA,NA,NA,NA,NA,NA,NA,NA,NA,NA,129,298,4,28,"Seattle Seahawks",28,"Seattle Seahawks","SEA",19,"New England Patriots","NE","WEEKLY",NA,NA
"Konata Mumpfield","WR","LA",NA,0,0,0,NA,0,0,NA,0,0,NA,0,NA,1.8,NA,"56341","FanDuel","17254","NumberFire","WR",1.41,0.86,9.69,NA,NA,0.07,NA,NA,NA,NA,NA,NA,NA,NA,NA,NA,NA,NA,NA,NA,NA,NA,NA,NA,NA,NA,NA,NA,NA,NA,NA,NA,NA,NA,NA,NA,NA,NA,NA,NA,NA,NA,NA,NA,NA,NA,NA,NA,NA,NA,129,298,17,33,"Los Angeles Rams",33,"Los Angeles Rams","LA",27,"San Francisco 49ers","SF","WEEKLY",NA,NA
"Bryce Lance","WR","NO",NA,0,0,0,NA,0,0,NA,0,0,NA,0,NA,1.77,NA,"56674","FanDuel","17519","NumberFire","WR",1.36,0.8,10.33,NA,NA,0.06,NA,NA,NA,NA,NA,NA,NA,NA,NA,NA,NA,NA,NA,NA,NA,NA,NA,NA,NA,NA,NA,NA,NA,NA,NA,NA,NA,NA,NA,NA,NA,NA,NA,NA,NA,NA,NA,NA,NA,NA,NA,NA,NA,NA,131,302,31,20,"New Orleans Saints",11,"Detroit Lions","DET",20,"New Orleans Saints","NO","WEEKLY",NA,NA
"Ryan Miller","WR","MIA",NA,0,0,0,NA,0,0,NA,0,0,NA,0,NA,1.75,NA,"56140","FanDuel","16958","NumberFire","WR",1.33,0.82,10.61,NA,NA,0.05,NA,NA,NA,NA,NA,NA,NA,NA,NA,NA,NA,NA,NA,NA,NA,NA,NA,NA,NA,NA,NA,NA,NA,NA,NA,NA,NA,NA,NA,NA,NA,NA,NA,NA,NA,NA,NA,NA,NA,NA,NA,NA,NA,NA,132,304,10,17,"Miami Dolphins",35,"Las Vegas Raiders","LV",17,"Miami Dolphins","MIA","WEEKLY",NA,NA
"Luke McCaffrey","WR","WSH",NA,0,0,0,NA,0,0,NA,0,0,NA,0,NA,1.7,NA,"55927","FanDuel","16635","NumberFire","WR",1.46,0.85,9.9,NA,NA,0.05,NA,NA,NA,NA,NA,NA,NA,NA,NA,NA,NA,NA,NA,NA,NA,NA,NA,NA,NA,NA,NA,NA,NA,NA,NA,NA,NA,NA,NA,NA,NA,NA,NA,NA,NA,NA,NA,NA,NA,NA,NA,NA,NA,NA,133,306,5,32,"Washington Commanders",24,"Philadelphia Eagles","PHI",32,"Washington Commanders","WSH","WEEKLY",NA,NA
"Beaux Collins","WR","NYG",NA,0,0,0,NA,0,0,NA,0,0,NA,0,NA,1.7,NA,"56353","FanDuel","17303","NumberFire","WR",1.25,0.74,9.67,NA,NA,0.06,NA,NA,NA,NA,NA,NA,NA,NA,NA,NA,NA,NA,NA,NA,NA,NA,NA,NA,NA,NA,NA,NA,NA,NA,NA,NA,NA,NA,NA,NA,NA,NA,NA,NA,NA,NA,NA,NA,NA,NA,NA,NA,NA,NA,133,306,29,21,"New York Giants",21,"New York Giants","NYG",9,"Dallas Cowboys","DAL","WEEKLY",NA,NA
"Gunner Olszewski","WR","NYG",NA,0,0,0,NA,0,0,NA,0,0,NA,0,NA,1.66,NA,"54264","FanDuel","14555","NumberFire","WR",1.25,0.78,9.74,NA,NA,0.06,NA,NA,NA,NA,NA,NA,NA,NA,NA,NA,NA,NA,NA,NA,NA,NA,NA,NA,NA,NA,NA,NA,NA,NA,NA,NA,NA,NA,NA,NA,NA,NA,NA,NA,NA,NA,NA,NA,NA,NA,NA,NA,NA,NA,135,310,29,21,"New York Giants",21,"New York Giants","NYG",9,"Dallas Cowboys","DAL","WEEKLY",NA,NA
"Jaylin Lane","WR","WSH",NA,0,0,0,NA,0,0,NA,0,0,NA,0,NA,1.62,NA,"56362","FanDuel","17184","NumberFire","WR",1.46,0.82,9.54,NA,NA,0.05,NA,NA,NA,NA,NA,NA,NA,NA,NA,NA,NA,NA,NA,NA,NA,NA,NA,NA,NA,NA,NA,NA,NA,NA,NA,NA,NA,NA,NA,NA,NA,NA,NA,NA,NA,NA,NA,NA,NA,NA,NA,NA,NA,NA,136,315,5,32,"Washington Commanders",24,"Philadelphia Eagles","PHI",32,"Washington Commanders","WSH","WEEKLY",NA,NA
"Ashton Dulin","WR","IND",NA,0,0,0,NA,0,0,NA,0.25,1.3,NA,0.01,NA,1.6,NA,"54348","FanDuel","14315","NumberFire","WR",1.1,0.68,8.46,NA,NA,0.04,NA,NA,NA,NA,NA,NA,NA,NA,NA,NA,NA,NA,NA,NA,NA,NA,NA,NA,NA,NA,NA,NA,NA,NA,NA,NA,NA,NA,NA,NA,NA,NA,NA,NA,NA,NA,NA,NA,NA,NA,NA,NA,NA,NA,137,318,2,14,"Indianapolis Colts",14,"Indianapolis Colts","IND",3,"Baltimore Ravens","BAL","WEEKLY",NA,NA
"Xavier Gipson","WR","NYG",NA,0,0,0,NA,0,0,NA,0,0,NA,0,NA,1.57,NA,"55714","FanDuel","16416","NumberFire","WR",1.25,0.76,8.86,NA,NA,0.06,NA,NA,NA,NA,NA,NA,NA,NA,NA,NA,NA,NA,NA,NA,NA,NA,NA,NA,NA,NA,NA,NA,NA,NA,NA,NA,NA,NA,NA,NA,NA,NA,NA,NA,NA,NA,NA,NA,NA,NA,NA,NA,NA,NA,138,322,29,21,"New York Giants",21,"New York Giants","NYG",9,"Dallas Cowboys","DAL","WEEKLY",NA,NA
"Tai Felton","WR","MIN",NA,0,0,0,NA,0,0,NA,0,0,NA,0,NA,1.47,NA,"56281","FanDuel","17097","NumberFire","WR",1.19,0.74,8.03,NA,NA,0.05,NA,NA,NA,NA,NA,NA,NA,NA,NA,NA,NA,NA,NA,NA,NA,NA,NA,NA,NA,NA,NA,NA,NA,NA,NA,NA,NA,NA,NA,NA,NA,NA,NA,NA,NA,NA,NA,NA,NA,NA,NA,NA,NA,NA,139,325,27,18,"Minnesota Vikings",18,"Minnesota Vikings","MIN",12,"Green Bay Packers","GB","WEEKLY",NA,NA
"Skyy Moore","WR","GB",NA,0,0,0,NA,0,0,NA,0.56,2.5,NA,0.02,NA,1.44,NA,"55256","FanDuel","15766","NumberFire","WR",0.91,0.55,5.96,NA,NA,0.04,NA,NA,NA,NA,NA,NA,NA,NA,NA,NA,NA,NA,NA,NA,NA,NA,NA,NA,NA,NA,NA,NA,NA,NA,NA,NA,NA,NA,NA,NA,NA,NA,NA,NA,NA,NA,NA,NA,NA,NA,NA,NA,NA,NA,140,327,12,12,"Green Bay Packers",18,"Minnesota Vikings","MIN",12,"Green Bay Packers","GB","WEEKLY",NA,NA
"Brennan Presley","WR","LA",NA,0,0,0,NA,0,0,NA,0,0,NA,0,NA,1.36,NA,"56569","FanDuel","17321","NumberFire","WR",1.06,0.66,7.52,NA,NA,0.05,NA,NA,NA,NA,NA,NA,NA,NA,NA,NA,NA,NA,NA,NA,NA,NA,NA,NA,NA,NA,NA,NA,NA,NA,NA,NA,NA,NA,NA,NA,NA,NA,NA,NA,NA,NA,NA,NA,NA,NA,NA,NA,NA,NA,141,331,17,33,"Los Angeles Rams",33,"Los Angeles Rams","LA",27,"San Francisco 49ers","SF","WEEKLY",NA,NA
"Efton Chism III","WR","NE",NA,0,0,0,NA,0,0,NA,0,0,NA,0,NA,1.34,NA,"56519","FanDuel","17269","NumberFire","WR",1.03,0.66,7.92,NA,NA,0.04,NA,NA,NA,NA,NA,NA,NA,NA,NA,NA,NA,NA,NA,NA,NA,NA,NA,NA,NA,NA,NA,NA,NA,NA,NA,NA,NA,NA,NA,NA,NA,NA,NA,NA,NA,NA,NA,NA,NA,NA,NA,NA,NA,NA,142,333,16,19,"New England Patriots",28,"Seattle Seahawks","SEA",19,"New England Patriots","NE","WEEKLY",NA,NA
"Tylan Wallace","WR","CLE",NA,0,0,0,NA,0,0,NA,0,0,NA,0,NA,1.34,NA,"55065","FanDuel","15285","NumberFire","WR",1.16,0.68,7.78,NA,NA,0.04,NA,NA,NA,NA,NA,NA,NA,NA,NA,NA,NA,NA,NA,NA,NA,NA,NA,NA,NA,NA,NA,NA,NA,NA,NA,NA,NA,NA,NA,NA,NA,NA,NA,NA,NA,NA,NA,NA,NA,NA,NA,NA,NA,NA,142,333,15,8,"Cleveland Browns",15,"Jacksonville Jaguars","JAC",8,"Cleveland Browns","CLE","WEEKLY",NA,NA
"Dyami Brown","WR","WSH",NA,0,0,0,NA,0,0,NA,0,0,NA,0,NA,1.32,NA,"54897","FanDuel","15292","NumberFire","WR",1.17,0.64,7.8,NA,NA,0.04,NA,NA,NA,NA,NA,NA,NA,NA,NA,NA,NA,NA,NA,NA,NA,NA,NA,NA,NA,NA,NA,NA,NA,NA,NA,NA,NA,NA,NA,NA,NA,NA,NA,NA,NA,NA,NA,NA,NA,NA,NA,NA,NA,NA,144,335,5,32,"Washington Commanders",24,"Philadelphia Eagles","PHI",32,"Washington Commanders","WSH","WEEKLY",NA,NA
"Kameron Johnson","WR","TB",NA,0,0,0,NA,0,0,NA,0,0,NA,0,NA,1.28,NA,"56023","FanDuel","16883","NumberFire","WR",0.99,0.59,7.01,NA,NA,0.05,NA,NA,NA,NA,NA,NA,NA,NA,NA,NA,NA,NA,NA,NA,NA,NA,NA,NA,NA,NA,NA,NA,NA,NA,NA,NA,NA,NA,NA,NA,NA,NA,NA,NA,NA,NA,NA,NA,NA,NA,NA,NA,NA,NA,145,337,26,30,"Tampa Bay Buccaneers",7,"Cincinnati Bengals","CIN",30,"Tampa Bay Buccaneers","TB","WEEKLY",NA,NA
"Kaden Wetjen","WR","PIT",NA,0,0,0,NA,0,0,NA,0,0,NA,0,NA,1.19,NA,"56680","FanDuel","17620","NumberFire","WR",0.92,0.56,6.28,NA,NA,0.05,NA,NA,NA,NA,NA,NA,NA,NA,NA,NA,NA,NA,NA,NA,NA,NA,NA,NA,NA,NA,NA,NA,NA,NA,NA,NA,NA,NA,NA,NA,NA,NA,NA,NA,NA,NA,NA,NA,NA,NA,NA,NA,NA,NA,146,340,30,25,"Pittsburgh Steelers",25,"Pittsburgh Steelers","PIT",2,"Atlanta Falcons","ATL","WEEKLY",NA,NA
"Malachi Corley","WR","CLE",NA,0,0,0,NA,0,0,NA,0.46,1.84,NA,0.01,NA,1.19,NA,"55923","FanDuel","16636","NumberFire","WR",0.87,0.53,5.22,NA,NA,0.03,NA,NA,NA,NA,NA,NA,NA,NA,NA,NA,NA,NA,NA,NA,NA,NA,NA,NA,NA,NA,NA,NA,NA,NA,NA,NA,NA,NA,NA,NA,NA,NA,NA,NA,NA,NA,NA,NA,NA,NA,NA,NA,NA,NA,146,340,15,8,"Cleveland Browns",15,"Jacksonville Jaguars","JAC",8,"Cleveland Browns","CLE","WEEKLY",NA,NA
"Ke'Shawn Williams","WR","CIN",NA,0,0,0,NA,0,0,NA,0.26,1.23,NA,0.01,NA,1.13,NA,"56514","FanDuel","17396","NumberFire","WR",0.71,0.43,5.17,NA,NA,0.04,NA,NA,NA,NA,NA,NA,NA,NA,NA,NA,NA,NA,NA,NA,NA,NA,NA,NA,NA,NA,NA,NA,NA,NA,NA,NA,NA,NA,NA,NA,NA,NA,NA,NA,NA,NA,NA,NA,NA,NA,NA,NA,NA,NA,148,347,13,7,"Cincinnati Bengals",7,"Cincinnati Bengals","CIN",30,"Tampa Bay Buccaneers","TB","WEEKLY",NA,NA
"Jalen Royals","WR","KC",NA,0,0,0,NA,0,0,NA,0,0,NA,0,NA,1.12,NA,"56493","FanDuel","17086","NumberFire","WR",0.92,0.5,6.33,NA,NA,0.04,NA,NA,NA,NA,NA,NA,NA,NA,NA,NA,NA,NA,NA,NA,NA,NA,NA,NA,NA,NA,NA,NA,NA,NA,NA,NA,NA,NA,NA,NA,NA,NA,NA,NA,NA,NA,NA,NA,NA,NA,NA,NA,NA,NA,149,348,6,16,"Kansas City Chiefs",16,"Kansas City Chiefs","KC",10,"Denver Broncos","DEN","WEEKLY",NA,NA
"Devin Duvernay","WR","ARI",NA,0,0,0,NA,0,0,NA,0,0,NA,0,NA,1.08,NA,"54504","FanDuel","14847","NumberFire","WR",1.05,0.62,6.06,NA,NA,0.03,NA,NA,NA,NA,NA,NA,NA,NA,NA,NA,NA,NA,NA,NA,NA,NA,NA,NA,NA,NA,NA,NA,NA,NA,NA,NA,NA,NA,NA,NA,NA,NA,NA,NA,NA,NA,NA,NA,NA,NA,NA,NA,NA,NA,150,349,1,1,"Arizona Cardinals",34,"Los Angeles Chargers","LAC",1,"Arizona Cardinals","ARI","WEEKLY",NA,NA
"Malik Heath","WR","GB",NA,0,0,0,NA,0,0,NA,0,0,NA,0,NA,1.08,NA,"55697","FanDuel","16413","NumberFire","WR",0.91,0.56,5.8,NA,NA,0.04,NA,NA,NA,NA,NA,NA,NA,NA,NA,NA,NA,NA,NA,NA,NA,NA,NA,NA,NA,NA,NA,NA,NA,NA,NA,NA,NA,NA,NA,NA,NA,NA,NA,NA,NA,NA,NA,NA,NA,NA,NA,NA,NA,NA,150,349,12,12,"Green Bay Packers",18,"Minnesota Vikings","MIN",12,"Green Bay Packers","GB","WEEKLY",NA,NA
"LaJohntay Wester","WR","BAL",NA,0,0,0,NA,0,0,NA,0,0,NA,0,NA,0.95,NA,"56329","FanDuel","17232","NumberFire","WR",0.71,0.42,5.24,NA,NA,0.04,NA,NA,NA,NA,NA,NA,NA,NA,NA,NA,NA,NA,NA,NA,NA,NA,NA,NA,NA,NA,NA,NA,NA,NA,NA,NA,NA,NA,NA,NA,NA,NA,NA,NA,NA,NA,NA,NA,NA,NA,NA,NA,NA,NA,152,356,25,3,"Baltimore Ravens",14,"Indianapolis Colts","IND",3,"Baltimore Ravens","BAL","WEEKLY",NA,NA
"Elijah Sarratt","WR","BAL",NA,0,0,0,NA,0,0,NA,0,0,NA,0,NA,0.95,NA,"56649","FanDuel","17505","NumberFire","WR",0.71,0.42,5.24,NA,NA,0.04,NA,NA,NA,NA,NA,NA,NA,NA,NA,NA,NA,NA,NA,NA,NA,NA,NA,NA,NA,NA,NA,NA,NA,NA,NA,NA,NA,NA,NA,NA,NA,NA,NA,NA,NA,NA,NA,NA,NA,NA,NA,NA,NA,NA,152,356,25,3,"Baltimore Ravens",14,"Indianapolis Colts","IND",3,"Baltimore Ravens","BAL","WEEKLY",NA,NA
"Simi Fehoko","WR","ARI",NA,0,0,0,NA,0,0,NA,0,0,NA,0,NA,0.9,NA,"55288","FanDuel","15303","NumberFire","WR",0.75,0.41,5.17,NA,NA,0.03,NA,NA,NA,NA,NA,NA,NA,NA,NA,NA,NA,NA,NA,NA,NA,NA,NA,NA,NA,NA,NA,NA,NA,NA,NA,NA,NA,NA,NA,NA,NA,NA,NA,NA,NA,NA,NA,NA,NA,NA,NA,NA,NA,NA,154,360,1,1,"Arizona Cardinals",34,"Los Angeles Chargers","LAC",1,"Arizona Cardinals","ARI","WEEKLY",NA,NA
"Brycen Tremayne","WR","CAR",NA,0,0,0,NA,0,0,NA,0,0,NA,0,NA,0.78,NA,"56119","FanDuel","16949","NumberFire","WR",0.6,0.38,4.25,NA,NA,0.03,NA,NA,NA,NA,NA,NA,NA,NA,NA,NA,NA,NA,NA,NA,NA,NA,NA,NA,NA,NA,NA,NA,NA,NA,NA,NA,NA,NA,NA,NA,NA,NA,NA,NA,NA,NA,NA,NA,NA,NA,NA,NA,NA,NA,155,367,19,5,"Carolina Panthers",5,"Carolina Panthers","CAR",6,"Chicago Bears","CHI","WEEKLY",NA,NA
"Ben Skowronek","WR","PIT",NA,0,0,0,NA,0,0,NA,0,0,NA,0,NA,0.77,NA,"55037","FanDuel","15491","NumberFire","WR",0.62,0.37,4.08,NA,NA,0.03,NA,NA,NA,NA,NA,NA,NA,NA,NA,NA,NA,NA,NA,NA,NA,NA,NA,NA,NA,NA,NA,NA,NA,NA,NA,NA,NA,NA,NA,NA,NA,NA,NA,NA,NA,NA,NA,NA,NA,NA,NA,NA,NA,NA,156,370,30,25,"Pittsburgh Steelers",25,"Pittsburgh Steelers","PIT",2,"Atlanta Falcons","ATL","WEEKLY",NA,NA
"Tim Patrick","WR","NYJ",NA,0,0,0,NA,0,0,NA,0,0,NA,0,NA,0.75,NA,"53848","FanDuel","13377","NumberFire","WR",0.53,0.35,4.57,NA,NA,0.02,NA,NA,NA,NA,NA,NA,NA,NA,NA,NA,NA,NA,NA,NA,NA,NA,NA,NA,NA,NA,NA,NA,NA,NA,NA,NA,NA,NA,NA,NA,NA,NA,NA,NA,NA,NA,NA,NA,NA,NA,NA,NA,NA,NA,157,371,8,22,"New York Jets",31,"Tennessee Titans","TEN",22,"New York Jets","NYJ","WEEKLY",NA,NA
"Ja'Corey Brooks","WR","WSH",NA,0,0,0,NA,0,0,NA,0,0,NA,0,NA,0.67,NA,"56524","FanDuel","17091","NumberFire","WR",0.58,0.32,3.94,NA,NA,0.02,NA,NA,NA,NA,NA,NA,NA,NA,NA,NA,NA,NA,NA,NA,NA,NA,NA,NA,NA,NA,NA,NA,NA,NA,NA,NA,NA,NA,NA,NA,NA,NA,NA,NA,NA,NA,NA,NA,NA,NA,NA,NA,NA,NA,158,374,5,32,"Washington Commanders",24,"Philadelphia Eagles","PHI",32,"Washington Commanders","WSH","WEEKLY",NA,NA
"Kevin Austin Jr.","WR","NO",NA,0,0,0,NA,0,0,NA,0,0,NA,0,NA,0.6,NA,"56183","FanDuel","15765","NumberFire","WR",0.45,0.25,3.52,NA,NA,0.02,NA,NA,NA,NA,NA,NA,NA,NA,NA,NA,NA,NA,NA,NA,NA,NA,NA,NA,NA,NA,NA,NA,NA,NA,NA,NA,NA,NA,NA,NA,NA,NA,NA,NA,NA,NA,NA,NA,NA,NA,NA,NA,NA,NA,159,379,31,20,"New Orleans Saints",11,"Detroit Lions","DET",20,"New Orleans Saints","NO","WEEKLY",NA,NA
"Isaiah Williams","WR","NYJ",NA,0,0,0,NA,0,0,NA,0.31,1.6,NA,0.01,NA,0.54,NA,"56165","FanDuel","16630","NumberFire","WR",0.26,0.17,1.9,NA,NA,0.01,NA,NA,NA,NA,NA,NA,NA,NA,NA,NA,NA,NA,NA,NA,NA,NA,NA,NA,NA,NA,NA,NA,NA,NA,NA,NA,NA,NA,NA,NA,NA,NA,NA,NA,NA,NA,NA,NA,NA,NA,NA,NA,NA,NA,160,381,8,22,"New York Jets",31,"Tennessee Titans","TEN",22,"New York Jets","NYJ","WEEKLY",NA,NA
"Kyle Williams","WR","NE",NA,0,0,0,NA,0,0,NA,0,0,NA,0,NA,0.44,NA,"56374","FanDuel","17134","NumberFire","WR",0.34,0.22,2.68,NA,NA,0.01,NA,NA,NA,NA,NA,NA,NA,NA,NA,NA,NA,NA,NA,NA,NA,NA,NA,NA,NA,NA,NA,NA,NA,NA,NA,NA,NA,NA,NA,NA,NA,NA,NA,NA,NA,NA,NA,NA,NA,NA,NA,NA,NA,NA,161,388,16,19,"New England Patriots",28,"Seattle Seahawks","SEA",19,"New England Patriots","NE","WEEKLY",NA,NA
"Derius Davis","WR","LAC",NA,0,0,0,NA,0,0,NA,0,0,NA,0,NA,0.44,NA,"55644","FanDuel","16299","NumberFire","WR",0.32,0.2,2.17,NA,NA,0.02,NA,NA,NA,NA,NA,NA,NA,NA,NA,NA,NA,NA,NA,NA,NA,NA,NA,NA,NA,NA,NA,NA,NA,NA,NA,NA,NA,NA,NA,NA,NA,NA,NA,NA,NA,NA,NA,NA,NA,NA,NA,NA,NA,NA,161,388,22,34,"Los Angeles Chargers",34,"Los Angeles Chargers","LAC",1,"Arizona Cardinals","ARI","WEEKLY",NA,NA
"Zavion Thomas","WR","CHI",NA,0,0,0,NA,0,0,NA,0,0,NA,0,NA,0.43,NA,"56655","FanDuel","17521","NumberFire","WR",0.32,0.18,2.18,NA,NA,0.02,NA,NA,NA,NA,NA,NA,NA,NA,NA,NA,NA,NA,NA,NA,NA,NA,NA,NA,NA,NA,NA,NA,NA,NA,NA,NA,NA,NA,NA,NA,NA,NA,NA,NA,NA,NA,NA,NA,NA,NA,NA,NA,NA,NA,163,394,21,6,"Chicago Bears",5,"Carolina Panthers","CAR",6,"Chicago Bears","CHI","WEEKLY",NA,NA
"Chris Blair","WR","ATL",NA,0,0,0,NA,0,0,NA,0,0,NA,0,NA,0.37,NA,"56222","FanDuel","16499","NumberFire","WR",0.31,0.19,2.15,NA,NA,0.01,NA,NA,NA,NA,NA,NA,NA,NA,NA,NA,NA,NA,NA,NA,NA,NA,NA,NA,NA,NA,NA,NA,NA,NA,NA,NA,NA,NA,NA,NA,NA,NA,NA,NA,NA,NA,NA,NA,NA,NA,NA,NA,NA,NA,164,396,20,2,"Atlanta Falcons",25,"Pittsburgh Steelers","PIT",2,"Atlanta Falcons","ATL","WEEKLY",NA,NA
"Skyler Bell","WR","BUF",NA,0,0,0,NA,0,0,NA,0,0,NA,0,NA,0.37,NA,"56652","FanDuel","17508","NumberFire","WR",0.31,0.18,2.18,NA,NA,0.01,NA,NA,NA,NA,NA,NA,NA,NA,NA,NA,NA,NA,NA,NA,NA,NA,NA,NA,NA,NA,NA,NA,NA,NA,NA,NA,NA,NA,NA,NA,NA,NA,NA,NA,NA,NA,NA,NA,NA,NA,NA,NA,NA,NA,164,396,14,4,"Buffalo Bills",13,"Houston Texans","HOU",4,"Buffalo Bills","BUF","WEEKLY",NA,NA
"Jalen Brooks","WR","ARI",NA,0,0,0,NA,0,0,NA,0,0,NA,0,NA,0.35,NA,"55851","FanDuel","16364","NumberFire","WR",0.3,0.17,2.01,NA,NA,0.01,NA,NA,NA,NA,NA,NA,NA,NA,NA,NA,NA,NA,NA,NA,NA,NA,NA,NA,NA,NA,NA,NA,NA,NA,NA,NA,NA,NA,NA,NA,NA,NA,NA,NA,NA,NA,NA,NA,NA,NA,NA,NA,NA,NA,166,400,1,1,"Arizona Cardinals",34,"Los Angeles Chargers","LAC",1,"Arizona Cardinals","ARI","WEEKLY",NA,NA
"Nikko Remigio","WR","KC",NA,0,0,0,NA,0,0,NA,0,0,NA,0,NA,0.35,NA,"56202","FanDuel","16422","NumberFire","WR",0.31,0.17,2.08,NA,NA,0.01,NA,NA,NA,NA,NA,NA,NA,NA,NA,NA,NA,NA,NA,NA,NA,NA,NA,NA,NA,NA,NA,NA,NA,NA,NA,NA,NA,NA,NA,NA,NA,NA,NA,NA,NA,NA,NA,NA,NA,NA,NA,NA,NA,NA,166,400,6,16,"Kansas City Chiefs",16,"Kansas City Chiefs","KC",10,"Denver Broncos","DEN","WEEKLY",NA,NA
"Jake Bobo","WR","SEA",NA,0,0,0,NA,0,0,NA,0,0,NA,0,NA,0,NA,"55730","FanDuel","16393","NumberFire","WR",0,0,0,NA,NA,0,NA,NA,NA,NA,NA,NA,NA,NA,NA,NA,NA,NA,NA,NA,NA,NA,NA,NA,NA,NA,NA,NA,NA,NA,NA,NA,NA,NA,NA,NA,NA,NA,NA,NA,NA,NA,NA,NA,NA,NA,NA,NA,NA,NA,168,437,4,28,"Seattle Seahawks",28,"Seattle Seahawks","SEA",19,"New England Patriots","NE","WEEKLY",NA,NA
"Ricky White III","WR","SEA",NA,0,0,0,NA,0,0,NA,0,0,NA,0,NA,0,NA,"56547","FanDuel","17084","NumberFire","WR",0,0,0,NA,NA,0,NA,NA,NA,NA,NA,NA,NA,NA,NA,NA,NA,NA,NA,NA,NA,NA,NA,NA,NA,NA,NA,NA,NA,NA,NA,NA,NA,NA,NA,NA,NA,NA,NA,NA,NA,NA,NA,NA,NA,NA,NA,NA,NA,NA,168,437,4,28,"Seattle Seahawks",28,"Seattle Seahawks","SEA",19,"New England Patriots","NE","WEEKLY",NA,NA
"Christian Kirk","WR","SF",NA,0,0,0,NA,0,0,NA,0,0,NA,0,NA,0,NA,"53770","FanDuel","13633","NumberFire","WR",0,0,0,NA,NA,0,NA,NA,NA,NA,NA,NA,NA,NA,NA,NA,NA,NA,NA,NA,NA,NA,NA,NA,NA,NA,NA,NA,NA,NA,NA,NA,NA,NA,NA,NA,NA,NA,NA,NA,NA,NA,NA,NA,NA,NA,NA,NA,NA,NA,168,437,24,27,"San Francisco 49ers",33,"Los Angeles Rams","LA",27,"San Francisco 49ers","SF","WEEKLY",NA,NA
"Ricky Pearsall","WR","SF",NA,0,0,0,NA,0,0,NA,0,0,NA,0,NA,0,NA,"55925","FanDuel","16622","NumberFire","WR",0,0,0,NA,NA,0,NA,NA,NA,NA,NA,NA,NA,NA,NA,NA,NA,NA,NA,NA,NA,NA,NA,NA,NA,NA,NA,NA,NA,NA,NA,NA,NA,NA,NA,NA,NA,NA,NA,NA,NA,NA,NA,NA,NA,NA,NA,NA,NA,NA,168,437,24,27,"San Francisco 49ers",33,"Los Angeles Rams","LA",27,"San Francisco 49ers","SF","WEEKLY",NA,NA
"Jordan Watkins","WR","SF",NA,0,0,0,NA,0,0,NA,0,0,NA,0,NA,0,NA,"56540","FanDuel","17192","NumberFire","WR",0,0,0,NA,NA,0,NA,NA,NA,NA,NA,NA,NA,NA,NA,NA,NA,NA,NA,NA,NA,NA,NA,NA,NA,NA,NA,NA,NA,NA,NA,NA,NA,NA,NA,NA,NA,NA,NA,NA,NA,NA,NA,NA,NA,NA,NA,NA,NA,NA,168,437,24,27,"San Francisco 49ers",33,"Los Angeles Rams","LA",27,"San Francisco 49ers","SF","WEEKLY",NA,NA
"David Moore","WR","CAR",NA,0,0,0,NA,0,0,NA,0,0,NA,0,NA,0,NA,"53884","FanDuel","13348","NumberFire","WR",0,0,0,NA,NA,0,NA,NA,NA,NA,NA,NA,NA,NA,NA,NA,NA,NA,NA,NA,NA,NA,NA,NA,NA,NA,NA,NA,NA,NA,NA,NA,NA,NA,NA,NA,NA,NA,NA,NA,NA,NA,NA,NA,NA,NA,NA,NA,NA,NA,168,437,19,5,"Carolina Panthers",5,"Carolina Panthers","CAR",6,"Chicago Bears","CHI","WEEKLY",NA,NA
"Chris Brazzell","WR","CAR",NA,0,0,0,NA,0,0,NA,0,0,NA,0,NA,0,NA,"56653","FanDuel","17509","NumberFire","WR",0,0,0,NA,NA,0,NA,NA,NA,NA,NA,NA,NA,NA,NA,NA,NA,NA,NA,NA,NA,NA,NA,NA,NA,NA,NA,NA,NA,NA,NA,NA,NA,NA,NA,NA,NA,NA,NA,NA,NA,NA,NA,NA,NA,NA,NA,NA,NA,NA,168,437,19,5,"Carolina Panthers",5,"Carolina Panthers","CAR",6,"Chicago Bears","CHI","WEEKLY",NA,NA
"Coleman Owen","WR","IND",NA,0,0,0,NA,0,0,NA,0,0,NA,0,NA,0,NA,"56582","FanDuel","17278","NumberFire","WR",0,0,0,NA,NA,0,NA,NA,NA,NA,NA,NA,NA,NA,NA,NA,NA,NA,NA,NA,NA,NA,NA,NA,NA,NA,NA,NA,NA,NA,NA,NA,NA,NA,NA,NA,NA,NA,NA,NA,NA,NA,NA,NA,NA,NA,NA,NA,NA,NA,168,437,2,14,"Indianapolis Colts",14,"Indianapolis Colts","IND",3,"Baltimore Ravens","BAL","WEEKLY",NA,NA
"Chandler Brayboy","WR","JAC",NA,0,0,0,NA,0,0,NA,0,0,NA,0,NA,0,NA,"56584","FanDuel",NA,"NumberFire","WR",0,0,0,NA,NA,0,NA,NA,NA,NA,NA,NA,NA,NA,NA,NA,NA,NA,NA,NA,NA,NA,NA,NA,NA,NA,NA,NA,NA,NA,NA,NA,NA,NA,NA,NA,NA,NA,NA,NA,NA,NA,NA,NA,NA,NA,NA,NA,NA,NA,168,437,7,15,"Jacksonville Jaguars",15,"Jacksonville Jaguars","JAC",8,"Cleveland Browns","CLE","WEEKLY",NA,NA
"David Sills V","WR","TB",NA,0,0,0,NA,0,0,NA,0,0,NA,0,NA,0,NA,"55104","FanDuel","14110","NumberFire","WR",0,0,0,NA,NA,0,NA,NA,NA,NA,NA,NA,NA,NA,NA,NA,NA,NA,NA,NA,NA,NA,NA,NA,NA,NA,NA,NA,NA,NA,NA,NA,NA,NA,NA,NA,NA,NA,NA,NA,NA,NA,NA,NA,NA,NA,NA,NA,NA,NA,168,437,26,30,"Tampa Bay Buccaneers",7,"Cincinnati Bengals","CIN",30,"Tampa Bay Buccaneers","TB","WEEKLY",NA,NA
"Jordan Moore","WR","CIN",NA,0,0,0,NA,0,0,NA,0,0,NA,0,NA,0,NA,"56583","FanDuel","17305","NumberFire","WR",0,0,0,NA,NA,0,NA,NA,NA,NA,NA,NA,NA,NA,NA,NA,NA,NA,NA,NA,NA,NA,NA,NA,NA,NA,NA,NA,NA,NA,NA,NA,NA,NA,NA,NA,NA,NA,NA,NA,NA,NA,NA,NA,NA,NA,NA,NA,NA,NA,168,437,13,7,"Cincinnati Bengals",7,"Cincinnati Bengals","CIN",30,"Tampa Bay Buccaneers","TB","WEEKLY",NA,NA
"Colbie Young","WR","CIN",NA,0,0,0,NA,0,0,NA,0,0,NA,0,NA,0,NA,"56656","FanDuel","17542","NumberFire","WR",0,0,0,NA,NA,0,NA,NA,NA,NA,NA,NA,NA,NA,NA,NA,NA,NA,NA,NA,NA,NA,NA,NA,NA,NA,NA,NA,NA,NA,NA,NA,NA,NA,NA,NA,NA,NA,NA,NA,NA,NA,NA,NA,NA,NA,NA,NA,NA,NA,168,437,13,7,"Cincinnati Bengals",7,"Cincinnati Bengals","CIN",30,"Tampa Bay Buccaneers","TB","WEEKLY",NA,NA
"Irvin Charles","WR","NYJ",NA,0,0,0,NA,0,0,NA,0,0,NA,0,NA,0,NA,"55810","FanDuel",NA,"NumberFire","WR",0,0,0,NA,NA,0,NA,NA,NA,NA,NA,NA,NA,NA,NA,NA,NA,NA,NA,NA,NA,NA,NA,NA,NA,NA,NA,NA,NA,NA,NA,NA,NA,NA,NA,NA,NA,NA,NA,NA,NA,NA,NA,NA,NA,NA,NA,NA,NA,NA,168,437,8,22,"New York Jets",31,"Tennessee Titans","TEN",22,"New York Jets","NYJ","WEEKLY",NA,NA
"Arian Smith","WR","NYJ",NA,0,0,0,NA,0,0,NA,0,0,NA,0,NA,0,NA,"56412","FanDuel","17175","NumberFire","WR",0,0,0,NA,NA,0,NA,NA,NA,NA,NA,NA,NA,NA,NA,NA,NA,NA,NA,NA,NA,NA,NA,NA,NA,NA,NA,NA,NA,NA,NA,NA,NA,NA,NA,NA,NA,NA,NA,NA,NA,NA,NA,NA,NA,NA,NA,NA,NA,NA,168,437,8,22,"New York Jets",31,"Tennessee Titans","TEN",22,"New York Jets","NYJ","WEEKLY",NA,NA
"Xavier Restrepo","WR","TEN",NA,0,0,0,NA,0,0,NA,0,0,NA,0,NA,0,NA,"56564","FanDuel","17077","NumberFire","WR",0,0,0,NA,NA,0,NA,NA,NA,NA,NA,NA,NA,NA,NA,NA,NA,NA,NA,NA,NA,NA,NA,NA,NA,NA,NA,NA,NA,NA,NA,NA,NA,NA,NA,NA,NA,NA,NA,NA,NA,NA,NA,NA,NA,NA,NA,NA,NA,NA,168,437,9,31,"Tennessee Titans",31,"Tennessee Titans","TEN",22,"New York Jets","NYJ","WEEKLY",NA,NA
"Trey Palmer","WR","NO",NA,0,0,0,NA,0,0,NA,0,0,NA,0,NA,0,NA,"55632","FanDuel","16199","NumberFire","WR",0,0,0,NA,NA,0,NA,NA,NA,NA,NA,NA,NA,NA,NA,NA,NA,NA,NA,NA,NA,NA,NA,NA,NA,NA,NA,NA,NA,NA,NA,NA,NA,NA,NA,NA,NA,NA,NA,NA,NA,NA,NA,NA,NA,NA,NA,NA,NA,NA,168,437,31,20,"New Orleans Saints",11,"Detroit Lions","DET",20,"New Orleans Saints","NO","WEEKLY",NA,NA
"Mason Tipton","WR","NO",NA,0,0,0,NA,0,0,NA,0,0,NA,0,NA,0,NA,"56021","FanDuel","16858","NumberFire","WR",0,0,0,NA,NA,0,NA,NA,NA,NA,NA,NA,NA,NA,NA,NA,NA,NA,NA,NA,NA,NA,NA,NA,NA,NA,NA,NA,NA,NA,NA,NA,NA,NA,NA,NA,NA,NA,NA,NA,NA,NA,NA,NA,NA,NA,NA,NA,NA,NA,168,437,31,20,"New Orleans Saints",11,"Detroit Lions","DET",20,"New Orleans Saints","NO","WEEKLY",NA,NA
"Jackson Meeks","WR","DET",NA,0,0,0,NA,0,0,NA,0,0,NA,0,NA,0,NA,"56490","FanDuel","17334","NumberFire","WR",0,0,0,NA,NA,0,NA,NA,NA,NA,NA,NA,NA,NA,NA,NA,NA,NA,NA,NA,NA,NA,NA,NA,NA,NA,NA,NA,NA,NA,NA,NA,NA,NA,NA,NA,NA,NA,NA,NA,NA,NA,NA,NA,NA,NA,NA,NA,NA,NA,168,437,18,11,"Detroit Lions",11,"Detroit Lions","DET",20,"New Orleans Saints","NO","WEEKLY",NA,NA
"Jordyn Tyson","WR","NO",NA,0,0,0,NA,0,0,NA,0,0,NA,0,NA,0,NA,"56631","FanDuel","17498","NumberFire","WR",0,0,0,NA,NA,0,NA,NA,NA,NA,NA,NA,NA,NA,NA,NA,NA,NA,NA,NA,NA,NA,NA,NA,NA,NA,NA,NA,NA,NA,NA,NA,NA,NA,NA,NA,NA,NA,NA,NA,NA,NA,NA,NA,NA,NA,NA,NA,NA,NA,168,437,31,20,"New Orleans Saints",11,"Detroit Lions","DET",20,"New Orleans Saints","NO","WEEKLY",NA,NA
"Tank Dell","WR","HOU",NA,0,0,0,NA,0,0,NA,0,0,NA,0,NA,0,NA,"55643","FanDuel","16204","NumberFire","WR",0,0,0,NA,NA,0,NA,NA,NA,NA,NA,NA,NA,NA,NA,NA,NA,NA,NA,NA,NA,NA,NA,NA,NA,NA,NA,NA,NA,NA,NA,NA,NA,NA,NA,NA,NA,NA,NA,NA,NA,NA,NA,NA,NA,NA,NA,NA,NA,NA,168,437,3,13,"Houston Texans",13,"Houston Texans","HOU",4,"Buffalo Bills","BUF","WEEKLY",NA,NA
"Tyrell Shavers","WR","BUF",NA,0,0,0,NA,0,0,NA,0,0,NA,0,NA,0,NA,"56224","FanDuel","16451","NumberFire","WR",0,0,0,NA,NA,0,NA,NA,NA,NA,NA,NA,NA,NA,NA,NA,NA,NA,NA,NA,NA,NA,NA,NA,NA,NA,NA,NA,NA,NA,NA,NA,NA,NA,NA,NA,NA,NA,NA,NA,NA,NA,NA,NA,NA,NA,NA,NA,NA,NA,168,437,14,4,"Buffalo Bills",13,"Houston Texans","HOU",4,"Buffalo Bills","BUF","WEEKLY",NA,NA
"Xavier Weaver","WR","ARI",NA,0,0,0,NA,0,0,NA,0,0,NA,0,NA,0,NA,"56143","FanDuel","16634","NumberFire","WR",0,0,0,NA,NA,0,NA,NA,NA,NA,NA,NA,NA,NA,NA,NA,NA,NA,NA,NA,NA,NA,NA,NA,NA,NA,NA,NA,NA,NA,NA,NA,NA,NA,NA,NA,NA,NA,NA,NA,NA,NA,NA,NA,NA,NA,NA,NA,NA,NA,168,437,1,1,"Arizona Cardinals",34,"Los Angeles Chargers","LAC",1,"Arizona Cardinals","ARI","WEEKLY",NA,NA
"Dalevon Campbell","WR","LAC",NA,0,0,0,NA,0,0,NA,0,0,NA,0,NA,0,NA,"56469","FanDuel","17325","NumberFire","WR",0,0,0,NA,NA,0,NA,NA,NA,NA,NA,NA,NA,NA,NA,NA,NA,NA,NA,NA,NA,NA,NA,NA,NA,NA,NA,NA,NA,NA,NA,NA,NA,NA,NA,NA,NA,NA,NA,NA,NA,NA,NA,NA,NA,NA,NA,NA,NA,NA,168,437,22,34,"Los Angeles Chargers",34,"Los Angeles Chargers","LAC",1,"Arizona Cardinals","ARI","WEEKLY",NA,NA
"Brenen Thompson","WR","LAC",NA,0,0,0,NA,0,0,NA,0,0,NA,0,NA,0,NA,"56664","FanDuel","17529","NumberFire","WR",0,0,0,NA,NA,0,NA,NA,NA,NA,NA,NA,NA,NA,NA,NA,NA,NA,NA,NA,NA,NA,NA,NA,NA,NA,NA,NA,NA,NA,NA,NA,NA,NA,NA,NA,NA,NA,NA,NA,NA,NA,NA,NA,NA,NA,NA,NA,NA,NA,168,437,22,34,"Los Angeles Chargers",34,"Los Angeles Chargers","LAC",1,"Arizona Cardinals","ARI","WEEKLY",NA,NA
"Savion Williams","WR","GB",NA,0,0,0,NA,0,0,NA,0,0,NA,0,NA,0,NA,"56328","FanDuel","17096","NumberFire","WR",0,0,0,NA,NA,0,NA,NA,NA,NA,NA,NA,NA,NA,NA,NA,NA,NA,NA,NA,NA,NA,NA,NA,NA,NA,NA,NA,NA,NA,NA,NA,NA,NA,NA,NA,NA,NA,NA,NA,NA,NA,NA,NA,NA,NA,NA,NA,NA,NA,168,437,12,12,"Green Bay Packers",18,"Minnesota Vikings","MIN",12,"Green Bay Packers","GB","WEEKLY",NA,NA
"Myles Price","WR","MIN",NA,0,0,0,NA,0,0,NA,0,0,NA,0,NA,0,NA,"56430","FanDuel","17360","NumberFire","WR",0,0,0,NA,NA,0,NA,NA,NA,NA,NA,NA,NA,NA,NA,NA,NA,NA,NA,NA,NA,NA,NA,NA,NA,NA,NA,NA,NA,NA,NA,NA,NA,NA,NA,NA,NA,NA,NA,NA,NA,NA,NA,NA,NA,NA,NA,NA,NA,NA,168,437,27,18,"Minnesota Vikings",18,"Minnesota Vikings","MIN",12,"Green Bay Packers","GB","WEEKLY",NA,NA
"Jeshaun Jones","WR","MIN",NA,0,0,0,NA,0,0,NA,0,0,NA,0,NA,0,NA,"56615","FanDuel",NA,"NumberFire","WR",0,0,0,NA,NA,0,NA,NA,NA,NA,NA,NA,NA,NA,NA,NA,NA,NA,NA,NA,NA,NA,NA,NA,NA,NA,NA,NA,NA,NA,NA,NA,NA,NA,NA,NA,NA,NA,NA,NA,NA,NA,NA,NA,NA,NA,NA,NA,NA,NA,168,437,27,18,"Minnesota Vikings",18,"Minnesota Vikings","MIN",12,"Green Bay Packers","GB","WEEKLY",NA,NA
"Dont'e Thornton Jr.","WR","LV",NA,0,0,0,NA,0,0,NA,0,0,NA,0,NA,0,NA,"56295","FanDuel","17087","NumberFire","WR",0,0,0,NA,NA,0,NA,NA,NA,NA,NA,NA,NA,NA,NA,NA,NA,NA,NA,NA,NA,NA,NA,NA,NA,NA,NA,NA,NA,NA,NA,NA,NA,NA,NA,NA,NA,NA,NA,NA,NA,NA,NA,NA,NA,NA,NA,NA,NA,NA,168,437,32,35,"Las Vegas Raiders",35,"Las Vegas Raiders","LV",17,"Miami Dolphins","MIA","WEEKLY",NA,NA
"Chris Bell","WR","MIA",NA,0,0,0,NA,0,0,NA,0,0,NA,0,NA,0,NA,"56670","FanDuel","17506","NumberFire","WR",0,0,0,NA,NA,0,NA,NA,NA,NA,NA,NA,NA,NA,NA,NA,NA,NA,NA,NA,NA,NA,NA,NA,NA,NA,NA,NA,NA,NA,NA,NA,NA,NA,NA,NA,NA,NA,NA,NA,NA,NA,NA,NA,NA,NA,NA,NA,NA,NA,168,437,10,17,"Miami Dolphins",35,"Las Vegas Raiders","LV",17,"Miami Dolphins","MIA","WEEKLY",NA,NA
"Kevin Coleman","WR","MIA",NA,0,0,0,NA,0,0,NA,0,0,NA,0,NA,0,NA,"56671","FanDuel","17528","NumberFire","WR",0,0,0,NA,NA,0,NA,NA,NA,NA,NA,NA,NA,NA,NA,NA,NA,NA,NA,NA,NA,NA,NA,NA,NA,NA,NA,NA,NA,NA,NA,NA,NA,NA,NA,NA,NA,NA,NA,NA,NA,NA,NA,NA,NA,NA,NA,NA,NA,NA,168,437,10,17,"Miami Dolphins",35,"Las Vegas Raiders","LV",17,"Miami Dolphins","MIA","WEEKLY",NA,NA
"Elijah Moore","WR","PHI",NA,0,0,0,NA,0,0,NA,0,0,NA,0,NA,0,NA,"54875","FanDuel","15288","NumberFire","WR",0,0,0,NA,NA,0,NA,NA,NA,NA,NA,NA,NA,NA,NA,NA,NA,NA,NA,NA,NA,NA,NA,NA,NA,NA,NA,NA,NA,NA,NA,NA,NA,NA,NA,NA,NA,NA,NA,NA,NA,NA,NA,NA,NA,NA,NA,NA,NA,NA,168,437,11,24,"Philadelphia Eagles",24,"Philadelphia Eagles","PHI",32,"Washington Commanders","WSH","WEEKLY",NA,NA
"Darius Cooper","WR","PHI",NA,0,0,0,NA,0,0,NA,0,0,NA,0,NA,0,NA,"56358","FanDuel","17333","NumberFire","WR",0,0,0,NA,NA,0,NA,NA,NA,NA,NA,NA,NA,NA,NA,NA,NA,NA,NA,NA,NA,NA,NA,NA,NA,NA,NA,NA,NA,NA,NA,NA,NA,NA,NA,NA,NA,NA,NA,NA,NA,NA,NA,NA,NA,NA,NA,NA,NA,NA,168,437,11,24,"Philadelphia Eagles",24,"Philadelphia Eagles","PHI",32,"Washington Commanders","WSH","WEEKLY",NA,NA
"Calvin Austin III","WR","NYG",NA,0,0,0,NA,0,0,NA,0,0,NA,0,NA,0,NA,"55637","FanDuel","15777","NumberFire","WR",0,0,0,NA,NA,0,NA,NA,NA,NA,NA,NA,NA,NA,NA,NA,NA,NA,NA,NA,NA,NA,NA,NA,NA,NA,NA,NA,NA,NA,NA,NA,NA,NA,NA,NA,NA,NA,NA,NA,NA,NA,NA,NA,NA,NA,NA,NA,NA,NA,168,437,29,21,"New York Giants",21,"New York Giants","NYG",9,"Dallas Cowboys","DAL","WEEKLY",NA,NA
"Dalen Cambre","WR","NYG",NA,0,0,0,NA,0,0,NA,0,0,NA,0,NA,0,NA,"56557","FanDuel",NA,"NumberFire","WR",0,0,0,NA,NA,0,NA,NA,NA,NA,NA,NA,NA,NA,NA,NA,NA,NA,NA,NA,NA,NA,NA,NA,NA,NA,NA,NA,NA,NA,NA,NA,NA,NA,NA,NA,NA,NA,NA,NA,NA,NA,NA,NA,NA,NA,NA,NA,NA,NA,168,437,29,21,"New York Giants",21,"New York Giants","NYG",9,"Dallas Cowboys","DAL","WEEKLY",NA,NA
"Jimmy Holiday","WR","KC",NA,0,0,0,NA,0,0,NA,0,0,NA,0,NA,0,NA,"56614","FanDuel",NA,"NumberFire","WR",0,0,0,NA,NA,0,NA,NA,NA,NA,NA,NA,NA,NA,NA,NA,NA,NA,NA,NA,NA,NA,NA,NA,NA,NA,NA,NA,NA,NA,NA,NA,NA,NA,NA,NA,NA,NA,NA,NA,NA,NA,NA,NA,NA,NA,NA,NA,NA,NA,168,437,6,16,"Kansas City Chiefs",16,"Kansas City Chiefs","KC",10,"Denver Broncos","DEN","WEEKLY",NA,NA
"Cyrus Allen","WR","KC",NA,0,0,0,NA,0,0,NA,0,0,NA,0,NA,0,NA,"56663","FanDuel","17518","NumberFire","WR",0,0,0,NA,NA,0,NA,NA,NA,NA,NA,NA,NA,NA,NA,NA,NA,NA,NA,NA,NA,NA,NA,NA,NA,NA,NA,NA,NA,NA,NA,NA,NA,NA,NA,NA,NA,NA,NA,NA,NA,NA,NA,NA,NA,NA,NA,NA,NA,NA,168,437,6,16,"Kansas City Chiefs",16,"Kansas City Chiefs","KC",10,"Denver Broncos","DEN","WEEKLY",NA,NA
"Tyler Warren","TE","IND",NA,0,0,0,NA,0,0,NA,0.51,1.99,NA,0.03,NA,10.69,NA,"56254","FanDuel","17102","NumberFire","TE",8,5.7,55.85,NA,NA,0.32,NA,NA,NA,NA,NA,NA,NA,NA,NA,NA,NA,NA,NA,NA,NA,NA,NA,NA,NA,NA,NA,NA,NA,NA,NA,NA,NA,NA,NA,NA,NA,NA,NA,NA,NA,NA,NA,NA,NA,NA,NA,NA,NA,NA,1,71,2,14,"Indianapolis Colts",14,"Indianapolis Colts","IND",3,"Baltimore Ravens","BAL","WEEKLY",NA,NA
"Brock Bowers","TE","LV",NA,0,0,0,NA,0,0,NA,0.55,2.33,NA,0.04,NA,10.57,NA,"55931","FanDuel","16641","NumberFire","TE",7.18,5.09,53.69,NA,NA,0.36,NA,NA,NA,NA,NA,NA,NA,NA,NA,NA,NA,NA,NA,NA,NA,NA,NA,NA,NA,NA,NA,NA,NA,NA,NA,NA,NA,NA,NA,NA,NA,NA,NA,NA,NA,NA,NA,NA,NA,NA,NA,NA,NA,NA,2,73,32,35,"Las Vegas Raiders",35,"Las Vegas Raiders","LV",17,"Miami Dolphins","MIA","WEEKLY",NA,NA
"Colston Loveland","TE","CHI",NA,0,0,0,NA,0,0,NA,0,0,NA,0,NA,10.2,NA,"56251","FanDuel","17104","NumberFire","TE",7.14,4.74,53.11,NA,NA,0.42,NA,NA,NA,NA,NA,NA,NA,NA,NA,NA,NA,NA,NA,NA,NA,NA,NA,NA,NA,NA,NA,NA,NA,NA,NA,NA,NA,NA,NA,NA,NA,NA,NA,NA,NA,NA,NA,NA,NA,NA,NA,NA,NA,NA,3,78,21,6,"Chicago Bears",5,"Carolina Panthers","CAR",6,"Chicago Bears","CHI","WEEKLY",NA,NA
"Trey McBride","TE","ARI",NA,0,0,0,NA,0,0,NA,0,0,NA,0,NA,10.03,NA,"55232","FanDuel","15794","NumberFire","TE",8.09,5.56,54.89,NA,NA,0.29,NA,NA,NA,NA,NA,NA,NA,NA,NA,NA,NA,NA,NA,NA,NA,NA,NA,NA,NA,NA,NA,NA,NA,NA,NA,NA,NA,NA,NA,NA,NA,NA,NA,NA,NA,NA,NA,NA,NA,NA,NA,NA,NA,NA,4,80,1,1,"Arizona Cardinals",34,"Los Angeles Chargers","LAC",1,"Arizona Cardinals","ARI","WEEKLY",NA,NA
"Dallas Goedert","TE","PHI",NA,0,0,0,NA,0,0,NA,0,0,NA,0,NA,9.86,NA,"53795","FanDuel","13674","NumberFire","TE",6.55,4.65,51.32,NA,NA,0.41,NA,NA,NA,NA,NA,NA,NA,NA,NA,NA,NA,NA,NA,NA,NA,NA,NA,NA,NA,NA,NA,NA,NA,NA,NA,NA,NA,NA,NA,NA,NA,NA,NA,NA,NA,NA,NA,NA,NA,NA,NA,NA,NA,NA,5,81,11,24,"Philadelphia Eagles",24,"Philadelphia Eagles","PHI",32,"Washington Commanders","WSH","WEEKLY",NA,NA
"Sam LaPorta","TE","DET",NA,0,0,0,NA,0,0,NA,0,0,NA,0,NA,9.85,NA,"55608","FanDuel","16214","NumberFire","TE",6.33,4.33,49.66,NA,NA,0.45,NA,NA,NA,NA,NA,NA,NA,NA,NA,NA,NA,NA,NA,NA,NA,NA,NA,NA,NA,NA,NA,NA,NA,NA,NA,NA,NA,NA,NA,NA,NA,NA,NA,NA,NA,NA,NA,NA,NA,NA,NA,NA,NA,NA,6,82,18,11,"Detroit Lions",11,"Detroit Lions","DET",20,"New Orleans Saints","NO","WEEKLY",NA,NA
"Juwan Johnson","TE","NO",NA,0,0,0,NA,0,0,NA,0,0,NA,0,NA,9.22,NA,"54742","FanDuel","14861","NumberFire","TE",6.35,4.21,51.35,NA,NA,0.34,NA,NA,NA,NA,NA,NA,NA,NA,NA,NA,NA,NA,NA,NA,NA,NA,NA,NA,NA,NA,NA,NA,NA,NA,NA,NA,NA,NA,NA,NA,NA,NA,NA,NA,NA,NA,NA,NA,NA,NA,NA,NA,NA,NA,7,91,31,20,"New Orleans Saints",11,"Detroit Lions","DET",20,"New Orleans Saints","NO","WEEKLY",NA,NA
"Mark Andrews","TE","BAL",NA,0,0,0,NA,0,0,NA,0.31,1.21,NA,0.01,NA,8.45,NA,"53836","FanDuel","13671","NumberFire","TE",5.41,3.57,39.39,NA,NA,0.43,NA,NA,NA,NA,NA,NA,NA,NA,NA,NA,NA,NA,NA,NA,NA,NA,NA,NA,NA,NA,NA,NA,NA,NA,NA,NA,NA,NA,NA,NA,NA,NA,NA,NA,NA,NA,NA,NA,NA,NA,NA,NA,NA,NA,8,102,25,3,"Baltimore Ravens",14,"Indianapolis Colts","IND",3,"Baltimore Ravens","BAL","WEEKLY",NA,NA
"Hunter Henry","TE","NE",NA,0,0,0,NA,0,0,NA,0,0,NA,0,NA,8.22,NA,"53079","FanDuel","12676","NumberFire","TE",5.53,4,45.97,NA,NA,0.27,NA,NA,NA,NA,NA,NA,NA,NA,NA,NA,NA,NA,NA,NA,NA,NA,NA,NA,NA,NA,NA,NA,NA,NA,NA,NA,NA,NA,NA,NA,NA,NA,NA,NA,NA,NA,NA,NA,NA,NA,NA,NA,NA,NA,9,105,16,19,"New England Patriots",28,"Seattle Seahawks","SEA",19,"New England Patriots","NE","WEEKLY",NA,NA
"Oronde Gadsden","TE","LAC",NA,0,0,0,NA,0,0,NA,0,0,NA,0,NA,8.18,NA,"56472","FanDuel","17099","NumberFire","TE",5.15,3.62,41.86,NA,NA,0.37,NA,NA,NA,NA,NA,NA,NA,NA,NA,NA,NA,NA,NA,NA,NA,NA,NA,NA,NA,NA,NA,NA,NA,NA,NA,NA,NA,NA,NA,NA,NA,NA,NA,NA,NA,NA,NA,NA,NA,NA,NA,NA,NA,NA,10,107,22,34,"Los Angeles Chargers",34,"Los Angeles Chargers","LAC",1,"Arizona Cardinals","ARI","WEEKLY",NA,NA
"Brenton Strange","TE","JAC",NA,0,0,0,NA,0,0,NA,0,0,NA,0,NA,7.88,NA,"55757","FanDuel","16269","NumberFire","TE",5.92,3.98,41.72,NA,NA,0.29,NA,NA,NA,NA,NA,NA,NA,NA,NA,NA,NA,NA,NA,NA,NA,NA,NA,NA,NA,NA,NA,NA,NA,NA,NA,NA,NA,NA,NA,NA,NA,NA,NA,NA,NA,NA,NA,NA,NA,NA,NA,NA,NA,NA,11,113,7,15,"Jacksonville Jaguars",15,"Jacksonville Jaguars","JAC",8,"Cleveland Browns","CLE","WEEKLY",NA,NA
"Travis Kelce","TE","KC",NA,0,0,0,NA,0,0,NA,0,0,NA,0,NA,7.85,NA,"52104","FanDuel","11244","NumberFire","TE",5.85,3.74,41.56,NA,NA,0.31,NA,NA,NA,NA,NA,NA,NA,NA,NA,NA,NA,NA,NA,NA,NA,NA,NA,NA,NA,NA,NA,NA,NA,NA,NA,NA,NA,NA,NA,NA,NA,NA,NA,NA,NA,NA,NA,NA,NA,NA,NA,NA,NA,NA,12,114,6,16,"Kansas City Chiefs",16,"Kansas City Chiefs","KC",10,"Denver Broncos","DEN","WEEKLY",NA,NA
"Tucker Kraft","TE","GB",NA,0,0,0,NA,0,0,NA,0,0,NA,0,NA,7.75,NA,"55615","FanDuel","16222","NumberFire","TE",4.57,3.21,44.01,NA,NA,0.29,NA,NA,NA,NA,NA,NA,NA,NA,NA,NA,NA,NA,NA,NA,NA,NA,NA,NA,NA,NA,NA,NA,NA,NA,NA,NA,NA,NA,NA,NA,NA,NA,NA,NA,NA,NA,NA,NA,NA,NA,NA,NA,NA,NA,13,119,12,12,"Green Bay Packers",18,"Minnesota Vikings","MIN",12,"Green Bay Packers","GB","WEEKLY",NA,NA
"Dalton Kincaid","TE","BUF",NA,0,0,0,NA,0,0,NA,0,0,NA,0,NA,7.7,NA,"55586","FanDuel","16213","NumberFire","TE",5.47,3.78,43.48,NA,NA,0.25,NA,NA,NA,NA,NA,NA,NA,NA,NA,NA,NA,NA,NA,NA,NA,NA,NA,NA,NA,NA,NA,NA,NA,NA,NA,NA,NA,NA,NA,NA,NA,NA,NA,NA,NA,NA,NA,NA,NA,NA,NA,NA,NA,NA,14,121,14,4,"Buffalo Bills",13,"Houston Texans","HOU",4,"Buffalo Bills","BUF","WEEKLY",NA,NA
"Harold Fannin Jr.","TE","CLE",NA,0,0,0,NA,0,0,NA,1.72,7.59,NA,0.04,NA,7.67,NA,"56414","FanDuel","17103","NumberFire","TE",5.72,3.92,35.35,NA,NA,0.21,NA,NA,NA,NA,NA,NA,NA,NA,NA,NA,NA,NA,NA,NA,NA,NA,NA,NA,NA,NA,NA,NA,NA,NA,NA,NA,NA,NA,NA,NA,NA,NA,NA,NA,NA,NA,NA,NA,NA,NA,NA,NA,NA,NA,15,123,15,8,"Cleveland Browns",15,"Jacksonville Jaguars","JAC",8,"Cleveland Browns","CLE","WEEKLY",NA,NA
"Kyle Pitts","TE","ATL",NA,0,0,0,NA,0,0,NA,0,0,NA,0,NA,6.86,NA,"54859","FanDuel","15329","NumberFire","TE",5.5,3.67,36.25,NA,NA,0.23,NA,NA,NA,NA,NA,NA,NA,NA,NA,NA,NA,NA,NA,NA,NA,NA,NA,NA,NA,NA,NA,NA,NA,NA,NA,NA,NA,NA,NA,NA,NA,NA,NA,NA,NA,NA,NA,NA,NA,NA,NA,NA,NA,NA,16,133,20,2,"Atlanta Falcons",25,"Pittsburgh Steelers","PIT",2,"Atlanta Falcons","ATL","WEEKLY",NA,NA
"Isaiah Likely","TE","NYG",NA,0,0,0,NA,0,0,NA,0,0,NA,0,NA,6.85,NA,"55282","FanDuel","15798","NumberFire","TE",4.7,3.25,37.68,NA,NA,0.25,NA,NA,NA,NA,NA,NA,NA,NA,NA,NA,NA,NA,NA,NA,NA,NA,NA,NA,NA,NA,NA,NA,NA,NA,NA,NA,NA,NA,NA,NA,NA,NA,NA,NA,NA,NA,NA,NA,NA,NA,NA,NA,NA,NA,17,134,29,21,"New York Giants",21,"New York Giants","NYG",9,"Dallas Cowboys","DAL","WEEKLY",NA,NA
"Greg Dulcich","TE","MIA",NA,0,0,0,NA,0,0,NA,0,0,NA,0,NA,6.64,NA,"55475","FanDuel","15797","NumberFire","TE",4.79,3.25,39.52,NA,NA,0.18,NA,NA,NA,NA,NA,NA,NA,NA,NA,NA,NA,NA,NA,NA,NA,NA,NA,NA,NA,NA,NA,NA,NA,NA,NA,NA,NA,NA,NA,NA,NA,NA,NA,NA,NA,NA,NA,NA,NA,NA,NA,NA,NA,NA,18,137,10,17,"Miami Dolphins",35,"Las Vegas Raiders","LV",17,"Miami Dolphins","MIA","WEEKLY",NA,NA
"George Kittle","TE","SF",NA,0,0,0,NA,0,0,NA,0,0,NA,0,NA,5.91,NA,"53461","FanDuel","13299","NumberFire","TE",3.77,2.87,32.74,NA,NA,0.2,NA,NA,NA,NA,NA,NA,NA,NA,NA,NA,NA,NA,NA,NA,NA,NA,NA,NA,NA,NA,NA,NA,NA,NA,NA,NA,NA,NA,NA,NA,NA,NA,NA,NA,NA,NA,NA,NA,NA,NA,NA,NA,NA,NA,19,151,24,27,"San Francisco 49ers",33,"Los Angeles Rams","LA",27,"San Francisco 49ers","SF","WEEKLY",NA,NA
"Jake Ferguson","TE","DAL",NA,0,0,0,NA,0,0,NA,0,0,NA,0,NA,5.7,NA,"55396","FanDuel","15799","NumberFire","TE",4.66,3.37,25.53,NA,NA,0.26,NA,NA,NA,NA,NA,NA,NA,NA,NA,NA,NA,NA,NA,NA,NA,NA,NA,NA,NA,NA,NA,NA,NA,NA,NA,NA,NA,NA,NA,NA,NA,NA,NA,NA,NA,NA,NA,NA,NA,NA,NA,NA,NA,NA,20,154,28,9,"Dallas Cowboys",21,"New York Giants","NYG",9,"Dallas Cowboys","DAL","WEEKLY",NA,NA
"Cade Otton","TE","TB",NA,0,0,0,NA,0,0,NA,0,0,NA,0,NA,5.63,NA,"55343","FanDuel","15802","NumberFire","TE",3.98,2.64,27.65,NA,NA,0.26,NA,NA,NA,NA,NA,NA,NA,NA,NA,NA,NA,NA,NA,NA,NA,NA,NA,NA,NA,NA,NA,NA,NA,NA,NA,NA,NA,NA,NA,NA,NA,NA,NA,NA,NA,NA,NA,NA,NA,NA,NA,NA,NA,NA,21,155,26,30,"Tampa Bay Buccaneers",7,"Cincinnati Bengals","CIN",30,"Tampa Bay Buccaneers","TB","WEEKLY",NA,NA
"Dawson Knox","TE","BUF",NA,0,0,0,NA,0,0,NA,0,0,NA,0,NA,5.55,NA,"54230","FanDuel","14143","NumberFire","TE",4.11,2.67,29.57,NA,NA,0.21,NA,NA,NA,NA,NA,NA,NA,NA,NA,NA,NA,NA,NA,NA,NA,NA,NA,NA,NA,NA,NA,NA,NA,NA,NA,NA,NA,NA,NA,NA,NA,NA,NA,NA,NA,NA,NA,NA,NA,NA,NA,NA,NA,NA,22,157,14,4,"Buffalo Bills",13,"Houston Texans","HOU",4,"Buffalo Bills","BUF","WEEKLY",NA,NA
"T.J. Hockenson","TE","MIN",NA,0,0,0,NA,0,0,NA,0,0,NA,0,NA,5.44,NA,"54137","FanDuel","14138","NumberFire","TE",4.48,3.21,26.34,NA,NA,0.2,NA,NA,NA,NA,NA,NA,NA,NA,NA,NA,NA,NA,NA,NA,NA,NA,NA,NA,NA,NA,NA,NA,NA,NA,NA,NA,NA,NA,NA,NA,NA,NA,NA,NA,NA,NA,NA,NA,NA,NA,NA,NA,NA,NA,23,161,27,18,"Minnesota Vikings",18,"Minnesota Vikings","MIN",12,"Green Bay Packers","GB","WEEKLY",NA,NA
"Pat Freiermuth","TE","PIT",NA,0,0,0,NA,0,0,NA,0,0,NA,0,NA,5.18,NA,"54891","FanDuel","15331","NumberFire","TE",3.7,2.59,27.29,NA,NA,0.2,NA,NA,NA,NA,NA,NA,NA,NA,NA,NA,NA,NA,NA,NA,NA,NA,NA,NA,NA,NA,NA,NA,NA,NA,NA,NA,NA,NA,NA,NA,NA,NA,NA,NA,NA,NA,NA,NA,NA,NA,NA,NA,NA,NA,24,173,30,25,"Pittsburgh Steelers",25,"Pittsburgh Steelers","PIT",2,"Atlanta Falcons","ATL","WEEKLY",NA,NA
"Mike Gesicki","TE","CIN",NA,0,0,0,NA,0,0,NA,0,0,NA,0,NA,5.07,NA,"53784","FanDuel","13672","NumberFire","TE",3.55,2.42,25.59,NA,NA,0.22,NA,NA,NA,NA,NA,NA,NA,NA,NA,NA,NA,NA,NA,NA,NA,NA,NA,NA,NA,NA,NA,NA,NA,NA,NA,NA,NA,NA,NA,NA,NA,NA,NA,NA,NA,NA,NA,NA,NA,NA,NA,NA,NA,NA,25,177,13,7,"Cincinnati Bengals",7,"Cincinnati Bengals","CIN",30,"Tampa Bay Buccaneers","TB","WEEKLY",NA,NA
"Dalton Schultz","TE","HOU",NA,0,0,0,NA,0,0,NA,0,0,NA,0,NA,4.99,NA,"54022","FanDuel","13772","NumberFire","TE",4.41,2.85,26.23,NA,NA,0.16,NA,NA,NA,NA,NA,NA,NA,NA,NA,NA,NA,NA,NA,NA,NA,NA,NA,NA,NA,NA,NA,NA,NA,NA,NA,NA,NA,NA,NA,NA,NA,NA,NA,NA,NA,NA,NA,NA,NA,NA,NA,NA,NA,NA,26,181,3,13,"Houston Texans",13,"Houston Texans","HOU",4,"Buffalo Bills","BUF","WEEKLY",NA,NA
"Kenyon Sadiq","TE","NYJ",NA,0,0,0,NA,0,0,NA,0,0,NA,0,NA,4.58,NA,"56635","FanDuel","17543","NumberFire","TE",3.44,2.51,24.63,NA,NA,0.15,NA,NA,NA,NA,NA,NA,NA,NA,NA,NA,NA,NA,NA,NA,NA,NA,NA,NA,NA,NA,NA,NA,NA,NA,NA,NA,NA,NA,NA,NA,NA,NA,NA,NA,NA,NA,NA,NA,NA,NA,NA,NA,NA,NA,27,191,8,22,"New York Jets",31,"Tennessee Titans","TEN",22,"New York Jets","NYJ","WEEKLY",NA,NA
"Darnell Washington","TE","PIT",NA,0,0,0,NA,0,0,NA,0.52,2.08,NA,0.02,NA,4.41,NA,"55776","FanDuel","16216","NumberFire","TE",3.08,2.14,21.73,NA,NA,0.15,NA,NA,NA,NA,NA,NA,NA,NA,NA,NA,NA,NA,NA,NA,NA,NA,NA,NA,NA,NA,NA,NA,NA,NA,NA,NA,NA,NA,NA,NA,NA,NA,NA,NA,NA,NA,NA,NA,NA,NA,NA,NA,NA,NA,28,196,30,25,"Pittsburgh Steelers",25,"Pittsburgh Steelers","PIT",2,"Atlanta Falcons","ATL","WEEKLY",NA,NA
"Terrance Ferguson","TE","LA",NA,0,0,0,NA,0,0,NA,0.27,1.04,NA,0.01,NA,4.04,NA,"56313","FanDuel","17107","NumberFire","TE",2.81,1.9,20.08,NA,NA,0.16,NA,NA,NA,NA,NA,NA,NA,NA,NA,NA,NA,NA,NA,NA,NA,NA,NA,NA,NA,NA,NA,NA,NA,NA,NA,NA,NA,NA,NA,NA,NA,NA,NA,NA,NA,NA,NA,NA,NA,NA,NA,NA,NA,NA,29,207,17,33,"Los Angeles Rams",33,"Los Angeles Rams","LA",27,"San Francisco 49ers","SF","WEEKLY",NA,NA
"Chigoziem Okonkwo","TE","WSH",NA,0,0,0,NA,0,0,NA,0,0,NA,0,NA,4.01,NA,"55293","FanDuel","15889","NumberFire","TE",3.51,2.28,20.54,NA,NA,0.14,NA,NA,NA,NA,NA,NA,NA,NA,NA,NA,NA,NA,NA,NA,NA,NA,NA,NA,NA,NA,NA,NA,NA,NA,NA,NA,NA,NA,NA,NA,NA,NA,NA,NA,NA,NA,NA,NA,NA,NA,NA,NA,NA,NA,30,209,5,32,"Washington Commanders",24,"Philadelphia Eagles","PHI",32,"Washington Commanders","WSH","WEEKLY",NA,NA
"David Njoku","TE","LAC",NA,0,0,0,NA,0,0,NA,0,0,NA,0,NA,3.94,NA,"53429","FanDuel","13192","NumberFire","TE",2.9,1.92,16.84,NA,NA,0.22,NA,NA,NA,NA,NA,NA,NA,NA,NA,NA,NA,NA,NA,NA,NA,NA,NA,NA,NA,NA,NA,NA,NA,NA,NA,NA,NA,NA,NA,NA,NA,NA,NA,NA,NA,NA,NA,NA,NA,NA,NA,NA,NA,NA,31,212,22,34,"Los Angeles Chargers",34,"Los Angeles Chargers","LAC",1,"Arizona Cardinals","ARI","WEEKLY",NA,NA
"Colby Parkinson","TE","LA",NA,0,0,0,NA,0,0,NA,0,0,NA,0,NA,3.77,NA,"54804","FanDuel","14871","NumberFire","TE",2.81,1.94,18.01,NA,NA,0.17,NA,NA,NA,NA,NA,NA,NA,NA,NA,NA,NA,NA,NA,NA,NA,NA,NA,NA,NA,NA,NA,NA,NA,NA,NA,NA,NA,NA,NA,NA,NA,NA,NA,NA,NA,NA,NA,NA,NA,NA,NA,NA,NA,NA,32,216,17,33,"Los Angeles Rams",33,"Los Angeles Rams","LA",27,"San Francisco 49ers","SF","WEEKLY",NA,NA
"Jonnu Smith","TE","GB",NA,0,0,0,NA,0,0,NA,0,0,NA,0,NA,3.73,NA,"53510","FanDuel","13193","NumberFire","TE",3.05,2.14,16.4,NA,NA,0.18,NA,NA,NA,NA,NA,NA,NA,NA,NA,NA,NA,NA,NA,NA,NA,NA,NA,NA,NA,NA,NA,NA,NA,NA,NA,NA,NA,NA,NA,NA,NA,NA,NA,NA,NA,NA,NA,NA,NA,NA,NA,NA,NA,NA,33,217,12,12,"Green Bay Packers",18,"Minnesota Vikings","MIN",12,"Green Bay Packers","GB","WEEKLY",NA,NA
"Mason Taylor","TE","NYJ",NA,0,0,0,NA,0,0,NA,0,0,NA,0,NA,3.72,NA,"56283","FanDuel","17106","NumberFire","TE",2.91,2.11,19.63,NA,NA,0.12,NA,NA,NA,NA,NA,NA,NA,NA,NA,NA,NA,NA,NA,NA,NA,NA,NA,NA,NA,NA,NA,NA,NA,NA,NA,NA,NA,NA,NA,NA,NA,NA,NA,NA,NA,NA,NA,NA,NA,NA,NA,NA,NA,NA,34,218,8,22,"New York Jets",31,"Tennessee Titans","TEN",22,"New York Jets","NYJ","WEEKLY",NA,NA
"AJ Barner","TE","SEA",NA,0,0,0,NA,0,0,NA,0,0,NA,0,NA,3.66,NA,"56078","FanDuel","16723","NumberFire","TE",2.67,1.87,18.03,NA,NA,0.16,NA,NA,NA,NA,NA,NA,NA,NA,NA,NA,NA,NA,NA,NA,NA,NA,NA,NA,NA,NA,NA,NA,NA,NA,NA,NA,NA,NA,NA,NA,NA,NA,NA,NA,NA,NA,NA,NA,NA,NA,NA,NA,NA,NA,35,220,4,28,"Seattle Seahawks",28,"Seattle Seahawks","SEA",19,"New England Patriots","NE","WEEKLY",NA,NA
"Cole Kmet","TE","CHI",NA,0,0,0,NA,0,0,NA,0,0,NA,0,NA,3.61,NA,"54510","FanDuel","14867","NumberFire","TE",2.58,1.75,19.16,NA,NA,0.14,NA,NA,NA,NA,NA,NA,NA,NA,NA,NA,NA,NA,NA,NA,NA,NA,NA,NA,NA,NA,NA,NA,NA,NA,NA,NA,NA,NA,NA,NA,NA,NA,NA,NA,NA,NA,NA,NA,NA,NA,NA,NA,NA,NA,36,221,21,6,"Chicago Bears",5,"Carolina Panthers","CAR",6,"Chicago Bears","CHI","WEEKLY",NA,NA
"Michael Mayer","TE","LV",NA,0,0,0,NA,0,0,NA,0,0,NA,0,NA,3.59,NA,"55578","FanDuel","16212","NumberFire","TE",2.81,1.93,18.61,NA,NA,0.13,NA,NA,NA,NA,NA,NA,NA,NA,NA,NA,NA,NA,NA,NA,NA,NA,NA,NA,NA,NA,NA,NA,NA,NA,NA,NA,NA,NA,NA,NA,NA,NA,NA,NA,NA,NA,NA,NA,NA,NA,NA,NA,NA,NA,37,222,32,35,"Las Vegas Raiders",35,"Las Vegas Raiders","LV",17,"Miami Dolphins","MIA","WEEKLY",NA,NA
"Evan Engram","TE","DEN",NA,0,0,0,NA,0,0,NA,0,0,NA,0,NA,3.39,NA,"53441","FanDuel","13189","NumberFire","TE",3.02,2.17,18,NA,NA,0.09,NA,NA,NA,NA,NA,NA,NA,NA,NA,NA,NA,NA,NA,NA,NA,NA,NA,NA,NA,NA,NA,NA,NA,NA,NA,NA,NA,NA,NA,NA,NA,NA,NA,NA,NA,NA,NA,NA,NA,NA,NA,NA,NA,NA,38,225,23,10,"Denver Broncos",16,"Kansas City Chiefs","KC",10,"Denver Broncos","DEN","WEEKLY",NA,NA
"Elijah Higgins","TE","ARI",NA,0,0,0,NA,0,0,NA,0,0,NA,0,NA,3.16,NA,"55823","FanDuel","16333","NumberFire","TE",2.54,1.73,17.13,NA,NA,0.1,NA,NA,NA,NA,NA,NA,NA,NA,NA,NA,NA,NA,NA,NA,NA,NA,NA,NA,NA,NA,NA,NA,NA,NA,NA,NA,NA,NA,NA,NA,NA,NA,NA,NA,NA,NA,NA,NA,NA,NA,NA,NA,NA,NA,39,235,1,1,"Arizona Cardinals",34,"Los Angeles Chargers","LAC",1,"Arizona Cardinals","ARI","WEEKLY",NA,NA
"Hunter Long","TE","ARI",NA,0,0,0,NA,0,0,NA,0,0,NA,0,NA,3,NA,"55093","FanDuel","15334","NumberFire","TE",2.54,1.69,15.98,NA,NA,0.1,NA,NA,NA,NA,NA,NA,NA,NA,NA,NA,NA,NA,NA,NA,NA,NA,NA,NA,NA,NA,NA,NA,NA,NA,NA,NA,NA,NA,NA,NA,NA,NA,NA,NA,NA,NA,NA,NA,NA,NA,NA,NA,NA,NA,40,240,1,1,"Arizona Cardinals",34,"Los Angeles Chargers","LAC",1,"Arizona Cardinals","ARI","WEEKLY",NA,NA
"Tommy Tremble","TE","CAR",NA,0,0,0,NA,0,0,NA,0,0,NA,0,NA,2.98,NA,"54965","FanDuel","15332","NumberFire","TE",2.41,1.67,14.42,NA,NA,0.12,NA,NA,NA,NA,NA,NA,NA,NA,NA,NA,NA,NA,NA,NA,NA,NA,NA,NA,NA,NA,NA,NA,NA,NA,NA,NA,NA,NA,NA,NA,NA,NA,NA,NA,NA,NA,NA,NA,NA,NA,NA,NA,NA,NA,41,241,19,5,"Carolina Panthers",5,"Carolina Panthers","CAR",6,"Chicago Bears","CHI","WEEKLY",NA,NA
"Austin Hooper","TE","ATL",NA,0,0,0,NA,0,0,NA,0,0,NA,0,NA,2.86,NA,"53054","FanDuel","12677","NumberFire","TE",2.14,1.52,15.15,NA,NA,0.1,NA,NA,NA,NA,NA,NA,NA,NA,NA,NA,NA,NA,NA,NA,NA,NA,NA,NA,NA,NA,NA,NA,NA,NA,NA,NA,NA,NA,NA,NA,NA,NA,NA,NA,NA,NA,NA,NA,NA,NA,NA,NA,NA,NA,42,243,20,2,"Atlanta Falcons",25,"Pittsburgh Steelers","PIT",2,"Atlanta Falcons","ATL","WEEKLY",NA,NA
"John FitzPatrick","TE","GB",NA,0,0,0,NA,0,0,NA,0,0,NA,0,NA,2.68,NA,"55760","FanDuel","15925","NumberFire","TE",2.13,1.48,12.39,NA,NA,0.12,NA,NA,NA,NA,NA,NA,NA,NA,NA,NA,NA,NA,NA,NA,NA,NA,NA,NA,NA,NA,NA,NA,NA,NA,NA,NA,NA,NA,NA,NA,NA,NA,NA,NA,NA,NA,NA,NA,NA,NA,NA,NA,NA,NA,43,248,12,12,"Green Bay Packers",18,"Minnesota Vikings","MIN",12,"Green Bay Packers","GB","WEEKLY",NA,NA
"Noah Fant","TE","NO",NA,0,0,0,NA,0,0,NA,0,0,NA,0,NA,2.45,NA,"54136","FanDuel","14137","NumberFire","TE",1.81,1.28,13.53,NA,NA,0.08,NA,NA,NA,NA,NA,NA,NA,NA,NA,NA,NA,NA,NA,NA,NA,NA,NA,NA,NA,NA,NA,NA,NA,NA,NA,NA,NA,NA,NA,NA,NA,NA,NA,NA,NA,NA,NA,NA,NA,NA,NA,NA,NA,NA,44,254,31,20,"New Orleans Saints",11,"Detroit Lions","DET",20,"New Orleans Saints","NO","WEEKLY",NA,NA
"Mo Alie-Cox","TE","IND",NA,0,0,0,NA,0,0,NA,0,0,NA,0,NA,2.36,NA,"53973","FanDuel","13246","NumberFire","TE",1.84,1.25,12.71,NA,NA,0.08,NA,NA,NA,NA,NA,NA,NA,NA,NA,NA,NA,NA,NA,NA,NA,NA,NA,NA,NA,NA,NA,NA,NA,NA,NA,NA,NA,NA,NA,NA,NA,NA,NA,NA,NA,NA,NA,NA,NA,NA,NA,NA,NA,NA,45,259,2,14,"Indianapolis Colts",14,"Indianapolis Colts","IND",3,"Baltimore Ravens","BAL","WEEKLY",NA,NA
"Tyler Higbee","TE","LA",NA,0,0,0,NA,0,0,NA,0,0,NA,0,NA,2.34,NA,"53085","FanDuel","12678","NumberFire","TE",1.76,1.17,11.59,NA,NA,0.1,NA,NA,NA,NA,NA,NA,NA,NA,NA,NA,NA,NA,NA,NA,NA,NA,NA,NA,NA,NA,NA,NA,NA,NA,NA,NA,NA,NA,NA,NA,NA,NA,NA,NA,NA,NA,NA,NA,NA,NA,NA,NA,NA,NA,46,260,17,33,"Los Angeles Rams",33,"Los Angeles Rams","LA",27,"San Francisco 49ers","SF","WEEKLY",NA,NA
"Drew Sample","TE","CIN",NA,0,0,0,NA,0,0,NA,0,0,NA,0,NA,2.3,NA,"54280","FanDuel","14146","NumberFire","TE",1.78,1.3,10.1,NA,NA,0.11,NA,NA,NA,NA,NA,NA,NA,NA,NA,NA,NA,NA,NA,NA,NA,NA,NA,NA,NA,NA,NA,NA,NA,NA,NA,NA,NA,NA,NA,NA,NA,NA,NA,NA,NA,NA,NA,NA,NA,NA,NA,NA,NA,NA,47,264,13,7,"Cincinnati Bengals",7,"Cincinnati Bengals","CIN",30,"Tampa Bay Buccaneers","TB","WEEKLY",NA,NA
"Andrew Ogletree","TE","IND",NA,0,0,0,NA,0,0,NA,0,0,NA,0,NA,2.29,NA,"55667","FanDuel","15916","NumberFire","TE",1.84,1.29,12.45,NA,NA,0.07,NA,NA,NA,NA,NA,NA,NA,NA,NA,NA,NA,NA,NA,NA,NA,NA,NA,NA,NA,NA,NA,NA,NA,NA,NA,NA,NA,NA,NA,NA,NA,NA,NA,NA,NA,NA,NA,NA,NA,NA,NA,NA,NA,NA,48,267,2,14,"Indianapolis Colts",14,"Indianapolis Colts","IND",3,"Baltimore Ravens","BAL","WEEKLY",NA,NA
"Josh Oliver","TE","MIN",NA,0,0,0,NA,0,0,NA,0,0,NA,0,NA,2.29,NA,"54399","FanDuel","14209","NumberFire","TE",1.79,1.27,10.75,NA,NA,0.1,NA,NA,NA,NA,NA,NA,NA,NA,NA,NA,NA,NA,NA,NA,NA,NA,NA,NA,NA,NA,NA,NA,NA,NA,NA,NA,NA,NA,NA,NA,NA,NA,NA,NA,NA,NA,NA,NA,NA,NA,NA,NA,NA,NA,48,267,27,18,"Minnesota Vikings",18,"Minnesota Vikings","MIN",12,"Green Bay Packers","GB","WEEKLY",NA,NA
"Mitchell Evans","TE","CAR",NA,0,0,0,NA,0,0,NA,0.65,2.5,NA,0.02,NA,2.25,NA,"56418","FanDuel","17109","NumberFire","TE",1.51,1.07,9.43,NA,NA,0.07,NA,NA,NA,NA,NA,NA,NA,NA,NA,NA,NA,NA,NA,NA,NA,NA,NA,NA,NA,NA,NA,NA,NA,NA,NA,NA,NA,NA,NA,NA,NA,NA,NA,NA,NA,NA,NA,NA,NA,NA,NA,NA,NA,NA,50,269,19,5,"Carolina Panthers",5,"Carolina Panthers","CAR",6,"Chicago Bears","CHI","WEEKLY",NA,NA
"Ja'Tavion Sanders","TE","CAR",NA,0,0,0,NA,0,0,NA,0,0,NA,0,NA,2.21,NA,"56003","FanDuel","16643","NumberFire","TE",1.81,1.31,10.92,NA,NA,0.08,NA,NA,NA,NA,NA,NA,NA,NA,NA,NA,NA,NA,NA,NA,NA,NA,NA,NA,NA,NA,NA,NA,NA,NA,NA,NA,NA,NA,NA,NA,NA,NA,NA,NA,NA,NA,NA,NA,NA,NA,NA,NA,NA,NA,51,271,19,5,"Carolina Panthers",5,"Carolina Panthers","CAR",6,"Chicago Bears","CHI","WEEKLY",NA,NA
"Theo Johnson","TE","NYG",NA,0,0,0,NA,0,0,NA,0,0,NA,0,NA,2.17,NA,"56025","FanDuel","16649","NumberFire","TE",1.56,1.06,11.64,NA,NA,0.08,NA,NA,NA,NA,NA,NA,NA,NA,NA,NA,NA,NA,NA,NA,NA,NA,NA,NA,NA,NA,NA,NA,NA,NA,NA,NA,NA,NA,NA,NA,NA,NA,NA,NA,NA,NA,NA,NA,NA,NA,NA,NA,NA,NA,52,273,29,21,"New York Giants",21,"New York Giants","NYG",9,"Dallas Cowboys","DAL","WEEKLY",NA,NA
"Quintin Morris","TE","JAC",NA,0,0,0,NA,0,0,NA,0,0,NA,0,NA,2.15,NA,"55394","FanDuel","15341","NumberFire","TE",1.75,1.15,11.11,NA,NA,0.08,NA,NA,NA,NA,NA,NA,NA,NA,NA,NA,NA,NA,NA,NA,NA,NA,NA,NA,NA,NA,NA,NA,NA,NA,NA,NA,NA,NA,NA,NA,NA,NA,NA,NA,NA,NA,NA,NA,NA,NA,NA,NA,NA,NA,53,274,7,15,"Jacksonville Jaguars",15,"Jacksonville Jaguars","JAC",8,"Cleveland Browns","CLE","WEEKLY",NA,NA
"Adam Trautman","TE","DEN",NA,0,0,0,NA,0,0,NA,0,0,NA,0,NA,2.11,NA,"54566","FanDuel","14870","NumberFire","TE",1.68,1.17,11.26,NA,NA,0.07,NA,NA,NA,NA,NA,NA,NA,NA,NA,NA,NA,NA,NA,NA,NA,NA,NA,NA,NA,NA,NA,NA,NA,NA,NA,NA,NA,NA,NA,NA,NA,NA,NA,NA,NA,NA,NA,NA,NA,NA,NA,NA,NA,NA,54,277,23,10,"Denver Broncos",16,"Kansas City Chiefs","KC",10,"Denver Broncos","DEN","WEEKLY",NA,NA
"Foster Moreau","TE","HOU",NA,0,0,0,NA,0,0,NA,0,0,NA,0,NA,2.06,NA,"54273","FanDuel","14239","NumberFire","TE",1.58,1.05,11.36,NA,NA,0.07,NA,NA,NA,NA,NA,NA,NA,NA,NA,NA,NA,NA,NA,NA,NA,NA,NA,NA,NA,NA,NA,NA,NA,NA,NA,NA,NA,NA,NA,NA,NA,NA,NA,NA,NA,NA,NA,NA,NA,NA,NA,NA,NA,NA,55,278,3,13,"Houston Texans",13,"Houston Texans","HOU",4,"Buffalo Bills","BUF","WEEKLY",NA,NA
"Erick All Jr.","TE","CIN",NA,0,0,0,NA,0,0,NA,0,0,NA,0,NA,2.01,NA,"56061","FanDuel","16645","NumberFire","TE",1.42,1.02,9.78,NA,NA,0.09,NA,NA,NA,NA,NA,NA,NA,NA,NA,NA,NA,NA,NA,NA,NA,NA,NA,NA,NA,NA,NA,NA,NA,NA,NA,NA,NA,NA,NA,NA,NA,NA,NA,NA,NA,NA,NA,NA,NA,NA,NA,NA,NA,NA,56,281,13,7,"Cincinnati Bengals",7,"Cincinnati Bengals","CIN",30,"Tampa Bay Buccaneers","TB","WEEKLY",NA,NA
"Charlie Woerner","TE","ATL",NA,0,0,0,NA,0,0,NA,0,0,NA,0,NA,1.95,NA,"54786","FanDuel","14984","NumberFire","TE",1.53,1.1,9.99,NA,NA,0.07,NA,NA,NA,NA,NA,NA,NA,NA,NA,NA,NA,NA,NA,NA,NA,NA,NA,NA,NA,NA,NA,NA,NA,NA,NA,NA,NA,NA,NA,NA,NA,NA,NA,NA,NA,NA,NA,NA,NA,NA,NA,NA,NA,NA,57,287,20,2,"Atlanta Falcons",25,"Pittsburgh Steelers","PIT",2,"Atlanta Falcons","ATL","WEEKLY",NA,NA
"Payne Durham","TE","TB",NA,0,0,0,NA,0,0,NA,0,0,NA,0,NA,1.91,NA,"55808","FanDuel","16218","NumberFire","TE",1.33,0.9,9.43,NA,NA,0.09,NA,NA,NA,NA,NA,NA,NA,NA,NA,NA,NA,NA,NA,NA,NA,NA,NA,NA,NA,NA,NA,NA,NA,NA,NA,NA,NA,NA,NA,NA,NA,NA,NA,NA,NA,NA,NA,NA,NA,NA,NA,NA,NA,NA,58,293,26,30,"Tampa Bay Buccaneers",7,"Cincinnati Bengals","CIN",30,"Tampa Bay Buccaneers","TB","WEEKLY",NA,NA
"Max Klare","TE","LA",NA,0,0,0,NA,0,0,NA,0,0,NA,0,NA,1.88,NA,"56665","FanDuel","17547","NumberFire","TE",1.41,0.97,9.33,NA,NA,0.08,NA,NA,NA,NA,NA,NA,NA,NA,NA,NA,NA,NA,NA,NA,NA,NA,NA,NA,NA,NA,NA,NA,NA,NA,NA,NA,NA,NA,NA,NA,NA,NA,NA,NA,NA,NA,NA,NA,NA,NA,NA,NA,NA,NA,59,296,17,33,"Los Angeles Rams",33,"Los Angeles Rams","LA",27,"San Francisco 49ers","SF","WEEKLY",NA,NA
"Eric Saubert","TE","SEA",NA,0,0,0,NA,0,0,NA,0,0,NA,0,NA,1.7,NA,"53528","FanDuel","13315","NumberFire","TE",1.33,0.91,8.43,NA,NA,0.07,NA,NA,NA,NA,NA,NA,NA,NA,NA,NA,NA,NA,NA,NA,NA,NA,NA,NA,NA,NA,NA,NA,NA,NA,NA,NA,NA,NA,NA,NA,NA,NA,NA,NA,NA,NA,NA,NA,NA,NA,NA,NA,NA,NA,60,306,4,28,"Seattle Seahawks",28,"Seattle Seahawks","SEA",19,"New England Patriots","NE","WEEKLY",NA,NA
"Brevyn Spann-Ford","TE","DAL",NA,0,0,0,NA,0,0,NA,0,0,NA,0,NA,1.67,NA,"56075","FanDuel","16647","NumberFire","TE",1.25,0.88,8.31,NA,NA,0.07,NA,NA,NA,NA,NA,NA,NA,NA,NA,NA,NA,NA,NA,NA,NA,NA,NA,NA,NA,NA,NA,NA,NA,NA,NA,NA,NA,NA,NA,NA,NA,NA,NA,NA,NA,NA,NA,NA,NA,NA,NA,NA,NA,NA,61,309,28,9,"Dallas Cowboys",21,"New York Giants","NYG",9,"Dallas Cowboys","DAL","WEEKLY",NA,NA
"Blake Whiteheart","TE","CLE",NA,0,0,0,NA,0,0,NA,0,0,NA,0,NA,1.65,NA,"56111","FanDuel","16940","NumberFire","TE",1.46,1,8.68,NA,NA,0.05,NA,NA,NA,NA,NA,NA,NA,NA,NA,NA,NA,NA,NA,NA,NA,NA,NA,NA,NA,NA,NA,NA,NA,NA,NA,NA,NA,NA,NA,NA,NA,NA,NA,NA,NA,NA,NA,NA,NA,NA,NA,NA,NA,NA,62,311,15,8,"Cleveland Browns",15,"Jacksonville Jaguars","JAC",8,"Cleveland Browns","CLE","WEEKLY",NA,NA
"Ben Sinnott","TE","WSH",NA,0,0,0,NA,0,0,NA,0,0,NA,0,NA,1.65,NA,"55926","FanDuel","16644","NumberFire","TE",1.46,0.96,8.35,NA,NA,0.06,NA,NA,NA,NA,NA,NA,NA,NA,NA,NA,NA,NA,NA,NA,NA,NA,NA,NA,NA,NA,NA,NA,NA,NA,NA,NA,NA,NA,NA,NA,NA,NA,NA,NA,NA,NA,NA,NA,NA,NA,NA,NA,NA,NA,62,311,5,32,"Washington Commanders",24,"Philadelphia Eagles","PHI",32,"Washington Commanders","WSH","WEEKLY",NA,NA
"Luke Schoonmaker","TE","DAL",NA,0,0,0,NA,0,0,NA,0,0,NA,0,NA,1.65,NA,"55592","FanDuel","16221","NumberFire","TE",1.25,0.87,7.94,NA,NA,0.07,NA,NA,NA,NA,NA,NA,NA,NA,NA,NA,NA,NA,NA,NA,NA,NA,NA,NA,NA,NA,NA,NA,NA,NA,NA,NA,NA,NA,NA,NA,NA,NA,NA,NA,NA,NA,NA,NA,NA,NA,NA,NA,NA,NA,62,311,28,9,"Dallas Cowboys",21,"New York Giants","NYG",9,"Dallas Cowboys","DAL","WEEKLY",NA,NA
"Noah Gray","TE","KC",NA,0,0,0,NA,0,0,NA,0,0,NA,0,NA,1.62,NA,"55048","FanDuel","15337","NumberFire","TE",1.23,0.79,8.61,NA,NA,0.06,NA,NA,NA,NA,NA,NA,NA,NA,NA,NA,NA,NA,NA,NA,NA,NA,NA,NA,NA,NA,NA,NA,NA,NA,NA,NA,NA,NA,NA,NA,NA,NA,NA,NA,NA,NA,NA,NA,NA,NA,NA,NA,NA,NA,65,315,6,16,"Kansas City Chiefs",16,"Kansas City Chiefs","KC",10,"Denver Broncos","DEN","WEEKLY",NA,NA
"Tanner Conner","TE","NYG",NA,0,0,0,NA,0,0,NA,0,0,NA,0,NA,1.6,NA,"55451","FanDuel","15991","NumberFire","TE",1.25,0.86,8.33,NA,NA,0.06,NA,NA,NA,NA,NA,NA,NA,NA,NA,NA,NA,NA,NA,NA,NA,NA,NA,NA,NA,NA,NA,NA,NA,NA,NA,NA,NA,NA,NA,NA,NA,NA,NA,NA,NA,NA,NA,NA,NA,NA,NA,NA,NA,NA,66,318,29,21,"New York Giants",21,"New York Giants","NYG",9,"Dallas Cowboys","DAL","WEEKLY",NA,NA
"Durham Smythe","TE","BAL",NA,0,0,0,NA,0,0,NA,0,0,NA,0,NA,1.58,NA,"53972","FanDuel","13676","NumberFire","TE",1.14,0.78,8.31,NA,NA,0.06,NA,NA,NA,NA,NA,NA,NA,NA,NA,NA,NA,NA,NA,NA,NA,NA,NA,NA,NA,NA,NA,NA,NA,NA,NA,NA,NA,NA,NA,NA,NA,NA,NA,NA,NA,NA,NA,NA,NA,NA,NA,NA,NA,NA,67,321,25,3,"Baltimore Ravens",14,"Indianapolis Colts","IND",3,"Baltimore Ravens","BAL","WEEKLY",NA,NA
"Gunnar Helm","TE","TEN",NA,0,0,0,NA,0,0,NA,0,0,NA,0,NA,1.57,NA,"56361","FanDuel","17105","NumberFire","TE",1.25,0.88,7.13,NA,NA,0.07,NA,NA,NA,NA,NA,NA,NA,NA,NA,NA,NA,NA,NA,NA,NA,NA,NA,NA,NA,NA,NA,NA,NA,NA,NA,NA,NA,NA,NA,NA,NA,NA,NA,NA,NA,NA,NA,NA,NA,NA,NA,NA,NA,NA,68,322,9,31,"Tennessee Titans",31,"Tennessee Titans","TEN",22,"New York Jets","NYJ","WEEKLY",NA,NA
"Charlie Kolar","TE","LAC",NA,0,0,0,NA,0,0,NA,0,0,NA,0,NA,1.51,NA,"55566","FanDuel","15795","NumberFire","TE",0.97,0.68,7.49,NA,NA,0.07,NA,NA,NA,NA,NA,NA,NA,NA,NA,NA,NA,NA,NA,NA,NA,NA,NA,NA,NA,NA,NA,NA,NA,NA,NA,NA,NA,NA,NA,NA,NA,NA,NA,NA,NA,NA,NA,NA,NA,NA,NA,NA,NA,NA,69,324,22,34,"Los Angeles Chargers",34,"Los Angeles Chargers","LAC",1,"Arizona Cardinals","ARI","WEEKLY",NA,NA
"Elijah Arroyo","TE","SEA",NA,0,0,0,NA,0,0,NA,0,0,NA,0,NA,1.37,NA,"56390","FanDuel","17108","NumberFire","TE",1,0.68,6.94,NA,NA,0.06,NA,NA,NA,NA,NA,NA,NA,NA,NA,NA,NA,NA,NA,NA,NA,NA,NA,NA,NA,NA,NA,NA,NA,NA,NA,NA,NA,NA,NA,NA,NA,NA,NA,NA,NA,NA,NA,NA,NA,NA,NA,NA,NA,NA,70,330,4,28,"Seattle Seahawks",28,"Seattle Seahawks","SEA",19,"New England Patriots","NE","WEEKLY",NA,NA
"John Bates","TE","WSH",NA,0,0,0,NA,0,0,NA,0,0,NA,0,NA,1.31,NA,"55089","FanDuel","15344","NumberFire","TE",1.17,0.75,6.58,NA,NA,0.05,NA,NA,NA,NA,NA,NA,NA,NA,NA,NA,NA,NA,NA,NA,NA,NA,NA,NA,NA,NA,NA,NA,NA,NA,NA,NA,NA,NA,NA,NA,NA,NA,NA,NA,NA,NA,NA,NA,NA,NA,NA,NA,NA,NA,71,336,5,32,"Washington Commanders",24,"Philadelphia Eagles","PHI",32,"Washington Commanders","WSH","WEEKLY",NA,NA
"Chris Manhertz","TE","NYG",NA,0,0,0,NA,0,0,NA,0,0,NA,0,NA,1.21,NA,"53390","FanDuel","12955","NumberFire","TE",0.94,0.65,6.4,NA,NA,0.04,NA,NA,NA,NA,NA,NA,NA,NA,NA,NA,NA,NA,NA,NA,NA,NA,NA,NA,NA,NA,NA,NA,NA,NA,NA,NA,NA,NA,NA,NA,NA,NA,NA,NA,NA,NA,NA,NA,NA,NA,NA,NA,NA,NA,72,339,29,21,"New York Giants",21,"New York Giants","NYG",9,"Dallas Cowboys","DAL","WEEKLY",NA,NA
"Jackson Hawes","TE","BUF",NA,0,0,0,NA,0,0,NA,0,0,NA,0,NA,1.18,NA,"56419","FanDuel","17213","NumberFire","TE",0.92,0.63,6.29,NA,NA,0.04,NA,NA,NA,NA,NA,NA,NA,NA,NA,NA,NA,NA,NA,NA,NA,NA,NA,NA,NA,NA,NA,NA,NA,NA,NA,NA,NA,NA,NA,NA,NA,NA,NA,NA,NA,NA,NA,NA,NA,NA,NA,NA,NA,NA,73,343,14,4,"Buffalo Bills",13,"Houston Texans","HOU",4,"Buffalo Bills","BUF","WEEKLY",NA,NA
"Keleki Latu","TE","BUF",NA,0,0,0,NA,0,0,NA,0,0,NA,0,NA,1.16,NA,"56560","FanDuel","17419","NumberFire","TE",0.92,0.63,6.08,NA,NA,0.04,NA,NA,NA,NA,NA,NA,NA,NA,NA,NA,NA,NA,NA,NA,NA,NA,NA,NA,NA,NA,NA,NA,NA,NA,NA,NA,NA,NA,NA,NA,NA,NA,NA,NA,NA,NA,NA,NA,NA,NA,NA,NA,NA,NA,74,344,14,4,"Buffalo Bills",13,"Houston Texans","HOU",4,"Buffalo Bills","BUF","WEEKLY",NA,NA
"James Mitchell","TE","CAR",NA,0,0,0,NA,0,0,NA,0,0,NA,0,NA,1.15,NA,"55496","FanDuel","15909","NumberFire","TE",0.9,0.65,5.85,NA,NA,0.04,NA,NA,NA,NA,NA,NA,NA,NA,NA,NA,NA,NA,NA,NA,NA,NA,NA,NA,NA,NA,NA,NA,NA,NA,NA,NA,NA,NA,NA,NA,NA,NA,NA,NA,NA,NA,NA,NA,NA,NA,NA,NA,NA,NA,75,345,19,5,"Carolina Panthers",5,"Carolina Panthers","CAR",6,"Chicago Bears","CHI","WEEKLY",NA,NA
"Ian Thomas","TE","LV",NA,0,0,0,NA,0,0,NA,0,0,NA,0,NA,1.14,NA,"53897","FanDuel","13678","NumberFire","TE",0.94,0.63,5.85,NA,NA,0.04,NA,NA,NA,NA,NA,NA,NA,NA,NA,NA,NA,NA,NA,NA,NA,NA,NA,NA,NA,NA,NA,NA,NA,NA,NA,NA,NA,NA,NA,NA,NA,NA,NA,NA,NA,NA,NA,NA,NA,NA,NA,NA,NA,NA,76,346,32,35,"Las Vegas Raiders",35,"Las Vegas Raiders","LV",17,"Miami Dolphins","MIA","WEEKLY",NA,NA
"Connor Heyward","TE","LV",NA,0,0,0,NA,0,0,NA,0.27,1.17,NA,0.02,NA,1.04,NA,"55306","FanDuel","15800","NumberFire","TE",0.62,0.43,4.08,NA,NA,0.03,NA,NA,NA,NA,NA,NA,NA,NA,NA,NA,NA,NA,NA,NA,NA,NA,NA,NA,NA,NA,NA,NA,NA,NA,NA,NA,NA,NA,NA,NA,NA,NA,NA,NA,NA,NA,NA,NA,NA,NA,NA,NA,NA,NA,77,351,32,35,"Las Vegas Raiders",35,"Las Vegas Raiders","LV",17,"Miami Dolphins","MIA","WEEKLY",NA,NA
"Jeremy Ruckert","TE","NYJ",NA,0,0,0,NA,0,0,NA,0,0,NA,0,NA,0.98,NA,"55359","FanDuel","15796","NumberFire","TE",0.79,0.58,5.1,NA,NA,0.03,NA,NA,NA,NA,NA,NA,NA,NA,NA,NA,NA,NA,NA,NA,NA,NA,NA,NA,NA,NA,NA,NA,NA,NA,NA,NA,NA,NA,NA,NA,NA,NA,NA,NA,NA,NA,NA,NA,NA,NA,NA,NA,NA,NA,78,353,8,22,"New York Jets",31,"Tennessee Titans","TEN",22,"New York Jets","NYJ","WEEKLY",NA,NA
"Nick Kallerup","TE","SEA",NA,0,0,0,NA,0,0,NA,0,0,NA,0,NA,0.93,NA,"56545","FanDuel","17414","NumberFire","TE",0.67,0.46,4.56,NA,NA,0.04,NA,NA,NA,NA,NA,NA,NA,NA,NA,NA,NA,NA,NA,NA,NA,NA,NA,NA,NA,NA,NA,NA,NA,NA,NA,NA,NA,NA,NA,NA,NA,NA,NA,NA,NA,NA,NA,NA,NA,NA,NA,NA,NA,NA,79,358,4,28,"Seattle Seahawks",28,"Seattle Seahawks","SEA",19,"New England Patriots","NE","WEEKLY",NA,NA
"Cade Stover","TE","HOU",NA,0,0,0,NA,0,0,NA,0.27,1.07,NA,0.04,NA,0.89,NA,"56062","FanDuel","16642","NumberFire","TE",0.46,0.3,2.73,NA,NA,0.02,NA,NA,NA,NA,NA,NA,NA,NA,NA,NA,NA,NA,NA,NA,NA,NA,NA,NA,NA,NA,NA,NA,NA,NA,NA,NA,NA,NA,NA,NA,NA,NA,NA,NA,NA,NA,NA,NA,NA,NA,NA,NA,NA,NA,80,361,3,13,"Houston Texans",13,"Houston Texans","HOU",4,"Buffalo Bills","BUF","WEEKLY",NA,NA
"Nate Adkins","TE","DEN",NA,0,0,0,NA,0,0,NA,0,0,NA,0,NA,0.83,NA,"55761","FanDuel","16474","NumberFire","TE",0.67,0.47,4.11,NA,NA,0.03,NA,NA,NA,NA,NA,NA,NA,NA,NA,NA,NA,NA,NA,NA,NA,NA,NA,NA,NA,NA,NA,NA,NA,NA,NA,NA,NA,NA,NA,NA,NA,NA,NA,NA,NA,NA,NA,NA,NA,NA,NA,NA,NA,NA,81,364,23,10,"Denver Broncos",16,"Kansas City Chiefs","KC",10,"Denver Broncos","DEN","WEEKLY",NA,NA
"Daniel Bellinger","TE","TEN",NA,0,0,0,NA,0,0,NA,0,0,NA,0,NA,0.82,NA,"55285","FanDuel","15873","NumberFire","TE",0.63,0.45,4.13,NA,NA,0.03,NA,NA,NA,NA,NA,NA,NA,NA,NA,NA,NA,NA,NA,NA,NA,NA,NA,NA,NA,NA,NA,NA,NA,NA,NA,NA,NA,NA,NA,NA,NA,NA,NA,NA,NA,NA,NA,NA,NA,NA,NA,NA,NA,NA,82,365,9,31,"Tennessee Titans",31,"Tennessee Titans","TEN",22,"New York Jets","NYJ","WEEKLY",NA,NA
"David Martin-Robinson","TE","TEN",NA,0,0,0,NA,0,0,NA,0,0,NA,0,NA,0.82,NA,"56207","FanDuel","16831","NumberFire","TE",0.63,0.43,3.69,NA,NA,0.04,NA,NA,NA,NA,NA,NA,NA,NA,NA,NA,NA,NA,NA,NA,NA,NA,NA,NA,NA,NA,NA,NA,NA,NA,NA,NA,NA,NA,NA,NA,NA,NA,NA,NA,NA,NA,NA,NA,NA,NA,NA,NA,NA,NA,82,365,9,31,"Tennessee Titans",31,"Tennessee Titans","TEN",22,"New York Jets","NYJ","WEEKLY",NA,NA
"Matthew Hibner","TE","BAL",NA,0,0,0,NA,0,0,NA,0,0,NA,0,NA,0.78,NA,"56650","FanDuel","17627","NumberFire","TE",0.57,0.38,4.09,NA,NA,0.03,NA,NA,NA,NA,NA,NA,NA,NA,NA,NA,NA,NA,NA,NA,NA,NA,NA,NA,NA,NA,NA,NA,NA,NA,NA,NA,NA,NA,NA,NA,NA,NA,NA,NA,NA,NA,NA,NA,NA,NA,NA,NA,NA,NA,84,367,25,3,"Baltimore Ravens",14,"Indianapolis Colts","IND",3,"Baltimore Ravens","BAL","WEEKLY",NA,NA
"Kylen Granson","TE","TEN",NA,0,0,0,NA,0,0,NA,0,0,NA,0,NA,0.78,NA,"55071","FanDuel","15419","NumberFire","TE",0.63,0.42,3.89,NA,NA,0.03,NA,NA,NA,NA,NA,NA,NA,NA,NA,NA,NA,NA,NA,NA,NA,NA,NA,NA,NA,NA,NA,NA,NA,NA,NA,NA,NA,NA,NA,NA,NA,NA,NA,NA,NA,NA,NA,NA,NA,NA,NA,NA,NA,NA,84,367,9,31,"Tennessee Titans",31,"Tennessee Titans","TEN",22,"New York Jets","NYJ","WEEKLY",NA,NA
"Josh Whyle","TE","GB",NA,0,0,0,NA,0,0,NA,0,0,NA,0,NA,0.75,NA,"55742","FanDuel","16312","NumberFire","TE",0.61,0.42,3.58,NA,NA,0.03,NA,NA,NA,NA,NA,NA,NA,NA,NA,NA,NA,NA,NA,NA,NA,NA,NA,NA,NA,NA,NA,NA,NA,NA,NA,NA,NA,NA,NA,NA,NA,NA,NA,NA,NA,NA,NA,NA,NA,NA,NA,NA,NA,NA,86,371,12,12,"Green Bay Packers",18,"Minnesota Vikings","MIN",12,"Green Bay Packers","GB","WEEKLY",NA,NA
"Josh Cuevas","TE","BAL",NA,0,0,0,NA,0,0,NA,0,0,NA,0,NA,0.63,NA,"56651","FanDuel","17651","NumberFire","TE",0.43,0.29,3.07,NA,NA,0.03,NA,NA,NA,NA,NA,NA,NA,NA,NA,NA,NA,NA,NA,NA,NA,NA,NA,NA,NA,NA,NA,NA,NA,NA,NA,NA,NA,NA,NA,NA,NA,NA,NA,NA,NA,NA,NA,NA,NA,NA,NA,NA,NA,NA,87,377,25,3,"Baltimore Ravens",14,"Indianapolis Colts","IND",3,"Baltimore Ravens","BAL","WEEKLY",NA,NA
"Marlin Klein","TE","HOU",NA,0,0,0,NA,0,0,NA,0,0,NA,0,NA,0.59,NA,"56659","FanDuel","17593","NumberFire","TE",0.49,0.33,3.08,NA,NA,0.02,NA,NA,NA,NA,NA,NA,NA,NA,NA,NA,NA,NA,NA,NA,NA,NA,NA,NA,NA,NA,NA,NA,NA,NA,NA,NA,NA,NA,NA,NA,NA,NA,NA,NA,NA,NA,NA,NA,NA,NA,NA,NA,NA,NA,88,380,3,13,"Houston Texans",13,"Houston Texans","HOU",4,"Buffalo Bills","BUF","WEEKLY",NA,NA
"Davis Allen","TE","LA",NA,0,0,0,NA,0,0,NA,0,0,NA,0,NA,0.46,NA,"55842","FanDuel","16219","NumberFire","TE",0.35,0.24,2.24,NA,NA,0.02,NA,NA,NA,NA,NA,NA,NA,NA,NA,NA,NA,NA,NA,NA,NA,NA,NA,NA,NA,NA,NA,NA,NA,NA,NA,NA,NA,NA,NA,NA,NA,NA,NA,NA,NA,NA,NA,NA,NA,NA,NA,NA,NA,NA,89,384,17,33,"Los Angeles Rams",33,"Los Angeles Rams","LA",27,"San Francisco 49ers","SF","WEEKLY",NA,NA
"Stone Smartt","TE","PHI",NA,0,0,0,NA,0,0,NA,0,0,NA,0,NA,0.46,NA,"55515","FanDuel","16113","NumberFire","TE",0.31,0.21,2.31,NA,NA,0.02,NA,NA,NA,NA,NA,NA,NA,NA,NA,NA,NA,NA,NA,NA,NA,NA,NA,NA,NA,NA,NA,NA,NA,NA,NA,NA,NA,NA,NA,NA,NA,NA,NA,NA,NA,NA,NA,NA,NA,NA,NA,NA,NA,NA,89,384,11,24,"Philadelphia Eagles",24,"Philadelphia Eagles","PHI",32,"Washington Commanders","WSH","WEEKLY",NA,NA
"Eli Raridon","TE","NE",NA,0,0,0,NA,0,0,NA,0,0,NA,0,NA,0.45,NA,"56672","FanDuel","17607","NumberFire","TE",0.34,0.26,2.59,NA,NA,0.01,NA,NA,NA,NA,NA,NA,NA,NA,NA,NA,NA,NA,NA,NA,NA,NA,NA,NA,NA,NA,NA,NA,NA,NA,NA,NA,NA,NA,NA,NA,NA,NA,NA,NA,NA,NA,NA,NA,NA,NA,NA,NA,NA,NA,91,387,16,19,"New England Patriots",28,"Seattle Seahawks","SEA",19,"New England Patriots","NE","WEEKLY",NA,NA
"Riley Nowakowski","TE","PIT",NA,0,0,0,NA,0,0,NA,0,0,NA,0,NA,0.44,NA,"56681","FanDuel","17648","NumberFire","TE",0.32,0.22,2.13,NA,NA,0.02,NA,NA,NA,NA,NA,NA,NA,NA,NA,NA,NA,NA,NA,NA,NA,NA,NA,NA,NA,NA,NA,NA,NA,NA,NA,NA,NA,NA,NA,NA,NA,NA,NA,NA,NA,NA,NA,NA,NA,NA,NA,NA,NA,NA,92,388,30,25,"Pittsburgh Steelers",25,"Pittsburgh Steelers","PIT",2,"Atlanta Falcons","ATL","WEEKLY",NA,NA
"Brock Wright","TE","DET",NA,0,0,0,NA,0,0,NA,0,0,NA,0,NA,0.44,NA,"55103","FanDuel","15626","NumberFire","TE",0.33,0.23,2.09,NA,NA,0.02,NA,NA,NA,NA,NA,NA,NA,NA,NA,NA,NA,NA,NA,NA,NA,NA,NA,NA,NA,NA,NA,NA,NA,NA,NA,NA,NA,NA,NA,NA,NA,NA,NA,NA,NA,NA,NA,NA,NA,NA,NA,NA,NA,NA,92,388,18,11,"Detroit Lions",11,"Detroit Lions","DET",20,"New Orleans Saints","NO","WEEKLY",NA,NA
"Johnny Mundt","TE","PHI",NA,0,0,0,NA,0,0,NA,0,0,NA,0,NA,0.44,NA,"54117","FanDuel","13940","NumberFire","TE",0.31,0.21,2.1,NA,NA,0.02,NA,NA,NA,NA,NA,NA,NA,NA,NA,NA,NA,NA,NA,NA,NA,NA,NA,NA,NA,NA,NA,NA,NA,NA,NA,NA,NA,NA,NA,NA,NA,NA,NA,NA,NA,NA,NA,NA,NA,NA,NA,NA,NA,NA,92,388,11,24,"Philadelphia Eagles",24,"Philadelphia Eagles","PHI",32,"Washington Commanders","WSH","WEEKLY",NA,NA
"Jared Wiley","TE","KC",NA,0,0,0,NA,0,0,NA,0,0,NA,0,NA,0.42,NA,"56071","FanDuel","16648","NumberFire","TE",0.31,0.2,2.03,NA,NA,0.02,NA,NA,NA,NA,NA,NA,NA,NA,NA,NA,NA,NA,NA,NA,NA,NA,NA,NA,NA,NA,NA,NA,NA,NA,NA,NA,NA,NA,NA,NA,NA,NA,NA,NA,NA,NA,NA,NA,NA,NA,NA,NA,NA,NA,95,395,6,16,"Kansas City Chiefs",16,"Kansas City Chiefs","KC",10,"Denver Broncos","DEN","WEEKLY",NA,NA
"Luke Farrell","TE","SF",NA,0,0,0,NA,0,0,NA,0,0,NA,0,NA,0.36,NA,"54992","FanDuel","15335","NumberFire","TE",0.3,0.22,1.9,NA,NA,0.01,NA,NA,NA,NA,NA,NA,NA,NA,NA,NA,NA,NA,NA,NA,NA,NA,NA,NA,NA,NA,NA,NA,NA,NA,NA,NA,NA,NA,NA,NA,NA,NA,NA,NA,NA,NA,NA,NA,NA,NA,NA,NA,NA,NA,96,398,24,27,"San Francisco 49ers",33,"Los Angeles Rams","LA",27,"San Francisco 49ers","SF","WEEKLY",NA,NA
"Jake Tonges","TE","SF",NA,0,0,0,NA,0,0,NA,0,0,NA,0,NA,0.36,NA,"55404","FanDuel","16036","NumberFire","TE",0.3,0.21,1.91,NA,NA,0.01,NA,NA,NA,NA,NA,NA,NA,NA,NA,NA,NA,NA,NA,NA,NA,NA,NA,NA,NA,NA,NA,NA,NA,NA,NA,NA,NA,NA,NA,NA,NA,NA,NA,NA,NA,NA,NA,NA,NA,NA,NA,NA,NA,NA,96,398,24,27,"San Francisco 49ers",33,"Los Angeles Rams","LA",27,"San Francisco 49ers","SF","WEEKLY",NA,NA
"Jack Westover","TE","WSH",NA,0,0,0,NA,0,0,NA,0,0,NA,0,NA,0.22,NA,"56352","FanDuel","16839","NumberFire","TE",1.04,0.15,0.28,NA,NA,0.02,NA,NA,NA,NA,NA,NA,NA,NA,NA,NA,NA,NA,NA,NA,NA,NA,NA,NA,NA,NA,NA,NA,NA,NA,NA,NA,NA,NA,NA,NA,NA,NA,NA,NA,NA,NA,NA,NA,NA,NA,NA,NA,NA,NA,98,431,5,32,"Washington Commanders",24,"Philadelphia Eagles","PHI",32,"Washington Commanders","WSH","WEEKLY",NA,NA
"Julian Hill","TE","NE",NA,0,0,0,NA,0,0,NA,0,0,NA,0,NA,0,NA,"55753","FanDuel","16425","NumberFire","TE",0,0,0,NA,NA,0,NA,NA,NA,NA,NA,NA,NA,NA,NA,NA,NA,NA,NA,NA,NA,NA,NA,NA,NA,NA,NA,NA,NA,NA,NA,NA,NA,NA,NA,NA,NA,NA,NA,NA,NA,NA,NA,NA,NA,NA,NA,NA,NA,NA,99,437,16,19,"New England Patriots",28,"Seattle Seahawks","SEA",19,"New England Patriots","NE","WEEKLY",NA,NA
"Feleipe Franks","TE","CAR",NA,0,0,0,NA,0,0,NA,0,0,NA,0,NA,0,NA,"55067","FanDuel","15244","NumberFire","TE",0,0,0,NA,NA,0,NA,NA,NA,NA,NA,NA,NA,NA,NA,NA,NA,NA,NA,NA,NA,NA,NA,NA,NA,NA,NA,NA,NA,NA,NA,NA,NA,NA,NA,NA,NA,NA,NA,NA,NA,NA,NA,NA,NA,NA,NA,NA,NA,NA,99,437,19,5,"Carolina Panthers",5,"Carolina Panthers","CAR",6,"Chicago Bears","CHI","WEEKLY",NA,NA
"Sam Roush","TE","CHI",NA,0,0,0,NA,0,0,NA,0,0,NA,0,NA,0,NA,"56654","FanDuel","17549","NumberFire","TE",0,0,0,NA,NA,0,NA,NA,NA,NA,NA,NA,NA,NA,NA,NA,NA,NA,NA,NA,NA,NA,NA,NA,NA,NA,NA,NA,NA,NA,NA,NA,NA,NA,NA,NA,NA,NA,NA,NA,NA,NA,NA,NA,NA,NA,NA,NA,NA,NA,99,437,21,6,"Chicago Bears",5,"Carolina Panthers","CAR",6,"Chicago Bears","CHI","WEEKLY",NA,NA
"Will Mallory","TE","IND",NA,0,0,0,NA,0,0,NA,0,0,NA,0,NA,0,NA,"55725","FanDuel","16220","NumberFire","TE",0,0,0,NA,NA,0,NA,NA,NA,NA,NA,NA,NA,NA,NA,NA,NA,NA,NA,NA,NA,NA,NA,NA,NA,NA,NA,NA,NA,NA,NA,NA,NA,NA,NA,NA,NA,NA,NA,NA,NA,NA,NA,NA,NA,NA,NA,NA,NA,NA,99,437,2,14,"Indianapolis Colts",14,"Indianapolis Colts","IND",3,"Baltimore Ravens","BAL","WEEKLY",NA,NA
"Tanner Hudson","TE","CIN",NA,0,0,0,NA,0,0,NA,0,0,NA,0,NA,0,NA,"54397","FanDuel","14370","NumberFire","TE",0,0,0,NA,NA,0,NA,NA,NA,NA,NA,NA,NA,NA,NA,NA,NA,NA,NA,NA,NA,NA,NA,NA,NA,NA,NA,NA,NA,NA,NA,NA,NA,NA,NA,NA,NA,NA,NA,NA,NA,NA,NA,NA,NA,NA,NA,NA,NA,NA,99,437,13,7,"Cincinnati Bengals",7,"Cincinnati Bengals","CIN",30,"Tampa Bay Buccaneers","TB","WEEKLY",NA,NA
"Cam Grandy","TE","CIN",NA,0,0,0,NA,0,0,NA,0,0,NA,0,NA,0,NA,"56187","FanDuel","16979","NumberFire","TE",0,0,0,NA,NA,0,NA,NA,NA,NA,NA,NA,NA,NA,NA,NA,NA,NA,NA,NA,NA,NA,NA,NA,NA,NA,NA,NA,NA,NA,NA,NA,NA,NA,NA,NA,NA,NA,NA,NA,NA,NA,NA,NA,NA,NA,NA,NA,NA,NA,99,437,13,7,"Cincinnati Bengals",7,"Cincinnati Bengals","CIN",30,"Tampa Bay Buccaneers","TB","WEEKLY",NA,NA
"Moliki Matavao","TE","NO",NA,0,0,0,NA,0,0,NA,0,0,NA,0,NA,0,NA,"56343","FanDuel","17259","NumberFire","TE",0,0,0,NA,NA,0,NA,NA,NA,NA,NA,NA,NA,NA,NA,NA,NA,NA,NA,NA,NA,NA,NA,NA,NA,NA,NA,NA,NA,NA,NA,NA,NA,NA,NA,NA,NA,NA,NA,NA,NA,NA,NA,NA,NA,NA,NA,NA,NA,NA,99,437,31,20,"New Orleans Saints",11,"Detroit Lions","DET",20,"New Orleans Saints","NO","WEEKLY",NA,NA
"Oscar Delp","TE","NO",NA,0,0,0,NA,0,0,NA,0,0,NA,0,NA,0,NA,"56673","FanDuel","17567","NumberFire","TE",0,0,0,NA,NA,0,NA,NA,NA,NA,NA,NA,NA,NA,NA,NA,NA,NA,NA,NA,NA,NA,NA,NA,NA,NA,NA,NA,NA,NA,NA,NA,NA,NA,NA,NA,NA,NA,NA,NA,NA,NA,NA,NA,NA,NA,NA,NA,NA,NA,99,437,31,20,"New Orleans Saints",11,"Detroit Lions","DET",20,"New Orleans Saints","NO","WEEKLY",NA,NA
"Tip Reiman","TE","ARI",NA,0,0,0,NA,0,0,NA,0,0,NA,0,NA,0,NA,"56097","FanDuel","16706","NumberFire","TE",0,0,0,NA,NA,0,NA,NA,NA,NA,NA,NA,NA,NA,NA,NA,NA,NA,NA,NA,NA,NA,NA,NA,NA,NA,NA,NA,NA,NA,NA,NA,NA,NA,NA,NA,NA,NA,NA,NA,NA,NA,NA,NA,NA,NA,NA,NA,NA,NA,99,437,1,1,"Arizona Cardinals",34,"Los Angeles Chargers","LAC",1,"Arizona Cardinals","ARI","WEEKLY",NA,NA
"Luke Musgrave","TE","GB",NA,0,0,0,NA,0,0,NA,0,0,NA,0,NA,0,NA,"55616","FanDuel","16215","NumberFire","TE",0,0,0,NA,NA,0,NA,NA,NA,NA,NA,NA,NA,NA,NA,NA,NA,NA,NA,NA,NA,NA,NA,NA,NA,NA,NA,NA,NA,NA,NA,NA,NA,NA,NA,NA,NA,NA,NA,NA,NA,NA,NA,NA,NA,NA,NA,NA,NA,NA,99,437,12,12,"Green Bay Packers",18,"Minnesota Vikings","MIN",12,"Green Bay Packers","GB","WEEKLY",NA,NA
"Ben Yurosek","TE","MIN",NA,0,0,0,NA,0,0,NA,0,0,NA,0,NA,0,NA,"56425","FanDuel","17285","NumberFire","TE",0,0,0,NA,NA,0,NA,NA,NA,NA,NA,NA,NA,NA,NA,NA,NA,NA,NA,NA,NA,NA,NA,NA,NA,NA,NA,NA,NA,NA,NA,NA,NA,NA,NA,NA,NA,NA,NA,NA,NA,NA,NA,NA,NA,NA,NA,NA,NA,NA,99,437,27,18,"Minnesota Vikings",18,"Minnesota Vikings","MIN",12,"Green Bay Packers","GB","WEEKLY",NA,NA
"Ben Sims","TE","MIA",NA,0,0,0,NA,0,0,NA,0,0,NA,0,NA,0,NA,"55788","FanDuel","16483","NumberFire","TE",0,0,0,NA,NA,0,NA,NA,NA,NA,NA,NA,NA,NA,NA,NA,NA,NA,NA,NA,NA,NA,NA,NA,NA,NA,NA,NA,NA,NA,NA,NA,NA,NA,NA,NA,NA,NA,NA,NA,NA,NA,NA,NA,NA,NA,NA,NA,NA,NA,99,437,10,17,"Miami Dolphins",35,"Las Vegas Raiders","LV",17,"Miami Dolphins","MIA","WEEKLY",NA,NA
"Justin Shorter","TE","LV",NA,0,0,0,NA,0,0,NA,0,0,NA,0,NA,0,NA,"56196","FanDuel","16210","NumberFire","TE",0,0,0,NA,NA,0,NA,NA,NA,NA,NA,NA,NA,NA,NA,NA,NA,NA,NA,NA,NA,NA,NA,NA,NA,NA,NA,NA,NA,NA,NA,NA,NA,NA,NA,NA,NA,NA,NA,NA,NA,NA,NA,NA,NA,NA,NA,NA,NA,NA,99,437,32,35,"Las Vegas Raiders",35,"Las Vegas Raiders","LV",17,"Miami Dolphins","MIA","WEEKLY",NA,NA
"Carter Runyon","TE","LV",NA,0,0,0,NA,0,0,NA,0,0,NA,0,NA,0,NA,"56489","FanDuel","17385","NumberFire","TE",0,0,0,NA,NA,0,NA,NA,NA,NA,NA,NA,NA,NA,NA,NA,NA,NA,NA,NA,NA,NA,NA,NA,NA,NA,NA,NA,NA,NA,NA,NA,NA,NA,NA,NA,NA,NA,NA,NA,NA,NA,NA,NA,NA,NA,NA,NA,NA,NA,99,437,32,35,"Las Vegas Raiders",35,"Las Vegas Raiders","LV",17,"Miami Dolphins","MIA","WEEKLY",NA,NA
"Will Kacmarek","TE","MIA",NA,0,0,0,NA,0,0,NA,0,0,NA,0,NA,0,NA,"56669","FanDuel","17605","NumberFire","TE",0,0,0,NA,NA,0,NA,NA,NA,NA,NA,NA,NA,NA,NA,NA,NA,NA,NA,NA,NA,NA,NA,NA,NA,NA,NA,NA,NA,NA,NA,NA,NA,NA,NA,NA,NA,NA,NA,NA,NA,NA,NA,NA,NA,NA,NA,NA,NA,NA,99,437,10,17,"Miami Dolphins",35,"Las Vegas Raiders","LV",17,"Miami Dolphins","MIA","WEEKLY",NA,NA
"Grant Calcaterra","TE","PHI",NA,0,0,0,NA,0,0,NA,0,0,NA,0,NA,0,NA,"55414","FanDuel","15804","NumberFire","TE",0,0,0,NA,NA,0,NA,NA,NA,NA,NA,NA,NA,NA,NA,NA,NA,NA,NA,NA,NA,NA,NA,NA,NA,NA,NA,NA,NA,NA,NA,NA,NA,NA,NA,NA,NA,NA,NA,NA,NA,NA,NA,NA,NA,NA,NA,NA,NA,NA,99,437,11,24,"Philadelphia Eagles",24,"Philadelphia Eagles","PHI",32,"Washington Commanders","WSH","WEEKLY",NA,NA
"Cameron Latu","TE","PHI",NA,0,0,0,NA,0,0,NA,0,0,NA,0,NA,0,NA,"56444","FanDuel","16217","NumberFire","TE",0,0,0,NA,NA,0,NA,NA,NA,NA,NA,NA,NA,NA,NA,NA,NA,NA,NA,NA,NA,NA,NA,NA,NA,NA,NA,NA,NA,NA,NA,NA,NA,NA,NA,NA,NA,NA,NA,NA,NA,NA,NA,NA,NA,NA,NA,NA,NA,NA,99,437,11,24,"Philadelphia Eagles",24,"Philadelphia Eagles","PHI",32,"Washington Commanders","WSH","WEEKLY",NA,NA
"Eli Stowers","TE","PHI",NA,0,0,0,NA,0,0,NA,0,0,NA,0,NA,0,NA,"56677","FanDuel","17544","NumberFire","TE",0,0,0,NA,NA,0,NA,NA,NA,NA,NA,NA,NA,NA,NA,NA,NA,NA,NA,NA,NA,NA,NA,NA,NA,NA,NA,NA,NA,NA,NA,NA,NA,NA,NA,NA,NA,NA,NA,NA,NA,NA,NA,NA,NA,NA,NA,NA,NA,NA,99,437,11,24,"Philadelphia Eagles",24,"Philadelphia Eagles","PHI",32,"Washington Commanders","WSH","WEEKLY",NA,NA
"Thomas Fidone II","TE","NYG",NA,0,0,0,NA,0,0,NA,0,0,NA,0,NA,0,NA,"56502","FanDuel","17243","NumberFire","TE",0,0,0,NA,NA,0,NA,NA,NA,NA,NA,NA,NA,NA,NA,NA,NA,NA,NA,NA,NA,NA,NA,NA,NA,NA,NA,NA,NA,NA,NA,NA,NA,NA,NA,NA,NA,NA,NA,NA,NA,NA,NA,NA,NA,NA,NA,NA,NA,NA,99,437,29,21,"New York Giants",21,"New York Giants","NYG",9,"Dallas Cowboys","DAL","WEEKLY",NA,NA
"Cameron Dicker","K","LAC",NA,NA,NA,NA,NA,NA,NA,NA,NA,NA,NA,NA,NA,10.26,NA,"55437","FanDuel","15979","NumberFire","K",NA,NA,NA,NA,NA,NA,0.54,0.54,0.54,NA,0.54,NA,0.54,NA,0.54,NA,0.54,NA,0.54,0.54,NA,NA,NA,NA,NA,NA,NA,NA,NA,NA,NA,NA,NA,NA,NA,NA,NA,NA,NA,NA,NA,NA,NA,NA,NA,NA,NA,NA,NA,NA,1,NA,22,34,"Los Angeles Chargers",34,"Los Angeles Chargers","LAC",1,"Arizona Cardinals","ARI","WEEKLY",NA,NA
"Evan McPherson","K","CIN",NA,NA,NA,NA,NA,NA,NA,NA,NA,NA,NA,NA,NA,9.9,NA,"54904","FanDuel","15368","NumberFire","K",NA,NA,NA,NA,NA,NA,2.11,2.36,0,NA,0.67,NA,0.67,NA,0.51,NA,0.3,NA,2.34,2.51,NA,NA,NA,NA,NA,NA,NA,NA,NA,NA,NA,NA,NA,NA,NA,NA,NA,NA,NA,NA,NA,NA,NA,NA,NA,NA,NA,NA,NA,NA,2,NA,13,7,"Cincinnati Bengals",7,"Cincinnati Bengals","CIN",30,"Tampa Bay Buccaneers","TB","WEEKLY",NA,NA
"Cam Little","K","JAC",NA,NA,NA,NA,NA,NA,NA,NA,NA,NA,NA,NA,NA,9.8,NA,"55987","FanDuel","16680","NumberFire","K",NA,NA,NA,NA,NA,NA,2.07,2.07,0,NA,0.6,NA,0.85,NA,0.47,NA,0.3,NA,2.07,2.07,NA,NA,NA,NA,NA,NA,NA,NA,NA,NA,NA,NA,NA,NA,NA,NA,NA,NA,NA,NA,NA,NA,NA,NA,NA,NA,NA,NA,NA,NA,3,NA,7,15,"Jacksonville Jaguars",15,"Jacksonville Jaguars","JAC",8,"Cleveland Browns","CLE","WEEKLY",NA,NA
"Will Reichard","K","MIN",NA,NA,NA,NA,NA,NA,NA,NA,NA,NA,NA,NA,NA,9.79,NA,"55919","FanDuel","16681","NumberFire","K",NA,NA,NA,NA,NA,NA,2.56,2.19,0,NA,0.55,NA,0.48,NA,0.75,NA,0.37,NA,1.85,2.66,NA,NA,NA,NA,NA,NA,NA,NA,NA,NA,NA,NA,NA,NA,NA,NA,NA,NA,NA,NA,NA,NA,NA,NA,NA,NA,NA,NA,NA,NA,4,NA,27,18,"Minnesota Vikings",18,"Minnesota Vikings","MIN",12,"Green Bay Packers","GB","WEEKLY",NA,NA
"Jake Bates","K","DET",NA,NA,NA,NA,NA,NA,NA,NA,NA,NA,NA,NA,NA,9.67,NA,"55997","FanDuel","16846","NumberFire","K",NA,NA,NA,NA,NA,NA,2.13,2.8,0.04,NA,0.7,NA,0.53,NA,0.6,NA,0.14,NA,2.76,2.48,NA,NA,NA,NA,NA,NA,NA,NA,NA,NA,NA,NA,NA,NA,NA,NA,NA,NA,NA,NA,NA,NA,NA,NA,NA,NA,NA,NA,NA,NA,5,NA,18,11,"Detroit Lions",11,"Detroit Lions","DET",20,"New Orleans Saints","NO","WEEKLY",NA,NA
"Harrison Mevis","K","LA",NA,NA,NA,NA,NA,NA,NA,NA,NA,NA,NA,NA,NA,9.64,NA,"56286","FanDuel","16843","NumberFire","K",NA,NA,NA,NA,NA,NA,1.97,3,0.02,NA,0.57,NA,0.75,NA,0.5,NA,0.14,NA,2.92,2.23,NA,NA,NA,NA,NA,NA,NA,NA,NA,NA,NA,NA,NA,NA,NA,NA,NA,NA,NA,NA,NA,NA,NA,NA,NA,NA,NA,NA,NA,NA,6,NA,17,33,"Los Angeles Rams",33,"Los Angeles Rams","LA",27,"San Francisco 49ers","SF","WEEKLY",NA,NA
"Eddy Pineiro","K","SF",NA,NA,NA,NA,NA,NA,NA,NA,NA,NA,NA,NA,NA,9.56,NA,"54195","FanDuel","13719","NumberFire","K",NA,NA,NA,NA,NA,NA,1.81,3.29,0.05,NA,0.62,NA,0.58,NA,0.46,NA,0.15,NA,3.22,2.03,NA,NA,NA,NA,NA,NA,NA,NA,NA,NA,NA,NA,NA,NA,NA,NA,NA,NA,NA,NA,NA,NA,NA,NA,NA,NA,NA,NA,NA,NA,7,NA,24,27,"San Francisco 49ers",33,"Los Angeles Rams","LA",27,"San Francisco 49ers","SF","WEEKLY",NA,NA
"Brandon Aubrey","K","DAL",NA,NA,NA,NA,NA,NA,NA,NA,NA,NA,NA,NA,NA,9.34,NA,"55648","FanDuel","16414","NumberFire","K",NA,NA,NA,NA,NA,NA,2.05,2.94,0,NA,0.52,NA,0.66,NA,0.5,NA,0.19,NA,2.85,2.22,NA,NA,NA,NA,NA,NA,NA,NA,NA,NA,NA,NA,NA,NA,NA,NA,NA,NA,NA,NA,NA,NA,NA,NA,NA,NA,NA,NA,NA,NA,8,NA,28,9,"Dallas Cowboys",21,"New York Giants","NYG",9,"Dallas Cowboys","DAL","WEEKLY",NA,NA
"Chris Boswell","K","PIT",NA,NA,NA,NA,NA,NA,NA,NA,NA,NA,NA,NA,NA,9.31,NA,"52927","FanDuel","11936","NumberFire","K",NA,NA,NA,NA,NA,NA,2.18,2.41,0.02,NA,0.65,NA,0.64,NA,0.4,NA,0.28,NA,2.38,2.48,NA,NA,NA,NA,NA,NA,NA,NA,NA,NA,NA,NA,NA,NA,NA,NA,NA,NA,NA,NA,NA,NA,NA,NA,NA,NA,NA,NA,NA,NA,9,NA,30,25,"Pittsburgh Steelers",25,"Pittsburgh Steelers","PIT",2,"Atlanta Falcons","ATL","WEEKLY",NA,NA
"Jason Myers","K","SEA",NA,NA,NA,NA,NA,NA,NA,NA,NA,NA,NA,NA,NA,9.22,NA,"52814","FanDuel","12437","NumberFire","K",NA,NA,NA,NA,NA,NA,1.98,2.5,0.02,NA,0.72,NA,0.55,NA,0.41,NA,0.26,NA,2.41,2.27,NA,NA,NA,NA,NA,NA,NA,NA,NA,NA,NA,NA,NA,NA,NA,NA,NA,NA,NA,NA,NA,NA,NA,NA,NA,NA,NA,NA,NA,NA,10,NA,4,28,"Seattle Seahawks",28,"Seattle Seahawks","SEA",19,"New England Patriots","NE","WEEKLY",NA,NA
"Cairo Santos","K","CHI",NA,NA,NA,NA,NA,NA,NA,NA,NA,NA,NA,NA,NA,9.18,NA,"52487","FanDuel","11945","NumberFire","K",NA,NA,NA,NA,NA,NA,1.9,3.05,0,NA,0.73,NA,0.54,NA,0.4,NA,0.17,NA,2.92,2.34,NA,NA,NA,NA,NA,NA,NA,NA,NA,NA,NA,NA,NA,NA,NA,NA,NA,NA,NA,NA,NA,NA,NA,NA,NA,NA,NA,NA,NA,NA,11,NA,21,6,"Chicago Bears",5,"Carolina Panthers","CAR",6,"Chicago Bears","CHI","WEEKLY",NA,NA
"Mike Badgley","K","BUF",NA,NA,NA,NA,NA,NA,NA,NA,NA,NA,NA,NA,NA,9.17,NA,"54004","FanDuel","13980","NumberFire","K",NA,NA,NA,NA,NA,NA,1.83,2.85,0.02,NA,0.57,NA,0.63,NA,0.47,NA,0.17,NA,2.78,2.31,NA,NA,NA,NA,NA,NA,NA,NA,NA,NA,NA,NA,NA,NA,NA,NA,NA,NA,NA,NA,NA,NA,NA,NA,NA,NA,NA,NA,NA,NA,12,NA,14,4,"Buffalo Bills",13,"Houston Texans","HOU",4,"Buffalo Bills","BUF","WEEKLY",NA,NA
"Daniel Carlson","K","LV",NA,NA,NA,NA,NA,NA,NA,NA,NA,NA,NA,NA,NA,9.14,NA,"53818","FanDuel","13718","NumberFire","K",NA,NA,NA,NA,NA,NA,1.92,2.22,0.05,NA,0.55,NA,0.43,NA,0.6,NA,0.3,NA,2.15,2.27,NA,NA,NA,NA,NA,NA,NA,NA,NA,NA,NA,NA,NA,NA,NA,NA,NA,NA,NA,NA,NA,NA,NA,NA,NA,NA,NA,NA,NA,NA,13,NA,32,35,"Las Vegas Raiders",35,"Las Vegas Raiders","LV",17,"Miami Dolphins","MIA","WEEKLY",NA,NA
"Riley Patterson","K","MIA",NA,NA,NA,NA,NA,NA,NA,NA,NA,NA,NA,NA,NA,9.1,NA,"55158","FanDuel","15369","NumberFire","K",NA,NA,NA,NA,NA,NA,1.95,2.18,0,NA,0.53,NA,0.65,NA,0.51,NA,0.27,NA,2.17,2.24,NA,NA,NA,NA,NA,NA,NA,NA,NA,NA,NA,NA,NA,NA,NA,NA,NA,NA,NA,NA,NA,NA,NA,NA,NA,NA,NA,NA,NA,NA,14,NA,10,17,"Miami Dolphins",35,"Las Vegas Raiders","LV",17,"Miami Dolphins","MIA","WEEKLY",NA,NA
"Ka'imi Fairbairn","K","HOU",NA,NA,NA,NA,NA,NA,NA,NA,NA,NA,NA,NA,NA,9.05,NA,"53463","FanDuel","12860","NumberFire","K",NA,NA,NA,NA,NA,NA,1.95,1.84,0,NA,0.58,NA,0.53,NA,0.69,NA,0.23,NA,1.81,2.19,NA,NA,NA,NA,NA,NA,NA,NA,NA,NA,NA,NA,NA,NA,NA,NA,NA,NA,NA,NA,NA,NA,NA,NA,NA,NA,NA,NA,NA,NA,15,NA,3,13,"Houston Texans",13,"Houston Texans","HOU",4,"Buffalo Bills","BUF","WEEKLY",NA,NA
"Nick Folk","K","ATL",NA,NA,NA,NA,NA,NA,NA,NA,NA,NA,NA,NA,NA,8.99,NA,"2816","FanDuel","8851","NumberFire","K",NA,NA,NA,NA,NA,NA,1.89,2.27,0.02,NA,0.56,NA,0.51,NA,0.66,NA,0.17,NA,2.23,2.07,NA,NA,NA,NA,NA,NA,NA,NA,NA,NA,NA,NA,NA,NA,NA,NA,NA,NA,NA,NA,NA,NA,NA,NA,NA,NA,NA,NA,NA,NA,16,NA,20,2,"Atlanta Falcons",25,"Pittsburgh Steelers","PIT",2,"Atlanta Falcons","ATL","WEEKLY",NA,NA
"Tyler Loop","K","BAL",NA,NA,NA,NA,NA,NA,NA,NA,NA,NA,NA,NA,NA,8.93,NA,"56289","FanDuel","17222","NumberFire","K",NA,NA,NA,NA,NA,NA,1.73,3.03,0,NA,0.46,NA,0.59,NA,0.56,NA,0.12,NA,2.94,2.05,NA,NA,NA,NA,NA,NA,NA,NA,NA,NA,NA,NA,NA,NA,NA,NA,NA,NA,NA,NA,NA,NA,NA,NA,NA,NA,NA,NA,NA,NA,17,NA,25,3,"Baltimore Ravens",14,"Indianapolis Colts","IND",3,"Baltimore Ravens","BAL","WEEKLY",NA,NA
"Harrison Butker","K","KC",NA,NA,NA,NA,NA,NA,NA,NA,NA,NA,NA,NA,NA,8.74,NA,"53628","FanDuel","13354","NumberFire","K",NA,NA,NA,NA,NA,NA,1.72,3.81,0.05,NA,0.55,NA,0.52,NA,0.55,NA,0.1,NA,2.68,2.05,NA,NA,NA,NA,NA,NA,NA,NA,NA,NA,NA,NA,NA,NA,NA,NA,NA,NA,NA,NA,NA,NA,NA,NA,NA,NA,NA,NA,NA,NA,18,NA,6,16,"Kansas City Chiefs",16,"Kansas City Chiefs","KC",10,"Denver Broncos","DEN","WEEKLY",NA,NA
"Joey Slye","K","TEN",NA,NA,NA,NA,NA,NA,NA,NA,NA,NA,NA,NA,NA,8.72,NA,"54202","FanDuel","14600","NumberFire","K",NA,NA,NA,NA,NA,NA,1.93,2.5,0.02,NA,0.57,NA,0.67,NA,0.39,NA,0.19,NA,2.43,2.26,NA,NA,NA,NA,NA,NA,NA,NA,NA,NA,NA,NA,NA,NA,NA,NA,NA,NA,NA,NA,NA,NA,NA,NA,NA,NA,NA,NA,NA,NA,19,NA,9,31,"Tennessee Titans",31,"Tennessee Titans","TEN",22,"New York Jets","NYJ","WEEKLY",NA,NA
"Chase McLaughlin","K","TB",NA,NA,NA,NA,NA,NA,NA,NA,NA,NA,NA,NA,NA,8.71,NA,"54352","FanDuel","14717","NumberFire","K",NA,NA,NA,NA,NA,NA,1.72,3.09,0.02,NA,0.6,NA,0.53,NA,0.41,NA,0.12,NA,3.02,2.16,NA,NA,NA,NA,NA,NA,NA,NA,NA,NA,NA,NA,NA,NA,NA,NA,NA,NA,NA,NA,NA,NA,NA,NA,NA,NA,NA,NA,NA,NA,20,NA,26,30,"Tampa Bay Buccaneers",7,"Cincinnati Bengals","CIN",30,"Tampa Bay Buccaneers","TB","WEEKLY",NA,NA
"Ryan Fitzgerald","K","CAR",NA,NA,NA,NA,NA,NA,NA,NA,NA,NA,NA,NA,NA,8.54,NA,"56309","FanDuel","17277","NumberFire","K",NA,NA,NA,NA,NA,NA,1.9,2.06,0,NA,0.62,NA,0.51,NA,0.51,NA,0.21,NA,2.06,2.39,NA,NA,NA,NA,NA,NA,NA,NA,NA,NA,NA,NA,NA,NA,NA,NA,NA,NA,NA,NA,NA,NA,NA,NA,NA,NA,NA,NA,NA,NA,21,NA,19,5,"Carolina Panthers",5,"Carolina Panthers","CAR",6,"Chicago Bears","CHI","WEEKLY",NA,NA
"Brandon McManus","K","GB",NA,NA,NA,NA,NA,NA,NA,NA,NA,NA,NA,NA,NA,8.53,NA,"52489","FanDuel","11947","NumberFire","K",NA,NA,NA,NA,NA,NA,1.67,2.96,0,NA,0.56,NA,0.54,NA,0.38,NA,0.17,NA,2.86,2,NA,NA,NA,NA,NA,NA,NA,NA,NA,NA,NA,NA,NA,NA,NA,NA,NA,NA,NA,NA,NA,NA,NA,NA,NA,NA,NA,NA,NA,NA,22,NA,12,12,"Green Bay Packers",18,"Minnesota Vikings","MIN",12,"Green Bay Packers","GB","WEEKLY",NA,NA
"Jake Elliott","K","PHI",NA,NA,NA,NA,NA,NA,NA,NA,NA,NA,NA,NA,NA,8.46,NA,"53569","FanDuel","13303","NumberFire","K",NA,NA,NA,NA,NA,NA,1.51,3.11,0.02,NA,0.4,NA,0.55,NA,0.34,NA,0.24,NA,2.99,2.09,NA,NA,NA,NA,NA,NA,NA,NA,NA,NA,NA,NA,NA,NA,NA,NA,NA,NA,NA,NA,NA,NA,NA,NA,NA,NA,NA,NA,NA,NA,23,NA,11,24,"Philadelphia Eagles",24,"Philadelphia Eagles","PHI",32,"Washington Commanders","WSH","WEEKLY",NA,NA
"Zane Gonzalez","K","MIA",NA,NA,NA,NA,NA,NA,NA,NA,NA,NA,NA,NA,NA,8.33,NA,"53462","FanDuel","13347","NumberFire","K",NA,NA,NA,NA,NA,NA,1.8,2.04,0.04,NA,0.49,NA,0.48,NA,0.49,NA,0.27,NA,1.99,2.15,NA,NA,NA,NA,NA,NA,NA,NA,NA,NA,NA,NA,NA,NA,NA,NA,NA,NA,NA,NA,NA,NA,NA,NA,NA,NA,NA,NA,NA,NA,24,NA,10,17,"Miami Dolphins",35,"Las Vegas Raiders","LV",17,"Miami Dolphins","MIA","WEEKLY",NA,NA
"Andy Borregales","K","NE",NA,NA,NA,NA,NA,NA,NA,NA,NA,NA,NA,NA,NA,8.15,NA,"56311","FanDuel","17220","NumberFire","K",NA,NA,NA,NA,NA,NA,1.49,3.26,0.08,NA,0.42,NA,0.47,NA,0.39,NA,0.1,NA,3.18,1.76,NA,NA,NA,NA,NA,NA,NA,NA,NA,NA,NA,NA,NA,NA,NA,NA,NA,NA,NA,NA,NA,NA,NA,NA,NA,NA,NA,NA,NA,NA,25,NA,16,19,"New England Patriots",28,"Seattle Seahawks","SEA",19,"New England Patriots","NE","WEEKLY",NA,NA
"Wil Lutz","K","DEN",NA,NA,NA,NA,NA,NA,NA,NA,NA,NA,NA,NA,NA,8.04,NA,"53178","FanDuel","12956","NumberFire","K",NA,NA,NA,NA,NA,NA,1.69,1.95,0.04,NA,0.38,NA,0.48,NA,0.6,NA,0.24,NA,1.74,1.84,NA,NA,NA,NA,NA,NA,NA,NA,NA,NA,NA,NA,NA,NA,NA,NA,NA,NA,NA,NA,NA,NA,NA,NA,NA,NA,NA,NA,NA,NA,26,NA,23,10,"Denver Broncos",16,"Kansas City Chiefs","KC",10,"Denver Broncos","DEN","WEEKLY",NA,NA
"Andre Szmyt","K","CLE",NA,NA,NA,NA,NA,NA,NA,NA,NA,NA,NA,NA,NA,8.03,NA,"56310","FanDuel","16419","NumberFire","K",NA,NA,NA,NA,NA,NA,1.81,1.58,0,NA,0.5,NA,0.49,NA,0.55,NA,0.27,NA,1.51,1.85,NA,NA,NA,NA,NA,NA,NA,NA,NA,NA,NA,NA,NA,NA,NA,NA,NA,NA,NA,NA,NA,NA,NA,NA,NA,NA,NA,NA,NA,NA,27,NA,15,8,"Cleveland Browns",15,"Jacksonville Jaguars","JAC",8,"Cleveland Browns","CLE","WEEKLY",NA,NA
"Charlie Smyth","K","NO",NA,NA,NA,NA,NA,NA,NA,NA,NA,NA,NA,NA,NA,8,NA,"56576","FanDuel","17424","NumberFire","K",NA,NA,NA,NA,NA,NA,1.61,2.24,0,NA,0.56,NA,0.39,NA,0.48,NA,0.21,NA,2.18,1.97,NA,NA,NA,NA,NA,NA,NA,NA,NA,NA,NA,NA,NA,NA,NA,NA,NA,NA,NA,NA,NA,NA,NA,NA,NA,NA,NA,NA,NA,NA,28,NA,31,20,"New Orleans Saints",11,"Detroit Lions","DET",20,"New Orleans Saints","NO","WEEKLY",NA,NA
"Blake Grupe","K","IND",NA,NA,NA,NA,NA,NA,NA,NA,NA,NA,NA,NA,NA,7.89,NA,"55655","FanDuel","16444","NumberFire","K",NA,NA,NA,NA,NA,NA,1.58,2.49,0.02,NA,0.44,NA,0.53,NA,0.42,NA,0.16,NA,2.44,1.85,NA,NA,NA,NA,NA,NA,NA,NA,NA,NA,NA,NA,NA,NA,NA,NA,NA,NA,NA,NA,NA,NA,NA,NA,NA,NA,NA,NA,NA,NA,29,NA,2,14,"Indianapolis Colts",14,"Indianapolis Colts","IND",3,"Baltimore Ravens","BAL","WEEKLY",NA,NA
"Matthew Wright","K","BUF",NA,NA,NA,NA,NA,NA,NA,NA,NA,NA,NA,NA,NA,7.86,NA,"54800","FanDuel","14426","NumberFire","K",NA,NA,NA,NA,NA,NA,1.37,2.25,0,NA,0.38,NA,0.46,NA,0.46,NA,0.26,NA,2.2,1.51,NA,NA,NA,NA,NA,NA,NA,NA,NA,NA,NA,NA,NA,NA,NA,NA,NA,NA,NA,NA,NA,NA,NA,NA,NA,NA,NA,NA,NA,NA,30,NA,14,4,"Buffalo Bills",13,"Houston Texans","HOU",4,"Buffalo Bills","BUF","WEEKLY",NA,NA
"Jake Moody","K","WSH",NA,NA,NA,NA,NA,NA,NA,NA,NA,NA,NA,NA,NA,7.77,NA,"55704","FanDuel","16286","NumberFire","K",NA,NA,NA,NA,NA,NA,1.52,2.55,0,NA,0.38,NA,0.68,NA,0.38,NA,0.13,NA,2.42,1.78,NA,NA,NA,NA,NA,NA,NA,NA,NA,NA,NA,NA,NA,NA,NA,NA,NA,NA,NA,NA,NA,NA,NA,NA,NA,NA,NA,NA,NA,NA,31,NA,5,32,"Washington Commanders",24,"Philadelphia Eagles","PHI",32,"Washington Commanders","WSH","WEEKLY",NA,NA
"Trey Smack","K","GB",NA,NA,NA,NA,NA,NA,NA,NA,NA,NA,NA,NA,NA,7.69,NA,"56688","FanDuel","17668","NumberFire","K",NA,NA,NA,NA,NA,NA,1.49,3.15,0,NA,0.43,NA,0.56,NA,0.33,NA,0.17,NA,2.55,1.69,NA,NA,NA,NA,NA,NA,NA,NA,NA,NA,NA,NA,NA,NA,NA,NA,NA,NA,NA,NA,NA,NA,NA,NA,NA,NA,NA,NA,NA,NA,32,NA,12,12,"Green Bay Packers",18,"Minnesota Vikings","MIN",12,"Green Bay Packers","GB","WEEKLY",NA,NA
"Younghoe Koo","K","NYG",NA,NA,NA,NA,NA,NA,NA,NA,NA,NA,NA,NA,NA,7.56,NA,"53464","FanDuel","13403","NumberFire","K",NA,NA,NA,NA,NA,NA,1.53,2.93,0.04,NA,0.48,NA,0.53,NA,0.35,NA,0.04,NA,2.81,2.43,NA,NA,NA,NA,NA,NA,NA,NA,NA,NA,NA,NA,NA,NA,NA,NA,NA,NA,NA,NA,NA,NA,NA,NA,NA,NA,NA,NA,NA,NA,33,NA,29,21,"New York Giants",21,"New York Giants","NYG",9,"Dallas Cowboys","DAL","WEEKLY",NA,NA
"Ben Sauls","K","NYG",NA,NA,NA,NA,NA,NA,NA,NA,NA,NA,NA,NA,NA,7.52,NA,"56591","FanDuel","17434","NumberFire","K",NA,NA,NA,NA,NA,NA,0.47,0.47,0,NA,0.47,NA,0.47,NA,0.47,NA,0.47,NA,0.47,0.47,NA,NA,NA,NA,NA,NA,NA,NA,NA,NA,NA,NA,NA,NA,NA,NA,NA,NA,NA,NA,NA,NA,NA,NA,NA,NA,NA,NA,NA,NA,34,NA,29,21,"New York Giants",21,"New York Giants","NYG",9,"Dallas Cowboys","DAL","WEEKLY",NA,NA
"Chad Ryland","K","ARI",NA,NA,NA,NA,NA,NA,NA,NA,NA,NA,NA,NA,NA,7.41,NA,"55627","FanDuel","16292","NumberFire","K",NA,NA,NA,NA,NA,NA,1.97,1.97,0,NA,0.5,NA,0.56,NA,0.47,NA,0.15,NA,1.6,2.22,NA,NA,NA,NA,NA,NA,NA,NA,NA,NA,NA,NA,NA,NA,NA,NA,NA,NA,NA,NA,NA,NA,NA,NA,NA,NA,NA,NA,NA,NA,35,NA,1,1,"Arizona Cardinals",34,"Los Angeles Chargers","LAC",1,"Arizona Cardinals","ARI","WEEKLY",NA,NA
"Jacksonville D/ST","DST","JAC",NA,NA,NA,NA,NA,NA,NA,NA,NA,NA,NA,NA,NA,10,NA,"2906","FanDuel","0509","NumberFire","DST",NA,NA,NA,NA,NA,NA,NA,NA,NA,NA,NA,NA,NA,NA,NA,NA,NA,NA,NA,NA,0.63,NA,4.17,NA,NA,NA,0.22,16,NA,NA,NA,268.69,NA,NA,NA,NA,NA,NA,NA,NA,NA,NA,NA,NA,NA,NA,NA,NA,NA,NA,1,NA,NA,15,"Jacksonville Jaguars",15,"Jacksonville Jaguars","JAC",8,"Cleveland Browns","CLE","WEEKLY",0.42,32
"Las Vegas D/ST","DST","LV",NA,NA,NA,NA,NA,NA,NA,NA,NA,NA,NA,NA,NA,9.04,NA,"54498","FanDuel","0513","NumberFire","DST",NA,NA,NA,NA,NA,NA,NA,NA,NA,NA,NA,NA,NA,NA,NA,NA,NA,NA,NA,NA,0.75,NA,3.63,NA,NA,NA,0.2,18.5,NA,NA,NA,309.81,NA,NA,NA,NA,NA,NA,NA,NA,NA,NA,NA,NA,NA,NA,NA,NA,NA,NA,2,NA,NA,35,"Las Vegas Raiders",35,"Las Vegas Raiders","LV",17,"Miami Dolphins","MIA","WEEKLY",0.49,28
"Tennessee D/ST","DST","TEN",NA,NA,NA,NA,NA,NA,NA,NA,NA,NA,NA,NA,NA,8.61,NA,"2922","FanDuel","0508","NumberFire","DST",NA,NA,NA,NA,NA,NA,NA,NA,NA,NA,NA,NA,NA,NA,NA,NA,NA,NA,NA,NA,0.66,NA,3.5,NA,NA,NA,0.19,18.5,NA,NA,NA,305.7,NA,NA,NA,NA,NA,NA,NA,NA,NA,NA,NA,NA,NA,NA,NA,NA,NA,NA,3,NA,NA,31,"Tennessee Titans",31,"Tennessee Titans","TEN",22,"New York Jets","NYJ","WEEKLY",0.47,19
"Pittsburgh D/ST","DST","PIT",NA,NA,NA,NA,NA,NA,NA,NA,NA,NA,NA,NA,NA,8.47,NA,"2916","FanDuel","0510","NumberFire","DST",NA,NA,NA,NA,NA,NA,NA,NA,NA,NA,NA,NA,NA,NA,NA,NA,NA,NA,NA,NA,0.74,NA,3.05,NA,NA,NA,0.19,19,NA,NA,NA,322.91,NA,NA,NA,NA,NA,NA,NA,NA,NA,NA,NA,NA,NA,NA,NA,NA,NA,NA,4,NA,NA,25,"Pittsburgh Steelers",25,"Pittsburgh Steelers","PIT",2,"Atlanta Falcons","ATL","WEEKLY",0.6,24
"Seattle D/ST","DST","SEA",NA,NA,NA,NA,NA,NA,NA,NA,NA,NA,NA,NA,NA,8.4,NA,"2919","FanDuel","0515","NumberFire","DST",NA,NA,NA,NA,NA,NA,NA,NA,NA,NA,NA,NA,NA,NA,NA,NA,NA,NA,NA,NA,0.68,NA,3.42,NA,NA,NA,0.19,20.5,NA,NA,NA,342.95,NA,NA,NA,NA,NA,NA,NA,NA,NA,NA,NA,NA,NA,NA,NA,NA,NA,NA,5,NA,NA,28,"Seattle Seahawks",28,"Seattle Seahawks","SEA",19,"New England Patriots","NE","WEEKLY",0.67,4
"Los Angeles Chargers D/ST","DST","LAC",NA,NA,NA,NA,NA,NA,NA,NA,NA,NA,NA,NA,NA,8.05,NA,"53451","FanDuel","0514","NumberFire","DST",NA,NA,NA,NA,NA,NA,NA,NA,NA,NA,NA,NA,NA,NA,NA,NA,NA,NA,NA,NA,0.53,NA,3.39,NA,NA,NA,0.19,19,NA,NA,NA,321.29,NA,NA,NA,NA,NA,NA,NA,NA,NA,NA,NA,NA,NA,NA,NA,NA,NA,NA,6,NA,NA,34,"Los Angeles Chargers",34,"Los Angeles Chargers","LAC",1,"Arizona Cardinals","ARI","WEEKLY",0.43,26
"Philadelphia D/ST","DST","PHI",NA,NA,NA,NA,NA,NA,NA,NA,NA,NA,NA,NA,NA,7.56,NA,"2915","FanDuel","0518","NumberFire","DST",NA,NA,NA,NA,NA,NA,NA,NA,NA,NA,NA,NA,NA,NA,NA,NA,NA,NA,NA,NA,0.72,NA,2.71,NA,NA,NA,0.19,19.5,NA,NA,NA,300.87,NA,NA,NA,NA,NA,NA,NA,NA,NA,NA,NA,NA,NA,NA,NA,NA,NA,NA,7,NA,NA,24,"Philadelphia Eagles",24,"Philadelphia Eagles","PHI",32,"Washington Commanders","WSH","WEEKLY",0.4,10
"Detroit D/ST","DST","DET",NA,NA,NA,NA,NA,NA,NA,NA,NA,NA,NA,NA,NA,7.05,NA,"2902","FanDuel","0522","NumberFire","DST",NA,NA,NA,NA,NA,NA,NA,NA,NA,NA,NA,NA,NA,NA,NA,NA,NA,NA,NA,NA,0.68,NA,3.04,NA,NA,NA,0.17,21.5,NA,NA,NA,329.7,NA,NA,NA,NA,NA,NA,NA,NA,NA,NA,NA,NA,NA,NA,NA,NA,NA,NA,8,NA,NA,11,"Detroit Lions",11,"Detroit Lions","DET",20,"New Orleans Saints","NO","WEEKLY",0.33,17
"New York Jets D/ST","DST","NYJ",NA,NA,NA,NA,NA,NA,NA,NA,NA,NA,NA,NA,NA,6.89,NA,"2912","FanDuel","0505","NumberFire","DST",NA,NA,NA,NA,NA,NA,NA,NA,NA,NA,NA,NA,NA,NA,NA,NA,NA,NA,NA,NA,0.6,NA,2.35,NA,NA,NA,0.18,20,NA,NA,NA,303.55,NA,NA,NA,NA,NA,NA,NA,NA,NA,NA,NA,NA,NA,NA,NA,NA,NA,NA,9,NA,NA,22,"New York Jets",31,"Tennessee Titans","TEN",22,"New York Jets","NYJ","WEEKLY",0.47,30
"Houston D/ST","DST","HOU",NA,NA,NA,NA,NA,NA,NA,NA,NA,NA,NA,NA,NA,6.85,NA,"2904","FanDuel","0532","NumberFire","DST",NA,NA,NA,NA,NA,NA,NA,NA,NA,NA,NA,NA,NA,NA,NA,NA,NA,NA,NA,NA,0.73,NA,2.84,NA,NA,NA,0.16,23,NA,NA,NA,351.8,NA,NA,NA,NA,NA,NA,NA,NA,NA,NA,NA,NA,NA,NA,NA,NA,NA,NA,10,NA,NA,13,"Houston Texans",13,"Houston Texans","HOU",4,"Buffalo Bills","BUF","WEEKLY",0.52,7
"Los Angeles Rams D/ST","DST","LA",NA,NA,NA,NA,NA,NA,NA,NA,NA,NA,NA,NA,NA,6.77,NA,"53450","FanDuel","0528","NumberFire","DST",NA,NA,NA,NA,NA,NA,NA,NA,NA,NA,NA,NA,NA,NA,NA,NA,NA,NA,NA,NA,0.82,NA,2.36,NA,NA,NA,0.16,22.5,NA,NA,NA,357.22,NA,NA,NA,NA,NA,NA,NA,NA,NA,NA,NA,NA,NA,NA,NA,NA,NA,NA,11,NA,NA,33,"Los Angeles Rams",33,"Los Angeles Rams","LA",27,"San Francisco 49ers","SF","WEEKLY",0.51,14
"Dallas D/ST","DST","DAL",NA,NA,NA,NA,NA,NA,NA,NA,NA,NA,NA,NA,NA,6.7,NA,"2900","FanDuel","0516","NumberFire","DST",NA,NA,NA,NA,NA,NA,NA,NA,NA,NA,NA,NA,NA,NA,NA,NA,NA,NA,NA,NA,0.8,NA,2.65,NA,NA,NA,0.16,23,NA,NA,NA,337.9,NA,NA,NA,NA,NA,NA,NA,NA,NA,NA,NA,NA,NA,NA,NA,NA,NA,NA,12,NA,NA,9,"Dallas Cowboys",21,"New York Giants","NYG",9,"Dallas Cowboys","DAL","WEEKLY",0.44,20
"Cincinnati D/ST","DST","CIN",NA,NA,NA,NA,NA,NA,NA,NA,NA,NA,NA,NA,NA,6.62,NA,"2898","FanDuel","0506","NumberFire","DST",NA,NA,NA,NA,NA,NA,NA,NA,NA,NA,NA,NA,NA,NA,NA,NA,NA,NA,NA,NA,0.77,NA,2.47,NA,NA,NA,0.16,23.5,NA,NA,NA,345.57,NA,NA,NA,NA,NA,NA,NA,NA,NA,NA,NA,NA,NA,NA,NA,NA,NA,NA,13,NA,NA,7,"Cincinnati Bengals",7,"Cincinnati Bengals","CIN",30,"Tampa Bay Buccaneers","TB","WEEKLY",0.58,11
"Miami D/ST","DST","MIA",NA,NA,NA,NA,NA,NA,NA,NA,NA,NA,NA,NA,NA,6.46,NA,"2908","FanDuel","0503","NumberFire","DST",NA,NA,NA,NA,NA,NA,NA,NA,NA,NA,NA,NA,NA,NA,NA,NA,NA,NA,NA,NA,0.7,NA,2.49,NA,NA,NA,0.16,22,NA,NA,NA,314.77,NA,NA,NA,NA,NA,NA,NA,NA,NA,NA,NA,NA,NA,NA,NA,NA,NA,NA,14,NA,NA,17,"Miami Dolphins",35,"Las Vegas Raiders","LV",17,"Miami Dolphins","MIA","WEEKLY",0.39,31
"Buffalo D/ST","DST","BUF",NA,NA,NA,NA,NA,NA,NA,NA,NA,NA,NA,NA,NA,6.45,NA,"2895","FanDuel","0501","NumberFire","DST",NA,NA,NA,NA,NA,NA,NA,NA,NA,NA,NA,NA,NA,NA,NA,NA,NA,NA,NA,NA,0.65,NA,2.42,NA,NA,NA,0.17,21.5,NA,NA,NA,337.4,NA,NA,NA,NA,NA,NA,NA,NA,NA,NA,NA,NA,NA,NA,NA,NA,NA,NA,15,NA,NA,4,"Buffalo Bills",13,"Houston Texans","HOU",4,"Buffalo Bills","BUF","WEEKLY",0.37,21
"Denver D/ST","DST","DEN",NA,NA,NA,NA,NA,NA,NA,NA,NA,NA,NA,NA,NA,6.45,NA,"2901","FanDuel","0511","NumberFire","DST",NA,NA,NA,NA,NA,NA,NA,NA,NA,NA,NA,NA,NA,NA,NA,NA,NA,NA,NA,NA,0.6,NA,3.08,NA,NA,NA,0.15,23,NA,NA,NA,309.99,NA,NA,NA,NA,NA,NA,NA,NA,NA,NA,NA,NA,NA,NA,NA,NA,NA,NA,15,NA,NA,10,"Denver Broncos",16,"Kansas City Chiefs","KC",10,"Denver Broncos","DEN","WEEKLY",0.33,2
"Minnesota D/ST","DST","MIN",NA,NA,NA,NA,NA,NA,NA,NA,NA,NA,NA,NA,NA,6.37,NA,"2909","FanDuel","0524","NumberFire","DST",NA,NA,NA,NA,NA,NA,NA,NA,NA,NA,NA,NA,NA,NA,NA,NA,NA,NA,NA,NA,0.64,NA,2.32,NA,NA,NA,0.16,22.5,NA,NA,NA,332.42,NA,NA,NA,NA,NA,NA,NA,NA,NA,NA,NA,NA,NA,NA,NA,NA,NA,NA,17,NA,NA,18,"Minnesota Vikings",18,"Minnesota Vikings","MIN",12,"Green Bay Packers","GB","WEEKLY",0.51,16
"Green Bay D/ST","DST","GB",NA,NA,NA,NA,NA,NA,NA,NA,NA,NA,NA,NA,NA,6.24,NA,"2903","FanDuel","0523","NumberFire","DST",NA,NA,NA,NA,NA,NA,NA,NA,NA,NA,NA,NA,NA,NA,NA,NA,NA,NA,NA,NA,0.71,NA,2.33,NA,NA,NA,0.16,24,NA,NA,NA,322.54,NA,NA,NA,NA,NA,NA,NA,NA,NA,NA,NA,NA,NA,NA,NA,NA,NA,NA,18,NA,NA,12,"Green Bay Packers",18,"Minnesota Vikings","MIN",12,"Green Bay Packers","GB","WEEKLY",0.58,6
"Baltimore D/ST","DST","BAL",NA,NA,NA,NA,NA,NA,NA,NA,NA,NA,NA,NA,NA,6.2,NA,"2894","FanDuel","0531","NumberFire","DST",NA,NA,NA,NA,NA,NA,NA,NA,NA,NA,NA,NA,NA,NA,NA,NA,NA,NA,NA,NA,0.72,NA,2.17,NA,NA,NA,0.17,22,NA,NA,NA,359.17,NA,NA,NA,NA,NA,NA,NA,NA,NA,NA,NA,NA,NA,NA,NA,NA,NA,NA,19,NA,NA,3,"Baltimore Ravens",14,"Indianapolis Colts","IND",3,"Baltimore Ravens","BAL","WEEKLY",0.36,25
"Chicago D/ST","DST","CHI",NA,NA,NA,NA,NA,NA,NA,NA,NA,NA,NA,NA,NA,6.19,NA,"2897","FanDuel","0521","NumberFire","DST",NA,NA,NA,NA,NA,NA,NA,NA,NA,NA,NA,NA,NA,NA,NA,NA,NA,NA,NA,NA,0.68,NA,2.09,NA,NA,NA,0.17,22.25,NA,NA,NA,326.23,NA,NA,NA,NA,NA,NA,NA,NA,NA,NA,NA,NA,NA,NA,NA,NA,NA,NA,20,NA,NA,6,"Chicago Bears",5,"Carolina Panthers","CAR",6,"Chicago Bears","CHI","WEEKLY",0.47,27
"New England D/ST","DST","NE",NA,NA,NA,NA,NA,NA,NA,NA,NA,NA,NA,NA,NA,6.14,NA,"2910","FanDuel","0504","NumberFire","DST",NA,NA,NA,NA,NA,NA,NA,NA,NA,NA,NA,NA,NA,NA,NA,NA,NA,NA,NA,NA,0.84,NA,1.97,NA,NA,NA,0.15,24,NA,NA,NA,352.27,NA,NA,NA,NA,NA,NA,NA,NA,NA,NA,NA,NA,NA,NA,NA,NA,NA,NA,21,NA,NA,19,"New England Patriots",28,"Seattle Seahawks","SEA",19,"New England Patriots","NE","WEEKLY",0.61,22
"Indianapolis D/ST","DST","IND",NA,NA,NA,NA,NA,NA,NA,NA,NA,NA,NA,NA,NA,6.02,NA,"2905","FanDuel","0502","NumberFire","DST",NA,NA,NA,NA,NA,NA,NA,NA,NA,NA,NA,NA,NA,NA,NA,NA,NA,NA,NA,NA,0.55,NA,2.91,NA,NA,NA,0.13,25.5,NA,NA,NA,346.85,NA,NA,NA,NA,NA,NA,NA,NA,NA,NA,NA,NA,NA,NA,NA,NA,NA,NA,22,NA,NA,14,"Indianapolis Colts",14,"Indianapolis Colts","IND",3,"Baltimore Ravens","BAL","WEEKLY",0.57,3
"Cleveland D/ST","DST","CLE",NA,NA,NA,NA,NA,NA,NA,NA,NA,NA,NA,NA,NA,5.97,NA,"2899","FanDuel","0507","NumberFire","DST",NA,NA,NA,NA,NA,NA,NA,NA,NA,NA,NA,NA,NA,NA,NA,NA,NA,NA,NA,NA,0.7,NA,2.37,NA,NA,NA,0.15,24.5,NA,NA,NA,337.15,NA,NA,NA,NA,NA,NA,NA,NA,NA,NA,NA,NA,NA,NA,NA,NA,NA,NA,23,NA,NA,8,"Cleveland Browns",15,"Jacksonville Jaguars","JAC",8,"Cleveland Browns","CLE","WEEKLY",0.56,15
"Kansas City D/ST","DST","KC",NA,NA,NA,NA,NA,NA,NA,NA,NA,NA,NA,NA,NA,5.96,NA,"2907","FanDuel","0512","NumberFire","DST",NA,NA,NA,NA,NA,NA,NA,NA,NA,NA,NA,NA,NA,NA,NA,NA,NA,NA,NA,NA,0.67,NA,1.74,NA,NA,NA,0.18,20.5,NA,NA,NA,337.47,NA,NA,NA,NA,NA,NA,NA,NA,NA,NA,NA,NA,NA,NA,NA,NA,NA,NA,24,NA,NA,16,"Kansas City Chiefs",16,"Kansas City Chiefs","KC",10,"Denver Broncos","DEN","WEEKLY",0.29,12
"New York Giants D/ST","DST","NYG",NA,NA,NA,NA,NA,NA,NA,NA,NA,NA,NA,NA,NA,5.77,NA,"2913","FanDuel","0517","NumberFire","DST",NA,NA,NA,NA,NA,NA,NA,NA,NA,NA,NA,NA,NA,NA,NA,NA,NA,NA,NA,NA,0.76,NA,2.26,NA,NA,NA,0.15,25.5,NA,NA,NA,368.7,NA,NA,NA,NA,NA,NA,NA,NA,NA,NA,NA,NA,NA,NA,NA,NA,NA,NA,25,NA,NA,21,"New York Giants",21,"New York Giants","NYG",9,"Dallas Cowboys","DAL","WEEKLY",0.53,9
"Atlanta D/ST","DST","ATL",NA,NA,NA,NA,NA,NA,NA,NA,NA,NA,NA,NA,NA,5.76,NA,"2893","FanDuel","0526","NumberFire","DST",NA,NA,NA,NA,NA,NA,NA,NA,NA,NA,NA,NA,NA,NA,NA,NA,NA,NA,NA,NA,0.48,NA,2.41,NA,NA,NA,0.16,22.5,NA,NA,NA,325.9,NA,NA,NA,NA,NA,NA,NA,NA,NA,NA,NA,NA,NA,NA,NA,NA,NA,NA,26,NA,NA,2,"Atlanta Falcons",25,"Pittsburgh Steelers","PIT",2,"Atlanta Falcons","ATL","WEEKLY",0.36,23
"Tampa Bay D/ST","DST","TB",NA,NA,NA,NA,NA,NA,NA,NA,NA,NA,NA,NA,NA,5.6,NA,"2921","FanDuel","0525","NumberFire","DST",NA,NA,NA,NA,NA,NA,NA,NA,NA,NA,NA,NA,NA,NA,NA,NA,NA,NA,NA,NA,0.65,NA,2.98,NA,NA,NA,0.13,27,NA,NA,NA,351.86,NA,NA,NA,NA,NA,NA,NA,NA,NA,NA,NA,NA,NA,NA,NA,NA,NA,NA,27,NA,NA,30,"Tampa Bay Buccaneers",7,"Cincinnati Bengals","CIN",30,"Tampa Bay Buccaneers","TB","WEEKLY",0.4,5
"Washington D/ST","DST","WSH",NA,NA,NA,NA,NA,NA,NA,NA,NA,NA,NA,NA,NA,5.48,NA,"2923","FanDuel","0520","NumberFire","DST",NA,NA,NA,NA,NA,NA,NA,NA,NA,NA,NA,NA,NA,NA,NA,NA,NA,NA,NA,NA,0.59,NA,2.54,NA,NA,NA,0.14,25,NA,NA,NA,351.99,NA,NA,NA,NA,NA,NA,NA,NA,NA,NA,NA,NA,NA,NA,NA,NA,NA,NA,28,NA,NA,32,"Washington Commanders",24,"Philadelphia Eagles","PHI",32,"Washington Commanders","WSH","WEEKLY",0.4,18
"Arizona D/ST","DST","ARI",NA,NA,NA,NA,NA,NA,NA,NA,NA,NA,NA,NA,NA,4.88,NA,"2892","FanDuel","0519","NumberFire","DST",NA,NA,NA,NA,NA,NA,NA,NA,NA,NA,NA,NA,NA,NA,NA,NA,NA,NA,NA,NA,0.54,NA,2.93,NA,NA,NA,0.12,28.5,NA,NA,NA,341.1,NA,NA,NA,NA,NA,NA,NA,NA,NA,NA,NA,NA,NA,NA,NA,NA,NA,NA,29,NA,NA,1,"Arizona Cardinals",34,"Los Angeles Chargers","LAC",1,"Arizona Cardinals","ARI","WEEKLY",0.41,29
"Carolina D/ST","DST","CAR",NA,NA,NA,NA,NA,NA,NA,NA,NA,NA,NA,NA,NA,4.72,NA,"2896","FanDuel","0527","NumberFire","DST",NA,NA,NA,NA,NA,NA,NA,NA,NA,NA,NA,NA,NA,NA,NA,NA,NA,NA,NA,NA,0.57,NA,1.96,NA,NA,NA,0.14,25.25,NA,NA,NA,353.13,NA,NA,NA,NA,NA,NA,NA,NA,NA,NA,NA,NA,NA,NA,NA,NA,NA,NA,30,NA,NA,5,"Carolina Panthers",5,"Carolina Panthers","CAR",6,"Chicago Bears","CHI","WEEKLY",0.35,13
"New Orleans D/ST","DST","NO",NA,NA,NA,NA,NA,NA,NA,NA,NA,NA,NA,NA,NA,4.63,NA,"2911","FanDuel","0529","NumberFire","DST",NA,NA,NA,NA,NA,NA,NA,NA,NA,NA,NA,NA,NA,NA,NA,NA,NA,NA,NA,NA,0.56,NA,2.55,NA,NA,NA,0.13,28,NA,NA,NA,371.26,NA,NA,NA,NA,NA,NA,NA,NA,NA,NA,NA,NA,NA,NA,NA,NA,NA,NA,31,NA,NA,20,"New Orleans Saints",11,"Detroit Lions","DET",20,"New Orleans Saints","NO","WEEKLY",0.39,8
"San Francisco D/ST","DST","SF",NA,NA,NA,NA,NA,NA,NA,NA,NA,NA,NA,NA,NA,4.39,NA,"2918","FanDuel","0530","NumberFire","DST",NA,NA,NA,NA,NA,NA,NA,NA,NA,NA,NA,NA,NA,NA,NA,NA,NA,NA,NA,NA,0.77,NA,1.58,NA,NA,NA,0.14,26,NA,NA,NA,382.96,NA,NA,NA,NA,NA,NA,NA,NA,NA,NA,NA,NA,NA,NA,NA,NA,NA,NA,32,NA,NA,27,"San Francisco 49ers",33,"Los Angeles Rams","LA",27,"San Francisco 49ers","SF","WEEKLY",0.26,1
