"player","pos","team","games","pass_att","pass_comp","pass_yds","pass_yds_g","pass_tds","pass_int","pass_rate","rush_att","rush_yds","rush_avg","rush_tds","fumbles_lost","site_pts","site_fppg","src_id","data_src","id","source","position_asked","rec_tgt","rec","rec_yds","rec_yds_g","rec_avg","rec_tds","fg","fg_att","fg_0019","fg_att_0019","fg_2029","fg_att_2029","fg_3039","fg_att_3039","fg_4049","fg_att_4049","fg_50","fg_att_50","xp","xp_att","dst_int","dst_safety","dst_sacks","dst_tackles","dst_fum_rec","dst_fum_force","dst_td","dst_pts_allowed","dst_pts_allowed_g","dst_pass_yds_allowed","dst_rush_yds_allowed","dst_yds_allowed","dst_avg_yds_allowed","dst_fumbles","fg_50_att","fg_4049_att","fg_0039","fg_att_39","bye","opp","draft_rank","pass_comp_pct","pct_owned","misc_tds","misc_yds","fg_pct","xp_pct","idp_solo","pos_rank","overall_rank","opp_def_rank","team_id","team_name","home_team_id","home_team","home_abbr","away_team_id","away_team","away_abbr","proj_type","fumblesRecovered","opponentOffensiveRank"
"Dak Prescott","QB","DAL",1,36.8,25.6,283,283,2.3,0.5,107.3,3.4,13.9,4.1,0.1,0.1,25.8,25.8,"1824864","CBS","12620","CBS","QB",NA,NA,NA,NA,NA,NA,NA,NA,NA,NA,NA,NA,NA,NA,NA,NA,NA,NA,NA,NA,NA,NA,NA,NA,NA,NA,NA,NA,NA,NA,NA,NA,NA,NA,NA,NA,NA,NA,NA,NA,NA,NA,NA,NA,NA,NA,NA,NA,NA,NA,NA,NA,NA,NA,NA,NA,NA,NA,NA,NA,NA,NA
"Jared Goff","QB","DET",1,33.1,23.4,283,283,2.4,0.5,114.5,1.7,3.4,2,0,0.2,24.6,24.6,"2061053","CBS","12611","CBS","QB",NA,NA,NA,NA,NA,NA,NA,NA,NA,NA,NA,NA,NA,NA,NA,NA,NA,NA,NA,NA,NA,NA,NA,NA,NA,NA,NA,NA,NA,NA,NA,NA,NA,NA,NA,NA,NA,NA,NA,NA,NA,NA,NA,NA,NA,NA,NA,NA,NA,NA,NA,NA,NA,NA,NA,NA,NA,NA,NA,NA,NA,NA
"Jayden Daniels","QB","WAS",1,29.9,18.4,201,201,1.7,0.6,92,7.7,53.7,7,0.3,0.1,23.9,23.9,"3123337","CBS","16581","CBS","QB",NA,NA,NA,NA,NA,NA,NA,NA,NA,NA,NA,NA,NA,NA,NA,NA,NA,NA,NA,NA,NA,NA,NA,NA,NA,NA,NA,NA,NA,NA,NA,NA,NA,NA,NA,NA,NA,NA,NA,NA,NA,NA,NA,NA,NA,NA,NA,NA,NA,NA,NA,NA,NA,NA,NA,NA,NA,NA,NA,NA,NA,NA
"Joe Burrow","QB","CIN",1,37.3,27.8,273,273,2,0.6,105.9,2.4,11.2,4.7,0.2,0.1,23.8,23.8,"2179798","CBS","14777","CBS","QB",NA,NA,NA,NA,NA,NA,NA,NA,NA,NA,NA,NA,NA,NA,NA,NA,NA,NA,NA,NA,NA,NA,NA,NA,NA,NA,NA,NA,NA,NA,NA,NA,NA,NA,NA,NA,NA,NA,NA,NA,NA,NA,NA,NA,NA,NA,NA,NA,NA,NA,NA,NA,NA,NA,NA,NA,NA,NA,NA,NA,NA,NA
"C.J. Stroud","QB","HOU",1,33.8,22.7,264,264,1.8,0.5,102.2,2.9,13.9,4.8,0.1,0.3,21.6,21.6,"3163079","CBS","16150","CBS","QB",NA,NA,NA,NA,NA,NA,NA,NA,NA,NA,NA,NA,NA,NA,NA,NA,NA,NA,NA,NA,NA,NA,NA,NA,NA,NA,NA,NA,NA,NA,NA,NA,NA,NA,NA,NA,NA,NA,NA,NA,NA,NA,NA,NA,NA,NA,NA,NA,NA,NA,NA,NA,NA,NA,NA,NA,NA,NA,NA,NA,NA,NA
"Josh Allen","QB","BUF",1,29.1,18.5,199,199,1.5,0.9,87.9,7.7,32.9,4.3,0.6,0.2,21.5,21.5,"2181054","CBS","13589","CBS","QB",NA,NA,NA,NA,NA,NA,NA,NA,NA,NA,NA,NA,NA,NA,NA,NA,NA,NA,NA,NA,NA,NA,NA,NA,NA,NA,NA,NA,NA,NA,NA,NA,NA,NA,NA,NA,NA,NA,NA,NA,NA,NA,NA,NA,NA,NA,NA,NA,NA,NA,NA,NA,NA,NA,NA,NA,NA,NA,NA,NA,NA,NA
"Matthew Stafford","QB","LAR",1,35.8,21.7,257,257,2.1,0.7,93.9,2,2.9,1.5,0,0.1,21.4,21.4,"1114942","CBS","9431","CBS","QB",NA,NA,NA,NA,NA,NA,NA,NA,NA,NA,NA,NA,NA,NA,NA,NA,NA,NA,NA,NA,NA,NA,NA,NA,NA,NA,NA,NA,NA,NA,NA,NA,NA,NA,NA,NA,NA,NA,NA,NA,NA,NA,NA,NA,NA,NA,NA,NA,NA,NA,NA,NA,NA,NA,NA,NA,NA,NA,NA,NA,NA,NA
"Drake Maye","QB","NE",1,27.7,18.9,227,227,1.7,0.8,101.5,5.8,31.2,5.4,0.2,0.3,21.3,21.3,"26695757","CBS","16580","CBS","QB",NA,NA,NA,NA,NA,NA,NA,NA,NA,NA,NA,NA,NA,NA,NA,NA,NA,NA,NA,NA,NA,NA,NA,NA,NA,NA,NA,NA,NA,NA,NA,NA,NA,NA,NA,NA,NA,NA,NA,NA,NA,NA,NA,NA,NA,NA,NA,NA,NA,NA,NA,NA,NA,NA,NA,NA,NA,NA,NA,NA,NA,NA
"Jacoby Brissett","QB","ARI",1,35,23.2,238,238,1.8,0.7,94.5,3.7,13.8,3.7,0.2,0.2,21,21,"1877247","CBS","12616","CBS","QB",NA,NA,NA,NA,NA,NA,NA,NA,NA,NA,NA,NA,NA,NA,NA,NA,NA,NA,NA,NA,NA,NA,NA,NA,NA,NA,NA,NA,NA,NA,NA,NA,NA,NA,NA,NA,NA,NA,NA,NA,NA,NA,NA,NA,NA,NA,NA,NA,NA,NA,NA,NA,NA,NA,NA,NA,NA,NA,NA,NA,NA,NA
"Jalon Daniels","QB","TB",1,32,21.5,233,233,1.5,0.8,93.6,4.7,29.9,6.4,0.2,0.2,20.4,20.4,"3166688","CBS","17469","CBS","QB",NA,NA,NA,NA,NA,NA,NA,NA,NA,NA,NA,NA,NA,NA,NA,NA,NA,NA,NA,NA,NA,NA,NA,NA,NA,NA,NA,NA,NA,NA,NA,NA,NA,NA,NA,NA,NA,NA,NA,NA,NA,NA,NA,NA,NA,NA,NA,NA,NA,NA,NA,NA,NA,NA,NA,NA,NA,NA,NA,NA,NA,NA
"Jordan Love","QB","GB",1,32.6,20.6,265,265,1.8,0.8,96.8,2.1,6.9,3.3,0,0.1,20.2,20.2,"2239997","CBS","14782","CBS","QB",NA,NA,NA,NA,NA,NA,NA,NA,NA,NA,NA,NA,NA,NA,NA,NA,NA,NA,NA,NA,NA,NA,NA,NA,NA,NA,NA,NA,NA,NA,NA,NA,NA,NA,NA,NA,NA,NA,NA,NA,NA,NA,NA,NA,NA,NA,NA,NA,NA,NA,NA,NA,NA,NA,NA,NA,NA,NA,NA,NA,NA,NA
"Malik Willis","QB","MIA",1,25.2,17.1,195,195,1.3,0.8,94.8,8.7,48.4,5.6,0.3,0.3,20,20,"2804167","CBS","15694","CBS","QB",NA,NA,NA,NA,NA,NA,NA,NA,NA,NA,NA,NA,NA,NA,NA,NA,NA,NA,NA,NA,NA,NA,NA,NA,NA,NA,NA,NA,NA,NA,NA,NA,NA,NA,NA,NA,NA,NA,NA,NA,NA,NA,NA,NA,NA,NA,NA,NA,NA,NA,NA,NA,NA,NA,NA,NA,NA,NA,NA,NA,NA,NA
"Trevor Lawrence","QB","JAC",1,30.3,17.8,202,202,1.7,0.8,86.5,4,15.7,3.9,0.3,0.1,19.7,19.7,"2967185","CBS","15237","CBS","QB",NA,NA,NA,NA,NA,NA,NA,NA,NA,NA,NA,NA,NA,NA,NA,NA,NA,NA,NA,NA,NA,NA,NA,NA,NA,NA,NA,NA,NA,NA,NA,NA,NA,NA,NA,NA,NA,NA,NA,NA,NA,NA,NA,NA,NA,NA,NA,NA,NA,NA,NA,NA,NA,NA,NA,NA,NA,NA,NA,NA,NA,NA
"Sam Darnold","QB","SEA",1,29,20.4,230,230,1.9,0.7,105.5,2.8,7.1,2.5,0,0.3,19.3,19.3,"2180320","CBS","13592","CBS","QB",NA,NA,NA,NA,NA,NA,NA,NA,NA,NA,NA,NA,NA,NA,NA,NA,NA,NA,NA,NA,NA,NA,NA,NA,NA,NA,NA,NA,NA,NA,NA,NA,NA,NA,NA,NA,NA,NA,NA,NA,NA,NA,NA,NA,NA,NA,NA,NA,NA,NA,NA,NA,NA,NA,NA,NA,NA,NA,NA,NA,NA,NA
"Kyler Murray","QB","MIN",1,27,17.5,195,195,1.6,1.1,89,3.8,20.8,5.5,0.2,0.1,18.2,18.2,"2180829","CBS","14056","CBS","QB",NA,NA,NA,NA,NA,NA,NA,NA,NA,NA,NA,NA,NA,NA,NA,NA,NA,NA,NA,NA,NA,NA,NA,NA,NA,NA,NA,NA,NA,NA,NA,NA,NA,NA,NA,NA,NA,NA,NA,NA,NA,NA,NA,NA,NA,NA,NA,NA,NA,NA,NA,NA,NA,NA,NA,NA,NA,NA,NA,NA,NA,NA
"Brock Purdy","QB","SF",1,31.9,21.4,212,212,1.4,0.9,88.6,5.2,21.7,4.2,0.2,0.2,17.9,17.9,"2961306","CBS","15698","CBS","QB",NA,NA,NA,NA,NA,NA,NA,NA,NA,NA,NA,NA,NA,NA,NA,NA,NA,NA,NA,NA,NA,NA,NA,NA,NA,NA,NA,NA,NA,NA,NA,NA,NA,NA,NA,NA,NA,NA,NA,NA,NA,NA,NA,NA,NA,NA,NA,NA,NA,NA,NA,NA,NA,NA,NA,NA,NA,NA,NA,NA,NA,NA
"Bo Nix","QB","DEN",1,32.3,19.1,199,199,1.4,0.7,82.4,3.8,15.2,4,0.2,0.1,17.4,17.4,"3121193","CBS","16582","CBS","QB",NA,NA,NA,NA,NA,NA,NA,NA,NA,NA,NA,NA,NA,NA,NA,NA,NA,NA,NA,NA,NA,NA,NA,NA,NA,NA,NA,NA,NA,NA,NA,NA,NA,NA,NA,NA,NA,NA,NA,NA,NA,NA,NA,NA,NA,NA,NA,NA,NA,NA,NA,NA,NA,NA,NA,NA,NA,NA,NA,NA,NA,NA
"Daniel Jones","QB","IND",1,31.6,20.2,229,229,1.5,0.8,90.8,2.7,7.7,2.9,0.1,0.2,17.4,17.4,"2179245","CBS","14059","CBS","QB",NA,NA,NA,NA,NA,NA,NA,NA,NA,NA,NA,NA,NA,NA,NA,NA,NA,NA,NA,NA,NA,NA,NA,NA,NA,NA,NA,NA,NA,NA,NA,NA,NA,NA,NA,NA,NA,NA,NA,NA,NA,NA,NA,NA,NA,NA,NA,NA,NA,NA,NA,NA,NA,NA,NA,NA,NA,NA,NA,NA,NA,NA
"Tyler Shough","QB","NO",1,34.5,22,217,217,1.3,0.8,84.3,4.3,18.1,4.2,0.2,0.3,17.2,17.2,"2964064","CBS","17039","CBS","QB",NA,NA,NA,NA,NA,NA,NA,NA,NA,NA,NA,NA,NA,NA,NA,NA,NA,NA,NA,NA,NA,NA,NA,NA,NA,NA,NA,NA,NA,NA,NA,NA,NA,NA,NA,NA,NA,NA,NA,NA,NA,NA,NA,NA,NA,NA,NA,NA,NA,NA,NA,NA,NA,NA,NA,NA,NA,NA,NA,NA,NA,NA
"Tyler Huntley","QB","BAL",1,24,14.1,175,175,1.4,0.6,90.5,4.3,25,5.8,0.1,0.1,17.1,17.1,"3159137","CBS","14789","CBS","QB",NA,NA,NA,NA,NA,NA,NA,NA,NA,NA,NA,NA,NA,NA,NA,NA,NA,NA,NA,NA,NA,NA,NA,NA,NA,NA,NA,NA,NA,NA,NA,NA,NA,NA,NA,NA,NA,NA,NA,NA,NA,NA,NA,NA,NA,NA,NA,NA,NA,NA,NA,NA,NA,NA,NA,NA,NA,NA,NA,NA,NA,NA
"Tyson Bagent","QB","CHI",1,31,19.5,207,207,1.5,0.5,91.7,2.4,6.8,2.8,0,0,16.8,16.8,"29081346","CBS","16384","CBS","QB",NA,NA,NA,NA,NA,NA,NA,NA,NA,NA,NA,NA,NA,NA,NA,NA,NA,NA,NA,NA,NA,NA,NA,NA,NA,NA,NA,NA,NA,NA,NA,NA,NA,NA,NA,NA,NA,NA,NA,NA,NA,NA,NA,NA,NA,NA,NA,NA,NA,NA,NA,NA,NA,NA,NA,NA,NA,NA,NA,NA,NA,NA
"Aaron Rodgers","QB","PIT",1,29.5,18.6,207,207,1.5,0.5,93.8,1.3,3.5,2.7,0.1,0.2,16.7,16.7,"419780","CBS","7836","CBS","QB",NA,NA,NA,NA,NA,NA,NA,NA,NA,NA,NA,NA,NA,NA,NA,NA,NA,NA,NA,NA,NA,NA,NA,NA,NA,NA,NA,NA,NA,NA,NA,NA,NA,NA,NA,NA,NA,NA,NA,NA,NA,NA,NA,NA,NA,NA,NA,NA,NA,NA,NA,NA,NA,NA,NA,NA,NA,NA,NA,NA,NA,NA
"Michael Penix Jr.","QB","ATL",1,30.2,18.7,218,218,1.5,0.8,89.3,1.8,2.8,1.6,0,0.2,15.9,15.9,"2963496","CBS","16583","CBS","QB",NA,NA,NA,NA,NA,NA,NA,NA,NA,NA,NA,NA,NA,NA,NA,NA,NA,NA,NA,NA,NA,NA,NA,NA,NA,NA,NA,NA,NA,NA,NA,NA,NA,NA,NA,NA,NA,NA,NA,NA,NA,NA,NA,NA,NA,NA,NA,NA,NA,NA,NA,NA,NA,NA,NA,NA,NA,NA,NA,NA,NA,NA
"Geno Smith","QB","NYJ",1,27.9,17.3,176,176,1.6,0.9,85.7,3.9,13.5,3.5,0,0.2,15.7,15.7,"1700358","CBS","11150","CBS","QB",NA,NA,NA,NA,NA,NA,NA,NA,NA,NA,NA,NA,NA,NA,NA,NA,NA,NA,NA,NA,NA,NA,NA,NA,NA,NA,NA,NA,NA,NA,NA,NA,NA,NA,NA,NA,NA,NA,NA,NA,NA,NA,NA,NA,NA,NA,NA,NA,NA,NA,NA,NA,NA,NA,NA,NA,NA,NA,NA,NA,NA,NA
"Deshaun Watson","QB","CLE",1,30.1,18.4,185,185,1.3,1.2,76.4,6.4,26.7,4.2,0.1,0.3,15.4,15.4,"2133482","CBS","13113","CBS","QB",NA,NA,NA,NA,NA,NA,NA,NA,NA,NA,NA,NA,NA,NA,NA,NA,NA,NA,NA,NA,NA,NA,NA,NA,NA,NA,NA,NA,NA,NA,NA,NA,NA,NA,NA,NA,NA,NA,NA,NA,NA,NA,NA,NA,NA,NA,NA,NA,NA,NA,NA,NA,NA,NA,NA,NA,NA,NA,NA,NA,NA,NA
"Justin Herbert","QB","LAC",1,30.6,18,190,190,1.2,1.1,75.1,4.8,26.5,5.5,0.1,0.2,15.4,15.4,"2221960","CBS","14779","CBS","QB",NA,NA,NA,NA,NA,NA,NA,NA,NA,NA,NA,NA,NA,NA,NA,NA,NA,NA,NA,NA,NA,NA,NA,NA,NA,NA,NA,NA,NA,NA,NA,NA,NA,NA,NA,NA,NA,NA,NA,NA,NA,NA,NA,NA,NA,NA,NA,NA,NA,NA,NA,NA,NA,NA,NA,NA,NA,NA,NA,NA,NA,NA
"Jalen Hurts","QB","PHI",1,28,16.8,173,173,0.9,0.6,79.6,6.4,24.7,3.9,0.3,0.2,14.9,14.9,"2240246","CBS","14783","CBS","QB",NA,NA,NA,NA,NA,NA,NA,NA,NA,NA,NA,NA,NA,NA,NA,NA,NA,NA,NA,NA,NA,NA,NA,NA,NA,NA,NA,NA,NA,NA,NA,NA,NA,NA,NA,NA,NA,NA,NA,NA,NA,NA,NA,NA,NA,NA,NA,NA,NA,NA,NA,NA,NA,NA,NA,NA,NA,NA,NA,NA,NA,NA
"Cam Ward","QB","TEN",1,30,17.1,178,178,1.1,0.6,78.2,2.6,10,3.9,0.2,0.2,14.3,14.3,"3168422","CBS","17030","CBS","QB",NA,NA,NA,NA,NA,NA,NA,NA,NA,NA,NA,NA,NA,NA,NA,NA,NA,NA,NA,NA,NA,NA,NA,NA,NA,NA,NA,NA,NA,NA,NA,NA,NA,NA,NA,NA,NA,NA,NA,NA,NA,NA,NA,NA,NA,NA,NA,NA,NA,NA,NA,NA,NA,NA,NA,NA,NA,NA,NA,NA,NA,NA
"Kirk Cousins","QB","LV",1,31.3,21.3,197,197,1.4,0.9,87.9,1.8,1.6,0.9,0,0.1,14.3,14.3,"1272574","CBS","10700","CBS","QB",NA,NA,NA,NA,NA,NA,NA,NA,NA,NA,NA,NA,NA,NA,NA,NA,NA,NA,NA,NA,NA,NA,NA,NA,NA,NA,NA,NA,NA,NA,NA,NA,NA,NA,NA,NA,NA,NA,NA,NA,NA,NA,NA,NA,NA,NA,NA,NA,NA,NA,NA,NA,NA,NA,NA,NA,NA,NA,NA,NA,NA,NA
"Jameis Winston","QB","NYG",1,26.2,15.5,183,183,1.3,1,81.1,1.8,7.8,4.3,0.1,0.1,14.2,14.2,"1998197","CBS","12140","CBS","QB",NA,NA,NA,NA,NA,NA,NA,NA,NA,NA,NA,NA,NA,NA,NA,NA,NA,NA,NA,NA,NA,NA,NA,NA,NA,NA,NA,NA,NA,NA,NA,NA,NA,NA,NA,NA,NA,NA,NA,NA,NA,NA,NA,NA,NA,NA,NA,NA,NA,NA,NA,NA,NA,NA,NA,NA,NA,NA,NA,NA,NA,NA
"Ty Simpson","QB","LAR",1,3.6,2.2,25.8,25.8,0.2,0.1,89.8,0.4,2.1,5.3,0,0,2.2,2.2,"28878532","CBS","17463","CBS","QB",NA,NA,NA,NA,NA,NA,NA,NA,NA,NA,NA,NA,NA,NA,NA,NA,NA,NA,NA,NA,NA,NA,NA,NA,NA,NA,NA,NA,NA,NA,NA,NA,NA,NA,NA,NA,NA,NA,NA,NA,NA,NA,NA,NA,NA,NA,NA,NA,NA,NA,NA,NA,NA,NA,NA,NA,NA,NA,NA,NA,NA,NA
"Case Keenum","QB","CHI",1,3.5,2.2,23.4,23.4,0.2,0.1,89.5,0.2,1.1,5.5,0,0,2,2,"1137118","CBS","10948","CBS","QB",NA,NA,NA,NA,NA,NA,NA,NA,NA,NA,NA,NA,NA,NA,NA,NA,NA,NA,NA,NA,NA,NA,NA,NA,NA,NA,NA,NA,NA,NA,NA,NA,NA,NA,NA,NA,NA,NA,NA,NA,NA,NA,NA,NA,NA,NA,NA,NA,NA,NA,NA,NA,NA,NA,NA,NA,NA,NA,NA,NA,NA,NA
"J.J. McCarthy","QB","NYG",1,2.9,1.7,20.4,20.4,0.1,0.1,77.4,0.4,1.8,4.5,0,0,1.3,1.3,"26695214","CBS","16584","CBS","QB",NA,NA,NA,NA,NA,NA,NA,NA,NA,NA,NA,NA,NA,NA,NA,NA,NA,NA,NA,NA,NA,NA,NA,NA,NA,NA,NA,NA,NA,NA,NA,NA,NA,NA,NA,NA,NA,NA,NA,NA,NA,NA,NA,NA,NA,NA,NA,NA,NA,NA,NA,NA,NA,NA,NA,NA,NA,NA,NA,NA,NA,NA
"Tyrod Taylor","QB","GB",1,1.3,0.8,10.8,10.8,0.1,0,113.6,0.2,1.1,5.5,0,0,1.1,1.1,"1243338","CBS","10413","CBS","QB",NA,NA,NA,NA,NA,NA,NA,NA,NA,NA,NA,NA,NA,NA,NA,NA,NA,NA,NA,NA,NA,NA,NA,NA,NA,NA,NA,NA,NA,NA,NA,NA,NA,NA,NA,NA,NA,NA,NA,NA,NA,NA,NA,NA,NA,NA,NA,NA,NA,NA,NA,NA,NA,NA,NA,NA,NA,NA,NA,NA,NA,NA
"Davis Mills","QB","HOU",1,1.4,0.9,10.8,10.8,0.1,0,111.6,0.3,1,3.3,0,0,1.1,1.1,"2867381","CBS","15252","CBS","QB",NA,NA,NA,NA,NA,NA,NA,NA,NA,NA,NA,NA,NA,NA,NA,NA,NA,NA,NA,NA,NA,NA,NA,NA,NA,NA,NA,NA,NA,NA,NA,NA,NA,NA,NA,NA,NA,NA,NA,NA,NA,NA,NA,NA,NA,NA,NA,NA,NA,NA,NA,NA,NA,NA,NA,NA,NA,NA,NA,NA,NA,NA
"Joe Flacco","QB","CIN",1,1.5,1.1,11.1,11.1,0.1,0,116.2,0.2,0.9,4.5,0,0,1,1,"1250697","CBS","9064","CBS","QB",NA,NA,NA,NA,NA,NA,NA,NA,NA,NA,NA,NA,NA,NA,NA,NA,NA,NA,NA,NA,NA,NA,NA,NA,NA,NA,NA,NA,NA,NA,NA,NA,NA,NA,NA,NA,NA,NA,NA,NA,NA,NA,NA,NA,NA,NA,NA,NA,NA,NA,NA,NA,NA,NA,NA,NA,NA,NA,NA,NA,NA,NA
"Stetson Bennett","QB","LAR",1,1.3,0.8,8.8,8.8,0.1,0,107.2,0.2,1.4,7,0,0,1,1,"2871628","CBS","16153","CBS","QB",NA,NA,NA,NA,NA,NA,NA,NA,NA,NA,NA,NA,NA,NA,NA,NA,NA,NA,NA,NA,NA,NA,NA,NA,NA,NA,NA,NA,NA,NA,NA,NA,NA,NA,NA,NA,NA,NA,NA,NA,NA,NA,NA,NA,NA,NA,NA,NA,NA,NA,NA,NA,NA,NA,NA,NA,NA,NA,NA,NA,NA,NA
"Athan Kaliakmanis","QB","WAS",1,1.2,0.8,8.2,8.2,0.1,0,113.9,0.3,1.7,5.7,0,0,1,1,"26700919","CBS","17679","CBS","QB",NA,NA,NA,NA,NA,NA,NA,NA,NA,NA,NA,NA,NA,NA,NA,NA,NA,NA,NA,NA,NA,NA,NA,NA,NA,NA,NA,NA,NA,NA,NA,NA,NA,NA,NA,NA,NA,NA,NA,NA,NA,NA,NA,NA,NA,NA,NA,NA,NA,NA,NA,NA,NA,NA,NA,NA,NA,NA,NA,NA,NA,NA
"Anthony Richardson","QB","IND",1,1.3,0.8,9.6,9.6,0.1,0,109.8,0.3,1.1,3.7,0,0,1,1,"3163263","CBS","16152","CBS","QB",NA,NA,NA,NA,NA,NA,NA,NA,NA,NA,NA,NA,NA,NA,NA,NA,NA,NA,NA,NA,NA,NA,NA,NA,NA,NA,NA,NA,NA,NA,NA,NA,NA,NA,NA,NA,NA,NA,NA,NA,NA,NA,NA,NA,NA,NA,NA,NA,NA,NA,NA,NA,NA,NA,NA,NA,NA,NA,NA,NA,NA,NA
"Jarrett Stidham","QB","DEN",1,1.4,0.8,8.1,8.1,0.1,0,97.6,0.2,1.1,5.5,0,0,1,1,"2180697","CBS","14063","CBS","QB",NA,NA,NA,NA,NA,NA,NA,NA,NA,NA,NA,NA,NA,NA,NA,NA,NA,NA,NA,NA,NA,NA,NA,NA,NA,NA,NA,NA,NA,NA,NA,NA,NA,NA,NA,NA,NA,NA,NA,NA,NA,NA,NA,NA,NA,NA,NA,NA,NA,NA,NA,NA,NA,NA,NA,NA,NA,NA,NA,NA,NA,NA
"Sam Howell","QB","DAL",1,1.5,1,10.4,10.4,0.1,0,108.8,0.2,0.7,3.5,0,0,1,1,"3123797","CBS","15693","CBS","QB",NA,NA,NA,NA,NA,NA,NA,NA,NA,NA,NA,NA,NA,NA,NA,NA,NA,NA,NA,NA,NA,NA,NA,NA,NA,NA,NA,NA,NA,NA,NA,NA,NA,NA,NA,NA,NA,NA,NA,NA,NA,NA,NA,NA,NA,NA,NA,NA,NA,NA,NA,NA,NA,NA,NA,NA,NA,NA,NA,NA,NA,NA
"Carson Wentz","QB","MIN",1,1.1,0.7,8,8,0.1,0,115.7,0.3,1,3.3,0,0,1,1,"1907522","CBS","12610","CBS","QB",NA,NA,NA,NA,NA,NA,NA,NA,NA,NA,NA,NA,NA,NA,NA,NA,NA,NA,NA,NA,NA,NA,NA,NA,NA,NA,NA,NA,NA,NA,NA,NA,NA,NA,NA,NA,NA,NA,NA,NA,NA,NA,NA,NA,NA,NA,NA,NA,NA,NA,NA,NA,NA,NA,NA,NA,NA,NA,NA,NA,NA,NA
"Drew Lock","QB","SEA",1,1.2,0.8,9.2,9.2,0.1,0,117.4,0.3,1.1,3.7,0,0,1,1,"2185479","CBS","14057","CBS","QB",NA,NA,NA,NA,NA,NA,NA,NA,NA,NA,NA,NA,NA,NA,NA,NA,NA,NA,NA,NA,NA,NA,NA,NA,NA,NA,NA,NA,NA,NA,NA,NA,NA,NA,NA,NA,NA,NA,NA,NA,NA,NA,NA,NA,NA,NA,NA,NA,NA,NA,NA,NA,NA,NA,NA,NA,NA,NA,NA,NA,NA,NA
"Quinn Ewers","QB","JAC",1,1.2,0.7,8.2,8.2,0.1,0,106.9,0.3,1,3.3,0,0,1,1,"26746721","CBS","17034","CBS","QB",NA,NA,NA,NA,NA,NA,NA,NA,NA,NA,NA,NA,NA,NA,NA,NA,NA,NA,NA,NA,NA,NA,NA,NA,NA,NA,NA,NA,NA,NA,NA,NA,NA,NA,NA,NA,NA,NA,NA,NA,NA,NA,NA,NA,NA,NA,NA,NA,NA,NA,NA,NA,NA,NA,NA,NA,NA,NA,NA,NA,NA,NA
"Joshua Dobbs","QB","DET",1,1.4,1,11.9,11.9,0.1,0,120.8,0.3,0.6,2,0,0,1,1,"2071844","CBS","13119","CBS","QB",NA,NA,NA,NA,NA,NA,NA,NA,NA,NA,NA,NA,NA,NA,NA,NA,NA,NA,NA,NA,NA,NA,NA,NA,NA,NA,NA,NA,NA,NA,NA,NA,NA,NA,NA,NA,NA,NA,NA,NA,NA,NA,NA,NA,NA,NA,NA,NA,NA,NA,NA,NA,NA,NA,NA,NA,NA,NA,NA,NA,NA,NA
"Tua Tagovailoa","QB","ATL",1,1.2,0.8,8.9,8.9,0.1,0,116.3,0.3,1.3,4.3,0,0,1,1,"2741209","CBS","14778","CBS","QB",NA,NA,NA,NA,NA,NA,NA,NA,NA,NA,NA,NA,NA,NA,NA,NA,NA,NA,NA,NA,NA,NA,NA,NA,NA,NA,NA,NA,NA,NA,NA,NA,NA,NA,NA,NA,NA,NA,NA,NA,NA,NA,NA,NA,NA,NA,NA,NA,NA,NA,NA,NA,NA,NA,NA,NA,NA,NA,NA,NA,NA,NA
"Mac Jones","QB","SF",1,1.3,0.9,8.6,8.6,0.1,0,113,0.3,1,3.3,0,0,1,1,"2741202","CBS","15241","CBS","QB",NA,NA,NA,NA,NA,NA,NA,NA,NA,NA,NA,NA,NA,NA,NA,NA,NA,NA,NA,NA,NA,NA,NA,NA,NA,NA,NA,NA,NA,NA,NA,NA,NA,NA,NA,NA,NA,NA,NA,NA,NA,NA,NA,NA,NA,NA,NA,NA,NA,NA,NA,NA,NA,NA,NA,NA,NA,NA,NA,NA,NA,NA
"Lamar Jackson","QB","BAL",1,1,0.6,7.8,7.8,0.1,0,117.9,0.3,1.6,5.3,0,0,1,1,"2181169","CBS","13593","CBS","QB",NA,NA,NA,NA,NA,NA,NA,NA,NA,NA,NA,NA,NA,NA,NA,NA,NA,NA,NA,NA,NA,NA,NA,NA,NA,NA,NA,NA,NA,NA,NA,NA,NA,NA,NA,NA,NA,NA,NA,NA,NA,NA,NA,NA,NA,NA,NA,NA,NA,NA,NA,NA,NA,NA,NA,NA,NA,NA,NA,NA,NA,NA
"Spencer Rattler","QB","NO",1,1.4,0.9,8.7,8.7,0.1,0,105.4,0.2,0.8,4,0,0,0.9,0.9,"3125863","CBS","16586","CBS","QB",NA,NA,NA,NA,NA,NA,NA,NA,NA,NA,NA,NA,NA,NA,NA,NA,NA,NA,NA,NA,NA,NA,NA,NA,NA,NA,NA,NA,NA,NA,NA,NA,NA,NA,NA,NA,NA,NA,NA,NA,NA,NA,NA,NA,NA,NA,NA,NA,NA,NA,NA,NA,NA,NA,NA,NA,NA,NA,NA,NA,NA,NA
"Mason Rudolph","QB","PIT",1,1.3,0.8,9.2,9.2,0.1,0,108.5,0.2,0.9,4.5,0,0,0.9,0.9,"2131167","CBS","13595","CBS","QB",NA,NA,NA,NA,NA,NA,NA,NA,NA,NA,NA,NA,NA,NA,NA,NA,NA,NA,NA,NA,NA,NA,NA,NA,NA,NA,NA,NA,NA,NA,NA,NA,NA,NA,NA,NA,NA,NA,NA,NA,NA,NA,NA,NA,NA,NA,NA,NA,NA,NA,NA,NA,NA,NA,NA,NA,NA,NA,NA,NA,NA,NA
"Gardner Minshew","QB","ARI",1,1.4,0.9,9.7,9.7,0.1,0,108.3,0.2,0.9,4.5,0,0,0.9,0.9,"2183083","CBS","14067","CBS","QB",NA,NA,NA,NA,NA,NA,NA,NA,NA,NA,NA,NA,NA,NA,NA,NA,NA,NA,NA,NA,NA,NA,NA,NA,NA,NA,NA,NA,NA,NA,NA,NA,NA,NA,NA,NA,NA,NA,NA,NA,NA,NA,NA,NA,NA,NA,NA,NA,NA,NA,NA,NA,NA,NA,NA,NA,NA,NA,NA,NA,NA,NA
"Easton Stick","QB","IND",1,1,0.7,7.1,7.1,0.1,0,123.3,0.1,0.7,7,0,0,0.8,0.8,"2137911","CBS","14069","CBS","QB",NA,NA,NA,NA,NA,NA,NA,NA,NA,NA,NA,NA,NA,NA,NA,NA,NA,NA,NA,NA,NA,NA,NA,NA,NA,NA,NA,NA,NA,NA,NA,NA,NA,NA,NA,NA,NA,NA,NA,NA,NA,NA,NA,NA,NA,NA,NA,NA,NA,NA,NA,NA,NA,NA,NA,NA,NA,NA,NA,NA,NA,NA
"Joe Fagnano","QB","BAL",1,0.7,0.5,5.8,5.8,0.1,0,135.7,0.1,0.7,7,0,0,0.8,0.8,"3121127","CBS","17760","CBS","QB",NA,NA,NA,NA,NA,NA,NA,NA,NA,NA,NA,NA,NA,NA,NA,NA,NA,NA,NA,NA,NA,NA,NA,NA,NA,NA,NA,NA,NA,NA,NA,NA,NA,NA,NA,NA,NA,NA,NA,NA,NA,NA,NA,NA,NA,NA,NA,NA,NA,NA,NA,NA,NA,NA,NA,NA,NA,NA,NA,NA,NA,NA
"Cade Klubnik","QB","NYJ",1,0.8,0.5,5.4,5.4,0.1,0,121.9,0.1,0.5,5,0,0,0.8,0.8,"28874636","CBS","17467","CBS","QB",NA,NA,NA,NA,NA,NA,NA,NA,NA,NA,NA,NA,NA,NA,NA,NA,NA,NA,NA,NA,NA,NA,NA,NA,NA,NA,NA,NA,NA,NA,NA,NA,NA,NA,NA,NA,NA,NA,NA,NA,NA,NA,NA,NA,NA,NA,NA,NA,NA,NA,NA,NA,NA,NA,NA,NA,NA,NA,NA,NA,NA,NA
"Shedeur Sanders","QB","CLE",1,1.2,0.8,7.5,7.5,0.1,0.1,76.7,0.2,0.9,4.5,0,0,0.7,0.7,"26710004","CBS","17031","CBS","QB",NA,NA,NA,NA,NA,NA,NA,NA,NA,NA,NA,NA,NA,NA,NA,NA,NA,NA,NA,NA,NA,NA,NA,NA,NA,NA,NA,NA,NA,NA,NA,NA,NA,NA,NA,NA,NA,NA,NA,NA,NA,NA,NA,NA,NA,NA,NA,NA,NA,NA,NA,NA,NA,NA,NA,NA,NA,NA,NA,NA,NA,NA
"Tommy DeVito","QB","NE",1,1.1,0.8,9.3,9.3,0,0,97.9,0.3,1.2,4,0,0,0.4,0.4,"2865426","CBS","16441","CBS","QB",NA,NA,NA,NA,NA,NA,NA,NA,NA,NA,NA,NA,NA,NA,NA,NA,NA,NA,NA,NA,NA,NA,NA,NA,NA,NA,NA,NA,NA,NA,NA,NA,NA,NA,NA,NA,NA,NA,NA,NA,NA,NA,NA,NA,NA,NA,NA,NA,NA,NA,NA,NA,NA,NA,NA,NA,NA,NA,NA,NA,NA,NA
"Fernando Mendoza","QB","LV",1,1,0.7,6,6,0,0,85.4,0.1,0.5,5,0,0,0.2,0.2,"28916321","CBS","17462","CBS","QB",NA,NA,NA,NA,NA,NA,NA,NA,NA,NA,NA,NA,NA,NA,NA,NA,NA,NA,NA,NA,NA,NA,NA,NA,NA,NA,NA,NA,NA,NA,NA,NA,NA,NA,NA,NA,NA,NA,NA,NA,NA,NA,NA,NA,NA,NA,NA,NA,NA,NA,NA,NA,NA,NA,NA,NA,NA,NA,NA,NA,NA,NA
"Mitch Trubisky","QB","TEN",1,1.2,0.6,6.5,6.5,0,0,66.3,0.2,0.6,3,0,0,0.2,0.2,"2060476","CBS","13115","CBS","QB",NA,NA,NA,NA,NA,NA,NA,NA,NA,NA,NA,NA,NA,NA,NA,NA,NA,NA,NA,NA,NA,NA,NA,NA,NA,NA,NA,NA,NA,NA,NA,NA,NA,NA,NA,NA,NA,NA,NA,NA,NA,NA,NA,NA,NA,NA,NA,NA,NA,NA,NA,NA,NA,NA,NA,NA,NA,NA,NA,NA,NA,NA
"Kyle McCord","QB","MIA",1,0.8,0.5,5.8,5.8,0,0,84.4,0.1,0.6,6,0,0,0.2,0.2,"26702687","CBS","17038","CBS","QB",NA,NA,NA,NA,NA,NA,NA,NA,NA,NA,NA,NA,NA,NA,NA,NA,NA,NA,NA,NA,NA,NA,NA,NA,NA,NA,NA,NA,NA,NA,NA,NA,NA,NA,NA,NA,NA,NA,NA,NA,NA,NA,NA,NA,NA,NA,NA,NA,NA,NA,NA,NA,NA,NA,NA,NA,NA,NA,NA,NA,NA,NA
"Kyle Allen","QB","BUF",1,1,0.5,5.3,5.3,0,0,65.8,0.1,0.1,1,0,0,0.2,0.2,"2131782","CBS","13879","CBS","QB",NA,NA,NA,NA,NA,NA,NA,NA,NA,NA,NA,NA,NA,NA,NA,NA,NA,NA,NA,NA,NA,NA,NA,NA,NA,NA,NA,NA,NA,NA,NA,NA,NA,NA,NA,NA,NA,NA,NA,NA,NA,NA,NA,NA,NA,NA,NA,NA,NA,NA,NA,NA,NA,NA,NA,NA,NA,NA,NA,NA,NA,NA
"Trey Lance","QB","LAC",1,1.2,0.7,7.5,7.5,0,0.1,42,0.3,1.2,4,0,0,0.2,0.2,"2969444","CBS","15240","CBS","QB",NA,NA,NA,NA,NA,NA,NA,NA,NA,NA,NA,NA,NA,NA,NA,NA,NA,NA,NA,NA,NA,NA,NA,NA,NA,NA,NA,NA,NA,NA,NA,NA,NA,NA,NA,NA,NA,NA,NA,NA,NA,NA,NA,NA,NA,NA,NA,NA,NA,NA,NA,NA,NA,NA,NA,NA,NA,NA,NA,NA,NA,NA
"Andy Dalton","QB","PHI",1,1.1,0.7,7.2,7.2,0,0,82.4,0.3,1.1,3.7,0,0.1,0.1,0.1,"1125961","CBS","10313","CBS","QB",NA,NA,NA,NA,NA,NA,NA,NA,NA,NA,NA,NA,NA,NA,NA,NA,NA,NA,NA,NA,NA,NA,NA,NA,NA,NA,NA,NA,NA,NA,NA,NA,NA,NA,NA,NA,NA,NA,NA,NA,NA,NA,NA,NA,NA,NA,NA,NA,NA,NA,NA,NA,NA,NA,NA,NA,NA,NA,NA,NA,NA,NA
"Jahmyr Gibbs","RB","DET",1,NA,NA,NA,NA,NA,NA,NA,18.2,88.8,4.9,1.2,0.1,22.5,22.5,"3162723","CBS","16162","CBS","RB",5.8,4.6,43.1,43.1,9.4,0.4,NA,NA,NA,NA,NA,NA,NA,NA,NA,NA,NA,NA,NA,NA,NA,NA,NA,NA,NA,NA,NA,NA,NA,NA,NA,NA,NA,NA,NA,NA,NA,NA,NA,NA,NA,NA,NA,NA,NA,NA,NA,NA,NA,NA,NA,NA,NA,NA,NA,NA,NA,NA,NA,NA,NA,NA
"Bijan Robinson","RB","ATL",1,NA,NA,NA,NA,NA,NA,NA,18.7,92.5,5,0.6,0.1,18.2,18.2,"3168163","CBS","16161","CBS","RB",5.4,4.2,38.4,38.4,9.1,0.3,NA,NA,NA,NA,NA,NA,NA,NA,NA,NA,NA,NA,NA,NA,NA,NA,NA,NA,NA,NA,NA,NA,NA,NA,NA,NA,NA,NA,NA,NA,NA,NA,NA,NA,NA,NA,NA,NA,NA,NA,NA,NA,NA,NA,NA,NA,NA,NA,NA,NA,NA,NA,NA,NA,NA,NA
"Jonathan Taylor","RB","IND",1,NA,NA,NA,NA,NA,NA,NA,22,88,4,0.9,0.1,16.6,16.6,"2866395","CBS","14802","CBS","RB",3.4,2.5,20.9,20.9,8.4,0.1,NA,NA,NA,NA,NA,NA,NA,NA,NA,NA,NA,NA,NA,NA,NA,NA,NA,NA,NA,NA,NA,NA,NA,NA,NA,NA,NA,NA,NA,NA,NA,NA,NA,NA,NA,NA,NA,NA,NA,NA,NA,NA,NA,NA,NA,NA,NA,NA,NA,NA,NA,NA,NA,NA,NA,NA
"Derrick Henry","RB","BAL",1,NA,NA,NA,NA,NA,NA,NA,19.5,98.7,5.1,0.9,0.1,15.9,15.9,"2061188","CBS","12626","CBS","RB",1.4,1.2,9.4,9.4,7.8,0,NA,NA,NA,NA,NA,NA,NA,NA,NA,NA,NA,NA,NA,NA,NA,NA,NA,NA,NA,NA,NA,NA,NA,NA,NA,NA,NA,NA,NA,NA,NA,NA,NA,NA,NA,NA,NA,NA,NA,NA,NA,NA,NA,NA,NA,NA,NA,NA,NA,NA,NA,NA,NA,NA,NA,NA
"Kyren Williams","RB","LAR",1,NA,NA,NA,NA,NA,NA,NA,15.4,83,5.4,0.7,0.1,15.5,15.5,"3121836","CBS","15710","CBS","RB",3.3,2.7,20.9,20.9,7.7,0.2,NA,NA,NA,NA,NA,NA,NA,NA,NA,NA,NA,NA,NA,NA,NA,NA,NA,NA,NA,NA,NA,NA,NA,NA,NA,NA,NA,NA,NA,NA,NA,NA,NA,NA,NA,NA,NA,NA,NA,NA,NA,NA,NA,NA,NA,NA,NA,NA,NA,NA,NA,NA,NA,NA,NA,NA
"Javonte Williams","RB","DAL",1,NA,NA,NA,NA,NA,NA,NA,15.7,64.3,4.1,0.9,0.1,14.3,14.3,"2961719","CBS","15256","CBS","RB",3.9,2.9,15.2,15.2,5.2,0.2,NA,NA,NA,NA,NA,NA,NA,NA,NA,NA,NA,NA,NA,NA,NA,NA,NA,NA,NA,NA,NA,NA,NA,NA,NA,NA,NA,NA,NA,NA,NA,NA,NA,NA,NA,NA,NA,NA,NA,NA,NA,NA,NA,NA,NA,NA,NA,NA,NA,NA,NA,NA,NA,NA,NA,NA
"D'Andre Swift","RB","CHI",1,NA,NA,NA,NA,NA,NA,NA,18.3,80,4.4,0.6,0.2,13.9,13.9,"2871710","CBS","14797","CBS","RB",3.1,2.5,21.3,21.3,8.5,0.1,NA,NA,NA,NA,NA,NA,NA,NA,NA,NA,NA,NA,NA,NA,NA,NA,NA,NA,NA,NA,NA,NA,NA,NA,NA,NA,NA,NA,NA,NA,NA,NA,NA,NA,NA,NA,NA,NA,NA,NA,NA,NA,NA,NA,NA,NA,NA,NA,NA,NA,NA,NA,NA,NA,NA,NA
"Chase Brown","RB","CIN",1,NA,NA,NA,NA,NA,NA,NA,14.2,58.2,4.1,0.5,0.1,13.7,13.7,"2965160","CBS","16181","CBS","RB",7.3,6,33.4,33.4,5.6,0.3,NA,NA,NA,NA,NA,NA,NA,NA,NA,NA,NA,NA,NA,NA,NA,NA,NA,NA,NA,NA,NA,NA,NA,NA,NA,NA,NA,NA,NA,NA,NA,NA,NA,NA,NA,NA,NA,NA,NA,NA,NA,NA,NA,NA,NA,NA,NA,NA,NA,NA,NA,NA,NA,NA,NA,NA
"Jaylen Warren","RB","PIT",1,NA,NA,NA,NA,NA,NA,NA,15.2,65.8,4.3,0.5,0.1,12.5,12.5,"3126535","CBS","15742","CBS","RB",3.7,2.8,26.6,26.6,9.5,0.1,NA,NA,NA,NA,NA,NA,NA,NA,NA,NA,NA,NA,NA,NA,NA,NA,NA,NA,NA,NA,NA,NA,NA,NA,NA,NA,NA,NA,NA,NA,NA,NA,NA,NA,NA,NA,NA,NA,NA,NA,NA,NA,NA,NA,NA,NA,NA,NA,NA,NA,NA,NA,NA,NA,NA,NA
"James Cook III","RB","BUF",1,NA,NA,NA,NA,NA,NA,NA,17.4,88.9,5.1,0.4,0.2,12.5,12.5,"2975698","CBS","15715","CBS","RB",2.2,1.6,11,11,6.9,0.1,NA,NA,NA,NA,NA,NA,NA,NA,NA,NA,NA,NA,NA,NA,NA,NA,NA,NA,NA,NA,NA,NA,NA,NA,NA,NA,NA,NA,NA,NA,NA,NA,NA,NA,NA,NA,NA,NA,NA,NA,NA,NA,NA,NA,NA,NA,NA,NA,NA,NA,NA,NA,NA,NA,NA,NA
"Bhayshul Tuten","RB","JAC",1,NA,NA,NA,NA,NA,NA,NA,17.4,70.6,4.1,0.6,0.1,12.1,12.1,"26732838","CBS","17052","CBS","RB",1.8,1.6,11,11,6.9,0.1,NA,NA,NA,NA,NA,NA,NA,NA,NA,NA,NA,NA,NA,NA,NA,NA,NA,NA,NA,NA,NA,NA,NA,NA,NA,NA,NA,NA,NA,NA,NA,NA,NA,NA,NA,NA,NA,NA,NA,NA,NA,NA,NA,NA,NA,NA,NA,NA,NA,NA,NA,NA,NA,NA,NA,NA
"Ashton Jeanty","RB","LV",1,NA,NA,NA,NA,NA,NA,NA,16.8,59.1,3.5,0.3,0.1,12,12,"28874008","CBS","17042","CBS","RB",5.3,4.1,27.7,27.7,6.8,0.3,NA,NA,NA,NA,NA,NA,NA,NA,NA,NA,NA,NA,NA,NA,NA,NA,NA,NA,NA,NA,NA,NA,NA,NA,NA,NA,NA,NA,NA,NA,NA,NA,NA,NA,NA,NA,NA,NA,NA,NA,NA,NA,NA,NA,NA,NA,NA,NA,NA,NA,NA,NA,NA,NA,NA,NA
"Cam Skattebo","RB","NYG",1,NA,NA,NA,NA,NA,NA,NA,14.8,63.3,4.3,0.5,0.1,11.9,11.9,"26697012","CBS","17045","CBS","RB",3,2.4,22.2,22.2,9.3,0.1,NA,NA,NA,NA,NA,NA,NA,NA,NA,NA,NA,NA,NA,NA,NA,NA,NA,NA,NA,NA,NA,NA,NA,NA,NA,NA,NA,NA,NA,NA,NA,NA,NA,NA,NA,NA,NA,NA,NA,NA,NA,NA,NA,NA,NA,NA,NA,NA,NA,NA,NA,NA,NA,NA,NA,NA
"Bucky Irving","RB","TB",1,NA,NA,NA,NA,NA,NA,NA,16.4,65.4,4,0.4,0.1,11.1,11.1,"26693770","CBS","16598","CBS","RB",3.1,2.7,18.9,18.9,7,0.1,NA,NA,NA,NA,NA,NA,NA,NA,NA,NA,NA,NA,NA,NA,NA,NA,NA,NA,NA,NA,NA,NA,NA,NA,NA,NA,NA,NA,NA,NA,NA,NA,NA,NA,NA,NA,NA,NA,NA,NA,NA,NA,NA,NA,NA,NA,NA,NA,NA,NA,NA,NA,NA,NA,NA,NA
"Aaron Jones","RB","MIN",1,NA,NA,NA,NA,NA,NA,NA,15.2,62.9,4.1,0.4,0.1,11,11,"2071937","CBS","13319","CBS","RB",3.9,2.6,20.2,20.2,7.8,0.1,NA,NA,NA,NA,NA,NA,NA,NA,NA,NA,NA,NA,NA,NA,NA,NA,NA,NA,NA,NA,NA,NA,NA,NA,NA,NA,NA,NA,NA,NA,NA,NA,NA,NA,NA,NA,NA,NA,NA,NA,NA,NA,NA,NA,NA,NA,NA,NA,NA,NA,NA,NA,NA,NA,NA,NA
"Jeremiyah Love","RB","ARI",1,NA,NA,NA,NA,NA,NA,NA,14.1,58.6,4.2,0.4,0.2,11,11,"29133405","CBS","17472","CBS","RB",3.9,3.1,20.9,20.9,6.7,0.2,NA,NA,NA,NA,NA,NA,NA,NA,NA,NA,NA,NA,NA,NA,NA,NA,NA,NA,NA,NA,NA,NA,NA,NA,NA,NA,NA,NA,NA,NA,NA,NA,NA,NA,NA,NA,NA,NA,NA,NA,NA,NA,NA,NA,NA,NA,NA,NA,NA,NA,NA,NA,NA,NA,NA,NA
"Jacory Croskey-Merritt","RB","WAS",1,NA,NA,NA,NA,NA,NA,NA,14.7,67.2,4.6,0.6,0.1,10.7,10.7,"3126952","CBS","17256","CBS","RB",1.2,0.9,6.5,6.5,7.2,0,NA,NA,NA,NA,NA,NA,NA,NA,NA,NA,NA,NA,NA,NA,NA,NA,NA,NA,NA,NA,NA,NA,NA,NA,NA,NA,NA,NA,NA,NA,NA,NA,NA,NA,NA,NA,NA,NA,NA,NA,NA,NA,NA,NA,NA,NA,NA,NA,NA,NA,NA,NA,NA,NA,NA,NA
"Christian McCaffrey","RB","SF",1,NA,NA,NA,NA,NA,NA,NA,14.3,48.8,3.4,0.4,0.1,10.4,10.4,"2136743","CBS","13130","CBS","RB",5,3.9,28.9,28.9,7.4,0.1,NA,NA,NA,NA,NA,NA,NA,NA,NA,NA,NA,NA,NA,NA,NA,NA,NA,NA,NA,NA,NA,NA,NA,NA,NA,NA,NA,NA,NA,NA,NA,NA,NA,NA,NA,NA,NA,NA,NA,NA,NA,NA,NA,NA,NA,NA,NA,NA,NA,NA,NA,NA,NA,NA,NA,NA
"Braelon Allen","RB","NYJ",1,NA,NA,NA,NA,NA,NA,NA,15.8,61.4,3.9,0.6,0.1,10.3,10.3,"26726580","CBS","16596","CBS","RB",2.1,1.7,8,8,4.7,0,NA,NA,NA,NA,NA,NA,NA,NA,NA,NA,NA,NA,NA,NA,NA,NA,NA,NA,NA,NA,NA,NA,NA,NA,NA,NA,NA,NA,NA,NA,NA,NA,NA,NA,NA,NA,NA,NA,NA,NA,NA,NA,NA,NA,NA,NA,NA,NA,NA,NA,NA,NA,NA,NA,NA,NA
"TreVeyon Henderson","RB","NE",1,NA,NA,NA,NA,NA,NA,NA,12.7,55.6,4.4,0.5,0.1,9.9,9.9,"26699547","CBS","17043","CBS","RB",2.3,1.6,10.1,10.1,6.3,0.1,NA,NA,NA,NA,NA,NA,NA,NA,NA,NA,NA,NA,NA,NA,NA,NA,NA,NA,NA,NA,NA,NA,NA,NA,NA,NA,NA,NA,NA,NA,NA,NA,NA,NA,NA,NA,NA,NA,NA,NA,NA,NA,NA,NA,NA,NA,NA,NA,NA,NA,NA,NA,NA,NA,NA,NA
"David Montgomery","RB","HOU",1,NA,NA,NA,NA,NA,NA,NA,14.4,45.1,3.1,0.5,0.1,9.3,9.3,"2261252","CBS","14071","CBS","RB",1.8,1.6,14.6,14.6,9.1,0.1,NA,NA,NA,NA,NA,NA,NA,NA,NA,NA,NA,NA,NA,NA,NA,NA,NA,NA,NA,NA,NA,NA,NA,NA,NA,NA,NA,NA,NA,NA,NA,NA,NA,NA,NA,NA,NA,NA,NA,NA,NA,NA,NA,NA,NA,NA,NA,NA,NA,NA,NA,NA,NA,NA,NA,NA
"Ollie Gordon II","RB","MIA",1,NA,NA,NA,NA,NA,NA,NA,11.5,49.2,4.3,0.6,0,9.3,9.3,"28873887","CBS","17059","CBS","RB",0.8,0.7,2.8,2.8,4,0.1,NA,NA,NA,NA,NA,NA,NA,NA,NA,NA,NA,NA,NA,NA,NA,NA,NA,NA,NA,NA,NA,NA,NA,NA,NA,NA,NA,NA,NA,NA,NA,NA,NA,NA,NA,NA,NA,NA,NA,NA,NA,NA,NA,NA,NA,NA,NA,NA,NA,NA,NA,NA,NA,NA,NA,NA
"Emanuel Wilson","RB","SEA",1,NA,NA,NA,NA,NA,NA,NA,15.5,55.7,3.6,0.4,0.1,9,9,"29104952","CBS","16432","CBS","RB",1.4,1.1,7.9,7.9,7.2,0.1,NA,NA,NA,NA,NA,NA,NA,NA,NA,NA,NA,NA,NA,NA,NA,NA,NA,NA,NA,NA,NA,NA,NA,NA,NA,NA,NA,NA,NA,NA,NA,NA,NA,NA,NA,NA,NA,NA,NA,NA,NA,NA,NA,NA,NA,NA,NA,NA,NA,NA,NA,NA,NA,NA,NA,NA
"Quinshon Judkins","RB","CLE",1,NA,NA,NA,NA,NA,NA,NA,13.8,42.6,3.1,0.5,0.1,8.9,8.9,"28878286","CBS","17051","CBS","RB",3.6,3,19.2,19.2,6.4,0,NA,NA,NA,NA,NA,NA,NA,NA,NA,NA,NA,NA,NA,NA,NA,NA,NA,NA,NA,NA,NA,NA,NA,NA,NA,NA,NA,NA,NA,NA,NA,NA,NA,NA,NA,NA,NA,NA,NA,NA,NA,NA,NA,NA,NA,NA,NA,NA,NA,NA,NA,NA,NA,NA,NA,NA
"J.K. Dobbins","RB","DEN",1,NA,NA,NA,NA,NA,NA,NA,13.5,60.2,4.5,0.3,0.1,8,8,"2804420","CBS","14800","CBS","RB",1.1,0.9,4,4,4.4,0,NA,NA,NA,NA,NA,NA,NA,NA,NA,NA,NA,NA,NA,NA,NA,NA,NA,NA,NA,NA,NA,NA,NA,NA,NA,NA,NA,NA,NA,NA,NA,NA,NA,NA,NA,NA,NA,NA,NA,NA,NA,NA,NA,NA,NA,NA,NA,NA,NA,NA,NA,NA,NA,NA,NA,NA
"Tony Pollard","RB","TEN",1,NA,NA,NA,NA,NA,NA,NA,13.6,51.3,3.8,0.3,0.1,7.8,7.8,"2184011","CBS","14085","CBS","RB",2.7,2,11.5,11.5,5.8,0,NA,NA,NA,NA,NA,NA,NA,NA,NA,NA,NA,NA,NA,NA,NA,NA,NA,NA,NA,NA,NA,NA,NA,NA,NA,NA,NA,NA,NA,NA,NA,NA,NA,NA,NA,NA,NA,NA,NA,NA,NA,NA,NA,NA,NA,NA,NA,NA,NA,NA,NA,NA,NA,NA,NA,NA
"Kenneth Gainwell","RB","TB",1,NA,NA,NA,NA,NA,NA,NA,7.6,28.2,3.7,0.2,0.1,7.3,7.3,"2968948","CBS","15255","CBS","RB",4,3.2,23.5,23.5,7.3,0.2,NA,NA,NA,NA,NA,NA,NA,NA,NA,NA,NA,NA,NA,NA,NA,NA,NA,NA,NA,NA,NA,NA,NA,NA,NA,NA,NA,NA,NA,NA,NA,NA,NA,NA,NA,NA,NA,NA,NA,NA,NA,NA,NA,NA,NA,NA,NA,NA,NA,NA,NA,NA,NA,NA,NA,NA
"Omarion Hampton","RB","LAC",1,NA,NA,NA,NA,NA,NA,NA,9.6,39.9,4.2,0.4,0.2,7.3,7.3,"28908905","CBS","17044","CBS","RB",1.7,1.5,8.6,8.6,5.7,0.1,NA,NA,NA,NA,NA,NA,NA,NA,NA,NA,NA,NA,NA,NA,NA,NA,NA,NA,NA,NA,NA,NA,NA,NA,NA,NA,NA,NA,NA,NA,NA,NA,NA,NA,NA,NA,NA,NA,NA,NA,NA,NA,NA,NA,NA,NA,NA,NA,NA,NA,NA,NA,NA,NA,NA,NA
"Rhamondre Stevenson","RB","NE",1,NA,NA,NA,NA,NA,NA,NA,7.7,31,4,0.3,0.1,7.2,7.2,"3125832","CBS","15259","CBS","RB",2.8,2.2,19.7,19.7,9,0.1,NA,NA,NA,NA,NA,NA,NA,NA,NA,NA,NA,NA,NA,NA,NA,NA,NA,NA,NA,NA,NA,NA,NA,NA,NA,NA,NA,NA,NA,NA,NA,NA,NA,NA,NA,NA,NA,NA,NA,NA,NA,NA,NA,NA,NA,NA,NA,NA,NA,NA,NA,NA,NA,NA,NA,NA
"Mike Washington Jr.","RB","LV",1,NA,NA,NA,NA,NA,NA,NA,8,32.5,4.1,0.4,0.1,6.9,6.9,"26693539","CBS","17482","CBS","RB",2.3,1.2,9.2,9.2,7.7,0.1,NA,NA,NA,NA,NA,NA,NA,NA,NA,NA,NA,NA,NA,NA,NA,NA,NA,NA,NA,NA,NA,NA,NA,NA,NA,NA,NA,NA,NA,NA,NA,NA,NA,NA,NA,NA,NA,NA,NA,NA,NA,NA,NA,NA,NA,NA,NA,NA,NA,NA,NA,NA,NA,NA,NA,NA
"Keaton Mitchell","RB","LAC",1,NA,NA,NA,NA,NA,NA,NA,9.8,44.6,4.6,0.2,0,6.7,6.7,"3164710","CBS","16178","CBS","RB",1.4,1.2,5.3,5.3,4.4,0.1,NA,NA,NA,NA,NA,NA,NA,NA,NA,NA,NA,NA,NA,NA,NA,NA,NA,NA,NA,NA,NA,NA,NA,NA,NA,NA,NA,NA,NA,NA,NA,NA,NA,NA,NA,NA,NA,NA,NA,NA,NA,NA,NA,NA,NA,NA,NA,NA,NA,NA,NA,NA,NA,NA,NA,NA
"Will Shipley","RB","PHI",1,NA,NA,NA,NA,NA,NA,NA,14.6,46.3,3.2,0.3,0.3,6.6,6.6,"26699119","CBS","16601","CBS","RB",1.8,1.4,8.5,8.5,6.1,0,NA,NA,NA,NA,NA,NA,NA,NA,NA,NA,NA,NA,NA,NA,NA,NA,NA,NA,NA,NA,NA,NA,NA,NA,NA,NA,NA,NA,NA,NA,NA,NA,NA,NA,NA,NA,NA,NA,NA,NA,NA,NA,NA,NA,NA,NA,NA,NA,NA,NA,NA,NA,NA,NA,NA,NA
"RJ Harvey","RB","DEN",1,NA,NA,NA,NA,NA,NA,NA,3.9,14.8,3.8,0.2,0,6.2,6.2,"3121207","CBS","17068","CBS","RB",3.7,3.2,24.5,24.5,7.7,0.2,NA,NA,NA,NA,NA,NA,NA,NA,NA,NA,NA,NA,NA,NA,NA,NA,NA,NA,NA,NA,NA,NA,NA,NA,NA,NA,NA,NA,NA,NA,NA,NA,NA,NA,NA,NA,NA,NA,NA,NA,NA,NA,NA,NA,NA,NA,NA,NA,NA,NA,NA,NA,NA,NA,NA,NA
"Alvin Kamara","RB","NO",1,NA,NA,NA,NA,NA,NA,NA,10.1,33.9,3.4,0.3,0.1,6.2,6.2,"2082721","CBS","13132","CBS","RB",2.9,2.3,13.8,13.8,6,0,NA,NA,NA,NA,NA,NA,NA,NA,NA,NA,NA,NA,NA,NA,NA,NA,NA,NA,NA,NA,NA,NA,NA,NA,NA,NA,NA,NA,NA,NA,NA,NA,NA,NA,NA,NA,NA,NA,NA,NA,NA,NA,NA,NA,NA,NA,NA,NA,NA,NA,NA,NA,NA,NA,NA,NA
"Chris Rodriguez Jr.","RB","JAC",1,NA,NA,NA,NA,NA,NA,NA,8.5,31.9,3.8,0.5,0,6.1,6.1,"2964667","CBS","16174","CBS","RB",0.1,0.1,0.7,0.7,7,0,NA,NA,NA,NA,NA,NA,NA,NA,NA,NA,NA,NA,NA,NA,NA,NA,NA,NA,NA,NA,NA,NA,NA,NA,NA,NA,NA,NA,NA,NA,NA,NA,NA,NA,NA,NA,NA,NA,NA,NA,NA,NA,NA,NA,NA,NA,NA,NA,NA,NA,NA,NA,NA,NA,NA,NA
"Woody Marks","RB","HOU",1,NA,NA,NA,NA,NA,NA,NA,8.1,28.1,3.5,0.3,0,6,6,"3171045","CBS","17053","CBS","RB",2,1.4,8.7,8.7,6.2,0.1,NA,NA,NA,NA,NA,NA,NA,NA,NA,NA,NA,NA,NA,NA,NA,NA,NA,NA,NA,NA,NA,NA,NA,NA,NA,NA,NA,NA,NA,NA,NA,NA,NA,NA,NA,NA,NA,NA,NA,NA,NA,NA,NA,NA,NA,NA,NA,NA,NA,NA,NA,NA,NA,NA,NA,NA
"Rachaad White","RB","WAS",1,NA,NA,NA,NA,NA,NA,NA,6.5,37.6,5.8,0.1,0,5.9,5.9,"3169147","CBS","15721","CBS","RB",1.7,1.5,10.1,10.1,6.7,0.1,NA,NA,NA,NA,NA,NA,NA,NA,NA,NA,NA,NA,NA,NA,NA,NA,NA,NA,NA,NA,NA,NA,NA,NA,NA,NA,NA,NA,NA,NA,NA,NA,NA,NA,NA,NA,NA,NA,NA,NA,NA,NA,NA,NA,NA,NA,NA,NA,NA,NA,NA,NA,NA,NA,NA,NA
"Brian Robinson Jr.","RB","ATL",1,NA,NA,NA,NA,NA,NA,NA,8.4,34.9,4.2,0.4,0,5.9,5.9,"2741207","CBS","15716","CBS","RB",0.4,0.3,1.9,1.9,6.3,0,NA,NA,NA,NA,NA,NA,NA,NA,NA,NA,NA,NA,NA,NA,NA,NA,NA,NA,NA,NA,NA,NA,NA,NA,NA,NA,NA,NA,NA,NA,NA,NA,NA,NA,NA,NA,NA,NA,NA,NA,NA,NA,NA,NA,NA,NA,NA,NA,NA,NA,NA,NA,NA,NA,NA,NA
"Blake Corum","RB","LAR",1,NA,NA,NA,NA,NA,NA,NA,8.1,44.1,5.4,0.2,0,5.7,5.7,"3169252","CBS","16593","CBS","RB",0.5,0.3,1.9,1.9,6.3,0,NA,NA,NA,NA,NA,NA,NA,NA,NA,NA,NA,NA,NA,NA,NA,NA,NA,NA,NA,NA,NA,NA,NA,NA,NA,NA,NA,NA,NA,NA,NA,NA,NA,NA,NA,NA,NA,NA,NA,NA,NA,NA,NA,NA,NA,NA,NA,NA,NA,NA,NA,NA,NA,NA,NA,NA
"Kyle Monangai","RB","CHI",1,NA,NA,NA,NA,NA,NA,NA,7.7,33.9,4.4,0.2,0,5.4,5.4,"3177368","CBS","17066","CBS","RB",1.5,1.1,9.1,9.1,8.3,0,NA,NA,NA,NA,NA,NA,NA,NA,NA,NA,NA,NA,NA,NA,NA,NA,NA,NA,NA,NA,NA,NA,NA,NA,NA,NA,NA,NA,NA,NA,NA,NA,NA,NA,NA,NA,NA,NA,NA,NA,NA,NA,NA,NA,NA,NA,NA,NA,NA,NA,NA,NA,NA,NA,NA,NA
"Tyler Allgeier","RB","ARI",1,NA,NA,NA,NA,NA,NA,NA,7.8,27.8,3.6,0.3,0,5.2,5.2,"2975590","CBS","15712","CBS","RB",1.6,1.6,7.9,7.9,4.9,0,NA,NA,NA,NA,NA,NA,NA,NA,NA,NA,NA,NA,NA,NA,NA,NA,NA,NA,NA,NA,NA,NA,NA,NA,NA,NA,NA,NA,NA,NA,NA,NA,NA,NA,NA,NA,NA,NA,NA,NA,NA,NA,NA,NA,NA,NA,NA,NA,NA,NA,NA,NA,NA,NA,NA,NA
"Kaleb Johnson","RB","GB",1,NA,NA,NA,NA,NA,NA,NA,9.1,43.3,4.8,0.2,0.3,5,5,"28875572","CBS","17048","CBS","RB",0.3,0.1,1.7,1.7,17,0,NA,NA,NA,NA,NA,NA,NA,NA,NA,NA,NA,NA,NA,NA,NA,NA,NA,NA,NA,NA,NA,NA,NA,NA,NA,NA,NA,NA,NA,NA,NA,NA,NA,NA,NA,NA,NA,NA,NA,NA,NA,NA,NA,NA,NA,NA,NA,NA,NA,NA,NA,NA,NA,NA,NA,NA
"Kimani Vidal","RB","LAC",1,NA,NA,NA,NA,NA,NA,NA,6.6,27.4,4.2,0.1,0,4.7,4.7,"3163421","CBS","16757","CBS","RB",1.6,1,8.8,8.8,8.8,0.1,NA,NA,NA,NA,NA,NA,NA,NA,NA,NA,NA,NA,NA,NA,NA,NA,NA,NA,NA,NA,NA,NA,NA,NA,NA,NA,NA,NA,NA,NA,NA,NA,NA,NA,NA,NA,NA,NA,NA,NA,NA,NA,NA,NA,NA,NA,NA,NA,NA,NA,NA,NA,NA,NA,NA,NA
"MarShawn Lloyd","RB","GB",1,NA,NA,NA,NA,NA,NA,NA,6.7,28,4.2,0.1,0.1,4.5,4.5,"3162514","CBS","16604","CBS","RB",1,0.8,7.1,7.1,8.9,0.1,NA,NA,NA,NA,NA,NA,NA,NA,NA,NA,NA,NA,NA,NA,NA,NA,NA,NA,NA,NA,NA,NA,NA,NA,NA,NA,NA,NA,NA,NA,NA,NA,NA,NA,NA,NA,NA,NA,NA,NA,NA,NA,NA,NA,NA,NA,NA,NA,NA,NA,NA,NA,NA,NA,NA,NA
"Christopher Brooks","RB","GB",1,NA,NA,NA,NA,NA,NA,NA,6.1,31.6,5.2,0.1,0,4.4,4.4,"2962350","CBS","16387","CBS","RB",1.2,0.9,7,7,7.8,0,NA,NA,NA,NA,NA,NA,NA,NA,NA,NA,NA,NA,NA,NA,NA,NA,NA,NA,NA,NA,NA,NA,NA,NA,NA,NA,NA,NA,NA,NA,NA,NA,NA,NA,NA,NA,NA,NA,NA,NA,NA,NA,NA,NA,NA,NA,NA,NA,NA,NA,NA,NA,NA,NA,NA,NA
"Jaylen Wright","RB","MIA",1,NA,NA,NA,NA,NA,NA,NA,8,31,3.9,0.2,0.1,4.4,4.4,"26698774","CBS","16610","CBS","RB",0.9,0.5,3.8,3.8,7.6,0,NA,NA,NA,NA,NA,NA,NA,NA,NA,NA,NA,NA,NA,NA,NA,NA,NA,NA,NA,NA,NA,NA,NA,NA,NA,NA,NA,NA,NA,NA,NA,NA,NA,NA,NA,NA,NA,NA,NA,NA,NA,NA,NA,NA,NA,NA,NA,NA,NA,NA,NA,NA,NA,NA,NA,NA
"Tyjae Spears","RB","TEN",1,NA,NA,NA,NA,NA,NA,NA,5.5,19.1,3.5,0.1,0,4.3,4.3,"3122588","CBS","16165","CBS","RB",2.9,2.5,18.5,18.5,7.4,0,NA,NA,NA,NA,NA,NA,NA,NA,NA,NA,NA,NA,NA,NA,NA,NA,NA,NA,NA,NA,NA,NA,NA,NA,NA,NA,NA,NA,NA,NA,NA,NA,NA,NA,NA,NA,NA,NA,NA,NA,NA,NA,NA,NA,NA,NA,NA,NA,NA,NA,NA,NA,NA,NA,NA,NA
"Samaje Perine","RB","CIN",1,NA,NA,NA,NA,NA,NA,NA,5.6,22.8,4.1,0.2,0.1,4.2,4.2,"2131148","CBS","13133","CBS","RB",1.8,1.3,10.9,10.9,8.4,0,NA,NA,NA,NA,NA,NA,NA,NA,NA,NA,NA,NA,NA,NA,NA,NA,NA,NA,NA,NA,NA,NA,NA,NA,NA,NA,NA,NA,NA,NA,NA,NA,NA,NA,NA,NA,NA,NA,NA,NA,NA,NA,NA,NA,NA,NA,NA,NA,NA,NA,NA,NA,NA,NA,NA,NA
"Saquon Barkley","RB","PHI",1,NA,NA,NA,NA,NA,NA,NA,6.3,27.2,4.3,0.1,0,4.1,4.1,"2185957","CBS","13604","CBS","RB",2.1,1.4,8.8,8.8,6.3,0,NA,NA,NA,NA,NA,NA,NA,NA,NA,NA,NA,NA,NA,NA,NA,NA,NA,NA,NA,NA,NA,NA,NA,NA,NA,NA,NA,NA,NA,NA,NA,NA,NA,NA,NA,NA,NA,NA,NA,NA,NA,NA,NA,NA,NA,NA,NA,NA,NA,NA,NA,NA,NA,NA,NA,NA
"Ty Johnson","RB","BUF",1,NA,NA,NA,NA,NA,NA,NA,3.1,12.1,3.9,0.1,0,3.8,3.8,"2179323","CBS","14095","CBS","RB",1.7,1.4,14.6,14.6,10.4,0.1,NA,NA,NA,NA,NA,NA,NA,NA,NA,NA,NA,NA,NA,NA,NA,NA,NA,NA,NA,NA,NA,NA,NA,NA,NA,NA,NA,NA,NA,NA,NA,NA,NA,NA,NA,NA,NA,NA,NA,NA,NA,NA,NA,NA,NA,NA,NA,NA,NA,NA,NA,NA,NA,NA,NA,NA
"Justice Hill","RB","BAL",1,NA,NA,NA,NA,NA,NA,NA,3.9,17.5,4.5,0.1,0,3.7,3.7,"2250388","CBS","14086","CBS","RB",1.3,1.1,8.5,8.5,7.7,0.1,NA,NA,NA,NA,NA,NA,NA,NA,NA,NA,NA,NA,NA,NA,NA,NA,NA,NA,NA,NA,NA,NA,NA,NA,NA,NA,NA,NA,NA,NA,NA,NA,NA,NA,NA,NA,NA,NA,NA,NA,NA,NA,NA,NA,NA,NA,NA,NA,NA,NA,NA,NA,NA,NA,NA,NA
"Najee Harris","RB","NYG",1,NA,NA,NA,NA,NA,NA,NA,5.2,24.8,4.8,0.2,0.1,3.7,3.7,"2741200","CBS","15254","CBS","RB",0.5,0.4,3.6,3.6,9,0,NA,NA,NA,NA,NA,NA,NA,NA,NA,NA,NA,NA,NA,NA,NA,NA,NA,NA,NA,NA,NA,NA,NA,NA,NA,NA,NA,NA,NA,NA,NA,NA,NA,NA,NA,NA,NA,NA,NA,NA,NA,NA,NA,NA,NA,NA,NA,NA,NA,NA,NA,NA,NA,NA,NA,NA
"Raheim Sanders","RB","CLE",1,NA,NA,NA,NA,NA,NA,NA,4.2,16.3,3.9,0.1,0,3.6,3.6,"26700087","CBS","17062","CBS","RB",2.2,1.8,14.2,14.2,7.9,0,NA,NA,NA,NA,NA,NA,NA,NA,NA,NA,NA,NA,NA,NA,NA,NA,NA,NA,NA,NA,NA,NA,NA,NA,NA,NA,NA,NA,NA,NA,NA,NA,NA,NA,NA,NA,NA,NA,NA,NA,NA,NA,NA,NA,NA,NA,NA,NA,NA,NA,NA,NA,NA,NA,NA,NA
"Kaelon Black","RB","SF",1,NA,NA,NA,NA,NA,NA,NA,7.5,25.2,3.4,0.1,0.1,3.3,3.3,"3162599","CBS","17485","CBS","RB",0.8,0.5,4.4,4.4,8.8,0,NA,NA,NA,NA,NA,NA,NA,NA,NA,NA,NA,NA,NA,NA,NA,NA,NA,NA,NA,NA,NA,NA,NA,NA,NA,NA,NA,NA,NA,NA,NA,NA,NA,NA,NA,NA,NA,NA,NA,NA,NA,NA,NA,NA,NA,NA,NA,NA,NA,NA,NA,NA,NA,NA,NA,NA
"George Holani","RB","SEA",1,NA,NA,NA,NA,NA,NA,NA,6.2,19.6,3.2,0.1,0,3.3,3.3,"3131661","CBS","16608","CBS","RB",1.3,1.2,8.2,8.2,6.8,0,NA,NA,NA,NA,NA,NA,NA,NA,NA,NA,NA,NA,NA,NA,NA,NA,NA,NA,NA,NA,NA,NA,NA,NA,NA,NA,NA,NA,NA,NA,NA,NA,NA,NA,NA,NA,NA,NA,NA,NA,NA,NA,NA,NA,NA,NA,NA,NA,NA,NA,NA,NA,NA,NA,NA,NA
"Isaiah Davis","RB","NYJ",1,NA,NA,NA,NA,NA,NA,NA,3.7,20.5,5.5,0.1,0,3.2,3.2,"26718641","CBS","16752","CBS","RB",0.9,0.7,6.1,6.1,8.7,0,NA,NA,NA,NA,NA,NA,NA,NA,NA,NA,NA,NA,NA,NA,NA,NA,NA,NA,NA,NA,NA,NA,NA,NA,NA,NA,NA,NA,NA,NA,NA,NA,NA,NA,NA,NA,NA,NA,NA,NA,NA,NA,NA,NA,NA,NA,NA,NA,NA,NA,NA,NA,NA,NA,NA,NA
"Kendre Miller","RB","NO",1,NA,NA,NA,NA,NA,NA,NA,6.7,19.5,2.9,0.2,0.2,2.9,2.9,"3162256","CBS","16171","CBS","RB",0.9,0.6,2.9,2.9,4.8,0,NA,NA,NA,NA,NA,NA,NA,NA,NA,NA,NA,NA,NA,NA,NA,NA,NA,NA,NA,NA,NA,NA,NA,NA,NA,NA,NA,NA,NA,NA,NA,NA,NA,NA,NA,NA,NA,NA,NA,NA,NA,NA,NA,NA,NA,NA,NA,NA,NA,NA,NA,NA,NA,NA,NA,NA
"Devin Singletary","RB","NYG",1,NA,NA,NA,NA,NA,NA,NA,3.5,13.5,3.9,0.1,0,2.9,2.9,"2241251","CBS","14080","CBS","RB",0.6,0.5,4.3,4.3,8.6,0.1,NA,NA,NA,NA,NA,NA,NA,NA,NA,NA,NA,NA,NA,NA,NA,NA,NA,NA,NA,NA,NA,NA,NA,NA,NA,NA,NA,NA,NA,NA,NA,NA,NA,NA,NA,NA,NA,NA,NA,NA,NA,NA,NA,NA,NA,NA,NA,NA,NA,NA,NA,NA,NA,NA,NA,NA
"CJ Donaldson","RB","NO",1,NA,NA,NA,NA,NA,NA,NA,3.6,13,3.6,0.1,0,2.7,2.7,"28900249","CBS","17492","CBS","RB",1.4,1.1,8.1,8.1,7.4,0,NA,NA,NA,NA,NA,NA,NA,NA,NA,NA,NA,NA,NA,NA,NA,NA,NA,NA,NA,NA,NA,NA,NA,NA,NA,NA,NA,NA,NA,NA,NA,NA,NA,NA,NA,NA,NA,NA,NA,NA,NA,NA,NA,NA,NA,NA,NA,NA,NA,NA,NA,NA,NA,NA,NA,NA
"Austin Ekeler","RB","WAS",1,NA,NA,NA,NA,NA,NA,NA,2.1,12.7,6.1,0.1,0,2.1,2.1,"2820090","CBS","13404","CBS","RB",0.5,0.4,3.4,3.4,8.5,0,NA,NA,NA,NA,NA,NA,NA,NA,NA,NA,NA,NA,NA,NA,NA,NA,NA,NA,NA,NA,NA,NA,NA,NA,NA,NA,NA,NA,NA,NA,NA,NA,NA,NA,NA,NA,NA,NA,NA,NA,NA,NA,NA,NA,NA,NA,NA,NA,NA,NA,NA,NA,NA,NA,NA,NA
"Jaleel McLaughlin","RB","CLE",1,NA,NA,NA,NA,NA,NA,NA,2.8,14.7,5.3,0.1,0,2.1,2.1,"26725939","CBS","16390","CBS","RB",0.7,0.5,1.9,1.9,3.8,0,NA,NA,NA,NA,NA,NA,NA,NA,NA,NA,NA,NA,NA,NA,NA,NA,NA,NA,NA,NA,NA,NA,NA,NA,NA,NA,NA,NA,NA,NA,NA,NA,NA,NA,NA,NA,NA,NA,NA,NA,NA,NA,NA,NA,NA,NA,NA,NA,NA,NA,NA,NA,NA,NA,NA,NA
"Demond Claiborne","RB","MIN",1,NA,NA,NA,NA,NA,NA,NA,2.9,11.3,3.9,0.1,0,2,2,"28883197","CBS","17481","CBS","RB",0.5,0.4,3.7,3.7,9.3,0,NA,NA,NA,NA,NA,NA,NA,NA,NA,NA,NA,NA,NA,NA,NA,NA,NA,NA,NA,NA,NA,NA,NA,NA,NA,NA,NA,NA,NA,NA,NA,NA,NA,NA,NA,NA,NA,NA,NA,NA,NA,NA,NA,NA,NA,NA,NA,NA,NA,NA,NA,NA,NA,NA,NA,NA
"DeeJay Dallas","RB","MIN",1,NA,NA,NA,NA,NA,NA,NA,3.9,16.9,4.3,0,0,2,2,"2804094","CBS","14815","CBS","RB",0.7,0.6,4.6,4.6,7.7,0,NA,NA,NA,NA,NA,NA,NA,NA,NA,NA,NA,NA,NA,NA,NA,NA,NA,NA,NA,NA,NA,NA,NA,NA,NA,NA,NA,NA,NA,NA,NA,NA,NA,NA,NA,NA,NA,NA,NA,NA,NA,NA,NA,NA,NA,NA,NA,NA,NA,NA,NA,NA,NA,NA,NA,NA
"DJ Herman","RB","MIA",1,NA,NA,NA,NA,NA,NA,NA,0,0,0,0,0,2,2,"26734114","CBS","17784","CBS","RB",2.3,1.4,20.9,20.9,14.9,0,NA,NA,NA,NA,NA,NA,NA,NA,NA,NA,NA,NA,NA,NA,NA,NA,NA,NA,NA,NA,NA,NA,NA,NA,NA,NA,NA,NA,NA,NA,NA,NA,NA,NA,NA,NA,NA,NA,NA,NA,NA,NA,NA,NA,NA,NA,NA,NA,NA,NA,NA,NA,NA,NA,NA,NA
"Sean Tucker","RB","TB",1,NA,NA,NA,NA,NA,NA,NA,1.9,7.4,3.9,0.2,0,1.9,1.9,"3168416","CBS","16166","CBS","RB",0.1,0,0.4,0.4,0,0,NA,NA,NA,NA,NA,NA,NA,NA,NA,NA,NA,NA,NA,NA,NA,NA,NA,NA,NA,NA,NA,NA,NA,NA,NA,NA,NA,NA,NA,NA,NA,NA,NA,NA,NA,NA,NA,NA,NA,NA,NA,NA,NA,NA,NA,NA,NA,NA,NA,NA,NA,NA,NA,NA,NA,NA
"Adam Randall","RB","BAL",1,NA,NA,NA,NA,NA,NA,NA,2.2,11,5,0.1,0,1.8,1.8,"28878514","CBS","17652","CBS","RB",0.1,0.1,1.2,1.2,12,0,NA,NA,NA,NA,NA,NA,NA,NA,NA,NA,NA,NA,NA,NA,NA,NA,NA,NA,NA,NA,NA,NA,NA,NA,NA,NA,NA,NA,NA,NA,NA,NA,NA,NA,NA,NA,NA,NA,NA,NA,NA,NA,NA,NA,NA,NA,NA,NA,NA,NA,NA,NA,NA,NA,NA,NA
"Tyler Badie","RB","DEN",1,NA,NA,NA,NA,NA,NA,NA,3.2,12,3.8,0,0.1,1.8,1.8,"2964494","CBS","15718","CBS","RB",1.2,0.8,8.3,8.3,10.4,0,NA,NA,NA,NA,NA,NA,NA,NA,NA,NA,NA,NA,NA,NA,NA,NA,NA,NA,NA,NA,NA,NA,NA,NA,NA,NA,NA,NA,NA,NA,NA,NA,NA,NA,NA,NA,NA,NA,NA,NA,NA,NA,NA,NA,NA,NA,NA,NA,NA,NA,NA,NA,NA,NA,NA,NA
"Sione Vaki","RB","DET",1,NA,NA,NA,NA,NA,NA,NA,3.7,16,4.3,0,0,1.8,1.8,"28877349","CBS","16678","CBS","RB",0.2,0.2,2.6,2.6,13,0,NA,NA,NA,NA,NA,NA,NA,NA,NA,NA,NA,NA,NA,NA,NA,NA,NA,NA,NA,NA,NA,NA,NA,NA,NA,NA,NA,NA,NA,NA,NA,NA,NA,NA,NA,NA,NA,NA,NA,NA,NA,NA,NA,NA,NA,NA,NA,NA,NA,NA,NA,NA,NA,NA,NA,NA
"Isaac Guerendo","RB","SF",1,NA,NA,NA,NA,NA,NA,NA,2,8.3,4.2,0.1,0,1.6,1.6,"2964154","CBS","16688","CBS","RB",0.3,0.2,2,2,10,0,NA,NA,NA,NA,NA,NA,NA,NA,NA,NA,NA,NA,NA,NA,NA,NA,NA,NA,NA,NA,NA,NA,NA,NA,NA,NA,NA,NA,NA,NA,NA,NA,NA,NA,NA,NA,NA,NA,NA,NA,NA,NA,NA,NA,NA,NA,NA,NA,NA,NA,NA,NA,NA,NA,NA,NA
"Kaytron Allen","RB","WAS",1,NA,NA,NA,NA,NA,NA,NA,2.1,10.6,5.1,0.1,0,1.6,1.6,"28875485","CBS","17478","CBS","RB",0.1,0.1,0.9,0.9,9,0,NA,NA,NA,NA,NA,NA,NA,NA,NA,NA,NA,NA,NA,NA,NA,NA,NA,NA,NA,NA,NA,NA,NA,NA,NA,NA,NA,NA,NA,NA,NA,NA,NA,NA,NA,NA,NA,NA,NA,NA,NA,NA,NA,NA,NA,NA,NA,NA,NA,NA,NA,NA,NA,NA,NA,NA
"Seth McGowan","RB","IND",1,NA,NA,NA,NA,NA,NA,NA,1.9,7.8,4.1,0.1,0,1.4,1.4,"3161581","CBS","17475","CBS","RB",0.2,0.2,1.3,1.3,6.5,0,NA,NA,NA,NA,NA,NA,NA,NA,NA,NA,NA,NA,NA,NA,NA,NA,NA,NA,NA,NA,NA,NA,NA,NA,NA,NA,NA,NA,NA,NA,NA,NA,NA,NA,NA,NA,NA,NA,NA,NA,NA,NA,NA,NA,NA,NA,NA,NA,NA,NA,NA,NA,NA,NA,NA,NA
"Zonovan Knight","RB","ARI",1,NA,NA,NA,NA,NA,NA,NA,1.6,6.3,3.9,0.1,0,1.3,1.3,"3121860","CBS","15727","CBS","RB",0.2,0.2,1.3,1.3,6.5,0,NA,NA,NA,NA,NA,NA,NA,NA,NA,NA,NA,NA,NA,NA,NA,NA,NA,NA,NA,NA,NA,NA,NA,NA,NA,NA,NA,NA,NA,NA,NA,NA,NA,NA,NA,NA,NA,NA,NA,NA,NA,NA,NA,NA,NA,NA,NA,NA,NA,NA,NA,NA,NA,NA,NA,NA
"Roschon Johnson","RB","CHI",1,NA,NA,NA,NA,NA,NA,NA,2,6.1,3.1,0.1,0,1.3,1.3,"3121395","CBS","16175","CBS","RB",0.2,0.2,1.2,1.2,6,0,NA,NA,NA,NA,NA,NA,NA,NA,NA,NA,NA,NA,NA,NA,NA,NA,NA,NA,NA,NA,NA,NA,NA,NA,NA,NA,NA,NA,NA,NA,NA,NA,NA,NA,NA,NA,NA,NA,NA,NA,NA,NA,NA,NA,NA,NA,NA,NA,NA,NA,NA,NA,NA,NA,NA,NA
"Dare Ogunbowale","RB","HOU",1,NA,NA,NA,NA,NA,NA,NA,1.1,3.8,3.5,0.1,0,1.3,1.3,"2010409","CBS","13148","CBS","RB",0.7,0.5,4.5,4.5,9,0,NA,NA,NA,NA,NA,NA,NA,NA,NA,NA,NA,NA,NA,NA,NA,NA,NA,NA,NA,NA,NA,NA,NA,NA,NA,NA,NA,NA,NA,NA,NA,NA,NA,NA,NA,NA,NA,NA,NA,NA,NA,NA,NA,NA,NA,NA,NA,NA,NA,NA,NA,NA,NA,NA,NA,NA
"LeQuint Allen","RB","JAC",1,NA,NA,NA,NA,NA,NA,NA,3.3,11.3,3.4,0,0,1.3,1.3,"28877884","CBS","17061","CBS","RB",0.6,0.5,2.4,2.4,4.8,0,NA,NA,NA,NA,NA,NA,NA,NA,NA,NA,NA,NA,NA,NA,NA,NA,NA,NA,NA,NA,NA,NA,NA,NA,NA,NA,NA,NA,NA,NA,NA,NA,NA,NA,NA,NA,NA,NA,NA,NA,NA,NA,NA,NA,NA,NA,NA,NA,NA,NA,NA,NA,NA,NA,NA,NA
"James Conner","RB","ARI",1,NA,NA,NA,NA,NA,NA,NA,1.6,5.7,3.6,0.1,0,1.2,1.2,"2071585","CBS","13146","CBS","RB",0.2,0.2,1.8,1.8,9,0,NA,NA,NA,NA,NA,NA,NA,NA,NA,NA,NA,NA,NA,NA,NA,NA,NA,NA,NA,NA,NA,NA,NA,NA,NA,NA,NA,NA,NA,NA,NA,NA,NA,NA,NA,NA,NA,NA,NA,NA,NA,NA,NA,NA,NA,NA,NA,NA,NA,NA,NA,NA,NA,NA,NA,NA
"Tyler Goodson","RB","DAL",1,NA,NA,NA,NA,NA,NA,NA,3.7,12.6,3.4,0,0,1.2,1.2,"3122473","CBS","15730","CBS","RB",0.3,0.2,0.4,0.4,2,0,NA,NA,NA,NA,NA,NA,NA,NA,NA,NA,NA,NA,NA,NA,NA,NA,NA,NA,NA,NA,NA,NA,NA,NA,NA,NA,NA,NA,NA,NA,NA,NA,NA,NA,NA,NA,NA,NA,NA,NA,NA,NA,NA,NA,NA,NA,NA,NA,NA,NA,NA,NA,NA,NA,NA,NA
"Emari Demercado","RB","DAL",1,NA,NA,NA,NA,NA,NA,NA,1.9,9.4,5,0,0,1.1,1.1,"2964372","CBS","16385","CBS","RB",0.4,0.2,2,2,10,0,NA,NA,NA,NA,NA,NA,NA,NA,NA,NA,NA,NA,NA,NA,NA,NA,NA,NA,NA,NA,NA,NA,NA,NA,NA,NA,NA,NA,NA,NA,NA,NA,NA,NA,NA,NA,NA,NA,NA,NA,NA,NA,NA,NA,NA,NA,NA,NA,NA,NA,NA,NA,NA,NA,NA,NA
"Rasheen Ali","RB","BAL",1,NA,NA,NA,NA,NA,NA,NA,0.6,1.9,3.2,0,0,0.9,0.9,"3168797","CBS","16746","CBS","RB",0.4,0.3,2.2,2.2,7.3,0.1,NA,NA,NA,NA,NA,NA,NA,NA,NA,NA,NA,NA,NA,NA,NA,NA,NA,NA,NA,NA,NA,NA,NA,NA,NA,NA,NA,NA,NA,NA,NA,NA,NA,NA,NA,NA,NA,NA,NA,NA,NA,NA,NA,NA,NA,NA,NA,NA,NA,NA,NA,NA,NA,NA,NA,NA
"Ray Davis","RB","BUF",1,NA,NA,NA,NA,NA,NA,NA,2.1,9.7,4.6,0,0,0.9,0.9,"3123108","CBS","16603","CBS","RB",0.1,0.1,0.9,0.9,9,0,NA,NA,NA,NA,NA,NA,NA,NA,NA,NA,NA,NA,NA,NA,NA,NA,NA,NA,NA,NA,NA,NA,NA,NA,NA,NA,NA,NA,NA,NA,NA,NA,NA,NA,NA,NA,NA,NA,NA,NA,NA,NA,NA,NA,NA,NA,NA,NA,NA,NA,NA,NA,NA,NA,NA,NA
"Jeremy McNichols","RB","WAS",1,NA,NA,NA,NA,NA,NA,NA,1,5.4,5.4,0,0,0.8,0.8,"2139987","CBS","13143","CBS","RB",0.6,0.5,3.4,3.4,6.8,0,NA,NA,NA,NA,NA,NA,NA,NA,NA,NA,NA,NA,NA,NA,NA,NA,NA,NA,NA,NA,NA,NA,NA,NA,NA,NA,NA,NA,NA,NA,NA,NA,NA,NA,NA,NA,NA,NA,NA,NA,NA,NA,NA,NA,NA,NA,NA,NA,NA,NA,NA,NA,NA,NA,NA,NA
"Tyrone Tracy Jr.","RB","NYG",1,NA,NA,NA,NA,NA,NA,NA,2,8.9,4.5,0,0,0.8,0.8,"2963637","CBS","16747","CBS","RB",0.1,0.1,0.9,0.9,9,0,NA,NA,NA,NA,NA,NA,NA,NA,NA,NA,NA,NA,NA,NA,NA,NA,NA,NA,NA,NA,NA,NA,NA,NA,NA,NA,NA,NA,NA,NA,NA,NA,NA,NA,NA,NA,NA,NA,NA,NA,NA,NA,NA,NA,NA,NA,NA,NA,NA,NA,NA,NA,NA,NA,NA,NA
"Corey Kiner","RB","NE",1,NA,NA,NA,NA,NA,NA,NA,2,7.4,3.7,0,0,0.8,0.8,"26698879","CBS","17274","CBS","RB",0.1,0.1,1,1,10,0,NA,NA,NA,NA,NA,NA,NA,NA,NA,NA,NA,NA,NA,NA,NA,NA,NA,NA,NA,NA,NA,NA,NA,NA,NA,NA,NA,NA,NA,NA,NA,NA,NA,NA,NA,NA,NA,NA,NA,NA,NA,NA,NA,NA,NA,NA,NA,NA,NA,NA,NA,NA,NA,NA,NA,NA
"Michael Burton","FB","CLE",1,NA,NA,NA,NA,NA,NA,NA,0.3,0.3,1,0.1,0,0.7,0.7,"1759407","CBS","12325","CBS","RB",0.4,0.2,1.6,1.6,8,0,NA,NA,NA,NA,NA,NA,NA,NA,NA,NA,NA,NA,NA,NA,NA,NA,NA,NA,NA,NA,NA,NA,NA,NA,NA,NA,NA,NA,NA,NA,NA,NA,NA,NA,NA,NA,NA,NA,NA,NA,NA,NA,NA,NA,NA,NA,NA,NA,NA,NA,NA,NA,NA,NA,NA,NA
"Andrew Beck","FB","NYJ",1,NA,NA,NA,NA,NA,NA,NA,0.1,0.4,4,0,0,0.7,0.7,"2131774","CBS","14319","CBS","RB",0.3,0.2,1.6,1.6,8,0.1,NA,NA,NA,NA,NA,NA,NA,NA,NA,NA,NA,NA,NA,NA,NA,NA,NA,NA,NA,NA,NA,NA,NA,NA,NA,NA,NA,NA,NA,NA,NA,NA,NA,NA,NA,NA,NA,NA,NA,NA,NA,NA,NA,NA,NA,NA,NA,NA,NA,NA,NA,NA,NA,NA,NA,NA
"Kene Nwangwu","RB","NYJ",1,NA,NA,NA,NA,NA,NA,NA,1.8,7.1,3.9,0,0,0.7,0.7,"2261254","CBS","15414","CBS","RB",0,0,0.2,0.2,0,0,NA,NA,NA,NA,NA,NA,NA,NA,NA,NA,NA,NA,NA,NA,NA,NA,NA,NA,NA,NA,NA,NA,NA,NA,NA,NA,NA,NA,NA,NA,NA,NA,NA,NA,NA,NA,NA,NA,NA,NA,NA,NA,NA,NA,NA,NA,NA,NA,NA,NA,NA,NA,NA,NA,NA,NA
"DJ Giddens","RB","IND",1,NA,NA,NA,NA,NA,NA,NA,1.9,7.4,3.9,0,0,0.7,0.7,"26695679","CBS","17060","CBS","RB",0.1,0.1,0.6,0.6,6,0,NA,NA,NA,NA,NA,NA,NA,NA,NA,NA,NA,NA,NA,NA,NA,NA,NA,NA,NA,NA,NA,NA,NA,NA,NA,NA,NA,NA,NA,NA,NA,NA,NA,NA,NA,NA,NA,NA,NA,NA,NA,NA,NA,NA,NA,NA,NA,NA,NA,NA,NA,NA,NA,NA,NA,NA
"Hunter Luepke","RB","DAL",1,NA,NA,NA,NA,NA,NA,NA,1,4.3,4.3,0,0,0.7,0.7,"2969438","CBS","16391","CBS","RB",0.5,0.4,3.4,3.4,8.5,0,NA,NA,NA,NA,NA,NA,NA,NA,NA,NA,NA,NA,NA,NA,NA,NA,NA,NA,NA,NA,NA,NA,NA,NA,NA,NA,NA,NA,NA,NA,NA,NA,NA,NA,NA,NA,NA,NA,NA,NA,NA,NA,NA,NA,NA,NA,NA,NA,NA,NA,NA,NA,NA,NA,NA,NA
"Audric Estime","RB","NO",1,NA,NA,NA,NA,NA,NA,NA,1.6,5.8,3.6,0,0,0.6,0.6,"26713577","CBS","16595","CBS","RB",0.2,0.2,1.3,1.3,6.5,0,NA,NA,NA,NA,NA,NA,NA,NA,NA,NA,NA,NA,NA,NA,NA,NA,NA,NA,NA,NA,NA,NA,NA,NA,NA,NA,NA,NA,NA,NA,NA,NA,NA,NA,NA,NA,NA,NA,NA,NA,NA,NA,NA,NA,NA,NA,NA,NA,NA,NA,NA,NA,NA,NA,NA,NA
"Nicholas Singleton","RB","TEN",1,NA,NA,NA,NA,NA,NA,NA,1.6,5,3.1,0,0,0.5,0.5,"28876754","CBS","17476","CBS","RB",0.1,0.1,0.9,0.9,9,0,NA,NA,NA,NA,NA,NA,NA,NA,NA,NA,NA,NA,NA,NA,NA,NA,NA,NA,NA,NA,NA,NA,NA,NA,NA,NA,NA,NA,NA,NA,NA,NA,NA,NA,NA,NA,NA,NA,NA,NA,NA,NA,NA,NA,NA,NA,NA,NA,NA,NA,NA,NA,NA,NA,NA,NA
"Ameer Abdullah","RB","JAC",1,NA,NA,NA,NA,NA,NA,NA,1,3.9,3.9,0,0,0.5,0.5,"1824308","CBS","12155","CBS","RB",0.4,0.3,2,2,6.7,0,NA,NA,NA,NA,NA,NA,NA,NA,NA,NA,NA,NA,NA,NA,NA,NA,NA,NA,NA,NA,NA,NA,NA,NA,NA,NA,NA,NA,NA,NA,NA,NA,NA,NA,NA,NA,NA,NA,NA,NA,NA,NA,NA,NA,NA,NA,NA,NA,NA,NA,NA,NA,NA,NA,NA,NA
"Jordan James","RB","SF",1,NA,NA,NA,NA,NA,NA,NA,1.2,4.3,3.6,0,0,0.4,0.4,"28916212","CBS","17055","CBS","RB",0.1,0.1,0.9,0.9,9,0,NA,NA,NA,NA,NA,NA,NA,NA,NA,NA,NA,NA,NA,NA,NA,NA,NA,NA,NA,NA,NA,NA,NA,NA,NA,NA,NA,NA,NA,NA,NA,NA,NA,NA,NA,NA,NA,NA,NA,NA,NA,NA,NA,NA,NA,NA,NA,NA,NA,NA,NA,NA,NA,NA,NA,NA
"Tahj Brooks","RB","CIN",1,NA,NA,NA,NA,NA,NA,NA,1.6,4.4,2.8,0,0,0.4,0.4,"3168518","CBS","17058","CBS","RB",0.1,0.1,0.8,0.8,8,0,NA,NA,NA,NA,NA,NA,NA,NA,NA,NA,NA,NA,NA,NA,NA,NA,NA,NA,NA,NA,NA,NA,NA,NA,NA,NA,NA,NA,NA,NA,NA,NA,NA,NA,NA,NA,NA,NA,NA,NA,NA,NA,NA,NA,NA,NA,NA,NA,NA,NA,NA,NA,NA,NA,NA,NA
"Brady Russell","FB","SEA",1,NA,NA,NA,NA,NA,NA,NA,0,0,0,0,0,0.4,0.4,"2866240","CBS","16496","CBS","RB",0.4,0.4,4.7,4.7,11.8,0,NA,NA,NA,NA,NA,NA,NA,NA,NA,NA,NA,NA,NA,NA,NA,NA,NA,NA,NA,NA,NA,NA,NA,NA,NA,NA,NA,NA,NA,NA,NA,NA,NA,NA,NA,NA,NA,NA,NA,NA,NA,NA,NA,NA,NA,NA,NA,NA,NA,NA,NA,NA,NA,NA,NA,NA
"Alec Ingold","FB","LAC",1,NA,NA,NA,NA,NA,NA,NA,0.3,0.9,3,0,0,0.3,0.3,"2183930","CBS","14420","CBS","RB",0.4,0.3,3.2,3.2,10.7,0,NA,NA,NA,NA,NA,NA,NA,NA,NA,NA,NA,NA,NA,NA,NA,NA,NA,NA,NA,NA,NA,NA,NA,NA,NA,NA,NA,NA,NA,NA,NA,NA,NA,NA,NA,NA,NA,NA,NA,NA,NA,NA,NA,NA,NA,NA,NA,NA,NA,NA,NA,NA,NA,NA,NA,NA
"Jacob Saylors","RB","DET",1,NA,NA,NA,NA,NA,NA,NA,0.7,3.2,4.6,0,0,0.3,0.3,"2976071","CBS","16850","CBS","RB",0.1,0.1,0.7,0.7,7,0,NA,NA,NA,NA,NA,NA,NA,NA,NA,NA,NA,NA,NA,NA,NA,NA,NA,NA,NA,NA,NA,NA,NA,NA,NA,NA,NA,NA,NA,NA,NA,NA,NA,NA,NA,NA,NA,NA,NA,NA,NA,NA,NA,NA,NA,NA,NA,NA,NA,NA,NA,NA,NA,NA,NA,NA
"Adam Prentice","FB","DEN",1,NA,NA,NA,NA,NA,NA,NA,0.4,1.9,4.8,0,0,0.2,0.2,"2188826","CBS","15650","CBS","RB",0.2,0.2,1.2,1.2,6,0,NA,NA,NA,NA,NA,NA,NA,NA,NA,NA,NA,NA,NA,NA,NA,NA,NA,NA,NA,NA,NA,NA,NA,NA,NA,NA,NA,NA,NA,NA,NA,NA,NA,NA,NA,NA,NA,NA,NA,NA,NA,NA,NA,NA,NA,NA,NA,NA,NA,NA,NA,NA,NA,NA,NA,NA
"Julius Chestnut","RB","TEN",1,NA,NA,NA,NA,NA,NA,NA,0.6,1.9,3.2,0,0,0.1,0.1,"2967664","CBS","15965","CBS","RB",0,0,0.1,0.1,0,0,NA,NA,NA,NA,NA,NA,NA,NA,NA,NA,NA,NA,NA,NA,NA,NA,NA,NA,NA,NA,NA,NA,NA,NA,NA,NA,NA,NA,NA,NA,NA,NA,NA,NA,NA,NA,NA,NA,NA,NA,NA,NA,NA,NA,NA,NA,NA,NA,NA,NA,NA,NA,NA,NA,NA,NA
"Reggie Gilliam","RB","NE",1,NA,NA,NA,NA,NA,NA,NA,0.2,0.3,1.5,0,0,0.1,0.1,"3161112","CBS","15103","CBS","RB",0.3,0.2,1.4,1.4,7,0,NA,NA,NA,NA,NA,NA,NA,NA,NA,NA,NA,NA,NA,NA,NA,NA,NA,NA,NA,NA,NA,NA,NA,NA,NA,NA,NA,NA,NA,NA,NA,NA,NA,NA,NA,NA,NA,NA,NA,NA,NA,NA,NA,NA,NA,NA,NA,NA,NA,NA,NA,NA,NA,NA,NA,NA
"Travis Homer","RB","PIT",1,NA,NA,NA,NA,NA,NA,NA,0.7,1.6,2.3,0,0,0.1,0.1,"2249831","CBS","14083","CBS","RB",0,0,0.1,0.1,0,0,NA,NA,NA,NA,NA,NA,NA,NA,NA,NA,NA,NA,NA,NA,NA,NA,NA,NA,NA,NA,NA,NA,NA,NA,NA,NA,NA,NA,NA,NA,NA,NA,NA,NA,NA,NA,NA,NA,NA,NA,NA,NA,NA,NA,NA,NA,NA,NA,NA,NA,NA,NA,NA,NA,NA,NA
"CeeDee Lamb","WR","DAL",1,NA,NA,NA,NA,NA,NA,NA,0.5,0.5,1,0,0,15.3,15.3,"2865251","CBS","14832","CBS","WR",10.6,7.6,105,105,13.8,0.8,NA,NA,NA,NA,NA,NA,NA,NA,NA,NA,NA,NA,NA,NA,NA,NA,NA,NA,NA,NA,NA,NA,NA,NA,NA,NA,NA,NA,NA,NA,NA,NA,NA,NA,NA,NA,NA,NA,NA,NA,NA,NA,NA,NA,NA,NA,NA,NA,NA,NA,NA,NA,NA,NA,NA,NA
"Jaxon Smith-Njigba","WR","SEA",1,NA,NA,NA,NA,NA,NA,NA,0.2,1.3,6.5,0,0,15.2,15.2,"3162959","CBS","16185","CBS","WR",9.9,7.2,97.8,97.8,13.6,0.9,NA,NA,NA,NA,NA,NA,NA,NA,NA,NA,NA,NA,NA,NA,NA,NA,NA,NA,NA,NA,NA,NA,NA,NA,NA,NA,NA,NA,NA,NA,NA,NA,NA,NA,NA,NA,NA,NA,NA,NA,NA,NA,NA,NA,NA,NA,NA,NA,NA,NA,NA,NA,NA,NA,NA,NA
"Amon-Ra St. Brown","WR","DET",1,NA,NA,NA,NA,NA,NA,NA,0.1,0.2,2,0,0,13.8,13.8,"2967690","CBS","15287","CBS","WR",10.5,7.2,84.6,84.6,11.8,0.9,NA,NA,NA,NA,NA,NA,NA,NA,NA,NA,NA,NA,NA,NA,NA,NA,NA,NA,NA,NA,NA,NA,NA,NA,NA,NA,NA,NA,NA,NA,NA,NA,NA,NA,NA,NA,NA,NA,NA,NA,NA,NA,NA,NA,NA,NA,NA,NA,NA,NA,NA,NA,NA,NA,NA,NA
"Nico Collins","WR","HOU",1,NA,NA,NA,NA,NA,NA,NA,0.2,1.1,5.5,0.1,0,13.5,13.5,"2878193","CBS","15290","CBS","WR",8.8,5.7,86,86,15.1,0.7,NA,NA,NA,NA,NA,NA,NA,NA,NA,NA,NA,NA,NA,NA,NA,NA,NA,NA,NA,NA,NA,NA,NA,NA,NA,NA,NA,NA,NA,NA,NA,NA,NA,NA,NA,NA,NA,NA,NA,NA,NA,NA,NA,NA,NA,NA,NA,NA,NA,NA,NA,NA,NA,NA,NA,NA
"Puka Nacua","WR","LAR",1,NA,NA,NA,NA,NA,NA,NA,0.8,5.3,6.6,0.1,0,13.4,13.4,"3121687","CBS","16211","CBS","WR",9.6,6.7,93.6,93.6,14,0.5,NA,NA,NA,NA,NA,NA,NA,NA,NA,NA,NA,NA,NA,NA,NA,NA,NA,NA,NA,NA,NA,NA,NA,NA,NA,NA,NA,NA,NA,NA,NA,NA,NA,NA,NA,NA,NA,NA,NA,NA,NA,NA,NA,NA,NA,NA,NA,NA,NA,NA,NA,NA,NA,NA,NA,NA
"Tee Higgins","WR","CIN",1,NA,NA,NA,NA,NA,NA,NA,0,0,0,0,0,12.7,12.7,"2809208","CBS","14835","CBS","WR",10.2,6.5,91.7,91.7,14.1,0.6,NA,NA,NA,NA,NA,NA,NA,NA,NA,NA,NA,NA,NA,NA,NA,NA,NA,NA,NA,NA,NA,NA,NA,NA,NA,NA,NA,NA,NA,NA,NA,NA,NA,NA,NA,NA,NA,NA,NA,NA,NA,NA,NA,NA,NA,NA,NA,NA,NA,NA,NA,NA,NA,NA,NA,NA
"Drake London","WR","ATL",1,NA,NA,NA,NA,NA,NA,NA,0.2,0.3,1.5,0,0,12.5,12.5,"3127902","CBS","15751","CBS","WR",8.6,5.7,89.4,89.4,15.7,0.6,NA,NA,NA,NA,NA,NA,NA,NA,NA,NA,NA,NA,NA,NA,NA,NA,NA,NA,NA,NA,NA,NA,NA,NA,NA,NA,NA,NA,NA,NA,NA,NA,NA,NA,NA,NA,NA,NA,NA,NA,NA,NA,NA,NA,NA,NA,NA,NA,NA,NA,NA,NA,NA,NA,NA,NA
"Christian Watson","WR","GB",1,NA,NA,NA,NA,NA,NA,NA,0.1,0.5,5,0,0,12,12,"2869806","CBS","15789","CBS","WR",7,4.3,78.7,78.7,18.3,0.7,NA,NA,NA,NA,NA,NA,NA,NA,NA,NA,NA,NA,NA,NA,NA,NA,NA,NA,NA,NA,NA,NA,NA,NA,NA,NA,NA,NA,NA,NA,NA,NA,NA,NA,NA,NA,NA,NA,NA,NA,NA,NA,NA,NA,NA,NA,NA,NA,NA,NA,NA,NA,NA,NA,NA,NA
"Zay Flowers","WR","BAL",1,NA,NA,NA,NA,NA,NA,NA,0.5,4.3,8.6,0,0.1,10.9,10.9,"3127049","CBS","16190","CBS","WR",7.1,5.2,77,77,14.8,0.5,NA,NA,NA,NA,NA,NA,NA,NA,NA,NA,NA,NA,NA,NA,NA,NA,NA,NA,NA,NA,NA,NA,NA,NA,NA,NA,NA,NA,NA,NA,NA,NA,NA,NA,NA,NA,NA,NA,NA,NA,NA,NA,NA,NA,NA,NA,NA,NA,NA,NA,NA,NA,NA,NA,NA,NA
"Davante Adams","WR","LAR",1,NA,NA,NA,NA,NA,NA,NA,0,0,0,0,0,10.7,10.7,"1893167","CBS","11675","CBS","WR",7.9,4.4,65.8,65.8,15,0.7,NA,NA,NA,NA,NA,NA,NA,NA,NA,NA,NA,NA,NA,NA,NA,NA,NA,NA,NA,NA,NA,NA,NA,NA,NA,NA,NA,NA,NA,NA,NA,NA,NA,NA,NA,NA,NA,NA,NA,NA,NA,NA,NA,NA,NA,NA,NA,NA,NA,NA,NA,NA,NA,NA,NA,NA
"George Pickens","WR","DAL",1,NA,NA,NA,NA,NA,NA,NA,0,-0.1,0,0,0,10.5,10.5,"3123212","CBS","15762","CBS","WR",8.4,5.5,81.2,81.2,14.8,0.4,NA,NA,NA,NA,NA,NA,NA,NA,NA,NA,NA,NA,NA,NA,NA,NA,NA,NA,NA,NA,NA,NA,NA,NA,NA,NA,NA,NA,NA,NA,NA,NA,NA,NA,NA,NA,NA,NA,NA,NA,NA,NA,NA,NA,NA,NA,NA,NA,NA,NA,NA,NA,NA,NA,NA,NA
"Chris Olave","WR","NO",1,NA,NA,NA,NA,NA,NA,NA,0.1,0,0,0,0,10.3,10.3,"2963666","CBS","15754","CBS","WR",9.2,6.3,79.4,79.4,12.6,0.4,NA,NA,NA,NA,NA,NA,NA,NA,NA,NA,NA,NA,NA,NA,NA,NA,NA,NA,NA,NA,NA,NA,NA,NA,NA,NA,NA,NA,NA,NA,NA,NA,NA,NA,NA,NA,NA,NA,NA,NA,NA,NA,NA,NA,NA,NA,NA,NA,NA,NA,NA,NA,NA,NA,NA,NA
"Garrett Wilson","WR","NYJ",1,NA,NA,NA,NA,NA,NA,NA,0,0.1,0,0,0,9.7,9.7,"3123864","CBS","15753","CBS","WR",8.1,5.6,61.7,61.7,11,0.6,NA,NA,NA,NA,NA,NA,NA,NA,NA,NA,NA,NA,NA,NA,NA,NA,NA,NA,NA,NA,NA,NA,NA,NA,NA,NA,NA,NA,NA,NA,NA,NA,NA,NA,NA,NA,NA,NA,NA,NA,NA,NA,NA,NA,NA,NA,NA,NA,NA,NA,NA,NA,NA,NA,NA,NA
"Terry McLaurin","WR","WAS",1,NA,NA,NA,NA,NA,NA,NA,0,0,0,0,0,9.5,9.5,"2139279","CBS","14109","CBS","WR",6.6,3.9,59.5,59.5,15.3,0.6,NA,NA,NA,NA,NA,NA,NA,NA,NA,NA,NA,NA,NA,NA,NA,NA,NA,NA,NA,NA,NA,NA,NA,NA,NA,NA,NA,NA,NA,NA,NA,NA,NA,NA,NA,NA,NA,NA,NA,NA,NA,NA,NA,NA,NA,NA,NA,NA,NA,NA,NA,NA,NA,NA,NA,NA
"Jameson Williams","WR","DET",1,NA,NA,NA,NA,NA,NA,NA,0.3,2,6.7,0,0,9.4,9.4,"3125968","CBS","15756","CBS","WR",6.2,4,68.4,68.4,17.1,0.4,NA,NA,NA,NA,NA,NA,NA,NA,NA,NA,NA,NA,NA,NA,NA,NA,NA,NA,NA,NA,NA,NA,NA,NA,NA,NA,NA,NA,NA,NA,NA,NA,NA,NA,NA,NA,NA,NA,NA,NA,NA,NA,NA,NA,NA,NA,NA,NA,NA,NA,NA,NA,NA,NA,NA,NA
"Parker Washington","WR","JAC",1,NA,NA,NA,NA,NA,NA,NA,0.4,0.3,0.8,0,0,9,9,"3168820","CBS","16192","CBS","WR",6.8,4.2,60,60,14.3,0.5,NA,NA,NA,NA,NA,NA,NA,NA,NA,NA,NA,NA,NA,NA,NA,NA,NA,NA,NA,NA,NA,NA,NA,NA,NA,NA,NA,NA,NA,NA,NA,NA,NA,NA,NA,NA,NA,NA,NA,NA,NA,NA,NA,NA,NA,NA,NA,NA,NA,NA,NA,NA,NA,NA,NA,NA
"Michael Wilson","WR","ARI",1,NA,NA,NA,NA,NA,NA,NA,0,0.1,0,0,0,8.7,8.7,"2965181","CBS","16206","CBS","WR",8.5,5.2,63.7,63.7,12.3,0.4,NA,NA,NA,NA,NA,NA,NA,NA,NA,NA,NA,NA,NA,NA,NA,NA,NA,NA,NA,NA,NA,NA,NA,NA,NA,NA,NA,NA,NA,NA,NA,NA,NA,NA,NA,NA,NA,NA,NA,NA,NA,NA,NA,NA,NA,NA,NA,NA,NA,NA,NA,NA,NA,NA,NA,NA
"Romeo Doubs","WR","NE",1,NA,NA,NA,NA,NA,NA,NA,0,0,0,0,0,8.7,8.7,"2961886","CBS","15779","CBS","WR",6.2,3.9,57.5,57.5,14.7,0.5,NA,NA,NA,NA,NA,NA,NA,NA,NA,NA,NA,NA,NA,NA,NA,NA,NA,NA,NA,NA,NA,NA,NA,NA,NA,NA,NA,NA,NA,NA,NA,NA,NA,NA,NA,NA,NA,NA,NA,NA,NA,NA,NA,NA,NA,NA,NA,NA,NA,NA,NA,NA,NA,NA,NA,NA
"Malik Nabers","WR","NYG",1,NA,NA,NA,NA,NA,NA,NA,0.1,0.1,1,0,0,8.6,8.6,"26697761","CBS","16615","CBS","WR",7.2,4.7,62.5,62.5,13.3,0.4,NA,NA,NA,NA,NA,NA,NA,NA,NA,NA,NA,NA,NA,NA,NA,NA,NA,NA,NA,NA,NA,NA,NA,NA,NA,NA,NA,NA,NA,NA,NA,NA,NA,NA,NA,NA,NA,NA,NA,NA,NA,NA,NA,NA,NA,NA,NA,NA,NA,NA,NA,NA,NA,NA,NA,NA
"Emeka Egbuka","WR","TB",1,NA,NA,NA,NA,NA,NA,NA,0.1,-0.2,-2,0,0,8.1,8.1,"26696165","CBS","17081","CBS","WR",8.2,4.2,57.6,57.6,13.7,0.4,NA,NA,NA,NA,NA,NA,NA,NA,NA,NA,NA,NA,NA,NA,NA,NA,NA,NA,NA,NA,NA,NA,NA,NA,NA,NA,NA,NA,NA,NA,NA,NA,NA,NA,NA,NA,NA,NA,NA,NA,NA,NA,NA,NA,NA,NA,NA,NA,NA,NA,NA,NA,NA,NA,NA,NA
"DK Metcalf","WR","PIT",1,NA,NA,NA,NA,NA,NA,NA,0.1,0.4,4,0.1,0,8,8,"2260185","CBS","14102","CBS","WR",6.9,3.7,56.7,56.7,15.3,0.3,NA,NA,NA,NA,NA,NA,NA,NA,NA,NA,NA,NA,NA,NA,NA,NA,NA,NA,NA,NA,NA,NA,NA,NA,NA,NA,NA,NA,NA,NA,NA,NA,NA,NA,NA,NA,NA,NA,NA,NA,NA,NA,NA,NA,NA,NA,NA,NA,NA,NA,NA,NA,NA,NA,NA,NA
"Matthew Golden","WR","GB",1,NA,NA,NA,NA,NA,NA,NA,0.4,2.4,6,0,0,7.9,7.9,"28874927","CBS","17075","CBS","WR",6.6,3.5,59.2,59.2,16.9,0.3,NA,NA,NA,NA,NA,NA,NA,NA,NA,NA,NA,NA,NA,NA,NA,NA,NA,NA,NA,NA,NA,NA,NA,NA,NA,NA,NA,NA,NA,NA,NA,NA,NA,NA,NA,NA,NA,NA,NA,NA,NA,NA,NA,NA,NA,NA,NA,NA,NA,NA,NA,NA,NA,NA,NA,NA
"Jordan Addison","WR","MIN",1,NA,NA,NA,NA,NA,NA,NA,0.2,3,15,0.1,0,7.8,7.8,"3162290","CBS","16186","CBS","WR",5.6,3,45.3,45.3,15.1,0.4,NA,NA,NA,NA,NA,NA,NA,NA,NA,NA,NA,NA,NA,NA,NA,NA,NA,NA,NA,NA,NA,NA,NA,NA,NA,NA,NA,NA,NA,NA,NA,NA,NA,NA,NA,NA,NA,NA,NA,NA,NA,NA,NA,NA,NA,NA,NA,NA,NA,NA,NA,NA,NA,NA,NA,NA
"Jaylen Waddle","WR","DEN",1,NA,NA,NA,NA,NA,NA,NA,0.2,2.3,11.5,0,0,7.3,7.3,"2962110","CBS","15284","CBS","WR",6.2,3.9,53.1,53.1,13.6,0.3,NA,NA,NA,NA,NA,NA,NA,NA,NA,NA,NA,NA,NA,NA,NA,NA,NA,NA,NA,NA,NA,NA,NA,NA,NA,NA,NA,NA,NA,NA,NA,NA,NA,NA,NA,NA,NA,NA,NA,NA,NA,NA,NA,NA,NA,NA,NA,NA,NA,NA,NA,NA,NA,NA,NA,NA
"Chris Godwin","WR","TB",1,NA,NA,NA,NA,NA,NA,NA,0.3,2.1,7,0,0,7.1,7.1,"2818150","CBS","13163","CBS","WR",5.8,4.6,51.9,51.9,11.3,0.3,NA,NA,NA,NA,NA,NA,NA,NA,NA,NA,NA,NA,NA,NA,NA,NA,NA,NA,NA,NA,NA,NA,NA,NA,NA,NA,NA,NA,NA,NA,NA,NA,NA,NA,NA,NA,NA,NA,NA,NA,NA,NA,NA,NA,NA,NA,NA,NA,NA,NA,NA,NA,NA,NA,NA,NA
"Josh Downs","WR","IND",1,NA,NA,NA,NA,NA,NA,NA,0.1,0.1,1,0,0,7,7,"3162970","CBS","16187","CBS","WR",6.8,4.3,52,52,12.1,0.3,NA,NA,NA,NA,NA,NA,NA,NA,NA,NA,NA,NA,NA,NA,NA,NA,NA,NA,NA,NA,NA,NA,NA,NA,NA,NA,NA,NA,NA,NA,NA,NA,NA,NA,NA,NA,NA,NA,NA,NA,NA,NA,NA,NA,NA,NA,NA,NA,NA,NA,NA,NA,NA,NA,NA,NA
"Luther Burden III","WR","CHI",1,NA,NA,NA,NA,NA,NA,NA,0.6,2.9,4.8,0,0.1,6.9,6.9,"28874444","CBS","17070","CBS","WR",6.1,4.2,51.1,51.1,12.2,0.3,NA,NA,NA,NA,NA,NA,NA,NA,NA,NA,NA,NA,NA,NA,NA,NA,NA,NA,NA,NA,NA,NA,NA,NA,NA,NA,NA,NA,NA,NA,NA,NA,NA,NA,NA,NA,NA,NA,NA,NA,NA,NA,NA,NA,NA,NA,NA,NA,NA,NA,NA,NA,NA,NA,NA,NA
"Carnell Tate","WR","TEN",1,NA,NA,NA,NA,NA,NA,NA,0.1,0.3,3,0,0.2,6.8,6.8,"29124411","CBS","17497","CBS","WR",6.7,4.3,60.4,60.4,14.1,0.2,NA,NA,NA,NA,NA,NA,NA,NA,NA,NA,NA,NA,NA,NA,NA,NA,NA,NA,NA,NA,NA,NA,NA,NA,NA,NA,NA,NA,NA,NA,NA,NA,NA,NA,NA,NA,NA,NA,NA,NA,NA,NA,NA,NA,NA,NA,NA,NA,NA,NA,NA,NA,NA,NA,NA,NA
"Stefon Diggs","WR","WAS",1,NA,NA,NA,NA,NA,NA,NA,0,0.1,0,0,0,6.7,6.7,"2000038","CBS","12186","CBS","WR",6.1,4.3,43.5,43.5,10.1,0.4,NA,NA,NA,NA,NA,NA,NA,NA,NA,NA,NA,NA,NA,NA,NA,NA,NA,NA,NA,NA,NA,NA,NA,NA,NA,NA,NA,NA,NA,NA,NA,NA,NA,NA,NA,NA,NA,NA,NA,NA,NA,NA,NA,NA,NA,NA,NA,NA,NA,NA,NA,NA,NA,NA,NA,NA
"Mike Evans","WR","SF",1,NA,NA,NA,NA,NA,NA,NA,0,0,0,0,0,6.6,6.6,"1824909","CBS","11671","CBS","WR",6.9,4.4,48.7,48.7,11.1,0.3,NA,NA,NA,NA,NA,NA,NA,NA,NA,NA,NA,NA,NA,NA,NA,NA,NA,NA,NA,NA,NA,NA,NA,NA,NA,NA,NA,NA,NA,NA,NA,NA,NA,NA,NA,NA,NA,NA,NA,NA,NA,NA,NA,NA,NA,NA,NA,NA,NA,NA,NA,NA,NA,NA,NA,NA
"Marvin Harrison Jr.","WR","ARI",1,NA,NA,NA,NA,NA,NA,NA,0,0,0,0,0,6.5,6.5,"26701883","CBS","16614","CBS","WR",5.4,2.7,41.5,41.5,15.4,0.4,NA,NA,NA,NA,NA,NA,NA,NA,NA,NA,NA,NA,NA,NA,NA,NA,NA,NA,NA,NA,NA,NA,NA,NA,NA,NA,NA,NA,NA,NA,NA,NA,NA,NA,NA,NA,NA,NA,NA,NA,NA,NA,NA,NA,NA,NA,NA,NA,NA,NA,NA,NA,NA,NA,NA,NA
"Denzel Boston","WR","CLE",1,NA,NA,NA,NA,NA,NA,NA,0.1,0.3,3,0,0.1,6.4,6.4,"28875368","CBS","17500","CBS","WR",5.2,3.2,48.7,48.7,15.2,0.3,NA,NA,NA,NA,NA,NA,NA,NA,NA,NA,NA,NA,NA,NA,NA,NA,NA,NA,NA,NA,NA,NA,NA,NA,NA,NA,NA,NA,NA,NA,NA,NA,NA,NA,NA,NA,NA,NA,NA,NA,NA,NA,NA,NA,NA,NA,NA,NA,NA,NA,NA,NA,NA,NA,NA,NA
"Dontayvion Wicks","WR","PHI",1,NA,NA,NA,NA,NA,NA,NA,0,0.2,0,0,0,6.3,6.3,"3122375","CBS","16195","CBS","WR",7.1,4.2,51.3,51.3,12.2,0.2,NA,NA,NA,NA,NA,NA,NA,NA,NA,NA,NA,NA,NA,NA,NA,NA,NA,NA,NA,NA,NA,NA,NA,NA,NA,NA,NA,NA,NA,NA,NA,NA,NA,NA,NA,NA,NA,NA,NA,NA,NA,NA,NA,NA,NA,NA,NA,NA,NA,NA,NA,NA,NA,NA,NA,NA
"Roman Wilson","WR","PIT",1,NA,NA,NA,NA,NA,NA,NA,0,0,0,0,0.1,6.2,6.2,"3169495","CBS","16629","CBS","WR",4.7,2.8,40.4,40.4,14.4,0.4,NA,NA,NA,NA,NA,NA,NA,NA,NA,NA,NA,NA,NA,NA,NA,NA,NA,NA,NA,NA,NA,NA,NA,NA,NA,NA,NA,NA,NA,NA,NA,NA,NA,NA,NA,NA,NA,NA,NA,NA,NA,NA,NA,NA,NA,NA,NA,NA,NA,NA,NA,NA,NA,NA,NA,NA
"Rome Odunze","WR","CHI",1,NA,NA,NA,NA,NA,NA,NA,0,0.2,0,0,0,6.2,6.2,"3162979","CBS","16616","CBS","WR",6.4,3.4,50.5,50.5,14.9,0.2,NA,NA,NA,NA,NA,NA,NA,NA,NA,NA,NA,NA,NA,NA,NA,NA,NA,NA,NA,NA,NA,NA,NA,NA,NA,NA,NA,NA,NA,NA,NA,NA,NA,NA,NA,NA,NA,NA,NA,NA,NA,NA,NA,NA,NA,NA,NA,NA,NA,NA,NA,NA,NA,NA,NA,NA
"Deebo Samuel","WR","SF",1,NA,NA,NA,NA,NA,NA,NA,2.2,10.6,4.8,0,0,6.2,6.2,"2139735","CBS","14136","CBS","WR",4.9,3.6,34.2,34.2,9.5,0.3,NA,NA,NA,NA,NA,NA,NA,NA,NA,NA,NA,NA,NA,NA,NA,NA,NA,NA,NA,NA,NA,NA,NA,NA,NA,NA,NA,NA,NA,NA,NA,NA,NA,NA,NA,NA,NA,NA,NA,NA,NA,NA,NA,NA,NA,NA,NA,NA,NA,NA,NA,NA,NA,NA,NA,NA
"Tre Tucker","WR","LV",1,NA,NA,NA,NA,NA,NA,NA,0.4,1.6,4,0,0,6.1,6.1,"3121848","CBS","16287","CBS","WR",6.7,4.1,48.3,48.3,11.8,0.2,NA,NA,NA,NA,NA,NA,NA,NA,NA,NA,NA,NA,NA,NA,NA,NA,NA,NA,NA,NA,NA,NA,NA,NA,NA,NA,NA,NA,NA,NA,NA,NA,NA,NA,NA,NA,NA,NA,NA,NA,NA,NA,NA,NA,NA,NA,NA,NA,NA,NA,NA,NA,NA,NA,NA,NA
"Courtland Sutton","WR","DEN",1,NA,NA,NA,NA,NA,NA,NA,0,0,0,0,0,5.9,5.9,"2218461","CBS","13630","CBS","WR",5.9,3.1,41.4,41.4,13.4,0.3,NA,NA,NA,NA,NA,NA,NA,NA,NA,NA,NA,NA,NA,NA,NA,NA,NA,NA,NA,NA,NA,NA,NA,NA,NA,NA,NA,NA,NA,NA,NA,NA,NA,NA,NA,NA,NA,NA,NA,NA,NA,NA,NA,NA,NA,NA,NA,NA,NA,NA,NA,NA,NA,NA,NA,NA
"Brian Thomas Jr.","WR","JAC",1,NA,NA,NA,NA,NA,NA,NA,0.1,0.9,9,0,0,5.8,5.8,"3132164","CBS","16618","CBS","WR",4.8,2.9,40.8,40.8,14.1,0.3,NA,NA,NA,NA,NA,NA,NA,NA,NA,NA,NA,NA,NA,NA,NA,NA,NA,NA,NA,NA,NA,NA,NA,NA,NA,NA,NA,NA,NA,NA,NA,NA,NA,NA,NA,NA,NA,NA,NA,NA,NA,NA,NA,NA,NA,NA,NA,NA,NA,NA,NA,NA,NA,NA,NA,NA
"Jakobi Meyers","WR","JAC",1,NA,NA,NA,NA,NA,NA,NA,0.3,0.8,2.7,0,0,5.8,5.8,"2183835","CBS","14127","CBS","WR",4.9,3.5,40.5,40.5,11.6,0.3,NA,NA,NA,NA,NA,NA,NA,NA,NA,NA,NA,NA,NA,NA,NA,NA,NA,NA,NA,NA,NA,NA,NA,NA,NA,NA,NA,NA,NA,NA,NA,NA,NA,NA,NA,NA,NA,NA,NA,NA,NA,NA,NA,NA,NA,NA,NA,NA,NA,NA,NA,NA,NA,NA,NA,NA
"Wan'Dale Robinson","WR","TEN",1,NA,NA,NA,NA,NA,NA,NA,0.2,0.3,1.5,0,0,5.8,5.8,"3124107","CBS","15757","CBS","WR",6.4,4.3,40.9,40.9,9.5,0.3,NA,NA,NA,NA,NA,NA,NA,NA,NA,NA,NA,NA,NA,NA,NA,NA,NA,NA,NA,NA,NA,NA,NA,NA,NA,NA,NA,NA,NA,NA,NA,NA,NA,NA,NA,NA,NA,NA,NA,NA,NA,NA,NA,NA,NA,NA,NA,NA,NA,NA,NA,NA,NA,NA,NA,NA
"Malik Washington","WR","MIA",1,NA,NA,NA,NA,NA,NA,NA,0.9,4.1,4.6,0,0.2,5.8,5.8,"3124729","CBS","16684","CBS","WR",6.5,4.3,46.8,46.8,10.9,0.2,NA,NA,NA,NA,NA,NA,NA,NA,NA,NA,NA,NA,NA,NA,NA,NA,NA,NA,NA,NA,NA,NA,NA,NA,NA,NA,NA,NA,NA,NA,NA,NA,NA,NA,NA,NA,NA,NA,NA,NA,NA,NA,NA,NA,NA,NA,NA,NA,NA,NA,NA,NA,NA,NA,NA,NA
"Dohnte Meyers","WR","CIN",1,NA,NA,NA,NA,NA,NA,NA,0.2,1.3,6.5,0,0.2,5.7,5.7,"2978569","CBS","17752","CBS","WR",6.4,4.1,48.8,48.8,11.9,0.2,NA,NA,NA,NA,NA,NA,NA,NA,NA,NA,NA,NA,NA,NA,NA,NA,NA,NA,NA,NA,NA,NA,NA,NA,NA,NA,NA,NA,NA,NA,NA,NA,NA,NA,NA,NA,NA,NA,NA,NA,NA,NA,NA,NA,NA,NA,NA,NA,NA,NA,NA,NA,NA,NA,NA,NA
"DJ Moore","WR","BUF",1,NA,NA,NA,NA,NA,NA,NA,0.8,3.6,4.5,0,0,5.7,5.7,"2179328","CBS","13635","CBS","WR",5.3,3.3,36.8,36.8,11.2,0.3,NA,NA,NA,NA,NA,NA,NA,NA,NA,NA,NA,NA,NA,NA,NA,NA,NA,NA,NA,NA,NA,NA,NA,NA,NA,NA,NA,NA,NA,NA,NA,NA,NA,NA,NA,NA,NA,NA,NA,NA,NA,NA,NA,NA,NA,NA,NA,NA,NA,NA,NA,NA,NA,NA,NA,NA
"Ted Hurst","WR","TB",1,NA,NA,NA,NA,NA,NA,NA,0.1,0.5,5,0,0.1,5.7,5.7,"29421796","CBS","17520","CBS","WR",4.9,2.8,41.4,41.4,14.8,0.3,NA,NA,NA,NA,NA,NA,NA,NA,NA,NA,NA,NA,NA,NA,NA,NA,NA,NA,NA,NA,NA,NA,NA,NA,NA,NA,NA,NA,NA,NA,NA,NA,NA,NA,NA,NA,NA,NA,NA,NA,NA,NA,NA,NA,NA,NA,NA,NA,NA,NA,NA,NA,NA,NA,NA,NA
"Rashid Shaheed","WR","SEA",1,NA,NA,NA,NA,NA,NA,NA,0.8,7.1,8.9,0.1,0,5.6,5.6,"2250863","CBS","16080","CBS","WR",4.7,2.5,31.1,31.1,12.4,0.2,NA,NA,NA,NA,NA,NA,NA,NA,NA,NA,NA,NA,NA,NA,NA,NA,NA,NA,NA,NA,NA,NA,NA,NA,NA,NA,NA,NA,NA,NA,NA,NA,NA,NA,NA,NA,NA,NA,NA,NA,NA,NA,NA,NA,NA,NA,NA,NA,NA,NA,NA,NA,NA,NA,NA,NA
"Makai Lemon","WR","PHI",1,NA,NA,NA,NA,NA,NA,NA,0.2,0,0,0,0.1,5.5,5.5,"29123772","CBS","17499","CBS","WR",6.8,4.3,45.3,45.3,10.5,0.2,NA,NA,NA,NA,NA,NA,NA,NA,NA,NA,NA,NA,NA,NA,NA,NA,NA,NA,NA,NA,NA,NA,NA,NA,NA,NA,NA,NA,NA,NA,NA,NA,NA,NA,NA,NA,NA,NA,NA,NA,NA,NA,NA,NA,NA,NA,NA,NA,NA,NA,NA,NA,NA,NA,NA,NA
"Justin Jefferson","WR","MIN",1,NA,NA,NA,NA,NA,NA,NA,0.1,0.2,2,0,0,5.4,5.4,"2871343","CBS","14836","CBS","WR",4.1,2.6,36.7,36.7,14.1,0.3,NA,NA,NA,NA,NA,NA,NA,NA,NA,NA,NA,NA,NA,NA,NA,NA,NA,NA,NA,NA,NA,NA,NA,NA,NA,NA,NA,NA,NA,NA,NA,NA,NA,NA,NA,NA,NA,NA,NA,NA,NA,NA,NA,NA,NA,NA,NA,NA,NA,NA,NA,NA,NA,NA,NA,NA
"Quentin Johnston","WR","LAC",1,NA,NA,NA,NA,NA,NA,NA,0.2,0.4,2,0,0,5.3,5.3,"3162609","CBS","16188","CBS","WR",5.2,2.7,35.4,35.4,13.1,0.3,NA,NA,NA,NA,NA,NA,NA,NA,NA,NA,NA,NA,NA,NA,NA,NA,NA,NA,NA,NA,NA,NA,NA,NA,NA,NA,NA,NA,NA,NA,NA,NA,NA,NA,NA,NA,NA,NA,NA,NA,NA,NA,NA,NA,NA,NA,NA,NA,NA,NA,NA,NA,NA,NA,NA,NA
"Xavier Hutchinson","WR","HOU",1,NA,NA,NA,NA,NA,NA,NA,0.2,0.9,4.5,0,0,5.2,5.2,"3161943","CBS","16201","CBS","WR",6.1,3,40.4,40.4,13.5,0.2,NA,NA,NA,NA,NA,NA,NA,NA,NA,NA,NA,NA,NA,NA,NA,NA,NA,NA,NA,NA,NA,NA,NA,NA,NA,NA,NA,NA,NA,NA,NA,NA,NA,NA,NA,NA,NA,NA,NA,NA,NA,NA,NA,NA,NA,NA,NA,NA,NA,NA,NA,NA,NA,NA,NA,NA
"Caleb Douglas","WR","MIA",1,NA,NA,NA,NA,NA,NA,NA,0.1,0.6,6,0,0.1,5.2,5.2,"28900321","CBS","17599","CBS","WR",4.9,3.1,42.7,42.7,13.8,0.2,NA,NA,NA,NA,NA,NA,NA,NA,NA,NA,NA,NA,NA,NA,NA,NA,NA,NA,NA,NA,NA,NA,NA,NA,NA,NA,NA,NA,NA,NA,NA,NA,NA,NA,NA,NA,NA,NA,NA,NA,NA,NA,NA,NA,NA,NA,NA,NA,NA,NA,NA,NA,NA,NA,NA,NA
"Devaughn Vele","WR","NO",1,NA,NA,NA,NA,NA,NA,NA,0,0,0,0,0,5.1,5.1,"3121113","CBS","16788","CBS","WR",5.3,3.6,39.1,39.1,10.9,0.2,NA,NA,NA,NA,NA,NA,NA,NA,NA,NA,NA,NA,NA,NA,NA,NA,NA,NA,NA,NA,NA,NA,NA,NA,NA,NA,NA,NA,NA,NA,NA,NA,NA,NA,NA,NA,NA,NA,NA,NA,NA,NA,NA,NA,NA,NA,NA,NA,NA,NA,NA,NA,NA,NA,NA,NA
"Isaac TeSlaa","WR","DET",1,NA,NA,NA,NA,NA,NA,NA,0,0,0,0,0,5.1,5.1,"29122587","CBS","17157","CBS","WR",3.1,1.7,33.5,33.5,19.7,0.3,NA,NA,NA,NA,NA,NA,NA,NA,NA,NA,NA,NA,NA,NA,NA,NA,NA,NA,NA,NA,NA,NA,NA,NA,NA,NA,NA,NA,NA,NA,NA,NA,NA,NA,NA,NA,NA,NA,NA,NA,NA,NA,NA,NA,NA,NA,NA,NA,NA,NA,NA,NA,NA,NA,NA,NA
"Christian Kirk","WR","SF",1,NA,NA,NA,NA,NA,NA,NA,0,0,0,0,0,5,5,"2180820","CBS","13633","CBS","WR",5.5,3.1,32.2,32.2,10.4,0.3,NA,NA,NA,NA,NA,NA,NA,NA,NA,NA,NA,NA,NA,NA,NA,NA,NA,NA,NA,NA,NA,NA,NA,NA,NA,NA,NA,NA,NA,NA,NA,NA,NA,NA,NA,NA,NA,NA,NA,NA,NA,NA,NA,NA,NA,NA,NA,NA,NA,NA,NA,NA,NA,NA,NA,NA
"Malachi Fields","WR","NYG",1,NA,NA,NA,NA,NA,NA,NA,0.1,0.5,5,0,0,4.9,4.9,"26706066","CBS","17511","CBS","WR",3.5,2,31.1,31.1,15.6,0.3,NA,NA,NA,NA,NA,NA,NA,NA,NA,NA,NA,NA,NA,NA,NA,NA,NA,NA,NA,NA,NA,NA,NA,NA,NA,NA,NA,NA,NA,NA,NA,NA,NA,NA,NA,NA,NA,NA,NA,NA,NA,NA,NA,NA,NA,NA,NA,NA,NA,NA,NA,NA,NA,NA,NA,NA
"Darius Cooper","WR","PHI",1,NA,NA,NA,NA,NA,NA,NA,0,0.1,0,0,0,4.8,4.8,"3165205","CBS","17333","CBS","WR",4.4,2.7,30.4,30.4,11.3,0.3,NA,NA,NA,NA,NA,NA,NA,NA,NA,NA,NA,NA,NA,NA,NA,NA,NA,NA,NA,NA,NA,NA,NA,NA,NA,NA,NA,NA,NA,NA,NA,NA,NA,NA,NA,NA,NA,NA,NA,NA,NA,NA,NA,NA,NA,NA,NA,NA,NA,NA,NA,NA,NA,NA,NA,NA
"Rashod Bateman","WR","BAL",1,NA,NA,NA,NA,NA,NA,NA,0,0,0,0,0,4.8,4.8,"2960940","CBS","15293","CBS","WR",3.3,2.1,30.6,30.6,14.6,0.3,NA,NA,NA,NA,NA,NA,NA,NA,NA,NA,NA,NA,NA,NA,NA,NA,NA,NA,NA,NA,NA,NA,NA,NA,NA,NA,NA,NA,NA,NA,NA,NA,NA,NA,NA,NA,NA,NA,NA,NA,NA,NA,NA,NA,NA,NA,NA,NA,NA,NA,NA,NA,NA,NA,NA,NA
"KC Concepcion","WR","CLE",1,NA,NA,NA,NA,NA,NA,NA,0.4,1,2.5,0,0.2,4.6,4.6,"29123718","CBS","17501","CBS","WR",5.7,3.5,37.5,37.5,10.7,0.2,NA,NA,NA,NA,NA,NA,NA,NA,NA,NA,NA,NA,NA,NA,NA,NA,NA,NA,NA,NA,NA,NA,NA,NA,NA,NA,NA,NA,NA,NA,NA,NA,NA,NA,NA,NA,NA,NA,NA,NA,NA,NA,NA,NA,NA,NA,NA,NA,NA,NA,NA,NA,NA,NA,NA,NA
"Cooper Kupp","WR","SEA",1,NA,NA,NA,NA,NA,NA,NA,0,0.1,0,0,0,4.6,4.6,"2006951","CBS","13164","CBS","WR",4.4,3,34.8,34.8,11.6,0.2,NA,NA,NA,NA,NA,NA,NA,NA,NA,NA,NA,NA,NA,NA,NA,NA,NA,NA,NA,NA,NA,NA,NA,NA,NA,NA,NA,NA,NA,NA,NA,NA,NA,NA,NA,NA,NA,NA,NA,NA,NA,NA,NA,NA,NA,NA,NA,NA,NA,NA,NA,NA,NA,NA,NA,NA
"Isaiah Williams","WR","NYJ",1,NA,NA,NA,NA,NA,NA,NA,0.3,4,13.3,0,0,4.6,4.6,"3126581","CBS","16630","CBS","WR",3.6,2.8,30.2,30.2,10.8,0.2,NA,NA,NA,NA,NA,NA,NA,NA,NA,NA,NA,NA,NA,NA,NA,NA,NA,NA,NA,NA,NA,NA,NA,NA,NA,NA,NA,NA,NA,NA,NA,NA,NA,NA,NA,NA,NA,NA,NA,NA,NA,NA,NA,NA,NA,NA,NA,NA,NA,NA,NA,NA,NA,NA,NA,NA
"Elic Ayomanor","WR","TEN",1,NA,NA,NA,NA,NA,NA,NA,0,0,0,0,0,4.6,4.6,"28900714","CBS","17073","CBS","WR",3.9,1.9,34.4,34.4,18.1,0.2,NA,NA,NA,NA,NA,NA,NA,NA,NA,NA,NA,NA,NA,NA,NA,NA,NA,NA,NA,NA,NA,NA,NA,NA,NA,NA,NA,NA,NA,NA,NA,NA,NA,NA,NA,NA,NA,NA,NA,NA,NA,NA,NA,NA,NA,NA,NA,NA,NA,NA,NA,NA,NA,NA,NA,NA
"Michael Pittman","WR","PIT",1,NA,NA,NA,NA,NA,NA,NA,0,0,0,0,0,4.6,4.6,"2240188","CBS","14842","CBS","WR",5.1,3.4,34.5,34.5,10.2,0.2,NA,NA,NA,NA,NA,NA,NA,NA,NA,NA,NA,NA,NA,NA,NA,NA,NA,NA,NA,NA,NA,NA,NA,NA,NA,NA,NA,NA,NA,NA,NA,NA,NA,NA,NA,NA,NA,NA,NA,NA,NA,NA,NA,NA,NA,NA,NA,NA,NA,NA,NA,NA,NA,NA,NA,NA
"Ladd McConkey","WR","LAC",1,NA,NA,NA,NA,NA,NA,NA,0,0,0,0,0,4.5,4.5,"3163962","CBS","16627","CBS","WR",3.8,2.6,33.7,33.7,13,0.2,NA,NA,NA,NA,NA,NA,NA,NA,NA,NA,NA,NA,NA,NA,NA,NA,NA,NA,NA,NA,NA,NA,NA,NA,NA,NA,NA,NA,NA,NA,NA,NA,NA,NA,NA,NA,NA,NA,NA,NA,NA,NA,NA,NA,NA,NA,NA,NA,NA,NA,NA,NA,NA,NA,NA,NA
"Kalif Raymond","WR","CHI",1,NA,NA,NA,NA,NA,NA,NA,0.1,0.5,5,0,0,4.5,4.5,"1999329","CBS","13066","CBS","WR",3.7,3.2,33.7,33.7,10.5,0.2,NA,NA,NA,NA,NA,NA,NA,NA,NA,NA,NA,NA,NA,NA,NA,NA,NA,NA,NA,NA,NA,NA,NA,NA,NA,NA,NA,NA,NA,NA,NA,NA,NA,NA,NA,NA,NA,NA,NA,NA,NA,NA,NA,NA,NA,NA,NA,NA,NA,NA,NA,NA,NA,NA,NA,NA
"Demario Douglas","WR","NE",1,NA,NA,NA,NA,NA,NA,NA,0.2,0.7,3.5,0,0,4.4,4.4,"3126241","CBS","16342","CBS","WR",4,2.7,32.7,32.7,12.1,0.2,NA,NA,NA,NA,NA,NA,NA,NA,NA,NA,NA,NA,NA,NA,NA,NA,NA,NA,NA,NA,NA,NA,NA,NA,NA,NA,NA,NA,NA,NA,NA,NA,NA,NA,NA,NA,NA,NA,NA,NA,NA,NA,NA,NA,NA,NA,NA,NA,NA,NA,NA,NA,NA,NA,NA,NA
"Antonio Williams","WR","WAS",1,NA,NA,NA,NA,NA,NA,NA,0.1,0.7,7,0,0.1,4.4,4.4,"28877974","CBS","17512","CBS","WR",4.4,2.7,34.8,34.8,12.9,0.2,NA,NA,NA,NA,NA,NA,NA,NA,NA,NA,NA,NA,NA,NA,NA,NA,NA,NA,NA,NA,NA,NA,NA,NA,NA,NA,NA,NA,NA,NA,NA,NA,NA,NA,NA,NA,NA,NA,NA,NA,NA,NA,NA,NA,NA,NA,NA,NA,NA,NA,NA,NA,NA,NA,NA,NA
"Tre Harris","WR","LAC",1,NA,NA,NA,NA,NA,NA,NA,0.1,0.4,4,0,0,4.4,4.4,"3162525","CBS","17072","CBS","WR",4.5,3,38.6,38.6,12.9,0.1,NA,NA,NA,NA,NA,NA,NA,NA,NA,NA,NA,NA,NA,NA,NA,NA,NA,NA,NA,NA,NA,NA,NA,NA,NA,NA,NA,NA,NA,NA,NA,NA,NA,NA,NA,NA,NA,NA,NA,NA,NA,NA,NA,NA,NA,NA,NA,NA,NA,NA,NA,NA,NA,NA,NA,NA
"Keon Coleman","WR","BUF",1,NA,NA,NA,NA,NA,NA,NA,0,0.1,0,0,0,4.3,4.3,"26717289","CBS","16617","CBS","WR",3.7,2.5,31.9,31.9,12.8,0.2,NA,NA,NA,NA,NA,NA,NA,NA,NA,NA,NA,NA,NA,NA,NA,NA,NA,NA,NA,NA,NA,NA,NA,NA,NA,NA,NA,NA,NA,NA,NA,NA,NA,NA,NA,NA,NA,NA,NA,NA,NA,NA,NA,NA,NA,NA,NA,NA,NA,NA,NA,NA,NA,NA,NA,NA
"Darnell Mooney","WR","NYG",1,NA,NA,NA,NA,NA,NA,NA,0.1,0.8,8,0,0,4.3,4.3,"2240651","CBS","14974","CBS","WR",4.4,2.3,37.3,37.3,16.2,0.1,NA,NA,NA,NA,NA,NA,NA,NA,NA,NA,NA,NA,NA,NA,NA,NA,NA,NA,NA,NA,NA,NA,NA,NA,NA,NA,NA,NA,NA,NA,NA,NA,NA,NA,NA,NA,NA,NA,NA,NA,NA,NA,NA,NA,NA,NA,NA,NA,NA,NA,NA,NA,NA,NA,NA,NA
"Jauan Jennings","WR","MIN",1,NA,NA,NA,NA,NA,NA,NA,0,0,0,0,0,4.3,4.3,"2180514","CBS","14860","CBS","WR",3.4,2.1,25.5,25.5,12.1,0.3,NA,NA,NA,NA,NA,NA,NA,NA,NA,NA,NA,NA,NA,NA,NA,NA,NA,NA,NA,NA,NA,NA,NA,NA,NA,NA,NA,NA,NA,NA,NA,NA,NA,NA,NA,NA,NA,NA,NA,NA,NA,NA,NA,NA,NA,NA,NA,NA,NA,NA,NA,NA,NA,NA,NA,NA
"Colbie Young","WR","CIN",1,NA,NA,NA,NA,NA,NA,NA,0.1,0.4,4,0,0.1,4.3,4.3,"28934874","CBS","17542","CBS","WR",4.3,2.8,33,33,11.8,0.2,NA,NA,NA,NA,NA,NA,NA,NA,NA,NA,NA,NA,NA,NA,NA,NA,NA,NA,NA,NA,NA,NA,NA,NA,NA,NA,NA,NA,NA,NA,NA,NA,NA,NA,NA,NA,NA,NA,NA,NA,NA,NA,NA,NA,NA,NA,NA,NA,NA,NA,NA,NA,NA,NA,NA,NA
"Kayshon Boutte","WR","HOU",1,NA,NA,NA,NA,NA,NA,NA,0,0,0,0,0,4.2,4.2,"3163170","CBS","16193","CBS","WR",3.2,2.1,30.7,30.7,14.6,0.2,NA,NA,NA,NA,NA,NA,NA,NA,NA,NA,NA,NA,NA,NA,NA,NA,NA,NA,NA,NA,NA,NA,NA,NA,NA,NA,NA,NA,NA,NA,NA,NA,NA,NA,NA,NA,NA,NA,NA,NA,NA,NA,NA,NA,NA,NA,NA,NA,NA,NA,NA,NA,NA,NA,NA,NA
"Khalil Shakir","WR","BUF",1,NA,NA,NA,NA,NA,NA,NA,0,0.1,0,0,0.1,4.1,4.1,"2969119","CBS","15761","CBS","WR",4.7,3.5,31.4,31.4,9,0.2,NA,NA,NA,NA,NA,NA,NA,NA,NA,NA,NA,NA,NA,NA,NA,NA,NA,NA,NA,NA,NA,NA,NA,NA,NA,NA,NA,NA,NA,NA,NA,NA,NA,NA,NA,NA,NA,NA,NA,NA,NA,NA,NA,NA,NA,NA,NA,NA,NA,NA,NA,NA,NA,NA,NA,NA
"Jaylin Noel","WR","HOU",1,NA,NA,NA,NA,NA,NA,NA,0.5,3,6,0,0,4.1,4.1,"26697286","CBS","17080","CBS","WR",2.8,1.9,32.7,32.7,17.2,0.1,NA,NA,NA,NA,NA,NA,NA,NA,NA,NA,NA,NA,NA,NA,NA,NA,NA,NA,NA,NA,NA,NA,NA,NA,NA,NA,NA,NA,NA,NA,NA,NA,NA,NA,NA,NA,NA,NA,NA,NA,NA,NA,NA,NA,NA,NA,NA,NA,NA,NA,NA,NA,NA,NA,NA,NA
"Ryan Flournoy","WR","DAL",1,NA,NA,NA,NA,NA,NA,NA,0.1,0.5,5,0,0,4.1,4.1,"28891456","CBS","16778","CBS","WR",4.5,2.9,29.2,29.2,10.1,0.2,NA,NA,NA,NA,NA,NA,NA,NA,NA,NA,NA,NA,NA,NA,NA,NA,NA,NA,NA,NA,NA,NA,NA,NA,NA,NA,NA,NA,NA,NA,NA,NA,NA,NA,NA,NA,NA,NA,NA,NA,NA,NA,NA,NA,NA,NA,NA,NA,NA,NA,NA,NA,NA,NA,NA,NA
"Chris Bell","WR","MIA",1,NA,NA,NA,NA,NA,NA,NA,0.1,0.5,5,0,0,4.1,4.1,"28877196","CBS","17506","CBS","WR",4.7,2.4,35.7,35.7,14.9,0.1,NA,NA,NA,NA,NA,NA,NA,NA,NA,NA,NA,NA,NA,NA,NA,NA,NA,NA,NA,NA,NA,NA,NA,NA,NA,NA,NA,NA,NA,NA,NA,NA,NA,NA,NA,NA,NA,NA,NA,NA,NA,NA,NA,NA,NA,NA,NA,NA,NA,NA,NA,NA,NA,NA,NA,NA
"Jerry Jeudy","WR","CLE",1,NA,NA,NA,NA,NA,NA,NA,0,0.2,0,0,0,3.9,3.9,"2741201","CBS","14833","CBS","WR",4.9,2.7,33.4,33.4,12.4,0.1,NA,NA,NA,NA,NA,NA,NA,NA,NA,NA,NA,NA,NA,NA,NA,NA,NA,NA,NA,NA,NA,NA,NA,NA,NA,NA,NA,NA,NA,NA,NA,NA,NA,NA,NA,NA,NA,NA,NA,NA,NA,NA,NA,NA,NA,NA,NA,NA,NA,NA,NA,NA,NA,NA,NA,NA
"Jordan Watkins","WR","SF",1,NA,NA,NA,NA,NA,NA,NA,0.1,0.5,5,0,0.1,3.9,3.9,"3164736","CBS","17192","CBS","WR",4.1,2.8,35.9,35.9,12.8,0.1,NA,NA,NA,NA,NA,NA,NA,NA,NA,NA,NA,NA,NA,NA,NA,NA,NA,NA,NA,NA,NA,NA,NA,NA,NA,NA,NA,NA,NA,NA,NA,NA,NA,NA,NA,NA,NA,NA,NA,NA,NA,NA,NA,NA,NA,NA,NA,NA,NA,NA,NA,NA,NA,NA,NA,NA
"Kendrick Bourne","WR","ARI",1,NA,NA,NA,NA,NA,NA,NA,0,0.1,0,0,0,3.7,3.7,"2088428","CBS","13418","CBS","WR",3.5,2.6,31.2,31.2,12,0.1,NA,NA,NA,NA,NA,NA,NA,NA,NA,NA,NA,NA,NA,NA,NA,NA,NA,NA,NA,NA,NA,NA,NA,NA,NA,NA,NA,NA,NA,NA,NA,NA,NA,NA,NA,NA,NA,NA,NA,NA,NA,NA,NA,NA,NA,NA,NA,NA,NA,NA,NA,NA,NA,NA,NA,NA
"Keenan Allen","WR","IND",1,NA,NA,NA,NA,NA,NA,NA,0,0,0,0,0,3.6,3.6,"1737096","CBS","11222","CBS","WR",3.7,2.4,24.4,24.4,10.2,0.2,NA,NA,NA,NA,NA,NA,NA,NA,NA,NA,NA,NA,NA,NA,NA,NA,NA,NA,NA,NA,NA,NA,NA,NA,NA,NA,NA,NA,NA,NA,NA,NA,NA,NA,NA,NA,NA,NA,NA,NA,NA,NA,NA,NA,NA,NA,NA,NA,NA,NA,NA,NA,NA,NA,NA,NA
"Tank Dell","WR","HOU",1,NA,NA,NA,NA,NA,NA,NA,0.7,2.8,4,0,0,3.5,3.5,"2963970","CBS","16204","CBS","WR",3.2,2,27.6,27.6,13.8,0.1,NA,NA,NA,NA,NA,NA,NA,NA,NA,NA,NA,NA,NA,NA,NA,NA,NA,NA,NA,NA,NA,NA,NA,NA,NA,NA,NA,NA,NA,NA,NA,NA,NA,NA,NA,NA,NA,NA,NA,NA,NA,NA,NA,NA,NA,NA,NA,NA,NA,NA,NA,NA,NA,NA,NA,NA
"Jalen Nailor","WR","LV",1,NA,NA,NA,NA,NA,NA,NA,0.1,0.1,1,0,0,3.5,3.5,"2967232","CBS","15786","CBS","WR",3.5,1.9,23.3,23.3,12.3,0.2,NA,NA,NA,NA,NA,NA,NA,NA,NA,NA,NA,NA,NA,NA,NA,NA,NA,NA,NA,NA,NA,NA,NA,NA,NA,NA,NA,NA,NA,NA,NA,NA,NA,NA,NA,NA,NA,NA,NA,NA,NA,NA,NA,NA,NA,NA,NA,NA,NA,NA,NA,NA,NA,NA,NA,NA
"Devontez Walker","WR","BAL",1,NA,NA,NA,NA,NA,NA,NA,0,0,0,0,0,3.4,3.4,"26702084","CBS","16621","CBS","WR",2.4,1.2,22,22,18.3,0.2,NA,NA,NA,NA,NA,NA,NA,NA,NA,NA,NA,NA,NA,NA,NA,NA,NA,NA,NA,NA,NA,NA,NA,NA,NA,NA,NA,NA,NA,NA,NA,NA,NA,NA,NA,NA,NA,NA,NA,NA,NA,NA,NA,NA,NA,NA,NA,NA,NA,NA,NA,NA,NA,NA,NA,NA
"KaVontae Turpin","WR","DAL",1,NA,NA,NA,NA,NA,NA,NA,1.1,5.6,5.1,0.1,0.1,3.3,3.3,"2180870","CBS","15981","CBS","WR",2,1.3,18.2,18.2,14,0.1,NA,NA,NA,NA,NA,NA,NA,NA,NA,NA,NA,NA,NA,NA,NA,NA,NA,NA,NA,NA,NA,NA,NA,NA,NA,NA,NA,NA,NA,NA,NA,NA,NA,NA,NA,NA,NA,NA,NA,NA,NA,NA,NA,NA,NA,NA,NA,NA,NA,NA,NA,NA,NA,NA,NA,NA
"Isaiah Bond","WR","CLE",1,NA,NA,NA,NA,NA,NA,NA,0.2,1.4,7,0,0,3.3,3.3,"28910521","CBS","17076","CBS","WR",3,1.5,26.3,26.3,17.5,0.1,NA,NA,NA,NA,NA,NA,NA,NA,NA,NA,NA,NA,NA,NA,NA,NA,NA,NA,NA,NA,NA,NA,NA,NA,NA,NA,NA,NA,NA,NA,NA,NA,NA,NA,NA,NA,NA,NA,NA,NA,NA,NA,NA,NA,NA,NA,NA,NA,NA,NA,NA,NA,NA,NA,NA,NA
"Jahan Dotson","WR","ATL",1,NA,NA,NA,NA,NA,NA,NA,0,0.1,0,0,0,3.3,3.3,"2962944","CBS","15755","CBS","WR",2.8,1.4,21.6,21.6,15.4,0.2,NA,NA,NA,NA,NA,NA,NA,NA,NA,NA,NA,NA,NA,NA,NA,NA,NA,NA,NA,NA,NA,NA,NA,NA,NA,NA,NA,NA,NA,NA,NA,NA,NA,NA,NA,NA,NA,NA,NA,NA,NA,NA,NA,NA,NA,NA,NA,NA,NA,NA,NA,NA,NA,NA,NA,NA
"Josh Palmer","WR","BUF",1,NA,NA,NA,NA,NA,NA,NA,0,0,0,0,0,3.3,3.3,"2867325","CBS","15319","CBS","WR",3,1.5,21.9,21.9,14.6,0.2,NA,NA,NA,NA,NA,NA,NA,NA,NA,NA,NA,NA,NA,NA,NA,NA,NA,NA,NA,NA,NA,NA,NA,NA,NA,NA,NA,NA,NA,NA,NA,NA,NA,NA,NA,NA,NA,NA,NA,NA,NA,NA,NA,NA,NA,NA,NA,NA,NA,NA,NA,NA,NA,NA,NA,NA
"Bryce Lance","WR","NO",1,NA,NA,NA,NA,NA,NA,NA,0.1,0.3,3,0,0.1,3.3,3.3,"26725855","CBS","17519","CBS","WR",4.9,2.5,29.2,29.2,11.7,0.1,NA,NA,NA,NA,NA,NA,NA,NA,NA,NA,NA,NA,NA,NA,NA,NA,NA,NA,NA,NA,NA,NA,NA,NA,NA,NA,NA,NA,NA,NA,NA,NA,NA,NA,NA,NA,NA,NA,NA,NA,NA,NA,NA,NA,NA,NA,NA,NA,NA,NA,NA,NA,NA,NA,NA,NA
"Treylon Burks","WR","WAS",1,NA,NA,NA,NA,NA,NA,NA,0,0,0,0,0,3.2,3.2,"3122944","CBS","15752","CBS","WR",2.6,1.3,20.8,20.8,16,0.2,NA,NA,NA,NA,NA,NA,NA,NA,NA,NA,NA,NA,NA,NA,NA,NA,NA,NA,NA,NA,NA,NA,NA,NA,NA,NA,NA,NA,NA,NA,NA,NA,NA,NA,NA,NA,NA,NA,NA,NA,NA,NA,NA,NA,NA,NA,NA,NA,NA,NA,NA,NA,NA,NA,NA,NA
"Tez Johnson","WR","TB",1,NA,NA,NA,NA,NA,NA,NA,0.6,1.9,3.2,0,0,3.2,3.2,"3161539","CBS","17079","CBS","WR",2.4,1.4,19.7,19.7,14.1,0.2,NA,NA,NA,NA,NA,NA,NA,NA,NA,NA,NA,NA,NA,NA,NA,NA,NA,NA,NA,NA,NA,NA,NA,NA,NA,NA,NA,NA,NA,NA,NA,NA,NA,NA,NA,NA,NA,NA,NA,NA,NA,NA,NA,NA,NA,NA,NA,NA,NA,NA,NA,NA,NA,NA,NA,NA
"Josh Cameron","WR","JAC",1,NA,NA,NA,NA,NA,NA,NA,0.1,0.4,4,0,0.1,3.2,3.2,"26726935","CBS","17527","CBS","WR",2.5,1.6,22.9,22.9,14.3,0.2,NA,NA,NA,NA,NA,NA,NA,NA,NA,NA,NA,NA,NA,NA,NA,NA,NA,NA,NA,NA,NA,NA,NA,NA,NA,NA,NA,NA,NA,NA,NA,NA,NA,NA,NA,NA,NA,NA,NA,NA,NA,NA,NA,NA,NA,NA,NA,NA,NA,NA,NA,NA,NA,NA,NA,NA
"Laquon Treadwell","WR","IND",1,NA,NA,NA,NA,NA,NA,NA,0,0.1,0,0,0,3.2,3.2,"2079899","CBS","12645","CBS","WR",2.2,1.7,26.8,26.8,15.8,0.1,NA,NA,NA,NA,NA,NA,NA,NA,NA,NA,NA,NA,NA,NA,NA,NA,NA,NA,NA,NA,NA,NA,NA,NA,NA,NA,NA,NA,NA,NA,NA,NA,NA,NA,NA,NA,NA,NA,NA,NA,NA,NA,NA,NA,NA,NA,NA,NA,NA,NA,NA,NA,NA,NA,NA,NA
"Konata Mumpfield","WR","LAR",1,NA,NA,NA,NA,NA,NA,NA,0,0,0,0,0,3.1,3.1,"26694679","CBS","17254","CBS","WR",2.9,1.4,19.7,19.7,14.1,0.2,NA,NA,NA,NA,NA,NA,NA,NA,NA,NA,NA,NA,NA,NA,NA,NA,NA,NA,NA,NA,NA,NA,NA,NA,NA,NA,NA,NA,NA,NA,NA,NA,NA,NA,NA,NA,NA,NA,NA,NA,NA,NA,NA,NA,NA,NA,NA,NA,NA,NA,NA,NA,NA,NA,NA,NA
"Ben Skowronek","WR","PIT",1,NA,NA,NA,NA,NA,NA,NA,0,0,0,0,0,3.1,3.1,"2247046","CBS","15491","CBS","WR",1.9,1.4,19.4,19.4,13.9,0.2,NA,NA,NA,NA,NA,NA,NA,NA,NA,NA,NA,NA,NA,NA,NA,NA,NA,NA,NA,NA,NA,NA,NA,NA,NA,NA,NA,NA,NA,NA,NA,NA,NA,NA,NA,NA,NA,NA,NA,NA,NA,NA,NA,NA,NA,NA,NA,NA,NA,NA,NA,NA,NA,NA,NA,NA
"Ashton Dulin","WR","IND",1,NA,NA,NA,NA,NA,NA,NA,0.2,2.4,12,0,0,3.1,3.1,"3116796","CBS","14315","CBS","WR",3.1,1.5,23,23,15.3,0.1,NA,NA,NA,NA,NA,NA,NA,NA,NA,NA,NA,NA,NA,NA,NA,NA,NA,NA,NA,NA,NA,NA,NA,NA,NA,NA,NA,NA,NA,NA,NA,NA,NA,NA,NA,NA,NA,NA,NA,NA,NA,NA,NA,NA,NA,NA,NA,NA,NA,NA,NA,NA,NA,NA,NA,NA
"Germie Bernard","WR","PIT",1,NA,NA,NA,NA,NA,NA,NA,0.1,0.4,4,0,0,3,3,"28878358","CBS","17503","CBS","WR",3.1,1.9,24.1,24.1,12.7,0.1,NA,NA,NA,NA,NA,NA,NA,NA,NA,NA,NA,NA,NA,NA,NA,NA,NA,NA,NA,NA,NA,NA,NA,NA,NA,NA,NA,NA,NA,NA,NA,NA,NA,NA,NA,NA,NA,NA,NA,NA,NA,NA,NA,NA,NA,NA,NA,NA,NA,NA,NA,NA,NA,NA,NA,NA
"Efton Chism III","WR","NE",1,NA,NA,NA,NA,NA,NA,NA,0.1,0.4,4,0,0,2.9,2.9,"3163509","CBS","17269","CBS","WR",1.9,1.2,16.8,16.8,14,0.2,NA,NA,NA,NA,NA,NA,NA,NA,NA,NA,NA,NA,NA,NA,NA,NA,NA,NA,NA,NA,NA,NA,NA,NA,NA,NA,NA,NA,NA,NA,NA,NA,NA,NA,NA,NA,NA,NA,NA,NA,NA,NA,NA,NA,NA,NA,NA,NA,NA,NA,NA,NA,NA,NA,NA,NA
"Tory Horton","WR","SEA",1,NA,NA,NA,NA,NA,NA,NA,0,0.2,0,0,0,2.9,2.9,"3165177","CBS","17098","CBS","WR",2.1,1.5,17.7,17.7,11.8,0.2,NA,NA,NA,NA,NA,NA,NA,NA,NA,NA,NA,NA,NA,NA,NA,NA,NA,NA,NA,NA,NA,NA,NA,NA,NA,NA,NA,NA,NA,NA,NA,NA,NA,NA,NA,NA,NA,NA,NA,NA,NA,NA,NA,NA,NA,NA,NA,NA,NA,NA,NA,NA,NA,NA,NA,NA
"Darius Slayton","WR","IND",1,NA,NA,NA,NA,NA,NA,NA,0,0.3,0,0,0,2.8,2.8,"2183982","CBS","14122","CBS","WR",2.6,1.4,22.7,22.7,16.2,0.1,NA,NA,NA,NA,NA,NA,NA,NA,NA,NA,NA,NA,NA,NA,NA,NA,NA,NA,NA,NA,NA,NA,NA,NA,NA,NA,NA,NA,NA,NA,NA,NA,NA,NA,NA,NA,NA,NA,NA,NA,NA,NA,NA,NA,NA,NA,NA,NA,NA,NA,NA,NA,NA,NA,NA,NA
"Zachariah Branch","WR","ATL",1,NA,NA,NA,NA,NA,NA,NA,0.1,0.6,6,0,0.1,2.6,2.6,"29123979","CBS","17507","CBS","WR",2.6,1.7,22.2,22.2,13.1,0.1,NA,NA,NA,NA,NA,NA,NA,NA,NA,NA,NA,NA,NA,NA,NA,NA,NA,NA,NA,NA,NA,NA,NA,NA,NA,NA,NA,NA,NA,NA,NA,NA,NA,NA,NA,NA,NA,NA,NA,NA,NA,NA,NA,NA,NA,NA,NA,NA,NA,NA,NA,NA,NA,NA,NA,NA
"Trey McBride","TE","ARI",1,NA,NA,NA,NA,NA,NA,NA,NA,NA,NA,NA,0,10.8,10.8,"2963385","CBS","15794","CBS","TE",10.5,7.8,72.3,72.3,9.3,0.6,NA,NA,NA,NA,NA,NA,NA,NA,NA,NA,NA,NA,NA,NA,NA,NA,NA,NA,NA,NA,NA,NA,NA,NA,NA,NA,NA,NA,NA,NA,NA,NA,NA,NA,NA,NA,NA,NA,NA,NA,NA,NA,NA,NA,NA,NA,NA,NA,NA,NA,NA,NA,NA,NA,NA,NA
"Brock Bowers","TE","LV",1,NA,NA,NA,NA,NA,NA,NA,NA,NA,NA,NA,0,9.7,9.7,"26693971","CBS","16641","CBS","TE",8.3,6,61.8,61.8,10.3,0.6,NA,NA,NA,NA,NA,NA,NA,NA,NA,NA,NA,NA,NA,NA,NA,NA,NA,NA,NA,NA,NA,NA,NA,NA,NA,NA,NA,NA,NA,NA,NA,NA,NA,NA,NA,NA,NA,NA,NA,NA,NA,NA,NA,NA,NA,NA,NA,NA,NA,NA,NA,NA,NA,NA,NA,NA
"Harold Fannin Jr.","TE","CLE",1,NA,NA,NA,NA,NA,NA,NA,NA,NA,NA,NA,0,9.2,9.2,"28900882","CBS","17103","CBS","TE",6.5,4.5,44.4,44.4,9.9,0.7,NA,NA,NA,NA,NA,NA,NA,NA,NA,NA,NA,NA,NA,NA,NA,NA,NA,NA,NA,NA,NA,NA,NA,NA,NA,NA,NA,NA,NA,NA,NA,NA,NA,NA,NA,NA,NA,NA,NA,NA,NA,NA,NA,NA,NA,NA,NA,NA,NA,NA,NA,NA,NA,NA,NA,NA
"Sam LaPorta","TE","DET",1,NA,NA,NA,NA,NA,NA,NA,NA,NA,NA,NA,0,8.7,8.7,"3124197","CBS","16214","CBS","TE",6.5,4.8,57.7,57.7,12,0.5,NA,NA,NA,NA,NA,NA,NA,NA,NA,NA,NA,NA,NA,NA,NA,NA,NA,NA,NA,NA,NA,NA,NA,NA,NA,NA,NA,NA,NA,NA,NA,NA,NA,NA,NA,NA,NA,NA,NA,NA,NA,NA,NA,NA,NA,NA,NA,NA,NA,NA,NA,NA,NA,NA,NA,NA
"Tyler Warren","TE","IND",1,NA,NA,NA,NA,NA,NA,NA,NA,NA,NA,NA,0,8.6,8.6,"3168800","CBS","17102","CBS","TE",7,5.2,50.6,50.6,9.7,0.6,NA,NA,NA,NA,NA,NA,NA,NA,NA,NA,NA,NA,NA,NA,NA,NA,NA,NA,NA,NA,NA,NA,NA,NA,NA,NA,NA,NA,NA,NA,NA,NA,NA,NA,NA,NA,NA,NA,NA,NA,NA,NA,NA,NA,NA,NA,NA,NA,NA,NA,NA,NA,NA,NA,NA,NA
"Tucker Kraft","TE","GB",1,NA,NA,NA,NA,NA,NA,NA,NA,NA,NA,NA,0,7.9,7.9,"3133332","CBS","16222","CBS","TE",5.4,3.6,49,49,13.6,0.5,NA,NA,NA,NA,NA,NA,NA,NA,NA,NA,NA,NA,NA,NA,NA,NA,NA,NA,NA,NA,NA,NA,NA,NA,NA,NA,NA,NA,NA,NA,NA,NA,NA,NA,NA,NA,NA,NA,NA,NA,NA,NA,NA,NA,NA,NA,NA,NA,NA,NA,NA,NA,NA,NA,NA,NA
"Mike Gesicki","TE","CIN",1,NA,NA,NA,NA,NA,NA,NA,NA,NA,NA,NA,0,7.6,7.6,"2139298","CBS","13672","CBS","TE",5.4,4,46.4,46.4,11.6,0.5,NA,NA,NA,NA,NA,NA,NA,NA,NA,NA,NA,NA,NA,NA,NA,NA,NA,NA,NA,NA,NA,NA,NA,NA,NA,NA,NA,NA,NA,NA,NA,NA,NA,NA,NA,NA,NA,NA,NA,NA,NA,NA,NA,NA,NA,NA,NA,NA,NA,NA,NA,NA,NA,NA,NA,NA
"Isaiah Likely","TE","NYG",1,NA,NA,NA,NA,NA,NA,NA,NA,NA,NA,NA,0.1,7.5,7.5,"2961906","CBS","15798","CBS","TE",7.8,5.2,53.5,53.5,10.3,0.4,NA,NA,NA,NA,NA,NA,NA,NA,NA,NA,NA,NA,NA,NA,NA,NA,NA,NA,NA,NA,NA,NA,NA,NA,NA,NA,NA,NA,NA,NA,NA,NA,NA,NA,NA,NA,NA,NA,NA,NA,NA,NA,NA,NA,NA,NA,NA,NA,NA,NA,NA,NA,NA,NA,NA,NA
"George Kittle","TE","SF",1,NA,NA,NA,NA,NA,NA,NA,NA,NA,NA,NA,0,7,7,"2818265","CBS","13299","CBS","TE",5.3,4.1,46.3,46.3,11.3,0.4,NA,NA,NA,NA,NA,NA,NA,NA,NA,NA,NA,NA,NA,NA,NA,NA,NA,NA,NA,NA,NA,NA,NA,NA,NA,NA,NA,NA,NA,NA,NA,NA,NA,NA,NA,NA,NA,NA,NA,NA,NA,NA,NA,NA,NA,NA,NA,NA,NA,NA,NA,NA,NA,NA,NA,NA
"Kenyon Sadiq","TE","NYJ",1,NA,NA,NA,NA,NA,NA,NA,NA,NA,NA,NA,0.1,6.9,6.9,"29125433","CBS","17543","CBS","TE",4.6,3.1,40.2,40.2,13,0.5,NA,NA,NA,NA,NA,NA,NA,NA,NA,NA,NA,NA,NA,NA,NA,NA,NA,NA,NA,NA,NA,NA,NA,NA,NA,NA,NA,NA,NA,NA,NA,NA,NA,NA,NA,NA,NA,NA,NA,NA,NA,NA,NA,NA,NA,NA,NA,NA,NA,NA,NA,NA,NA,NA,NA,NA
"Dalton Schultz","TE","HOU",1,NA,NA,NA,NA,NA,NA,NA,NA,NA,NA,NA,0,6.6,6.6,"2136748","CBS","13772","CBS","TE",6.4,4.8,48.5,48.5,10.1,0.3,NA,NA,NA,NA,NA,NA,NA,NA,NA,NA,NA,NA,NA,NA,NA,NA,NA,NA,NA,NA,NA,NA,NA,NA,NA,NA,NA,NA,NA,NA,NA,NA,NA,NA,NA,NA,NA,NA,NA,NA,NA,NA,NA,NA,NA,NA,NA,NA,NA,NA,NA,NA,NA,NA,NA,NA
"Jake Ferguson","TE","DAL",1,NA,NA,NA,NA,NA,NA,NA,NA,NA,NA,NA,0.2,6.3,6.3,"2867159","CBS","15799","CBS","TE",4.9,3.8,31.7,31.7,8.3,0.6,NA,NA,NA,NA,NA,NA,NA,NA,NA,NA,NA,NA,NA,NA,NA,NA,NA,NA,NA,NA,NA,NA,NA,NA,NA,NA,NA,NA,NA,NA,NA,NA,NA,NA,NA,NA,NA,NA,NA,NA,NA,NA,NA,NA,NA,NA,NA,NA,NA,NA,NA,NA,NA,NA,NA,NA
"Hunter Henry","TE","NE",1,NA,NA,NA,NA,NA,NA,NA,NA,NA,NA,NA,0,6.2,6.2,"2079848","CBS","12676","CBS","TE",5.2,3.7,44.7,44.7,12.1,0.3,NA,NA,NA,NA,NA,NA,NA,NA,NA,NA,NA,NA,NA,NA,NA,NA,NA,NA,NA,NA,NA,NA,NA,NA,NA,NA,NA,NA,NA,NA,NA,NA,NA,NA,NA,NA,NA,NA,NA,NA,NA,NA,NA,NA,NA,NA,NA,NA,NA,NA,NA,NA,NA,NA,NA,NA
"Juwan Johnson","TE","NO",1,NA,NA,NA,NA,NA,NA,NA,NA,NA,NA,NA,0.1,6.1,6.1,"2186637","CBS","14861","CBS","TE",5.4,4.2,45.6,45.6,10.9,0.3,NA,NA,NA,NA,NA,NA,NA,NA,NA,NA,NA,NA,NA,NA,NA,NA,NA,NA,NA,NA,NA,NA,NA,NA,NA,NA,NA,NA,NA,NA,NA,NA,NA,NA,NA,NA,NA,NA,NA,NA,NA,NA,NA,NA,NA,NA,NA,NA,NA,NA,NA,NA,NA,NA,NA,NA
"Dalton Kincaid","TE","BUF",1,NA,NA,NA,NA,NA,NA,NA,NA,NA,NA,NA,0.1,6,6,"2982991","CBS","16213","CBS","TE",4.6,3.4,44.9,44.9,13.2,0.3,NA,NA,NA,NA,NA,NA,NA,NA,NA,NA,NA,NA,NA,NA,NA,NA,NA,NA,NA,NA,NA,NA,NA,NA,NA,NA,NA,NA,NA,NA,NA,NA,NA,NA,NA,NA,NA,NA,NA,NA,NA,NA,NA,NA,NA,NA,NA,NA,NA,NA,NA,NA,NA,NA,NA,NA
"Cade Otton","TE","TB",1,NA,NA,NA,NA,NA,NA,NA,NA,NA,NA,NA,0,5.9,5.9,"2815179","CBS","15802","CBS","TE",6.1,4.3,47,47,10.9,0.2,NA,NA,NA,NA,NA,NA,NA,NA,NA,NA,NA,NA,NA,NA,NA,NA,NA,NA,NA,NA,NA,NA,NA,NA,NA,NA,NA,NA,NA,NA,NA,NA,NA,NA,NA,NA,NA,NA,NA,NA,NA,NA,NA,NA,NA,NA,NA,NA,NA,NA,NA,NA,NA,NA,NA,NA
"Colston Loveland","TE","CHI",1,NA,NA,NA,NA,NA,NA,NA,NA,NA,NA,NA,0,5.9,5.9,"28874696","CBS","17104","CBS","TE",6.1,4,41.3,41.3,10.3,0.3,NA,NA,NA,NA,NA,NA,NA,NA,NA,NA,NA,NA,NA,NA,NA,NA,NA,NA,NA,NA,NA,NA,NA,NA,NA,NA,NA,NA,NA,NA,NA,NA,NA,NA,NA,NA,NA,NA,NA,NA,NA,NA,NA,NA,NA,NA,NA,NA,NA,NA,NA,NA,NA,NA,NA,NA
"Kyle Pitts","TE","ATL",1,NA,NA,NA,NA,NA,NA,NA,NA,NA,NA,NA,0,5.9,5.9,"2964514","CBS","15329","CBS","TE",5.2,3.6,41.5,41.5,11.5,0.3,NA,NA,NA,NA,NA,NA,NA,NA,NA,NA,NA,NA,NA,NA,NA,NA,NA,NA,NA,NA,NA,NA,NA,NA,NA,NA,NA,NA,NA,NA,NA,NA,NA,NA,NA,NA,NA,NA,NA,NA,NA,NA,NA,NA,NA,NA,NA,NA,NA,NA,NA,NA,NA,NA,NA,NA
"Pat Freiermuth","TE","PIT",1,NA,NA,NA,NA,NA,NA,NA,NA,NA,NA,NA,0,5.8,5.8,"2961270","CBS","15331","CBS","TE",4,3,34.1,34.1,11.4,0.4,NA,NA,NA,NA,NA,NA,NA,NA,NA,NA,NA,NA,NA,NA,NA,NA,NA,NA,NA,NA,NA,NA,NA,NA,NA,NA,NA,NA,NA,NA,NA,NA,NA,NA,NA,NA,NA,NA,NA,NA,NA,NA,NA,NA,NA,NA,NA,NA,NA,NA,NA,NA,NA,NA,NA,NA
"T.J. Hockenson","TE","MIN",1,NA,NA,NA,NA,NA,NA,NA,NA,NA,NA,NA,0,5.8,5.8,"2251097","CBS","14138","CBS","TE",5.3,4.2,40.7,40.7,9.7,0.3,NA,NA,NA,NA,NA,NA,NA,NA,NA,NA,NA,NA,NA,NA,NA,NA,NA,NA,NA,NA,NA,NA,NA,NA,NA,NA,NA,NA,NA,NA,NA,NA,NA,NA,NA,NA,NA,NA,NA,NA,NA,NA,NA,NA,NA,NA,NA,NA,NA,NA,NA,NA,NA,NA,NA,NA
"Tyler Higbee","TE","LAR",1,NA,NA,NA,NA,NA,NA,NA,NA,NA,NA,NA,0.1,5.7,5.7,"1853103","CBS","12678","CBS","TE",4.2,3.2,35.8,35.8,11.2,0.4,NA,NA,NA,NA,NA,NA,NA,NA,NA,NA,NA,NA,NA,NA,NA,NA,NA,NA,NA,NA,NA,NA,NA,NA,NA,NA,NA,NA,NA,NA,NA,NA,NA,NA,NA,NA,NA,NA,NA,NA,NA,NA,NA,NA,NA,NA,NA,NA,NA,NA,NA,NA,NA,NA,NA,NA
"Brenton Strange","TE","JAC",1,NA,NA,NA,NA,NA,NA,NA,NA,NA,NA,NA,0,5.7,5.7,"3121696","CBS","16269","CBS","TE",4.6,3.5,39.2,39.2,11.2,0.3,NA,NA,NA,NA,NA,NA,NA,NA,NA,NA,NA,NA,NA,NA,NA,NA,NA,NA,NA,NA,NA,NA,NA,NA,NA,NA,NA,NA,NA,NA,NA,NA,NA,NA,NA,NA,NA,NA,NA,NA,NA,NA,NA,NA,NA,NA,NA,NA,NA,NA,NA,NA,NA,NA,NA,NA
"Mark Andrews","TE","BAL",1,NA,NA,NA,NA,NA,NA,NA,NA,NA,NA,NA,0,5.5,5.5,"2131121","CBS","13671","CBS","TE",4.7,3.4,30.4,30.4,8.9,0.4,NA,NA,NA,NA,NA,NA,NA,NA,NA,NA,NA,NA,NA,NA,NA,NA,NA,NA,NA,NA,NA,NA,NA,NA,NA,NA,NA,NA,NA,NA,NA,NA,NA,NA,NA,NA,NA,NA,NA,NA,NA,NA,NA,NA,NA,NA,NA,NA,NA,NA,NA,NA,NA,NA,NA,NA
"Greg Dulcich","TE","MIA",1,NA,NA,NA,NA,NA,NA,NA,NA,NA,NA,NA,0.1,4.8,4.8,"2964274","CBS","15797","CBS","TE",4.5,3.4,38.1,38.1,11.2,0.2,NA,NA,NA,NA,NA,NA,NA,NA,NA,NA,NA,NA,NA,NA,NA,NA,NA,NA,NA,NA,NA,NA,NA,NA,NA,NA,NA,NA,NA,NA,NA,NA,NA,NA,NA,NA,NA,NA,NA,NA,NA,NA,NA,NA,NA,NA,NA,NA,NA,NA,NA,NA,NA,NA,NA,NA
"Oronde Gadsden II","TE","LAC",1,NA,NA,NA,NA,NA,NA,NA,NA,NA,NA,NA,0,4.5,4.5,"26727374","CBS","17099","CBS","TE",4,2.7,33.3,33.3,12.3,0.2,NA,NA,NA,NA,NA,NA,NA,NA,NA,NA,NA,NA,NA,NA,NA,NA,NA,NA,NA,NA,NA,NA,NA,NA,NA,NA,NA,NA,NA,NA,NA,NA,NA,NA,NA,NA,NA,NA,NA,NA,NA,NA,NA,NA,NA,NA,NA,NA,NA,NA,NA,NA,NA,NA,NA,NA
"AJ Barner","TE","SEA",1,NA,NA,NA,NA,NA,NA,NA,NA,NA,NA,NA,0,4.4,4.4,"3169283","CBS","16723","CBS","TE",3.8,2.7,26.2,26.2,9.7,0.2,NA,NA,NA,NA,NA,NA,NA,NA,NA,NA,NA,NA,NA,NA,NA,NA,NA,NA,NA,NA,NA,NA,NA,NA,NA,NA,NA,NA,NA,NA,NA,NA,NA,NA,NA,NA,NA,NA,NA,NA,NA,NA,NA,NA,NA,NA,NA,NA,NA,NA,NA,NA,NA,NA,NA,NA
"Chigoziem Okonkwo","TE","WAS",1,NA,NA,NA,NA,NA,NA,NA,NA,NA,NA,NA,0,4.1,4.1,"2965208","CBS","15889","CBS","TE",4.1,2.8,29.2,29.2,10.4,0.2,NA,NA,NA,NA,NA,NA,NA,NA,NA,NA,NA,NA,NA,NA,NA,NA,NA,NA,NA,NA,NA,NA,NA,NA,NA,NA,NA,NA,NA,NA,NA,NA,NA,NA,NA,NA,NA,NA,NA,NA,NA,NA,NA,NA,NA,NA,NA,NA,NA,NA,NA,NA,NA,NA,NA,NA
"Terrance Ferguson","TE","LAR",1,NA,NA,NA,NA,NA,NA,NA,NA,NA,NA,NA,0,4.1,4.1,"26701481","CBS","17107","CBS","TE",3.6,1.8,23.4,23.4,13,0.3,NA,NA,NA,NA,NA,NA,NA,NA,NA,NA,NA,NA,NA,NA,NA,NA,NA,NA,NA,NA,NA,NA,NA,NA,NA,NA,NA,NA,NA,NA,NA,NA,NA,NA,NA,NA,NA,NA,NA,NA,NA,NA,NA,NA,NA,NA,NA,NA,NA,NA,NA,NA,NA,NA,NA,NA
"Colby Parkinson","TE","LAR",1,NA,NA,NA,NA,NA,NA,NA,NA,NA,NA,NA,0,4,4,"2867522","CBS","14871","CBS","TE",3.2,2.2,22.9,22.9,10.4,0.3,NA,NA,NA,NA,NA,NA,NA,NA,NA,NA,NA,NA,NA,NA,NA,NA,NA,NA,NA,NA,NA,NA,NA,NA,NA,NA,NA,NA,NA,NA,NA,NA,NA,NA,NA,NA,NA,NA,NA,NA,NA,NA,NA,NA,NA,NA,NA,NA,NA,NA,NA,NA,NA,NA,NA,NA
"Darnell Washington","TE","PIT",1,NA,NA,NA,NA,NA,NA,NA,NA,NA,NA,NA,0,4,4,"3163963","CBS","16216","CBS","TE",3.1,2.2,28,28,12.7,0.2,NA,NA,NA,NA,NA,NA,NA,NA,NA,NA,NA,NA,NA,NA,NA,NA,NA,NA,NA,NA,NA,NA,NA,NA,NA,NA,NA,NA,NA,NA,NA,NA,NA,NA,NA,NA,NA,NA,NA,NA,NA,NA,NA,NA,NA,NA,NA,NA,NA,NA,NA,NA,NA,NA,NA,NA
"Michael Mayer","TE","LV",1,NA,NA,NA,NA,NA,NA,NA,NA,NA,NA,NA,0,3.9,3.9,"3171673","CBS","16212","CBS","TE",4.6,3.5,27.2,27.2,7.8,0.2,NA,NA,NA,NA,NA,NA,NA,NA,NA,NA,NA,NA,NA,NA,NA,NA,NA,NA,NA,NA,NA,NA,NA,NA,NA,NA,NA,NA,NA,NA,NA,NA,NA,NA,NA,NA,NA,NA,NA,NA,NA,NA,NA,NA,NA,NA,NA,NA,NA,NA,NA,NA,NA,NA,NA,NA
"Noah Fant","TE","NO",1,NA,NA,NA,NA,NA,NA,NA,NA,NA,NA,NA,0.1,3.8,3.8,"2251095","CBS","14137","CBS","TE",3.5,2.6,22.2,22.2,8.5,0.3,NA,NA,NA,NA,NA,NA,NA,NA,NA,NA,NA,NA,NA,NA,NA,NA,NA,NA,NA,NA,NA,NA,NA,NA,NA,NA,NA,NA,NA,NA,NA,NA,NA,NA,NA,NA,NA,NA,NA,NA,NA,NA,NA,NA,NA,NA,NA,NA,NA,NA,NA,NA,NA,NA,NA,NA
"Jonnu Smith","TE","GB",1,NA,NA,NA,NA,NA,NA,NA,NA,NA,NA,NA,0,3.5,3.5,"2081506","CBS","13193","CBS","TE",2.5,1.8,20.6,20.6,11.4,0.1,NA,NA,NA,NA,NA,NA,NA,NA,NA,NA,NA,NA,NA,NA,NA,NA,NA,NA,NA,NA,NA,NA,NA,NA,NA,NA,NA,NA,NA,NA,NA,NA,NA,NA,NA,NA,NA,NA,NA,NA,NA,NA,NA,NA,NA,NA,NA,NA,NA,NA,NA,NA,NA,NA,NA,NA
"Eli Raridon","TE","NE",1,NA,NA,NA,NA,NA,NA,NA,NA,NA,NA,NA,0,3.2,3.2,"28924611","CBS","17607","CBS","TE",2.5,1.7,20.3,20.3,11.9,0.2,NA,NA,NA,NA,NA,NA,NA,NA,NA,NA,NA,NA,NA,NA,NA,NA,NA,NA,NA,NA,NA,NA,NA,NA,NA,NA,NA,NA,NA,NA,NA,NA,NA,NA,NA,NA,NA,NA,NA,NA,NA,NA,NA,NA,NA,NA,NA,NA,NA,NA,NA,NA,NA,NA,NA,NA
"Mason Taylor","TE","NYJ",1,NA,NA,NA,NA,NA,NA,NA,NA,NA,NA,NA,0,3.1,3.1,"28878064","CBS","17106","CBS","TE",3.8,2.5,19.7,19.7,7.9,0.2,NA,NA,NA,NA,NA,NA,NA,NA,NA,NA,NA,NA,NA,NA,NA,NA,NA,NA,NA,NA,NA,NA,NA,NA,NA,NA,NA,NA,NA,NA,NA,NA,NA,NA,NA,NA,NA,NA,NA,NA,NA,NA,NA,NA,NA,NA,NA,NA,NA,NA,NA,NA,NA,NA,NA,NA
"Matthew Hibner","TE","BAL",1,NA,NA,NA,NA,NA,NA,NA,NA,NA,NA,NA,0,3.1,3.1,"3169490","CBS","17627","CBS","TE",2.4,1.8,19.9,19.9,11.1,0.2,NA,NA,NA,NA,NA,NA,NA,NA,NA,NA,NA,NA,NA,NA,NA,NA,NA,NA,NA,NA,NA,NA,NA,NA,NA,NA,NA,NA,NA,NA,NA,NA,NA,NA,NA,NA,NA,NA,NA,NA,NA,NA,NA,NA,NA,NA,NA,NA,NA,NA,NA,NA,NA,NA,NA,NA
"Evan Engram","TE","DEN",1,NA,NA,NA,NA,NA,NA,NA,NA,NA,NA,NA,0,3,3,"2079887","CBS","13189","CBS","TE",4.1,2.5,24.6,24.6,9.8,0.1,NA,NA,NA,NA,NA,NA,NA,NA,NA,NA,NA,NA,NA,NA,NA,NA,NA,NA,NA,NA,NA,NA,NA,NA,NA,NA,NA,NA,NA,NA,NA,NA,NA,NA,NA,NA,NA,NA,NA,NA,NA,NA,NA,NA,NA,NA,NA,NA,NA,NA,NA,NA,NA,NA,NA,NA
"Dawson Knox","TE","BUF",1,NA,NA,NA,NA,NA,NA,NA,NA,NA,NA,NA,0,2.8,2.8,"2186345","CBS","14143","CBS","TE",2.3,1.8,16.7,16.7,9.3,0.2,NA,NA,NA,NA,NA,NA,NA,NA,NA,NA,NA,NA,NA,NA,NA,NA,NA,NA,NA,NA,NA,NA,NA,NA,NA,NA,NA,NA,NA,NA,NA,NA,NA,NA,NA,NA,NA,NA,NA,NA,NA,NA,NA,NA,NA,NA,NA,NA,NA,NA,NA,NA,NA,NA,NA,NA
"Gunnar Helm","TE","TEN",1,NA,NA,NA,NA,NA,NA,NA,NA,NA,NA,NA,0,2.7,2.7,"26696189","CBS","17105","CBS","TE",3.3,2.5,21.6,21.6,8.6,0.1,NA,NA,NA,NA,NA,NA,NA,NA,NA,NA,NA,NA,NA,NA,NA,NA,NA,NA,NA,NA,NA,NA,NA,NA,NA,NA,NA,NA,NA,NA,NA,NA,NA,NA,NA,NA,NA,NA,NA,NA,NA,NA,NA,NA,NA,NA,NA,NA,NA,NA,NA,NA,NA,NA,NA,NA
"Nate Adkins","TE","DEN",1,NA,NA,NA,NA,NA,NA,NA,NA,NA,NA,NA,0,2.7,2.7,"2977285","CBS","16474","CBS","TE",1.4,1.1,9.3,9.3,8.5,0.3,NA,NA,NA,NA,NA,NA,NA,NA,NA,NA,NA,NA,NA,NA,NA,NA,NA,NA,NA,NA,NA,NA,NA,NA,NA,NA,NA,NA,NA,NA,NA,NA,NA,NA,NA,NA,NA,NA,NA,NA,NA,NA,NA,NA,NA,NA,NA,NA,NA,NA,NA,NA,NA,NA,NA,NA
"Austin Hooper","TE","ATL",1,NA,NA,NA,NA,NA,NA,NA,NA,NA,NA,NA,0,2.6,2.6,"2067004","CBS","12677","CBS","TE",1.9,1.4,14,14,10,0.2,NA,NA,NA,NA,NA,NA,NA,NA,NA,NA,NA,NA,NA,NA,NA,NA,NA,NA,NA,NA,NA,NA,NA,NA,NA,NA,NA,NA,NA,NA,NA,NA,NA,NA,NA,NA,NA,NA,NA,NA,NA,NA,NA,NA,NA,NA,NA,NA,NA,NA,NA,NA,NA,NA,NA,NA
"Jeremy Ruckert","TE","NYJ",1,NA,NA,NA,NA,NA,NA,NA,NA,NA,NA,NA,0,2.6,2.6,"2965446","CBS","15796","CBS","TE",2.2,1.8,14.3,14.3,7.9,0.2,NA,NA,NA,NA,NA,NA,NA,NA,NA,NA,NA,NA,NA,NA,NA,NA,NA,NA,NA,NA,NA,NA,NA,NA,NA,NA,NA,NA,NA,NA,NA,NA,NA,NA,NA,NA,NA,NA,NA,NA,NA,NA,NA,NA,NA,NA,NA,NA,NA,NA,NA,NA,NA,NA,NA,NA
"Foster Moreau","TE","HOU",1,NA,NA,NA,NA,NA,NA,NA,NA,NA,NA,NA,0,2.5,2.5,"2180634","CBS","14239","CBS","TE",1.7,1.3,13,13,10,0.2,NA,NA,NA,NA,NA,NA,NA,NA,NA,NA,NA,NA,NA,NA,NA,NA,NA,NA,NA,NA,NA,NA,NA,NA,NA,NA,NA,NA,NA,NA,NA,NA,NA,NA,NA,NA,NA,NA,NA,NA,NA,NA,NA,NA,NA,NA,NA,NA,NA,NA,NA,NA,NA,NA,NA,NA
"Luke Musgrave","TE","GB",1,NA,NA,NA,NA,NA,NA,NA,NA,NA,NA,NA,0,2.5,2.5,"3129283","CBS","16215","CBS","TE",2.5,1.8,19.8,19.8,11,0.1,NA,NA,NA,NA,NA,NA,NA,NA,NA,NA,NA,NA,NA,NA,NA,NA,NA,NA,NA,NA,NA,NA,NA,NA,NA,NA,NA,NA,NA,NA,NA,NA,NA,NA,NA,NA,NA,NA,NA,NA,NA,NA,NA,NA,NA,NA,NA,NA,NA,NA,NA,NA,NA,NA,NA,NA
"Zach Ertz","TE","PHI",1,NA,NA,NA,NA,NA,NA,NA,NA,NA,NA,NA,0,2.4,2.4,"1685963","CBS","11247","CBS","TE",2.9,1.9,18.5,18.5,9.7,0.1,NA,NA,NA,NA,NA,NA,NA,NA,NA,NA,NA,NA,NA,NA,NA,NA,NA,NA,NA,NA,NA,NA,NA,NA,NA,NA,NA,NA,NA,NA,NA,NA,NA,NA,NA,NA,NA,NA,NA,NA,NA,NA,NA,NA,NA,NA,NA,NA,NA,NA,NA,NA,NA,NA,NA,NA
"Cole Kmet","TE","CHI",1,NA,NA,NA,NA,NA,NA,NA,NA,NA,NA,NA,0,2.3,2.3,"2868619","CBS","14867","CBS","TE",1.7,1.2,11.4,11.4,9.5,0.2,NA,NA,NA,NA,NA,NA,NA,NA,NA,NA,NA,NA,NA,NA,NA,NA,NA,NA,NA,NA,NA,NA,NA,NA,NA,NA,NA,NA,NA,NA,NA,NA,NA,NA,NA,NA,NA,NA,NA,NA,NA,NA,NA,NA,NA,NA,NA,NA,NA,NA,NA,NA,NA,NA,NA,NA
"Brock Wright","TE","DET",1,NA,NA,NA,NA,NA,NA,NA,NA,NA,NA,NA,0,2.2,2.2,"2807423","CBS","15626","CBS","TE",2.5,1.7,16,16,9.4,0.1,NA,NA,NA,NA,NA,NA,NA,NA,NA,NA,NA,NA,NA,NA,NA,NA,NA,NA,NA,NA,NA,NA,NA,NA,NA,NA,NA,NA,NA,NA,NA,NA,NA,NA,NA,NA,NA,NA,NA,NA,NA,NA,NA,NA,NA,NA,NA,NA,NA,NA,NA,NA,NA,NA,NA,NA
"Adam Trautman","TE","DEN",1,NA,NA,NA,NA,NA,NA,NA,NA,NA,NA,NA,0,2.1,2.1,"2182228","CBS","14870","CBS","TE",2.1,1.4,15.5,15.5,11.1,0.1,NA,NA,NA,NA,NA,NA,NA,NA,NA,NA,NA,NA,NA,NA,NA,NA,NA,NA,NA,NA,NA,NA,NA,NA,NA,NA,NA,NA,NA,NA,NA,NA,NA,NA,NA,NA,NA,NA,NA,NA,NA,NA,NA,NA,NA,NA,NA,NA,NA,NA,NA,NA,NA,NA,NA,NA
"Theo Johnson","TE","NYG",1,NA,NA,NA,NA,NA,NA,NA,NA,NA,NA,NA,0,2.1,2.1,"3162129","CBS","16649","CBS","TE",2,1.1,15,15,13.6,0.1,NA,NA,NA,NA,NA,NA,NA,NA,NA,NA,NA,NA,NA,NA,NA,NA,NA,NA,NA,NA,NA,NA,NA,NA,NA,NA,NA,NA,NA,NA,NA,NA,NA,NA,NA,NA,NA,NA,NA,NA,NA,NA,NA,NA,NA,NA,NA,NA,NA,NA,NA,NA,NA,NA,NA,NA
"Daniel Bellinger","TE","TEN",1,NA,NA,NA,NA,NA,NA,NA,NA,NA,NA,NA,0,2.1,2.1,"2963615","CBS","15873","CBS","TE",1.9,1.4,15.9,15.9,11.4,0.1,NA,NA,NA,NA,NA,NA,NA,NA,NA,NA,NA,NA,NA,NA,NA,NA,NA,NA,NA,NA,NA,NA,NA,NA,NA,NA,NA,NA,NA,NA,NA,NA,NA,NA,NA,NA,NA,NA,NA,NA,NA,NA,NA,NA,NA,NA,NA,NA,NA,NA,NA,NA,NA,NA,NA,NA
"Elijah Higgins","TE","ARI",1,NA,NA,NA,NA,NA,NA,NA,NA,NA,NA,NA,0,2,2,"3122914","CBS","16333","CBS","TE",1.7,1.5,14.1,14.1,9.4,0.1,NA,NA,NA,NA,NA,NA,NA,NA,NA,NA,NA,NA,NA,NA,NA,NA,NA,NA,NA,NA,NA,NA,NA,NA,NA,NA,NA,NA,NA,NA,NA,NA,NA,NA,NA,NA,NA,NA,NA,NA,NA,NA,NA,NA,NA,NA,NA,NA,NA,NA,NA,NA,NA,NA,NA,NA
"Connor Heyward","FB","LV",1,NA,NA,NA,NA,NA,NA,NA,NA,NA,NA,NA,0,1.9,1.9,"2867599","CBS","15800","CBS","TE",1.1,0.9,6.2,6.2,6.9,0.1,NA,NA,NA,NA,NA,NA,NA,NA,NA,NA,NA,NA,NA,NA,NA,NA,NA,NA,NA,NA,NA,NA,NA,NA,NA,NA,NA,NA,NA,NA,NA,NA,NA,NA,NA,NA,NA,NA,NA,NA,NA,NA,NA,NA,NA,NA,NA,NA,NA,NA,NA,NA,NA,NA,NA,NA
"Davis Allen","TE","LAR",1,NA,NA,NA,NA,NA,NA,NA,NA,NA,NA,NA,0,1.9,1.9,"3123267","CBS","16219","CBS","TE",2.3,1.4,13.2,13.2,9.4,0.1,NA,NA,NA,NA,NA,NA,NA,NA,NA,NA,NA,NA,NA,NA,NA,NA,NA,NA,NA,NA,NA,NA,NA,NA,NA,NA,NA,NA,NA,NA,NA,NA,NA,NA,NA,NA,NA,NA,NA,NA,NA,NA,NA,NA,NA,NA,NA,NA,NA,NA,NA,NA,NA,NA,NA,NA
"Charlie Kolar","TE","LAC",1,NA,NA,NA,NA,NA,NA,NA,NA,NA,NA,NA,0,1.9,1.9,"2866273","CBS","15795","CBS","TE",1.6,1.3,13.8,13.8,10.6,0.1,NA,NA,NA,NA,NA,NA,NA,NA,NA,NA,NA,NA,NA,NA,NA,NA,NA,NA,NA,NA,NA,NA,NA,NA,NA,NA,NA,NA,NA,NA,NA,NA,NA,NA,NA,NA,NA,NA,NA,NA,NA,NA,NA,NA,NA,NA,NA,NA,NA,NA,NA,NA,NA,NA,NA,NA
"John Bates","TE","WAS",1,NA,NA,NA,NA,NA,NA,NA,NA,NA,NA,NA,0,1.8,1.8,"2257291","CBS","15344","CBS","TE",1.9,1.3,12,12,9.2,0.1,NA,NA,NA,NA,NA,NA,NA,NA,NA,NA,NA,NA,NA,NA,NA,NA,NA,NA,NA,NA,NA,NA,NA,NA,NA,NA,NA,NA,NA,NA,NA,NA,NA,NA,NA,NA,NA,NA,NA,NA,NA,NA,NA,NA,NA,NA,NA,NA,NA,NA,NA,NA,NA,NA,NA,NA
"Charlie Woerner","TE","ATL",1,NA,NA,NA,NA,NA,NA,NA,NA,NA,NA,NA,0,1.7,1.7,"2248629","CBS","14984","CBS","TE",2.4,1.3,11.9,11.9,9.2,0.1,NA,NA,NA,NA,NA,NA,NA,NA,NA,NA,NA,NA,NA,NA,NA,NA,NA,NA,NA,NA,NA,NA,NA,NA,NA,NA,NA,NA,NA,NA,NA,NA,NA,NA,NA,NA,NA,NA,NA,NA,NA,NA,NA,NA,NA,NA,NA,NA,NA,NA,NA,NA,NA,NA,NA,NA
"Will Kacmarek","TE","MIA",1,NA,NA,NA,NA,NA,NA,NA,NA,NA,NA,NA,0,1.7,1.7,"26717403","CBS","17605","CBS","TE",1.7,1.1,11.4,11.4,10.4,0.1,NA,NA,NA,NA,NA,NA,NA,NA,NA,NA,NA,NA,NA,NA,NA,NA,NA,NA,NA,NA,NA,NA,NA,NA,NA,NA,NA,NA,NA,NA,NA,NA,NA,NA,NA,NA,NA,NA,NA,NA,NA,NA,NA,NA,NA,NA,NA,NA,NA,NA,NA,NA,NA,NA,NA,NA
"Nate Boerkircher","TE","JAC",1,NA,NA,NA,NA,NA,NA,NA,NA,NA,NA,NA,0,1.6,1.6,"3162867","CBS","17591","CBS","TE",1.6,1,10.4,10.4,10.4,0.1,NA,NA,NA,NA,NA,NA,NA,NA,NA,NA,NA,NA,NA,NA,NA,NA,NA,NA,NA,NA,NA,NA,NA,NA,NA,NA,NA,NA,NA,NA,NA,NA,NA,NA,NA,NA,NA,NA,NA,NA,NA,NA,NA,NA,NA,NA,NA,NA,NA,NA,NA,NA,NA,NA,NA,NA
"Luke Schoonmaker","TE","DAL",1,NA,NA,NA,NA,NA,NA,NA,NA,NA,NA,NA,0,1.5,1.5,"2968473","CBS","16221","CBS","TE",1.3,0.9,9.3,9.3,10.3,0.1,NA,NA,NA,NA,NA,NA,NA,NA,NA,NA,NA,NA,NA,NA,NA,NA,NA,NA,NA,NA,NA,NA,NA,NA,NA,NA,NA,NA,NA,NA,NA,NA,NA,NA,NA,NA,NA,NA,NA,NA,NA,NA,NA,NA,NA,NA,NA,NA,NA,NA,NA,NA,NA,NA,NA,NA
"Marlin Klein","TE","HOU",1,NA,NA,NA,NA,NA,NA,NA,NA,NA,NA,NA,0,1.4,1.4,"28927889","CBS","17593","CBS","TE",0.9,0.7,8,8,11.4,0.1,NA,NA,NA,NA,NA,NA,NA,NA,NA,NA,NA,NA,NA,NA,NA,NA,NA,NA,NA,NA,NA,NA,NA,NA,NA,NA,NA,NA,NA,NA,NA,NA,NA,NA,NA,NA,NA,NA,NA,NA,NA,NA,NA,NA,NA,NA,NA,NA,NA,NA,NA,NA,NA,NA,NA,NA
"Brevyn Spann-Ford","TE","DAL",1,NA,NA,NA,NA,NA,NA,NA,NA,NA,NA,NA,0,1.4,1.4,"2961760","CBS","16647","CBS","TE",1.1,0.8,8.2,8.2,10.3,0.1,NA,NA,NA,NA,NA,NA,NA,NA,NA,NA,NA,NA,NA,NA,NA,NA,NA,NA,NA,NA,NA,NA,NA,NA,NA,NA,NA,NA,NA,NA,NA,NA,NA,NA,NA,NA,NA,NA,NA,NA,NA,NA,NA,NA,NA,NA,NA,NA,NA,NA,NA,NA,NA,NA,NA,NA
"Hayden Rucci","TE","LAC",1,NA,NA,NA,NA,NA,NA,NA,NA,NA,NA,NA,0,1.4,1.4,"3131519","CBS","17407","CBS","TE",1.3,0.9,8.6,8.6,9.6,0.1,NA,NA,NA,NA,NA,NA,NA,NA,NA,NA,NA,NA,NA,NA,NA,NA,NA,NA,NA,NA,NA,NA,NA,NA,NA,NA,NA,NA,NA,NA,NA,NA,NA,NA,NA,NA,NA,NA,NA,NA,NA,NA,NA,NA,NA,NA,NA,NA,NA,NA,NA,NA,NA,NA,NA,NA
"Jack Endries","TE","CIN",1,NA,NA,NA,NA,NA,NA,NA,NA,NA,NA,NA,0,1.3,1.3,"28916552","CBS","17545","CBS","TE",1.1,0.8,7.8,7.8,9.8,0.1,NA,NA,NA,NA,NA,NA,NA,NA,NA,NA,NA,NA,NA,NA,NA,NA,NA,NA,NA,NA,NA,NA,NA,NA,NA,NA,NA,NA,NA,NA,NA,NA,NA,NA,NA,NA,NA,NA,NA,NA,NA,NA,NA,NA,NA,NA,NA,NA,NA,NA,NA,NA,NA,NA,NA,NA
"Max Klare","TE","LAR",1,NA,NA,NA,NA,NA,NA,NA,NA,NA,NA,NA,0,1.3,1.3,"28921209","CBS","17547","CBS","TE",0.9,0.7,7.3,7.3,10.4,0.1,NA,NA,NA,NA,NA,NA,NA,NA,NA,NA,NA,NA,NA,NA,NA,NA,NA,NA,NA,NA,NA,NA,NA,NA,NA,NA,NA,NA,NA,NA,NA,NA,NA,NA,NA,NA,NA,NA,NA,NA,NA,NA,NA,NA,NA,NA,NA,NA,NA,NA,NA,NA,NA,NA,NA,NA
"Erick All","TE","CIN",1,NA,NA,NA,NA,NA,NA,NA,NA,NA,NA,NA,0,1.2,1.2,"3121555","CBS","16645","CBS","TE",0.9,0.8,6.4,6.4,8,0.1,NA,NA,NA,NA,NA,NA,NA,NA,NA,NA,NA,NA,NA,NA,NA,NA,NA,NA,NA,NA,NA,NA,NA,NA,NA,NA,NA,NA,NA,NA,NA,NA,NA,NA,NA,NA,NA,NA,NA,NA,NA,NA,NA,NA,NA,NA,NA,NA,NA,NA,NA,NA,NA,NA,NA,NA
"Ian Thomas","TE","LV",1,NA,NA,NA,NA,NA,NA,NA,NA,NA,NA,NA,0,1.2,1.2,"2253359","CBS","13678","CBS","TE",0.7,0.7,6.2,6.2,8.9,0.1,NA,NA,NA,NA,NA,NA,NA,NA,NA,NA,NA,NA,NA,NA,NA,NA,NA,NA,NA,NA,NA,NA,NA,NA,NA,NA,NA,NA,NA,NA,NA,NA,NA,NA,NA,NA,NA,NA,NA,NA,NA,NA,NA,NA,NA,NA,NA,NA,NA,NA,NA,NA,NA,NA,NA,NA
"Jackson Hawes","TE","BUF",1,NA,NA,NA,NA,NA,NA,NA,NA,NA,NA,NA,0,1.2,1.2,"3135324","CBS","17213","CBS","TE",0.8,0.6,6.1,6.1,10.2,0.1,NA,NA,NA,NA,NA,NA,NA,NA,NA,NA,NA,NA,NA,NA,NA,NA,NA,NA,NA,NA,NA,NA,NA,NA,NA,NA,NA,NA,NA,NA,NA,NA,NA,NA,NA,NA,NA,NA,NA,NA,NA,NA,NA,NA,NA,NA,NA,NA,NA,NA,NA,NA,NA,NA,NA,NA
"Drew Sample","TE","CIN",1,NA,NA,NA,NA,NA,NA,NA,NA,NA,NA,NA,0,1.2,1.2,"2139646","CBS","14146","CBS","TE",1,0.8,6.4,6.4,8,0.1,NA,NA,NA,NA,NA,NA,NA,NA,NA,NA,NA,NA,NA,NA,NA,NA,NA,NA,NA,NA,NA,NA,NA,NA,NA,NA,NA,NA,NA,NA,NA,NA,NA,NA,NA,NA,NA,NA,NA,NA,NA,NA,NA,NA,NA,NA,NA,NA,NA,NA,NA,NA,NA,NA,NA,NA
"Josh Whyle","TE","GB",1,NA,NA,NA,NA,NA,NA,NA,NA,NA,NA,NA,0,1.2,1.2,"2962513","CBS","16312","CBS","TE",0.8,0.6,6.2,6.2,10.3,0.1,NA,NA,NA,NA,NA,NA,NA,NA,NA,NA,NA,NA,NA,NA,NA,NA,NA,NA,NA,NA,NA,NA,NA,NA,NA,NA,NA,NA,NA,NA,NA,NA,NA,NA,NA,NA,NA,NA,NA,NA,NA,NA,NA,NA,NA,NA,NA,NA,NA,NA,NA,NA,NA,NA,NA,NA
"Ben Sinnott","TE","WAS",1,NA,NA,NA,NA,NA,NA,NA,NA,NA,NA,NA,0,1.2,1.2,"3168647","CBS","16644","CBS","TE",0.8,0.7,6.7,6.7,9.6,0.1,NA,NA,NA,NA,NA,NA,NA,NA,NA,NA,NA,NA,NA,NA,NA,NA,NA,NA,NA,NA,NA,NA,NA,NA,NA,NA,NA,NA,NA,NA,NA,NA,NA,NA,NA,NA,NA,NA,NA,NA,NA,NA,NA,NA,NA,NA,NA,NA,NA,NA,NA,NA,NA,NA,NA,NA
"Payne Durham","TE","TB",1,NA,NA,NA,NA,NA,NA,NA,NA,NA,NA,NA,0,1.1,1.1,"2968469","CBS","16218","CBS","TE",1,0.5,5.4,5.4,10.8,0.1,NA,NA,NA,NA,NA,NA,NA,NA,NA,NA,NA,NA,NA,NA,NA,NA,NA,NA,NA,NA,NA,NA,NA,NA,NA,NA,NA,NA,NA,NA,NA,NA,NA,NA,NA,NA,NA,NA,NA,NA,NA,NA,NA,NA,NA,NA,NA,NA,NA,NA,NA,NA,NA,NA,NA,NA
"Blake Whiteheart","TE","CLE",1,NA,NA,NA,NA,NA,NA,NA,NA,NA,NA,NA,0,1.1,1.1,"2964419","CBS","16940","CBS","TE",0.8,0.5,5,5,10,0.1,NA,NA,NA,NA,NA,NA,NA,NA,NA,NA,NA,NA,NA,NA,NA,NA,NA,NA,NA,NA,NA,NA,NA,NA,NA,NA,NA,NA,NA,NA,NA,NA,NA,NA,NA,NA,NA,NA,NA,NA,NA,NA,NA,NA,NA,NA,NA,NA,NA,NA,NA,NA,NA,NA,NA,NA
"Tanner Koziol","TE","JAC",1,NA,NA,NA,NA,NA,NA,NA,NA,NA,NA,NA,0,1.1,1.1,"28874303","CBS","17644","CBS","TE",0.7,0.5,5.8,5.8,11.6,0.1,NA,NA,NA,NA,NA,NA,NA,NA,NA,NA,NA,NA,NA,NA,NA,NA,NA,NA,NA,NA,NA,NA,NA,NA,NA,NA,NA,NA,NA,NA,NA,NA,NA,NA,NA,NA,NA,NA,NA,NA,NA,NA,NA,NA,NA,NA,NA,NA,NA,NA,NA,NA,NA,NA,NA,NA
"Nick Vannett","TE","SEA",1,NA,NA,NA,NA,NA,NA,NA,NA,NA,NA,NA,0,1,1,"1871322","CBS","12680","CBS","TE",0.6,0.5,4.4,4.4,8.8,0.1,NA,NA,NA,NA,NA,NA,NA,NA,NA,NA,NA,NA,NA,NA,NA,NA,NA,NA,NA,NA,NA,NA,NA,NA,NA,NA,NA,NA,NA,NA,NA,NA,NA,NA,NA,NA,NA,NA,NA,NA,NA,NA,NA,NA,NA,NA,NA,NA,NA,NA,NA,NA,NA,NA,NA,NA
"Chris Manhertz","TE","NYG",1,NA,NA,NA,NA,NA,NA,NA,NA,NA,NA,NA,0,1,1,"2167520","CBS","12955","CBS","TE",0.7,0.4,4.7,4.7,11.8,0.1,NA,NA,NA,NA,NA,NA,NA,NA,NA,NA,NA,NA,NA,NA,NA,NA,NA,NA,NA,NA,NA,NA,NA,NA,NA,NA,NA,NA,NA,NA,NA,NA,NA,NA,NA,NA,NA,NA,NA,NA,NA,NA,NA,NA,NA,NA,NA,NA,NA,NA,NA,NA,NA,NA,NA,NA
"Andrew Ogletree","TE","IND",1,NA,NA,NA,NA,NA,NA,NA,NA,NA,NA,NA,0,0.9,0.9,"26725942","CBS","15916","CBS","TE",0.8,0.4,3.8,3.8,9.5,0.1,NA,NA,NA,NA,NA,NA,NA,NA,NA,NA,NA,NA,NA,NA,NA,NA,NA,NA,NA,NA,NA,NA,NA,NA,NA,NA,NA,NA,NA,NA,NA,NA,NA,NA,NA,NA,NA,NA,NA,NA,NA,NA,NA,NA,NA,NA,NA,NA,NA,NA,NA,NA,NA,NA,NA,NA
"Josiah Deguara","TE","NYG",1,NA,NA,NA,NA,NA,NA,NA,NA,NA,NA,NA,0,0.9,0.9,"2181108","CBS","14876","CBS","TE",0.6,0.5,3.6,3.6,7.2,0.1,NA,NA,NA,NA,NA,NA,NA,NA,NA,NA,NA,NA,NA,NA,NA,NA,NA,NA,NA,NA,NA,NA,NA,NA,NA,NA,NA,NA,NA,NA,NA,NA,NA,NA,NA,NA,NA,NA,NA,NA,NA,NA,NA,NA,NA,NA,NA,NA,NA,NA,NA,NA,NA,NA,NA,NA
"Will Mallory","TE","IND",1,NA,NA,NA,NA,NA,NA,NA,NA,NA,NA,NA,0,0.7,0.7,"2962073","CBS","16220","CBS","TE",0.8,0.6,7.5,7.5,12.5,0,NA,NA,NA,NA,NA,NA,NA,NA,NA,NA,NA,NA,NA,NA,NA,NA,NA,NA,NA,NA,NA,NA,NA,NA,NA,NA,NA,NA,NA,NA,NA,NA,NA,NA,NA,NA,NA,NA,NA,NA,NA,NA,NA,NA,NA,NA,NA,NA,NA,NA,NA,NA,NA,NA,NA,NA
"Cade Stover","TE","HOU",1,NA,NA,NA,NA,NA,NA,NA,NA,NA,NA,NA,0,0.7,0.7,"3125978","CBS","16642","CBS","TE",1.1,0.8,7,7,8.8,0,NA,NA,NA,NA,NA,NA,NA,NA,NA,NA,NA,NA,NA,NA,NA,NA,NA,NA,NA,NA,NA,NA,NA,NA,NA,NA,NA,NA,NA,NA,NA,NA,NA,NA,NA,NA,NA,NA,NA,NA,NA,NA,NA,NA,NA,NA,NA,NA,NA,NA,NA,NA,NA,NA,NA,NA
"Elijah Arroyo","TE","SEA",1,NA,NA,NA,NA,NA,NA,NA,NA,NA,NA,NA,0,0.6,0.6,"26700496","CBS","17108","CBS","TE",1,0.6,6.5,6.5,10.8,0,NA,NA,NA,NA,NA,NA,NA,NA,NA,NA,NA,NA,NA,NA,NA,NA,NA,NA,NA,NA,NA,NA,NA,NA,NA,NA,NA,NA,NA,NA,NA,NA,NA,NA,NA,NA,NA,NA,NA,NA,NA,NA,NA,NA,NA,NA,NA,NA,NA,NA,NA,NA,NA,NA,NA,NA
"Bauer Sharp","TE","TB",1,NA,NA,NA,NA,NA,NA,NA,NA,NA,NA,NA,0,0.6,0.6,"26730919","CBS","17660","CBS","TE",0.9,0.7,6.7,6.7,9.6,0,NA,NA,NA,NA,NA,NA,NA,NA,NA,NA,NA,NA,NA,NA,NA,NA,NA,NA,NA,NA,NA,NA,NA,NA,NA,NA,NA,NA,NA,NA,NA,NA,NA,NA,NA,NA,NA,NA,NA,NA,NA,NA,NA,NA,NA,NA,NA,NA,NA,NA,NA,NA,NA,NA,NA,NA
"Oscar Delp","TE","NO",1,NA,NA,NA,NA,NA,NA,NA,NA,NA,NA,NA,0,0.6,0.6,"28873644","CBS","17567","CBS","TE",0.9,0.7,6.2,6.2,8.9,0,NA,NA,NA,NA,NA,NA,NA,NA,NA,NA,NA,NA,NA,NA,NA,NA,NA,NA,NA,NA,NA,NA,NA,NA,NA,NA,NA,NA,NA,NA,NA,NA,NA,NA,NA,NA,NA,NA,NA,NA,NA,NA,NA,NA,NA,NA,NA,NA,NA,NA,NA,NA,NA,NA,NA,NA
"Sam Roush","TE","CHI",1,NA,NA,NA,NA,NA,NA,NA,NA,NA,NA,NA,0,0.6,0.6,"28877184","CBS","17549","CBS","TE",0.8,0.7,6.7,6.7,9.6,0,NA,NA,NA,NA,NA,NA,NA,NA,NA,NA,NA,NA,NA,NA,NA,NA,NA,NA,NA,NA,NA,NA,NA,NA,NA,NA,NA,NA,NA,NA,NA,NA,NA,NA,NA,NA,NA,NA,NA,NA,NA,NA,NA,NA,NA,NA,NA,NA,NA,NA,NA,NA,NA,NA,NA,NA
"Joe Royer","TE","CLE",1,NA,NA,NA,NA,NA,NA,NA,NA,NA,NA,NA,0,0.5,0.5,"3169621","CBS","17566","CBS","TE",0.7,0.6,5.3,5.3,8.8,0,NA,NA,NA,NA,NA,NA,NA,NA,NA,NA,NA,NA,NA,NA,NA,NA,NA,NA,NA,NA,NA,NA,NA,NA,NA,NA,NA,NA,NA,NA,NA,NA,NA,NA,NA,NA,NA,NA,NA,NA,NA,NA,NA,NA,NA,NA,NA,NA,NA,NA,NA,NA,NA,NA,NA,NA
"E.J. Jenkins","TE","PHI",1,NA,NA,NA,NA,NA,NA,NA,NA,NA,NA,NA,0,0.5,0.5,"2820917","CBS","16919","CBS","TE",0.7,0.5,5,5,10,0,NA,NA,NA,NA,NA,NA,NA,NA,NA,NA,NA,NA,NA,NA,NA,NA,NA,NA,NA,NA,NA,NA,NA,NA,NA,NA,NA,NA,NA,NA,NA,NA,NA,NA,NA,NA,NA,NA,NA,NA,NA,NA,NA,NA,NA,NA,NA,NA,NA,NA,NA,NA,NA,NA,NA,NA
"Carter Runyon","TE","LV",1,NA,NA,NA,NA,NA,NA,NA,NA,NA,NA,NA,0,0.5,0.5,"29184228","CBS","17385","CBS","TE",0.8,0.7,5.2,5.2,7.4,0,NA,NA,NA,NA,NA,NA,NA,NA,NA,NA,NA,NA,NA,NA,NA,NA,NA,NA,NA,NA,NA,NA,NA,NA,NA,NA,NA,NA,NA,NA,NA,NA,NA,NA,NA,NA,NA,NA,NA,NA,NA,NA,NA,NA,NA,NA,NA,NA,NA,NA,NA,NA,NA,NA,NA,NA
"Seydou Traore","TE","MIA",1,NA,NA,NA,NA,NA,NA,NA,NA,NA,NA,NA,0,0.5,0.5,"26696643","CBS","17655","CBS","TE",0.7,0.5,5.5,5.5,11,0,NA,NA,NA,NA,NA,NA,NA,NA,NA,NA,NA,NA,NA,NA,NA,NA,NA,NA,NA,NA,NA,NA,NA,NA,NA,NA,NA,NA,NA,NA,NA,NA,NA,NA,NA,NA,NA,NA,NA,NA,NA,NA,NA,NA,NA,NA,NA,NA,NA,NA,NA,NA,NA,NA,NA,NA
"Josh Cuevas","TE","BAL",1,NA,NA,NA,NA,NA,NA,NA,NA,NA,NA,NA,0,0.5,0.5,"26706410","CBS","17651","CBS","TE",0.6,0.5,5.6,5.6,11.2,0,NA,NA,NA,NA,NA,NA,NA,NA,NA,NA,NA,NA,NA,NA,NA,NA,NA,NA,NA,NA,NA,NA,NA,NA,NA,NA,NA,NA,NA,NA,NA,NA,NA,NA,NA,NA,NA,NA,NA,NA,NA,NA,NA,NA,NA,NA,NA,NA,NA,NA,NA,NA,NA,NA,NA,NA
"Thomas Fidone II","TE","NYG",1,NA,NA,NA,NA,NA,NA,NA,NA,NA,NA,NA,0,0.5,0.5,"26699695","CBS","17243","CBS","TE",0.7,0.5,5.9,5.9,11.8,0,NA,NA,NA,NA,NA,NA,NA,NA,NA,NA,NA,NA,NA,NA,NA,NA,NA,NA,NA,NA,NA,NA,NA,NA,NA,NA,NA,NA,NA,NA,NA,NA,NA,NA,NA,NA,NA,NA,NA,NA,NA,NA,NA,NA,NA,NA,NA,NA,NA,NA,NA,NA,NA,NA,NA,NA
"Tip Reiman","TE","ARI",1,NA,NA,NA,NA,NA,NA,NA,NA,NA,NA,NA,0,0.5,0.5,"3169268","CBS","16706","CBS","TE",0.7,0.7,5.6,5.6,8,0,NA,NA,NA,NA,NA,NA,NA,NA,NA,NA,NA,NA,NA,NA,NA,NA,NA,NA,NA,NA,NA,NA,NA,NA,NA,NA,NA,NA,NA,NA,NA,NA,NA,NA,NA,NA,NA,NA,NA,NA,NA,NA,NA,NA,NA,NA,NA,NA,NA,NA,NA,NA,NA,NA,NA,NA
"Dallen Bentley","TE","DEN",1,NA,NA,NA,NA,NA,NA,NA,NA,NA,NA,NA,0,0.5,0.5,"29164633","CBS","17699","CBS","TE",0.8,0.6,5.9,5.9,9.8,0,NA,NA,NA,NA,NA,NA,NA,NA,NA,NA,NA,NA,NA,NA,NA,NA,NA,NA,NA,NA,NA,NA,NA,NA,NA,NA,NA,NA,NA,NA,NA,NA,NA,NA,NA,NA,NA,NA,NA,NA,NA,NA,NA,NA,NA,NA,NA,NA,NA,NA,NA,NA,NA,NA,NA,NA
"Patrick Herbert","TE","LAC",1,NA,NA,NA,NA,NA,NA,NA,NA,NA,NA,NA,0,0.5,0.5,"3121535","CBS",NA,"CBS","TE",0.7,0.5,5.4,5.4,10.8,0,NA,NA,NA,NA,NA,NA,NA,NA,NA,NA,NA,NA,NA,NA,NA,NA,NA,NA,NA,NA,NA,NA,NA,NA,NA,NA,NA,NA,NA,NA,NA,NA,NA,NA,NA,NA,NA,NA,NA,NA,NA,NA,NA,NA,NA,NA,NA,NA,NA,NA,NA,NA,NA,NA,NA,NA
"Justin Joly","TE","MIA",1,NA,NA,NA,NA,NA,NA,NA,NA,NA,NA,NA,0,0.5,0.5,"28927892","CBS","17548","CBS","TE",0.7,0.5,5.5,5.5,11,0,NA,NA,NA,NA,NA,NA,NA,NA,NA,NA,NA,NA,NA,NA,NA,NA,NA,NA,NA,NA,NA,NA,NA,NA,NA,NA,NA,NA,NA,NA,NA,NA,NA,NA,NA,NA,NA,NA,NA,NA,NA,NA,NA,NA,NA,NA,NA,NA,NA,NA,NA,NA,NA,NA,NA,NA
"Kylen Granson","TE","TEN",1,NA,NA,NA,NA,NA,NA,NA,NA,NA,NA,NA,0,0.4,0.4,"2247146","CBS","15419","CBS","TE",0.9,0.5,4.6,4.6,9.2,0,NA,NA,NA,NA,NA,NA,NA,NA,NA,NA,NA,NA,NA,NA,NA,NA,NA,NA,NA,NA,NA,NA,NA,NA,NA,NA,NA,NA,NA,NA,NA,NA,NA,NA,NA,NA,NA,NA,NA,NA,NA,NA,NA,NA,NA,NA,NA,NA,NA,NA,NA,NA,NA,NA,NA,NA
"Ko Kieft","TE","TB",1,NA,NA,NA,NA,NA,NA,NA,NA,NA,NA,NA,0,0.4,0.4,"2239763","CBS","15929","CBS","TE",0.4,0.4,4,4,10,0,NA,NA,NA,NA,NA,NA,NA,NA,NA,NA,NA,NA,NA,NA,NA,NA,NA,NA,NA,NA,NA,NA,NA,NA,NA,NA,NA,NA,NA,NA,NA,NA,NA,NA,NA,NA,NA,NA,NA,NA,NA,NA,NA,NA,NA,NA,NA,NA,NA,NA,NA,NA,NA,NA,NA,NA
"Grant Calcaterra","TE","PHI",1,NA,NA,NA,NA,NA,NA,NA,NA,NA,NA,NA,0,0.4,0.4,"2804129","CBS","15804","CBS","TE",0.7,0.5,4.9,4.9,9.8,0,NA,NA,NA,NA,NA,NA,NA,NA,NA,NA,NA,NA,NA,NA,NA,NA,NA,NA,NA,NA,NA,NA,NA,NA,NA,NA,NA,NA,NA,NA,NA,NA,NA,NA,NA,NA,NA,NA,NA,NA,NA,NA,NA,NA,NA,NA,NA,NA,NA,NA,NA,NA,NA,NA,NA,NA
"Johnny Mundt","TE","PHI",1,NA,NA,NA,NA,NA,NA,NA,NA,NA,NA,NA,0,0.3,0.3,"2818622","CBS","13940","CBS","TE",0.6,0.4,3.1,3.1,7.8,0,NA,NA,NA,NA,NA,NA,NA,NA,NA,NA,NA,NA,NA,NA,NA,NA,NA,NA,NA,NA,NA,NA,NA,NA,NA,NA,NA,NA,NA,NA,NA,NA,NA,NA,NA,NA,NA,NA,NA,NA,NA,NA,NA,NA,NA,NA,NA,NA,NA,NA,NA,NA,NA,NA,NA,NA
"Colson Yankoff","TE","WAS",1,NA,NA,NA,NA,NA,NA,NA,NA,NA,NA,NA,0,0.3,0.3,"2961827","CBS","16898","CBS","TE",0.7,0.4,3.1,3.1,7.8,0,NA,NA,NA,NA,NA,NA,NA,NA,NA,NA,NA,NA,NA,NA,NA,NA,NA,NA,NA,NA,NA,NA,NA,NA,NA,NA,NA,NA,NA,NA,NA,NA,NA,NA,NA,NA,NA,NA,NA,NA,NA,NA,NA,NA,NA,NA,NA,NA,NA,NA,NA,NA,NA,NA,NA,NA
"Dallas Goedert","TE","PHI",1,NA,NA,NA,NA,NA,NA,NA,NA,NA,NA,NA,0,0.3,0.3,"2132551","CBS","13674","CBS","TE",0.5,0.4,3.8,3.8,9.5,0,NA,NA,NA,NA,NA,NA,NA,NA,NA,NA,NA,NA,NA,NA,NA,NA,NA,NA,NA,NA,NA,NA,NA,NA,NA,NA,NA,NA,NA,NA,NA,NA,NA,NA,NA,NA,NA,NA,NA,NA,NA,NA,NA,NA,NA,NA,NA,NA,NA,NA,NA,NA,NA,NA,NA,NA
"Eli Stowers","TE","PHI",1,NA,NA,NA,NA,NA,NA,NA,NA,NA,NA,NA,0,0.3,0.3,"26696120","CBS","17544","CBS","TE",0.5,0.4,3.8,3.8,9.5,0,NA,NA,NA,NA,NA,NA,NA,NA,NA,NA,NA,NA,NA,NA,NA,NA,NA,NA,NA,NA,NA,NA,NA,NA,NA,NA,NA,NA,NA,NA,NA,NA,NA,NA,NA,NA,NA,NA,NA,NA,NA,NA,NA,NA,NA,NA,NA,NA,NA,NA,NA,NA,NA,NA,NA,NA
"Brandon Aubrey","K","DAL",1,NA,NA,NA,NA,NA,NA,NA,NA,NA,NA,NA,NA,11.6,11.6,"2815718","CBS","16414","CBS","K",NA,NA,NA,NA,NA,NA,2.5,2.9,0,0,0.7,0.7,0.7,0.7,0.6,0.7,0.4,0.4,3.3,3.4,NA,NA,NA,NA,NA,NA,NA,NA,NA,NA,NA,NA,NA,NA,NA,NA,NA,NA,NA,NA,NA,NA,NA,NA,NA,NA,NA,NA,NA,NA,NA,NA,NA,NA,NA,NA,NA,NA,NA,NA,NA,NA
"Ka'imi Fairbairn","K","HOU",1,NA,NA,NA,NA,NA,NA,NA,NA,NA,NA,NA,NA,10.3,10.3,"1996562","CBS","12860","CBS","K",NA,NA,NA,NA,NA,NA,2.3,2.6,0,0,0.6,0.6,0.7,0.7,0.7,0.7,0.4,0.4,2.6,2.7,NA,NA,NA,NA,NA,NA,NA,NA,NA,NA,NA,NA,NA,NA,NA,NA,NA,NA,NA,NA,NA,NA,NA,NA,NA,NA,NA,NA,NA,NA,NA,NA,NA,NA,NA,NA,NA,NA,NA,NA,NA,NA
"Jake Bates","K","DET",1,NA,NA,NA,NA,NA,NA,NA,NA,NA,NA,NA,NA,10.3,10.3,"3173439","CBS","16846","CBS","K",NA,NA,NA,NA,NA,NA,2,2.2,0,0,0.5,0.5,0.6,0.6,0.6,0.7,0.3,0.3,3.7,3.8,NA,NA,NA,NA,NA,NA,NA,NA,NA,NA,NA,NA,NA,NA,NA,NA,NA,NA,NA,NA,NA,NA,NA,NA,NA,NA,NA,NA,NA,NA,NA,NA,NA,NA,NA,NA,NA,NA,NA,NA,NA,NA
"Will Reichard","K","MIN",1,NA,NA,NA,NA,NA,NA,NA,NA,NA,NA,NA,NA,10.1,10.1,"3121084","CBS","16681","CBS","K",NA,NA,NA,NA,NA,NA,2.2,2.4,0,0,0.5,0.5,0.7,0.7,0.6,0.7,0.4,0.4,2.7,2.7,NA,NA,NA,NA,NA,NA,NA,NA,NA,NA,NA,NA,NA,NA,NA,NA,NA,NA,NA,NA,NA,NA,NA,NA,NA,NA,NA,NA,NA,NA,NA,NA,NA,NA,NA,NA,NA,NA,NA,NA,NA,NA
"Jason Myers","K","SEA",1,NA,NA,NA,NA,NA,NA,NA,NA,NA,NA,NA,NA,9.8,9.8,"2169640","CBS","12437","CBS","K",NA,NA,NA,NA,NA,NA,2.1,2.3,0,0,0.5,0.5,0.8,0.8,0.5,0.6,0.3,0.3,2.9,3,NA,NA,NA,NA,NA,NA,NA,NA,NA,NA,NA,NA,NA,NA,NA,NA,NA,NA,NA,NA,NA,NA,NA,NA,NA,NA,NA,NA,NA,NA,NA,NA,NA,NA,NA,NA,NA,NA,NA,NA,NA,NA
"Nick Folk","K","ATL",1,NA,NA,NA,NA,NA,NA,NA,NA,NA,NA,NA,NA,9.3,9.3,"410721","CBS","8851","CBS","K",NA,NA,NA,NA,NA,NA,2,2.3,0,0,0.4,0.4,0.5,0.5,0.7,0.8,0.3,0.3,2.7,2.7,NA,NA,NA,NA,NA,NA,NA,NA,NA,NA,NA,NA,NA,NA,NA,NA,NA,NA,NA,NA,NA,NA,NA,NA,NA,NA,NA,NA,NA,NA,NA,NA,NA,NA,NA,NA,NA,NA,NA,NA,NA,NA
"Spencer Shrader","K","IND",1,NA,NA,NA,NA,NA,NA,NA,NA,NA,NA,NA,NA,9.2,9.2,"3131541","CBS","16896","CBS","K",NA,NA,NA,NA,NA,NA,2.1,2.3,0,0,0.5,0.5,0.6,0.6,0.7,0.8,0.3,0.3,2.3,2.6,NA,NA,NA,NA,NA,NA,NA,NA,NA,NA,NA,NA,NA,NA,NA,NA,NA,NA,NA,NA,NA,NA,NA,NA,NA,NA,NA,NA,NA,NA,NA,NA,NA,NA,NA,NA,NA,NA,NA,NA,NA,NA
"Chad Ryland","K","ARI",1,NA,NA,NA,NA,NA,NA,NA,NA,NA,NA,NA,NA,8.6,8.6,"2964074","CBS","16292","CBS","K",NA,NA,NA,NA,NA,NA,1.8,2.1,0,0,0.4,0.4,0.5,0.5,0.6,0.7,0.3,0.3,2.6,2.7,NA,NA,NA,NA,NA,NA,NA,NA,NA,NA,NA,NA,NA,NA,NA,NA,NA,NA,NA,NA,NA,NA,NA,NA,NA,NA,NA,NA,NA,NA,NA,NA,NA,NA,NA,NA,NA,NA,NA,NA,NA,NA
"Evan McPherson","K","CIN",1,NA,NA,NA,NA,NA,NA,NA,NA,NA,NA,NA,NA,8.5,8.5,"2962681","CBS","15368","CBS","K",NA,NA,NA,NA,NA,NA,1.7,1.9,0,0,0.4,0.4,0.5,0.5,0.4,0.5,0.3,0.3,2.8,2.9,NA,NA,NA,NA,NA,NA,NA,NA,NA,NA,NA,NA,NA,NA,NA,NA,NA,NA,NA,NA,NA,NA,NA,NA,NA,NA,NA,NA,NA,NA,NA,NA,NA,NA,NA,NA,NA,NA,NA,NA,NA,NA
"Cairo Santos","K","CHI",1,NA,NA,NA,NA,NA,NA,NA,NA,NA,NA,NA,NA,8.4,8.4,"2132690","CBS","11945","CBS","K",NA,NA,NA,NA,NA,NA,1.7,1.9,0,0,0.4,0.4,0.5,0.5,0.5,0.6,0.3,0.3,2.7,2.7,NA,NA,NA,NA,NA,NA,NA,NA,NA,NA,NA,NA,NA,NA,NA,NA,NA,NA,NA,NA,NA,NA,NA,NA,NA,NA,NA,NA,NA,NA,NA,NA,NA,NA,NA,NA,NA,NA,NA,NA,NA,NA
"Jason Sanders","K","NYJ",1,NA,NA,NA,NA,NA,NA,NA,NA,NA,NA,NA,NA,8.3,8.3,"2131909","CBS","13832","CBS","K",NA,NA,NA,NA,NA,NA,1.9,2.1,0,0,0.4,0.4,0.7,0.7,0.4,0.5,0.3,0.3,2,2.3,NA,NA,NA,NA,NA,NA,NA,NA,NA,NA,NA,NA,NA,NA,NA,NA,NA,NA,NA,NA,NA,NA,NA,NA,NA,NA,NA,NA,NA,NA,NA,NA,NA,NA,NA,NA,NA,NA,NA,NA,NA,NA
"Chris Boswell","K","PIT",1,NA,NA,NA,NA,NA,NA,NA,NA,NA,NA,NA,NA,8.1,8.1,"1724930","CBS","11936","CBS","K",NA,NA,NA,NA,NA,NA,1.7,2.1,0,0,0.4,0.4,0.5,0.5,0.5,0.6,0.3,0.3,2.4,2.4,NA,NA,NA,NA,NA,NA,NA,NA,NA,NA,NA,NA,NA,NA,NA,NA,NA,NA,NA,NA,NA,NA,NA,NA,NA,NA,NA,NA,NA,NA,NA,NA,NA,NA,NA,NA,NA,NA,NA,NA,NA,NA
"Cam Little","K","JAC",1,NA,NA,NA,NA,NA,NA,NA,NA,NA,NA,NA,NA,8,8,"26702477","CBS","16680","CBS","K",NA,NA,NA,NA,NA,NA,1.6,1.8,0,0,0.4,0.4,0.4,0.4,0.5,0.6,0.3,0.3,2.6,2.6,NA,NA,NA,NA,NA,NA,NA,NA,NA,NA,NA,NA,NA,NA,NA,NA,NA,NA,NA,NA,NA,NA,NA,NA,NA,NA,NA,NA,NA,NA,NA,NA,NA,NA,NA,NA,NA,NA,NA,NA,NA,NA
"Harrison Mevis","K","LAR",1,NA,NA,NA,NA,NA,NA,NA,NA,NA,NA,NA,NA,7.9,7.9,"3162619","CBS","16843","CBS","K",NA,NA,NA,NA,NA,NA,1.5,1.7,0,0,0.3,0.4,0.5,0.5,0.5,0.7,0.1,0.1,3.2,3.2,NA,NA,NA,NA,NA,NA,NA,NA,NA,NA,NA,NA,NA,NA,NA,NA,NA,NA,NA,NA,NA,NA,NA,NA,NA,NA,NA,NA,NA,NA,NA,NA,NA,NA,NA,NA,NA,NA,NA,NA,NA,NA
"Chase McLaughlin","K","TB",1,NA,NA,NA,NA,NA,NA,NA,NA,NA,NA,NA,NA,7.9,7.9,"2165272","CBS","14717","CBS","K",NA,NA,NA,NA,NA,NA,1.6,1.8,0,0,0.4,0.4,0.5,0.6,0.4,0.5,0.3,0.3,2.5,2.5,NA,NA,NA,NA,NA,NA,NA,NA,NA,NA,NA,NA,NA,NA,NA,NA,NA,NA,NA,NA,NA,NA,NA,NA,NA,NA,NA,NA,NA,NA,NA,NA,NA,NA,NA,NA,NA,NA,NA,NA,NA,NA
"Cameron Dicker","K","LAC",1,NA,NA,NA,NA,NA,NA,NA,NA,NA,NA,NA,NA,7.9,7.9,"2961997","CBS","15979","CBS","K",NA,NA,NA,NA,NA,NA,1.9,2.2,0,0,0.4,0.4,0.7,0.7,0.5,0.6,0.2,0.2,1.8,1.9,NA,NA,NA,NA,NA,NA,NA,NA,NA,NA,NA,NA,NA,NA,NA,NA,NA,NA,NA,NA,NA,NA,NA,NA,NA,NA,NA,NA,NA,NA,NA,NA,NA,NA,NA,NA,NA,NA,NA,NA,NA,NA
"Wil Lutz","K","DEN",1,NA,NA,NA,NA,NA,NA,NA,NA,NA,NA,NA,NA,7.7,7.7,"2008545","CBS","12956","CBS","K",NA,NA,NA,NA,NA,NA,1.6,2,0,0,0.5,0.5,0.5,0.5,0.4,0.5,0.3,0.3,2.3,2.3,NA,NA,NA,NA,NA,NA,NA,NA,NA,NA,NA,NA,NA,NA,NA,NA,NA,NA,NA,NA,NA,NA,NA,NA,NA,NA,NA,NA,NA,NA,NA,NA,NA,NA,NA,NA,NA,NA,NA,NA,NA,NA
"Andres Borregales","K","NE",1,NA,NA,NA,NA,NA,NA,NA,NA,NA,NA,NA,NA,7.6,7.6,"26699665","CBS","17220","CBS","K",NA,NA,NA,NA,NA,NA,1.5,1.9,0,0,0.3,0.3,0.5,0.6,0.4,0.7,0.2,0.2,2.7,2.7,NA,NA,NA,NA,NA,NA,NA,NA,NA,NA,NA,NA,NA,NA,NA,NA,NA,NA,NA,NA,NA,NA,NA,NA,NA,NA,NA,NA,NA,NA,NA,NA,NA,NA,NA,NA,NA,NA,NA,NA,NA,NA
"Trey Smack","K","GB",1,NA,NA,NA,NA,NA,NA,NA,NA,NA,NA,NA,NA,7.6,7.6,"28899321","CBS","17668","CBS","K",NA,NA,NA,NA,NA,NA,1.7,2,0,0,0.5,0.5,0.5,0.5,0.4,0.6,0.2,0.2,2.1,2.4,NA,NA,NA,NA,NA,NA,NA,NA,NA,NA,NA,NA,NA,NA,NA,NA,NA,NA,NA,NA,NA,NA,NA,NA,NA,NA,NA,NA,NA,NA,NA,NA,NA,NA,NA,NA,NA,NA,NA,NA,NA,NA
"Drew Stevens","K","WAS",1,NA,NA,NA,NA,NA,NA,NA,NA,NA,NA,NA,NA,7.4,7.4,"28873746","CBS","17726","CBS","K",NA,NA,NA,NA,NA,NA,1.6,1.9,0,0,0.5,0.5,0.5,0.5,0.4,0.5,0.2,0.2,2.2,2.5,NA,NA,NA,NA,NA,NA,NA,NA,NA,NA,NA,NA,NA,NA,NA,NA,NA,NA,NA,NA,NA,NA,NA,NA,NA,NA,NA,NA,NA,NA,NA,NA,NA,NA,NA,NA,NA,NA,NA,NA,NA,NA
"Daniel Carlson","K","NO",1,NA,NA,NA,NA,NA,NA,NA,NA,NA,NA,NA,NA,7.4,7.4,"2079862","CBS","13718","CBS","K",NA,NA,NA,NA,NA,NA,1.7,2.1,0,0,0.6,0.6,0.4,0.5,0.4,0.5,0.3,0.3,1.7,1.8,NA,NA,NA,NA,NA,NA,NA,NA,NA,NA,NA,NA,NA,NA,NA,NA,NA,NA,NA,NA,NA,NA,NA,NA,NA,NA,NA,NA,NA,NA,NA,NA,NA,NA,NA,NA,NA,NA,NA,NA,NA,NA
"Andre Szmyt","K","CLE",1,NA,NA,NA,NA,NA,NA,NA,NA,NA,NA,NA,NA,7.2,7.2,"2868551","CBS","16419","CBS","K",NA,NA,NA,NA,NA,NA,1.5,1.6,0,0,0.3,0.3,0.5,0.5,0.4,0.5,0.3,0.3,2.1,2.1,NA,NA,NA,NA,NA,NA,NA,NA,NA,NA,NA,NA,NA,NA,NA,NA,NA,NA,NA,NA,NA,NA,NA,NA,NA,NA,NA,NA,NA,NA,NA,NA,NA,NA,NA,NA,NA,NA,NA,NA,NA,NA
"Tyler Loop","K","BAL",1,NA,NA,NA,NA,NA,NA,NA,NA,NA,NA,NA,NA,7.2,7.2,"3174704","CBS","17222","CBS","K",NA,NA,NA,NA,NA,NA,1.4,1.7,0,0,0.4,0.4,0.4,0.4,0.4,0.6,0.2,0.2,2.6,2.7,NA,NA,NA,NA,NA,NA,NA,NA,NA,NA,NA,NA,NA,NA,NA,NA,NA,NA,NA,NA,NA,NA,NA,NA,NA,NA,NA,NA,NA,NA,NA,NA,NA,NA,NA,NA,NA,NA,NA,NA,NA,NA
"Joey Slye","K","TEN",1,NA,NA,NA,NA,NA,NA,NA,NA,NA,NA,NA,NA,7.1,7.1,"3116871","CBS","14600","CBS","K",NA,NA,NA,NA,NA,NA,1.6,1.9,0,0,0.4,0.4,0.6,0.6,0.4,0.4,0.3,0.3,1.7,1.8,NA,NA,NA,NA,NA,NA,NA,NA,NA,NA,NA,NA,NA,NA,NA,NA,NA,NA,NA,NA,NA,NA,NA,NA,NA,NA,NA,NA,NA,NA,NA,NA,NA,NA,NA,NA,NA,NA,NA,NA,NA,NA
"Dominic Zvada","K","NYG",1,NA,NA,NA,NA,NA,NA,NA,NA,NA,NA,NA,NA,7.1,7.1,"28876817","CBS","17736","CBS","K",NA,NA,NA,NA,NA,NA,1.5,1.8,0,0,0.4,0.4,0.5,0.6,0.4,0.5,0.2,0.2,2.2,2.2,NA,NA,NA,NA,NA,NA,NA,NA,NA,NA,NA,NA,NA,NA,NA,NA,NA,NA,NA,NA,NA,NA,NA,NA,NA,NA,NA,NA,NA,NA,NA,NA,NA,NA,NA,NA,NA,NA,NA,NA,NA,NA
"Tyler Bass","K","BUF",1,NA,NA,NA,NA,NA,NA,NA,NA,NA,NA,NA,NA,6.7,6.7,"2188356","CBS","14983","CBS","K",NA,NA,NA,NA,NA,NA,1.4,1.6,0,0,0.4,0.5,0.5,0.5,0.3,0.4,0.1,0.1,2.3,2.5,NA,NA,NA,NA,NA,NA,NA,NA,NA,NA,NA,NA,NA,NA,NA,NA,NA,NA,NA,NA,NA,NA,NA,NA,NA,NA,NA,NA,NA,NA,NA,NA,NA,NA,NA,NA,NA,NA,NA,NA,NA,NA
"Eddy Pineiro","K","SF",1,NA,NA,NA,NA,NA,NA,NA,NA,NA,NA,NA,NA,6,6,"2221833","CBS","13719","CBS","K",NA,NA,NA,NA,NA,NA,1.3,1.5,0,0,0.3,0.4,0.4,0.4,0.4,0.4,0.2,0.2,1.7,1.9,NA,NA,NA,NA,NA,NA,NA,NA,NA,NA,NA,NA,NA,NA,NA,NA,NA,NA,NA,NA,NA,NA,NA,NA,NA,NA,NA,NA,NA,NA,NA,NA,NA,NA,NA,NA,NA,NA,NA,NA,NA,NA
"Riley Patterson","K","MIA",1,NA,NA,NA,NA,NA,NA,NA,NA,NA,NA,NA,NA,6,6,"2865368","CBS","15369","CBS","K",NA,NA,NA,NA,NA,NA,1.3,1.6,0,0,0.4,0.4,0.4,0.5,0.4,0.4,0.1,0.1,1.9,2,NA,NA,NA,NA,NA,NA,NA,NA,NA,NA,NA,NA,NA,NA,NA,NA,NA,NA,NA,NA,NA,NA,NA,NA,NA,NA,NA,NA,NA,NA,NA,NA,NA,NA,NA,NA,NA,NA,NA,NA,NA,NA
"Matt Gay","K","LV",1,NA,NA,NA,NA,NA,NA,NA,NA,NA,NA,NA,NA,5.8,5.8,"2870511","CBS","14244","CBS","K",NA,NA,NA,NA,NA,NA,1.2,1.4,0,0,0.3,0.3,0.4,0.4,0.4,0.5,0.1,0.1,2,2.1,NA,NA,NA,NA,NA,NA,NA,NA,NA,NA,NA,NA,NA,NA,NA,NA,NA,NA,NA,NA,NA,NA,NA,NA,NA,NA,NA,NA,NA,NA,NA,NA,NA,NA,NA,NA,NA,NA,NA,NA,NA,NA
"Jake Elliott","K","PHI",1,NA,NA,NA,NA,NA,NA,NA,NA,NA,NA,NA,NA,4.6,4.6,"2080295","CBS","13303","CBS","K",NA,NA,NA,NA,NA,NA,0.9,1.1,0,0,0.2,0.2,0.3,0.3,0.3,0.3,0.2,0.2,1.5,1.5,NA,NA,NA,NA,NA,NA,NA,NA,NA,NA,NA,NA,NA,NA,NA,NA,NA,NA,NA,NA,NA,NA,NA,NA,NA,NA,NA,NA,NA,NA,NA,NA,NA,NA,NA,NA,NA,NA,NA,NA,NA,NA
NA,"DST","HOU",NA,NA,NA,NA,NA,NA,NA,NA,NA,NA,NA,NA,NA,16.7,16.7,"1932","CBS","0532","CBS","DST",NA,NA,NA,NA,NA,NA,NA,NA,NA,NA,NA,NA,NA,NA,NA,NA,NA,NA,NA,NA,0.6,0.1,4.1,34.5,1,1.3,0.2,17.4,17.4,0,80,226,226,NA,NA,NA,NA,NA,NA,NA,NA,NA,NA,NA,NA,NA,NA,NA,NA,NA,NA,NA,NA,NA,NA,NA,NA,NA,NA,NA,NA,NA
NA,"DST","MIN",NA,NA,NA,NA,NA,NA,NA,NA,NA,NA,NA,NA,NA,16.2,16.2,"1916","CBS","0524","CBS","DST",NA,NA,NA,NA,NA,NA,NA,NA,NA,NA,NA,NA,NA,NA,NA,NA,NA,NA,NA,NA,0.8,0,5,39.9,1.2,1.6,0.2,18.7,18.7,0,79,261,261,NA,NA,NA,NA,NA,NA,NA,NA,NA,NA,NA,NA,NA,NA,NA,NA,NA,NA,NA,NA,NA,NA,NA,NA,NA,NA,NA,NA,NA
NA,"DST","NE",NA,NA,NA,NA,NA,NA,NA,NA,NA,NA,NA,NA,NA,15.7,15.7,"1931","CBS","0504","CBS","DST",NA,NA,NA,NA,NA,NA,NA,NA,NA,NA,NA,NA,NA,NA,NA,NA,NA,NA,NA,NA,0.9,0,3.5,37.8,0.6,0.8,0.2,17.7,17.7,0,68,238,238,NA,NA,NA,NA,NA,NA,NA,NA,NA,NA,NA,NA,NA,NA,NA,NA,NA,NA,NA,NA,NA,NA,NA,NA,NA,NA,NA,NA,NA
NA,"DST","DEN",NA,NA,NA,NA,NA,NA,NA,NA,NA,NA,NA,NA,NA,15.6,15.6,"1909","CBS","0511","CBS","DST",NA,NA,NA,NA,NA,NA,NA,NA,NA,NA,NA,NA,NA,NA,NA,NA,NA,NA,NA,NA,1.1,0.1,4.8,39.7,0.6,0.8,0.2,19.2,19.2,0,120,278,278,NA,NA,NA,NA,NA,NA,NA,NA,NA,NA,NA,NA,NA,NA,NA,NA,NA,NA,NA,NA,NA,NA,NA,NA,NA,NA,NA,NA,NA
NA,"DST","NYJ",NA,NA,NA,NA,NA,NA,NA,NA,NA,NA,NA,NA,NA,13.8,13.8,"1919","CBS","0505","CBS","DST",NA,NA,NA,NA,NA,NA,NA,NA,NA,NA,NA,NA,NA,NA,NA,NA,NA,NA,NA,NA,1.2,0,3,36.8,0.6,0.8,0.2,19.5,19.5,0,89,253,253,NA,NA,NA,NA,NA,NA,NA,NA,NA,NA,NA,NA,NA,NA,NA,NA,NA,NA,NA,NA,NA,NA,NA,NA,NA,NA,NA,NA,NA
NA,"DST","CIN",NA,NA,NA,NA,NA,NA,NA,NA,NA,NA,NA,NA,NA,13.7,13.7,"1907","CBS","0506","CBS","DST",NA,NA,NA,NA,NA,NA,NA,NA,NA,NA,NA,NA,NA,NA,NA,NA,NA,NA,NA,NA,0.8,0,3.1,37.7,0.9,1.2,0.2,18.2,18.2,0,124,292,292,NA,NA,NA,NA,NA,NA,NA,NA,NA,NA,NA,NA,NA,NA,NA,NA,NA,NA,NA,NA,NA,NA,NA,NA,NA,NA,NA,NA,NA
NA,"DST","JAC",NA,NA,NA,NA,NA,NA,NA,NA,NA,NA,NA,NA,NA,13.7,13.7,"1913","CBS","0509","CBS","DST",NA,NA,NA,NA,NA,NA,NA,NA,NA,NA,NA,NA,NA,NA,NA,NA,NA,NA,NA,NA,0.6,0,2.7,40.6,0.6,0.9,0.1,13.5,13.5,0,109,266,266,NA,NA,NA,NA,NA,NA,NA,NA,NA,NA,NA,NA,NA,NA,NA,NA,NA,NA,NA,NA,NA,NA,NA,NA,NA,NA,NA,NA,NA
NA,"DST","NO",NA,NA,NA,NA,NA,NA,NA,NA,NA,NA,NA,NA,NA,13.2,13.2,"1917","CBS","0529","CBS","DST",NA,NA,NA,NA,NA,NA,NA,NA,NA,NA,NA,NA,NA,NA,NA,NA,NA,NA,NA,NA,1.1,0,4.4,37.8,0.7,0.9,0.2,25.3,25.3,0,104,270,270,NA,NA,NA,NA,NA,NA,NA,NA,NA,NA,NA,NA,NA,NA,NA,NA,NA,NA,NA,NA,NA,NA,NA,NA,NA,NA,NA,NA,NA
NA,"DST","SEA",NA,NA,NA,NA,NA,NA,NA,NA,NA,NA,NA,NA,NA,12.4,12.4,"1926","CBS","0515","CBS","DST",NA,NA,NA,NA,NA,NA,NA,NA,NA,NA,NA,NA,NA,NA,NA,NA,NA,NA,NA,NA,0.9,0,2,43.1,0.7,0.9,0.2,18.8,18.8,0,99,294,294,NA,NA,NA,NA,NA,NA,NA,NA,NA,NA,NA,NA,NA,NA,NA,NA,NA,NA,NA,NA,NA,NA,NA,NA,NA,NA,NA,NA,NA
NA,"DST","CLE",NA,NA,NA,NA,NA,NA,NA,NA,NA,NA,NA,NA,NA,12.2,12.2,"1930","CBS","0507","CBS","DST",NA,NA,NA,NA,NA,NA,NA,NA,NA,NA,NA,NA,NA,NA,NA,NA,NA,NA,NA,NA,0.9,0,4.8,37.9,0.5,0.7,0.1,23.5,23.5,0,110,251,251,NA,NA,NA,NA,NA,NA,NA,NA,NA,NA,NA,NA,NA,NA,NA,NA,NA,NA,NA,NA,NA,NA,NA,NA,NA,NA,NA,NA,NA
NA,"DST","LAC",NA,NA,NA,NA,NA,NA,NA,NA,NA,NA,NA,NA,NA,11.9,11.9,"1924","CBS","0514","CBS","DST",NA,NA,NA,NA,NA,NA,NA,NA,NA,NA,NA,NA,NA,NA,NA,NA,NA,NA,NA,NA,0.8,0,2.5,39.5,0.6,0.8,0.1,20.7,20.7,0,107,295,295,NA,NA,NA,NA,NA,NA,NA,NA,NA,NA,NA,NA,NA,NA,NA,NA,NA,NA,NA,NA,NA,NA,NA,NA,NA,NA,NA,NA,NA
NA,"DST","LV",NA,NA,NA,NA,NA,NA,NA,NA,NA,NA,NA,NA,NA,10.7,10.7,"1920","CBS","0513","CBS","DST",NA,NA,NA,NA,NA,NA,NA,NA,NA,NA,NA,NA,NA,NA,NA,NA,NA,NA,NA,NA,0.8,0,3.9,41.3,1,1.4,0.2,24,24,0,120,324,324,NA,NA,NA,NA,NA,NA,NA,NA,NA,NA,NA,NA,NA,NA,NA,NA,NA,NA,NA,NA,NA,NA,NA,NA,NA,NA,NA,NA,NA
NA,"DST","DET",NA,NA,NA,NA,NA,NA,NA,NA,NA,NA,NA,NA,NA,9.8,9.8,"1910","CBS","0522","CBS","DST",NA,NA,NA,NA,NA,NA,NA,NA,NA,NA,NA,NA,NA,NA,NA,NA,NA,NA,NA,NA,0.7,0,4,40.7,0.6,0.8,0.2,24.3,24.3,0,94,301,301,NA,NA,NA,NA,NA,NA,NA,NA,NA,NA,NA,NA,NA,NA,NA,NA,NA,NA,NA,NA,NA,NA,NA,NA,NA,NA,NA,NA,NA
NA,"DST","WAS",NA,NA,NA,NA,NA,NA,NA,NA,NA,NA,NA,NA,NA,9.6,9.6,"1929","CBS","0520","CBS","DST",NA,NA,NA,NA,NA,NA,NA,NA,NA,NA,NA,NA,NA,NA,NA,NA,NA,NA,NA,NA,1.1,0,3.2,39.7,0.5,0.7,0.2,21,21,0,122,308,308,NA,NA,NA,NA,NA,NA,NA,NA,NA,NA,NA,NA,NA,NA,NA,NA,NA,NA,NA,NA,NA,NA,NA,NA,NA,NA,NA,NA,NA
NA,"DST","PIT",NA,NA,NA,NA,NA,NA,NA,NA,NA,NA,NA,NA,NA,9.3,9.3,"1922","CBS","0510","CBS","DST",NA,NA,NA,NA,NA,NA,NA,NA,NA,NA,NA,NA,NA,NA,NA,NA,NA,NA,NA,NA,0.8,0,2.3,42.3,1.1,1.6,0.2,25.7,25.7,0,106,322,322,NA,NA,NA,NA,NA,NA,NA,NA,NA,NA,NA,NA,NA,NA,NA,NA,NA,NA,NA,NA,NA,NA,NA,NA,NA,NA,NA,NA,NA
NA,"DST","PHI",NA,NA,NA,NA,NA,NA,NA,NA,NA,NA,NA,NA,NA,9.2,9.2,"1921","CBS","0518","CBS","DST",NA,NA,NA,NA,NA,NA,NA,NA,NA,NA,NA,NA,NA,NA,NA,NA,NA,NA,NA,NA,0.8,0,2,39.9,0.5,0.7,0.1,23.5,23.5,0,103,290,290,NA,NA,NA,NA,NA,NA,NA,NA,NA,NA,NA,NA,NA,NA,NA,NA,NA,NA,NA,NA,NA,NA,NA,NA,NA,NA,NA,NA,NA
NA,"DST","LAR",NA,NA,NA,NA,NA,NA,NA,NA,NA,NA,NA,NA,NA,9.2,9.2,"1923","CBS","0528","CBS","DST",NA,NA,NA,NA,NA,NA,NA,NA,NA,NA,NA,NA,NA,NA,NA,NA,NA,NA,NA,NA,0.9,0,2.6,42.8,0.8,1.1,0.2,22.9,22.9,0,142,317,317,NA,NA,NA,NA,NA,NA,NA,NA,NA,NA,NA,NA,NA,NA,NA,NA,NA,NA,NA,NA,NA,NA,NA,NA,NA,NA,NA,NA,NA
NA,"DST","IND",NA,NA,NA,NA,NA,NA,NA,NA,NA,NA,NA,NA,NA,9.2,9.2,"1912","CBS","0502","CBS","DST",NA,NA,NA,NA,NA,NA,NA,NA,NA,NA,NA,NA,NA,NA,NA,NA,NA,NA,NA,NA,0.6,0,2.4,38.5,0.5,0.7,0.1,24.2,24.2,0,94,299,299,NA,NA,NA,NA,NA,NA,NA,NA,NA,NA,NA,NA,NA,NA,NA,NA,NA,NA,NA,NA,NA,NA,NA,NA,NA,NA,NA,NA,NA
NA,"DST","DAL",NA,NA,NA,NA,NA,NA,NA,NA,NA,NA,NA,NA,NA,9,9,"1908","CBS","0516","CBS","DST",NA,NA,NA,NA,NA,NA,NA,NA,NA,NA,NA,NA,NA,NA,NA,NA,NA,NA,NA,NA,0.8,0,2.6,42.3,0.8,1.1,0.2,22.7,22.7,0,113,328,328,NA,NA,NA,NA,NA,NA,NA,NA,NA,NA,NA,NA,NA,NA,NA,NA,NA,NA,NA,NA,NA,NA,NA,NA,NA,NA,NA,NA,NA
NA,"DST","CHI",NA,NA,NA,NA,NA,NA,NA,NA,NA,NA,NA,NA,NA,8.8,8.8,"1906","CBS","0521","CBS","DST",NA,NA,NA,NA,NA,NA,NA,NA,NA,NA,NA,NA,NA,NA,NA,NA,NA,NA,NA,NA,0.8,0,2.4,39.4,0.8,1.1,0.2,23.3,23.3,0,110,354,354,NA,NA,NA,NA,NA,NA,NA,NA,NA,NA,NA,NA,NA,NA,NA,NA,NA,NA,NA,NA,NA,NA,NA,NA,NA,NA,NA,NA,NA
NA,"DST","MIA",NA,NA,NA,NA,NA,NA,NA,NA,NA,NA,NA,NA,NA,8.4,8.4,"1915","CBS","0503","CBS","DST",NA,NA,NA,NA,NA,NA,NA,NA,NA,NA,NA,NA,NA,NA,NA,NA,NA,NA,NA,NA,0.6,0,2.4,44.2,0.8,1.1,0.2,25.7,25.7,0,88,341,341,NA,NA,NA,NA,NA,NA,NA,NA,NA,NA,NA,NA,NA,NA,NA,NA,NA,NA,NA,NA,NA,NA,NA,NA,NA,NA,NA,NA,NA
NA,"DST","BAL",NA,NA,NA,NA,NA,NA,NA,NA,NA,NA,NA,NA,NA,8,8,"1903","CBS","0531","CBS","DST",NA,NA,NA,NA,NA,NA,NA,NA,NA,NA,NA,NA,NA,NA,NA,NA,NA,NA,NA,NA,0.8,0,1.6,42.9,0.8,1,0.2,25.3,25.3,0,134,339,339,NA,NA,NA,NA,NA,NA,NA,NA,NA,NA,NA,NA,NA,NA,NA,NA,NA,NA,NA,NA,NA,NA,NA,NA,NA,NA,NA,NA,NA
NA,"DST","BUF",NA,NA,NA,NA,NA,NA,NA,NA,NA,NA,NA,NA,NA,7.8,7.8,"1904","CBS","0501","CBS","DST",NA,NA,NA,NA,NA,NA,NA,NA,NA,NA,NA,NA,NA,NA,NA,NA,NA,NA,NA,NA,0.7,0,1.6,42.7,0.8,1.1,0.2,26.8,26.8,0,138,376,376,NA,NA,NA,NA,NA,NA,NA,NA,NA,NA,NA,NA,NA,NA,NA,NA,NA,NA,NA,NA,NA,NA,NA,NA,NA,NA,NA,NA,NA
NA,"DST","ATL",NA,NA,NA,NA,NA,NA,NA,NA,NA,NA,NA,NA,NA,7.7,7.7,"1902","CBS","0526","CBS","DST",NA,NA,NA,NA,NA,NA,NA,NA,NA,NA,NA,NA,NA,NA,NA,NA,NA,NA,NA,NA,0.6,0,2.7,40.5,0.6,0.8,0.1,23.5,23.5,0,157,326,326,NA,NA,NA,NA,NA,NA,NA,NA,NA,NA,NA,NA,NA,NA,NA,NA,NA,NA,NA,NA,NA,NA,NA,NA,NA,NA,NA,NA,NA
NA,"DST","TEN",NA,NA,NA,NA,NA,NA,NA,NA,NA,NA,NA,NA,NA,7.7,7.7,"1928","CBS","0508","CBS","DST",NA,NA,NA,NA,NA,NA,NA,NA,NA,NA,NA,NA,NA,NA,NA,NA,NA,NA,NA,NA,0.5,0,3.1,43.4,0.5,0.7,0.1,26.6,26.6,0,99,337,337,NA,NA,NA,NA,NA,NA,NA,NA,NA,NA,NA,NA,NA,NA,NA,NA,NA,NA,NA,NA,NA,NA,NA,NA,NA,NA,NA,NA,NA
NA,"DST","NYG",NA,NA,NA,NA,NA,NA,NA,NA,NA,NA,NA,NA,NA,7.4,7.4,"1918","CBS","0517","CBS","DST",NA,NA,NA,NA,NA,NA,NA,NA,NA,NA,NA,NA,NA,NA,NA,NA,NA,NA,NA,NA,0.6,0,1.8,42.1,0.6,0.9,0.2,24.7,24.7,0,167,355,355,NA,NA,NA,NA,NA,NA,NA,NA,NA,NA,NA,NA,NA,NA,NA,NA,NA,NA,NA,NA,NA,NA,NA,NA,NA,NA,NA,NA,NA
NA,"DST","GB",NA,NA,NA,NA,NA,NA,NA,NA,NA,NA,NA,NA,NA,6.6,6.6,"1911","CBS","0523","CBS","DST",NA,NA,NA,NA,NA,NA,NA,NA,NA,NA,NA,NA,NA,NA,NA,NA,NA,NA,NA,NA,0.5,0,2,46.3,0.5,0.7,0.1,23.9,23.9,0,134,343,343,NA,NA,NA,NA,NA,NA,NA,NA,NA,NA,NA,NA,NA,NA,NA,NA,NA,NA,NA,NA,NA,NA,NA,NA,NA,NA,NA,NA,NA
NA,"DST","SF",NA,NA,NA,NA,NA,NA,NA,NA,NA,NA,NA,NA,NA,5.7,5.7,"1925","CBS","0530","CBS","DST",NA,NA,NA,NA,NA,NA,NA,NA,NA,NA,NA,NA,NA,NA,NA,NA,NA,NA,NA,NA,0.7,0,1.3,43.2,0.9,1.2,0.2,28,28,0,113,331,331,NA,NA,NA,NA,NA,NA,NA,NA,NA,NA,NA,NA,NA,NA,NA,NA,NA,NA,NA,NA,NA,NA,NA,NA,NA,NA,NA,NA,NA
NA,"DST","ARI",NA,NA,NA,NA,NA,NA,NA,NA,NA,NA,NA,NA,NA,5.4,5.4,"1901","CBS","0519","CBS","DST",NA,NA,NA,NA,NA,NA,NA,NA,NA,NA,NA,NA,NA,NA,NA,NA,NA,NA,NA,NA,0.5,0.1,2.2,44.3,0.7,0.9,0.1,33.8,33.8,0,116,389,389,NA,NA,NA,NA,NA,NA,NA,NA,NA,NA,NA,NA,NA,NA,NA,NA,NA,NA,NA,NA,NA,NA,NA,NA,NA,NA,NA,NA,NA
NA,"DST","TB",NA,NA,NA,NA,NA,NA,NA,NA,NA,NA,NA,NA,NA,4.7,4.7,"1927","CBS","0525","CBS","DST",NA,NA,NA,NA,NA,NA,NA,NA,NA,NA,NA,NA,NA,NA,NA,NA,NA,NA,NA,NA,0.5,0,1.5,45.8,0.8,1.1,0.1,32.5,32.5,0,107,376,376,NA,NA,NA,NA,NA,NA,NA,NA,NA,NA,NA,NA,NA,NA,NA,NA,NA,NA,NA,NA,NA,NA,NA,NA,NA,NA,NA,NA,NA
"Josh Allen","QB","BUF",NA,33,21,236,NA,1,1,NA,7,30,NA,1,NA,NA,NA,"3918298","ESPN","13589","ESPN","QB",NA,NA,NA,NA,NA,NA,NA,NA,NA,NA,NA,NA,NA,NA,NA,NA,NA,NA,NA,NA,NA,NA,NA,NA,NA,NA,NA,NA,NA,NA,NA,NA,NA,NA,NA,NA,NA,NA,NA,NA,NA,NA,NA,NA,NA,NA,NA,NA,NA,NA,NA,NA,NA,NA,NA,NA,NA,NA,NA,NA,NA,NA
"Lamar Jackson","QB","BAL",NA,NA,NA,NA,NA,NA,NA,NA,NA,NA,NA,NA,NA,NA,NA,"3916387","ESPN","13593","ESPN","QB",NA,NA,NA,NA,NA,NA,NA,NA,NA,NA,NA,NA,NA,NA,NA,NA,NA,NA,NA,NA,NA,NA,NA,NA,NA,NA,NA,NA,NA,NA,NA,NA,NA,NA,NA,NA,NA,NA,NA,NA,NA,NA,NA,NA,NA,NA,NA,NA,NA,NA,NA,NA,NA,NA,NA,NA,NA,NA,NA,NA,NA,NA
"Jayden Daniels","QB","WAS",NA,29,19,225,NA,2,1,NA,8,51,NA,0,NA,NA,NA,"4426348","ESPN","16581","ESPN","QB",NA,NA,NA,NA,NA,NA,NA,NA,NA,NA,NA,NA,NA,NA,NA,NA,NA,NA,NA,NA,NA,NA,NA,NA,NA,NA,NA,NA,NA,NA,NA,NA,NA,NA,NA,NA,NA,NA,NA,NA,NA,NA,NA,NA,NA,NA,NA,NA,NA,NA,NA,NA,NA,NA,NA,NA,NA,NA,NA,NA,NA,NA
"Drake Maye","QB","NE",NA,30,20,241,NA,2,1,NA,6,36,NA,0,NA,NA,NA,"4431452","ESPN","16580","ESPN","QB",NA,NA,NA,NA,NA,NA,NA,NA,NA,NA,NA,NA,NA,NA,NA,NA,NA,NA,NA,NA,NA,NA,NA,NA,NA,NA,NA,NA,NA,NA,NA,NA,NA,NA,NA,NA,NA,NA,NA,NA,NA,NA,NA,NA,NA,NA,NA,NA,NA,NA,NA,NA,NA,NA,NA,NA,NA,NA,NA,NA,NA,NA
"Joe Burrow","QB","CIN",NA,36,27,271,NA,2,1,NA,3,11,NA,0,NA,NA,NA,"3915511","ESPN","14777","ESPN","QB",NA,NA,NA,NA,NA,NA,NA,NA,NA,NA,NA,NA,NA,NA,NA,NA,NA,NA,NA,NA,NA,NA,NA,NA,NA,NA,NA,NA,NA,NA,NA,NA,NA,NA,NA,NA,NA,NA,NA,NA,NA,NA,NA,NA,NA,NA,NA,NA,NA,NA,NA,NA,NA,NA,NA,NA,NA,NA,NA,NA,NA,NA
"Jalen Hurts","QB","PHI",NA,32,21,232,NA,1,1,NA,6,23,NA,0,NA,NA,NA,"4040715","ESPN","14783","ESPN","QB",NA,NA,NA,NA,NA,NA,NA,NA,NA,NA,NA,NA,NA,NA,NA,NA,NA,NA,NA,NA,NA,NA,NA,NA,NA,NA,NA,NA,NA,NA,NA,NA,NA,NA,NA,NA,NA,NA,NA,NA,NA,NA,NA,NA,NA,NA,NA,NA,NA,NA,NA,NA,NA,NA,NA,NA,NA,NA,NA,NA,NA,NA
"Dak Prescott","QB","DAL",NA,33,23,245,NA,2,1,NA,3,13,NA,0,NA,NA,NA,"2577417","ESPN","12620","ESPN","QB",NA,NA,NA,NA,NA,NA,NA,NA,NA,NA,NA,NA,NA,NA,NA,NA,NA,NA,NA,NA,NA,NA,NA,NA,NA,NA,NA,NA,NA,NA,NA,NA,NA,NA,NA,NA,NA,NA,NA,NA,NA,NA,NA,NA,NA,NA,NA,NA,NA,NA,NA,NA,NA,NA,NA,NA,NA,NA,NA,NA,NA,NA
"Jaxson Dart","QB","NYG",NA,NA,NA,NA,NA,NA,NA,NA,NA,NA,NA,NA,NA,NA,NA,"4689114","ESPN","17032","ESPN","QB",NA,NA,NA,NA,NA,NA,NA,NA,NA,NA,NA,NA,NA,NA,NA,NA,NA,NA,NA,NA,NA,NA,NA,NA,NA,NA,NA,NA,NA,NA,NA,NA,NA,NA,NA,NA,NA,NA,NA,NA,NA,NA,NA,NA,NA,NA,NA,NA,NA,NA,NA,NA,NA,NA,NA,NA,NA,NA,NA,NA,NA,NA
"Justin Herbert","QB","LAC",NA,30,18,218,NA,1,1,NA,4,23,NA,0,NA,NA,NA,"4038941","ESPN","14779","ESPN","QB",NA,NA,NA,NA,NA,NA,NA,NA,NA,NA,NA,NA,NA,NA,NA,NA,NA,NA,NA,NA,NA,NA,NA,NA,NA,NA,NA,NA,NA,NA,NA,NA,NA,NA,NA,NA,NA,NA,NA,NA,NA,NA,NA,NA,NA,NA,NA,NA,NA,NA,NA,NA,NA,NA,NA,NA,NA,NA,NA,NA,NA,NA
"Caleb Williams","QB","CHI",NA,NA,NA,NA,NA,NA,NA,NA,NA,NA,NA,NA,NA,NA,NA,"4431611","ESPN","16579","ESPN","QB",NA,NA,NA,NA,NA,NA,NA,NA,NA,NA,NA,NA,NA,NA,NA,NA,NA,NA,NA,NA,NA,NA,NA,NA,NA,NA,NA,NA,NA,NA,NA,NA,NA,NA,NA,NA,NA,NA,NA,NA,NA,NA,NA,NA,NA,NA,NA,NA,NA,NA,NA,NA,NA,NA,NA,NA,NA,NA,NA,NA,NA,NA
"Trevor Lawrence","QB","JAC",NA,31,20,241,NA,2,1,NA,4,17,NA,0,NA,NA,NA,"4360310","ESPN","15237","ESPN","QB",NA,NA,NA,NA,NA,NA,NA,NA,NA,NA,NA,NA,NA,NA,NA,NA,NA,NA,NA,NA,NA,NA,NA,NA,NA,NA,NA,NA,NA,NA,NA,NA,NA,NA,NA,NA,NA,NA,NA,NA,NA,NA,NA,NA,NA,NA,NA,NA,NA,NA,NA,NA,NA,NA,NA,NA,NA,NA,NA,NA,NA,NA
"Brock Purdy","QB","SF",NA,33,22,256,NA,2,1,NA,4,21,NA,0,NA,NA,NA,"4361741","ESPN","15698","ESPN","QB",NA,NA,NA,NA,NA,NA,NA,NA,NA,NA,NA,NA,NA,NA,NA,NA,NA,NA,NA,NA,NA,NA,NA,NA,NA,NA,NA,NA,NA,NA,NA,NA,NA,NA,NA,NA,NA,NA,NA,NA,NA,NA,NA,NA,NA,NA,NA,NA,NA,NA,NA,NA,NA,NA,NA,NA,NA,NA,NA,NA,NA,NA
"Patrick Mahomes","QB","KCC",NA,NA,NA,NA,NA,NA,NA,NA,NA,NA,NA,NA,NA,NA,NA,"3139477","ESPN","13116","ESPN","QB",NA,NA,NA,NA,NA,NA,NA,NA,NA,NA,NA,NA,NA,NA,NA,NA,NA,NA,NA,NA,NA,NA,NA,NA,NA,NA,NA,NA,NA,NA,NA,NA,NA,NA,NA,NA,NA,NA,NA,NA,NA,NA,NA,NA,NA,NA,NA,NA,NA,NA,NA,NA,NA,NA,NA,NA,NA,NA,NA,NA,NA,NA
"Bo Nix","QB","DEN",NA,34,22,234,NA,1,1,NA,5,18,NA,0,NA,NA,NA,"4426338","ESPN","16582","ESPN","QB",NA,NA,NA,NA,NA,NA,NA,NA,NA,NA,NA,NA,NA,NA,NA,NA,NA,NA,NA,NA,NA,NA,NA,NA,NA,NA,NA,NA,NA,NA,NA,NA,NA,NA,NA,NA,NA,NA,NA,NA,NA,NA,NA,NA,NA,NA,NA,NA,NA,NA,NA,NA,NA,NA,NA,NA,NA,NA,NA,NA,NA,NA
"Matthew Stafford","QB","LAR",NA,36,23,269,NA,2,1,NA,2,3,NA,0,NA,NA,NA,"12483","ESPN","9431","ESPN","QB",NA,NA,NA,NA,NA,NA,NA,NA,NA,NA,NA,NA,NA,NA,NA,NA,NA,NA,NA,NA,NA,NA,NA,NA,NA,NA,NA,NA,NA,NA,NA,NA,NA,NA,NA,NA,NA,NA,NA,NA,NA,NA,NA,NA,NA,NA,NA,NA,NA,NA,NA,NA,NA,NA,NA,NA,NA,NA,NA,NA,NA,NA
"Kyler Murray","QB","MIN",NA,32,22,231,NA,1,1,NA,5,30,NA,0,NA,NA,NA,"3917315","ESPN","14056","ESPN","QB",NA,NA,NA,NA,NA,NA,NA,NA,NA,NA,NA,NA,NA,NA,NA,NA,NA,NA,NA,NA,NA,NA,NA,NA,NA,NA,NA,NA,NA,NA,NA,NA,NA,NA,NA,NA,NA,NA,NA,NA,NA,NA,NA,NA,NA,NA,NA,NA,NA,NA,NA,NA,NA,NA,NA,NA,NA,NA,NA,NA,NA,NA
"Tyler Shough","QB","NO",NA,35,23,241,NA,1,1,NA,4,18,NA,0,NA,NA,NA,"4360689","ESPN","17039","ESPN","QB",NA,NA,NA,NA,NA,NA,NA,NA,NA,NA,NA,NA,NA,NA,NA,NA,NA,NA,NA,NA,NA,NA,NA,NA,NA,NA,NA,NA,NA,NA,NA,NA,NA,NA,NA,NA,NA,NA,NA,NA,NA,NA,NA,NA,NA,NA,NA,NA,NA,NA,NA,NA,NA,NA,NA,NA,NA,NA,NA,NA,NA,NA
"Jared Goff","QB","DET",NA,36,24,281,NA,2,1,NA,2,3,NA,0,NA,NA,NA,"3046779","ESPN","12611","ESPN","QB",NA,NA,NA,NA,NA,NA,NA,NA,NA,NA,NA,NA,NA,NA,NA,NA,NA,NA,NA,NA,NA,NA,NA,NA,NA,NA,NA,NA,NA,NA,NA,NA,NA,NA,NA,NA,NA,NA,NA,NA,NA,NA,NA,NA,NA,NA,NA,NA,NA,NA,NA,NA,NA,NA,NA,NA,NA,NA,NA,NA,NA,NA
"Baker Mayfield","QB","TB",NA,NA,NA,NA,NA,NA,NA,NA,NA,NA,NA,NA,NA,NA,NA,"3052587","ESPN","13590","ESPN","QB",NA,NA,NA,NA,NA,NA,NA,NA,NA,NA,NA,NA,NA,NA,NA,NA,NA,NA,NA,NA,NA,NA,NA,NA,NA,NA,NA,NA,NA,NA,NA,NA,NA,NA,NA,NA,NA,NA,NA,NA,NA,NA,NA,NA,NA,NA,NA,NA,NA,NA,NA,NA,NA,NA,NA,NA,NA,NA,NA,NA,NA,NA
"Daniel Jones","QB","IND",NA,32,22,220,NA,1,1,NA,3,13,NA,0,NA,NA,NA,"3917792","ESPN","14059","ESPN","QB",NA,NA,NA,NA,NA,NA,NA,NA,NA,NA,NA,NA,NA,NA,NA,NA,NA,NA,NA,NA,NA,NA,NA,NA,NA,NA,NA,NA,NA,NA,NA,NA,NA,NA,NA,NA,NA,NA,NA,NA,NA,NA,NA,NA,NA,NA,NA,NA,NA,NA,NA,NA,NA,NA,NA,NA,NA,NA,NA,NA,NA,NA
"Jordan Love","QB","GB",NA,38,22,259,NA,1,1,NA,2,9,NA,0,NA,NA,NA,"4036378","ESPN","14782","ESPN","QB",NA,NA,NA,NA,NA,NA,NA,NA,NA,NA,NA,NA,NA,NA,NA,NA,NA,NA,NA,NA,NA,NA,NA,NA,NA,NA,NA,NA,NA,NA,NA,NA,NA,NA,NA,NA,NA,NA,NA,NA,NA,NA,NA,NA,NA,NA,NA,NA,NA,NA,NA,NA,NA,NA,NA,NA,NA,NA,NA,NA,NA,NA
"Malik Willis","QB","MIA",NA,29,18,215,NA,1,1,NA,5,28,NA,0,NA,NA,NA,"4242512","ESPN","15694","ESPN","QB",NA,NA,NA,NA,NA,NA,NA,NA,NA,NA,NA,NA,NA,NA,NA,NA,NA,NA,NA,NA,NA,NA,NA,NA,NA,NA,NA,NA,NA,NA,NA,NA,NA,NA,NA,NA,NA,NA,NA,NA,NA,NA,NA,NA,NA,NA,NA,NA,NA,NA,NA,NA,NA,NA,NA,NA,NA,NA,NA,NA,NA,NA
"C.J. Stroud","QB","HOU",NA,33,22,246,NA,1,0,NA,3,13,NA,0,NA,NA,NA,"4432577","ESPN","16150","ESPN","QB",NA,NA,NA,NA,NA,NA,NA,NA,NA,NA,NA,NA,NA,NA,NA,NA,NA,NA,NA,NA,NA,NA,NA,NA,NA,NA,NA,NA,NA,NA,NA,NA,NA,NA,NA,NA,NA,NA,NA,NA,NA,NA,NA,NA,NA,NA,NA,NA,NA,NA,NA,NA,NA,NA,NA,NA,NA,NA,NA,NA,NA,NA
"Sam Darnold","QB","SEA",NA,32,21,246,NA,2,1,NA,3,7,NA,0,NA,NA,NA,"3912547","ESPN","13592","ESPN","QB",NA,NA,NA,NA,NA,NA,NA,NA,NA,NA,NA,NA,NA,NA,NA,NA,NA,NA,NA,NA,NA,NA,NA,NA,NA,NA,NA,NA,NA,NA,NA,NA,NA,NA,NA,NA,NA,NA,NA,NA,NA,NA,NA,NA,NA,NA,NA,NA,NA,NA,NA,NA,NA,NA,NA,NA,NA,NA,NA,NA,NA,NA
"Bryce Young","QB","CAR",NA,NA,NA,NA,NA,NA,NA,NA,NA,NA,NA,NA,NA,NA,NA,"4685720","ESPN","16148","ESPN","QB",NA,NA,NA,NA,NA,NA,NA,NA,NA,NA,NA,NA,NA,NA,NA,NA,NA,NA,NA,NA,NA,NA,NA,NA,NA,NA,NA,NA,NA,NA,NA,NA,NA,NA,NA,NA,NA,NA,NA,NA,NA,NA,NA,NA,NA,NA,NA,NA,NA,NA,NA,NA,NA,NA,NA,NA,NA,NA,NA,NA,NA,NA
"Cam Ward","QB","TEN",NA,30,19,214,NA,1,1,NA,3,13,NA,0,NA,NA,NA,"4688380","ESPN","17030","ESPN","QB",NA,NA,NA,NA,NA,NA,NA,NA,NA,NA,NA,NA,NA,NA,NA,NA,NA,NA,NA,NA,NA,NA,NA,NA,NA,NA,NA,NA,NA,NA,NA,NA,NA,NA,NA,NA,NA,NA,NA,NA,NA,NA,NA,NA,NA,NA,NA,NA,NA,NA,NA,NA,NA,NA,NA,NA,NA,NA,NA,NA,NA,NA
"Jacoby Brissett","QB","ARI",NA,34,23,240,NA,2,1,NA,3,14,NA,0,NA,NA,NA,"2578570","ESPN","12616","ESPN","QB",NA,NA,NA,NA,NA,NA,NA,NA,NA,NA,NA,NA,NA,NA,NA,NA,NA,NA,NA,NA,NA,NA,NA,NA,NA,NA,NA,NA,NA,NA,NA,NA,NA,NA,NA,NA,NA,NA,NA,NA,NA,NA,NA,NA,NA,NA,NA,NA,NA,NA,NA,NA,NA,NA,NA,NA,NA,NA,NA,NA,NA,NA
"Geno Smith","QB","NYJ",NA,32,22,232,NA,1,1,NA,3,12,NA,0,NA,NA,NA,"15864","ESPN","11150","ESPN","QB",NA,NA,NA,NA,NA,NA,NA,NA,NA,NA,NA,NA,NA,NA,NA,NA,NA,NA,NA,NA,NA,NA,NA,NA,NA,NA,NA,NA,NA,NA,NA,NA,NA,NA,NA,NA,NA,NA,NA,NA,NA,NA,NA,NA,NA,NA,NA,NA,NA,NA,NA,NA,NA,NA,NA,NA,NA,NA,NA,NA,NA,NA
"Fernando Mendoza","QB","LV",NA,NA,NA,NA,NA,NA,NA,NA,NA,NA,NA,NA,NA,NA,NA,"4837248","ESPN","17462","ESPN","QB",NA,NA,NA,NA,NA,NA,NA,NA,NA,NA,NA,NA,NA,NA,NA,NA,NA,NA,NA,NA,NA,NA,NA,NA,NA,NA,NA,NA,NA,NA,NA,NA,NA,NA,NA,NA,NA,NA,NA,NA,NA,NA,NA,NA,NA,NA,NA,NA,NA,NA,NA,NA,NA,NA,NA,NA,NA,NA,NA,NA,NA,NA
"Aaron Rodgers","QB","PIT",NA,36,22,243,NA,2,1,NA,2,7,NA,0,NA,NA,NA,"8439","ESPN","7836","ESPN","QB",NA,NA,NA,NA,NA,NA,NA,NA,NA,NA,NA,NA,NA,NA,NA,NA,NA,NA,NA,NA,NA,NA,NA,NA,NA,NA,NA,NA,NA,NA,NA,NA,NA,NA,NA,NA,NA,NA,NA,NA,NA,NA,NA,NA,NA,NA,NA,NA,NA,NA,NA,NA,NA,NA,NA,NA,NA,NA,NA,NA,NA,NA
"Deshaun Watson","QB","CLE",NA,33,22,226,NA,1,1,NA,7,33,NA,0,NA,NA,NA,"3122840","ESPN","13113","ESPN","QB",NA,NA,NA,NA,NA,NA,NA,NA,NA,NA,NA,NA,NA,NA,NA,NA,NA,NA,NA,NA,NA,NA,NA,NA,NA,NA,NA,NA,NA,NA,NA,NA,NA,NA,NA,NA,NA,NA,NA,NA,NA,NA,NA,NA,NA,NA,NA,NA,NA,NA,NA,NA,NA,NA,NA,NA,NA,NA,NA,NA,NA,NA
"Tua Tagovailoa","QB","ATL",NA,NA,NA,NA,NA,NA,NA,NA,NA,NA,NA,NA,NA,NA,NA,"4241479","ESPN","14778","ESPN","QB",NA,NA,NA,NA,NA,NA,NA,NA,NA,NA,NA,NA,NA,NA,NA,NA,NA,NA,NA,NA,NA,NA,NA,NA,NA,NA,NA,NA,NA,NA,NA,NA,NA,NA,NA,NA,NA,NA,NA,NA,NA,NA,NA,NA,NA,NA,NA,NA,NA,NA,NA,NA,NA,NA,NA,NA,NA,NA,NA,NA,NA,NA
"Shedeur Sanders","QB","CLE",NA,NA,NA,NA,NA,NA,NA,NA,NA,NA,NA,NA,NA,NA,NA,"4432762","ESPN","17031","ESPN","QB",NA,NA,NA,NA,NA,NA,NA,NA,NA,NA,NA,NA,NA,NA,NA,NA,NA,NA,NA,NA,NA,NA,NA,NA,NA,NA,NA,NA,NA,NA,NA,NA,NA,NA,NA,NA,NA,NA,NA,NA,NA,NA,NA,NA,NA,NA,NA,NA,NA,NA,NA,NA,NA,NA,NA,NA,NA,NA,NA,NA,NA,NA
"Kirk Cousins","QB","LV",NA,35,23,243,NA,1,1,NA,2,3,NA,0,NA,NA,NA,"14880","ESPN","10700","ESPN","QB",NA,NA,NA,NA,NA,NA,NA,NA,NA,NA,NA,NA,NA,NA,NA,NA,NA,NA,NA,NA,NA,NA,NA,NA,NA,NA,NA,NA,NA,NA,NA,NA,NA,NA,NA,NA,NA,NA,NA,NA,NA,NA,NA,NA,NA,NA,NA,NA,NA,NA,NA,NA,NA,NA,NA,NA,NA,NA,NA,NA,NA,NA
"Michael Penix Jr.","QB","ATL",NA,29,19,232,NA,1,1,NA,2,7,NA,0,NA,NA,NA,"4360423","ESPN","16583","ESPN","QB",NA,NA,NA,NA,NA,NA,NA,NA,NA,NA,NA,NA,NA,NA,NA,NA,NA,NA,NA,NA,NA,NA,NA,NA,NA,NA,NA,NA,NA,NA,NA,NA,NA,NA,NA,NA,NA,NA,NA,NA,NA,NA,NA,NA,NA,NA,NA,NA,NA,NA,NA,NA,NA,NA,NA,NA,NA,NA,NA,NA,NA,NA
"J.J. McCarthy","QB","NYG",NA,NA,NA,NA,NA,NA,NA,NA,NA,NA,NA,NA,NA,NA,NA,"4433970","ESPN","16584","ESPN","QB",NA,NA,NA,NA,NA,NA,NA,NA,NA,NA,NA,NA,NA,NA,NA,NA,NA,NA,NA,NA,NA,NA,NA,NA,NA,NA,NA,NA,NA,NA,NA,NA,NA,NA,NA,NA,NA,NA,NA,NA,NA,NA,NA,NA,NA,NA,NA,NA,NA,NA,NA,NA,NA,NA,NA,NA,NA,NA,NA,NA,NA,NA
"Carson Beck","QB","ARI",NA,NA,NA,NA,NA,NA,NA,NA,NA,NA,NA,NA,NA,NA,NA,"4430841","ESPN","17466","ESPN","QB",NA,NA,NA,NA,NA,NA,NA,NA,NA,NA,NA,NA,NA,NA,NA,NA,NA,NA,NA,NA,NA,NA,NA,NA,NA,NA,NA,NA,NA,NA,NA,NA,NA,NA,NA,NA,NA,NA,NA,NA,NA,NA,NA,NA,NA,NA,NA,NA,NA,NA,NA,NA,NA,NA,NA,NA,NA,NA,NA,NA,NA,NA
"Justin Fields","QB","KCC",NA,NA,NA,NA,NA,NA,NA,NA,NA,NA,NA,NA,NA,NA,NA,"4362887","ESPN","15238","ESPN","QB",NA,NA,NA,NA,NA,NA,NA,NA,NA,NA,NA,NA,NA,NA,NA,NA,NA,NA,NA,NA,NA,NA,NA,NA,NA,NA,NA,NA,NA,NA,NA,NA,NA,NA,NA,NA,NA,NA,NA,NA,NA,NA,NA,NA,NA,NA,NA,NA,NA,NA,NA,NA,NA,NA,NA,NA,NA,NA,NA,NA,NA,NA
"Joe Flacco","QB","CIN",NA,NA,NA,NA,NA,NA,NA,NA,NA,NA,NA,NA,NA,NA,NA,"11252","ESPN","9064","ESPN","QB",NA,NA,NA,NA,NA,NA,NA,NA,NA,NA,NA,NA,NA,NA,NA,NA,NA,NA,NA,NA,NA,NA,NA,NA,NA,NA,NA,NA,NA,NA,NA,NA,NA,NA,NA,NA,NA,NA,NA,NA,NA,NA,NA,NA,NA,NA,NA,NA,NA,NA,NA,NA,NA,NA,NA,NA,NA,NA,NA,NA,NA,NA
"Mac Jones","QB","SF",NA,NA,NA,NA,NA,NA,NA,NA,NA,NA,NA,NA,NA,NA,NA,"4241464","ESPN","15241","ESPN","QB",NA,NA,NA,NA,NA,NA,NA,NA,NA,NA,NA,NA,NA,NA,NA,NA,NA,NA,NA,NA,NA,NA,NA,NA,NA,NA,NA,NA,NA,NA,NA,NA,NA,NA,NA,NA,NA,NA,NA,NA,NA,NA,NA,NA,NA,NA,NA,NA,NA,NA,NA,NA,NA,NA,NA,NA,NA,NA,NA,NA,NA,NA
"Ty Simpson","QB","LAR",NA,NA,NA,NA,NA,NA,NA,NA,NA,NA,NA,NA,NA,NA,NA,"4685522","ESPN","17463","ESPN","QB",NA,NA,NA,NA,NA,NA,NA,NA,NA,NA,NA,NA,NA,NA,NA,NA,NA,NA,NA,NA,NA,NA,NA,NA,NA,NA,NA,NA,NA,NA,NA,NA,NA,NA,NA,NA,NA,NA,NA,NA,NA,NA,NA,NA,NA,NA,NA,NA,NA,NA,NA,NA,NA,NA,NA,NA,NA,NA,NA,NA,NA,NA
"Jameis Winston","QB","NYG",NA,31,19,228,NA,1,1,NA,2,7,NA,0,NA,NA,NA,"2969939","ESPN","12140","ESPN","QB",NA,NA,NA,NA,NA,NA,NA,NA,NA,NA,NA,NA,NA,NA,NA,NA,NA,NA,NA,NA,NA,NA,NA,NA,NA,NA,NA,NA,NA,NA,NA,NA,NA,NA,NA,NA,NA,NA,NA,NA,NA,NA,NA,NA,NA,NA,NA,NA,NA,NA,NA,NA,NA,NA,NA,NA,NA,NA,NA,NA,NA,NA
"Jahmyr Gibbs","RB","DET",NA,NA,NA,NA,NA,NA,NA,NA,20,97,NA,1,NA,NA,NA,"4429795","ESPN","16162","ESPN","RB",6,5,41,NA,NA,0,NA,NA,NA,NA,NA,NA,NA,NA,NA,NA,NA,NA,NA,NA,NA,NA,NA,NA,NA,NA,NA,NA,NA,NA,NA,NA,NA,NA,NA,NA,NA,NA,NA,NA,NA,NA,NA,NA,NA,NA,NA,NA,NA,NA,NA,NA,NA,NA,NA,NA,NA,NA,NA,NA,NA,NA
"Bijan Robinson","RB","ATL",NA,NA,NA,NA,NA,NA,NA,NA,20,95,NA,1,NA,NA,NA,"4430807","ESPN","16161","ESPN","RB",4,3,33,NA,NA,0,NA,NA,NA,NA,NA,NA,NA,NA,NA,NA,NA,NA,NA,NA,NA,NA,NA,NA,NA,NA,NA,NA,NA,NA,NA,NA,NA,NA,NA,NA,NA,NA,NA,NA,NA,NA,NA,NA,NA,NA,NA,NA,NA,NA,NA,NA,NA,NA,NA,NA,NA,NA,NA,NA,NA,NA
"Jonathan Taylor","RB","IND",NA,NA,NA,NA,NA,NA,NA,NA,20,89,NA,1,NA,NA,NA,"4242335","ESPN","14802","ESPN","RB",4,3,23,NA,NA,0,NA,NA,NA,NA,NA,NA,NA,NA,NA,NA,NA,NA,NA,NA,NA,NA,NA,NA,NA,NA,NA,NA,NA,NA,NA,NA,NA,NA,NA,NA,NA,NA,NA,NA,NA,NA,NA,NA,NA,NA,NA,NA,NA,NA,NA,NA,NA,NA,NA,NA,NA,NA,NA,NA,NA,NA
"Christian McCaffrey","RB","SF",NA,NA,NA,NA,NA,NA,NA,NA,15,61,NA,1,NA,NA,NA,"3117251","ESPN","13130","ESPN","RB",6,5,36,NA,NA,0,NA,NA,NA,NA,NA,NA,NA,NA,NA,NA,NA,NA,NA,NA,NA,NA,NA,NA,NA,NA,NA,NA,NA,NA,NA,NA,NA,NA,NA,NA,NA,NA,NA,NA,NA,NA,NA,NA,NA,NA,NA,NA,NA,NA,NA,NA,NA,NA,NA,NA,NA,NA,NA,NA,NA,NA
"James Cook III","RB","BUF",NA,NA,NA,NA,NA,NA,NA,NA,17,80,NA,1,NA,NA,NA,"4379399","ESPN","15715","ESPN","RB",3,2,15,NA,NA,0,NA,NA,NA,NA,NA,NA,NA,NA,NA,NA,NA,NA,NA,NA,NA,NA,NA,NA,NA,NA,NA,NA,NA,NA,NA,NA,NA,NA,NA,NA,NA,NA,NA,NA,NA,NA,NA,NA,NA,NA,NA,NA,NA,NA,NA,NA,NA,NA,NA,NA,NA,NA,NA,NA,NA,NA
"De'Von Achane","RB","MIA",NA,NA,NA,NA,NA,NA,NA,NA,NA,NA,NA,NA,NA,NA,NA,"4429160","ESPN","16167","ESPN","RB",NA,NA,NA,NA,NA,NA,NA,NA,NA,NA,NA,NA,NA,NA,NA,NA,NA,NA,NA,NA,NA,NA,NA,NA,NA,NA,NA,NA,NA,NA,NA,NA,NA,NA,NA,NA,NA,NA,NA,NA,NA,NA,NA,NA,NA,NA,NA,NA,NA,NA,NA,NA,NA,NA,NA,NA,NA,NA,NA,NA,NA,NA
"Omarion Hampton","RB","LAC",NA,NA,NA,NA,NA,NA,NA,NA,15,64,NA,0,NA,NA,NA,"4685382","ESPN","17044","ESPN","RB",2,1,9,NA,NA,0,NA,NA,NA,NA,NA,NA,NA,NA,NA,NA,NA,NA,NA,NA,NA,NA,NA,NA,NA,NA,NA,NA,NA,NA,NA,NA,NA,NA,NA,NA,NA,NA,NA,NA,NA,NA,NA,NA,NA,NA,NA,NA,NA,NA,NA,NA,NA,NA,NA,NA,NA,NA,NA,NA,NA,NA
"Chase Brown","RB","CIN",NA,NA,NA,NA,NA,NA,NA,NA,17,69,NA,0,NA,NA,NA,"4362238","ESPN","16181","ESPN","RB",5,4,26,NA,NA,0,NA,NA,NA,NA,NA,NA,NA,NA,NA,NA,NA,NA,NA,NA,NA,NA,NA,NA,NA,NA,NA,NA,NA,NA,NA,NA,NA,NA,NA,NA,NA,NA,NA,NA,NA,NA,NA,NA,NA,NA,NA,NA,NA,NA,NA,NA,NA,NA,NA,NA,NA,NA,NA,NA,NA,NA
"Saquon Barkley","RB","PHI",NA,NA,NA,NA,NA,NA,NA,NA,NA,NA,NA,NA,NA,NA,NA,"3929630","ESPN","13604","ESPN","RB",NA,NA,NA,NA,NA,NA,NA,NA,NA,NA,NA,NA,NA,NA,NA,NA,NA,NA,NA,NA,NA,NA,NA,NA,NA,NA,NA,NA,NA,NA,NA,NA,NA,NA,NA,NA,NA,NA,NA,NA,NA,NA,NA,NA,NA,NA,NA,NA,NA,NA,NA,NA,NA,NA,NA,NA,NA,NA,NA,NA,NA,NA
"Derrick Henry","RB","BAL",NA,NA,NA,NA,NA,NA,NA,NA,21,86,NA,1,NA,NA,NA,"3043078","ESPN","12626","ESPN","RB",2,2,13,NA,NA,0,NA,NA,NA,NA,NA,NA,NA,NA,NA,NA,NA,NA,NA,NA,NA,NA,NA,NA,NA,NA,NA,NA,NA,NA,NA,NA,NA,NA,NA,NA,NA,NA,NA,NA,NA,NA,NA,NA,NA,NA,NA,NA,NA,NA,NA,NA,NA,NA,NA,NA,NA,NA,NA,NA,NA,NA
"Ashton Jeanty","RB","LV",NA,NA,NA,NA,NA,NA,NA,NA,16,63,NA,0,NA,NA,NA,"4890973","ESPN","17042","ESPN","RB",6,4,35,NA,NA,0,NA,NA,NA,NA,NA,NA,NA,NA,NA,NA,NA,NA,NA,NA,NA,NA,NA,NA,NA,NA,NA,NA,NA,NA,NA,NA,NA,NA,NA,NA,NA,NA,NA,NA,NA,NA,NA,NA,NA,NA,NA,NA,NA,NA,NA,NA,NA,NA,NA,NA,NA,NA,NA,NA,NA,NA
"Jeremiyah Love","RB","ARI",NA,NA,NA,NA,NA,NA,NA,NA,16,68,NA,1,NA,NA,NA,"4870808","ESPN","17472","ESPN","RB",3,3,19,NA,NA,0,NA,NA,NA,NA,NA,NA,NA,NA,NA,NA,NA,NA,NA,NA,NA,NA,NA,NA,NA,NA,NA,NA,NA,NA,NA,NA,NA,NA,NA,NA,NA,NA,NA,NA,NA,NA,NA,NA,NA,NA,NA,NA,NA,NA,NA,NA,NA,NA,NA,NA,NA,NA,NA,NA,NA,NA
"Kenneth Walker III","RB","KCC",NA,NA,NA,NA,NA,NA,NA,NA,NA,NA,NA,NA,NA,NA,NA,"4567048","ESPN","15711","ESPN","RB",NA,NA,NA,NA,NA,NA,NA,NA,NA,NA,NA,NA,NA,NA,NA,NA,NA,NA,NA,NA,NA,NA,NA,NA,NA,NA,NA,NA,NA,NA,NA,NA,NA,NA,NA,NA,NA,NA,NA,NA,NA,NA,NA,NA,NA,NA,NA,NA,NA,NA,NA,NA,NA,NA,NA,NA,NA,NA,NA,NA,NA,NA
"Breece Hall","RB","NYJ",NA,NA,NA,NA,NA,NA,NA,NA,NA,NA,NA,NA,NA,NA,NA,"4427366","ESPN","15708","ESPN","RB",NA,NA,NA,NA,NA,NA,NA,NA,NA,NA,NA,NA,NA,NA,NA,NA,NA,NA,NA,NA,NA,NA,NA,NA,NA,NA,NA,NA,NA,NA,NA,NA,NA,NA,NA,NA,NA,NA,NA,NA,NA,NA,NA,NA,NA,NA,NA,NA,NA,NA,NA,NA,NA,NA,NA,NA,NA,NA,NA,NA,NA,NA
"Javonte Williams","RB","DAL",NA,NA,NA,NA,NA,NA,NA,NA,19,73,NA,1,NA,NA,NA,"4361579","ESPN","15256","ESPN","RB",4,3,16,NA,NA,0,NA,NA,NA,NA,NA,NA,NA,NA,NA,NA,NA,NA,NA,NA,NA,NA,NA,NA,NA,NA,NA,NA,NA,NA,NA,NA,NA,NA,NA,NA,NA,NA,NA,NA,NA,NA,NA,NA,NA,NA,NA,NA,NA,NA,NA,NA,NA,NA,NA,NA,NA,NA,NA,NA,NA,NA
"Kyren Williams","RB","LAR",NA,NA,NA,NA,NA,NA,NA,NA,14,64,NA,1,NA,NA,NA,"4430737","ESPN","15710","ESPN","RB",5,3,22,NA,NA,0,NA,NA,NA,NA,NA,NA,NA,NA,NA,NA,NA,NA,NA,NA,NA,NA,NA,NA,NA,NA,NA,NA,NA,NA,NA,NA,NA,NA,NA,NA,NA,NA,NA,NA,NA,NA,NA,NA,NA,NA,NA,NA,NA,NA,NA,NA,NA,NA,NA,NA,NA,NA,NA,NA,NA,NA
"Travis Etienne Jr.","RB","NO",NA,NA,NA,NA,NA,NA,NA,NA,NA,NA,NA,NA,NA,NA,NA,"4239996","ESPN","15253","ESPN","RB",NA,NA,NA,NA,NA,NA,NA,NA,NA,NA,NA,NA,NA,NA,NA,NA,NA,NA,NA,NA,NA,NA,NA,NA,NA,NA,NA,NA,NA,NA,NA,NA,NA,NA,NA,NA,NA,NA,NA,NA,NA,NA,NA,NA,NA,NA,NA,NA,NA,NA,NA,NA,NA,NA,NA,NA,NA,NA,NA,NA,NA,NA
"Quinshon Judkins","RB","CLE",NA,NA,NA,NA,NA,NA,NA,NA,16,60,NA,0,NA,NA,NA,"4685702","ESPN","17051","ESPN","RB",4,3,21,NA,NA,0,NA,NA,NA,NA,NA,NA,NA,NA,NA,NA,NA,NA,NA,NA,NA,NA,NA,NA,NA,NA,NA,NA,NA,NA,NA,NA,NA,NA,NA,NA,NA,NA,NA,NA,NA,NA,NA,NA,NA,NA,NA,NA,NA,NA,NA,NA,NA,NA,NA,NA,NA,NA,NA,NA,NA,NA
"Cam Skattebo","RB","NYG",NA,NA,NA,NA,NA,NA,NA,NA,17,67,NA,1,NA,NA,NA,"4696981","ESPN","17045","ESPN","RB",2,2,14,NA,NA,0,NA,NA,NA,NA,NA,NA,NA,NA,NA,NA,NA,NA,NA,NA,NA,NA,NA,NA,NA,NA,NA,NA,NA,NA,NA,NA,NA,NA,NA,NA,NA,NA,NA,NA,NA,NA,NA,NA,NA,NA,NA,NA,NA,NA,NA,NA,NA,NA,NA,NA,NA,NA,NA,NA,NA,NA
"D'Andre Swift","RB","CHI",NA,NA,NA,NA,NA,NA,NA,NA,14,65,NA,1,NA,NA,NA,"4259545","ESPN","14797","ESPN","RB",3,2,18,NA,NA,0,NA,NA,NA,NA,NA,NA,NA,NA,NA,NA,NA,NA,NA,NA,NA,NA,NA,NA,NA,NA,NA,NA,NA,NA,NA,NA,NA,NA,NA,NA,NA,NA,NA,NA,NA,NA,NA,NA,NA,NA,NA,NA,NA,NA,NA,NA,NA,NA,NA,NA,NA,NA,NA,NA,NA,NA
"Bhayshul Tuten","RB","JAC",NA,NA,NA,NA,NA,NA,NA,NA,17,71,NA,1,NA,NA,NA,"4882093","ESPN","17052","ESPN","RB",2,2,15,NA,NA,0,NA,NA,NA,NA,NA,NA,NA,NA,NA,NA,NA,NA,NA,NA,NA,NA,NA,NA,NA,NA,NA,NA,NA,NA,NA,NA,NA,NA,NA,NA,NA,NA,NA,NA,NA,NA,NA,NA,NA,NA,NA,NA,NA,NA,NA,NA,NA,NA,NA,NA,NA,NA,NA,NA,NA,NA
"Bucky Irving","RB","TB",NA,NA,NA,NA,NA,NA,NA,NA,17,77,NA,0,NA,NA,NA,"4596448","ESPN","16598","ESPN","RB",3,3,20,NA,NA,0,NA,NA,NA,NA,NA,NA,NA,NA,NA,NA,NA,NA,NA,NA,NA,NA,NA,NA,NA,NA,NA,NA,NA,NA,NA,NA,NA,NA,NA,NA,NA,NA,NA,NA,NA,NA,NA,NA,NA,NA,NA,NA,NA,NA,NA,NA,NA,NA,NA,NA,NA,NA,NA,NA,NA,NA
"David Montgomery","RB","HOU",NA,NA,NA,NA,NA,NA,NA,NA,14,56,NA,0,NA,NA,NA,"4035538","ESPN","14071","ESPN","RB",2,2,13,NA,NA,0,NA,NA,NA,NA,NA,NA,NA,NA,NA,NA,NA,NA,NA,NA,NA,NA,NA,NA,NA,NA,NA,NA,NA,NA,NA,NA,NA,NA,NA,NA,NA,NA,NA,NA,NA,NA,NA,NA,NA,NA,NA,NA,NA,NA,NA,NA,NA,NA,NA,NA,NA,NA,NA,NA,NA,NA
"Jadarian Price","RB","SEA",NA,NA,NA,NA,NA,NA,NA,NA,NA,NA,NA,NA,NA,NA,NA,"4685512","ESPN","17473","ESPN","RB",NA,NA,NA,NA,NA,NA,NA,NA,NA,NA,NA,NA,NA,NA,NA,NA,NA,NA,NA,NA,NA,NA,NA,NA,NA,NA,NA,NA,NA,NA,NA,NA,NA,NA,NA,NA,NA,NA,NA,NA,NA,NA,NA,NA,NA,NA,NA,NA,NA,NA,NA,NA,NA,NA,NA,NA,NA,NA,NA,NA,NA,NA
"TreVeyon Henderson","RB","NE",NA,NA,NA,NA,NA,NA,NA,NA,12,58,NA,0,NA,NA,NA,"4432710","ESPN","17043","ESPN","RB",2,1,10,NA,NA,0,NA,NA,NA,NA,NA,NA,NA,NA,NA,NA,NA,NA,NA,NA,NA,NA,NA,NA,NA,NA,NA,NA,NA,NA,NA,NA,NA,NA,NA,NA,NA,NA,NA,NA,NA,NA,NA,NA,NA,NA,NA,NA,NA,NA,NA,NA,NA,NA,NA,NA,NA,NA,NA,NA,NA,NA
"Rhamondre Stevenson","RB","NE",NA,NA,NA,NA,NA,NA,NA,NA,11,52,NA,0,NA,NA,NA,"4569173","ESPN","15259","ESPN","RB",3,3,23,NA,NA,0,NA,NA,NA,NA,NA,NA,NA,NA,NA,NA,NA,NA,NA,NA,NA,NA,NA,NA,NA,NA,NA,NA,NA,NA,NA,NA,NA,NA,NA,NA,NA,NA,NA,NA,NA,NA,NA,NA,NA,NA,NA,NA,NA,NA,NA,NA,NA,NA,NA,NA,NA,NA,NA,NA,NA,NA
"Tony Pollard","RB","TEN",NA,NA,NA,NA,NA,NA,NA,NA,17,67,NA,0,NA,NA,NA,"3916148","ESPN","14085","ESPN","RB",3,2,14,NA,NA,0,NA,NA,NA,NA,NA,NA,NA,NA,NA,NA,NA,NA,NA,NA,NA,NA,NA,NA,NA,NA,NA,NA,NA,NA,NA,NA,NA,NA,NA,NA,NA,NA,NA,NA,NA,NA,NA,NA,NA,NA,NA,NA,NA,NA,NA,NA,NA,NA,NA,NA,NA,NA,NA,NA,NA,NA
"Jaylen Warren","RB","PIT",NA,NA,NA,NA,NA,NA,NA,NA,13,63,NA,0,NA,NA,NA,"4569987","ESPN","15742","ESPN","RB",4,3,27,NA,NA,0,NA,NA,NA,NA,NA,NA,NA,NA,NA,NA,NA,NA,NA,NA,NA,NA,NA,NA,NA,NA,NA,NA,NA,NA,NA,NA,NA,NA,NA,NA,NA,NA,NA,NA,NA,NA,NA,NA,NA,NA,NA,NA,NA,NA,NA,NA,NA,NA,NA,NA,NA,NA,NA,NA,NA,NA
"Kenny Gainwell","RB","TB",NA,NA,NA,NA,NA,NA,NA,NA,4,17,NA,0,NA,NA,NA,"4371733","ESPN","15255","ESPN","RB",3,2,18,NA,NA,0,NA,NA,NA,NA,NA,NA,NA,NA,NA,NA,NA,NA,NA,NA,NA,NA,NA,NA,NA,NA,NA,NA,NA,NA,NA,NA,NA,NA,NA,NA,NA,NA,NA,NA,NA,NA,NA,NA,NA,NA,NA,NA,NA,NA,NA,NA,NA,NA,NA,NA,NA,NA,NA,NA,NA,NA
"Josh Jacobs","RB","GB",NA,NA,NA,NA,NA,NA,NA,NA,NA,NA,NA,NA,NA,NA,NA,"4047365","ESPN","14073","ESPN","RB",NA,NA,NA,NA,NA,NA,NA,NA,NA,NA,NA,NA,NA,NA,NA,NA,NA,NA,NA,NA,NA,NA,NA,NA,NA,NA,NA,NA,NA,NA,NA,NA,NA,NA,NA,NA,NA,NA,NA,NA,NA,NA,NA,NA,NA,NA,NA,NA,NA,NA,NA,NA,NA,NA,NA,NA,NA,NA,NA,NA,NA,NA
"Jonathon Brooks","RB","CAR",NA,NA,NA,NA,NA,NA,NA,NA,NA,NA,NA,NA,NA,NA,NA,"4678008","ESPN","16597","ESPN","RB",NA,NA,NA,NA,NA,NA,NA,NA,NA,NA,NA,NA,NA,NA,NA,NA,NA,NA,NA,NA,NA,NA,NA,NA,NA,NA,NA,NA,NA,NA,NA,NA,NA,NA,NA,NA,NA,NA,NA,NA,NA,NA,NA,NA,NA,NA,NA,NA,NA,NA,NA,NA,NA,NA,NA,NA,NA,NA,NA,NA,NA,NA
"MarShawn Lloyd","RB","GB",NA,NA,NA,NA,NA,NA,NA,NA,9,40,NA,0,NA,NA,NA,"4429023","ESPN","16604","ESPN","RB",3,2,16,NA,NA,0,NA,NA,NA,NA,NA,NA,NA,NA,NA,NA,NA,NA,NA,NA,NA,NA,NA,NA,NA,NA,NA,NA,NA,NA,NA,NA,NA,NA,NA,NA,NA,NA,NA,NA,NA,NA,NA,NA,NA,NA,NA,NA,NA,NA,NA,NA,NA,NA,NA,NA,NA,NA,NA,NA,NA,NA
"Rico Dowdle","RB","PIT",NA,NA,NA,NA,NA,NA,NA,NA,9,39,NA,0,NA,NA,NA,"4038815","ESPN","14823","ESPN","RB",2,1,11,NA,NA,0,NA,NA,NA,NA,NA,NA,NA,NA,NA,NA,NA,NA,NA,NA,NA,NA,NA,NA,NA,NA,NA,NA,NA,NA,NA,NA,NA,NA,NA,NA,NA,NA,NA,NA,NA,NA,NA,NA,NA,NA,NA,NA,NA,NA,NA,NA,NA,NA,NA,NA,NA,NA,NA,NA,NA,NA
"Chuba Hubbard","RB","CAR",NA,NA,NA,NA,NA,NA,NA,NA,NA,NA,NA,NA,NA,NA,NA,"4241416","ESPN","15261","ESPN","RB",NA,NA,NA,NA,NA,NA,NA,NA,NA,NA,NA,NA,NA,NA,NA,NA,NA,NA,NA,NA,NA,NA,NA,NA,NA,NA,NA,NA,NA,NA,NA,NA,NA,NA,NA,NA,NA,NA,NA,NA,NA,NA,NA,NA,NA,NA,NA,NA,NA,NA,NA,NA,NA,NA,NA,NA,NA,NA,NA,NA,NA,NA
"Aaron Jones Sr.","RB","MIN",NA,NA,NA,NA,NA,NA,NA,NA,18,85,NA,1,NA,NA,NA,"3042519","ESPN","13319","ESPN","RB",4,3,25,NA,NA,0,NA,NA,NA,NA,NA,NA,NA,NA,NA,NA,NA,NA,NA,NA,NA,NA,NA,NA,NA,NA,NA,NA,NA,NA,NA,NA,NA,NA,NA,NA,NA,NA,NA,NA,NA,NA,NA,NA,NA,NA,NA,NA,NA,NA,NA,NA,NA,NA,NA,NA,NA,NA,NA,NA,NA,NA
"Rachaad White","RB","WAS",NA,NA,NA,NA,NA,NA,NA,NA,7,29,NA,0,NA,NA,NA,"4697815","ESPN","15721","ESPN","RB",2,2,14,NA,NA,0,NA,NA,NA,NA,NA,NA,NA,NA,NA,NA,NA,NA,NA,NA,NA,NA,NA,NA,NA,NA,NA,NA,NA,NA,NA,NA,NA,NA,NA,NA,NA,NA,NA,NA,NA,NA,NA,NA,NA,NA,NA,NA,NA,NA,NA,NA,NA,NA,NA,NA,NA,NA,NA,NA,NA,NA
"J.K. Dobbins","RB","DEN",NA,NA,NA,NA,NA,NA,NA,NA,15,64,NA,0,NA,NA,NA,"4241985","ESPN","14800","ESPN","RB",1,1,6,NA,NA,0,NA,NA,NA,NA,NA,NA,NA,NA,NA,NA,NA,NA,NA,NA,NA,NA,NA,NA,NA,NA,NA,NA,NA,NA,NA,NA,NA,NA,NA,NA,NA,NA,NA,NA,NA,NA,NA,NA,NA,NA,NA,NA,NA,NA,NA,NA,NA,NA,NA,NA,NA,NA,NA,NA,NA,NA
"Kyle Monangai","RB","CHI",NA,NA,NA,NA,NA,NA,NA,NA,11,52,NA,0,NA,NA,NA,"4608686","ESPN","17066","ESPN","RB",2,1,11,NA,NA,0,NA,NA,NA,NA,NA,NA,NA,NA,NA,NA,NA,NA,NA,NA,NA,NA,NA,NA,NA,NA,NA,NA,NA,NA,NA,NA,NA,NA,NA,NA,NA,NA,NA,NA,NA,NA,NA,NA,NA,NA,NA,NA,NA,NA,NA,NA,NA,NA,NA,NA,NA,NA,NA,NA,NA,NA
"RJ Harvey","RB","DEN",NA,NA,NA,NA,NA,NA,NA,NA,5,22,NA,0,NA,NA,NA,"4568490","ESPN","17068","ESPN","RB",5,4,30,NA,NA,0,NA,NA,NA,NA,NA,NA,NA,NA,NA,NA,NA,NA,NA,NA,NA,NA,NA,NA,NA,NA,NA,NA,NA,NA,NA,NA,NA,NA,NA,NA,NA,NA,NA,NA,NA,NA,NA,NA,NA,NA,NA,NA,NA,NA,NA,NA,NA,NA,NA,NA,NA,NA,NA,NA,NA,NA
"Blake Corum","RB","LAR",NA,NA,NA,NA,NA,NA,NA,NA,9,43,NA,0,NA,NA,NA,"4429096","ESPN","16593","ESPN","RB",1,1,7,NA,NA,0,NA,NA,NA,NA,NA,NA,NA,NA,NA,NA,NA,NA,NA,NA,NA,NA,NA,NA,NA,NA,NA,NA,NA,NA,NA,NA,NA,NA,NA,NA,NA,NA,NA,NA,NA,NA,NA,NA,NA,NA,NA,NA,NA,NA,NA,NA,NA,NA,NA,NA,NA,NA,NA,NA,NA,NA
"Jacory Croskey-Merritt","RB","WAS",NA,NA,NA,NA,NA,NA,NA,NA,13,57,NA,0,NA,NA,NA,"4575131","ESPN","17256","ESPN","RB",1,1,5,NA,NA,0,NA,NA,NA,NA,NA,NA,NA,NA,NA,NA,NA,NA,NA,NA,NA,NA,NA,NA,NA,NA,NA,NA,NA,NA,NA,NA,NA,NA,NA,NA,NA,NA,NA,NA,NA,NA,NA,NA,NA,NA,NA,NA,NA,NA,NA,NA,NA,NA,NA,NA,NA,NA,NA,NA,NA,NA
"Tyjae Spears","RB","TEN",NA,NA,NA,NA,NA,NA,NA,NA,5,20,NA,0,NA,NA,NA,"4428557","ESPN","16165","ESPN","RB",2,2,15,NA,NA,0,NA,NA,NA,NA,NA,NA,NA,NA,NA,NA,NA,NA,NA,NA,NA,NA,NA,NA,NA,NA,NA,NA,NA,NA,NA,NA,NA,NA,NA,NA,NA,NA,NA,NA,NA,NA,NA,NA,NA,NA,NA,NA,NA,NA,NA,NA,NA,NA,NA,NA,NA,NA,NA,NA,NA,NA
"Woody Marks","RB","HOU",NA,NA,NA,NA,NA,NA,NA,NA,8,32,NA,0,NA,NA,NA,"4429059","ESPN","17053","ESPN","RB",2,2,13,NA,NA,0,NA,NA,NA,NA,NA,NA,NA,NA,NA,NA,NA,NA,NA,NA,NA,NA,NA,NA,NA,NA,NA,NA,NA,NA,NA,NA,NA,NA,NA,NA,NA,NA,NA,NA,NA,NA,NA,NA,NA,NA,NA,NA,NA,NA,NA,NA,NA,NA,NA,NA,NA,NA,NA,NA,NA,NA
"Jordan Mason","RB","MIN",NA,NA,NA,NA,NA,NA,NA,NA,NA,NA,NA,NA,NA,NA,NA,"4360569","ESPN","15972","ESPN","RB",NA,NA,NA,NA,NA,NA,NA,NA,NA,NA,NA,NA,NA,NA,NA,NA,NA,NA,NA,NA,NA,NA,NA,NA,NA,NA,NA,NA,NA,NA,NA,NA,NA,NA,NA,NA,NA,NA,NA,NA,NA,NA,NA,NA,NA,NA,NA,NA,NA,NA,NA,NA,NA,NA,NA,NA,NA,NA,NA,NA,NA,NA
"Zach Charbonnet","RB","SEA",NA,NA,NA,NA,NA,NA,NA,NA,NA,NA,NA,NA,NA,NA,NA,"4426385","ESPN","16169","ESPN","RB",NA,NA,NA,NA,NA,NA,NA,NA,NA,NA,NA,NA,NA,NA,NA,NA,NA,NA,NA,NA,NA,NA,NA,NA,NA,NA,NA,NA,NA,NA,NA,NA,NA,NA,NA,NA,NA,NA,NA,NA,NA,NA,NA,NA,NA,NA,NA,NA,NA,NA,NA,NA,NA,NA,NA,NA,NA,NA,NA,NA,NA,NA
"Isiah Pacheco","RB","DET",NA,NA,NA,NA,NA,NA,NA,NA,NA,NA,NA,NA,NA,NA,NA,"4361529","ESPN","15749","ESPN","RB",NA,NA,NA,NA,NA,NA,NA,NA,NA,NA,NA,NA,NA,NA,NA,NA,NA,NA,NA,NA,NA,NA,NA,NA,NA,NA,NA,NA,NA,NA,NA,NA,NA,NA,NA,NA,NA,NA,NA,NA,NA,NA,NA,NA,NA,NA,NA,NA,NA,NA,NA,NA,NA,NA,NA,NA,NA,NA,NA,NA,NA,NA
"Jonah Coleman","RB","DEN",NA,NA,NA,NA,NA,NA,NA,NA,NA,NA,NA,NA,NA,NA,NA,"4702555","ESPN","17477","ESPN","RB",NA,NA,NA,NA,NA,NA,NA,NA,NA,NA,NA,NA,NA,NA,NA,NA,NA,NA,NA,NA,NA,NA,NA,NA,NA,NA,NA,NA,NA,NA,NA,NA,NA,NA,NA,NA,NA,NA,NA,NA,NA,NA,NA,NA,NA,NA,NA,NA,NA,NA,NA,NA,NA,NA,NA,NA,NA,NA,NA,NA,NA,NA
"Chris Rodriguez Jr.","RB","JAC",NA,NA,NA,NA,NA,NA,NA,NA,8,32,NA,0,NA,NA,NA,"4362619","ESPN","16174","ESPN","RB",0,0,2,NA,NA,0,NA,NA,NA,NA,NA,NA,NA,NA,NA,NA,NA,NA,NA,NA,NA,NA,NA,NA,NA,NA,NA,NA,NA,NA,NA,NA,NA,NA,NA,NA,NA,NA,NA,NA,NA,NA,NA,NA,NA,NA,NA,NA,NA,NA,NA,NA,NA,NA,NA,NA,NA,NA,NA,NA,NA,NA
"Alvin Kamara","RB","NO",NA,NA,NA,NA,NA,NA,NA,NA,11,43,NA,0,NA,NA,NA,"3054850","ESPN","13132","ESPN","RB",4,3,20,NA,NA,0,NA,NA,NA,NA,NA,NA,NA,NA,NA,NA,NA,NA,NA,NA,NA,NA,NA,NA,NA,NA,NA,NA,NA,NA,NA,NA,NA,NA,NA,NA,NA,NA,NA,NA,NA,NA,NA,NA,NA,NA,NA,NA,NA,NA,NA,NA,NA,NA,NA,NA,NA,NA,NA,NA,NA,NA
"Tyler Allgeier","RB","ARI",NA,NA,NA,NA,NA,NA,NA,NA,8,32,NA,0,NA,NA,NA,"4373626","ESPN","15712","ESPN","RB",2,2,14,NA,NA,0,NA,NA,NA,NA,NA,NA,NA,NA,NA,NA,NA,NA,NA,NA,NA,NA,NA,NA,NA,NA,NA,NA,NA,NA,NA,NA,NA,NA,NA,NA,NA,NA,NA,NA,NA,NA,NA,NA,NA,NA,NA,NA,NA,NA,NA,NA,NA,NA,NA,NA,NA,NA,NA,NA,NA,NA
"Dylan Sampson","RB","CLE",NA,NA,NA,NA,NA,NA,NA,NA,NA,NA,NA,NA,NA,NA,NA,"5081397","ESPN","17047","ESPN","RB",NA,NA,NA,NA,NA,NA,NA,NA,NA,NA,NA,NA,NA,NA,NA,NA,NA,NA,NA,NA,NA,NA,NA,NA,NA,NA,NA,NA,NA,NA,NA,NA,NA,NA,NA,NA,NA,NA,NA,NA,NA,NA,NA,NA,NA,NA,NA,NA,NA,NA,NA,NA,NA,NA,NA,NA,NA,NA,NA,NA,NA,NA
"Keaton Mitchell","RB","LAC",NA,NA,NA,NA,NA,NA,NA,NA,7,34,NA,0,NA,NA,NA,"4596334","ESPN","16178","ESPN","RB",2,2,13,NA,NA,0,NA,NA,NA,NA,NA,NA,NA,NA,NA,NA,NA,NA,NA,NA,NA,NA,NA,NA,NA,NA,NA,NA,NA,NA,NA,NA,NA,NA,NA,NA,NA,NA,NA,NA,NA,NA,NA,NA,NA,NA,NA,NA,NA,NA,NA,NA,NA,NA,NA,NA,NA,NA,NA,NA,NA,NA
"Mike Washington Jr.","RB","LV",NA,NA,NA,NA,NA,NA,NA,NA,7,28,NA,0,NA,NA,NA,"4686658","ESPN","17482","ESPN","RB",1,1,4,NA,NA,0,NA,NA,NA,NA,NA,NA,NA,NA,NA,NA,NA,NA,NA,NA,NA,NA,NA,NA,NA,NA,NA,NA,NA,NA,NA,NA,NA,NA,NA,NA,NA,NA,NA,NA,NA,NA,NA,NA,NA,NA,NA,NA,NA,NA,NA,NA,NA,NA,NA,NA,NA,NA,NA,NA,NA,NA
"Samaje Perine","RB","CIN",NA,NA,NA,NA,NA,NA,NA,NA,5,20,NA,0,NA,NA,NA,"3116389","ESPN","13133","ESPN","RB",2,1,12,NA,NA,0,NA,NA,NA,NA,NA,NA,NA,NA,NA,NA,NA,NA,NA,NA,NA,NA,NA,NA,NA,NA,NA,NA,NA,NA,NA,NA,NA,NA,NA,NA,NA,NA,NA,NA,NA,NA,NA,NA,NA,NA,NA,NA,NA,NA,NA,NA,NA,NA,NA,NA,NA,NA,NA,NA,NA,NA
"Brian Robinson Jr.","RB","ATL",NA,NA,NA,NA,NA,NA,NA,NA,10,40,NA,0,NA,NA,NA,"4241474","ESPN","15716","ESPN","RB",1,1,7,NA,NA,0,NA,NA,NA,NA,NA,NA,NA,NA,NA,NA,NA,NA,NA,NA,NA,NA,NA,NA,NA,NA,NA,NA,NA,NA,NA,NA,NA,NA,NA,NA,NA,NA,NA,NA,NA,NA,NA,NA,NA,NA,NA,NA,NA,NA,NA,NA,NA,NA,NA,NA,NA,NA,NA,NA,NA,NA
"Braelon Allen","RB","NYJ",NA,NA,NA,NA,NA,NA,NA,NA,15,64,NA,1,NA,NA,NA,"4685247","ESPN","16596","ESPN","RB",3,2,18,NA,NA,0,NA,NA,NA,NA,NA,NA,NA,NA,NA,NA,NA,NA,NA,NA,NA,NA,NA,NA,NA,NA,NA,NA,NA,NA,NA,NA,NA,NA,NA,NA,NA,NA,NA,NA,NA,NA,NA,NA,NA,NA,NA,NA,NA,NA,NA,NA,NA,NA,NA,NA,NA,NA,NA,NA,NA,NA
"Tank Bigsby","RB","PHI",NA,NA,NA,NA,NA,NA,NA,NA,NA,NA,NA,NA,NA,NA,NA,"4429013","ESPN","16164","ESPN","RB",NA,NA,NA,NA,NA,NA,NA,NA,NA,NA,NA,NA,NA,NA,NA,NA,NA,NA,NA,NA,NA,NA,NA,NA,NA,NA,NA,NA,NA,NA,NA,NA,NA,NA,NA,NA,NA,NA,NA,NA,NA,NA,NA,NA,NA,NA,NA,NA,NA,NA,NA,NA,NA,NA,NA,NA,NA,NA,NA,NA,NA,NA
"Ray Davis","RB","BUF",NA,NA,NA,NA,NA,NA,NA,NA,1,4,NA,0,NA,NA,NA,"4429501","ESPN","16603","ESPN","RB",0,0,2,NA,NA,0,NA,NA,NA,NA,NA,NA,NA,NA,NA,NA,NA,NA,NA,NA,NA,NA,NA,NA,NA,NA,NA,NA,NA,NA,NA,NA,NA,NA,NA,NA,NA,NA,NA,NA,NA,NA,NA,NA,NA,NA,NA,NA,NA,NA,NA,NA,NA,NA,NA,NA,NA,NA,NA,NA,NA,NA
"Najee Harris","RB","NYG",NA,NA,NA,NA,NA,NA,NA,NA,8,32,NA,0,NA,NA,NA,"4241457","ESPN","15254","ESPN","RB",1,0,3,NA,NA,0,NA,NA,NA,NA,NA,NA,NA,NA,NA,NA,NA,NA,NA,NA,NA,NA,NA,NA,NA,NA,NA,NA,NA,NA,NA,NA,NA,NA,NA,NA,NA,NA,NA,NA,NA,NA,NA,NA,NA,NA,NA,NA,NA,NA,NA,NA,NA,NA,NA,NA,NA,NA,NA,NA,NA,NA
"Justice Hill","RB","BAL",NA,NA,NA,NA,NA,NA,NA,NA,2,10,NA,0,NA,NA,NA,"4038441","ESPN","14086","ESPN","RB",2,1,10,NA,NA,0,NA,NA,NA,NA,NA,NA,NA,NA,NA,NA,NA,NA,NA,NA,NA,NA,NA,NA,NA,NA,NA,NA,NA,NA,NA,NA,NA,NA,NA,NA,NA,NA,NA,NA,NA,NA,NA,NA,NA,NA,NA,NA,NA,NA,NA,NA,NA,NA,NA,NA,NA,NA,NA,NA,NA,NA
"Kaelon Black","RB","SF",NA,NA,NA,NA,NA,NA,NA,NA,6,24,NA,0,NA,NA,NA,"4696044","ESPN","17485","ESPN","RB",1,1,7,NA,NA,0,NA,NA,NA,NA,NA,NA,NA,NA,NA,NA,NA,NA,NA,NA,NA,NA,NA,NA,NA,NA,NA,NA,NA,NA,NA,NA,NA,NA,NA,NA,NA,NA,NA,NA,NA,NA,NA,NA,NA,NA,NA,NA,NA,NA,NA,NA,NA,NA,NA,NA,NA,NA,NA,NA,NA,NA
"Kimani Vidal","RB","LAC",NA,NA,NA,NA,NA,NA,NA,NA,3,11,NA,0,NA,NA,NA,"4430968","ESPN","16757","ESPN","RB",2,1,13,NA,NA,0,NA,NA,NA,NA,NA,NA,NA,NA,NA,NA,NA,NA,NA,NA,NA,NA,NA,NA,NA,NA,NA,NA,NA,NA,NA,NA,NA,NA,NA,NA,NA,NA,NA,NA,NA,NA,NA,NA,NA,NA,NA,NA,NA,NA,NA,NA,NA,NA,NA,NA,NA,NA,NA,NA,NA,NA
"Jaylen Wright","RB","MIA",NA,NA,NA,NA,NA,NA,NA,NA,9,40,NA,0,NA,NA,NA,"4682745","ESPN","16610","ESPN","RB",2,1,10,NA,NA,0,NA,NA,NA,NA,NA,NA,NA,NA,NA,NA,NA,NA,NA,NA,NA,NA,NA,NA,NA,NA,NA,NA,NA,NA,NA,NA,NA,NA,NA,NA,NA,NA,NA,NA,NA,NA,NA,NA,NA,NA,NA,NA,NA,NA,NA,NA,NA,NA,NA,NA,NA,NA,NA,NA,NA,NA
"Ollie Gordon II","RB","MIA",NA,NA,NA,NA,NA,NA,NA,NA,13,55,NA,0,NA,NA,NA,"4711533","ESPN","17059","ESPN","RB",2,2,12,NA,NA,0,NA,NA,NA,NA,NA,NA,NA,NA,NA,NA,NA,NA,NA,NA,NA,NA,NA,NA,NA,NA,NA,NA,NA,NA,NA,NA,NA,NA,NA,NA,NA,NA,NA,NA,NA,NA,NA,NA,NA,NA,NA,NA,NA,NA,NA,NA,NA,NA,NA,NA,NA,NA,NA,NA,NA,NA
"Ty Johnson","RB","BUF",NA,NA,NA,NA,NA,NA,NA,NA,1,6,NA,0,NA,NA,NA,"3915411","ESPN","14095","ESPN","RB",2,2,13,NA,NA,0,NA,NA,NA,NA,NA,NA,NA,NA,NA,NA,NA,NA,NA,NA,NA,NA,NA,NA,NA,NA,NA,NA,NA,NA,NA,NA,NA,NA,NA,NA,NA,NA,NA,NA,NA,NA,NA,NA,NA,NA,NA,NA,NA,NA,NA,NA,NA,NA,NA,NA,NA,NA,NA,NA,NA,NA
"Chris Brooks","RB","GB",NA,NA,NA,NA,NA,NA,NA,NA,NA,NA,NA,NA,NA,NA,NA,"3149687","ESPN","16387","ESPN","RB",NA,NA,NA,NA,NA,NA,NA,NA,NA,NA,NA,NA,NA,NA,NA,NA,NA,NA,NA,NA,NA,NA,NA,NA,NA,NA,NA,NA,NA,NA,NA,NA,NA,NA,NA,NA,NA,NA,NA,NA,NA,NA,NA,NA,NA,NA,NA,NA,NA,NA,NA,NA,NA,NA,NA,NA,NA,NA,NA,NA,NA,NA
"Brashard Smith","RB","KCC",NA,NA,NA,NA,NA,NA,NA,NA,NA,NA,NA,NA,NA,NA,NA,"4596602","ESPN","17049","ESPN","RB",NA,NA,NA,NA,NA,NA,NA,NA,NA,NA,NA,NA,NA,NA,NA,NA,NA,NA,NA,NA,NA,NA,NA,NA,NA,NA,NA,NA,NA,NA,NA,NA,NA,NA,NA,NA,NA,NA,NA,NA,NA,NA,NA,NA,NA,NA,NA,NA,NA,NA,NA,NA,NA,NA,NA,NA,NA,NA,NA,NA,NA,NA
"Malik Davis","RB","DAL",NA,NA,NA,NA,NA,NA,NA,NA,NA,NA,NA,NA,NA,NA,NA,"4240603","ESPN","15738","ESPN","RB",NA,NA,NA,NA,NA,NA,NA,NA,NA,NA,NA,NA,NA,NA,NA,NA,NA,NA,NA,NA,NA,NA,NA,NA,NA,NA,NA,NA,NA,NA,NA,NA,NA,NA,NA,NA,NA,NA,NA,NA,NA,NA,NA,NA,NA,NA,NA,NA,NA,NA,NA,NA,NA,NA,NA,NA,NA,NA,NA,NA,NA,NA
"Emmett Johnson","RB","KCC",NA,NA,NA,NA,NA,NA,NA,NA,NA,NA,NA,NA,NA,NA,NA,"4832955","ESPN","17474","ESPN","RB",NA,NA,NA,NA,NA,NA,NA,NA,NA,NA,NA,NA,NA,NA,NA,NA,NA,NA,NA,NA,NA,NA,NA,NA,NA,NA,NA,NA,NA,NA,NA,NA,NA,NA,NA,NA,NA,NA,NA,NA,NA,NA,NA,NA,NA,NA,NA,NA,NA,NA,NA,NA,NA,NA,NA,NA,NA,NA,NA,NA,NA,NA
"Isaiah Davis","RB","NYJ",NA,NA,NA,NA,NA,NA,NA,NA,9,40,NA,0,NA,NA,NA,"4695404","ESPN","16752","ESPN","RB",1,1,8,NA,NA,0,NA,NA,NA,NA,NA,NA,NA,NA,NA,NA,NA,NA,NA,NA,NA,NA,NA,NA,NA,NA,NA,NA,NA,NA,NA,NA,NA,NA,NA,NA,NA,NA,NA,NA,NA,NA,NA,NA,NA,NA,NA,NA,NA,NA,NA,NA,NA,NA,NA,NA,NA,NA,NA,NA,NA,NA
"Jacob Saylors","RB","DET",NA,NA,NA,NA,NA,NA,NA,NA,NA,NA,NA,NA,NA,NA,NA,"4383429","ESPN","16850","ESPN","RB",NA,NA,NA,NA,NA,NA,NA,NA,NA,NA,NA,NA,NA,NA,NA,NA,NA,NA,NA,NA,NA,NA,NA,NA,NA,NA,NA,NA,NA,NA,NA,NA,NA,NA,NA,NA,NA,NA,NA,NA,NA,NA,NA,NA,NA,NA,NA,NA,NA,NA,NA,NA,NA,NA,NA,NA,NA,NA,NA,NA,NA,NA
"LeQuint Allen Jr.","RB","JAC",NA,NA,NA,NA,NA,NA,NA,NA,0,1,NA,0,NA,NA,NA,"4911851","ESPN","17061","ESPN","RB",1,0,3,NA,NA,0,NA,NA,NA,NA,NA,NA,NA,NA,NA,NA,NA,NA,NA,NA,NA,NA,NA,NA,NA,NA,NA,NA,NA,NA,NA,NA,NA,NA,NA,NA,NA,NA,NA,NA,NA,NA,NA,NA,NA,NA,NA,NA,NA,NA,NA,NA,NA,NA,NA,NA,NA,NA,NA,NA,NA,NA
"George Holani","RB","SEA",NA,NA,NA,NA,NA,NA,NA,NA,7,27,NA,0,NA,NA,NA,"4429835","ESPN","16608","ESPN","RB",2,2,14,NA,NA,0,NA,NA,NA,NA,NA,NA,NA,NA,NA,NA,NA,NA,NA,NA,NA,NA,NA,NA,NA,NA,NA,NA,NA,NA,NA,NA,NA,NA,NA,NA,NA,NA,NA,NA,NA,NA,NA,NA,NA,NA,NA,NA,NA,NA,NA,NA,NA,NA,NA,NA,NA,NA,NA,NA,NA,NA
"Tyrone Tracy Jr.","RB","NYG",NA,NA,NA,NA,NA,NA,NA,NA,1,3,NA,0,NA,NA,NA,"4360516","ESPN","16747","ESPN","RB",1,1,5,NA,NA,0,NA,NA,NA,NA,NA,NA,NA,NA,NA,NA,NA,NA,NA,NA,NA,NA,NA,NA,NA,NA,NA,NA,NA,NA,NA,NA,NA,NA,NA,NA,NA,NA,NA,NA,NA,NA,NA,NA,NA,NA,NA,NA,NA,NA,NA,NA,NA,NA,NA,NA,NA,NA,NA,NA,NA,NA
"Sean Tucker","RB","TB",NA,NA,NA,NA,NA,NA,NA,NA,2,11,NA,0,NA,NA,NA,"4430871","ESPN","16166","ESPN","RB",NA,NA,NA,NA,NA,NA,NA,NA,NA,NA,NA,NA,NA,NA,NA,NA,NA,NA,NA,NA,NA,NA,NA,NA,NA,NA,NA,NA,NA,NA,NA,NA,NA,NA,NA,NA,NA,NA,NA,NA,NA,NA,NA,NA,NA,NA,NA,NA,NA,NA,NA,NA,NA,NA,NA,NA,NA,NA,NA,NA,NA,NA
"Seth McGowan","RB","IND",NA,NA,NA,NA,NA,NA,NA,NA,4,17,NA,0,NA,NA,NA,"4686468","ESPN","17475","ESPN","RB",1,0,4,NA,NA,0,NA,NA,NA,NA,NA,NA,NA,NA,NA,NA,NA,NA,NA,NA,NA,NA,NA,NA,NA,NA,NA,NA,NA,NA,NA,NA,NA,NA,NA,NA,NA,NA,NA,NA,NA,NA,NA,NA,NA,NA,NA,NA,NA,NA,NA,NA,NA,NA,NA,NA,NA,NA,NA,NA,NA,NA
"Jordan James","RB","SF",NA,NA,NA,NA,NA,NA,NA,NA,NA,NA,NA,NA,NA,NA,NA,"4685397","ESPN","17055","ESPN","RB",NA,NA,NA,NA,NA,NA,NA,NA,NA,NA,NA,NA,NA,NA,NA,NA,NA,NA,NA,NA,NA,NA,NA,NA,NA,NA,NA,NA,NA,NA,NA,NA,NA,NA,NA,NA,NA,NA,NA,NA,NA,NA,NA,NA,NA,NA,NA,NA,NA,NA,NA,NA,NA,NA,NA,NA,NA,NA,NA,NA,NA,NA
"Will Shipley","RB","PHI",NA,NA,NA,NA,NA,NA,NA,NA,11,43,NA,0,NA,NA,NA,"4431545","ESPN","16601","ESPN","RB",3,2,18,NA,NA,0,NA,NA,NA,NA,NA,NA,NA,NA,NA,NA,NA,NA,NA,NA,NA,NA,NA,NA,NA,NA,NA,NA,NA,NA,NA,NA,NA,NA,NA,NA,NA,NA,NA,NA,NA,NA,NA,NA,NA,NA,NA,NA,NA,NA,NA,NA,NA,NA,NA,NA,NA,NA,NA,NA,NA,NA
"Emanuel Wilson","RB","SEA",NA,NA,NA,NA,NA,NA,NA,NA,17,69,NA,1,NA,NA,NA,"4887558","ESPN","16432","ESPN","RB",2,2,15,NA,NA,0,NA,NA,NA,NA,NA,NA,NA,NA,NA,NA,NA,NA,NA,NA,NA,NA,NA,NA,NA,NA,NA,NA,NA,NA,NA,NA,NA,NA,NA,NA,NA,NA,NA,NA,NA,NA,NA,NA,NA,NA,NA,NA,NA,NA,NA,NA,NA,NA,NA,NA,NA,NA,NA,NA,NA,NA
"Emari Demercado","RB","DAL",NA,NA,NA,NA,NA,NA,NA,NA,NA,NA,NA,NA,NA,NA,NA,"4362478","ESPN","16385","ESPN","RB",NA,NA,NA,NA,NA,NA,NA,NA,NA,NA,NA,NA,NA,NA,NA,NA,NA,NA,NA,NA,NA,NA,NA,NA,NA,NA,NA,NA,NA,NA,NA,NA,NA,NA,NA,NA,NA,NA,NA,NA,NA,NA,NA,NA,NA,NA,NA,NA,NA,NA,NA,NA,NA,NA,NA,NA,NA,NA,NA,NA,NA,NA
"Kaleb Johnson","RB","GB",NA,NA,NA,NA,NA,NA,NA,NA,10,44,NA,0,NA,NA,NA,"4819231","ESPN","17048","ESPN","RB",1,1,7,NA,NA,0,NA,NA,NA,NA,NA,NA,NA,NA,NA,NA,NA,NA,NA,NA,NA,NA,NA,NA,NA,NA,NA,NA,NA,NA,NA,NA,NA,NA,NA,NA,NA,NA,NA,NA,NA,NA,NA,NA,NA,NA,NA,NA,NA,NA,NA,NA,NA,NA,NA,NA,NA,NA,NA,NA,NA,NA
"Nicholas Singleton","RB","TEN",NA,NA,NA,NA,NA,NA,NA,NA,3,12,NA,0,NA,NA,NA,"4685555","ESPN","17476","ESPN","RB",NA,NA,NA,NA,NA,NA,NA,NA,NA,NA,NA,NA,NA,NA,NA,NA,NA,NA,NA,NA,NA,NA,NA,NA,NA,NA,NA,NA,NA,NA,NA,NA,NA,NA,NA,NA,NA,NA,NA,NA,NA,NA,NA,NA,NA,NA,NA,NA,NA,NA,NA,NA,NA,NA,NA,NA,NA,NA,NA,NA,NA,NA
"Kendre Miller","RB","NO",NA,NA,NA,NA,NA,NA,NA,NA,9,40,NA,0,NA,NA,NA,"4599739","ESPN","16171","ESPN","RB",2,1,11,NA,NA,0,NA,NA,NA,NA,NA,NA,NA,NA,NA,NA,NA,NA,NA,NA,NA,NA,NA,NA,NA,NA,NA,NA,NA,NA,NA,NA,NA,NA,NA,NA,NA,NA,NA,NA,NA,NA,NA,NA,NA,NA,NA,NA,NA,NA,NA,NA,NA,NA,NA,NA,NA,NA,NA,NA,NA,NA
"Tahj Brooks","RB","CIN",NA,NA,NA,NA,NA,NA,NA,NA,NA,NA,NA,NA,NA,NA,NA,"4429299","ESPN","17058","ESPN","RB",NA,NA,NA,NA,NA,NA,NA,NA,NA,NA,NA,NA,NA,NA,NA,NA,NA,NA,NA,NA,NA,NA,NA,NA,NA,NA,NA,NA,NA,NA,NA,NA,NA,NA,NA,NA,NA,NA,NA,NA,NA,NA,NA,NA,NA,NA,NA,NA,NA,NA,NA,NA,NA,NA,NA,NA,NA,NA,NA,NA,NA,NA
"Demond Claiborne","RB","MIN",NA,NA,NA,NA,NA,NA,NA,NA,3,14,NA,0,NA,NA,NA,"4832846","ESPN","17481","ESPN","RB",0,0,2,NA,NA,0,NA,NA,NA,NA,NA,NA,NA,NA,NA,NA,NA,NA,NA,NA,NA,NA,NA,NA,NA,NA,NA,NA,NA,NA,NA,NA,NA,NA,NA,NA,NA,NA,NA,NA,NA,NA,NA,NA,NA,NA,NA,NA,NA,NA,NA,NA,NA,NA,NA,NA,NA,NA,NA,NA,NA,NA
"Rasheen Ali","RB","BAL",NA,NA,NA,NA,NA,NA,NA,NA,NA,NA,NA,NA,NA,NA,NA,"4690013","ESPN","16746","ESPN","RB",NA,NA,NA,NA,NA,NA,NA,NA,NA,NA,NA,NA,NA,NA,NA,NA,NA,NA,NA,NA,NA,NA,NA,NA,NA,NA,NA,NA,NA,NA,NA,NA,NA,NA,NA,NA,NA,NA,NA,NA,NA,NA,NA,NA,NA,NA,NA,NA,NA,NA,NA,NA,NA,NA,NA,NA,NA,NA,NA,NA,NA,NA
"Kaytron Allen","RB","WAS",NA,NA,NA,NA,NA,NA,NA,NA,NA,NA,NA,NA,NA,NA,NA,"4685246","ESPN","17478","ESPN","RB",NA,NA,NA,NA,NA,NA,NA,NA,NA,NA,NA,NA,NA,NA,NA,NA,NA,NA,NA,NA,NA,NA,NA,NA,NA,NA,NA,NA,NA,NA,NA,NA,NA,NA,NA,NA,NA,NA,NA,NA,NA,NA,NA,NA,NA,NA,NA,NA,NA,NA,NA,NA,NA,NA,NA,NA,NA,NA,NA,NA,NA,NA
"DJ Giddens","RB","IND",NA,NA,NA,NA,NA,NA,NA,NA,NA,NA,NA,NA,NA,NA,NA,"4874509","ESPN","17060","ESPN","RB",NA,NA,NA,NA,NA,NA,NA,NA,NA,NA,NA,NA,NA,NA,NA,NA,NA,NA,NA,NA,NA,NA,NA,NA,NA,NA,NA,NA,NA,NA,NA,NA,NA,NA,NA,NA,NA,NA,NA,NA,NA,NA,NA,NA,NA,NA,NA,NA,NA,NA,NA,NA,NA,NA,NA,NA,NA,NA,NA,NA,NA,NA
"Sione Vaki","RB","DET",NA,NA,NA,NA,NA,NA,NA,NA,4,17,NA,0,NA,NA,NA,"4912274","ESPN","16678","ESPN","RB",1,1,6,NA,NA,0,NA,NA,NA,NA,NA,NA,NA,NA,NA,NA,NA,NA,NA,NA,NA,NA,NA,NA,NA,NA,NA,NA,NA,NA,NA,NA,NA,NA,NA,NA,NA,NA,NA,NA,NA,NA,NA,NA,NA,NA,NA,NA,NA,NA,NA,NA,NA,NA,NA,NA,NA,NA,NA,NA,NA,NA
"Kene Nwangwu","RB","NYJ",NA,NA,NA,NA,NA,NA,NA,NA,NA,NA,NA,NA,NA,NA,NA,"4035537","ESPN","15414","ESPN","RB",NA,NA,NA,NA,NA,NA,NA,NA,NA,NA,NA,NA,NA,NA,NA,NA,NA,NA,NA,NA,NA,NA,NA,NA,NA,NA,NA,NA,NA,NA,NA,NA,NA,NA,NA,NA,NA,NA,NA,NA,NA,NA,NA,NA,NA,NA,NA,NA,NA,NA,NA,NA,NA,NA,NA,NA,NA,NA,NA,NA,NA,NA
"Bam Knight","RB","ARI",NA,NA,NA,NA,NA,NA,NA,NA,NA,NA,NA,NA,NA,NA,NA,"4427728","ESPN","15727","ESPN","RB",NA,NA,NA,NA,NA,NA,NA,NA,NA,NA,NA,NA,NA,NA,NA,NA,NA,NA,NA,NA,NA,NA,NA,NA,NA,NA,NA,NA,NA,NA,NA,NA,NA,NA,NA,NA,NA,NA,NA,NA,NA,NA,NA,NA,NA,NA,NA,NA,NA,NA,NA,NA,NA,NA,NA,NA,NA,NA,NA,NA,NA,NA
"Dylan Laube","RB","LV",NA,NA,NA,NA,NA,NA,NA,NA,NA,NA,NA,NA,NA,NA,NA,"4366963","ESPN","16613","ESPN","RB",NA,NA,NA,NA,NA,NA,NA,NA,NA,NA,NA,NA,NA,NA,NA,NA,NA,NA,NA,NA,NA,NA,NA,NA,NA,NA,NA,NA,NA,NA,NA,NA,NA,NA,NA,NA,NA,NA,NA,NA,NA,NA,NA,NA,NA,NA,NA,NA,NA,NA,NA,NA,NA,NA,NA,NA,NA,NA,NA,NA,NA,NA
"Tyler Badie","RB","DEN",NA,NA,NA,NA,NA,NA,NA,NA,1,5,NA,0,NA,NA,NA,"4362748","ESPN","15718","ESPN","RB",1,1,8,NA,NA,0,NA,NA,NA,NA,NA,NA,NA,NA,NA,NA,NA,NA,NA,NA,NA,NA,NA,NA,NA,NA,NA,NA,NA,NA,NA,NA,NA,NA,NA,NA,NA,NA,NA,NA,NA,NA,NA,NA,NA,NA,NA,NA,NA,NA,NA,NA,NA,NA,NA,NA,NA,NA,NA,NA,NA,NA
"Ameer Abdullah","RB","JAC",NA,NA,NA,NA,NA,NA,NA,NA,1,2,NA,0,NA,NA,NA,"2576336","ESPN","12155","ESPN","RB",1,0,3,NA,NA,0,NA,NA,NA,NA,NA,NA,NA,NA,NA,NA,NA,NA,NA,NA,NA,NA,NA,NA,NA,NA,NA,NA,NA,NA,NA,NA,NA,NA,NA,NA,NA,NA,NA,NA,NA,NA,NA,NA,NA,NA,NA,NA,NA,NA,NA,NA,NA,NA,NA,NA,NA,NA,NA,NA,NA,NA
"Adam Randall","RB","BAL",NA,NA,NA,NA,NA,NA,NA,NA,NA,NA,NA,NA,NA,NA,NA,"4685526","ESPN","17652","ESPN","RB",NA,NA,NA,NA,NA,NA,NA,NA,NA,NA,NA,NA,NA,NA,NA,NA,NA,NA,NA,NA,NA,NA,NA,NA,NA,NA,NA,NA,NA,NA,NA,NA,NA,NA,NA,NA,NA,NA,NA,NA,NA,NA,NA,NA,NA,NA,NA,NA,NA,NA,NA,NA,NA,NA,NA,NA,NA,NA,NA,NA,NA,NA
"James Conner","RB","ARI",NA,NA,NA,NA,NA,NA,NA,NA,NA,NA,NA,NA,NA,NA,NA,"3045147","ESPN","13146","ESPN","RB",NA,NA,NA,NA,NA,NA,NA,NA,NA,NA,NA,NA,NA,NA,NA,NA,NA,NA,NA,NA,NA,NA,NA,NA,NA,NA,NA,NA,NA,NA,NA,NA,NA,NA,NA,NA,NA,NA,NA,NA,NA,NA,NA,NA,NA,NA,NA,NA,NA,NA,NA,NA,NA,NA,NA,NA,NA,NA,NA,NA,NA,NA
"Eli Heidenreich","RB","PIT",NA,NA,NA,NA,NA,NA,NA,NA,NA,NA,NA,NA,NA,NA,NA,"5081508","ESPN","17685","ESPN","RB",NA,NA,NA,NA,NA,NA,NA,NA,NA,NA,NA,NA,NA,NA,NA,NA,NA,NA,NA,NA,NA,NA,NA,NA,NA,NA,NA,NA,NA,NA,NA,NA,NA,NA,NA,NA,NA,NA,NA,NA,NA,NA,NA,NA,NA,NA,NA,NA,NA,NA,NA,NA,NA,NA,NA,NA,NA,NA,NA,NA,NA,NA
"Trey Benson","RB","ARI",NA,NA,NA,NA,NA,NA,NA,NA,NA,NA,NA,NA,NA,NA,NA,"4429275","ESPN","16594","ESPN","RB",NA,NA,NA,NA,NA,NA,NA,NA,NA,NA,NA,NA,NA,NA,NA,NA,NA,NA,NA,NA,NA,NA,NA,NA,NA,NA,NA,NA,NA,NA,NA,NA,NA,NA,NA,NA,NA,NA,NA,NA,NA,NA,NA,NA,NA,NA,NA,NA,NA,NA,NA,NA,NA,NA,NA,NA,NA,NA,NA,NA,NA,NA
"Riley Nowakowski","RB","PIT",NA,NA,NA,NA,NA,NA,NA,NA,NA,NA,NA,NA,NA,NA,NA,"4693370","ESPN","17648","ESPN","RB",NA,NA,NA,NA,NA,NA,NA,NA,NA,NA,NA,NA,NA,NA,NA,NA,NA,NA,NA,NA,NA,NA,NA,NA,NA,NA,NA,NA,NA,NA,NA,NA,NA,NA,NA,NA,NA,NA,NA,NA,NA,NA,NA,NA,NA,NA,NA,NA,NA,NA,NA,NA,NA,NA,NA,NA,NA,NA,NA,NA,NA,NA
"Ja'Marr Chase","WR","CIN",NA,NA,NA,NA,NA,NA,NA,NA,0,1,NA,0,NA,NA,NA,"4362628","ESPN","15281","ESPN","WR",11,8,90,NA,NA,1,NA,NA,NA,NA,NA,NA,NA,NA,NA,NA,NA,NA,NA,NA,NA,NA,NA,NA,NA,NA,NA,NA,NA,NA,NA,NA,NA,NA,NA,NA,NA,NA,NA,NA,NA,NA,NA,NA,NA,NA,NA,NA,NA,NA,NA,NA,NA,NA,NA,NA,NA,NA,NA,NA,NA,NA
"Puka Nacua","WR","LAR",NA,NA,NA,NA,NA,NA,NA,NA,1,5,NA,0,NA,NA,NA,"4426515","ESPN","16211","ESPN","WR",11,7,97,NA,NA,1,NA,NA,NA,NA,NA,NA,NA,NA,NA,NA,NA,NA,NA,NA,NA,NA,NA,NA,NA,NA,NA,NA,NA,NA,NA,NA,NA,NA,NA,NA,NA,NA,NA,NA,NA,NA,NA,NA,NA,NA,NA,NA,NA,NA,NA,NA,NA,NA,NA,NA,NA,NA,NA,NA,NA,NA
"Jaxon Smith-Njigba","WR","SEA",NA,NA,NA,NA,NA,NA,NA,NA,NA,NA,NA,NA,NA,NA,NA,"4430878","ESPN","16185","ESPN","WR",10,7,93,NA,NA,1,NA,NA,NA,NA,NA,NA,NA,NA,NA,NA,NA,NA,NA,NA,NA,NA,NA,NA,NA,NA,NA,NA,NA,NA,NA,NA,NA,NA,NA,NA,NA,NA,NA,NA,NA,NA,NA,NA,NA,NA,NA,NA,NA,NA,NA,NA,NA,NA,NA,NA,NA,NA,NA,NA,NA,NA
"Amon-Ra St. Brown","WR","DET",NA,NA,NA,NA,NA,NA,NA,NA,NA,NA,NA,NA,NA,NA,NA,"4374302","ESPN","15287","ESPN","WR",10,7,86,NA,NA,1,NA,NA,NA,NA,NA,NA,NA,NA,NA,NA,NA,NA,NA,NA,NA,NA,NA,NA,NA,NA,NA,NA,NA,NA,NA,NA,NA,NA,NA,NA,NA,NA,NA,NA,NA,NA,NA,NA,NA,NA,NA,NA,NA,NA,NA,NA,NA,NA,NA,NA,NA,NA,NA,NA,NA,NA
"CeeDee Lamb","WR","DAL",NA,NA,NA,NA,NA,NA,NA,NA,0,1,NA,0,NA,NA,NA,"4241389","ESPN","14832","ESPN","WR",9,7,82,NA,NA,1,NA,NA,NA,NA,NA,NA,NA,NA,NA,NA,NA,NA,NA,NA,NA,NA,NA,NA,NA,NA,NA,NA,NA,NA,NA,NA,NA,NA,NA,NA,NA,NA,NA,NA,NA,NA,NA,NA,NA,NA,NA,NA,NA,NA,NA,NA,NA,NA,NA,NA,NA,NA,NA,NA,NA,NA
"Justin Jefferson","WR","MIN",NA,NA,NA,NA,NA,NA,NA,NA,NA,NA,NA,NA,NA,NA,NA,"4262921","ESPN","14836","ESPN","WR",9,7,82,NA,NA,1,NA,NA,NA,NA,NA,NA,NA,NA,NA,NA,NA,NA,NA,NA,NA,NA,NA,NA,NA,NA,NA,NA,NA,NA,NA,NA,NA,NA,NA,NA,NA,NA,NA,NA,NA,NA,NA,NA,NA,NA,NA,NA,NA,NA,NA,NA,NA,NA,NA,NA,NA,NA,NA,NA,NA,NA
"Drake London","WR","ATL",NA,NA,NA,NA,NA,NA,NA,NA,0,2,NA,0,NA,NA,NA,"4426502","ESPN","15751","ESPN","WR",8,6,79,NA,NA,0,NA,NA,NA,NA,NA,NA,NA,NA,NA,NA,NA,NA,NA,NA,NA,NA,NA,NA,NA,NA,NA,NA,NA,NA,NA,NA,NA,NA,NA,NA,NA,NA,NA,NA,NA,NA,NA,NA,NA,NA,NA,NA,NA,NA,NA,NA,NA,NA,NA,NA,NA,NA,NA,NA,NA,NA
"A.J. Brown","WR","NE",NA,NA,NA,NA,NA,NA,NA,NA,NA,NA,NA,NA,NA,NA,NA,"4047646","ESPN","14104","ESPN","WR",NA,NA,NA,NA,NA,NA,NA,NA,NA,NA,NA,NA,NA,NA,NA,NA,NA,NA,NA,NA,NA,NA,NA,NA,NA,NA,NA,NA,NA,NA,NA,NA,NA,NA,NA,NA,NA,NA,NA,NA,NA,NA,NA,NA,NA,NA,NA,NA,NA,NA,NA,NA,NA,NA,NA,NA,NA,NA,NA,NA,NA,NA
"Nico Collins","WR","HOU",NA,NA,NA,NA,NA,NA,NA,NA,0,1,NA,0,NA,NA,NA,"4258173","ESPN","15290","ESPN","WR",8,6,74,NA,NA,0,NA,NA,NA,NA,NA,NA,NA,NA,NA,NA,NA,NA,NA,NA,NA,NA,NA,NA,NA,NA,NA,NA,NA,NA,NA,NA,NA,NA,NA,NA,NA,NA,NA,NA,NA,NA,NA,NA,NA,NA,NA,NA,NA,NA,NA,NA,NA,NA,NA,NA,NA,NA,NA,NA,NA,NA
"Chris Olave","WR","NO",NA,NA,NA,NA,NA,NA,NA,NA,NA,NA,NA,NA,NA,NA,NA,"4361370","ESPN","15754","ESPN","WR",9,6,80,NA,NA,0,NA,NA,NA,NA,NA,NA,NA,NA,NA,NA,NA,NA,NA,NA,NA,NA,NA,NA,NA,NA,NA,NA,NA,NA,NA,NA,NA,NA,NA,NA,NA,NA,NA,NA,NA,NA,NA,NA,NA,NA,NA,NA,NA,NA,NA,NA,NA,NA,NA,NA,NA,NA,NA,NA,NA,NA
"Rashee Rice","WR","KCC",NA,NA,NA,NA,NA,NA,NA,NA,NA,NA,NA,NA,NA,NA,NA,"4428331","ESPN","16194","ESPN","WR",NA,NA,NA,NA,NA,NA,NA,NA,NA,NA,NA,NA,NA,NA,NA,NA,NA,NA,NA,NA,NA,NA,NA,NA,NA,NA,NA,NA,NA,NA,NA,NA,NA,NA,NA,NA,NA,NA,NA,NA,NA,NA,NA,NA,NA,NA,NA,NA,NA,NA,NA,NA,NA,NA,NA,NA,NA,NA,NA,NA,NA,NA
"George Pickens","WR","DAL",NA,NA,NA,NA,NA,NA,NA,NA,NA,NA,NA,NA,NA,NA,NA,"4426354","ESPN","15762","ESPN","WR",7,5,61,NA,NA,0,NA,NA,NA,NA,NA,NA,NA,NA,NA,NA,NA,NA,NA,NA,NA,NA,NA,NA,NA,NA,NA,NA,NA,NA,NA,NA,NA,NA,NA,NA,NA,NA,NA,NA,NA,NA,NA,NA,NA,NA,NA,NA,NA,NA,NA,NA,NA,NA,NA,NA,NA,NA,NA,NA,NA,NA
"Garrett Wilson","WR","NYJ",NA,NA,NA,NA,NA,NA,NA,NA,NA,NA,NA,NA,NA,NA,NA,"4569618","ESPN","15753","ESPN","WR",8,6,68,NA,NA,0,NA,NA,NA,NA,NA,NA,NA,NA,NA,NA,NA,NA,NA,NA,NA,NA,NA,NA,NA,NA,NA,NA,NA,NA,NA,NA,NA,NA,NA,NA,NA,NA,NA,NA,NA,NA,NA,NA,NA,NA,NA,NA,NA,NA,NA,NA,NA,NA,NA,NA,NA,NA,NA,NA,NA,NA
"Malik Nabers","WR","NYG",NA,NA,NA,NA,NA,NA,NA,NA,NA,NA,NA,NA,NA,NA,NA,"4595348","ESPN","16615","ESPN","WR",8,5,63,NA,NA,0,NA,NA,NA,NA,NA,NA,NA,NA,NA,NA,NA,NA,NA,NA,NA,NA,NA,NA,NA,NA,NA,NA,NA,NA,NA,NA,NA,NA,NA,NA,NA,NA,NA,NA,NA,NA,NA,NA,NA,NA,NA,NA,NA,NA,NA,NA,NA,NA,NA,NA,NA,NA,NA,NA,NA,NA
"DeVonta Smith","WR","PHI",NA,NA,NA,NA,NA,NA,NA,NA,NA,NA,NA,NA,NA,NA,NA,"4241478","ESPN","15282","ESPN","WR",NA,NA,NA,NA,NA,NA,NA,NA,NA,NA,NA,NA,NA,NA,NA,NA,NA,NA,NA,NA,NA,NA,NA,NA,NA,NA,NA,NA,NA,NA,NA,NA,NA,NA,NA,NA,NA,NA,NA,NA,NA,NA,NA,NA,NA,NA,NA,NA,NA,NA,NA,NA,NA,NA,NA,NA,NA,NA,NA,NA,NA,NA
"Tetairoa McMillan","WR","CAR",NA,NA,NA,NA,NA,NA,NA,NA,NA,NA,NA,NA,NA,NA,NA,"4685472","ESPN","17071","ESPN","WR",NA,NA,NA,NA,NA,NA,NA,NA,NA,NA,NA,NA,NA,NA,NA,NA,NA,NA,NA,NA,NA,NA,NA,NA,NA,NA,NA,NA,NA,NA,NA,NA,NA,NA,NA,NA,NA,NA,NA,NA,NA,NA,NA,NA,NA,NA,NA,NA,NA,NA,NA,NA,NA,NA,NA,NA,NA,NA,NA,NA,NA,NA
"Zay Flowers","WR","BAL",NA,NA,NA,NA,NA,NA,NA,NA,1,3,NA,0,NA,NA,NA,"4429615","ESPN","16190","ESPN","WR",8,6,69,NA,NA,0,NA,NA,NA,NA,NA,NA,NA,NA,NA,NA,NA,NA,NA,NA,NA,NA,NA,NA,NA,NA,NA,NA,NA,NA,NA,NA,NA,NA,NA,NA,NA,NA,NA,NA,NA,NA,NA,NA,NA,NA,NA,NA,NA,NA,NA,NA,NA,NA,NA,NA,NA,NA,NA,NA,NA,NA
"Emeka Egbuka","WR","TB",NA,NA,NA,NA,NA,NA,NA,NA,0,1,NA,0,NA,NA,NA,"4567750","ESPN","17081","ESPN","WR",6,3,49,NA,NA,0,NA,NA,NA,NA,NA,NA,NA,NA,NA,NA,NA,NA,NA,NA,NA,NA,NA,NA,NA,NA,NA,NA,NA,NA,NA,NA,NA,NA,NA,NA,NA,NA,NA,NA,NA,NA,NA,NA,NA,NA,NA,NA,NA,NA,NA,NA,NA,NA,NA,NA,NA,NA,NA,NA,NA,NA
"Ladd McConkey","WR","LAC",NA,NA,NA,NA,NA,NA,NA,NA,NA,NA,NA,NA,NA,NA,NA,"4612826","ESPN","16627","ESPN","WR",6,4,51,NA,NA,0,NA,NA,NA,NA,NA,NA,NA,NA,NA,NA,NA,NA,NA,NA,NA,NA,NA,NA,NA,NA,NA,NA,NA,NA,NA,NA,NA,NA,NA,NA,NA,NA,NA,NA,NA,NA,NA,NA,NA,NA,NA,NA,NA,NA,NA,NA,NA,NA,NA,NA,NA,NA,NA,NA,NA,NA
"Tee Higgins","WR","CIN",NA,NA,NA,NA,NA,NA,NA,NA,NA,NA,NA,NA,NA,NA,NA,"4239993","ESPN","14835","ESPN","WR",7,5,66,NA,NA,0,NA,NA,NA,NA,NA,NA,NA,NA,NA,NA,NA,NA,NA,NA,NA,NA,NA,NA,NA,NA,NA,NA,NA,NA,NA,NA,NA,NA,NA,NA,NA,NA,NA,NA,NA,NA,NA,NA,NA,NA,NA,NA,NA,NA,NA,NA,NA,NA,NA,NA,NA,NA,NA,NA,NA,NA
"Davante Adams","WR","LAR",NA,NA,NA,NA,NA,NA,NA,NA,NA,NA,NA,NA,NA,NA,NA,"16800","ESPN","11675","ESPN","WR",8,4,73,NA,NA,1,NA,NA,NA,NA,NA,NA,NA,NA,NA,NA,NA,NA,NA,NA,NA,NA,NA,NA,NA,NA,NA,NA,NA,NA,NA,NA,NA,NA,NA,NA,NA,NA,NA,NA,NA,NA,NA,NA,NA,NA,NA,NA,NA,NA,NA,NA,NA,NA,NA,NA,NA,NA,NA,NA,NA,NA
"Jaylen Waddle","WR","DEN",NA,NA,NA,NA,NA,NA,NA,NA,0,1,NA,0,NA,NA,NA,"4372016","ESPN","15284","ESPN","WR",7,4,55,NA,NA,0,NA,NA,NA,NA,NA,NA,NA,NA,NA,NA,NA,NA,NA,NA,NA,NA,NA,NA,NA,NA,NA,NA,NA,NA,NA,NA,NA,NA,NA,NA,NA,NA,NA,NA,NA,NA,NA,NA,NA,NA,NA,NA,NA,NA,NA,NA,NA,NA,NA,NA,NA,NA,NA,NA,NA,NA
"Terry McLaurin","WR","WAS",NA,NA,NA,NA,NA,NA,NA,NA,NA,NA,NA,NA,NA,NA,NA,"3121422","ESPN","14109","ESPN","WR",7,4,62,NA,NA,0,NA,NA,NA,NA,NA,NA,NA,NA,NA,NA,NA,NA,NA,NA,NA,NA,NA,NA,NA,NA,NA,NA,NA,NA,NA,NA,NA,NA,NA,NA,NA,NA,NA,NA,NA,NA,NA,NA,NA,NA,NA,NA,NA,NA,NA,NA,NA,NA,NA,NA,NA,NA,NA,NA,NA,NA
"DJ Moore","WR","BUF",NA,NA,NA,NA,NA,NA,NA,NA,0,3,NA,0,NA,NA,NA,"3915416","ESPN","13635","ESPN","WR",7,4,61,NA,NA,0,NA,NA,NA,NA,NA,NA,NA,NA,NA,NA,NA,NA,NA,NA,NA,NA,NA,NA,NA,NA,NA,NA,NA,NA,NA,NA,NA,NA,NA,NA,NA,NA,NA,NA,NA,NA,NA,NA,NA,NA,NA,NA,NA,NA,NA,NA,NA,NA,NA,NA,NA,NA,NA,NA,NA,NA
"Jameson Williams","WR","DET",NA,NA,NA,NA,NA,NA,NA,NA,NA,NA,NA,NA,NA,NA,NA,"4426388","ESPN","15756","ESPN","WR",5,4,54,NA,NA,0,NA,NA,NA,NA,NA,NA,NA,NA,NA,NA,NA,NA,NA,NA,NA,NA,NA,NA,NA,NA,NA,NA,NA,NA,NA,NA,NA,NA,NA,NA,NA,NA,NA,NA,NA,NA,NA,NA,NA,NA,NA,NA,NA,NA,NA,NA,NA,NA,NA,NA,NA,NA,NA,NA,NA,NA
"Rome Odunze","WR","CHI",NA,NA,NA,NA,NA,NA,NA,NA,NA,NA,NA,NA,NA,NA,NA,"4431299","ESPN","16616","ESPN","WR",6,4,53,NA,NA,0,NA,NA,NA,NA,NA,NA,NA,NA,NA,NA,NA,NA,NA,NA,NA,NA,NA,NA,NA,NA,NA,NA,NA,NA,NA,NA,NA,NA,NA,NA,NA,NA,NA,NA,NA,NA,NA,NA,NA,NA,NA,NA,NA,NA,NA,NA,NA,NA,NA,NA,NA,NA,NA,NA,NA,NA
"Luther Burden III","WR","CHI",NA,NA,NA,NA,NA,NA,NA,NA,1,3,NA,0,NA,NA,NA,"4685278","ESPN","17070","ESPN","WR",7,5,55,NA,NA,0,NA,NA,NA,NA,NA,NA,NA,NA,NA,NA,NA,NA,NA,NA,NA,NA,NA,NA,NA,NA,NA,NA,NA,NA,NA,NA,NA,NA,NA,NA,NA,NA,NA,NA,NA,NA,NA,NA,NA,NA,NA,NA,NA,NA,NA,NA,NA,NA,NA,NA,NA,NA,NA,NA,NA,NA
"Carnell Tate","WR","TEN",NA,NA,NA,NA,NA,NA,NA,NA,NA,NA,NA,NA,NA,NA,NA,"4871023","ESPN","17497","ESPN","WR",8,5,71,NA,NA,0,NA,NA,NA,NA,NA,NA,NA,NA,NA,NA,NA,NA,NA,NA,NA,NA,NA,NA,NA,NA,NA,NA,NA,NA,NA,NA,NA,NA,NA,NA,NA,NA,NA,NA,NA,NA,NA,NA,NA,NA,NA,NA,NA,NA,NA,NA,NA,NA,NA,NA,NA,NA,NA,NA,NA,NA
"Mike Evans","WR","SF",NA,NA,NA,NA,NA,NA,NA,NA,NA,NA,NA,NA,NA,NA,NA,"16737","ESPN","11671","ESPN","WR",7,5,61,NA,NA,0,NA,NA,NA,NA,NA,NA,NA,NA,NA,NA,NA,NA,NA,NA,NA,NA,NA,NA,NA,NA,NA,NA,NA,NA,NA,NA,NA,NA,NA,NA,NA,NA,NA,NA,NA,NA,NA,NA,NA,NA,NA,NA,NA,NA,NA,NA,NA,NA,NA,NA,NA,NA,NA,NA,NA,NA
"Marvin Harrison Jr.","WR","ARI",NA,NA,NA,NA,NA,NA,NA,NA,NA,NA,NA,NA,NA,NA,NA,"4432708","ESPN","16614","ESPN","WR",4,2,29,NA,NA,0,NA,NA,NA,NA,NA,NA,NA,NA,NA,NA,NA,NA,NA,NA,NA,NA,NA,NA,NA,NA,NA,NA,NA,NA,NA,NA,NA,NA,NA,NA,NA,NA,NA,NA,NA,NA,NA,NA,NA,NA,NA,NA,NA,NA,NA,NA,NA,NA,NA,NA,NA,NA,NA,NA,NA,NA
"Michael Pittman Jr.","WR","PIT",NA,NA,NA,NA,NA,NA,NA,NA,NA,NA,NA,NA,NA,NA,NA,"4035687","ESPN","14842","ESPN","WR",5,4,36,NA,NA,0,NA,NA,NA,NA,NA,NA,NA,NA,NA,NA,NA,NA,NA,NA,NA,NA,NA,NA,NA,NA,NA,NA,NA,NA,NA,NA,NA,NA,NA,NA,NA,NA,NA,NA,NA,NA,NA,NA,NA,NA,NA,NA,NA,NA,NA,NA,NA,NA,NA,NA,NA,NA,NA,NA,NA,NA
"DK Metcalf","WR","PIT",NA,NA,NA,NA,NA,NA,NA,NA,NA,NA,NA,NA,NA,NA,NA,"4047650","ESPN","14102","ESPN","WR",7,4,59,NA,NA,0,NA,NA,NA,NA,NA,NA,NA,NA,NA,NA,NA,NA,NA,NA,NA,NA,NA,NA,NA,NA,NA,NA,NA,NA,NA,NA,NA,NA,NA,NA,NA,NA,NA,NA,NA,NA,NA,NA,NA,NA,NA,NA,NA,NA,NA,NA,NA,NA,NA,NA,NA,NA,NA,NA,NA,NA
"Courtland Sutton","WR","DEN",NA,NA,NA,NA,NA,NA,NA,NA,NA,NA,NA,NA,NA,NA,NA,"3128429","ESPN","13630","ESPN","WR",6,3,46,NA,NA,0,NA,NA,NA,NA,NA,NA,NA,NA,NA,NA,NA,NA,NA,NA,NA,NA,NA,NA,NA,NA,NA,NA,NA,NA,NA,NA,NA,NA,NA,NA,NA,NA,NA,NA,NA,NA,NA,NA,NA,NA,NA,NA,NA,NA,NA,NA,NA,NA,NA,NA,NA,NA,NA,NA,NA,NA
"Christian Watson","WR","GB",NA,NA,NA,NA,NA,NA,NA,NA,NA,NA,NA,NA,NA,NA,NA,"4248528","ESPN","15789","ESPN","WR",8,5,66,NA,NA,0,NA,NA,NA,NA,NA,NA,NA,NA,NA,NA,NA,NA,NA,NA,NA,NA,NA,NA,NA,NA,NA,NA,NA,NA,NA,NA,NA,NA,NA,NA,NA,NA,NA,NA,NA,NA,NA,NA,NA,NA,NA,NA,NA,NA,NA,NA,NA,NA,NA,NA,NA,NA,NA,NA,NA,NA
"Parker Washington","WR","JAC",NA,NA,NA,NA,NA,NA,NA,NA,0,1,NA,0,NA,NA,NA,"4432620","ESPN","16192","ESPN","WR",7,4,62,NA,NA,1,NA,NA,NA,NA,NA,NA,NA,NA,NA,NA,NA,NA,NA,NA,NA,NA,NA,NA,NA,NA,NA,NA,NA,NA,NA,NA,NA,NA,NA,NA,NA,NA,NA,NA,NA,NA,NA,NA,NA,NA,NA,NA,NA,NA,NA,NA,NA,NA,NA,NA,NA,NA,NA,NA,NA,NA
"Wan'Dale Robinson","WR","TEN",NA,NA,NA,NA,NA,NA,NA,NA,0,1,NA,0,NA,NA,NA,"4569587","ESPN","15757","ESPN","WR",6,4,40,NA,NA,0,NA,NA,NA,NA,NA,NA,NA,NA,NA,NA,NA,NA,NA,NA,NA,NA,NA,NA,NA,NA,NA,NA,NA,NA,NA,NA,NA,NA,NA,NA,NA,NA,NA,NA,NA,NA,NA,NA,NA,NA,NA,NA,NA,NA,NA,NA,NA,NA,NA,NA,NA,NA,NA,NA,NA,NA
"Michael Wilson","WR","ARI",NA,NA,NA,NA,NA,NA,NA,NA,NA,NA,NA,NA,NA,NA,NA,"4360761","ESPN","16206","ESPN","WR",9,6,74,NA,NA,1,NA,NA,NA,NA,NA,NA,NA,NA,NA,NA,NA,NA,NA,NA,NA,NA,NA,NA,NA,NA,NA,NA,NA,NA,NA,NA,NA,NA,NA,NA,NA,NA,NA,NA,NA,NA,NA,NA,NA,NA,NA,NA,NA,NA,NA,NA,NA,NA,NA,NA,NA,NA,NA,NA,NA,NA
"Stefon Diggs","WR","WAS",NA,NA,NA,NA,NA,NA,NA,NA,NA,NA,NA,NA,NA,NA,NA,"2976212","ESPN","12186","ESPN","WR",6,4,48,NA,NA,0,NA,NA,NA,NA,NA,NA,NA,NA,NA,NA,NA,NA,NA,NA,NA,NA,NA,NA,NA,NA,NA,NA,NA,NA,NA,NA,NA,NA,NA,NA,NA,NA,NA,NA,NA,NA,NA,NA,NA,NA,NA,NA,NA,NA,NA,NA,NA,NA,NA,NA,NA,NA,NA,NA,NA,NA
"Alec Pierce","WR","IND",NA,NA,NA,NA,NA,NA,NA,NA,NA,NA,NA,NA,NA,NA,NA,"4360078","ESPN","15768","ESPN","WR",NA,NA,NA,NA,NA,NA,NA,NA,NA,NA,NA,NA,NA,NA,NA,NA,NA,NA,NA,NA,NA,NA,NA,NA,NA,NA,NA,NA,NA,NA,NA,NA,NA,NA,NA,NA,NA,NA,NA,NA,NA,NA,NA,NA,NA,NA,NA,NA,NA,NA,NA,NA,NA,NA,NA,NA,NA,NA,NA,NA,NA,NA
"Jakobi Meyers","WR","JAC",NA,NA,NA,NA,NA,NA,NA,NA,0,1,NA,0,NA,NA,NA,"3916433","ESPN","14127","ESPN","WR",5,4,43,NA,NA,0,NA,NA,NA,NA,NA,NA,NA,NA,NA,NA,NA,NA,NA,NA,NA,NA,NA,NA,NA,NA,NA,NA,NA,NA,NA,NA,NA,NA,NA,NA,NA,NA,NA,NA,NA,NA,NA,NA,NA,NA,NA,NA,NA,NA,NA,NA,NA,NA,NA,NA,NA,NA,NA,NA,NA,NA
"Brian Thomas Jr.","WR","JAC",NA,NA,NA,NA,NA,NA,NA,NA,NA,NA,NA,NA,NA,NA,NA,"4432773","ESPN","16618","ESPN","WR",4,2,35,NA,NA,0,NA,NA,NA,NA,NA,NA,NA,NA,NA,NA,NA,NA,NA,NA,NA,NA,NA,NA,NA,NA,NA,NA,NA,NA,NA,NA,NA,NA,NA,NA,NA,NA,NA,NA,NA,NA,NA,NA,NA,NA,NA,NA,NA,NA,NA,NA,NA,NA,NA,NA,NA,NA,NA,NA,NA,NA
"Matthew Golden","WR","GB",NA,NA,NA,NA,NA,NA,NA,NA,0,1,NA,0,NA,NA,NA,"4701936","ESPN","17075","ESPN","WR",8,4,64,NA,NA,0,NA,NA,NA,NA,NA,NA,NA,NA,NA,NA,NA,NA,NA,NA,NA,NA,NA,NA,NA,NA,NA,NA,NA,NA,NA,NA,NA,NA,NA,NA,NA,NA,NA,NA,NA,NA,NA,NA,NA,NA,NA,NA,NA,NA,NA,NA,NA,NA,NA,NA,NA,NA,NA,NA,NA,NA
"Chris Godwin Jr.","WR","TB",NA,NA,NA,NA,NA,NA,NA,NA,0,2,NA,0,NA,NA,NA,"3116165","ESPN","13163","ESPN","WR",4,3,30,NA,NA,0,NA,NA,NA,NA,NA,NA,NA,NA,NA,NA,NA,NA,NA,NA,NA,NA,NA,NA,NA,NA,NA,NA,NA,NA,NA,NA,NA,NA,NA,NA,NA,NA,NA,NA,NA,NA,NA,NA,NA,NA,NA,NA,NA,NA,NA,NA,NA,NA,NA,NA,NA,NA,NA,NA,NA,NA
"Jordan Addison","WR","MIN",NA,NA,NA,NA,NA,NA,NA,NA,0,1,NA,0,NA,NA,NA,"4429205","ESPN","16186","ESPN","WR",6,4,54,NA,NA,0,NA,NA,NA,NA,NA,NA,NA,NA,NA,NA,NA,NA,NA,NA,NA,NA,NA,NA,NA,NA,NA,NA,NA,NA,NA,NA,NA,NA,NA,NA,NA,NA,NA,NA,NA,NA,NA,NA,NA,NA,NA,NA,NA,NA,NA,NA,NA,NA,NA,NA,NA,NA,NA,NA,NA,NA
"Josh Downs","WR","IND",NA,NA,NA,NA,NA,NA,NA,NA,NA,NA,NA,NA,NA,NA,NA,"4688813","ESPN","16187","ESPN","WR",7,5,58,NA,NA,0,NA,NA,NA,NA,NA,NA,NA,NA,NA,NA,NA,NA,NA,NA,NA,NA,NA,NA,NA,NA,NA,NA,NA,NA,NA,NA,NA,NA,NA,NA,NA,NA,NA,NA,NA,NA,NA,NA,NA,NA,NA,NA,NA,NA,NA,NA,NA,NA,NA,NA,NA,NA,NA,NA,NA,NA
"Khalil Shakir","WR","BUF",NA,NA,NA,NA,NA,NA,NA,NA,NA,NA,NA,NA,NA,NA,NA,"4373678","ESPN","15761","ESPN","WR",6,4,44,NA,NA,0,NA,NA,NA,NA,NA,NA,NA,NA,NA,NA,NA,NA,NA,NA,NA,NA,NA,NA,NA,NA,NA,NA,NA,NA,NA,NA,NA,NA,NA,NA,NA,NA,NA,NA,NA,NA,NA,NA,NA,NA,NA,NA,NA,NA,NA,NA,NA,NA,NA,NA,NA,NA,NA,NA,NA,NA
"Makai Lemon","WR","PHI",NA,NA,NA,NA,NA,NA,NA,NA,0,1,NA,0,NA,NA,NA,"4870795","ESPN","17499","ESPN","WR",6,4,51,NA,NA,0,NA,NA,NA,NA,NA,NA,NA,NA,NA,NA,NA,NA,NA,NA,NA,NA,NA,NA,NA,NA,NA,NA,NA,NA,NA,NA,NA,NA,NA,NA,NA,NA,NA,NA,NA,NA,NA,NA,NA,NA,NA,NA,NA,NA,NA,NA,NA,NA,NA,NA,NA,NA,NA,NA,NA,NA
"Quentin Johnston","WR","LAC",NA,NA,NA,NA,NA,NA,NA,NA,1,3,NA,0,NA,NA,NA,"4429025","ESPN","16188","ESPN","WR",4,2,36,NA,NA,0,NA,NA,NA,NA,NA,NA,NA,NA,NA,NA,NA,NA,NA,NA,NA,NA,NA,NA,NA,NA,NA,NA,NA,NA,NA,NA,NA,NA,NA,NA,NA,NA,NA,NA,NA,NA,NA,NA,NA,NA,NA,NA,NA,NA,NA,NA,NA,NA,NA,NA,NA,NA,NA,NA,NA,NA
"Jayden Reed","WR","GB",NA,NA,NA,NA,NA,NA,NA,NA,NA,NA,NA,NA,NA,NA,NA,"4362249","ESPN","16184","ESPN","WR",NA,NA,NA,NA,NA,NA,NA,NA,NA,NA,NA,NA,NA,NA,NA,NA,NA,NA,NA,NA,NA,NA,NA,NA,NA,NA,NA,NA,NA,NA,NA,NA,NA,NA,NA,NA,NA,NA,NA,NA,NA,NA,NA,NA,NA,NA,NA,NA,NA,NA,NA,NA,NA,NA,NA,NA,NA,NA,NA,NA,NA,NA
"De'Zhaun Stribling","WR","SF",NA,NA,NA,NA,NA,NA,NA,NA,NA,NA,NA,NA,NA,NA,NA,"4710714","ESPN","17514","ESPN","WR",NA,NA,NA,NA,NA,NA,NA,NA,NA,NA,NA,NA,NA,NA,NA,NA,NA,NA,NA,NA,NA,NA,NA,NA,NA,NA,NA,NA,NA,NA,NA,NA,NA,NA,NA,NA,NA,NA,NA,NA,NA,NA,NA,NA,NA,NA,NA,NA,NA,NA,NA,NA,NA,NA,NA,NA,NA,NA,NA,NA,NA,NA
"Xavier Worthy","WR","KCC",NA,NA,NA,NA,NA,NA,NA,NA,NA,NA,NA,NA,NA,NA,NA,"4683062","ESPN","16620","ESPN","WR",NA,NA,NA,NA,NA,NA,NA,NA,NA,NA,NA,NA,NA,NA,NA,NA,NA,NA,NA,NA,NA,NA,NA,NA,NA,NA,NA,NA,NA,NA,NA,NA,NA,NA,NA,NA,NA,NA,NA,NA,NA,NA,NA,NA,NA,NA,NA,NA,NA,NA,NA,NA,NA,NA,NA,NA,NA,NA,NA,NA,NA,NA
"Romeo Doubs","WR","NE",NA,NA,NA,NA,NA,NA,NA,NA,NA,NA,NA,NA,NA,NA,NA,"4361432","ESPN","15779","ESPN","WR",6,4,57,NA,NA,0,NA,NA,NA,NA,NA,NA,NA,NA,NA,NA,NA,NA,NA,NA,NA,NA,NA,NA,NA,NA,NA,NA,NA,NA,NA,NA,NA,NA,NA,NA,NA,NA,NA,NA,NA,NA,NA,NA,NA,NA,NA,NA,NA,NA,NA,NA,NA,NA,NA,NA,NA,NA,NA,NA,NA,NA
"Jalen Coker","WR","CAR",NA,NA,NA,NA,NA,NA,NA,NA,NA,NA,NA,NA,NA,NA,NA,"4695883","ESPN","16809","ESPN","WR",NA,NA,NA,NA,NA,NA,NA,NA,NA,NA,NA,NA,NA,NA,NA,NA,NA,NA,NA,NA,NA,NA,NA,NA,NA,NA,NA,NA,NA,NA,NA,NA,NA,NA,NA,NA,NA,NA,NA,NA,NA,NA,NA,NA,NA,NA,NA,NA,NA,NA,NA,NA,NA,NA,NA,NA,NA,NA,NA,NA,NA,NA
"Deebo Samuel Sr.","WR","SF",NA,NA,NA,NA,NA,NA,NA,NA,2,10,NA,0,NA,NA,NA,"3126486","ESPN","14136","ESPN","WR",5,4,43,NA,NA,0,NA,NA,NA,NA,NA,NA,NA,NA,NA,NA,NA,NA,NA,NA,NA,NA,NA,NA,NA,NA,NA,NA,NA,NA,NA,NA,NA,NA,NA,NA,NA,NA,NA,NA,NA,NA,NA,NA,NA,NA,NA,NA,NA,NA,NA,NA,NA,NA,NA,NA,NA,NA,NA,NA,NA,NA
"KC Concepcion","WR","CLE",NA,NA,NA,NA,NA,NA,NA,NA,1,4,NA,0,NA,NA,NA,"4870653","ESPN","17501","ESPN","WR",7,4,47,NA,NA,0,NA,NA,NA,NA,NA,NA,NA,NA,NA,NA,NA,NA,NA,NA,NA,NA,NA,NA,NA,NA,NA,NA,NA,NA,NA,NA,NA,NA,NA,NA,NA,NA,NA,NA,NA,NA,NA,NA,NA,NA,NA,NA,NA,NA,NA,NA,NA,NA,NA,NA,NA,NA,NA,NA,NA,NA
"Jalen McMillan","WR","TB",NA,NA,NA,NA,NA,NA,NA,NA,NA,NA,NA,NA,NA,NA,NA,"4430834","ESPN","16628","ESPN","WR",NA,NA,NA,NA,NA,NA,NA,NA,NA,NA,NA,NA,NA,NA,NA,NA,NA,NA,NA,NA,NA,NA,NA,NA,NA,NA,NA,NA,NA,NA,NA,NA,NA,NA,NA,NA,NA,NA,NA,NA,NA,NA,NA,NA,NA,NA,NA,NA,NA,NA,NA,NA,NA,NA,NA,NA,NA,NA,NA,NA,NA,NA
"Tank Dell","WR","HOU",NA,NA,NA,NA,NA,NA,NA,NA,NA,NA,NA,NA,NA,NA,NA,"4366031","ESPN","16204","ESPN","WR",NA,NA,NA,NA,NA,NA,NA,NA,NA,NA,NA,NA,NA,NA,NA,NA,NA,NA,NA,NA,NA,NA,NA,NA,NA,NA,NA,NA,NA,NA,NA,NA,NA,NA,NA,NA,NA,NA,NA,NA,NA,NA,NA,NA,NA,NA,NA,NA,NA,NA,NA,NA,NA,NA,NA,NA,NA,NA,NA,NA,NA,NA
"Travis Hunter","WR","JAC",NA,NA,NA,NA,NA,NA,NA,NA,NA,NA,NA,NA,NA,NA,NA,"4685415","ESPN","17074","ESPN","WR",NA,NA,NA,NA,NA,NA,NA,NA,NA,NA,NA,NA,NA,NA,NA,NA,NA,NA,NA,NA,0,NA,0,3,0,NA,NA,NA,NA,NA,NA,NA,NA,0,NA,NA,NA,NA,NA,NA,NA,NA,NA,NA,NA,NA,NA,NA,NA,NA,NA,NA,NA,NA,NA,NA,NA,NA,NA,NA,NA,NA
"Keenan Allen","WR","IND",NA,NA,NA,NA,NA,NA,NA,NA,NA,NA,NA,NA,NA,NA,NA,"15818","ESPN","11222","ESPN","WR",6,4,44,NA,NA,0,NA,NA,NA,NA,NA,NA,NA,NA,NA,NA,NA,NA,NA,NA,NA,NA,NA,NA,NA,NA,NA,NA,NA,NA,NA,NA,NA,NA,NA,NA,NA,NA,NA,NA,NA,NA,NA,NA,NA,NA,NA,NA,NA,NA,NA,NA,NA,NA,NA,NA,NA,NA,NA,NA,NA,NA
"Rashid Shaheed","WR","SEA",NA,NA,NA,NA,NA,NA,NA,NA,1,8,NA,0,NA,NA,NA,"4032473","ESPN","16080","ESPN","WR",5,3,42,NA,NA,0,NA,NA,NA,NA,NA,NA,NA,NA,NA,NA,NA,NA,NA,NA,NA,NA,NA,NA,NA,NA,NA,NA,NA,NA,NA,NA,NA,NA,NA,NA,NA,NA,NA,NA,NA,NA,NA,NA,NA,NA,NA,NA,NA,NA,NA,NA,NA,NA,NA,NA,NA,NA,NA,NA,NA,NA
"Denzel Boston","WR","CLE",NA,NA,NA,NA,NA,NA,NA,NA,NA,NA,NA,NA,NA,NA,NA,"4832800","ESPN","17500","ESPN","WR",7,4,56,NA,NA,0,NA,NA,NA,NA,NA,NA,NA,NA,NA,NA,NA,NA,NA,NA,NA,NA,NA,NA,NA,NA,NA,NA,NA,NA,NA,NA,NA,NA,NA,NA,NA,NA,NA,NA,NA,NA,NA,NA,NA,NA,NA,NA,NA,NA,NA,NA,NA,NA,NA,NA,NA,NA,NA,NA,NA,NA
"Jerry Jeudy","WR","CLE",NA,NA,NA,NA,NA,NA,NA,NA,NA,NA,NA,NA,NA,NA,NA,"4241463","ESPN","14833","ESPN","WR",3,2,22,NA,NA,0,NA,NA,NA,NA,NA,NA,NA,NA,NA,NA,NA,NA,NA,NA,NA,NA,NA,NA,NA,NA,NA,NA,NA,NA,NA,NA,NA,NA,NA,NA,NA,NA,NA,NA,NA,NA,NA,NA,NA,NA,NA,NA,NA,NA,NA,NA,NA,NA,NA,NA,NA,NA,NA,NA,NA,NA
"Calvin Ridley","WR","TEN",NA,NA,NA,NA,NA,NA,NA,NA,NA,NA,NA,NA,NA,NA,NA,"3925357","ESPN","13629","ESPN","WR",2,1,14,NA,NA,0,NA,NA,NA,NA,NA,NA,NA,NA,NA,NA,NA,NA,NA,NA,NA,NA,NA,NA,NA,NA,NA,NA,NA,NA,NA,NA,NA,NA,NA,NA,NA,NA,NA,NA,NA,NA,NA,NA,NA,NA,NA,NA,NA,NA,NA,NA,NA,NA,NA,NA,NA,NA,NA,NA,NA,NA
"Adonai Mitchell","WR","NYJ",NA,NA,NA,NA,NA,NA,NA,NA,NA,NA,NA,NA,NA,NA,NA,"4597500","ESPN","16626","ESPN","WR",NA,NA,NA,NA,NA,NA,NA,NA,NA,NA,NA,NA,NA,NA,NA,NA,NA,NA,NA,NA,NA,NA,NA,NA,NA,NA,NA,NA,NA,NA,NA,NA,NA,NA,NA,NA,NA,NA,NA,NA,NA,NA,NA,NA,NA,NA,NA,NA,NA,NA,NA,NA,NA,NA,NA,NA,NA,NA,NA,NA,NA,NA
"Caleb Douglas","WR","MIA",NA,NA,NA,NA,NA,NA,NA,NA,NA,NA,NA,NA,NA,NA,NA,"4869645","ESPN","17599","ESPN","WR",NA,NA,NA,NA,NA,NA,NA,NA,NA,NA,NA,NA,NA,NA,NA,NA,NA,NA,NA,NA,NA,NA,NA,NA,NA,NA,NA,NA,NA,NA,NA,NA,NA,NA,NA,NA,NA,NA,NA,NA,NA,NA,NA,NA,NA,NA,NA,NA,NA,NA,NA,NA,NA,NA,NA,NA,NA,NA,NA,NA,NA,NA
"Jordyn Tyson","WR","NO",NA,NA,NA,NA,NA,NA,NA,NA,NA,NA,NA,NA,NA,NA,NA,"4880281","ESPN","17498","ESPN","WR",NA,NA,NA,NA,NA,NA,NA,NA,NA,NA,NA,NA,NA,NA,NA,NA,NA,NA,NA,NA,NA,NA,NA,NA,NA,NA,NA,NA,NA,NA,NA,NA,NA,NA,NA,NA,NA,NA,NA,NA,NA,NA,NA,NA,NA,NA,NA,NA,NA,NA,NA,NA,NA,NA,NA,NA,NA,NA,NA,NA,NA,NA
"Tre Tucker","WR","LV",NA,NA,NA,NA,NA,NA,NA,NA,NA,NA,NA,NA,NA,NA,NA,"4428718","ESPN","16287","ESPN","WR",5,3,45,NA,NA,0,NA,NA,NA,NA,NA,NA,NA,NA,NA,NA,NA,NA,NA,NA,NA,NA,NA,NA,NA,NA,NA,NA,NA,NA,NA,NA,NA,NA,NA,NA,NA,NA,NA,NA,NA,NA,NA,NA,NA,NA,NA,NA,NA,NA,NA,NA,NA,NA,NA,NA,NA,NA,NA,NA,NA,NA
"Jalen Nailor","WR","LV",NA,NA,NA,NA,NA,NA,NA,NA,NA,NA,NA,NA,NA,NA,NA,"4382466","ESPN","15786","ESPN","WR",3,2,27,NA,NA,0,NA,NA,NA,NA,NA,NA,NA,NA,NA,NA,NA,NA,NA,NA,NA,NA,NA,NA,NA,NA,NA,NA,NA,NA,NA,NA,NA,NA,NA,NA,NA,NA,NA,NA,NA,NA,NA,NA,NA,NA,NA,NA,NA,NA,NA,NA,NA,NA,NA,NA,NA,NA,NA,NA,NA,NA
"Rashod Bateman","WR","BAL",NA,NA,NA,NA,NA,NA,NA,NA,NA,NA,NA,NA,NA,NA,NA,"4360939","ESPN","15293","ESPN","WR",4,2,26,NA,NA,0,NA,NA,NA,NA,NA,NA,NA,NA,NA,NA,NA,NA,NA,NA,NA,NA,NA,NA,NA,NA,NA,NA,NA,NA,NA,NA,NA,NA,NA,NA,NA,NA,NA,NA,NA,NA,NA,NA,NA,NA,NA,NA,NA,NA,NA,NA,NA,NA,NA,NA,NA,NA,NA,NA,NA,NA
"Dontayvion Wicks","WR","PHI",NA,NA,NA,NA,NA,NA,NA,NA,NA,NA,NA,NA,NA,NA,NA,"4428850","ESPN","16195","ESPN","WR",6,4,52,NA,NA,0,NA,NA,NA,NA,NA,NA,NA,NA,NA,NA,NA,NA,NA,NA,NA,NA,NA,NA,NA,NA,NA,NA,NA,NA,NA,NA,NA,NA,NA,NA,NA,NA,NA,NA,NA,NA,NA,NA,NA,NA,NA,NA,NA,NA,NA,NA,NA,NA,NA,NA,NA,NA,NA,NA,NA,NA
"Devaughn Vele","WR","NO",NA,NA,NA,NA,NA,NA,NA,NA,NA,NA,NA,NA,NA,NA,NA,"4569559","ESPN","16788","ESPN","WR",6,4,43,NA,NA,0,NA,NA,NA,NA,NA,NA,NA,NA,NA,NA,NA,NA,NA,NA,NA,NA,NA,NA,NA,NA,NA,NA,NA,NA,NA,NA,NA,NA,NA,NA,NA,NA,NA,NA,NA,NA,NA,NA,NA,NA,NA,NA,NA,NA,NA,NA,NA,NA,NA,NA,NA,NA,NA,NA,NA,NA
"Jaylin Noel","WR","HOU",NA,NA,NA,NA,NA,NA,NA,NA,1,5,NA,0,NA,NA,NA,"4586312","ESPN","17080","ESPN","WR",3,2,22,NA,NA,0,NA,NA,NA,NA,NA,NA,NA,NA,NA,NA,NA,NA,NA,NA,NA,NA,NA,NA,NA,NA,NA,NA,NA,NA,NA,NA,NA,NA,NA,NA,NA,NA,NA,NA,NA,NA,NA,NA,NA,NA,NA,NA,NA,NA,NA,NA,NA,NA,NA,NA,NA,NA,NA,NA,NA,NA
"Ja'Kobi Lane","WR","BAL",NA,NA,NA,NA,NA,NA,NA,NA,NA,NA,NA,NA,NA,NA,NA,"4870847","ESPN","17517","ESPN","WR",NA,NA,NA,NA,NA,NA,NA,NA,NA,NA,NA,NA,NA,NA,NA,NA,NA,NA,NA,NA,NA,NA,NA,NA,NA,NA,NA,NA,NA,NA,NA,NA,NA,NA,NA,NA,NA,NA,NA,NA,NA,NA,NA,NA,NA,NA,NA,NA,NA,NA,NA,NA,NA,NA,NA,NA,NA,NA,NA,NA,NA,NA
"Jauan Jennings","WR","MIN",NA,NA,NA,NA,NA,NA,NA,NA,NA,NA,NA,NA,NA,NA,NA,"3886598","ESPN","14860","ESPN","WR",2,1,10,NA,NA,0,NA,NA,NA,NA,NA,NA,NA,NA,NA,NA,NA,NA,NA,NA,NA,NA,NA,NA,NA,NA,NA,NA,NA,NA,NA,NA,NA,NA,NA,NA,NA,NA,NA,NA,NA,NA,NA,NA,NA,NA,NA,NA,NA,NA,NA,NA,NA,NA,NA,NA,NA,NA,NA,NA,NA,NA
"Malachi Fields","WR","NYG",NA,NA,NA,NA,NA,NA,NA,NA,NA,NA,NA,NA,NA,NA,NA,"4682648","ESPN","17511","ESPN","WR",5,3,38,NA,NA,0,NA,NA,NA,NA,NA,NA,NA,NA,NA,NA,NA,NA,NA,NA,NA,NA,NA,NA,NA,NA,NA,NA,NA,NA,NA,NA,NA,NA,NA,NA,NA,NA,NA,NA,NA,NA,NA,NA,NA,NA,NA,NA,NA,NA,NA,NA,NA,NA,NA,NA,NA,NA,NA,NA,NA,NA
"Germie Bernard","WR","PIT",NA,NA,NA,NA,NA,NA,NA,NA,NA,NA,NA,NA,NA,NA,NA,"4685261","ESPN","17503","ESPN","WR",1,1,7,NA,NA,0,NA,NA,NA,NA,NA,NA,NA,NA,NA,NA,NA,NA,NA,NA,NA,NA,NA,NA,NA,NA,NA,NA,NA,NA,NA,NA,NA,NA,NA,NA,NA,NA,NA,NA,NA,NA,NA,NA,NA,NA,NA,NA,NA,NA,NA,NA,NA,NA,NA,NA,NA,NA,NA,NA,NA,NA
"Tre' Harris","WR","LAC",NA,NA,NA,NA,NA,NA,NA,NA,NA,NA,NA,NA,NA,NA,NA,"4686612","ESPN","17072","ESPN","WR",4,3,37,NA,NA,0,NA,NA,NA,NA,NA,NA,NA,NA,NA,NA,NA,NA,NA,NA,NA,NA,NA,NA,NA,NA,NA,NA,NA,NA,NA,NA,NA,NA,NA,NA,NA,NA,NA,NA,NA,NA,NA,NA,NA,NA,NA,NA,NA,NA,NA,NA,NA,NA,NA,NA,NA,NA,NA,NA,NA,NA
"Ryan Flournoy","WR","DAL",NA,NA,NA,NA,NA,NA,NA,NA,NA,NA,NA,NA,NA,NA,NA,"5083754","ESPN","16778","ESPN","WR",5,3,37,NA,NA,0,NA,NA,NA,NA,NA,NA,NA,NA,NA,NA,NA,NA,NA,NA,NA,NA,NA,NA,NA,NA,NA,NA,NA,NA,NA,NA,NA,NA,NA,NA,NA,NA,NA,NA,NA,NA,NA,NA,NA,NA,NA,NA,NA,NA,NA,NA,NA,NA,NA,NA,NA,NA,NA,NA,NA,NA
"Zachariah Branch","WR","ATL",NA,NA,NA,NA,NA,NA,NA,NA,NA,NA,NA,NA,NA,NA,NA,"4870612","ESPN","17507","ESPN","WR",2,1,14,NA,NA,0,NA,NA,NA,NA,NA,NA,NA,NA,NA,NA,NA,NA,NA,NA,NA,NA,NA,NA,NA,NA,NA,NA,NA,NA,NA,NA,NA,NA,NA,NA,NA,NA,NA,NA,NA,NA,NA,NA,NA,NA,NA,NA,NA,NA,NA,NA,NA,NA,NA,NA,NA,NA,NA,NA,NA,NA
"Omar Cooper Jr.","WR","NYJ",NA,NA,NA,NA,NA,NA,NA,NA,NA,NA,NA,NA,NA,NA,NA,"4723820","ESPN","17502","ESPN","WR",NA,NA,NA,NA,NA,NA,NA,NA,NA,NA,NA,NA,NA,NA,NA,NA,NA,NA,NA,NA,NA,NA,NA,NA,NA,NA,NA,NA,NA,NA,NA,NA,NA,NA,NA,NA,NA,NA,NA,NA,NA,NA,NA,NA,NA,NA,NA,NA,NA,NA,NA,NA,NA,NA,NA,NA,NA,NA,NA,NA,NA,NA
"Kayshon Boutte","WR","HOU",NA,NA,NA,NA,NA,NA,NA,NA,NA,NA,NA,NA,NA,NA,NA,"4429022","ESPN","16193","ESPN","WR",3,2,23,NA,NA,0,NA,NA,NA,NA,NA,NA,NA,NA,NA,NA,NA,NA,NA,NA,NA,NA,NA,NA,NA,NA,NA,NA,NA,NA,NA,NA,NA,NA,NA,NA,NA,NA,NA,NA,NA,NA,NA,NA,NA,NA,NA,NA,NA,NA,NA,NA,NA,NA,NA,NA,NA,NA,NA,NA,NA,NA
"Malik Washington","WR","MIA",NA,NA,NA,NA,NA,NA,NA,NA,2,8,NA,0,NA,NA,NA,"4569603","ESPN","16684","ESPN","WR",6,4,51,NA,NA,0,NA,NA,NA,NA,NA,NA,NA,NA,NA,NA,NA,NA,NA,NA,NA,NA,NA,NA,NA,NA,NA,NA,NA,NA,NA,NA,NA,NA,NA,NA,NA,NA,NA,NA,NA,NA,NA,NA,NA,NA,NA,NA,NA,NA,NA,NA,NA,NA,NA,NA,NA,NA,NA,NA,NA,NA
"Cooper Kupp","WR","SEA",NA,NA,NA,NA,NA,NA,NA,NA,NA,NA,NA,NA,NA,NA,NA,"2977187","ESPN","13164","ESPN","WR",3,2,27,NA,NA,0,NA,NA,NA,NA,NA,NA,NA,NA,NA,NA,NA,NA,NA,NA,NA,NA,NA,NA,NA,NA,NA,NA,NA,NA,NA,NA,NA,NA,NA,NA,NA,NA,NA,NA,NA,NA,NA,NA,NA,NA,NA,NA,NA,NA,NA,NA,NA,NA,NA,NA,NA,NA,NA,NA,NA,NA
"Xavier Legette","WR","CAR",NA,NA,NA,NA,NA,NA,NA,NA,NA,NA,NA,NA,NA,NA,NA,"4430034","ESPN","16639","ESPN","WR",NA,NA,NA,NA,NA,NA,NA,NA,NA,NA,NA,NA,NA,NA,NA,NA,NA,NA,NA,NA,NA,NA,NA,NA,NA,NA,NA,NA,NA,NA,NA,NA,NA,NA,NA,NA,NA,NA,NA,NA,NA,NA,NA,NA,NA,NA,NA,NA,NA,NA,NA,NA,NA,NA,NA,NA,NA,NA,NA,NA,NA,NA
"Jahan Dotson","WR","ATL",NA,NA,NA,NA,NA,NA,NA,NA,NA,NA,NA,NA,NA,NA,NA,"4361409","ESPN","15755","ESPN","WR",4,2,32,NA,NA,0,NA,NA,NA,NA,NA,NA,NA,NA,NA,NA,NA,NA,NA,NA,NA,NA,NA,NA,NA,NA,NA,NA,NA,NA,NA,NA,NA,NA,NA,NA,NA,NA,NA,NA,NA,NA,NA,NA,NA,NA,NA,NA,NA,NA,NA,NA,NA,NA,NA,NA,NA,NA,NA,NA,NA,NA
"Xavier Hutchinson","WR","HOU",NA,NA,NA,NA,NA,NA,NA,NA,0,1,NA,0,NA,NA,NA,"4686422","ESPN","16201","ESPN","WR",5,3,43,NA,NA,0,NA,NA,NA,NA,NA,NA,NA,NA,NA,NA,NA,NA,NA,NA,NA,NA,NA,NA,NA,NA,NA,NA,NA,NA,NA,NA,NA,NA,NA,NA,NA,NA,NA,NA,NA,NA,NA,NA,NA,NA,NA,NA,NA,NA,NA,NA,NA,NA,NA,NA,NA,NA,NA,NA,NA,NA
"Jalen Tolbert","WR","MIA",NA,NA,NA,NA,NA,NA,NA,NA,NA,NA,NA,NA,NA,NA,NA,"4249417","ESPN","15788","ESPN","WR",2,1,12,NA,NA,0,NA,NA,NA,NA,NA,NA,NA,NA,NA,NA,NA,NA,NA,NA,NA,NA,NA,NA,NA,NA,NA,NA,NA,NA,NA,NA,NA,NA,NA,NA,NA,NA,NA,NA,NA,NA,NA,NA,NA,NA,NA,NA,NA,NA,NA,NA,NA,NA,NA,NA,NA,NA,NA,NA,NA,NA
"Chris Bell","WR","MIA",NA,NA,NA,NA,NA,NA,NA,NA,NA,NA,NA,NA,NA,NA,NA,"4869961","ESPN","17506","ESPN","WR",6,3,48,NA,NA,0,NA,NA,NA,NA,NA,NA,NA,NA,NA,NA,NA,NA,NA,NA,NA,NA,NA,NA,NA,NA,NA,NA,NA,NA,NA,NA,NA,NA,NA,NA,NA,NA,NA,NA,NA,NA,NA,NA,NA,NA,NA,NA,NA,NA,NA,NA,NA,NA,NA,NA,NA,NA,NA,NA,NA,NA
"DeMario Douglas","WR","NE",NA,NA,NA,NA,NA,NA,NA,NA,NA,NA,NA,NA,NA,NA,NA,"4427095","ESPN","16342","ESPN","WR",4,3,39,NA,NA,0,NA,NA,NA,NA,NA,NA,NA,NA,NA,NA,NA,NA,NA,NA,NA,NA,NA,NA,NA,NA,NA,NA,NA,NA,NA,NA,NA,NA,NA,NA,NA,NA,NA,NA,NA,NA,NA,NA,NA,NA,NA,NA,NA,NA,NA,NA,NA,NA,NA,NA,NA,NA,NA,NA,NA,NA
"Antonio Williams","WR","WAS",NA,NA,NA,NA,NA,NA,NA,NA,NA,NA,NA,NA,NA,NA,NA,"5081432","ESPN","17512","ESPN","WR",3,2,27,NA,NA,0,NA,NA,NA,NA,NA,NA,NA,NA,NA,NA,NA,NA,NA,NA,NA,NA,NA,NA,NA,NA,NA,NA,NA,NA,NA,NA,NA,NA,NA,NA,NA,NA,NA,NA,NA,NA,NA,NA,NA,NA,NA,NA,NA,NA,NA,NA,NA,NA,NA,NA,NA,NA,NA,NA,NA,NA
"Tyquan Thornton","WR","KCC",NA,NA,NA,NA,NA,NA,NA,NA,NA,NA,NA,NA,NA,NA,NA,"4362921","ESPN","15787","ESPN","WR",NA,NA,NA,NA,NA,NA,NA,NA,NA,NA,NA,NA,NA,NA,NA,NA,NA,NA,NA,NA,NA,NA,NA,NA,NA,NA,NA,NA,NA,NA,NA,NA,NA,NA,NA,NA,NA,NA,NA,NA,NA,NA,NA,NA,NA,NA,NA,NA,NA,NA,NA,NA,NA,NA,NA,NA,NA,NA,NA,NA,NA,NA
"Keon Coleman","WR","BUF",NA,NA,NA,NA,NA,NA,NA,NA,NA,NA,NA,NA,NA,NA,NA,"4635008","ESPN","16617","ESPN","WR",4,3,35,NA,NA,0,NA,NA,NA,NA,NA,NA,NA,NA,NA,NA,NA,NA,NA,NA,NA,NA,NA,NA,NA,NA,NA,NA,NA,NA,NA,NA,NA,NA,NA,NA,NA,NA,NA,NA,NA,NA,NA,NA,NA,NA,NA,NA,NA,NA,NA,NA,NA,NA,NA,NA,NA,NA,NA,NA,NA,NA
"Isaac TeSlaa","WR","DET",NA,NA,NA,NA,NA,NA,NA,NA,NA,NA,NA,NA,NA,NA,NA,"5123663","ESPN","17157","ESPN","WR",4,2,34,NA,NA,0,NA,NA,NA,NA,NA,NA,NA,NA,NA,NA,NA,NA,NA,NA,NA,NA,NA,NA,NA,NA,NA,NA,NA,NA,NA,NA,NA,NA,NA,NA,NA,NA,NA,NA,NA,NA,NA,NA,NA,NA,NA,NA,NA,NA,NA,NA,NA,NA,NA,NA,NA,NA,NA,NA,NA,NA
"Pat Bryant","WR","DEN",NA,NA,NA,NA,NA,NA,NA,NA,NA,NA,NA,NA,NA,NA,NA,"4600981","ESPN","17082","ESPN","WR",NA,NA,NA,NA,NA,NA,NA,NA,NA,NA,NA,NA,NA,NA,NA,NA,NA,NA,NA,NA,NA,NA,NA,NA,NA,NA,NA,NA,NA,NA,NA,NA,NA,NA,NA,NA,NA,NA,NA,NA,NA,NA,NA,NA,NA,NA,NA,NA,NA,NA,NA,NA,NA,NA,NA,NA,NA,NA,NA,NA,NA,NA
"Marvin Mims Jr.","WR","DEN",NA,NA,NA,NA,NA,NA,NA,NA,0,2,NA,0,NA,NA,NA,"4686472","ESPN","16189","ESPN","WR",2,2,20,NA,NA,0,NA,NA,NA,NA,NA,NA,NA,NA,NA,NA,NA,NA,NA,NA,NA,NA,NA,NA,NA,NA,NA,NA,NA,NA,NA,NA,NA,NA,NA,NA,NA,NA,NA,NA,NA,NA,NA,NA,NA,NA,NA,NA,NA,NA,NA,NA,NA,NA,NA,NA,NA,NA,NA,NA,NA,NA
"Andrei Iosivas","WR","CIN",NA,NA,NA,NA,NA,NA,NA,NA,NA,NA,NA,NA,NA,NA,NA,"4368003","ESPN","16207","ESPN","WR",NA,NA,NA,NA,NA,NA,NA,NA,NA,NA,NA,NA,NA,NA,NA,NA,NA,NA,NA,NA,NA,NA,NA,NA,NA,NA,NA,NA,NA,NA,NA,NA,NA,NA,NA,NA,NA,NA,NA,NA,NA,NA,NA,NA,NA,NA,NA,NA,NA,NA,NA,NA,NA,NA,NA,NA,NA,NA,NA,NA,NA,NA
"Kevin Coleman Jr.","WR","MIA",NA,NA,NA,NA,NA,NA,NA,NA,NA,NA,NA,NA,NA,NA,NA,"4685307","ESPN","17528","ESPN","WR",4,3,36,NA,NA,0,NA,NA,NA,NA,NA,NA,NA,NA,NA,NA,NA,NA,NA,NA,NA,NA,NA,NA,NA,NA,NA,NA,NA,NA,NA,NA,NA,NA,NA,NA,NA,NA,NA,NA,NA,NA,NA,NA,NA,NA,NA,NA,NA,NA,NA,NA,NA,NA,NA,NA,NA,NA,NA,NA,NA,NA
"KaVontae Turpin","WR","DAL",NA,NA,NA,NA,NA,NA,NA,NA,1,3,NA,0,NA,NA,NA,"3676833","ESPN","15981","ESPN","WR",1,0,5,NA,NA,0,NA,NA,NA,NA,NA,NA,NA,NA,NA,NA,NA,NA,NA,NA,NA,NA,NA,NA,NA,NA,NA,NA,NA,NA,NA,NA,NA,NA,NA,NA,NA,NA,NA,NA,NA,NA,NA,NA,NA,NA,NA,NA,NA,NA,NA,NA,NA,NA,NA,NA,NA,NA,NA,NA,NA,NA
"Jack Bech","WR","LV",NA,NA,NA,NA,NA,NA,NA,NA,NA,NA,NA,NA,NA,NA,NA,"4603186","ESPN","17078","ESPN","WR",NA,NA,NA,NA,NA,NA,NA,NA,NA,NA,NA,NA,NA,NA,NA,NA,NA,NA,NA,NA,NA,NA,NA,NA,NA,NA,NA,NA,NA,NA,NA,NA,NA,NA,NA,NA,NA,NA,NA,NA,NA,NA,NA,NA,NA,NA,NA,NA,NA,NA,NA,NA,NA,NA,NA,NA,NA,NA,NA,NA,NA,NA
"Tory Horton","WR","SEA",NA,NA,NA,NA,NA,NA,NA,NA,NA,NA,NA,NA,NA,NA,NA,"4597703","ESPN","17098","ESPN","WR",2,1,12,NA,NA,0,NA,NA,NA,NA,NA,NA,NA,NA,NA,NA,NA,NA,NA,NA,NA,NA,NA,NA,NA,NA,NA,NA,NA,NA,NA,NA,NA,NA,NA,NA,NA,NA,NA,NA,NA,NA,NA,NA,NA,NA,NA,NA,NA,NA,NA,NA,NA,NA,NA,NA,NA,NA,NA,NA,NA,NA
"Ted Hurst III","WR","TB",NA,NA,NA,NA,NA,NA,NA,NA,NA,NA,NA,NA,NA,NA,NA,"5220680","ESPN","17520","ESPN","WR",4,2,29,NA,NA,0,NA,NA,NA,NA,NA,NA,NA,NA,NA,NA,NA,NA,NA,NA,NA,NA,NA,NA,NA,NA,NA,NA,NA,NA,NA,NA,NA,NA,NA,NA,NA,NA,NA,NA,NA,NA,NA,NA,NA,NA,NA,NA,NA,NA,NA,NA,NA,NA,NA,NA,NA,NA,NA,NA,NA,NA
"Darnell Mooney","WR","NYG",NA,NA,NA,NA,NA,NA,NA,NA,0,1,NA,0,NA,NA,NA,"4040655","ESPN","14974","ESPN","WR",3,2,27,NA,NA,0,NA,NA,NA,NA,NA,NA,NA,NA,NA,NA,NA,NA,NA,NA,NA,NA,NA,NA,NA,NA,NA,NA,NA,NA,NA,NA,NA,NA,NA,NA,NA,NA,NA,NA,NA,NA,NA,NA,NA,NA,NA,NA,NA,NA,NA,NA,NA,NA,NA,NA,NA,NA,NA,NA,NA,NA
"Mack Hollins","WR","NE",NA,NA,NA,NA,NA,NA,NA,NA,NA,NA,NA,NA,NA,NA,NA,"2991662","ESPN","13289","ESPN","WR",NA,NA,NA,NA,NA,NA,NA,NA,NA,NA,NA,NA,NA,NA,NA,NA,NA,NA,NA,NA,NA,NA,NA,NA,NA,NA,NA,NA,NA,NA,NA,NA,NA,NA,NA,NA,NA,NA,NA,NA,NA,NA,NA,NA,NA,NA,NA,NA,NA,NA,NA,NA,NA,NA,NA,NA,NA,NA,NA,NA,NA,NA
"Cyrus Allen","WR","KCC",NA,NA,NA,NA,NA,NA,NA,NA,NA,NA,NA,NA,NA,NA,NA,"4912218","ESPN","17518","ESPN","WR",NA,NA,NA,NA,NA,NA,NA,NA,NA,NA,NA,NA,NA,NA,NA,NA,NA,NA,NA,NA,NA,NA,NA,NA,NA,NA,NA,NA,NA,NA,NA,NA,NA,NA,NA,NA,NA,NA,NA,NA,NA,NA,NA,NA,NA,NA,NA,NA,NA,NA,NA,NA,NA,NA,NA,NA,NA,NA,NA,NA,NA,NA
"Odell Beckham Jr.","WR","NYG",NA,NA,NA,NA,NA,NA,NA,NA,NA,NA,NA,NA,NA,NA,NA,"16733","ESPN","11679","ESPN","WR",NA,NA,NA,NA,NA,NA,NA,NA,NA,NA,NA,NA,NA,NA,NA,NA,NA,NA,NA,NA,NA,NA,NA,NA,NA,NA,NA,NA,NA,NA,NA,NA,NA,NA,NA,NA,NA,NA,NA,NA,NA,NA,NA,NA,NA,NA,NA,NA,NA,NA,NA,NA,NA,NA,NA,NA,NA,NA,NA,NA,NA,NA
"Malik Benson","WR","LV",NA,NA,NA,NA,NA,NA,NA,NA,NA,NA,NA,NA,NA,NA,NA,"5150247","ESPN","17706","ESPN","WR",0,0,3,NA,NA,0,NA,NA,NA,NA,NA,NA,NA,NA,NA,NA,NA,NA,NA,NA,NA,NA,NA,NA,NA,NA,NA,NA,NA,NA,NA,NA,NA,NA,NA,NA,NA,NA,NA,NA,NA,NA,NA,NA,NA,NA,NA,NA,NA,NA,NA,NA,NA,NA,NA,NA,NA,NA,NA,NA,NA,NA
"Kyle Williams","WR","NE",NA,NA,NA,NA,NA,NA,NA,NA,NA,NA,NA,NA,NA,NA,NA,"4613202","ESPN","17134","ESPN","WR",3,2,33,NA,NA,0,NA,NA,NA,NA,NA,NA,NA,NA,NA,NA,NA,NA,NA,NA,NA,NA,NA,NA,NA,NA,NA,NA,NA,NA,NA,NA,NA,NA,NA,NA,NA,NA,NA,NA,NA,NA,NA,NA,NA,NA,NA,NA,NA,NA,NA,NA,NA,NA,NA,NA,NA,NA,NA,NA,NA,NA
"Troy Franklin","WR","DEN",NA,NA,NA,NA,NA,NA,NA,NA,0,1,NA,0,NA,NA,NA,"4431280","ESPN","16619","ESPN","WR",4,2,31,NA,NA,0,NA,NA,NA,NA,NA,NA,NA,NA,NA,NA,NA,NA,NA,NA,NA,NA,NA,NA,NA,NA,NA,NA,NA,NA,NA,NA,NA,NA,NA,NA,NA,NA,NA,NA,NA,NA,NA,NA,NA,NA,NA,NA,NA,NA,NA,NA,NA,NA,NA,NA,NA,NA,NA,NA,NA,NA
"Joshua Palmer","WR","BUF",NA,NA,NA,NA,NA,NA,NA,NA,NA,NA,NA,NA,NA,NA,NA,"4242433","ESPN","15319","ESPN","WR",2,1,12,NA,NA,0,NA,NA,NA,NA,NA,NA,NA,NA,NA,NA,NA,NA,NA,NA,NA,NA,NA,NA,NA,NA,NA,NA,NA,NA,NA,NA,NA,NA,NA,NA,NA,NA,NA,NA,NA,NA,NA,NA,NA,NA,NA,NA,NA,NA,NA,NA,NA,NA,NA,NA,NA,NA,NA,NA,NA,NA
"Kendrick Bourne","WR","ARI",NA,NA,NA,NA,NA,NA,NA,NA,NA,NA,NA,NA,NA,NA,NA,"3045523","ESPN","13418","ESPN","WR",3,2,22,NA,NA,0,NA,NA,NA,NA,NA,NA,NA,NA,NA,NA,NA,NA,NA,NA,NA,NA,NA,NA,NA,NA,NA,NA,NA,NA,NA,NA,NA,NA,NA,NA,NA,NA,NA,NA,NA,NA,NA,NA,NA,NA,NA,NA,NA,NA,NA,NA,NA,NA,NA,NA,NA,NA,NA,NA,NA,NA
"Kalif Raymond","WR","CHI",NA,NA,NA,NA,NA,NA,NA,NA,NA,NA,NA,NA,NA,NA,NA,"2973405","ESPN","13066","ESPN","WR",5,4,34,NA,NA,0,NA,NA,NA,NA,NA,NA,NA,NA,NA,NA,NA,NA,NA,NA,NA,NA,NA,NA,NA,NA,NA,NA,NA,NA,NA,NA,NA,NA,NA,NA,NA,NA,NA,NA,NA,NA,NA,NA,NA,NA,NA,NA,NA,NA,NA,NA,NA,NA,NA,NA,NA,NA,NA,NA,NA,NA
"Dyami Brown","WR","WAS",NA,NA,NA,NA,NA,NA,NA,NA,NA,NA,NA,NA,NA,NA,NA,"4361577","ESPN","15292","ESPN","WR",1,1,10,NA,NA,0,NA,NA,NA,NA,NA,NA,NA,NA,NA,NA,NA,NA,NA,NA,NA,NA,NA,NA,NA,NA,NA,NA,NA,NA,NA,NA,NA,NA,NA,NA,NA,NA,NA,NA,NA,NA,NA,NA,NA,NA,NA,NA,NA,NA,NA,NA,NA,NA,NA,NA,NA,NA,NA,NA,NA,NA
"Treylon Burks","WR","WAS",NA,NA,NA,NA,NA,NA,NA,NA,NA,NA,NA,NA,NA,NA,NA,"4567156","ESPN","15752","ESPN","WR",2,1,20,NA,NA,0,NA,NA,NA,NA,NA,NA,NA,NA,NA,NA,NA,NA,NA,NA,NA,NA,NA,NA,NA,NA,NA,NA,NA,NA,NA,NA,NA,NA,NA,NA,NA,NA,NA,NA,NA,NA,NA,NA,NA,NA,NA,NA,NA,NA,NA,NA,NA,NA,NA,NA,NA,NA,NA,NA,NA,NA
"Devontez Walker","WR","BAL",NA,NA,NA,NA,NA,NA,NA,NA,NA,NA,NA,NA,NA,NA,NA,"4696882","ESPN","16621","ESPN","WR",1,1,10,NA,NA,0,NA,NA,NA,NA,NA,NA,NA,NA,NA,NA,NA,NA,NA,NA,NA,NA,NA,NA,NA,NA,NA,NA,NA,NA,NA,NA,NA,NA,NA,NA,NA,NA,NA,NA,NA,NA,NA,NA,NA,NA,NA,NA,NA,NA,NA,NA,NA,NA,NA,NA,NA,NA,NA,NA,NA,NA
"Bryce Lance","WR","NO",NA,NA,NA,NA,NA,NA,NA,NA,NA,NA,NA,NA,NA,NA,NA,"4879276","ESPN","17519","ESPN","WR",3,2,21,NA,NA,0,NA,NA,NA,NA,NA,NA,NA,NA,NA,NA,NA,NA,NA,NA,NA,NA,NA,NA,NA,NA,NA,NA,NA,NA,NA,NA,NA,NA,NA,NA,NA,NA,NA,NA,NA,NA,NA,NA,NA,NA,NA,NA,NA,NA,NA,NA,NA,NA,NA,NA,NA,NA,NA,NA,NA,NA
"Savion Williams","WR","GB",NA,NA,NA,NA,NA,NA,NA,NA,0,2,NA,0,NA,NA,NA,"4431487","ESPN","17096","ESPN","WR",2,1,14,NA,NA,0,NA,NA,NA,NA,NA,NA,NA,NA,NA,NA,NA,NA,NA,NA,NA,NA,NA,NA,NA,NA,NA,NA,NA,NA,NA,NA,NA,NA,NA,NA,NA,NA,NA,NA,NA,NA,NA,NA,NA,NA,NA,NA,NA,NA,NA,NA,NA,NA,NA,NA,NA,NA,NA,NA,NA,NA
"Chimere Dike","WR","TEN",NA,NA,NA,NA,NA,NA,NA,NA,NA,NA,NA,NA,NA,NA,NA,"4431268","ESPN","17171","ESPN","WR",1,1,6,NA,NA,0,NA,NA,NA,NA,NA,NA,NA,NA,NA,NA,NA,NA,NA,NA,NA,NA,NA,NA,NA,NA,NA,NA,NA,NA,NA,NA,NA,NA,NA,NA,NA,NA,NA,NA,NA,NA,NA,NA,NA,NA,NA,NA,NA,NA,NA,NA,NA,NA,NA,NA,NA,NA,NA,NA,NA,NA
"Zavion Thomas","WR","CHI",NA,NA,NA,NA,NA,NA,NA,NA,NA,NA,NA,NA,NA,NA,NA,"4869748","ESPN","17521","ESPN","WR",0,0,2,NA,NA,0,NA,NA,NA,NA,NA,NA,NA,NA,NA,NA,NA,NA,NA,NA,NA,NA,NA,NA,NA,NA,NA,NA,NA,NA,NA,NA,NA,NA,NA,NA,NA,NA,NA,NA,NA,NA,NA,NA,NA,NA,NA,NA,NA,NA,NA,NA,NA,NA,NA,NA,NA,NA,NA,NA,NA,NA
"Isaiah Bond","WR","CLE",NA,NA,NA,NA,NA,NA,NA,NA,NA,NA,NA,NA,NA,NA,NA,"4808839","ESPN","17076","ESPN","WR",0,0,2,NA,NA,0,NA,NA,NA,NA,NA,NA,NA,NA,NA,NA,NA,NA,NA,NA,NA,NA,NA,NA,NA,NA,NA,NA,NA,NA,NA,NA,NA,NA,NA,NA,NA,NA,NA,NA,NA,NA,NA,NA,NA,NA,NA,NA,NA,NA,NA,NA,NA,NA,NA,NA,NA,NA,NA,NA,NA,NA
"Hollywood Brown","WR","PHI",NA,NA,NA,NA,NA,NA,NA,NA,NA,NA,NA,NA,NA,NA,NA,"4241372","ESPN","14105","ESPN","WR",2,1,14,NA,NA,0,NA,NA,NA,NA,NA,NA,NA,NA,NA,NA,NA,NA,NA,NA,NA,NA,NA,NA,NA,NA,NA,NA,NA,NA,NA,NA,NA,NA,NA,NA,NA,NA,NA,NA,NA,NA,NA,NA,NA,NA,NA,NA,NA,NA,NA,NA,NA,NA,NA,NA,NA,NA,NA,NA,NA,NA
"Skyler Bell","WR","BUF",NA,NA,NA,NA,NA,NA,NA,NA,NA,NA,NA,NA,NA,NA,NA,"4683153","ESPN","17508","ESPN","WR",NA,NA,NA,NA,NA,NA,NA,NA,NA,NA,NA,NA,NA,NA,NA,NA,NA,NA,NA,NA,NA,NA,NA,NA,NA,NA,NA,NA,NA,NA,NA,NA,NA,NA,NA,NA,NA,NA,NA,NA,NA,NA,NA,NA,NA,NA,NA,NA,NA,NA,NA,NA,NA,NA,NA,NA,NA,NA,NA,NA,NA,NA
"Olamide Zaccheaus","WR","ATL",NA,NA,NA,NA,NA,NA,NA,NA,NA,NA,NA,NA,NA,NA,NA,"3917914","ESPN","14592","ESPN","WR",2,1,14,NA,NA,0,NA,NA,NA,NA,NA,NA,NA,NA,NA,NA,NA,NA,NA,NA,NA,NA,NA,NA,NA,NA,NA,NA,NA,NA,NA,NA,NA,NA,NA,NA,NA,NA,NA,NA,NA,NA,NA,NA,NA,NA,NA,NA,NA,NA,NA,NA,NA,NA,NA,NA,NA,NA,NA,NA,NA,NA
"Ashton Dulin","WR","IND",NA,NA,NA,NA,NA,NA,NA,NA,NA,NA,NA,NA,NA,NA,NA,"4061956","ESPN","14315","ESPN","WR",2,1,15,NA,NA,0,NA,NA,NA,NA,NA,NA,NA,NA,NA,NA,NA,NA,NA,NA,NA,NA,NA,NA,NA,NA,NA,NA,NA,NA,NA,NA,NA,NA,NA,NA,NA,NA,NA,NA,NA,NA,NA,NA,NA,NA,NA,NA,NA,NA,NA,NA,NA,NA,NA,NA,NA,NA,NA,NA,NA,NA
"Isaiah Williams","WR","NYJ",NA,NA,NA,NA,NA,NA,NA,NA,0,1,NA,0,NA,NA,NA,"4569371","ESPN","16630","ESPN","WR",4,3,36,NA,NA,0,NA,NA,NA,NA,NA,NA,NA,NA,NA,NA,NA,NA,NA,NA,NA,NA,NA,NA,NA,NA,NA,NA,NA,NA,NA,NA,NA,NA,NA,NA,NA,NA,NA,NA,NA,NA,NA,NA,NA,NA,NA,NA,NA,NA,NA,NA,NA,NA,NA,NA,NA,NA,NA,NA,NA,NA
"Tutu Atwell","WR","LAR",NA,NA,NA,NA,NA,NA,NA,NA,NA,NA,NA,NA,NA,NA,NA,"4360797","ESPN","15301","ESPN","WR",0,0,3,NA,NA,0,NA,NA,NA,NA,NA,NA,NA,NA,NA,NA,NA,NA,NA,NA,NA,NA,NA,NA,NA,NA,NA,NA,NA,NA,NA,NA,NA,NA,NA,NA,NA,NA,NA,NA,NA,NA,NA,NA,NA,NA,NA,NA,NA,NA,NA,NA,NA,NA,NA,NA,NA,NA,NA,NA,NA,NA
"Colbie Young","WR","CIN",NA,NA,NA,NA,NA,NA,NA,NA,NA,NA,NA,NA,NA,NA,NA,"5092508","ESPN","17542","ESPN","WR",1,0,6,NA,NA,0,NA,NA,NA,NA,NA,NA,NA,NA,NA,NA,NA,NA,NA,NA,NA,NA,NA,NA,NA,NA,NA,NA,NA,NA,NA,NA,NA,NA,NA,NA,NA,NA,NA,NA,NA,NA,NA,NA,NA,NA,NA,NA,NA,NA,NA,NA,NA,NA,NA,NA,NA,NA,NA,NA,NA,NA
"Roman Wilson","WR","PIT",NA,NA,NA,NA,NA,NA,NA,NA,NA,NA,NA,NA,NA,NA,NA,"4431492","ESPN","16629","ESPN","WR",5,3,43,NA,NA,0,NA,NA,NA,NA,NA,NA,NA,NA,NA,NA,NA,NA,NA,NA,NA,NA,NA,NA,NA,NA,NA,NA,NA,NA,NA,NA,NA,NA,NA,NA,NA,NA,NA,NA,NA,NA,NA,NA,NA,NA,NA,NA,NA,NA,NA,NA,NA,NA,NA,NA,NA,NA,NA,NA,NA,NA
"Jaylin Lane","WR","WAS",NA,NA,NA,NA,NA,NA,NA,NA,NA,NA,NA,NA,NA,NA,NA,"4602667","ESPN","17184","ESPN","WR",NA,NA,NA,NA,NA,NA,NA,NA,NA,NA,NA,NA,NA,NA,NA,NA,NA,NA,NA,NA,NA,NA,NA,NA,NA,NA,NA,NA,NA,NA,NA,NA,NA,NA,NA,NA,NA,NA,NA,NA,NA,NA,NA,NA,NA,NA,NA,NA,NA,NA,NA,NA,NA,NA,NA,NA,NA,NA,NA,NA,NA,NA
"Brenen Thompson","WR","LAC",NA,NA,NA,NA,NA,NA,NA,NA,NA,NA,NA,NA,NA,NA,NA,"4685553","ESPN","17529","ESPN","WR",1,1,7,NA,NA,0,NA,NA,NA,NA,NA,NA,NA,NA,NA,NA,NA,NA,NA,NA,NA,NA,NA,NA,NA,NA,NA,NA,NA,NA,NA,NA,NA,NA,NA,NA,NA,NA,NA,NA,NA,NA,NA,NA,NA,NA,NA,NA,NA,NA,NA,NA,NA,NA,NA,NA,NA,NA,NA,NA,NA,NA
"Elijah Sarratt","WR","BAL",NA,NA,NA,NA,NA,NA,NA,NA,NA,NA,NA,NA,NA,NA,NA,"5088338","ESPN","17505","ESPN","WR",NA,NA,NA,NA,NA,NA,NA,NA,NA,NA,NA,NA,NA,NA,NA,NA,NA,NA,NA,NA,NA,NA,NA,NA,NA,NA,NA,NA,NA,NA,NA,NA,NA,NA,NA,NA,NA,NA,NA,NA,NA,NA,NA,NA,NA,NA,NA,NA,NA,NA,NA,NA,NA,NA,NA,NA,NA,NA,NA,NA,NA,NA
"Elic Ayomanor","WR","TEN",NA,NA,NA,NA,NA,NA,NA,NA,NA,NA,NA,NA,NA,NA,NA,"4883647","ESPN","17073","ESPN","WR",3,1,20,NA,NA,0,NA,NA,NA,NA,NA,NA,NA,NA,NA,NA,NA,NA,NA,NA,NA,NA,NA,NA,NA,NA,NA,NA,NA,NA,NA,NA,NA,NA,NA,NA,NA,NA,NA,NA,NA,NA,NA,NA,NA,NA,NA,NA,NA,NA,NA,NA,NA,NA,NA,NA,NA,NA,NA,NA,NA,NA
"Jordan Whittington","WR","LAR",NA,NA,NA,NA,NA,NA,NA,NA,NA,NA,NA,NA,NA,NA,NA,"4569382","ESPN","16633","ESPN","WR",1,1,7,NA,NA,0,NA,NA,NA,NA,NA,NA,NA,NA,NA,NA,NA,NA,NA,NA,NA,NA,NA,NA,NA,NA,NA,NA,NA,NA,NA,NA,NA,NA,NA,NA,NA,NA,NA,NA,NA,NA,NA,NA,NA,NA,NA,NA,NA,NA,NA,NA,NA,NA,NA,NA,NA,NA,NA,NA,NA,NA
"Tez Johnson","WR","TB",NA,NA,NA,NA,NA,NA,NA,NA,1,3,NA,0,NA,NA,NA,"4608810","ESPN","17079","ESPN","WR",2,1,17,NA,NA,0,NA,NA,NA,NA,NA,NA,NA,NA,NA,NA,NA,NA,NA,NA,NA,NA,NA,NA,NA,NA,NA,NA,NA,NA,NA,NA,NA,NA,NA,NA,NA,NA,NA,NA,NA,NA,NA,NA,NA,NA,NA,NA,NA,NA,NA,NA,NA,NA,NA,NA,NA,NA,NA,NA,NA,NA
"Jimmy Horn Jr.","WR","FA",NA,NA,NA,NA,NA,NA,NA,NA,NA,NA,NA,NA,NA,NA,NA,"4708486","ESPN","17234","ESPN","WR",NA,NA,NA,NA,NA,NA,NA,NA,NA,NA,NA,NA,NA,NA,NA,NA,NA,NA,NA,NA,NA,NA,NA,NA,NA,NA,NA,NA,NA,NA,NA,NA,NA,NA,NA,NA,NA,NA,NA,NA,NA,NA,NA,NA,NA,NA,NA,NA,NA,NA,NA,NA,NA,NA,NA,NA,NA,NA,NA,NA,NA,NA
"Barion Brown","WR","NO",NA,NA,NA,NA,NA,NA,NA,NA,0,1,NA,0,NA,NA,NA,"4698597","ESPN","17541","ESPN","WR",NA,NA,NA,NA,NA,NA,NA,NA,NA,NA,NA,NA,NA,NA,NA,NA,NA,NA,NA,NA,NA,NA,NA,NA,NA,NA,NA,NA,NA,NA,NA,NA,NA,NA,NA,NA,NA,NA,NA,NA,NA,NA,NA,NA,NA,NA,NA,NA,NA,NA,NA,NA,NA,NA,NA,NA,NA,NA,NA,NA,NA,NA
"Konata Mumpfield","WR","LAR",NA,NA,NA,NA,NA,NA,NA,NA,NA,NA,NA,NA,NA,NA,NA,"4710855","ESPN","17254","ESPN","WR",1,1,8,NA,NA,0,NA,NA,NA,NA,NA,NA,NA,NA,NA,NA,NA,NA,NA,NA,NA,NA,NA,NA,NA,NA,NA,NA,NA,NA,NA,NA,NA,NA,NA,NA,NA,NA,NA,NA,NA,NA,NA,NA,NA,NA,NA,NA,NA,NA,NA,NA,NA,NA,NA,NA,NA,NA,NA,NA,NA,NA
"Demarcus Robinson","WR","SF",NA,NA,NA,NA,NA,NA,NA,NA,NA,NA,NA,NA,NA,NA,NA,"3043116","ESPN","12785","ESPN","WR",NA,NA,NA,NA,NA,NA,NA,NA,NA,NA,NA,NA,NA,NA,NA,NA,NA,NA,NA,NA,NA,NA,NA,NA,NA,NA,NA,NA,NA,NA,NA,NA,NA,NA,NA,NA,NA,NA,NA,NA,NA,NA,NA,NA,NA,NA,NA,NA,NA,NA,NA,NA,NA,NA,NA,NA,NA,NA,NA,NA,NA,NA
"Luke McCaffrey","WR","WAS",NA,NA,NA,NA,NA,NA,NA,NA,NA,NA,NA,NA,NA,NA,NA,"4426948","ESPN","16635","ESPN","WR",NA,NA,NA,NA,NA,NA,NA,NA,NA,NA,NA,NA,NA,NA,NA,NA,NA,NA,NA,NA,NA,NA,NA,NA,NA,NA,NA,NA,NA,NA,NA,NA,NA,NA,NA,NA,NA,NA,NA,NA,NA,NA,NA,NA,NA,NA,NA,NA,NA,NA,NA,NA,NA,NA,NA,NA,NA,NA,NA,NA,NA,NA
"Jalen Royals","WR","KCC",NA,NA,NA,NA,NA,NA,NA,NA,NA,NA,NA,NA,NA,NA,NA,"5082630","ESPN","17086","ESPN","WR",NA,NA,NA,NA,NA,NA,NA,NA,NA,NA,NA,NA,NA,NA,NA,NA,NA,NA,NA,NA,NA,NA,NA,NA,NA,NA,NA,NA,NA,NA,NA,NA,NA,NA,NA,NA,NA,NA,NA,NA,NA,NA,NA,NA,NA,NA,NA,NA,NA,NA,NA,NA,NA,NA,NA,NA,NA,NA,NA,NA,NA,NA
"KeAndre Lambert-Smith","WR","LAC",NA,NA,NA,NA,NA,NA,NA,NA,NA,NA,NA,NA,NA,NA,NA,"4430870","ESPN","17205","ESPN","WR",NA,NA,NA,NA,NA,NA,NA,NA,NA,NA,NA,NA,NA,NA,NA,NA,NA,NA,NA,NA,NA,NA,NA,NA,NA,NA,NA,NA,NA,NA,NA,NA,NA,NA,NA,NA,NA,NA,NA,NA,NA,NA,NA,NA,NA,NA,NA,NA,NA,NA,NA,NA,NA,NA,NA,NA,NA,NA,NA,NA,NA,NA
"Laquon Treadwell","WR","IND",NA,NA,NA,NA,NA,NA,NA,NA,NA,NA,NA,NA,NA,NA,NA,"3051889","ESPN","12645","ESPN","WR",3,2,26,NA,NA,0,NA,NA,NA,NA,NA,NA,NA,NA,NA,NA,NA,NA,NA,NA,NA,NA,NA,NA,NA,NA,NA,NA,NA,NA,NA,NA,NA,NA,NA,NA,NA,NA,NA,NA,NA,NA,NA,NA,NA,NA,NA,NA,NA,NA,NA,NA,NA,NA,NA,NA,NA,NA,NA,NA,NA,NA
"Bo Melton","WR","GB",NA,NA,NA,NA,NA,NA,NA,NA,NA,NA,NA,NA,NA,NA,NA,"4259305","ESPN","15785","ESPN","WR",1,1,7,NA,NA,0,NA,NA,NA,NA,NA,NA,NA,NA,NA,NA,NA,NA,NA,NA,NA,NA,NA,NA,NA,NA,NA,NA,NA,NA,NA,NA,NA,NA,NA,NA,NA,NA,NA,NA,NA,NA,NA,NA,NA,NA,NA,NA,NA,NA,NA,NA,NA,NA,NA,NA,NA,NA,NA,NA,NA,NA
"Malachi Corley","WR","CLE",NA,NA,NA,NA,NA,NA,NA,NA,NA,NA,NA,NA,NA,NA,NA,"4613104","ESPN","16636","ESPN","WR",NA,NA,NA,NA,NA,NA,NA,NA,NA,NA,NA,NA,NA,NA,NA,NA,NA,NA,NA,NA,NA,NA,NA,NA,NA,NA,NA,NA,NA,NA,NA,NA,NA,NA,NA,NA,NA,NA,NA,NA,NA,NA,NA,NA,NA,NA,NA,NA,NA,NA,NA,NA,NA,NA,NA,NA,NA,NA,NA,NA,NA,NA
"Tay Martin","WR","DET",NA,NA,NA,NA,NA,NA,NA,NA,NA,NA,NA,NA,NA,NA,NA,"4245144","ESPN","15771","ESPN","WR",NA,NA,NA,NA,NA,NA,NA,NA,NA,NA,NA,NA,NA,NA,NA,NA,NA,NA,NA,NA,NA,NA,NA,NA,NA,NA,NA,NA,NA,NA,NA,NA,NA,NA,NA,NA,NA,NA,NA,NA,NA,NA,NA,NA,NA,NA,NA,NA,NA,NA,NA,NA,NA,NA,NA,NA,NA,NA,NA,NA,NA,NA
"Derius Davis","WR","LAC",NA,NA,NA,NA,NA,NA,NA,NA,NA,NA,NA,NA,NA,NA,NA,"4362477","ESPN","16299","ESPN","WR",1,1,6,NA,NA,0,NA,NA,NA,NA,NA,NA,NA,NA,NA,NA,NA,NA,NA,NA,NA,NA,NA,NA,NA,NA,NA,NA,NA,NA,NA,NA,NA,NA,NA,NA,NA,NA,NA,NA,NA,NA,NA,NA,NA,NA,NA,NA,NA,NA,NA,NA,NA,NA,NA,NA,NA,NA,NA,NA,NA,NA
"Xavier Smith","WR","FA",NA,NA,NA,NA,NA,NA,NA,NA,NA,NA,NA,NA,NA,NA,NA,"4386544","ESPN","16428","ESPN","WR",NA,NA,NA,NA,NA,NA,NA,NA,NA,NA,NA,NA,NA,NA,NA,NA,NA,NA,NA,NA,NA,NA,NA,NA,NA,NA,NA,NA,NA,NA,NA,NA,NA,NA,NA,NA,NA,NA,NA,NA,NA,NA,NA,NA,NA,NA,NA,NA,NA,NA,NA,NA,NA,NA,NA,NA,NA,NA,NA,NA,NA,NA
"Jacob Cowing","WR","SF",NA,NA,NA,NA,NA,NA,NA,NA,0,1,NA,0,NA,NA,NA,"4575665","ESPN","16640","ESPN","WR",1,1,10,NA,NA,0,NA,NA,NA,NA,NA,NA,NA,NA,NA,NA,NA,NA,NA,NA,NA,NA,NA,NA,NA,NA,NA,NA,NA,NA,NA,NA,NA,NA,NA,NA,NA,NA,NA,NA,NA,NA,NA,NA,NA,NA,NA,NA,NA,NA,NA,NA,NA,NA,NA,NA,NA,NA,NA,NA,NA,NA
"Dohnte Meyers","WR","CIN",NA,NA,NA,NA,NA,NA,NA,NA,0,1,NA,0,NA,NA,NA,"4384852","ESPN","17752","ESPN","WR",4,2,28,NA,NA,0,NA,NA,NA,NA,NA,NA,NA,NA,NA,NA,NA,NA,NA,NA,NA,NA,NA,NA,NA,NA,NA,NA,NA,NA,NA,NA,NA,NA,NA,NA,NA,NA,NA,NA,NA,NA,NA,NA,NA,NA,NA,NA,NA,NA,NA,NA,NA,NA,NA,NA,NA,NA,NA,NA,NA,NA
"Efton Chism III","WR","NE",NA,NA,NA,NA,NA,NA,NA,NA,NA,NA,NA,NA,NA,NA,NA,"4695193","ESPN","17269","ESPN","WR",4,2,32,NA,NA,0,NA,NA,NA,NA,NA,NA,NA,NA,NA,NA,NA,NA,NA,NA,NA,NA,NA,NA,NA,NA,NA,NA,NA,NA,NA,NA,NA,NA,NA,NA,NA,NA,NA,NA,NA,NA,NA,NA,NA,NA,NA,NA,NA,NA,NA,NA,NA,NA,NA,NA,NA,NA,NA,NA,NA,NA
"Tai Felton","WR","MIN",NA,NA,NA,NA,NA,NA,NA,NA,NA,NA,NA,NA,NA,NA,NA,"4565185","ESPN","17097","ESPN","WR",1,1,7,NA,NA,0,NA,NA,NA,NA,NA,NA,NA,NA,NA,NA,NA,NA,NA,NA,NA,NA,NA,NA,NA,NA,NA,NA,NA,NA,NA,NA,NA,NA,NA,NA,NA,NA,NA,NA,NA,NA,NA,NA,NA,NA,NA,NA,NA,NA,NA,NA,NA,NA,NA,NA,NA,NA,NA,NA,NA,NA
"Trey McBride","TE","ARI",NA,NA,NA,NA,NA,NA,NA,NA,NA,NA,NA,NA,NA,NA,NA,"4361307","ESPN","15794","ESPN","TE",10,8,68,NA,NA,1,NA,NA,NA,NA,NA,NA,NA,NA,NA,NA,NA,NA,NA,NA,NA,NA,NA,NA,NA,NA,NA,NA,NA,NA,NA,NA,NA,NA,NA,NA,NA,NA,NA,NA,NA,NA,NA,NA,NA,NA,NA,NA,NA,NA,NA,NA,NA,NA,NA,NA,NA,NA,NA,NA,NA,NA
"Brock Bowers","TE","LV",NA,NA,NA,NA,NA,NA,NA,NA,NA,NA,NA,NA,NA,NA,NA,"4432665","ESPN","16641","ESPN","TE",9,7,68,NA,NA,0,NA,NA,NA,NA,NA,NA,NA,NA,NA,NA,NA,NA,NA,NA,NA,NA,NA,NA,NA,NA,NA,NA,NA,NA,NA,NA,NA,NA,NA,NA,NA,NA,NA,NA,NA,NA,NA,NA,NA,NA,NA,NA,NA,NA,NA,NA,NA,NA,NA,NA,NA,NA,NA,NA,NA,NA
"Colston Loveland","TE","CHI",NA,NA,NA,NA,NA,NA,NA,NA,NA,NA,NA,NA,NA,NA,NA,"4723086","ESPN","17104","ESPN","TE",5,4,40,NA,NA,0,NA,NA,NA,NA,NA,NA,NA,NA,NA,NA,NA,NA,NA,NA,NA,NA,NA,NA,NA,NA,NA,NA,NA,NA,NA,NA,NA,NA,NA,NA,NA,NA,NA,NA,NA,NA,NA,NA,NA,NA,NA,NA,NA,NA,NA,NA,NA,NA,NA,NA,NA,NA,NA,NA,NA,NA
"Tyler Warren","TE","IND",NA,NA,NA,NA,NA,NA,NA,NA,1,2,NA,0,NA,NA,NA,"4431459","ESPN","17102","ESPN","TE",7,5,46,NA,NA,0,NA,NA,NA,NA,NA,NA,NA,NA,NA,NA,NA,NA,NA,NA,NA,NA,NA,NA,NA,NA,NA,NA,NA,NA,NA,NA,NA,NA,NA,NA,NA,NA,NA,NA,NA,NA,NA,NA,NA,NA,NA,NA,NA,NA,NA,NA,NA,NA,NA,NA,NA,NA,NA,NA,NA,NA
"Harold Fannin Jr.","TE","CLE",NA,NA,NA,NA,NA,NA,NA,NA,NA,NA,NA,NA,NA,NA,NA,"5083076","ESPN","17103","ESPN","TE",7,5,48,NA,NA,0,NA,NA,NA,NA,NA,NA,NA,NA,NA,NA,NA,NA,NA,NA,NA,NA,NA,NA,NA,NA,NA,NA,NA,NA,NA,NA,NA,NA,NA,NA,NA,NA,NA,NA,NA,NA,NA,NA,NA,NA,NA,NA,NA,NA,NA,NA,NA,NA,NA,NA,NA,NA,NA,NA,NA,NA
"Kyle Pitts Sr.","TE","ATL",NA,NA,NA,NA,NA,NA,NA,NA,NA,NA,NA,NA,NA,NA,NA,"4360248","ESPN","15329","ESPN","TE",4,3,35,NA,NA,0,NA,NA,NA,NA,NA,NA,NA,NA,NA,NA,NA,NA,NA,NA,NA,NA,NA,NA,NA,NA,NA,NA,NA,NA,NA,NA,NA,NA,NA,NA,NA,NA,NA,NA,NA,NA,NA,NA,NA,NA,NA,NA,NA,NA,NA,NA,NA,NA,NA,NA,NA,NA,NA,NA,NA,NA
"George Kittle","TE","SF",NA,NA,NA,NA,NA,NA,NA,NA,NA,NA,NA,NA,NA,NA,NA,"3040151","ESPN","13299","ESPN","TE",7,5,64,NA,NA,0,NA,NA,NA,NA,NA,NA,NA,NA,NA,NA,NA,NA,NA,NA,NA,NA,NA,NA,NA,NA,NA,NA,NA,NA,NA,NA,NA,NA,NA,NA,NA,NA,NA,NA,NA,NA,NA,NA,NA,NA,NA,NA,NA,NA,NA,NA,NA,NA,NA,NA,NA,NA,NA,NA,NA,NA
"Sam LaPorta","TE","DET",NA,NA,NA,NA,NA,NA,NA,NA,NA,NA,NA,NA,NA,NA,NA,"4430027","ESPN","16214","ESPN","TE",7,5,52,NA,NA,1,NA,NA,NA,NA,NA,NA,NA,NA,NA,NA,NA,NA,NA,NA,NA,NA,NA,NA,NA,NA,NA,NA,NA,NA,NA,NA,NA,NA,NA,NA,NA,NA,NA,NA,NA,NA,NA,NA,NA,NA,NA,NA,NA,NA,NA,NA,NA,NA,NA,NA,NA,NA,NA,NA,NA,NA
"Tucker Kraft","TE","GB",NA,NA,NA,NA,NA,NA,NA,NA,0,1,NA,0,NA,NA,NA,"4572680","ESPN","16222","ESPN","TE",7,4,47,NA,NA,0,NA,NA,NA,NA,NA,NA,NA,NA,NA,NA,NA,NA,NA,NA,NA,NA,NA,NA,NA,NA,NA,NA,NA,NA,NA,NA,NA,NA,NA,NA,NA,NA,NA,NA,NA,NA,NA,NA,NA,NA,NA,NA,NA,NA,NA,NA,NA,NA,NA,NA,NA,NA,NA,NA,NA,NA
"Travis Kelce","TE","KCC",NA,NA,NA,NA,NA,NA,NA,NA,NA,NA,NA,NA,NA,NA,NA,"15847","ESPN","11244","ESPN","TE",NA,NA,NA,NA,NA,NA,NA,NA,NA,NA,NA,NA,NA,NA,NA,NA,NA,NA,NA,NA,NA,NA,NA,NA,NA,NA,NA,NA,NA,NA,NA,NA,NA,NA,NA,NA,NA,NA,NA,NA,NA,NA,NA,NA,NA,NA,NA,NA,NA,NA,NA,NA,NA,NA,NA,NA,NA,NA,NA,NA,NA,NA
"Dallas Goedert","TE","PHI",NA,NA,NA,NA,NA,NA,NA,NA,NA,NA,NA,NA,NA,NA,NA,"3121023","ESPN","13674","ESPN","TE",NA,NA,NA,NA,NA,NA,NA,NA,NA,NA,NA,NA,NA,NA,NA,NA,NA,NA,NA,NA,NA,NA,NA,NA,NA,NA,NA,NA,NA,NA,NA,NA,NA,NA,NA,NA,NA,NA,NA,NA,NA,NA,NA,NA,NA,NA,NA,NA,NA,NA,NA,NA,NA,NA,NA,NA,NA,NA,NA,NA,NA,NA
"Jake Ferguson","TE","DAL",NA,NA,NA,NA,NA,NA,NA,NA,NA,NA,NA,NA,NA,NA,NA,"4242355","ESPN","15799","ESPN","TE",4,3,24,NA,NA,0,NA,NA,NA,NA,NA,NA,NA,NA,NA,NA,NA,NA,NA,NA,NA,NA,NA,NA,NA,NA,NA,NA,NA,NA,NA,NA,NA,NA,NA,NA,NA,NA,NA,NA,NA,NA,NA,NA,NA,NA,NA,NA,NA,NA,NA,NA,NA,NA,NA,NA,NA,NA,NA,NA,NA,NA
"Isaiah Likely","TE","NYG",NA,NA,NA,NA,NA,NA,NA,NA,NA,NA,NA,NA,NA,NA,NA,"4361050","ESPN","15798","ESPN","TE",8,5,57,NA,NA,0,NA,NA,NA,NA,NA,NA,NA,NA,NA,NA,NA,NA,NA,NA,NA,NA,NA,NA,NA,NA,NA,NA,NA,NA,NA,NA,NA,NA,NA,NA,NA,NA,NA,NA,NA,NA,NA,NA,NA,NA,NA,NA,NA,NA,NA,NA,NA,NA,NA,NA,NA,NA,NA,NA,NA,NA
"Mark Andrews","TE","BAL",NA,NA,NA,NA,NA,NA,NA,NA,NA,NA,NA,NA,NA,NA,NA,"3116365","ESPN","13671","ESPN","TE",6,4,36,NA,NA,0,NA,NA,NA,NA,NA,NA,NA,NA,NA,NA,NA,NA,NA,NA,NA,NA,NA,NA,NA,NA,NA,NA,NA,NA,NA,NA,NA,NA,NA,NA,NA,NA,NA,NA,NA,NA,NA,NA,NA,NA,NA,NA,NA,NA,NA,NA,NA,NA,NA,NA,NA,NA,NA,NA,NA,NA
"Dalton Kincaid","TE","BUF",NA,NA,NA,NA,NA,NA,NA,NA,NA,NA,NA,NA,NA,NA,NA,"4385690","ESPN","16213","ESPN","TE",5,4,42,NA,NA,0,NA,NA,NA,NA,NA,NA,NA,NA,NA,NA,NA,NA,NA,NA,NA,NA,NA,NA,NA,NA,NA,NA,NA,NA,NA,NA,NA,NA,NA,NA,NA,NA,NA,NA,NA,NA,NA,NA,NA,NA,NA,NA,NA,NA,NA,NA,NA,NA,NA,NA,NA,NA,NA,NA,NA,NA
"Juwan Johnson","TE","NO",NA,NA,NA,NA,NA,NA,NA,NA,NA,NA,NA,NA,NA,NA,NA,"3929645","ESPN","14861","ESPN","TE",6,4,42,NA,NA,0,NA,NA,NA,NA,NA,NA,NA,NA,NA,NA,NA,NA,NA,NA,NA,NA,NA,NA,NA,NA,NA,NA,NA,NA,NA,NA,NA,NA,NA,NA,NA,NA,NA,NA,NA,NA,NA,NA,NA,NA,NA,NA,NA,NA,NA,NA,NA,NA,NA,NA,NA,NA,NA,NA,NA,NA
"Hunter Henry","TE","NE",NA,NA,NA,NA,NA,NA,NA,NA,NA,NA,NA,NA,NA,NA,NA,"3046439","ESPN","12676","ESPN","TE",4,3,33,NA,NA,0,NA,NA,NA,NA,NA,NA,NA,NA,NA,NA,NA,NA,NA,NA,NA,NA,NA,NA,NA,NA,NA,NA,NA,NA,NA,NA,NA,NA,NA,NA,NA,NA,NA,NA,NA,NA,NA,NA,NA,NA,NA,NA,NA,NA,NA,NA,NA,NA,NA,NA,NA,NA,NA,NA,NA,NA
"T.J. Hockenson","TE","MIN",NA,NA,NA,NA,NA,NA,NA,NA,NA,NA,NA,NA,NA,NA,NA,"4036133","ESPN","14138","ESPN","TE",6,5,41,NA,NA,0,NA,NA,NA,NA,NA,NA,NA,NA,NA,NA,NA,NA,NA,NA,NA,NA,NA,NA,NA,NA,NA,NA,NA,NA,NA,NA,NA,NA,NA,NA,NA,NA,NA,NA,NA,NA,NA,NA,NA,NA,NA,NA,NA,NA,NA,NA,NA,NA,NA,NA,NA,NA,NA,NA,NA,NA
"Terrance Ferguson","TE","LAR",NA,NA,NA,NA,NA,NA,NA,NA,NA,NA,NA,NA,NA,NA,NA,"4570037","ESPN","17107","ESPN","TE",NA,NA,NA,NA,NA,NA,NA,NA,NA,NA,NA,NA,NA,NA,NA,NA,NA,NA,NA,NA,NA,NA,NA,NA,NA,NA,NA,NA,NA,NA,NA,NA,NA,NA,NA,NA,NA,NA,NA,NA,NA,NA,NA,NA,NA,NA,NA,NA,NA,NA,NA,NA,NA,NA,NA,NA,NA,NA,NA,NA,NA,NA
"Kenyon Sadiq","TE","NYJ",NA,NA,NA,NA,NA,NA,NA,NA,0,0,NA,0,NA,NA,NA,"5083315","ESPN","17543","ESPN","TE",5,4,42,NA,NA,0,NA,NA,NA,NA,NA,NA,NA,NA,NA,NA,NA,NA,NA,NA,NA,NA,NA,NA,NA,NA,NA,NA,NA,NA,NA,NA,NA,NA,NA,NA,NA,NA,NA,NA,NA,NA,NA,NA,NA,NA,NA,NA,NA,NA,NA,NA,NA,NA,NA,NA,NA,NA,NA,NA,NA,NA
"Brenton Strange","TE","JAC",NA,NA,NA,NA,NA,NA,NA,NA,NA,NA,NA,NA,NA,NA,NA,"4430539","ESPN","16269","ESPN","TE",5,4,41,NA,NA,0,NA,NA,NA,NA,NA,NA,NA,NA,NA,NA,NA,NA,NA,NA,NA,NA,NA,NA,NA,NA,NA,NA,NA,NA,NA,NA,NA,NA,NA,NA,NA,NA,NA,NA,NA,NA,NA,NA,NA,NA,NA,NA,NA,NA,NA,NA,NA,NA,NA,NA,NA,NA,NA,NA,NA,NA
"Pat Freiermuth","TE","PIT",NA,NA,NA,NA,NA,NA,NA,NA,0,1,NA,0,NA,NA,NA,"4361411","ESPN","15331","ESPN","TE",5,3,33,NA,NA,0,NA,NA,NA,NA,NA,NA,NA,NA,NA,NA,NA,NA,NA,NA,NA,NA,NA,NA,NA,NA,NA,NA,NA,NA,NA,NA,NA,NA,NA,NA,NA,NA,NA,NA,NA,NA,NA,NA,NA,NA,NA,NA,NA,NA,NA,NA,NA,NA,NA,NA,NA,NA,NA,NA,NA,NA
"Dalton Schultz","TE","HOU",NA,NA,NA,NA,NA,NA,NA,NA,NA,NA,NA,NA,NA,NA,NA,"3117256","ESPN","13772","ESPN","TE",5,4,35,NA,NA,0,NA,NA,NA,NA,NA,NA,NA,NA,NA,NA,NA,NA,NA,NA,NA,NA,NA,NA,NA,NA,NA,NA,NA,NA,NA,NA,NA,NA,NA,NA,NA,NA,NA,NA,NA,NA,NA,NA,NA,NA,NA,NA,NA,NA,NA,NA,NA,NA,NA,NA,NA,NA,NA,NA,NA,NA
"Gunnar Helm","TE","TEN",NA,NA,NA,NA,NA,NA,NA,NA,NA,NA,NA,NA,NA,NA,NA,"4686728","ESPN","17105","ESPN","TE",3,3,23,NA,NA,0,NA,NA,NA,NA,NA,NA,NA,NA,NA,NA,NA,NA,NA,NA,NA,NA,NA,NA,NA,NA,NA,NA,NA,NA,NA,NA,NA,NA,NA,NA,NA,NA,NA,NA,NA,NA,NA,NA,NA,NA,NA,NA,NA,NA,NA,NA,NA,NA,NA,NA,NA,NA,NA,NA,NA,NA
"Chig Okonkwo","TE","WAS",NA,NA,NA,NA,NA,NA,NA,NA,NA,NA,NA,NA,NA,NA,NA,"4360635","ESPN","15889","ESPN","TE",3,2,25,NA,NA,0,NA,NA,NA,NA,NA,NA,NA,NA,NA,NA,NA,NA,NA,NA,NA,NA,NA,NA,NA,NA,NA,NA,NA,NA,NA,NA,NA,NA,NA,NA,NA,NA,NA,NA,NA,NA,NA,NA,NA,NA,NA,NA,NA,NA,NA,NA,NA,NA,NA,NA,NA,NA,NA,NA,NA,NA
"AJ Barner","TE","SEA",NA,NA,NA,NA,NA,NA,NA,NA,0,1,NA,0,NA,NA,NA,"4576297","ESPN","16723","ESPN","TE",4,3,32,NA,NA,0,NA,NA,NA,NA,NA,NA,NA,NA,NA,NA,NA,NA,NA,NA,NA,NA,NA,NA,NA,NA,NA,NA,NA,NA,NA,NA,NA,NA,NA,NA,NA,NA,NA,NA,NA,NA,NA,NA,NA,NA,NA,NA,NA,NA,NA,NA,NA,NA,NA,NA,NA,NA,NA,NA,NA,NA
"Greg Dulcich","TE","MIA",NA,NA,NA,NA,NA,NA,NA,NA,NA,NA,NA,NA,NA,NA,NA,"4367209","ESPN","15797","ESPN","TE",4,2,26,NA,NA,0,NA,NA,NA,NA,NA,NA,NA,NA,NA,NA,NA,NA,NA,NA,NA,NA,NA,NA,NA,NA,NA,NA,NA,NA,NA,NA,NA,NA,NA,NA,NA,NA,NA,NA,NA,NA,NA,NA,NA,NA,NA,NA,NA,NA,NA,NA,NA,NA,NA,NA,NA,NA,NA,NA,NA,NA
"Darren Waller","TE","CAR",NA,NA,NA,NA,NA,NA,NA,NA,NA,NA,NA,NA,NA,NA,NA,"2576925","ESPN","12263","ESPN","TE",NA,NA,NA,NA,NA,NA,NA,NA,NA,NA,NA,NA,NA,NA,NA,NA,NA,NA,NA,NA,NA,NA,NA,NA,NA,NA,NA,NA,NA,NA,NA,NA,NA,NA,NA,NA,NA,NA,NA,NA,NA,NA,NA,NA,NA,NA,NA,NA,NA,NA,NA,NA,NA,NA,NA,NA,NA,NA,NA,NA,NA,NA
"Cade Otton","TE","TB",NA,NA,NA,NA,NA,NA,NA,NA,NA,NA,NA,NA,NA,NA,NA,"4243331","ESPN","15802","ESPN","TE",5,3,41,NA,NA,0,NA,NA,NA,NA,NA,NA,NA,NA,NA,NA,NA,NA,NA,NA,NA,NA,NA,NA,NA,NA,NA,NA,NA,NA,NA,NA,NA,NA,NA,NA,NA,NA,NA,NA,NA,NA,NA,NA,NA,NA,NA,NA,NA,NA,NA,NA,NA,NA,NA,NA,NA,NA,NA,NA,NA,NA
"Evan Engram","TE","DEN",NA,NA,NA,NA,NA,NA,NA,NA,NA,NA,NA,NA,NA,NA,NA,"3051876","ESPN","13189","ESPN","TE",4,2,22,NA,NA,0,NA,NA,NA,NA,NA,NA,NA,NA,NA,NA,NA,NA,NA,NA,NA,NA,NA,NA,NA,NA,NA,NA,NA,NA,NA,NA,NA,NA,NA,NA,NA,NA,NA,NA,NA,NA,NA,NA,NA,NA,NA,NA,NA,NA,NA,NA,NA,NA,NA,NA,NA,NA,NA,NA,NA,NA
"David Njoku","TE","LAC",NA,NA,NA,NA,NA,NA,NA,NA,NA,NA,NA,NA,NA,NA,NA,"3123076","ESPN","13192","ESPN","TE",NA,NA,NA,NA,NA,NA,NA,NA,NA,NA,NA,NA,NA,NA,NA,NA,NA,NA,NA,NA,NA,NA,NA,NA,NA,NA,NA,NA,NA,NA,NA,NA,NA,NA,NA,NA,NA,NA,NA,NA,NA,NA,NA,NA,NA,NA,NA,NA,NA,NA,NA,NA,NA,NA,NA,NA,NA,NA,NA,NA,NA,NA
"Oronde Gadsden","TE","LAC",NA,NA,NA,NA,NA,NA,NA,NA,NA,NA,NA,NA,NA,NA,NA,"4595342","ESPN","17099","ESPN","TE",3,2,25,NA,NA,0,NA,NA,NA,NA,NA,NA,NA,NA,NA,NA,NA,NA,NA,NA,NA,NA,NA,NA,NA,NA,NA,NA,NA,NA,NA,NA,NA,NA,NA,NA,NA,NA,NA,NA,NA,NA,NA,NA,NA,NA,NA,NA,NA,NA,NA,NA,NA,NA,NA,NA,NA,NA,NA,NA,NA,NA
"Mike Gesicki","TE","CIN",NA,NA,NA,NA,NA,NA,NA,NA,NA,NA,NA,NA,NA,NA,NA,"3116164","ESPN","13672","ESPN","TE",3,2,23,NA,NA,0,NA,NA,NA,NA,NA,NA,NA,NA,NA,NA,NA,NA,NA,NA,NA,NA,NA,NA,NA,NA,NA,NA,NA,NA,NA,NA,NA,NA,NA,NA,NA,NA,NA,NA,NA,NA,NA,NA,NA,NA,NA,NA,NA,NA,NA,NA,NA,NA,NA,NA,NA,NA,NA,NA,NA,NA
"Michael Mayer","TE","LV",NA,NA,NA,NA,NA,NA,NA,NA,NA,NA,NA,NA,NA,NA,NA,"4429086","ESPN","16212","ESPN","TE",5,4,34,NA,NA,0,NA,NA,NA,NA,NA,NA,NA,NA,NA,NA,NA,NA,NA,NA,NA,NA,NA,NA,NA,NA,NA,NA,NA,NA,NA,NA,NA,NA,NA,NA,NA,NA,NA,NA,NA,NA,NA,NA,NA,NA,NA,NA,NA,NA,NA,NA,NA,NA,NA,NA,NA,NA,NA,NA,NA,NA
"Jake Tonges","TE","SF",NA,NA,NA,NA,NA,NA,NA,NA,NA,NA,NA,NA,NA,NA,NA,"4259147","ESPN","16036","ESPN","TE",NA,NA,NA,NA,NA,NA,NA,NA,NA,NA,NA,NA,NA,NA,NA,NA,NA,NA,NA,NA,NA,NA,NA,NA,NA,NA,NA,NA,NA,NA,NA,NA,NA,NA,NA,NA,NA,NA,NA,NA,NA,NA,NA,NA,NA,NA,NA,NA,NA,NA,NA,NA,NA,NA,NA,NA,NA,NA,NA,NA,NA,NA
"Colby Parkinson","TE","LAR",NA,NA,NA,NA,NA,NA,NA,NA,NA,NA,NA,NA,NA,NA,NA,"4242557","ESPN","14871","ESPN","TE",4,3,29,NA,NA,0,NA,NA,NA,NA,NA,NA,NA,NA,NA,NA,NA,NA,NA,NA,NA,NA,NA,NA,NA,NA,NA,NA,NA,NA,NA,NA,NA,NA,NA,NA,NA,NA,NA,NA,NA,NA,NA,NA,NA,NA,NA,NA,NA,NA,NA,NA,NA,NA,NA,NA,NA,NA,NA,NA,NA,NA
"Erick All Jr.","TE","CIN",NA,NA,NA,NA,NA,NA,NA,NA,NA,NA,NA,NA,NA,NA,NA,"4427834","ESPN","16645","ESPN","TE",1,1,5,NA,NA,0,NA,NA,NA,NA,NA,NA,NA,NA,NA,NA,NA,NA,NA,NA,NA,NA,NA,NA,NA,NA,NA,NA,NA,NA,NA,NA,NA,NA,NA,NA,NA,NA,NA,NA,NA,NA,NA,NA,NA,NA,NA,NA,NA,NA,NA,NA,NA,NA,NA,NA,NA,NA,NA,NA,NA,NA
"Darnell Washington","TE","PIT",NA,NA,NA,NA,NA,NA,NA,NA,NA,NA,NA,NA,NA,NA,NA,"4430802","ESPN","16216","ESPN","TE",3,2,21,NA,NA,0,NA,NA,NA,NA,NA,NA,NA,NA,NA,NA,NA,NA,NA,NA,NA,NA,NA,NA,NA,NA,NA,NA,NA,NA,NA,NA,NA,NA,NA,NA,NA,NA,NA,NA,NA,NA,NA,NA,NA,NA,NA,NA,NA,NA,NA,NA,NA,NA,NA,NA,NA,NA,NA,NA,NA,NA
"Dawson Knox","TE","BUF",NA,NA,NA,NA,NA,NA,NA,NA,NA,NA,NA,NA,NA,NA,NA,"3930086","ESPN","14143","ESPN","TE",2,1,10,NA,NA,0,NA,NA,NA,NA,NA,NA,NA,NA,NA,NA,NA,NA,NA,NA,NA,NA,NA,NA,NA,NA,NA,NA,NA,NA,NA,NA,NA,NA,NA,NA,NA,NA,NA,NA,NA,NA,NA,NA,NA,NA,NA,NA,NA,NA,NA,NA,NA,NA,NA,NA,NA,NA,NA,NA,NA,NA
"Elijah Arroyo","TE","SEA",NA,NA,NA,NA,NA,NA,NA,NA,NA,NA,NA,NA,NA,NA,NA,"4678006","ESPN","17108","ESPN","TE",0,0,2,NA,NA,0,NA,NA,NA,NA,NA,NA,NA,NA,NA,NA,NA,NA,NA,NA,NA,NA,NA,NA,NA,NA,NA,NA,NA,NA,NA,NA,NA,NA,NA,NA,NA,NA,NA,NA,NA,NA,NA,NA,NA,NA,NA,NA,NA,NA,NA,NA,NA,NA,NA,NA,NA,NA,NA,NA,NA,NA
"Mason Taylor","TE","NYJ",NA,NA,NA,NA,NA,NA,NA,NA,NA,NA,NA,NA,NA,NA,NA,"4808766","ESPN","17106","ESPN","TE",3,2,18,NA,NA,0,NA,NA,NA,NA,NA,NA,NA,NA,NA,NA,NA,NA,NA,NA,NA,NA,NA,NA,NA,NA,NA,NA,NA,NA,NA,NA,NA,NA,NA,NA,NA,NA,NA,NA,NA,NA,NA,NA,NA,NA,NA,NA,NA,NA,NA,NA,NA,NA,NA,NA,NA,NA,NA,NA,NA,NA
"Theo Johnson","TE","NYG",NA,NA,NA,NA,NA,NA,NA,NA,NA,NA,NA,NA,NA,NA,NA,"4429148","ESPN","16649","ESPN","TE",2,1,11,NA,NA,0,NA,NA,NA,NA,NA,NA,NA,NA,NA,NA,NA,NA,NA,NA,NA,NA,NA,NA,NA,NA,NA,NA,NA,NA,NA,NA,NA,NA,NA,NA,NA,NA,NA,NA,NA,NA,NA,NA,NA,NA,NA,NA,NA,NA,NA,NA,NA,NA,NA,NA,NA,NA,NA,NA,NA,NA
"Cole Kmet","TE","CHI",NA,NA,NA,NA,NA,NA,NA,NA,NA,NA,NA,NA,NA,NA,NA,"4258595","ESPN","14867","ESPN","TE",2,1,10,NA,NA,0,NA,NA,NA,NA,NA,NA,NA,NA,NA,NA,NA,NA,NA,NA,NA,NA,NA,NA,NA,NA,NA,NA,NA,NA,NA,NA,NA,NA,NA,NA,NA,NA,NA,NA,NA,NA,NA,NA,NA,NA,NA,NA,NA,NA,NA,NA,NA,NA,NA,NA,NA,NA,NA,NA,NA,NA
"Ja'Tavion Sanders","TE","CAR",NA,NA,NA,NA,NA,NA,NA,NA,NA,NA,NA,NA,NA,NA,NA,"4431588","ESPN","16643","ESPN","TE",NA,NA,NA,NA,NA,NA,NA,NA,NA,NA,NA,NA,NA,NA,NA,NA,NA,NA,NA,NA,NA,NA,NA,NA,NA,NA,NA,NA,NA,NA,NA,NA,NA,NA,NA,NA,NA,NA,NA,NA,NA,NA,NA,NA,NA,NA,NA,NA,NA,NA,NA,NA,NA,NA,NA,NA,NA,NA,NA,NA,NA,NA
"Noah Gray","TE","KCC",NA,NA,NA,NA,NA,NA,NA,NA,NA,NA,NA,NA,NA,NA,NA,"4240472","ESPN","15337","ESPN","TE",NA,NA,NA,NA,NA,NA,NA,NA,NA,NA,NA,NA,NA,NA,NA,NA,NA,NA,NA,NA,NA,NA,NA,NA,NA,NA,NA,NA,NA,NA,NA,NA,NA,NA,NA,NA,NA,NA,NA,NA,NA,NA,NA,NA,NA,NA,NA,NA,NA,NA,NA,NA,NA,NA,NA,NA,NA,NA,NA,NA,NA,NA
"Eli Stowers","TE","PHI",NA,NA,NA,NA,NA,NA,NA,NA,NA,NA,NA,NA,NA,NA,NA,"4431574","ESPN","17544","ESPN","TE",NA,NA,NA,NA,NA,NA,NA,NA,NA,NA,NA,NA,NA,NA,NA,NA,NA,NA,NA,NA,NA,NA,NA,NA,NA,NA,NA,NA,NA,NA,NA,NA,NA,NA,NA,NA,NA,NA,NA,NA,NA,NA,NA,NA,NA,NA,NA,NA,NA,NA,NA,NA,NA,NA,NA,NA,NA,NA,NA,NA,NA,NA
"Tyler Higbee","TE","LAR",NA,NA,NA,NA,NA,NA,NA,NA,NA,NA,NA,NA,NA,NA,NA,"2573401","ESPN","12678","ESPN","TE",2,1,13,NA,NA,0,NA,NA,NA,NA,NA,NA,NA,NA,NA,NA,NA,NA,NA,NA,NA,NA,NA,NA,NA,NA,NA,NA,NA,NA,NA,NA,NA,NA,NA,NA,NA,NA,NA,NA,NA,NA,NA,NA,NA,NA,NA,NA,NA,NA,NA,NA,NA,NA,NA,NA,NA,NA,NA,NA,NA,NA
"Max Klare","TE","LAR",NA,NA,NA,NA,NA,NA,NA,NA,NA,NA,NA,NA,NA,NA,NA,"4833029","ESPN","17547","ESPN","TE",NA,NA,NA,NA,NA,NA,NA,NA,NA,NA,NA,NA,NA,NA,NA,NA,NA,NA,NA,NA,NA,NA,NA,NA,NA,NA,NA,NA,NA,NA,NA,NA,NA,NA,NA,NA,NA,NA,NA,NA,NA,NA,NA,NA,NA,NA,NA,NA,NA,NA,NA,NA,NA,NA,NA,NA,NA,NA,NA,NA,NA,NA
"Drew Sample","TE","CIN",NA,NA,NA,NA,NA,NA,NA,NA,NA,NA,NA,NA,NA,NA,NA,"3127310","ESPN","14146","ESPN","TE",1,1,7,NA,NA,0,NA,NA,NA,NA,NA,NA,NA,NA,NA,NA,NA,NA,NA,NA,NA,NA,NA,NA,NA,NA,NA,NA,NA,NA,NA,NA,NA,NA,NA,NA,NA,NA,NA,NA,NA,NA,NA,NA,NA,NA,NA,NA,NA,NA,NA,NA,NA,NA,NA,NA,NA,NA,NA,NA,NA,NA
"Eli Raridon","TE","NE",NA,NA,NA,NA,NA,NA,NA,NA,NA,NA,NA,NA,NA,NA,NA,"4831959","ESPN","17607","ESPN","TE",2,1,13,NA,NA,0,NA,NA,NA,NA,NA,NA,NA,NA,NA,NA,NA,NA,NA,NA,NA,NA,NA,NA,NA,NA,NA,NA,NA,NA,NA,NA,NA,NA,NA,NA,NA,NA,NA,NA,NA,NA,NA,NA,NA,NA,NA,NA,NA,NA,NA,NA,NA,NA,NA,NA,NA,NA,NA,NA,NA,NA
"Tommy Tremble","TE","CAR",NA,NA,NA,NA,NA,NA,NA,NA,NA,NA,NA,NA,NA,NA,NA,"4372780","ESPN","15332","ESPN","TE",NA,NA,NA,NA,NA,NA,NA,NA,NA,NA,NA,NA,NA,NA,NA,NA,NA,NA,NA,NA,NA,NA,NA,NA,NA,NA,NA,NA,NA,NA,NA,NA,NA,NA,NA,NA,NA,NA,NA,NA,NA,NA,NA,NA,NA,NA,NA,NA,NA,NA,NA,NA,NA,NA,NA,NA,NA,NA,NA,NA,NA,NA
"Austin Hooper","TE","ATL",NA,NA,NA,NA,NA,NA,NA,NA,NA,NA,NA,NA,NA,NA,NA,"3043275","ESPN","12677","ESPN","TE",2,1,12,NA,NA,0,NA,NA,NA,NA,NA,NA,NA,NA,NA,NA,NA,NA,NA,NA,NA,NA,NA,NA,NA,NA,NA,NA,NA,NA,NA,NA,NA,NA,NA,NA,NA,NA,NA,NA,NA,NA,NA,NA,NA,NA,NA,NA,NA,NA,NA,NA,NA,NA,NA,NA,NA,NA,NA,NA,NA,NA
"Elijah Higgins","TE","ARI",NA,NA,NA,NA,NA,NA,NA,NA,NA,NA,NA,NA,NA,NA,NA,"4426844","ESPN","16333","ESPN","TE",2,1,12,NA,NA,0,NA,NA,NA,NA,NA,NA,NA,NA,NA,NA,NA,NA,NA,NA,NA,NA,NA,NA,NA,NA,NA,NA,NA,NA,NA,NA,NA,NA,NA,NA,NA,NA,NA,NA,NA,NA,NA,NA,NA,NA,NA,NA,NA,NA,NA,NA,NA,NA,NA,NA,NA,NA,NA,NA,NA,NA
"Jonnu Smith","TE","GB",NA,NA,NA,NA,NA,NA,NA,NA,NA,NA,NA,NA,NA,NA,NA,"3054212","ESPN","13193","ESPN","TE",2,1,11,NA,NA,0,NA,NA,NA,NA,NA,NA,NA,NA,NA,NA,NA,NA,NA,NA,NA,NA,NA,NA,NA,NA,NA,NA,NA,NA,NA,NA,NA,NA,NA,NA,NA,NA,NA,NA,NA,NA,NA,NA,NA,NA,NA,NA,NA,NA,NA,NA,NA,NA,NA,NA,NA,NA,NA,NA,NA,NA
"Will Kacmarek","TE","MIA",NA,NA,NA,NA,NA,NA,NA,NA,NA,NA,NA,NA,NA,NA,NA,"4880236","ESPN","17605","ESPN","TE",1,1,8,NA,NA,0,NA,NA,NA,NA,NA,NA,NA,NA,NA,NA,NA,NA,NA,NA,NA,NA,NA,NA,NA,NA,NA,NA,NA,NA,NA,NA,NA,NA,NA,NA,NA,NA,NA,NA,NA,NA,NA,NA,NA,NA,NA,NA,NA,NA,NA,NA,NA,NA,NA,NA,NA,NA,NA,NA,NA,NA
"Noah Fant","TE","NO",NA,NA,NA,NA,NA,NA,NA,NA,NA,NA,NA,NA,NA,NA,NA,"4036131","ESPN","14137","ESPN","TE",3,2,18,NA,NA,0,NA,NA,NA,NA,NA,NA,NA,NA,NA,NA,NA,NA,NA,NA,NA,NA,NA,NA,NA,NA,NA,NA,NA,NA,NA,NA,NA,NA,NA,NA,NA,NA,NA,NA,NA,NA,NA,NA,NA,NA,NA,NA,NA,NA,NA,NA,NA,NA,NA,NA,NA,NA,NA,NA,NA,NA
"Josh Oliver","TE","MIN",NA,NA,NA,NA,NA,NA,NA,NA,NA,NA,NA,NA,NA,NA,NA,"3921690","ESPN","14209","ESPN","TE",NA,NA,NA,NA,NA,NA,NA,NA,NA,NA,NA,NA,NA,NA,NA,NA,NA,NA,NA,NA,NA,NA,NA,NA,NA,NA,NA,NA,NA,NA,NA,NA,NA,NA,NA,NA,NA,NA,NA,NA,NA,NA,NA,NA,NA,NA,NA,NA,NA,NA,NA,NA,NA,NA,NA,NA,NA,NA,NA,NA,NA,NA
"Adam Trautman","TE","DEN",NA,NA,NA,NA,NA,NA,NA,NA,NA,NA,NA,NA,NA,NA,NA,"3911853","ESPN","14870","ESPN","TE",1,1,9,NA,NA,0,NA,NA,NA,NA,NA,NA,NA,NA,NA,NA,NA,NA,NA,NA,NA,NA,NA,NA,NA,NA,NA,NA,NA,NA,NA,NA,NA,NA,NA,NA,NA,NA,NA,NA,NA,NA,NA,NA,NA,NA,NA,NA,NA,NA,NA,NA,NA,NA,NA,NA,NA,NA,NA,NA,NA,NA
"Charlie Kolar","TE","LAC",NA,NA,NA,NA,NA,NA,NA,NA,NA,NA,NA,NA,NA,NA,NA,"4241263","ESPN","15795","ESPN","TE",2,1,12,NA,NA,0,NA,NA,NA,NA,NA,NA,NA,NA,NA,NA,NA,NA,NA,NA,NA,NA,NA,NA,NA,NA,NA,NA,NA,NA,NA,NA,NA,NA,NA,NA,NA,NA,NA,NA,NA,NA,NA,NA,NA,NA,NA,NA,NA,NA,NA,NA,NA,NA,NA,NA,NA,NA,NA,NA,NA,NA
"Cade Stover","TE","HOU",NA,NA,NA,NA,NA,NA,NA,NA,NA,NA,NA,NA,NA,NA,NA,"4426496","ESPN","16642","ESPN","TE",0,0,2,NA,NA,0,NA,NA,NA,NA,NA,NA,NA,NA,NA,NA,NA,NA,NA,NA,NA,NA,NA,NA,NA,NA,NA,NA,NA,NA,NA,NA,NA,NA,NA,NA,NA,NA,NA,NA,NA,NA,NA,NA,NA,NA,NA,NA,NA,NA,NA,NA,NA,NA,NA,NA,NA,NA,NA,NA,NA,NA
"Brandon Aubrey","K","DAL",NA,NA,NA,NA,NA,NA,NA,NA,NA,NA,NA,NA,NA,NA,NA,"3953687","ESPN","16414","ESPN","K",NA,NA,NA,NA,NA,NA,2,3,NA,NA,NA,NA,NA,NA,1,NA,0,NA,3,3,NA,NA,NA,NA,NA,NA,NA,NA,NA,NA,NA,NA,NA,NA,1,1,1,1,NA,NA,NA,NA,NA,NA,NA,NA,NA,NA,NA,NA,NA,NA,NA,NA,NA,NA,NA,NA,NA,NA,NA,NA
"Cameron Dicker","K","LAC",NA,NA,NA,NA,NA,NA,NA,NA,NA,NA,NA,NA,NA,NA,NA,"4362081","ESPN","15979","ESPN","K",NA,NA,NA,NA,NA,NA,2,2,NA,NA,NA,NA,NA,NA,1,NA,0,NA,2,2,NA,NA,NA,NA,NA,NA,NA,NA,NA,NA,NA,NA,NA,NA,1,1,1,1,NA,NA,NA,NA,NA,NA,NA,NA,NA,NA,NA,NA,NA,NA,NA,NA,NA,NA,NA,NA,NA,NA,NA,NA
"Jason Myers","K","SEA",NA,NA,NA,NA,NA,NA,NA,NA,NA,NA,NA,NA,NA,NA,NA,"2473037","ESPN","12437","ESPN","K",NA,NA,NA,NA,NA,NA,2,2,NA,NA,NA,NA,NA,NA,0,NA,0,NA,2,2,NA,NA,NA,NA,NA,NA,NA,NA,NA,NA,NA,NA,NA,NA,0,1,1,1,NA,NA,NA,NA,NA,NA,NA,NA,NA,NA,NA,NA,NA,NA,NA,NA,NA,NA,NA,NA,NA,NA,NA,NA
"Harrison Mevis","K","LAR",NA,NA,NA,NA,NA,NA,NA,NA,NA,NA,NA,NA,NA,NA,NA,"4574716","ESPN","16843","ESPN","K",NA,NA,NA,NA,NA,NA,2,2,NA,NA,NA,NA,NA,NA,0,NA,0,NA,3,3,NA,NA,NA,NA,NA,NA,NA,NA,NA,NA,NA,NA,NA,NA,0,1,1,1,NA,NA,NA,NA,NA,NA,NA,NA,NA,NA,NA,NA,NA,NA,NA,NA,NA,NA,NA,NA,NA,NA,NA,NA
"Ka'imi Fairbairn","K","HOU",NA,NA,NA,NA,NA,NA,NA,NA,NA,NA,NA,NA,NA,NA,NA,"2971573","ESPN","12860","ESPN","K",NA,NA,NA,NA,NA,NA,2,2,NA,NA,NA,NA,NA,NA,1,NA,0,NA,2,2,NA,NA,NA,NA,NA,NA,NA,NA,NA,NA,NA,NA,NA,NA,1,1,1,1,NA,NA,NA,NA,NA,NA,NA,NA,NA,NA,NA,NA,NA,NA,NA,NA,NA,NA,NA,NA,NA,NA,NA,NA
"Eddy Pineiro","K","SF",NA,NA,NA,NA,NA,NA,NA,NA,NA,NA,NA,NA,NA,NA,NA,"4034949","ESPN","13719","ESPN","K",NA,NA,NA,NA,NA,NA,2,2,NA,NA,NA,NA,NA,NA,0,NA,0,NA,2,2,NA,NA,NA,NA,NA,NA,NA,NA,NA,NA,NA,NA,NA,NA,0,1,1,1,NA,NA,NA,NA,NA,NA,NA,NA,NA,NA,NA,NA,NA,NA,NA,NA,NA,NA,NA,NA,NA,NA,NA,NA
"Harrison Butker","K","KCC",NA,NA,NA,NA,NA,NA,NA,NA,NA,NA,NA,NA,NA,NA,NA,"3055899","ESPN","13354","ESPN","K",NA,NA,NA,NA,NA,NA,NA,NA,NA,NA,NA,NA,NA,NA,NA,NA,NA,NA,NA,NA,NA,NA,NA,NA,NA,NA,NA,NA,NA,NA,NA,NA,NA,NA,NA,NA,NA,NA,NA,NA,NA,NA,NA,NA,NA,NA,NA,NA,NA,NA,NA,NA,NA,NA,NA,NA,NA,NA,NA,NA,NA,NA
"Cam Little","K","JAC",NA,NA,NA,NA,NA,NA,NA,NA,NA,NA,NA,NA,NA,NA,NA,"4686361","ESPN","16680","ESPN","K",NA,NA,NA,NA,NA,NA,2,2,NA,NA,NA,NA,NA,NA,1,NA,0,NA,3,3,NA,NA,NA,NA,NA,NA,NA,NA,NA,NA,NA,NA,NA,NA,1,1,1,1,NA,NA,NA,NA,NA,NA,NA,NA,NA,NA,NA,NA,NA,NA,NA,NA,NA,NA,NA,NA,NA,NA,NA,NA
"Jake Bates","K","DET",NA,NA,NA,NA,NA,NA,NA,NA,NA,NA,NA,NA,NA,NA,NA,"4689936","ESPN","16846","ESPN","K",NA,NA,NA,NA,NA,NA,2,2,NA,NA,NA,NA,NA,NA,0,NA,0,NA,3,3,NA,NA,NA,NA,NA,NA,NA,NA,NA,NA,NA,NA,NA,NA,0,1,1,1,NA,NA,NA,NA,NA,NA,NA,NA,NA,NA,NA,NA,NA,NA,NA,NA,NA,NA,NA,NA,NA,NA,NA,NA
"Tyler Loop","K","BAL",NA,NA,NA,NA,NA,NA,NA,NA,NA,NA,NA,NA,NA,NA,NA,"4697745","ESPN","17222","ESPN","K",NA,NA,NA,NA,NA,NA,2,2,NA,NA,NA,NA,NA,NA,0,NA,0,NA,2,2,NA,NA,NA,NA,NA,NA,NA,NA,NA,NA,NA,NA,NA,NA,0,1,1,1,NA,NA,NA,NA,NA,NA,NA,NA,NA,NA,NA,NA,NA,NA,NA,NA,NA,NA,NA,NA,NA,NA,NA,NA
"Cairo Santos","K","CHI",NA,NA,NA,NA,NA,NA,NA,NA,NA,NA,NA,NA,NA,NA,NA,"17427","ESPN","11945","ESPN","K",NA,NA,NA,NA,NA,NA,2,2,NA,NA,NA,NA,NA,NA,0,NA,0,NA,2,3,NA,NA,NA,NA,NA,NA,NA,NA,NA,NA,NA,NA,NA,NA,0,1,1,1,NA,NA,NA,NA,NA,NA,NA,NA,NA,NA,NA,NA,NA,NA,NA,NA,NA,NA,NA,NA,NA,NA,NA,NA
"Will Reichard","K","MIN",NA,NA,NA,NA,NA,NA,NA,NA,NA,NA,NA,NA,NA,NA,NA,"4567104","ESPN","16681","ESPN","K",NA,NA,NA,NA,NA,NA,2,2,NA,NA,NA,NA,NA,NA,1,NA,0,NA,2,2,NA,NA,NA,NA,NA,NA,NA,NA,NA,NA,NA,NA,NA,NA,1,1,1,1,NA,NA,NA,NA,NA,NA,NA,NA,NA,NA,NA,NA,NA,NA,NA,NA,NA,NA,NA,NA,NA,NA,NA,NA
"Chris Boswell","K","PIT",NA,NA,NA,NA,NA,NA,NA,NA,NA,NA,NA,NA,NA,NA,NA,"17372","ESPN","11936","ESPN","K",NA,NA,NA,NA,NA,NA,2,2,NA,NA,NA,NA,NA,NA,0,NA,0,NA,2,2,NA,NA,NA,NA,NA,NA,NA,NA,NA,NA,NA,NA,NA,NA,0,1,1,1,NA,NA,NA,NA,NA,NA,NA,NA,NA,NA,NA,NA,NA,NA,NA,NA,NA,NA,NA,NA,NA,NA,NA,NA
"Chase McLaughlin","K","TB",NA,NA,NA,NA,NA,NA,NA,NA,NA,NA,NA,NA,NA,NA,NA,"3150744","ESPN","14717","ESPN","K",NA,NA,NA,NA,NA,NA,2,2,NA,NA,NA,NA,NA,NA,0,NA,0,NA,2,2,NA,NA,NA,NA,NA,NA,NA,NA,NA,NA,NA,NA,NA,NA,0,1,1,1,NA,NA,NA,NA,NA,NA,NA,NA,NA,NA,NA,NA,NA,NA,NA,NA,NA,NA,NA,NA,NA,NA,NA,NA
"Evan McPherson","K","CIN",NA,NA,NA,NA,NA,NA,NA,NA,NA,NA,NA,NA,NA,NA,NA,"4360234","ESPN","15368","ESPN","K",NA,NA,NA,NA,NA,NA,2,2,NA,NA,NA,NA,NA,NA,0,NA,0,NA,3,3,NA,NA,NA,NA,NA,NA,NA,NA,NA,NA,NA,NA,NA,NA,0,1,1,1,NA,NA,NA,NA,NA,NA,NA,NA,NA,NA,NA,NA,NA,NA,NA,NA,NA,NA,NA,NA,NA,NA,NA,NA
"Nick Folk","K","ATL",NA,NA,NA,NA,NA,NA,NA,NA,NA,NA,NA,NA,NA,NA,NA,"10621","ESPN","8851","ESPN","K",NA,NA,NA,NA,NA,NA,2,2,NA,NA,NA,NA,NA,NA,0,NA,0,NA,2,3,NA,NA,NA,NA,NA,NA,NA,NA,NA,NA,NA,NA,NA,NA,0,1,1,1,NA,NA,NA,NA,NA,NA,NA,NA,NA,NA,NA,NA,NA,NA,NA,NA,NA,NA,NA,NA,NA,NA,NA,NA
"Trey Smack","K","GB",NA,NA,NA,NA,NA,NA,NA,NA,NA,NA,NA,NA,NA,NA,NA,"4869461","ESPN","17668","ESPN","K",NA,NA,NA,NA,NA,NA,2,2,NA,NA,NA,NA,NA,NA,0,NA,0,NA,2,2,NA,NA,NA,NA,NA,NA,NA,NA,NA,NA,NA,NA,NA,NA,1,1,1,1,NA,NA,NA,NA,NA,NA,NA,NA,NA,NA,NA,NA,NA,NA,NA,NA,NA,NA,NA,NA,NA,NA,NA,NA
"Spencer Shrader","K","IND",NA,NA,NA,NA,NA,NA,NA,NA,NA,NA,NA,NA,NA,NA,NA,"4571557","ESPN","16896","ESPN","K",NA,NA,NA,NA,NA,NA,2,2,NA,NA,NA,NA,NA,NA,1,NA,0,NA,2,2,NA,NA,NA,NA,NA,NA,NA,NA,NA,NA,NA,NA,NA,NA,1,1,1,1,NA,NA,NA,NA,NA,NA,NA,NA,NA,NA,NA,NA,NA,NA,NA,NA,NA,NA,NA,NA,NA,NA,NA,NA
"Jake Elliott","K","PHI",NA,NA,NA,NA,NA,NA,NA,NA,NA,NA,NA,NA,NA,NA,NA,"3050478","ESPN","13303","ESPN","K",NA,NA,NA,NA,NA,NA,2,2,NA,NA,NA,NA,NA,NA,0,NA,0,NA,2,2,NA,NA,NA,NA,NA,NA,NA,NA,NA,NA,NA,NA,NA,NA,0,1,1,1,NA,NA,NA,NA,NA,NA,NA,NA,NA,NA,NA,NA,NA,NA,NA,NA,NA,NA,NA,NA,NA,NA,NA,NA
"Daniel Carlson","K","NO",NA,NA,NA,NA,NA,NA,NA,NA,NA,NA,NA,NA,NA,NA,NA,"3051909","ESPN","13718","ESPN","K",NA,NA,NA,NA,NA,NA,2,2,NA,NA,NA,NA,NA,NA,0,NA,0,NA,2,2,NA,NA,NA,NA,NA,NA,NA,NA,NA,NA,NA,NA,NA,NA,0,1,1,1,NA,NA,NA,NA,NA,NA,NA,NA,NA,NA,NA,NA,NA,NA,NA,NA,NA,NA,NA,NA,NA,NA,NA,NA
"Wil Lutz","K","DEN",NA,NA,NA,NA,NA,NA,NA,NA,NA,NA,NA,NA,NA,NA,NA,"2985659","ESPN","12956","ESPN","K",NA,NA,NA,NA,NA,NA,2,2,NA,NA,NA,NA,NA,NA,0,NA,0,NA,2,2,NA,NA,NA,NA,NA,NA,NA,NA,NA,NA,NA,NA,NA,NA,0,1,1,1,NA,NA,NA,NA,NA,NA,NA,NA,NA,NA,NA,NA,NA,NA,NA,NA,NA,NA,NA,NA,NA,NA,NA,NA
"Tyler Bass","K","BUF",NA,NA,NA,NA,NA,NA,NA,NA,NA,NA,NA,NA,NA,NA,NA,"3917232","ESPN","14983","ESPN","K",NA,NA,NA,NA,NA,NA,2,2,NA,NA,NA,NA,NA,NA,0,NA,0,NA,3,3,NA,NA,NA,NA,NA,NA,NA,NA,NA,NA,NA,NA,NA,NA,0,0,1,1,NA,NA,NA,NA,NA,NA,NA,NA,NA,NA,NA,NA,NA,NA,NA,NA,NA,NA,NA,NA,NA,NA,NA,NA
"Dominic Zvada","K","NYG",NA,NA,NA,NA,NA,NA,NA,NA,NA,NA,NA,NA,NA,NA,NA,"5082424","ESPN","17736","ESPN","K",NA,NA,NA,NA,NA,NA,2,2,NA,NA,NA,NA,NA,NA,0,NA,0,NA,2,2,NA,NA,NA,NA,NA,NA,NA,NA,NA,NA,NA,NA,NA,NA,0,1,1,1,NA,NA,NA,NA,NA,NA,NA,NA,NA,NA,NA,NA,NA,NA,NA,NA,NA,NA,NA,NA,NA,NA,NA,NA
"Drew Stevens","K","WAS",NA,NA,NA,NA,NA,NA,NA,NA,NA,NA,NA,NA,NA,NA,NA,"5081335","ESPN","17726","ESPN","K",NA,NA,NA,NA,NA,NA,2,2,NA,NA,NA,NA,NA,NA,0,NA,0,NA,2,2,NA,NA,NA,NA,NA,NA,NA,NA,NA,NA,NA,NA,NA,NA,0,1,1,1,NA,NA,NA,NA,NA,NA,NA,NA,NA,NA,NA,NA,NA,NA,NA,NA,NA,NA,NA,NA,NA,NA,NA,NA
"Andy Borregales","K","NE",NA,NA,NA,NA,NA,NA,NA,NA,NA,NA,NA,NA,NA,NA,NA,"4569923","ESPN","17220","ESPN","K",NA,NA,NA,NA,NA,NA,2,2,NA,NA,NA,NA,NA,NA,0,NA,0,NA,2,2,NA,NA,NA,NA,NA,NA,NA,NA,NA,NA,NA,NA,NA,NA,0,0,1,1,NA,NA,NA,NA,NA,NA,NA,NA,NA,NA,NA,NA,NA,NA,NA,NA,NA,NA,NA,NA,NA,NA,NA,NA
"Riley Patterson","K","MIA",NA,NA,NA,NA,NA,NA,NA,NA,NA,NA,NA,NA,NA,NA,NA,"4243371","ESPN","15369","ESPN","K",NA,NA,NA,NA,NA,NA,2,2,NA,NA,NA,NA,NA,NA,0,NA,0,NA,1,2,NA,NA,NA,NA,NA,NA,NA,NA,NA,NA,NA,NA,NA,NA,0,1,1,1,NA,NA,NA,NA,NA,NA,NA,NA,NA,NA,NA,NA,NA,NA,NA,NA,NA,NA,NA,NA,NA,NA,NA,NA
"Matt Gay","K","LV",NA,NA,NA,NA,NA,NA,NA,NA,NA,NA,NA,NA,NA,NA,NA,"4249087","ESPN","14244","ESPN","K",NA,NA,NA,NA,NA,NA,2,2,NA,NA,NA,NA,NA,NA,0,NA,0,NA,2,2,NA,NA,NA,NA,NA,NA,NA,NA,NA,NA,NA,NA,NA,NA,0,1,1,1,NA,NA,NA,NA,NA,NA,NA,NA,NA,NA,NA,NA,NA,NA,NA,NA,NA,NA,NA,NA,NA,NA,NA,NA
"Ryan Fitzgerald","K","CAR",NA,NA,NA,NA,NA,NA,NA,NA,NA,NA,NA,NA,NA,NA,NA,"4568263","ESPN","17277","ESPN","K",NA,NA,NA,NA,NA,NA,NA,NA,NA,NA,NA,NA,NA,NA,NA,NA,NA,NA,NA,NA,NA,NA,NA,NA,NA,NA,NA,NA,NA,NA,NA,NA,NA,NA,NA,NA,NA,NA,NA,NA,NA,NA,NA,NA,NA,NA,NA,NA,NA,NA,NA,NA,NA,NA,NA,NA,NA,NA,NA,NA,NA,NA
"Joey Slye","K","TEN",NA,NA,NA,NA,NA,NA,NA,NA,NA,NA,NA,NA,NA,NA,NA,"3124084","ESPN","14600","ESPN","K",NA,NA,NA,NA,NA,NA,2,2,NA,NA,NA,NA,NA,NA,0,NA,0,NA,2,2,NA,NA,NA,NA,NA,NA,NA,NA,NA,NA,NA,NA,NA,NA,0,1,1,1,NA,NA,NA,NA,NA,NA,NA,NA,NA,NA,NA,NA,NA,NA,NA,NA,NA,NA,NA,NA,NA,NA,NA,NA
"Chad Ryland","K","ARI",NA,NA,NA,NA,NA,NA,NA,NA,NA,NA,NA,NA,NA,NA,NA,"4363538","ESPN","16292","ESPN","K",NA,NA,NA,NA,NA,NA,2,2,NA,NA,NA,NA,NA,NA,0,NA,0,NA,3,3,NA,NA,NA,NA,NA,NA,NA,NA,NA,NA,NA,NA,NA,NA,0,1,1,1,NA,NA,NA,NA,NA,NA,NA,NA,NA,NA,NA,NA,NA,NA,NA,NA,NA,NA,NA,NA,NA,NA,NA,NA
"Andre Szmyt","K","CLE",NA,NA,NA,NA,NA,NA,NA,NA,NA,NA,NA,NA,NA,NA,NA,"4258620","ESPN","16419","ESPN","K",NA,NA,NA,NA,NA,NA,2,2,NA,NA,NA,NA,NA,NA,0,NA,0,NA,2,2,NA,NA,NA,NA,NA,NA,NA,NA,NA,NA,NA,NA,NA,NA,0,1,1,1,NA,NA,NA,NA,NA,NA,NA,NA,NA,NA,NA,NA,NA,NA,NA,NA,NA,NA,NA,NA,NA,NA,NA,NA
"Blake Grupe","K","FA",NA,NA,NA,NA,NA,NA,NA,NA,NA,NA,NA,NA,NA,NA,NA,"4259619","ESPN","16444","ESPN","K",NA,NA,NA,NA,NA,NA,NA,NA,NA,NA,NA,NA,NA,NA,NA,NA,NA,NA,NA,NA,NA,NA,NA,NA,NA,NA,NA,NA,NA,NA,NA,NA,NA,NA,NA,NA,NA,NA,NA,NA,NA,NA,NA,NA,NA,NA,NA,NA,NA,NA,NA,NA,NA,NA,NA,NA,NA,NA,NA,NA,NA,NA
"Texans D/ST","DST","HOU",NA,NA,NA,NA,NA,NA,NA,NA,NA,NA,NA,NA,NA,NA,NA,"-16034","ESPN","0532","ESPN","DST",NA,NA,NA,NA,NA,NA,NA,NA,NA,NA,NA,NA,NA,NA,NA,NA,NA,NA,NA,NA,1,NA,2,60,1,NA,0,312,NA,NA,NA,312,NA,1,NA,NA,NA,NA,NA,NA,NA,NA,NA,NA,NA,NA,NA,NA,NA,NA,NA,NA,NA,NA,NA,NA,NA,NA,NA,NA,NA,NA
"Broncos D/ST","DST","DEN",NA,NA,NA,NA,NA,NA,NA,NA,NA,NA,NA,NA,NA,NA,NA,"-16007","ESPN","0511","ESPN","DST",NA,NA,NA,NA,NA,NA,NA,NA,NA,NA,NA,NA,NA,NA,NA,NA,NA,NA,NA,NA,1,NA,3,62,0,NA,0,336,NA,NA,NA,336,NA,1,NA,NA,NA,NA,NA,NA,NA,NA,NA,NA,NA,NA,NA,NA,NA,NA,NA,NA,NA,NA,NA,NA,NA,NA,NA,NA,NA,NA
"Steelers D/ST","DST","PIT",NA,NA,NA,NA,NA,NA,NA,NA,NA,NA,NA,NA,NA,NA,NA,"-16023","ESPN","0510","ESPN","DST",NA,NA,NA,NA,NA,NA,NA,NA,NA,NA,NA,NA,NA,NA,NA,NA,NA,NA,NA,NA,1,NA,3,61,1,NA,0,325,NA,NA,NA,325,NA,1,NA,NA,NA,NA,NA,NA,NA,NA,NA,NA,NA,NA,NA,NA,NA,NA,NA,NA,NA,NA,NA,NA,NA,NA,NA,NA,NA,NA
"Seahawks D/ST","DST","SEA",NA,NA,NA,NA,NA,NA,NA,NA,NA,NA,NA,NA,NA,NA,NA,"-16026","ESPN","0515","ESPN","DST",NA,NA,NA,NA,NA,NA,NA,NA,NA,NA,NA,NA,NA,NA,NA,NA,NA,NA,NA,NA,1,NA,2,62,0,NA,0,360,NA,NA,NA,360,NA,1,NA,NA,NA,NA,NA,NA,NA,NA,NA,NA,NA,NA,NA,NA,NA,NA,NA,NA,NA,NA,NA,NA,NA,NA,NA,NA,NA,NA
"Rams D/ST","DST","LAR",NA,NA,NA,NA,NA,NA,NA,NA,NA,NA,NA,NA,NA,NA,NA,"-16014","ESPN","0528","ESPN","DST",NA,NA,NA,NA,NA,NA,NA,NA,NA,NA,NA,NA,NA,NA,NA,NA,NA,NA,NA,NA,1,NA,2,61,0,NA,0,344,NA,NA,NA,344,NA,1,NA,NA,NA,NA,NA,NA,NA,NA,NA,NA,NA,NA,NA,NA,NA,NA,NA,NA,NA,NA,NA,NA,NA,NA,NA,NA,NA,NA
"Ravens D/ST","DST","BAL",NA,NA,NA,NA,NA,NA,NA,NA,NA,NA,NA,NA,NA,NA,NA,"-16033","ESPN","0531","ESPN","DST",NA,NA,NA,NA,NA,NA,NA,NA,NA,NA,NA,NA,NA,NA,NA,NA,NA,NA,NA,NA,1,NA,2,60,1,NA,0,365,NA,NA,NA,365,NA,1,NA,NA,NA,NA,NA,NA,NA,NA,NA,NA,NA,NA,NA,NA,NA,NA,NA,NA,NA,NA,NA,NA,NA,NA,NA,NA,NA,NA
"Eagles D/ST","DST","PHI",NA,NA,NA,NA,NA,NA,NA,NA,NA,NA,NA,NA,NA,NA,NA,"-16021","ESPN","0518","ESPN","DST",NA,NA,NA,NA,NA,NA,NA,NA,NA,NA,NA,NA,NA,NA,NA,NA,NA,NA,NA,NA,1,NA,2,58,1,NA,0,352,NA,NA,NA,352,NA,1,NA,NA,NA,NA,NA,NA,NA,NA,NA,NA,NA,NA,NA,NA,NA,NA,NA,NA,NA,NA,NA,NA,NA,NA,NA,NA,NA,NA
"Browns D/ST","DST","CLE",NA,NA,NA,NA,NA,NA,NA,NA,NA,NA,NA,NA,NA,NA,NA,"-16005","ESPN","0507","ESPN","DST",NA,NA,NA,NA,NA,NA,NA,NA,NA,NA,NA,NA,NA,NA,NA,NA,NA,NA,NA,NA,1,NA,3,59,0,NA,0,330,NA,NA,NA,330,NA,1,NA,NA,NA,NA,NA,NA,NA,NA,NA,NA,NA,NA,NA,NA,NA,NA,NA,NA,NA,NA,NA,NA,NA,NA,NA,NA,NA,NA
"Patriots D/ST","DST","NE",NA,NA,NA,NA,NA,NA,NA,NA,NA,NA,NA,NA,NA,NA,NA,"-16017","ESPN","0504","ESPN","DST",NA,NA,NA,NA,NA,NA,NA,NA,NA,NA,NA,NA,NA,NA,NA,NA,NA,NA,NA,NA,1,NA,2,60,0,NA,0,327,NA,NA,NA,327,NA,1,NA,NA,NA,NA,NA,NA,NA,NA,NA,NA,NA,NA,NA,NA,NA,NA,NA,NA,NA,NA,NA,NA,NA,NA,NA,NA,NA,NA
"Lions D/ST","DST","DET",NA,NA,NA,NA,NA,NA,NA,NA,NA,NA,NA,NA,NA,NA,NA,"-16008","ESPN","0522","ESPN","DST",NA,NA,NA,NA,NA,NA,NA,NA,NA,NA,NA,NA,NA,NA,NA,NA,NA,NA,NA,NA,1,NA,3,61,1,NA,0,335,NA,NA,NA,335,NA,1,NA,NA,NA,NA,NA,NA,NA,NA,NA,NA,NA,NA,NA,NA,NA,NA,NA,NA,NA,NA,NA,NA,NA,NA,NA,NA,NA,NA
"Chiefs D/ST","DST","KCC",NA,NA,NA,NA,NA,NA,NA,NA,NA,NA,NA,NA,NA,NA,NA,"-16012","ESPN","0512","ESPN","DST",NA,NA,NA,NA,NA,NA,NA,NA,NA,NA,NA,NA,NA,NA,NA,NA,NA,NA,NA,NA,NA,NA,NA,NA,NA,NA,NA,NA,NA,NA,NA,NA,NA,NA,NA,NA,NA,NA,NA,NA,NA,NA,NA,NA,NA,NA,NA,NA,NA,NA,NA,NA,NA,NA,NA,NA,NA,NA,NA,NA,NA,NA
"Chargers D/ST","DST","LAC",NA,NA,NA,NA,NA,NA,NA,NA,NA,NA,NA,NA,NA,NA,NA,"-16024","ESPN","0514","ESPN","DST",NA,NA,NA,NA,NA,NA,NA,NA,NA,NA,NA,NA,NA,NA,NA,NA,NA,NA,NA,NA,1,NA,2,59,1,NA,0,338,NA,NA,NA,338,NA,1,NA,NA,NA,NA,NA,NA,NA,NA,NA,NA,NA,NA,NA,NA,NA,NA,NA,NA,NA,NA,NA,NA,NA,NA,NA,NA,NA,NA
"Buccaneers D/ST","DST","TB",NA,NA,NA,NA,NA,NA,NA,NA,NA,NA,NA,NA,NA,NA,NA,"-16027","ESPN","0525","ESPN","DST",NA,NA,NA,NA,NA,NA,NA,NA,NA,NA,NA,NA,NA,NA,NA,NA,NA,NA,NA,NA,1,NA,2,61,0,NA,0,346,NA,NA,NA,346,NA,1,NA,NA,NA,NA,NA,NA,NA,NA,NA,NA,NA,NA,NA,NA,NA,NA,NA,NA,NA,NA,NA,NA,NA,NA,NA,NA,NA,NA
"Packers D/ST","DST","GB",NA,NA,NA,NA,NA,NA,NA,NA,NA,NA,NA,NA,NA,NA,NA,"-16009","ESPN","0523","ESPN","DST",NA,NA,NA,NA,NA,NA,NA,NA,NA,NA,NA,NA,NA,NA,NA,NA,NA,NA,NA,NA,1,NA,2,65,0,NA,0,352,NA,NA,NA,352,NA,1,NA,NA,NA,NA,NA,NA,NA,NA,NA,NA,NA,NA,NA,NA,NA,NA,NA,NA,NA,NA,NA,NA,NA,NA,NA,NA,NA,NA
"Jaguars D/ST","DST","JAC",NA,NA,NA,NA,NA,NA,NA,NA,NA,NA,NA,NA,NA,NA,NA,"-16030","ESPN","0509","ESPN","DST",NA,NA,NA,NA,NA,NA,NA,NA,NA,NA,NA,NA,NA,NA,NA,NA,NA,NA,NA,NA,1,NA,3,60,0,NA,0,317,NA,NA,NA,317,NA,1,NA,NA,NA,NA,NA,NA,NA,NA,NA,NA,NA,NA,NA,NA,NA,NA,NA,NA,NA,NA,NA,NA,NA,NA,NA,NA,NA,NA
"Saints D/ST","DST","NO",NA,NA,NA,NA,NA,NA,NA,NA,NA,NA,NA,NA,NA,NA,NA,"-16018","ESPN","0529","ESPN","DST",NA,NA,NA,NA,NA,NA,NA,NA,NA,NA,NA,NA,NA,NA,NA,NA,NA,NA,NA,NA,1,NA,2,59,0,NA,0,353,NA,NA,NA,353,NA,1,NA,NA,NA,NA,NA,NA,NA,NA,NA,NA,NA,NA,NA,NA,NA,NA,NA,NA,NA,NA,NA,NA,NA,NA,NA,NA,NA,NA
"Jets D/ST","DST","NYJ",NA,NA,NA,NA,NA,NA,NA,NA,NA,NA,NA,NA,NA,NA,NA,"-16020","ESPN","0505","ESPN","DST",NA,NA,NA,NA,NA,NA,NA,NA,NA,NA,NA,NA,NA,NA,NA,NA,NA,NA,NA,NA,1,NA,3,63,1,NA,0,314,NA,NA,NA,314,NA,1,NA,NA,NA,NA,NA,NA,NA,NA,NA,NA,NA,NA,NA,NA,NA,NA,NA,NA,NA,NA,NA,NA,NA,NA,NA,NA,NA,NA
"49ers D/ST","DST","SF",NA,NA,NA,NA,NA,NA,NA,NA,NA,NA,NA,NA,NA,NA,NA,"-16025","ESPN","0530","ESPN","DST",NA,NA,NA,NA,NA,NA,NA,NA,NA,NA,NA,NA,NA,NA,NA,NA,NA,NA,NA,NA,1,NA,2,63,0,NA,0,340,NA,NA,NA,340,NA,1,NA,NA,NA,NA,NA,NA,NA,NA,NA,NA,NA,NA,NA,NA,NA,NA,NA,NA,NA,NA,NA,NA,NA,NA,NA,NA,NA,NA
"Cowboys D/ST","DST","DAL",NA,NA,NA,NA,NA,NA,NA,NA,NA,NA,NA,NA,NA,NA,NA,"-16006","ESPN","0516","ESPN","DST",NA,NA,NA,NA,NA,NA,NA,NA,NA,NA,NA,NA,NA,NA,NA,NA,NA,NA,NA,NA,1,NA,3,60,0,NA,0,330,NA,NA,NA,330,NA,1,NA,NA,NA,NA,NA,NA,NA,NA,NA,NA,NA,NA,NA,NA,NA,NA,NA,NA,NA,NA,NA,NA,NA,NA,NA,NA,NA,NA
"Colts D/ST","DST","IND",NA,NA,NA,NA,NA,NA,NA,NA,NA,NA,NA,NA,NA,NA,NA,"-16011","ESPN","0502","ESPN","DST",NA,NA,NA,NA,NA,NA,NA,NA,NA,NA,NA,NA,NA,NA,NA,NA,NA,NA,NA,NA,1,NA,2,61,0,NA,0,337,NA,NA,NA,337,NA,1,NA,NA,NA,NA,NA,NA,NA,NA,NA,NA,NA,NA,NA,NA,NA,NA,NA,NA,NA,NA,NA,NA,NA,NA,NA,NA,NA,NA
"Vikings D/ST","DST","MIN",NA,NA,NA,NA,NA,NA,NA,NA,NA,NA,NA,NA,NA,NA,NA,"-16016","ESPN","0524","ESPN","DST",NA,NA,NA,NA,NA,NA,NA,NA,NA,NA,NA,NA,NA,NA,NA,NA,NA,NA,NA,NA,1,NA,3,63,1,NA,0,329,NA,NA,NA,329,NA,1,NA,NA,NA,NA,NA,NA,NA,NA,NA,NA,NA,NA,NA,NA,NA,NA,NA,NA,NA,NA,NA,NA,NA,NA,NA,NA,NA,NA
"Bengals D/ST","DST","CIN",NA,NA,NA,NA,NA,NA,NA,NA,NA,NA,NA,NA,NA,NA,NA,"-16004","ESPN","0506","ESPN","DST",NA,NA,NA,NA,NA,NA,NA,NA,NA,NA,NA,NA,NA,NA,NA,NA,NA,NA,NA,NA,1,NA,3,59,0,NA,0,328,NA,NA,NA,328,NA,1,NA,NA,NA,NA,NA,NA,NA,NA,NA,NA,NA,NA,NA,NA,NA,NA,NA,NA,NA,NA,NA,NA,NA,NA,NA,NA,NA,NA
"Giants D/ST","DST","NYG",NA,NA,NA,NA,NA,NA,NA,NA,NA,NA,NA,NA,NA,NA,NA,"-16019","ESPN","0517","ESPN","DST",NA,NA,NA,NA,NA,NA,NA,NA,NA,NA,NA,NA,NA,NA,NA,NA,NA,NA,NA,NA,1,NA,2,58,0,NA,0,361,NA,NA,NA,361,NA,1,NA,NA,NA,NA,NA,NA,NA,NA,NA,NA,NA,NA,NA,NA,NA,NA,NA,NA,NA,NA,NA,NA,NA,NA,NA,NA,NA,NA
"Bears D/ST","DST","CHI",NA,NA,NA,NA,NA,NA,NA,NA,NA,NA,NA,NA,NA,NA,NA,"-16003","ESPN","0521","ESPN","DST",NA,NA,NA,NA,NA,NA,NA,NA,NA,NA,NA,NA,NA,NA,NA,NA,NA,NA,NA,NA,1,NA,2,61,0,NA,0,341,NA,NA,NA,341,NA,1,NA,NA,NA,NA,NA,NA,NA,NA,NA,NA,NA,NA,NA,NA,NA,NA,NA,NA,NA,NA,NA,NA,NA,NA,NA,NA,NA,NA
"Titans D/ST","DST","TEN",NA,NA,NA,NA,NA,NA,NA,NA,NA,NA,NA,NA,NA,NA,NA,"-16010","ESPN","0508","ESPN","DST",NA,NA,NA,NA,NA,NA,NA,NA,NA,NA,NA,NA,NA,NA,NA,NA,NA,NA,NA,NA,0,NA,2,63,0,NA,0,339,NA,NA,NA,339,NA,1,NA,NA,NA,NA,NA,NA,NA,NA,NA,NA,NA,NA,NA,NA,NA,NA,NA,NA,NA,NA,NA,NA,NA,NA,NA,NA,NA,NA
"Panthers D/ST","DST","CAR",NA,NA,NA,NA,NA,NA,NA,NA,NA,NA,NA,NA,NA,NA,NA,"-16029","ESPN","0527","ESPN","DST",NA,NA,NA,NA,NA,NA,NA,NA,NA,NA,NA,NA,NA,NA,NA,NA,NA,NA,NA,NA,NA,NA,NA,NA,NA,NA,NA,NA,NA,NA,NA,NA,NA,NA,NA,NA,NA,NA,NA,NA,NA,NA,NA,NA,NA,NA,NA,NA,NA,NA,NA,NA,NA,NA,NA,NA,NA,NA,NA,NA,NA,NA
"Commanders D/ST","DST","WAS",NA,NA,NA,NA,NA,NA,NA,NA,NA,NA,NA,NA,NA,NA,NA,"-16028","ESPN","0520","ESPN","DST",NA,NA,NA,NA,NA,NA,NA,NA,NA,NA,NA,NA,NA,NA,NA,NA,NA,NA,NA,NA,1,NA,3,59,1,NA,0,322,NA,NA,NA,322,NA,1,NA,NA,NA,NA,NA,NA,NA,NA,NA,NA,NA,NA,NA,NA,NA,NA,NA,NA,NA,NA,NA,NA,NA,NA,NA,NA,NA,NA
"Falcons D/ST","DST","ATL",NA,NA,NA,NA,NA,NA,NA,NA,NA,NA,NA,NA,NA,NA,NA,"-16001","ESPN","0526","ESPN","DST",NA,NA,NA,NA,NA,NA,NA,NA,NA,NA,NA,NA,NA,NA,NA,NA,NA,NA,NA,NA,1,NA,3,59,0,NA,0,307,NA,NA,NA,307,NA,1,NA,NA,NA,NA,NA,NA,NA,NA,NA,NA,NA,NA,NA,NA,NA,NA,NA,NA,NA,NA,NA,NA,NA,NA,NA,NA,NA,NA
"Bills D/ST","DST","BUF",NA,NA,NA,NA,NA,NA,NA,NA,NA,NA,NA,NA,NA,NA,NA,"-16002","ESPN","0501","ESPN","DST",NA,NA,NA,NA,NA,NA,NA,NA,NA,NA,NA,NA,NA,NA,NA,NA,NA,NA,NA,NA,1,NA,2,61,1,NA,0,369,NA,NA,NA,369,NA,1,NA,NA,NA,NA,NA,NA,NA,NA,NA,NA,NA,NA,NA,NA,NA,NA,NA,NA,NA,NA,NA,NA,NA,NA,NA,NA,NA,NA
"Raiders D/ST","DST","LV",NA,NA,NA,NA,NA,NA,NA,NA,NA,NA,NA,NA,NA,NA,NA,"-16013","ESPN","0513","ESPN","DST",NA,NA,NA,NA,NA,NA,NA,NA,NA,NA,NA,NA,NA,NA,NA,NA,NA,NA,NA,NA,1,NA,3,63,1,NA,0,370,NA,NA,NA,370,NA,1,NA,NA,NA,NA,NA,NA,NA,NA,NA,NA,NA,NA,NA,NA,NA,NA,NA,NA,NA,NA,NA,NA,NA,NA,NA,NA,NA,NA
"Cardinals D/ST","DST","ARI",NA,NA,NA,NA,NA,NA,NA,NA,NA,NA,NA,NA,NA,NA,NA,"-16022","ESPN","0519","ESPN","DST",NA,NA,NA,NA,NA,NA,NA,NA,NA,NA,NA,NA,NA,NA,NA,NA,NA,NA,NA,NA,1,NA,2,64,0,NA,0,384,NA,NA,NA,384,NA,1,NA,NA,NA,NA,NA,NA,NA,NA,NA,NA,NA,NA,NA,NA,NA,NA,NA,NA,NA,NA,NA,NA,NA,NA,NA,NA,NA,NA
"Dolphins D/ST","DST","MIA",NA,NA,NA,NA,NA,NA,NA,NA,NA,NA,NA,NA,NA,NA,NA,"-16015","ESPN","0503","ESPN","DST",NA,NA,NA,NA,NA,NA,NA,NA,NA,NA,NA,NA,NA,NA,NA,NA,NA,NA,NA,NA,1,NA,2,67,0,NA,0,358,NA,NA,NA,358,NA,1,NA,NA,NA,NA,NA,NA,NA,NA,NA,NA,NA,NA,NA,NA,NA,NA,NA,NA,NA,NA,NA,NA,NA,NA,NA,NA,NA,NA
"Josh Allen","QB","BUF",NA,32.2,20.9,239.6,NA,1.4,0.8,NA,7.2,33.4,NA,0.7,0.2,21.2,NA,"17298","FantasyPros","13589","FantasyPros","QB",NA,NA,NA,NA,NA,NA,NA,NA,NA,NA,NA,NA,NA,NA,NA,NA,NA,NA,NA,NA,NA,NA,NA,NA,NA,NA,NA,NA,NA,NA,NA,NA,NA,NA,NA,NA,NA,NA,NA,NA,NA,NA,NA,NA,NA,NA,NA,NA,NA,NA,NA,NA,NA,NA,NA,NA,NA,NA,NA,NA,NA,NA
"Jared Goff","QB","DET",NA,34.7,23.7,286.2,NA,2.3,0.5,NA,1.7,4.3,NA,0,0.2,20.3,NA,"15501","FantasyPros","12611","FantasyPros","QB",NA,NA,NA,NA,NA,NA,NA,NA,NA,NA,NA,NA,NA,NA,NA,NA,NA,NA,NA,NA,NA,NA,NA,NA,NA,NA,NA,NA,NA,NA,NA,NA,NA,NA,NA,NA,NA,NA,NA,NA,NA,NA,NA,NA,NA,NA,NA,NA,NA,NA,NA,NA,NA,NA,NA,NA,NA,NA,NA,NA,NA,NA
"Joe Burrow","QB","CIN",NA,35.7,25.5,272.1,NA,1.9,0.6,NA,3.1,12.2,NA,0.1,0.2,19.7,NA,"19196","FantasyPros","14777","FantasyPros","QB",NA,NA,NA,NA,NA,NA,NA,NA,NA,NA,NA,NA,NA,NA,NA,NA,NA,NA,NA,NA,NA,NA,NA,NA,NA,NA,NA,NA,NA,NA,NA,NA,NA,NA,NA,NA,NA,NA,NA,NA,NA,NA,NA,NA,NA,NA,NA,NA,NA,NA,NA,NA,NA,NA,NA,NA,NA,NA,NA,NA,NA,NA
"Dak Prescott","QB","DAL",NA,34.9,23.9,267.1,NA,2,0.6,NA,2.9,12.2,NA,0.1,0.2,19.7,NA,"15600","FantasyPros","12620","FantasyPros","QB",NA,NA,NA,NA,NA,NA,NA,NA,NA,NA,NA,NA,NA,NA,NA,NA,NA,NA,NA,NA,NA,NA,NA,NA,NA,NA,NA,NA,NA,NA,NA,NA,NA,NA,NA,NA,NA,NA,NA,NA,NA,NA,NA,NA,NA,NA,NA,NA,NA,NA,NA,NA,NA,NA,NA,NA,NA,NA,NA,NA,NA,NA
"Drake Maye","QB","NE",NA,30.6,20.8,246.2,NA,1.6,0.8,NA,5.6,30.8,NA,0.2,0.3,19.4,NA,"23046","FantasyPros","16580","FantasyPros","QB",NA,NA,NA,NA,NA,NA,NA,NA,NA,NA,NA,NA,NA,NA,NA,NA,NA,NA,NA,NA,NA,NA,NA,NA,NA,NA,NA,NA,NA,NA,NA,NA,NA,NA,NA,NA,NA,NA,NA,NA,NA,NA,NA,NA,NA,NA,NA,NA,NA,NA,NA,NA,NA,NA,NA,NA,NA,NA,NA,NA,NA,NA
"Matthew Stafford","QB","LAR",NA,36.3,22.7,273.5,NA,2.1,0.7,NA,1.5,3.7,NA,0,0.2,19,NA,"9451","FantasyPros","9431","FantasyPros","QB",NA,NA,NA,NA,NA,NA,NA,NA,NA,NA,NA,NA,NA,NA,NA,NA,NA,NA,NA,NA,NA,NA,NA,NA,NA,NA,NA,NA,NA,NA,NA,NA,NA,NA,NA,NA,NA,NA,NA,NA,NA,NA,NA,NA,NA,NA,NA,NA,NA,NA,NA,NA,NA,NA,NA,NA,NA,NA,NA,NA,NA,NA
"Jayden Daniels","QB","WAS",NA,29,18.3,193,NA,1.4,0.5,NA,7.7,45.2,NA,0.3,0.2,18.9,NA,"22902","FantasyPros","16581","FantasyPros","QB",NA,NA,NA,NA,NA,NA,NA,NA,NA,NA,NA,NA,NA,NA,NA,NA,NA,NA,NA,NA,NA,NA,NA,NA,NA,NA,NA,NA,NA,NA,NA,NA,NA,NA,NA,NA,NA,NA,NA,NA,NA,NA,NA,NA,NA,NA,NA,NA,NA,NA,NA,NA,NA,NA,NA,NA,NA,NA,NA,NA,NA,NA
"Jacoby Brissett","QB","ARI",NA,35.4,23.4,243.6,NA,1.9,0.6,NA,2.7,11.1,NA,0.1,0.2,18.1,NA,"15642","FantasyPros","12616","FantasyPros","QB",NA,NA,NA,NA,NA,NA,NA,NA,NA,NA,NA,NA,NA,NA,NA,NA,NA,NA,NA,NA,NA,NA,NA,NA,NA,NA,NA,NA,NA,NA,NA,NA,NA,NA,NA,NA,NA,NA,NA,NA,NA,NA,NA,NA,NA,NA,NA,NA,NA,NA,NA,NA,NA,NA,NA,NA,NA,NA,NA,NA,NA,NA
"Trevor Lawrence","QB","JAC",NA,31.5,19.5,229,NA,1.6,0.7,NA,4.1,16.5,NA,0.3,0.2,17.9,NA,"19780","FantasyPros","15237","FantasyPros","QB",NA,NA,NA,NA,NA,NA,NA,NA,NA,NA,NA,NA,NA,NA,NA,NA,NA,NA,NA,NA,NA,NA,NA,NA,NA,NA,NA,NA,NA,NA,NA,NA,NA,NA,NA,NA,NA,NA,NA,NA,NA,NA,NA,NA,NA,NA,NA,NA,NA,NA,NA,NA,NA,NA,NA,NA,NA,NA,NA,NA,NA,NA
"Brock Purdy","QB","SF",NA,32.9,22.2,245.8,NA,1.5,0.9,NA,3.8,17.3,NA,0.2,0.2,17.2,NA,"19797","FantasyPros","15698","FantasyPros","QB",NA,NA,NA,NA,NA,NA,NA,NA,NA,NA,NA,NA,NA,NA,NA,NA,NA,NA,NA,NA,NA,NA,NA,NA,NA,NA,NA,NA,NA,NA,NA,NA,NA,NA,NA,NA,NA,NA,NA,NA,NA,NA,NA,NA,NA,NA,NA,NA,NA,NA,NA,NA,NA,NA,NA,NA,NA,NA,NA,NA,NA,NA
"Jahmyr Gibbs","RB","DET",NA,NA,NA,NA,NA,NA,NA,NA,19.9,96.9,NA,1,0.1,24.3,NA,"22968","FantasyPros","16162","FantasyPros","RB",NA,4.7,40.1,NA,NA,0.4,NA,NA,NA,NA,NA,NA,NA,NA,NA,NA,NA,NA,NA,NA,NA,NA,NA,NA,NA,NA,NA,NA,NA,NA,NA,NA,NA,NA,NA,NA,NA,NA,NA,NA,NA,NA,NA,NA,NA,NA,NA,NA,NA,NA,NA,NA,NA,NA,NA,NA,NA,NA,NA,NA,NA,NA
"Bijan Robinson","RB","ATL",NA,NA,NA,NA,NA,NA,NA,NA,19.5,92.7,NA,0.8,0.1,20.9,NA,"23133","FantasyPros","16161","FantasyPros","RB",NA,4,37.8,NA,NA,0.3,NA,NA,NA,NA,NA,NA,NA,NA,NA,NA,NA,NA,NA,NA,NA,NA,NA,NA,NA,NA,NA,NA,NA,NA,NA,NA,NA,NA,NA,NA,NA,NA,NA,NA,NA,NA,NA,NA,NA,NA,NA,NA,NA,NA,NA,NA,NA,NA,NA,NA,NA,NA,NA,NA,NA,NA
"Jonathan Taylor","RB","IND",NA,NA,NA,NA,NA,NA,NA,NA,20.6,89.2,NA,0.9,0.1,17.9,NA,"19217","FantasyPros","14802","FantasyPros","RB",NA,2.7,21.7,NA,NA,0.1,NA,NA,NA,NA,NA,NA,NA,NA,NA,NA,NA,NA,NA,NA,NA,NA,NA,NA,NA,NA,NA,NA,NA,NA,NA,NA,NA,NA,NA,NA,NA,NA,NA,NA,NA,NA,NA,NA,NA,NA,NA,NA,NA,NA,NA,NA,NA,NA,NA,NA,NA,NA,NA,NA,NA,NA
"Kyren Williams","RB","LAR",NA,NA,NA,NA,NA,NA,NA,NA,15,75.2,NA,0.7,0.1,16.6,NA,"23059","FantasyPros","15710","FantasyPros","RB",NA,3,21.8,NA,NA,0.2,NA,NA,NA,NA,NA,NA,NA,NA,NA,NA,NA,NA,NA,NA,NA,NA,NA,NA,NA,NA,NA,NA,NA,NA,NA,NA,NA,NA,NA,NA,NA,NA,NA,NA,NA,NA,NA,NA,NA,NA,NA,NA,NA,NA,NA,NA,NA,NA,NA,NA,NA,NA,NA,NA,NA,NA
"Derrick Henry","RB","BAL",NA,NA,NA,NA,NA,NA,NA,NA,20.1,96.3,NA,0.8,0.1,16.4,NA,"15514","FantasyPros","12626","FantasyPros","RB",NA,1.4,11.1,NA,NA,0,NA,NA,NA,NA,NA,NA,NA,NA,NA,NA,NA,NA,NA,NA,NA,NA,NA,NA,NA,NA,NA,NA,NA,NA,NA,NA,NA,NA,NA,NA,NA,NA,NA,NA,NA,NA,NA,NA,NA,NA,NA,NA,NA,NA,NA,NA,NA,NA,NA,NA,NA,NA,NA,NA,NA,NA
"Christian McCaffrey","RB","SF",NA,NA,NA,NA,NA,NA,NA,NA,15.4,60.3,NA,0.5,0.1,16.1,NA,"16393","FantasyPros","13130","FantasyPros","RB",NA,4.8,37.5,NA,NA,0.2,NA,NA,NA,NA,NA,NA,NA,NA,NA,NA,NA,NA,NA,NA,NA,NA,NA,NA,NA,NA,NA,NA,NA,NA,NA,NA,NA,NA,NA,NA,NA,NA,NA,NA,NA,NA,NA,NA,NA,NA,NA,NA,NA,NA,NA,NA,NA,NA,NA,NA,NA,NA,NA,NA,NA,NA
"Javonte Williams","RB","DAL",NA,NA,NA,NA,NA,NA,NA,NA,17.8,70.6,NA,0.8,0.1,15.9,NA,"22739","FantasyPros","15256","FantasyPros","RB",NA,2.8,15.4,NA,NA,0.2,NA,NA,NA,NA,NA,NA,NA,NA,NA,NA,NA,NA,NA,NA,NA,NA,NA,NA,NA,NA,NA,NA,NA,NA,NA,NA,NA,NA,NA,NA,NA,NA,NA,NA,NA,NA,NA,NA,NA,NA,NA,NA,NA,NA,NA,NA,NA,NA,NA,NA,NA,NA,NA,NA,NA,NA
"Chase Brown","RB","CIN",NA,NA,NA,NA,NA,NA,NA,NA,15.9,65.6,NA,0.5,0.1,15.5,NA,"25324","FantasyPros","16181","FantasyPros","RB",NA,4.6,27.4,NA,NA,0.2,NA,NA,NA,NA,NA,NA,NA,NA,NA,NA,NA,NA,NA,NA,NA,NA,NA,NA,NA,NA,NA,NA,NA,NA,NA,NA,NA,NA,NA,NA,NA,NA,NA,NA,NA,NA,NA,NA,NA,NA,NA,NA,NA,NA,NA,NA,NA,NA,NA,NA,NA,NA,NA,NA,NA,NA
"James Cook III","RB","BUF",NA,NA,NA,NA,NA,NA,NA,NA,16.9,86,NA,0.6,0.1,14.6,NA,"22958","FantasyPros","15715","FantasyPros","RB",NA,1.8,13.5,NA,NA,0.1,NA,NA,NA,NA,NA,NA,NA,NA,NA,NA,NA,NA,NA,NA,NA,NA,NA,NA,NA,NA,NA,NA,NA,NA,NA,NA,NA,NA,NA,NA,NA,NA,NA,NA,NA,NA,NA,NA,NA,NA,NA,NA,NA,NA,NA,NA,NA,NA,NA,NA,NA,NA,NA,NA,NA,NA
"Jaylen Warren","RB","PIT",NA,NA,NA,NA,NA,NA,NA,NA,15.2,71.9,NA,0.4,0.1,14.3,NA,"24209","FantasyPros","15742","FantasyPros","RB",NA,3,26,NA,NA,0.1,NA,NA,NA,NA,NA,NA,NA,NA,NA,NA,NA,NA,NA,NA,NA,NA,NA,NA,NA,NA,NA,NA,NA,NA,NA,NA,NA,NA,NA,NA,NA,NA,NA,NA,NA,NA,NA,NA,NA,NA,NA,NA,NA,NA,NA,NA,NA,NA,NA,NA,NA,NA,NA,NA,NA,NA
"Jaxon Smith-Njigba","WR","SEA",NA,NA,NA,NA,NA,NA,NA,NA,0.2,1.1,NA,0,0,18.7,NA,"23070","FantasyPros","16185","FantasyPros","WR",NA,7.3,103.2,NA,NA,0.8,NA,NA,NA,NA,NA,NA,NA,NA,NA,NA,NA,NA,NA,NA,NA,NA,NA,NA,NA,NA,NA,NA,NA,NA,NA,NA,NA,NA,NA,NA,NA,NA,NA,NA,NA,NA,NA,NA,NA,NA,NA,NA,NA,NA,NA,NA,NA,NA,NA,NA,NA,NA,NA,NA,NA,NA
"Puka Nacua","WR","LAR",NA,NA,NA,NA,NA,NA,NA,NA,0.7,4.1,NA,0.1,0,17.8,NA,"23180","FantasyPros","16211","FantasyPros","WR",NA,7.1,100.2,NA,NA,0.6,NA,NA,NA,NA,NA,NA,NA,NA,NA,NA,NA,NA,NA,NA,NA,NA,NA,NA,NA,NA,NA,NA,NA,NA,NA,NA,NA,NA,NA,NA,NA,NA,NA,NA,NA,NA,NA,NA,NA,NA,NA,NA,NA,NA,NA,NA,NA,NA,NA,NA,NA,NA,NA,NA,NA,NA
"Amon-Ra St. Brown","WR","DET",NA,NA,NA,NA,NA,NA,NA,NA,0.2,1.1,NA,0,0,17.5,NA,"19799","FantasyPros","15287","FantasyPros","WR",NA,7.1,86.3,NA,NA,0.9,NA,NA,NA,NA,NA,NA,NA,NA,NA,NA,NA,NA,NA,NA,NA,NA,NA,NA,NA,NA,NA,NA,NA,NA,NA,NA,NA,NA,NA,NA,NA,NA,NA,NA,NA,NA,NA,NA,NA,NA,NA,NA,NA,NA,NA,NA,NA,NA,NA,NA,NA,NA,NA,NA,NA,NA
"CeeDee Lamb","WR","DAL",NA,NA,NA,NA,NA,NA,NA,NA,0.4,1.6,NA,0,0,16.7,NA,"19202","FantasyPros","14832","FantasyPros","WR",NA,6.9,92.8,NA,NA,0.6,NA,NA,NA,NA,NA,NA,NA,NA,NA,NA,NA,NA,NA,NA,NA,NA,NA,NA,NA,NA,NA,NA,NA,NA,NA,NA,NA,NA,NA,NA,NA,NA,NA,NA,NA,NA,NA,NA,NA,NA,NA,NA,NA,NA,NA,NA,NA,NA,NA,NA,NA,NA,NA,NA,NA,NA
"Ja'Marr Chase","WR","CIN",NA,NA,NA,NA,NA,NA,NA,NA,0.2,0.7,NA,0,0,15.4,NA,"19788","FantasyPros","15281","FantasyPros","WR",NA,7,80,NA,NA,0.6,NA,NA,NA,NA,NA,NA,NA,NA,NA,NA,NA,NA,NA,NA,NA,NA,NA,NA,NA,NA,NA,NA,NA,NA,NA,NA,NA,NA,NA,NA,NA,NA,NA,NA,NA,NA,NA,NA,NA,NA,NA,NA,NA,NA,NA,NA,NA,NA,NA,NA,NA,NA,NA,NA,NA,NA
"Nico Collins","WR","HOU",NA,NA,NA,NA,NA,NA,NA,NA,0.2,0.9,NA,0,0,14.8,NA,"20130","FantasyPros","15290","FantasyPros","WR",NA,5.9,83.2,NA,NA,0.6,NA,NA,NA,NA,NA,NA,NA,NA,NA,NA,NA,NA,NA,NA,NA,NA,NA,NA,NA,NA,NA,NA,NA,NA,NA,NA,NA,NA,NA,NA,NA,NA,NA,NA,NA,NA,NA,NA,NA,NA,NA,NA,NA,NA,NA,NA,NA,NA,NA,NA,NA,NA,NA,NA,NA,NA
"Drake London","WR","ATL",NA,NA,NA,NA,NA,NA,NA,NA,0.2,0.8,NA,0,0,14.7,NA,"23163","FantasyPros","15751","FantasyPros","WR",NA,5.9,89,NA,NA,0.5,NA,NA,NA,NA,NA,NA,NA,NA,NA,NA,NA,NA,NA,NA,NA,NA,NA,NA,NA,NA,NA,NA,NA,NA,NA,NA,NA,NA,NA,NA,NA,NA,NA,NA,NA,NA,NA,NA,NA,NA,NA,NA,NA,NA,NA,NA,NA,NA,NA,NA,NA,NA,NA,NA,NA,NA
"Chris Olave","WR","NO",NA,NA,NA,NA,NA,NA,NA,NA,0.1,0.4,NA,0,0,13.7,NA,"20111","FantasyPros","15754","FantasyPros","WR",NA,6.1,80.6,NA,NA,0.4,NA,NA,NA,NA,NA,NA,NA,NA,NA,NA,NA,NA,NA,NA,NA,NA,NA,NA,NA,NA,NA,NA,NA,NA,NA,NA,NA,NA,NA,NA,NA,NA,NA,NA,NA,NA,NA,NA,NA,NA,NA,NA,NA,NA,NA,NA,NA,NA,NA,NA,NA,NA,NA,NA,NA,NA
"Davante Adams","WR","LAR",NA,NA,NA,NA,NA,NA,NA,NA,0,0,NA,0,0,13.2,NA,"12123","FantasyPros","11675","FantasyPros","WR",NA,4.5,71.8,NA,NA,0.6,NA,NA,NA,NA,NA,NA,NA,NA,NA,NA,NA,NA,NA,NA,NA,NA,NA,NA,NA,NA,NA,NA,NA,NA,NA,NA,NA,NA,NA,NA,NA,NA,NA,NA,NA,NA,NA,NA,NA,NA,NA,NA,NA,NA,NA,NA,NA,NA,NA,NA,NA,NA,NA,NA,NA,NA
"Christian Watson","WR","GB",NA,NA,NA,NA,NA,NA,NA,NA,0.1,0.4,NA,0,0,12.9,NA,"23886","FantasyPros","15789","FantasyPros","WR",NA,4.3,72.5,NA,NA,0.6,NA,NA,NA,NA,NA,NA,NA,NA,NA,NA,NA,NA,NA,NA,NA,NA,NA,NA,NA,NA,NA,NA,NA,NA,NA,NA,NA,NA,NA,NA,NA,NA,NA,NA,NA,NA,NA,NA,NA,NA,NA,NA,NA,NA,NA,NA,NA,NA,NA,NA,NA,NA,NA,NA,NA,NA
"Trey McBride","TE","ARI",NA,NA,NA,NA,NA,NA,NA,NA,NA,NA,NA,NA,0,14.5,NA,"22936","FantasyPros","15794","FantasyPros","TE",NA,7.5,68.6,NA,NA,0.6,NA,NA,NA,NA,NA,NA,NA,NA,NA,NA,NA,NA,NA,NA,NA,NA,NA,NA,NA,NA,NA,NA,NA,NA,NA,NA,NA,NA,NA,NA,NA,NA,NA,NA,NA,NA,NA,NA,NA,NA,NA,NA,NA,NA,NA,NA,NA,NA,NA,NA,NA,NA,NA,NA,NA,NA
"Brock Bowers","TE","LV",NA,NA,NA,NA,NA,NA,NA,NA,NA,NA,NA,NA,0,12.7,NA,"22955","FantasyPros","16641","FantasyPros","TE",NA,6.3,64.3,NA,NA,0.5,NA,NA,NA,NA,NA,NA,NA,NA,NA,NA,NA,NA,NA,NA,NA,NA,NA,NA,NA,NA,NA,NA,NA,NA,NA,NA,NA,NA,NA,NA,NA,NA,NA,NA,NA,NA,NA,NA,NA,NA,NA,NA,NA,NA,NA,NA,NA,NA,NA,NA,NA,NA,NA,NA,NA,NA
"Sam LaPorta","TE","DET",NA,NA,NA,NA,NA,NA,NA,NA,NA,NA,NA,NA,0,11,NA,"22978","FantasyPros","16214","FantasyPros","TE",NA,4.7,55,NA,NA,0.5,NA,NA,NA,NA,NA,NA,NA,NA,NA,NA,NA,NA,NA,NA,NA,NA,NA,NA,NA,NA,NA,NA,NA,NA,NA,NA,NA,NA,NA,NA,NA,NA,NA,NA,NA,NA,NA,NA,NA,NA,NA,NA,NA,NA,NA,NA,NA,NA,NA,NA,NA,NA,NA,NA,NA,NA
"George Kittle","TE","SF",NA,NA,NA,NA,NA,NA,NA,NA,NA,NA,NA,NA,0,10.8,NA,"16499","FantasyPros","13299","FantasyPros","TE",NA,5,60.8,NA,NA,0.4,NA,NA,NA,NA,NA,NA,NA,NA,NA,NA,NA,NA,NA,NA,NA,NA,NA,NA,NA,NA,NA,NA,NA,NA,NA,NA,NA,NA,NA,NA,NA,NA,NA,NA,NA,NA,NA,NA,NA,NA,NA,NA,NA,NA,NA,NA,NA,NA,NA,NA,NA,NA,NA,NA,NA,NA
"Tyler Warren","TE","IND",NA,NA,NA,NA,NA,NA,NA,NA,NA,NA,NA,NA,0,9.7,NA,"26434","FantasyPros","17102","FantasyPros","TE",NA,5.2,48.4,NA,NA,0.4,NA,NA,NA,NA,NA,NA,NA,NA,NA,NA,NA,NA,NA,NA,NA,NA,NA,NA,NA,NA,NA,NA,NA,NA,NA,NA,NA,NA,NA,NA,NA,NA,NA,NA,NA,NA,NA,NA,NA,NA,NA,NA,NA,NA,NA,NA,NA,NA,NA,NA,NA,NA,NA,NA,NA,NA
"Isaiah Likely","TE","NYG",NA,NA,NA,NA,NA,NA,NA,NA,NA,NA,NA,NA,0,9.6,NA,"23781","FantasyPros","15798","FantasyPros","TE",NA,4.6,50.6,NA,NA,0.4,NA,NA,NA,NA,NA,NA,NA,NA,NA,NA,NA,NA,NA,NA,NA,NA,NA,NA,NA,NA,NA,NA,NA,NA,NA,NA,NA,NA,NA,NA,NA,NA,NA,NA,NA,NA,NA,NA,NA,NA,NA,NA,NA,NA,NA,NA,NA,NA,NA,NA,NA,NA,NA,NA,NA,NA
"Tucker Kraft","TE","GB",NA,NA,NA,NA,NA,NA,NA,NA,NA,NA,NA,NA,0,9.6,NA,"25298","FantasyPros","16222","FantasyPros","TE",NA,4.2,53,NA,NA,0.4,NA,NA,NA,NA,NA,NA,NA,NA,NA,NA,NA,NA,NA,NA,NA,NA,NA,NA,NA,NA,NA,NA,NA,NA,NA,NA,NA,NA,NA,NA,NA,NA,NA,NA,NA,NA,NA,NA,NA,NA,NA,NA,NA,NA,NA,NA,NA,NA,NA,NA,NA,NA,NA,NA,NA,NA
"Harold Fannin Jr.","TE","CLE",NA,NA,NA,NA,NA,NA,NA,NA,NA,NA,NA,NA,0,9.3,NA,"27050","FantasyPros","17103","FantasyPros","TE",NA,4.5,42.6,NA,NA,0.5,NA,NA,NA,NA,NA,NA,NA,NA,NA,NA,NA,NA,NA,NA,NA,NA,NA,NA,NA,NA,NA,NA,NA,NA,NA,NA,NA,NA,NA,NA,NA,NA,NA,NA,NA,NA,NA,NA,NA,NA,NA,NA,NA,NA,NA,NA,NA,NA,NA,NA,NA,NA,NA,NA,NA,NA
"Juwan Johnson","TE","NO",NA,NA,NA,NA,NA,NA,NA,NA,NA,NA,NA,NA,0,8.5,NA,"19562","FantasyPros","14861","FantasyPros","TE",NA,4,46,NA,NA,0.3,NA,NA,NA,NA,NA,NA,NA,NA,NA,NA,NA,NA,NA,NA,NA,NA,NA,NA,NA,NA,NA,NA,NA,NA,NA,NA,NA,NA,NA,NA,NA,NA,NA,NA,NA,NA,NA,NA,NA,NA,NA,NA,NA,NA,NA,NA,NA,NA,NA,NA,NA,NA,NA,NA,NA,NA
"Dalton Kincaid","TE","BUF",NA,NA,NA,NA,NA,NA,NA,NA,NA,NA,NA,NA,0,8.4,NA,"25247","FantasyPros","16213","FantasyPros","TE",NA,3.8,49.7,NA,NA,0.3,NA,NA,NA,NA,NA,NA,NA,NA,NA,NA,NA,NA,NA,NA,NA,NA,NA,NA,NA,NA,NA,NA,NA,NA,NA,NA,NA,NA,NA,NA,NA,NA,NA,NA,NA,NA,NA,NA,NA,NA,NA,NA,NA,NA,NA,NA,NA,NA,NA,NA,NA,NA,NA,NA,NA,NA
"Brandon Aubrey","K","DAL",NA,NA,NA,NA,NA,NA,NA,NA,NA,NA,NA,NA,NA,9.1,NA,"26068","FantasyPros","16414","FantasyPros","K",NA,NA,NA,NA,NA,NA,2.1,2.5,NA,NA,NA,NA,NA,NA,NA,NA,NA,NA,2.9,NA,NA,NA,NA,NA,NA,NA,NA,NA,NA,NA,NA,NA,NA,NA,NA,NA,NA,NA,NA,NA,NA,NA,NA,NA,NA,NA,NA,NA,NA,NA,NA,NA,NA,NA,NA,NA,NA,NA,NA,NA,NA,NA
"Will Reichard","K","MIN",NA,NA,NA,NA,NA,NA,NA,NA,NA,NA,NA,NA,NA,8.6,NA,"26341","FantasyPros","16681","FantasyPros","K",NA,NA,NA,NA,NA,NA,2.1,2.3,NA,NA,NA,NA,NA,NA,NA,NA,NA,NA,2.4,NA,NA,NA,NA,NA,NA,NA,NA,NA,NA,NA,NA,NA,NA,NA,NA,NA,NA,NA,NA,NA,NA,NA,NA,NA,NA,NA,NA,NA,NA,NA,NA,NA,NA,NA,NA,NA,NA,NA,NA,NA,NA,NA
"Jake Bates","K","DET",NA,NA,NA,NA,NA,NA,NA,NA,NA,NA,NA,NA,NA,8.5,NA,"26075","FantasyPros","16846","FantasyPros","K",NA,NA,NA,NA,NA,NA,1.8,2.1,NA,NA,NA,NA,NA,NA,NA,NA,NA,NA,3.1,NA,NA,NA,NA,NA,NA,NA,NA,NA,NA,NA,NA,NA,NA,NA,NA,NA,NA,NA,NA,NA,NA,NA,NA,NA,NA,NA,NA,NA,NA,NA,NA,NA,NA,NA,NA,NA,NA,NA,NA,NA,NA,NA
"Ka'imi Fairbairn","K","HOU",NA,NA,NA,NA,NA,NA,NA,NA,NA,NA,NA,NA,NA,8.4,NA,"15756","FantasyPros","12860","FantasyPros","K",NA,NA,NA,NA,NA,NA,2,2.4,NA,NA,NA,NA,NA,NA,NA,NA,NA,NA,2.4,NA,NA,NA,NA,NA,NA,NA,NA,NA,NA,NA,NA,NA,NA,NA,NA,NA,NA,NA,NA,NA,NA,NA,NA,NA,NA,NA,NA,NA,NA,NA,NA,NA,NA,NA,NA,NA,NA,NA,NA,NA,NA,NA
"Jason Myers","K","SEA",NA,NA,NA,NA,NA,NA,NA,NA,NA,NA,NA,NA,NA,8.4,NA,"14003","FantasyPros","12437","FantasyPros","K",NA,NA,NA,NA,NA,NA,1.9,2.3,NA,NA,NA,NA,NA,NA,NA,NA,NA,NA,2.7,NA,NA,NA,NA,NA,NA,NA,NA,NA,NA,NA,NA,NA,NA,NA,NA,NA,NA,NA,NA,NA,NA,NA,NA,NA,NA,NA,NA,NA,NA,NA,NA,NA,NA,NA,NA,NA,NA,NA,NA,NA,NA,NA
"Harrison Mevis","K","LAR",NA,NA,NA,NA,NA,NA,NA,NA,NA,NA,NA,NA,NA,8.3,NA,"26638","FantasyPros","16843","FantasyPros","K",NA,NA,NA,NA,NA,NA,1.7,2,NA,NA,NA,NA,NA,NA,NA,NA,NA,NA,3.1,NA,NA,NA,NA,NA,NA,NA,NA,NA,NA,NA,NA,NA,NA,NA,NA,NA,NA,NA,NA,NA,NA,NA,NA,NA,NA,NA,NA,NA,NA,NA,NA,NA,NA,NA,NA,NA,NA,NA,NA,NA,NA,NA
"Nick Folk","K","ATL",NA,NA,NA,NA,NA,NA,NA,NA,NA,NA,NA,NA,NA,8.2,NA,"9491","FantasyPros","8851","FantasyPros","K",NA,NA,NA,NA,NA,NA,1.9,2.3,NA,NA,NA,NA,NA,NA,NA,NA,NA,NA,2.4,NA,NA,NA,NA,NA,NA,NA,NA,NA,NA,NA,NA,NA,NA,NA,NA,NA,NA,NA,NA,NA,NA,NA,NA,NA,NA,NA,NA,NA,NA,NA,NA,NA,NA,NA,NA,NA,NA,NA,NA,NA,NA,NA
"Evan McPherson","K","CIN",NA,NA,NA,NA,NA,NA,NA,NA,NA,NA,NA,NA,NA,8.1,NA,"23297","FantasyPros","15368","FantasyPros","K",NA,NA,NA,NA,NA,NA,1.8,2.1,NA,NA,NA,NA,NA,NA,NA,NA,NA,NA,2.7,NA,NA,NA,NA,NA,NA,NA,NA,NA,NA,NA,NA,NA,NA,NA,NA,NA,NA,NA,NA,NA,NA,NA,NA,NA,NA,NA,NA,NA,NA,NA,NA,NA,NA,NA,NA,NA,NA,NA,NA,NA,NA,NA
"Spencer Shrader","K","IND",NA,NA,NA,NA,NA,NA,NA,NA,NA,NA,NA,NA,NA,8.1,NA,"26763","FantasyPros","16896","FantasyPros","K",NA,NA,NA,NA,NA,NA,1.9,2.3,NA,NA,NA,NA,NA,NA,NA,NA,NA,NA,2.4,NA,NA,NA,NA,NA,NA,NA,NA,NA,NA,NA,NA,NA,NA,NA,NA,NA,NA,NA,NA,NA,NA,NA,NA,NA,NA,NA,NA,NA,NA,NA,NA,NA,NA,NA,NA,NA,NA,NA,NA,NA,NA,NA
"Cam Little","K","JAC",NA,NA,NA,NA,NA,NA,NA,NA,NA,NA,NA,NA,NA,8.1,NA,"26475","FantasyPros","16680","FantasyPros","K",NA,NA,NA,NA,NA,NA,1.9,2.2,NA,NA,NA,NA,NA,NA,NA,NA,NA,NA,2.5,NA,NA,NA,NA,NA,NA,NA,NA,NA,NA,NA,NA,NA,NA,NA,NA,NA,NA,NA,NA,NA,NA,NA,NA,NA,NA,NA,NA,NA,NA,NA,NA,NA,NA,NA,NA,NA,NA,NA,NA,NA,NA,NA
"Denver Broncos","DST",NA,NA,NA,NA,NA,NA,NA,NA,NA,NA,NA,NA,NA,NA,7.8,NA,"8090","FantasyPros","0511","FantasyPros","DST",NA,NA,NA,NA,NA,NA,NA,NA,NA,NA,NA,NA,NA,NA,NA,NA,NA,NA,NA,NA,0.8,0,3,NA,0.4,0.7,0.2,19.6,NA,NA,NA,321.7,NA,NA,NA,NA,NA,NA,NA,NA,NA,NA,NA,NA,NA,NA,NA,NA,NA,NA,NA,NA,NA,NA,NA,NA,NA,NA,NA,NA,NA,NA
"Minnesota Vikings","DST",NA,NA,NA,NA,NA,NA,NA,NA,NA,NA,NA,NA,NA,NA,7.6,NA,"8170","FantasyPros","0524","FantasyPros","DST",NA,NA,NA,NA,NA,NA,NA,NA,NA,NA,NA,NA,NA,NA,NA,NA,NA,NA,NA,NA,0.7,0,3,NA,0.7,1.1,0.1,19.9,NA,NA,NA,317.5,NA,NA,NA,NA,NA,NA,NA,NA,NA,NA,NA,NA,NA,NA,NA,NA,NA,NA,NA,NA,NA,NA,NA,NA,NA,NA,NA,NA,NA,NA
"Houston Texans","DST",NA,NA,NA,NA,NA,NA,NA,NA,NA,NA,NA,NA,NA,NA,7.5,NA,"8120","FantasyPros","0532","FantasyPros","DST",NA,NA,NA,NA,NA,NA,NA,NA,NA,NA,NA,NA,NA,NA,NA,NA,NA,NA,NA,NA,0.7,0.1,2.7,NA,0.6,1,0.2,16.6,NA,NA,NA,277,NA,NA,NA,NA,NA,NA,NA,NA,NA,NA,NA,NA,NA,NA,NA,NA,NA,NA,NA,NA,NA,NA,NA,NA,NA,NA,NA,NA,NA,NA
"Cincinnati Bengals","DST",NA,NA,NA,NA,NA,NA,NA,NA,NA,NA,NA,NA,NA,NA,7.3,NA,"8060","FantasyPros","0506","FantasyPros","DST",NA,NA,NA,NA,NA,NA,NA,NA,NA,NA,NA,NA,NA,NA,NA,NA,NA,NA,NA,NA,0.7,0,2.8,NA,0.6,0.9,0.1,18.1,NA,NA,NA,322.2,NA,NA,NA,NA,NA,NA,NA,NA,NA,NA,NA,NA,NA,NA,NA,NA,NA,NA,NA,NA,NA,NA,NA,NA,NA,NA,NA,NA,NA,NA
"New York Jets","DST",NA,NA,NA,NA,NA,NA,NA,NA,NA,NA,NA,NA,NA,NA,7.2,NA,"8210","FantasyPros","0505","FantasyPros","DST",NA,NA,NA,NA,NA,NA,NA,NA,NA,NA,NA,NA,NA,NA,NA,NA,NA,NA,NA,NA,0.7,0,2.8,NA,0.5,0.8,0.1,19.3,NA,NA,NA,293,NA,NA,NA,NA,NA,NA,NA,NA,NA,NA,NA,NA,NA,NA,NA,NA,NA,NA,NA,NA,NA,NA,NA,NA,NA,NA,NA,NA,NA,NA
"Jacksonville Jaguars","DST",NA,NA,NA,NA,NA,NA,NA,NA,NA,NA,NA,NA,NA,NA,6.8,NA,"8140","FantasyPros","0509","FantasyPros","DST",NA,NA,NA,NA,NA,NA,NA,NA,NA,NA,NA,NA,NA,NA,NA,NA,NA,NA,NA,NA,0.7,0,2.4,NA,0.5,0.8,0.2,17,NA,NA,NA,302.1,NA,NA,NA,NA,NA,NA,NA,NA,NA,NA,NA,NA,NA,NA,NA,NA,NA,NA,NA,NA,NA,NA,NA,NA,NA,NA,NA,NA,NA,NA
"Cleveland Browns","DST",NA,NA,NA,NA,NA,NA,NA,NA,NA,NA,NA,NA,NA,NA,6.4,NA,"8070","FantasyPros","0507","FantasyPros","DST",NA,NA,NA,NA,NA,NA,NA,NA,NA,NA,NA,NA,NA,NA,NA,NA,NA,NA,NA,NA,0.7,0,3.3,NA,0.5,0.8,0.1,21.6,NA,NA,NA,296.4,NA,NA,NA,NA,NA,NA,NA,NA,NA,NA,NA,NA,NA,NA,NA,NA,NA,NA,NA,NA,NA,NA,NA,NA,NA,NA,NA,NA,NA,NA
"Washington Commanders","DST",NA,NA,NA,NA,NA,NA,NA,NA,NA,NA,NA,NA,NA,NA,6.4,NA,"8310","FantasyPros","0520","FantasyPros","DST",NA,NA,NA,NA,NA,NA,NA,NA,NA,NA,NA,NA,NA,NA,NA,NA,NA,NA,NA,NA,1,0,2.6,NA,0.5,0.8,0.1,20.7,NA,NA,NA,324,NA,NA,NA,NA,NA,NA,NA,NA,NA,NA,NA,NA,NA,NA,NA,NA,NA,NA,NA,NA,NA,NA,NA,NA,NA,NA,NA,NA,NA,NA
"Dallas Cowboys","DST",NA,NA,NA,NA,NA,NA,NA,NA,NA,NA,NA,NA,NA,NA,6.2,NA,"8080","FantasyPros","0516","FantasyPros","DST",NA,NA,NA,NA,NA,NA,NA,NA,NA,NA,NA,NA,NA,NA,NA,NA,NA,NA,NA,NA,1,0,2.4,NA,0.6,0.9,0.1,20.6,NA,NA,NA,331.5,NA,NA,NA,NA,NA,NA,NA,NA,NA,NA,NA,NA,NA,NA,NA,NA,NA,NA,NA,NA,NA,NA,NA,NA,NA,NA,NA,NA,NA,NA
"New Orleans Saints","DST",NA,NA,NA,NA,NA,NA,NA,NA,NA,NA,NA,NA,NA,NA,6.2,NA,"8190","FantasyPros","0529","FantasyPros","DST",NA,NA,NA,NA,NA,NA,NA,NA,NA,NA,NA,NA,NA,NA,NA,NA,NA,NA,NA,NA,0.8,0,2.9,NA,0.5,0.7,0.1,22.9,NA,NA,NA,310.4,NA,NA,NA,NA,NA,NA,NA,NA,NA,NA,NA,NA,NA,NA,NA,NA,NA,NA,NA,NA,NA,NA,NA,NA,NA,NA,NA,NA,NA,NA
"Drake Maye","QB","NE",NA,30.6,20.8,246.2,NA,2,0.8,114,5.6,30.8,NA,0.2,NA,24.83,NA,"18357","FleaFlicker","16580","FleaFlicker","QB",NA,NA,NA,NA,NA,NA,NA,NA,NA,NA,NA,NA,NA,NA,NA,NA,NA,NA,NA,NA,NA,NA,NA,NA,NA,NA,NA,NA,NA,NA,NA,NA,NA,NA,NA,NA,NA,NA,1,"LVSun 1:00 PM","QB10","20/30","95%",NA,NA,NA,NA,NA,NA,NA,NA,NA,NA,NA,NA,NA,NA,NA,NA,NA,NA,NA
"Joe Burrow","QB","CIN",NA,35.8,25.5,272.1,NA,2,0.6,113,3.1,12.2,NA,0.1,NA,24.25,NA,"15532","FleaFlicker","14777","FleaFlicker","QB",NA,NA,NA,NA,NA,NA,NA,NA,NA,NA,NA,NA,NA,NA,NA,NA,NA,NA,NA,NA,NA,NA,NA,NA,NA,NA,NA,NA,NA,NA,NA,NA,NA,NA,NA,NA,NA,NA,6,"@MIASun 1:00 PM","QB7","25/35","98%",NA,NA,NA,NA,NA,NA,NA,NA,NA,NA,NA,NA,NA,NA,NA,NA,NA,NA,NA
"Dak Prescott","QB","DAL",NA,35,23.9,267.1,NA,2,0.6,110.8,2.9,12.2,NA,0.1,NA,23.92,NA,"12159","FleaFlicker","12620","FleaFlicker","QB",NA,NA,NA,NA,NA,NA,NA,NA,NA,NA,NA,NA,NA,NA,NA,NA,NA,NA,NA,NA,NA,NA,NA,NA,NA,NA,NA,NA,NA,NA,NA,NA,NA,NA,NA,NA,NA,NA,4,"TBThu 8:15 PM","QB6","23/34","98%",NA,NA,NA,NA,NA,NA,NA,NA,NA,NA,NA,NA,NA,NA,NA,NA,NA,NA,NA
"Jared Goff","QB","DET",NA,34.7,23.7,286.2,NA,2,0.5,113.1,1.7,4.3,NA,0,NA,23.66,NA,"12102","FleaFlicker","12611","FleaFlicker","QB",NA,NA,NA,NA,NA,NA,NA,NA,NA,NA,NA,NA,NA,NA,NA,NA,NA,NA,NA,NA,NA,NA,NA,NA,NA,NA,NA,NA,NA,NA,NA,NA,NA,NA,NA,NA,NA,NA,6,"@ARISun 4:25 PM","QB8","23/34","96%",NA,NA,NA,NA,NA,NA,NA,NA,NA,NA,NA,NA,NA,NA,NA,NA,NA,NA,NA
"Trevor Lawrence","QB","JAC",NA,31.5,19.5,229,NA,2,0.7,105.4,4.1,16.5,NA,0.2,NA,23.08,NA,"16242","FleaFlicker","15237","FleaFlicker","QB",NA,NA,NA,NA,NA,NA,NA,NA,NA,NA,NA,NA,NA,NA,NA,NA,NA,NA,NA,NA,NA,NA,NA,NA,NA,NA,NA,NA,NA,NA,NA,NA,NA,NA,NA,NA,NA,NA,7,"PHISun 9:30 AM","QB4","19/31","96%",NA,NA,NA,NA,NA,NA,NA,NA,NA,NA,NA,NA,NA,NA,NA,NA,NA,NA,NA
"Matthew Stafford","QB","LAR",NA,36.3,22.7,273.5,NA,2,0.7,103.1,1.5,3.7,NA,0,NA,22.72,NA,"6038","FleaFlicker","9431","FleaFlicker","QB",NA,NA,NA,NA,NA,NA,NA,NA,NA,NA,NA,NA,NA,NA,NA,NA,NA,NA,NA,NA,NA,NA,NA,NA,NA,NA,NA,NA,NA,NA,NA,NA,NA,NA,NA,NA,NA,NA,1,"BUFMon 8:15 PM","QB13","22/36","96%",NA,NA,NA,NA,NA,NA,NA,NA,NA,NA,NA,NA,NA,NA,NA,NA,NA,NA,NA
"Aaron Rodgers","QB","PIT",NA,32.9,20.7,229.9,NA,2,0.6,104.8,1.5,6.1,NA,0.1,NA,21.33,NA,"3452","FleaFlicker","7836","FleaFlicker","QB",NA,NA,NA,NA,NA,NA,NA,NA,NA,NA,NA,NA,NA,NA,NA,NA,NA,NA,NA,NA,NA,NA,NA,NA,NA,NA,NA,NA,NA,NA,NA,NA,NA,NA,NA,NA,NA,NA,9,"INDSun 1:00 PM","QB29","20/32","51%",NA,NA,NA,NA,NA,NA,NA,NA,NA,NA,NA,NA,NA,NA,NA,NA,NA,NA,NA
"Josh Allen","QB","BUF",NA,32.2,20.9,239.6,NA,1,0.8,95.7,7.2,33.4,NA,0.7,NA,21.28,NA,"13761","FleaFlicker","13589","FleaFlicker","QB",NA,NA,NA,NA,NA,NA,NA,NA,NA,NA,NA,NA,NA,NA,NA,NA,NA,NA,NA,NA,NA,NA,NA,NA,NA,NA,NA,NA,NA,NA,NA,NA,NA,NA,NA,NA,NA,NA,7,"@LARMon 8:15 PM","QB1","20/32","99%",NA,NA,NA,NA,NA,NA,NA,NA,NA,NA,NA,NA,NA,NA,NA,NA,NA,NA,NA
"Jacoby Brissett","QB","ARI",NA,35.4,23.4,243.6,NA,2,0.6,104.8,2.7,11.1,NA,0.1,NA,20.73,NA,"12079","FleaFlicker","12616","FleaFlicker","QB",NA,NA,NA,NA,NA,NA,NA,NA,NA,NA,NA,NA,NA,NA,NA,NA,NA,NA,NA,NA,NA,NA,NA,NA,NA,NA,NA,NA,NA,NA,NA,NA,NA,NA,NA,NA,NA,NA,4,"DETSun 4:25 PM","QB25","23/35","55%",NA,NA,NA,NA,NA,NA,NA,NA,NA,NA,NA,NA,NA,NA,NA,NA,NA,NA,NA
"Jordan Love","QB","GB",NA,34.4,21.5,261.1,NA,2,0.8,105.1,2,8.5,NA,0.1,NA,20.31,NA,"15522","FleaFlicker","14782","FleaFlicker","QB",NA,NA,NA,NA,NA,NA,NA,NA,NA,NA,NA,NA,NA,NA,NA,NA,NA,NA,NA,NA,NA,NA,NA,NA,NA,NA,NA,NA,NA,NA,NA,NA,NA,NA,NA,NA,NA,NA,1,"CHISun 1:00 PM","QB16","21/34","89%",NA,NA,NA,NA,NA,NA,NA,NA,NA,NA,NA,NA,NA,NA,NA,NA,NA,NA,NA
"Sam Darnold","QB","SEA",NA,31.4,21.1,246.2,NA,2,0.8,113.1,2.5,7.9,NA,0.1,NA,19.8,NA,"13770","FleaFlicker","13592","FleaFlicker","QB",NA,NA,NA,NA,NA,NA,NA,NA,NA,NA,NA,NA,NA,NA,NA,NA,NA,NA,NA,NA,NA,NA,NA,NA,NA,NA,NA,NA,NA,NA,NA,NA,NA,NA,NA,NA,NA,NA,1,"SFSun 4:25 PM","QB20","21/31","82%",NA,NA,NA,NA,NA,NA,NA,NA,NA,NA,NA,NA,NA,NA,NA,NA,NA,NA,NA
"Jayden Daniels","QB","WAS",NA,29,18.3,193,NA,1,0.5,93,7.7,45.2,NA,0.3,NA,18.67,NA,"18372","FleaFlicker","16581","FleaFlicker","QB",NA,NA,NA,NA,NA,NA,NA,NA,NA,NA,NA,NA,NA,NA,NA,NA,NA,NA,NA,NA,NA,NA,NA,NA,NA,NA,NA,NA,NA,NA,NA,NA,NA,NA,NA,NA,NA,NA,7,"NYGSun 1:00 PM","QB14","18/29","91%",NA,NA,NA,NA,NA,NA,NA,NA,NA,NA,NA,NA,NA,NA,NA,NA,NA,NA,NA
"Malik Willis","QB","MIA",NA,27.9,17.9,208.3,NA,1,0.7,99,6.4,33.6,NA,0.2,NA,17.57,NA,"16845","FleaFlicker","15694","FleaFlicker","QB",NA,NA,NA,NA,NA,NA,NA,NA,NA,NA,NA,NA,NA,NA,NA,NA,NA,NA,NA,NA,NA,NA,NA,NA,NA,NA,NA,NA,NA,NA,NA,NA,NA,NA,NA,NA,NA,NA,6,"CINSun 1:00 PM","QB21","17/27","58%",NA,NA,NA,NA,NA,NA,NA,NA,NA,NA,NA,NA,NA,NA,NA,NA,NA,NA,NA
"Tyler Shough","QB","NO",NA,34.8,22.7,240.6,NA,1,0.7,95.2,4.4,17.8,NA,0.2,NA,17.15,NA,"19321","FleaFlicker","17039","FleaFlicker","QB",NA,NA,NA,NA,NA,NA,NA,NA,NA,NA,NA,NA,NA,NA,NA,NA,NA,NA,NA,NA,NA,NA,NA,NA,NA,NA,NA,NA,NA,NA,NA,NA,NA,NA,NA,NA,NA,NA,8,"MINSun 1:00 PM","QB12","22/34","92%",NA,NA,NA,NA,NA,NA,NA,NA,NA,NA,NA,NA,NA,NA,NA,NA,NA,NA,NA
"Brock Purdy","QB","SF",NA,32.9,22.2,245.8,NA,1,0.9,101.7,3.8,17.3,NA,0.2,NA,17.02,NA,"17045","FleaFlicker","15698","FleaFlicker","QB",NA,NA,NA,NA,NA,NA,NA,NA,NA,NA,NA,NA,NA,NA,NA,NA,NA,NA,NA,NA,NA,NA,NA,NA,NA,NA,NA,NA,NA,NA,NA,NA,NA,NA,NA,NA,NA,NA,8,"@SEASun 4:25 PM","QB2","22/32","97%",NA,NA,NA,NA,NA,NA,NA,NA,NA,NA,NA,NA,NA,NA,NA,NA,NA,NA,NA
"Jalen Hurts","QB","PHI",NA,30.1,19.1,206.1,NA,1,0.7,94.6,5.7,23.2,NA,0.3,NA,16.94,NA,"15581","FleaFlicker","14783","FleaFlicker","QB",NA,NA,NA,NA,NA,NA,NA,NA,NA,NA,NA,NA,NA,NA,NA,NA,NA,NA,NA,NA,NA,NA,NA,NA,NA,NA,NA,NA,NA,NA,NA,NA,NA,NA,NA,NA,NA,NA,0,"@JACSun 9:30 AM","QB9","19/30","97%",NA,NA,NA,NA,NA,NA,NA,NA,NA,NA,NA,NA,NA,NA,NA,NA,NA,NA,NA
"C.J. Stroud","QB","HOU",NA,32.6,21.2,250.3,NA,1,0.5,99.7,2.5,10.9,NA,0.1,NA,16.86,NA,"17589","FleaFlicker","16150","FleaFlicker","QB",NA,NA,NA,NA,NA,NA,NA,NA,NA,NA,NA,NA,NA,NA,NA,NA,NA,NA,NA,NA,NA,NA,NA,NA,NA,NA,NA,NA,NA,NA,NA,NA,NA,NA,NA,NA,NA,NA,8,"@TENSun 1:00 PM","QB18","21/32","82%",NA,NA,NA,NA,NA,NA,NA,NA,NA,NA,NA,NA,NA,NA,NA,NA,NA,NA,NA
"Bo Nix","QB","DEN",NA,33.4,20.8,223.4,NA,1,0.8,90.8,4.2,16.7,NA,0.2,NA,16.42,NA,"18362","FleaFlicker","16582","FleaFlicker","QB",NA,NA,NA,NA,NA,NA,NA,NA,NA,NA,NA,NA,NA,NA,NA,NA,NA,NA,NA,NA,NA,NA,NA,NA,NA,NA,NA,NA,NA,NA,NA,NA,NA,NA,NA,NA,NA,NA,0,"@LACSun 4:05 PM","QB17","20/33","88%",NA,NA,NA,NA,NA,NA,NA,NA,NA,NA,NA,NA,NA,NA,NA,NA,NA,NA,NA
"Jalon Daniels","QB","TB",NA,31.3,19.7,217.5,NA,1,1,79.6,4.4,22.9,NA,0.2,NA,15.9,NA,"20313","FleaFlicker","17469","FleaFlicker","QB",NA,NA,NA,NA,NA,NA,NA,NA,NA,NA,NA,NA,NA,NA,NA,NA,NA,NA,NA,NA,NA,NA,NA,NA,NA,NA,NA,NA,NA,NA,NA,NA,NA,NA,NA,NA,NA,NA,0,"@DALThu 8:15 PM",NA,"19/31","21%",NA,NA,NA,NA,NA,NA,NA,NA,NA,NA,NA,NA,NA,NA,NA,NA,NA,NA,NA
"Justin Herbert","QB","LAC",NA,30.8,19.2,210.7,NA,1,0.7,95.1,4.3,21.7,NA,0.1,NA,15.79,NA,"15516","FleaFlicker","14779","FleaFlicker","QB",NA,NA,NA,NA,NA,NA,NA,NA,NA,NA,NA,NA,NA,NA,NA,NA,NA,NA,NA,NA,NA,NA,NA,NA,NA,NA,NA,NA,NA,NA,NA,NA,NA,NA,NA,NA,NA,NA,7,"DENSun 4:05 PM","QB19","19/30","87%",NA,NA,NA,NA,NA,NA,NA,NA,NA,NA,NA,NA,NA,NA,NA,NA,NA,NA,NA
"Tyson Bagent","QB","CHI",NA,31.8,20.6,220.6,NA,1,0.7,96.2,3.5,13.6,NA,0.1,NA,15.71,NA,"18054","FleaFlicker","16384","FleaFlicker","QB",NA,NA,NA,NA,NA,NA,NA,NA,NA,NA,NA,NA,NA,NA,NA,NA,NA,NA,NA,NA,NA,NA,NA,NA,NA,NA,NA,NA,NA,NA,NA,NA,NA,NA,NA,NA,NA,NA,0,"@GBSun 1:00 PM","QB38","20/31","19%",NA,NA,NA,NA,NA,NA,NA,NA,NA,NA,NA,NA,NA,NA,NA,NA,NA,NA,NA
"Deshaun Watson","QB","CLE",NA,30.4,20.1,202.5,NA,1,0.7,96.8,4.9,22.1,NA,0.1,NA,15.42,NA,"12919","FleaFlicker","13113","FleaFlicker","QB",NA,NA,NA,NA,NA,NA,NA,NA,NA,NA,NA,NA,NA,NA,NA,NA,NA,NA,NA,NA,NA,NA,NA,NA,NA,NA,NA,NA,NA,NA,NA,NA,NA,NA,NA,NA,NA,NA,1,"@NYJSun 1:00 PM","QB30","20/30","41%",NA,NA,NA,NA,NA,NA,NA,NA,NA,NA,NA,NA,NA,NA,NA,NA,NA,NA,NA
"Michael Penix","QB","ATL",NA,30.5,18.8,229.3,NA,1,0.6,95,2,6.4,NA,0.1,NA,15.32,NA,"18374","FleaFlicker","16583","FleaFlicker","QB",NA,NA,NA,NA,NA,NA,NA,NA,NA,NA,NA,NA,NA,NA,NA,NA,NA,NA,NA,NA,NA,NA,NA,NA,NA,NA,NA,NA,NA,NA,NA,NA,NA,NA,NA,NA,NA,NA,1,"BALSun 8:20 PM","QB23","18/30","39%",NA,NA,NA,NA,NA,NA,NA,NA,NA,NA,NA,NA,NA,NA,NA,NA,NA,NA,NA
"Daniel Jones","QB","IND",NA,31,20.4,220.2,NA,1,0.8,96.2,3,11.6,NA,0.1,NA,15.27,NA,"14668","FleaFlicker","14059","FleaFlicker","QB",NA,NA,NA,NA,NA,NA,NA,NA,NA,NA,NA,NA,NA,NA,NA,NA,NA,NA,NA,NA,NA,NA,NA,NA,NA,NA,NA,NA,NA,NA,NA,NA,NA,NA,NA,NA,NA,NA,3,"@PITSun 1:00 PM","QB27","20/31","56%",NA,NA,NA,NA,NA,NA,NA,NA,NA,NA,NA,NA,NA,NA,NA,NA,NA,NA,NA
"Kyler Murray","QB","MIN",NA,21.9,14.5,161.1,NA,1,0.6,105.5,5.2,28.6,NA,0.3,NA,15.22,NA,"14664","FleaFlicker","14056","FleaFlicker","QB",NA,NA,NA,NA,NA,NA,NA,NA,NA,NA,NA,NA,NA,NA,NA,NA,NA,NA,NA,NA,NA,NA,NA,NA,NA,NA,NA,NA,NA,NA,NA,NA,NA,NA,NA,NA,NA,NA,6,"@NOSun 1:00 PM","QB22","14/21","77%",NA,NA,NA,NA,NA,NA,NA,NA,NA,NA,NA,NA,NA,NA,NA,NA,NA,NA,NA
"Tyler Huntley","QB","BAL",NA,28.5,18.8,186.5,NA,1,0.8,95.2,4.8,23.8,NA,0.1,NA,14.75,NA,"15705","FleaFlicker","14789","FleaFlicker","QB",NA,NA,NA,NA,NA,NA,NA,NA,NA,NA,NA,NA,NA,NA,NA,NA,NA,NA,NA,NA,NA,NA,NA,NA,NA,NA,NA,NA,NA,NA,NA,NA,NA,NA,NA,NA,NA,NA,3,"@ATLSun 8:20 PM","QB39","18/28","12%",NA,NA,NA,NA,NA,NA,NA,NA,NA,NA,NA,NA,NA,NA,NA,NA,NA,NA,NA
"Kirk Cousins","QB","LV",NA,33.6,22,221.2,NA,1,0.7,95.6,1.8,3.6,NA,0.1,NA,14.14,NA,"8625","FleaFlicker","10700","FleaFlicker","QB",NA,NA,NA,NA,NA,NA,NA,NA,NA,NA,NA,NA,NA,NA,NA,NA,NA,NA,NA,NA,NA,NA,NA,NA,NA,NA,NA,NA,NA,NA,NA,NA,NA,NA,NA,NA,NA,NA,3,"@NESun 1:00 PM","QB26","22/33","60%",NA,NA,NA,NA,NA,NA,NA,NA,NA,NA,NA,NA,NA,NA,NA,NA,NA,NA,NA
"Geno Smith","QB","NYJ",NA,29.4,19.5,200.8,NA,1,0.7,96.9,3,11.8,NA,0.1,NA,14.11,NA,"9372","FleaFlicker","11150","FleaFlicker","QB",NA,NA,NA,NA,NA,NA,NA,NA,NA,NA,NA,NA,NA,NA,NA,NA,NA,NA,NA,NA,NA,NA,NA,NA,NA,NA,NA,NA,NA,NA,NA,NA,NA,NA,NA,NA,NA,NA,3,"CLESun 1:00 PM","QB24","19/29","40%",NA,NA,NA,NA,NA,NA,NA,NA,NA,NA,NA,NA,NA,NA,NA,NA,NA,NA,NA
"Cam Ward","QB","TEN",NA,30.5,18.5,194.6,NA,1,0.6,90.1,2.4,8.9,NA,0.1,NA,14.02,NA,"19243","FleaFlicker","17030","FleaFlicker","QB",NA,NA,NA,NA,NA,NA,NA,NA,NA,NA,NA,NA,NA,NA,NA,NA,NA,NA,NA,NA,NA,NA,NA,NA,NA,NA,NA,NA,NA,NA,NA,NA,NA,NA,NA,NA,NA,NA,9,"HOUSun 1:00 PM","QB31","18/30","49%",NA,NA,NA,NA,NA,NA,NA,NA,NA,NA,NA,NA,NA,NA,NA,NA,NA,NA,NA
"Jameis Winston","QB","NYG",NA,28.8,17,206.3,NA,1,1,95.2,2.6,10.7,NA,0.1,NA,13.95,NA,"11183","FleaFlicker","12140","FleaFlicker","QB",NA,NA,NA,NA,NA,NA,NA,NA,NA,NA,NA,NA,NA,NA,NA,NA,NA,NA,NA,NA,NA,NA,NA,NA,NA,NA,NA,NA,NA,NA,NA,NA,NA,NA,NA,NA,NA,NA,8,"@WASSun 1:00 PM","QB32","17/28","27%",NA,NA,NA,NA,NA,NA,NA,NA,NA,NA,NA,NA,NA,NA,NA,NA,NA,NA,NA
"Carson Wentz","QB","MIN",NA,10.9,7,71.7,NA,1,0.2,123.3,0.1,0.3,NA,0,NA,7.17,NA,"12032","FleaFlicker","12610","FleaFlicker","QB",NA,NA,NA,NA,NA,NA,NA,NA,NA,NA,NA,NA,NA,NA,NA,NA,NA,NA,NA,NA,NA,NA,NA,NA,NA,NA,NA,NA,NA,NA,NA,NA,NA,NA,NA,NA,NA,NA,6,"@NOSun 1:00 PM","QB36","7/10","16%",NA,NA,NA,NA,NA,NA,NA,NA,NA,NA,NA,NA,NA,NA,NA,NA,NA,NA,NA
"Lamar Jackson","QB","BAL",NA,0.5,0.3,34.6,NA,0.2,0.1,0.5,1.5,6.6,NA,0,NA,3.29,NA,"13775","FleaFlicker","13593","FleaFlicker","QB",NA,NA,NA,NA,NA,NA,NA,NA,NA,NA,NA,NA,NA,NA,NA,NA,NA,NA,NA,NA,NA,NA,NA,NA,NA,NA,NA,NA,NA,NA,NA,NA,NA,NA,NA,NA,NA,NA,3,"@ATLSun 8:20 PM","QB3","0/0","99%",NA,NA,NA,NA,NA,NA,NA,NA,NA,NA,NA,NA,NA,NA,NA,NA,NA,NA,NA
"Ty Simpson","QB","LAR",NA,1.8,1.1,12.9,NA,0.1,0.1,116.7,0.2,1.1,NA,0,NA,1.04,NA,"20064","FleaFlicker","17463","FleaFlicker","QB",NA,NA,NA,NA,NA,NA,NA,NA,NA,NA,NA,NA,NA,NA,NA,NA,NA,NA,NA,NA,NA,NA,NA,NA,NA,NA,NA,NA,NA,NA,NA,NA,NA,NA,NA,NA,NA,NA,1,"BUFMon 8:15 PM",NA,"1/1","29%",NA,NA,NA,NA,NA,NA,NA,NA,NA,NA,NA,NA,NA,NA,NA,NA,NA,NA,NA
"Athan Kaliakmanis","QB","WAS",NA,1.2,0.8,8.2,NA,0.1,0,60.4,0.3,1.7,NA,0,NA,0.98,NA,"20282","FleaFlicker","17679","FleaFlicker","QB",NA,NA,NA,NA,NA,NA,NA,NA,NA,NA,NA,NA,NA,NA,NA,NA,NA,NA,NA,NA,NA,NA,NA,NA,NA,NA,NA,NA,NA,NA,NA,NA,NA,NA,NA,NA,NA,NA,7,"NYGSun 1:00 PM",NA,"0/1","6%",NA,NA,NA,NA,NA,NA,NA,NA,NA,NA,NA,NA,NA,NA,NA,NA,NA,NA,NA
"Case Keenum","QB","CHI",NA,1.8,1.1,11.7,NA,0.1,0.1,112.5,0.1,0.6,NA,0,NA,0.93,NA,"8800","FleaFlicker","10948","FleaFlicker","QB",NA,NA,NA,NA,NA,NA,NA,NA,NA,NA,NA,NA,NA,NA,NA,NA,NA,NA,NA,NA,NA,NA,NA,NA,NA,NA,NA,NA,NA,NA,NA,NA,NA,NA,NA,NA,NA,NA,0,"@GBSun 1:00 PM","QB43","1/1","13%",NA,NA,NA,NA,NA,NA,NA,NA,NA,NA,NA,NA,NA,NA,NA,NA,NA,NA,NA
"Easton Stick","QB","TB",NA,1,0.7,7.1,NA,0.1,0,56.3,0.1,0.7,NA,0,NA,0.82,NA,"14853","FleaFlicker","14069","FleaFlicker","QB",NA,NA,NA,NA,NA,NA,NA,NA,NA,NA,NA,NA,NA,NA,NA,NA,NA,NA,NA,NA,NA,NA,NA,NA,NA,NA,NA,NA,NA,NA,NA,NA,NA,NA,NA,NA,NA,NA,0,"@DALThu 8:15 PM",NA,"0/1","0%",NA,NA,NA,NA,NA,NA,NA,NA,NA,NA,NA,NA,NA,NA,NA,NA,NA,NA,NA
"Joe Fagnano","QB","BAL",NA,0.7,0.5,5.8,NA,0.1,0,0.7,0.1,0.7,NA,0,NA,0.76,NA,"20396","FleaFlicker","17760","FleaFlicker","QB",NA,NA,NA,NA,NA,NA,NA,NA,NA,NA,NA,NA,NA,NA,NA,NA,NA,NA,NA,NA,NA,NA,NA,NA,NA,NA,NA,NA,NA,NA,NA,NA,NA,NA,NA,NA,NA,NA,3,"@ATLSun 8:20 PM",NA,"0/0","0%",NA,NA,NA,NA,NA,NA,NA,NA,NA,NA,NA,NA,NA,NA,NA,NA,NA,NA,NA
"J.J. McCarthy","QB","NYG",NA,1.4,0.8,10.2,NA,0.1,0.1,68.8,0.2,0.9,NA,0,NA,0.7,NA,"18387","FleaFlicker","16584","FleaFlicker","QB",NA,NA,NA,NA,NA,NA,NA,NA,NA,NA,NA,NA,NA,NA,NA,NA,NA,NA,NA,NA,NA,NA,NA,NA,NA,NA,NA,NA,NA,NA,NA,NA,NA,NA,NA,NA,NA,NA,8,"@WASSun 1:00 PM","QB35","0/1","25%",NA,NA,NA,NA,NA,NA,NA,NA,NA,NA,NA,NA,NA,NA,NA,NA,NA,NA,NA
"Joshua Dobbs","QB","DET",NA,0.7,0.5,6,NA,0.1,0,0.7,0.1,0.3,NA,0,NA,0.53,NA,"13017","FleaFlicker","13119","FleaFlicker","QB",NA,NA,NA,NA,NA,NA,NA,NA,NA,NA,NA,NA,NA,NA,NA,NA,NA,NA,NA,NA,NA,NA,NA,NA,NA,NA,NA,NA,NA,NA,NA,NA,NA,NA,NA,NA,NA,NA,6,"@ARISun 4:25 PM",NA,"0/0","2%",NA,NA,NA,NA,NA,NA,NA,NA,NA,NA,NA,NA,NA,NA,NA,NA,NA,NA,NA
"Joe Flacco","QB","CIN",NA,0.8,0.6,5.5,NA,0.1,0,0.8,0.1,0.5,NA,0,NA,0.52,NA,"5336","FleaFlicker","9064","FleaFlicker","QB",NA,NA,NA,NA,NA,NA,NA,NA,NA,NA,NA,NA,NA,NA,NA,NA,NA,NA,NA,NA,NA,NA,NA,NA,NA,NA,NA,NA,NA,NA,NA,NA,NA,NA,NA,NA,NA,NA,6,"@MIASun 1:00 PM","QB42","0/0","10%",NA,NA,NA,NA,NA,NA,NA,NA,NA,NA,NA,NA,NA,NA,NA,NA,NA,NA,NA
"Jahmyr Gibbs","RB","DET",NA,NA,NA,NA,NA,NA,NA,NA,19.9,96.9,NA,1,0.1,22.16,NA,"17612","FleaFlicker","16162","FleaFlicker","RB",4.7,4.7,40.1,NA,NA,0.4,NA,NA,NA,NA,NA,NA,NA,NA,NA,NA,NA,NA,NA,NA,NA,NA,NA,NA,NA,NA,NA,NA,NA,NA,NA,NA,NA,NA,NA,NA,NA,NA,6,"@ARISun 4:25 PM","RB1",NA,"99%",1.4,137,NA,NA,NA,NA,NA,NA,NA,NA,NA,NA,NA,NA,NA,NA,NA,NA,NA
"Bijan Robinson","RB","ATL",NA,NA,NA,NA,NA,NA,NA,NA,19.5,92.7,NA,0.8,0.1,18.89,NA,"17603","FleaFlicker","16161","FleaFlicker","RB",4,4,37.8,NA,NA,0.2,NA,NA,NA,NA,NA,NA,NA,NA,NA,NA,NA,NA,NA,NA,NA,NA,NA,NA,NA,NA,NA,NA,NA,NA,NA,NA,NA,NA,NA,NA,NA,NA,1,"BALSun 8:20 PM","RB2",NA,"99%",1,130.5,NA,NA,NA,NA,NA,NA,NA,NA,NA,NA,NA,NA,NA,NA,NA,NA,NA
"Jonathan Taylor","RB","IND",NA,NA,NA,NA,NA,NA,NA,NA,20.6,89.2,NA,0.8,0.1,16.79,NA,"15604","FleaFlicker","14802","FleaFlicker","RB",2.7,2.7,21.7,NA,NA,0.1,NA,NA,NA,NA,NA,NA,NA,NA,NA,NA,NA,NA,NA,NA,NA,NA,NA,NA,NA,NA,NA,NA,NA,NA,NA,NA,NA,NA,NA,NA,NA,NA,3,"@PITSun 1:00 PM","RB4",NA,"99%",0.9,110.9,NA,NA,NA,NA,NA,NA,NA,NA,NA,NA,NA,NA,NA,NA,NA,NA,NA
"Derrick Henry","RB","BAL",NA,NA,NA,NA,NA,NA,NA,NA,20.1,96.3,NA,0.8,0.1,15.92,NA,"12042","FleaFlicker","12626","FleaFlicker","RB",1.4,1.4,11.1,NA,NA,0,NA,NA,NA,NA,NA,NA,NA,NA,NA,NA,NA,NA,NA,NA,NA,NA,NA,NA,NA,NA,NA,NA,NA,NA,NA,NA,NA,NA,NA,NA,NA,NA,3,"@ATLSun 8:20 PM","RB6",NA,"99%",0.9,107.5,NA,NA,NA,NA,NA,NA,NA,NA,NA,NA,NA,NA,NA,NA,NA,NA,NA
"Kyren Williams","RB","LAR",NA,NA,NA,NA,NA,NA,NA,NA,15,75.2,NA,0.7,0.1,15.1,NA,"17004","FleaFlicker","15710","FleaFlicker","RB",3,3,21.8,NA,NA,0.2,NA,NA,NA,NA,NA,NA,NA,NA,NA,NA,NA,NA,NA,NA,NA,NA,NA,NA,NA,NA,NA,NA,NA,NA,NA,NA,NA,NA,NA,NA,NA,NA,1,"BUFMon 8:15 PM","RB10",NA,"98%",0.9,97,NA,NA,NA,NA,NA,NA,NA,NA,NA,NA,NA,NA,NA,NA,NA,NA,NA
"Javonte Williams","RB","DAL",NA,NA,NA,NA,NA,NA,NA,NA,17.8,70.6,NA,0.8,0.1,14.72,NA,"16282","FleaFlicker","15256","FleaFlicker","RB",2.8,2.8,15.4,NA,NA,0.2,NA,NA,NA,NA,NA,NA,NA,NA,NA,NA,NA,NA,NA,NA,NA,NA,NA,NA,NA,NA,NA,NA,NA,NA,NA,NA,NA,NA,NA,NA,NA,NA,4,"TBThu 8:15 PM","RB11",NA,"98%",1,86.1,NA,NA,NA,NA,NA,NA,NA,NA,NA,NA,NA,NA,NA,NA,NA,NA,NA
"Christian McCaffrey","RB","SF",NA,NA,NA,NA,NA,NA,NA,NA,15.4,60.3,NA,0.5,0.1,13.88,NA,"12892","FleaFlicker","13130","FleaFlicker","RB",4.8,4.8,37.5,NA,NA,0.2,NA,NA,NA,NA,NA,NA,NA,NA,NA,NA,NA,NA,NA,NA,NA,NA,NA,NA,NA,NA,NA,NA,NA,NA,NA,NA,NA,NA,NA,NA,NA,NA,8,"@SEASun 4:25 PM","RB7",NA,"99%",0.7,97.8,NA,NA,NA,NA,NA,NA,NA,NA,NA,NA,NA,NA,NA,NA,NA,NA,NA
"James Cook","RB","BUF",NA,NA,NA,NA,NA,NA,NA,NA,16.9,86,NA,0.6,0.1,13.67,NA,"16839","FleaFlicker","15715","FleaFlicker","RB",1.8,1.8,13.5,NA,NA,0.1,NA,NA,NA,NA,NA,NA,NA,NA,NA,NA,NA,NA,NA,NA,NA,NA,NA,NA,NA,NA,NA,NA,NA,NA,NA,NA,NA,NA,NA,NA,NA,NA,7,"@LARMon 8:15 PM","RB5",NA,"99%",0.7,99.6,NA,NA,NA,NA,NA,NA,NA,NA,NA,NA,NA,NA,NA,NA,NA,NA,NA
"Chase Brown","RB","CIN",NA,NA,NA,NA,NA,NA,NA,NA,15.8,65.6,NA,0.5,0.1,13.2,NA,"17756","FleaFlicker","16181","FleaFlicker","RB",4.6,4.6,27.4,NA,NA,0.2,NA,NA,NA,NA,NA,NA,NA,NA,NA,NA,NA,NA,NA,NA,NA,NA,NA,NA,NA,NA,NA,NA,NA,NA,NA,NA,NA,NA,NA,NA,NA,NA,6,"@MIASun 1:00 PM","RB8",NA,"98%",0.7,93,NA,NA,NA,NA,NA,NA,NA,NA,NA,NA,NA,NA,NA,NA,NA,NA,NA
"Jaylen Warren","RB","PIT",NA,NA,NA,NA,NA,NA,NA,NA,15.2,71.9,NA,0.4,0.1,12.85,NA,"17137","FleaFlicker","15742","FleaFlicker","RB",3,3,26,NA,NA,0.1,NA,NA,NA,NA,NA,NA,NA,NA,NA,NA,NA,NA,NA,NA,NA,NA,NA,NA,NA,NA,NA,NA,NA,NA,NA,NA,NA,NA,NA,NA,NA,NA,9,"INDSun 1:00 PM","RB23",NA,"96%",0.5,97.9,NA,NA,NA,NA,NA,NA,NA,NA,NA,NA,NA,NA,NA,NA,NA,NA,NA
"Aaron Jones","RB","MIN",NA,NA,NA,NA,NA,NA,NA,NA,17.7,74.8,NA,0.4,0.1,12.38,NA,"13111","FleaFlicker","13319","FleaFlicker","RB",2.9,2.9,20.4,NA,NA,0.1,NA,NA,NA,NA,NA,NA,NA,NA,NA,NA,NA,NA,NA,NA,NA,NA,NA,NA,NA,NA,NA,NA,NA,NA,NA,NA,NA,NA,NA,NA,NA,NA,6,"@NOSun 1:00 PM","RB29",NA,"94%",0.5,95.2,NA,NA,NA,NA,NA,NA,NA,NA,NA,NA,NA,NA,NA,NA,NA,NA,NA
"Ashton Jeanty","RB","LV",NA,NA,NA,NA,NA,NA,NA,NA,16.3,61.6,NA,0.3,0.1,12.2,NA,"19247","FleaFlicker","17042","FleaFlicker","RB",4,4,27.4,NA,NA,0.2,NA,NA,NA,NA,NA,NA,NA,NA,NA,NA,NA,NA,NA,NA,NA,NA,NA,NA,NA,NA,NA,NA,NA,NA,NA,NA,NA,NA,NA,NA,NA,NA,3,"@NESun 1:00 PM","RB9",NA,"98%",0.6,89,NA,NA,NA,NA,NA,NA,NA,NA,NA,NA,NA,NA,NA,NA,NA,NA,NA
"Braelon Allen","RB","NYJ",NA,NA,NA,NA,NA,NA,NA,NA,17.2,69.6,NA,0.6,0.1,12.11,NA,"18456","FleaFlicker","16596","FleaFlicker","RB",2,2,13.1,NA,NA,0.1,NA,NA,NA,NA,NA,NA,NA,NA,NA,NA,NA,NA,NA,NA,NA,NA,NA,NA,NA,NA,NA,NA,NA,NA,NA,NA,NA,NA,NA,NA,NA,NA,3,"CLESun 1:00 PM","RB46",NA,"75%",0.7,82.7,NA,NA,NA,NA,NA,NA,NA,NA,NA,NA,NA,NA,NA,NA,NA,NA,NA
"Bucky Irving","RB","TB",NA,NA,NA,NA,NA,NA,NA,NA,16.6,72.2,NA,0.4,0.1,11.92,NA,"18479","FleaFlicker","16598","FleaFlicker","RB",2.7,2.7,20,NA,NA,0.1,NA,NA,NA,NA,NA,NA,NA,NA,NA,NA,NA,NA,NA,NA,NA,NA,NA,NA,NA,NA,NA,NA,NA,NA,NA,NA,NA,NA,NA,NA,NA,NA,0,"@DALThu 8:15 PM","RB17",NA,"96%",0.5,92.2,NA,NA,NA,NA,NA,NA,NA,NA,NA,NA,NA,NA,NA,NA,NA,NA,NA
"D'Andre Swift","RB","CHI",NA,NA,NA,NA,NA,NA,NA,NA,14.1,62.7,NA,0.6,0.1,11.85,NA,"15601","FleaFlicker","14797","FleaFlicker","RB",2.3,2.3,17.4,NA,NA,0.1,NA,NA,NA,NA,NA,NA,NA,NA,NA,NA,NA,NA,NA,NA,NA,NA,NA,NA,NA,NA,NA,NA,NA,NA,NA,NA,NA,NA,NA,NA,NA,NA,0,"@GBSun 1:00 PM","RB13",NA,"98%",0.7,80.1,NA,NA,NA,NA,NA,NA,NA,NA,NA,NA,NA,NA,NA,NA,NA,NA,NA
"Cam Skattebo","RB","NYG",NA,NA,NA,NA,NA,NA,NA,NA,16.4,67.9,NA,0.5,0.1,11.67,NA,"19361","FleaFlicker","17045","FleaFlicker","RB",2,2,18,NA,NA,0.1,NA,NA,NA,NA,NA,NA,NA,NA,NA,NA,NA,NA,NA,NA,NA,NA,NA,NA,NA,NA,NA,NA,NA,NA,NA,NA,NA,NA,NA,NA,NA,NA,8,"@WASSun 1:00 PM","RB18",NA,"96%",0.6,85.9,NA,NA,NA,NA,NA,NA,NA,NA,NA,NA,NA,NA,NA,NA,NA,NA,NA
"Bhayshul Tuten","RB","JAC",NA,NA,NA,NA,NA,NA,NA,NA,16.1,66.5,NA,0.5,0.1,11.49,NA,"19349","FleaFlicker","17052","FleaFlicker","RB",1.7,1.7,13,NA,NA,0.1,NA,NA,NA,NA,NA,NA,NA,NA,NA,NA,NA,NA,NA,NA,NA,NA,NA,NA,NA,NA,NA,NA,NA,NA,NA,NA,NA,NA,NA,NA,NA,NA,7,"PHISun 9:30 AM","RB15",NA,"94%",0.6,79.5,NA,NA,NA,NA,NA,NA,NA,NA,NA,NA,NA,NA,NA,NA,NA,NA,NA
"Jeremiyah Love","RB","ARI",NA,NA,NA,NA,NA,NA,NA,NA,14.2,61.8,NA,0.5,0.1,11.44,NA,"20065","FleaFlicker","17472","FleaFlicker","RB",2.6,2.6,17.6,NA,NA,0.1,NA,NA,NA,NA,NA,NA,NA,NA,NA,NA,NA,NA,NA,NA,NA,NA,NA,NA,NA,NA,NA,NA,NA,NA,NA,NA,NA,NA,NA,NA,NA,NA,4,"DETSun 4:25 PM","RB14",NA,"94%",0.6,79.4,NA,NA,NA,NA,NA,NA,NA,NA,NA,NA,NA,NA,NA,NA,NA,NA,NA
"David Montgomery","RB","HOU",NA,NA,NA,NA,NA,NA,NA,NA,15.3,55.8,NA,0.6,0.1,11.06,NA,"14716","FleaFlicker","14071","FleaFlicker","RB",1.8,1.8,14.4,NA,NA,0.1,NA,NA,NA,NA,NA,NA,NA,NA,NA,NA,NA,NA,NA,NA,NA,NA,NA,NA,NA,NA,NA,NA,NA,NA,NA,NA,NA,NA,NA,NA,NA,NA,8,"@TENSun 1:00 PM","RB22",NA,"96%",0.7,70.2,NA,NA,NA,NA,NA,NA,NA,NA,NA,NA,NA,NA,NA,NA,NA,NA,NA
"Quinshon Judkins","RB","CLE",NA,NA,NA,NA,NA,NA,NA,NA,16.5,61.2,NA,0.4,0.1,10.82,NA,"19303","FleaFlicker","17051","FleaFlicker","RB",2.7,2.7,17.4,NA,NA,0.1,NA,NA,NA,NA,NA,NA,NA,NA,NA,NA,NA,NA,NA,NA,NA,NA,NA,NA,NA,NA,NA,NA,NA,NA,NA,NA,NA,NA,NA,NA,NA,NA,1,"@NYJSun 1:00 PM","RB20",NA,"95%",0.5,78.6,NA,NA,NA,NA,NA,NA,NA,NA,NA,NA,NA,NA,NA,NA,NA,NA,NA
"Emanuel Wilson","RB","SEA",NA,NA,NA,NA,NA,NA,NA,NA,16.5,63.2,NA,0.4,0.1,10.49,NA,"18234","FleaFlicker","16432","FleaFlicker","RB",1.6,1.6,11.8,NA,NA,0.1,NA,NA,NA,NA,NA,NA,NA,NA,NA,NA,NA,NA,NA,NA,NA,NA,NA,NA,NA,NA,NA,NA,NA,NA,NA,NA,NA,NA,NA,NA,NA,NA,1,"SFSun 4:25 PM","RB54",NA,"71%",0.5,75,NA,NA,NA,NA,NA,NA,NA,NA,NA,NA,NA,NA,NA,NA,NA,NA,NA
"Jacory Croskey-Merritt","RB","WAS",NA,NA,NA,NA,NA,NA,NA,NA,13.9,61.4,NA,0.5,0.1,9.58,NA,"19509","FleaFlicker","17256","FleaFlicker","RB",0.7,0.7,4.8,NA,NA,0,NA,NA,NA,NA,NA,NA,NA,NA,NA,NA,NA,NA,NA,NA,NA,NA,NA,NA,NA,NA,NA,NA,NA,NA,NA,NA,NA,NA,NA,NA,NA,NA,7,"NYGSun 1:00 PM","RB30",NA,"88%",0.5,66.2,NA,NA,NA,NA,NA,NA,NA,NA,NA,NA,NA,NA,NA,NA,NA,NA,NA
"Rhamondre Stevenson","RB","NE",NA,NA,NA,NA,NA,NA,NA,NA,10.2,44.1,NA,0.4,0.1,9.53,NA,"16339","FleaFlicker","15259","FleaFlicker","RB",2.8,2.8,23,NA,NA,0.1,NA,NA,NA,NA,NA,NA,NA,NA,NA,NA,NA,NA,NA,NA,NA,NA,NA,NA,NA,NA,NA,NA,NA,NA,NA,NA,NA,NA,NA,NA,NA,NA,1,"LVSun 1:00 PM","RB25",NA,"93%",0.5,67.1,NA,NA,NA,NA,NA,NA,NA,NA,NA,NA,NA,NA,NA,NA,NA,NA,NA
"TreVeyon Henderson","RB","NE",NA,NA,NA,NA,NA,NA,NA,NA,11.6,52.6,NA,0.4,0.1,9.18,NA,"19272","FleaFlicker","17043","FleaFlicker","RB",1.5,1.5,10.2,NA,NA,0.1,NA,NA,NA,NA,NA,NA,NA,NA,NA,NA,NA,NA,NA,NA,NA,NA,NA,NA,NA,NA,NA,NA,NA,NA,NA,NA,NA,NA,NA,NA,NA,NA,1,"LVSun 1:00 PM","RB24",NA,"93%",0.5,62.8,NA,NA,NA,NA,NA,NA,NA,NA,NA,NA,NA,NA,NA,NA,NA,NA,NA
"Tony Pollard","RB","TEN",NA,NA,NA,NA,NA,NA,NA,NA,15.7,61.3,NA,0.3,0.1,9.11,NA,"14759","FleaFlicker","14085","FleaFlicker","RB",1.8,1.8,10.4,NA,NA,0,NA,NA,NA,NA,NA,NA,NA,NA,NA,NA,NA,NA,NA,NA,NA,NA,NA,NA,NA,NA,NA,NA,NA,NA,NA,NA,NA,NA,NA,NA,NA,NA,9,"HOUSun 1:00 PM","RB32",NA,"93%",0.3,71.6,NA,NA,NA,NA,NA,NA,NA,NA,NA,NA,NA,NA,NA,NA,NA,NA,NA
"Ollie Gordon","RB","MIA",NA,NA,NA,NA,NA,NA,NA,NA,12.2,52.2,NA,0.4,0.1,9.11,NA,"19380","FleaFlicker","17059","FleaFlicker","RB",1.5,1.5,9.8,NA,NA,0.1,NA,NA,NA,NA,NA,NA,NA,NA,NA,NA,NA,NA,NA,NA,NA,NA,NA,NA,NA,NA,NA,NA,NA,NA,NA,NA,NA,NA,NA,NA,NA,NA,6,"CINSun 1:00 PM","RB53",NA,"72%",0.5,62,NA,NA,NA,NA,NA,NA,NA,NA,NA,NA,NA,NA,NA,NA,NA,NA,NA
"J.K. Dobbins","RB","DEN",NA,NA,NA,NA,NA,NA,NA,NA,13.8,60.7,NA,0.4,0.1,8.92,NA,"15555","FleaFlicker","14800","FleaFlicker","RB",0.9,0.9,5.3,NA,NA,0,NA,NA,NA,NA,NA,NA,NA,NA,NA,NA,NA,NA,NA,NA,NA,NA,NA,NA,NA,NA,NA,NA,NA,NA,NA,NA,NA,NA,NA,NA,NA,NA,0,"@LACSun 4:05 PM","RB33",NA,"88%",0.4,66.1,NA,NA,NA,NA,NA,NA,NA,NA,NA,NA,NA,NA,NA,NA,NA,NA,NA
"Kyle Monangai","RB","CHI",NA,NA,NA,NA,NA,NA,NA,NA,10.8,49.7,NA,0.4,0,8.55,NA,"19543","FleaFlicker","17066","FleaFlicker","RB",1.3,1.3,9.8,NA,NA,0.1,NA,NA,NA,NA,NA,NA,NA,NA,NA,NA,NA,NA,NA,NA,NA,NA,NA,NA,NA,NA,NA,NA,NA,NA,NA,NA,NA,NA,NA,NA,NA,NA,0,"@GBSun 1:00 PM","RB28",NA,"91%",0.4,59.5,NA,NA,NA,NA,NA,NA,NA,NA,NA,NA,NA,NA,NA,NA,NA,NA,NA
"Omarion Hampton","RB","LAC",NA,NA,NA,NA,NA,NA,NA,NA,11.3,48.1,NA,0.4,0.1,8.34,NA,"19248","FleaFlicker","17044","FleaFlicker","RB",1.5,1.5,9.3,NA,NA,0.1,NA,NA,NA,NA,NA,NA,NA,NA,NA,NA,NA,NA,NA,NA,NA,NA,NA,NA,NA,NA,NA,NA,NA,NA,NA,NA,NA,NA,NA,NA,NA,NA,7,"DENSun 4:05 PM","RB16",NA,"97%",0.5,57.4,NA,NA,NA,NA,NA,NA,NA,NA,NA,NA,NA,NA,NA,NA,NA,NA,NA
"RJ Harvey","RB","DEN",NA,NA,NA,NA,NA,NA,NA,NA,6.2,23.8,NA,0.2,0.1,7.46,NA,"19290","FleaFlicker","17068","FleaFlicker","RB",3.6,3.6,27.2,NA,NA,0.2,NA,NA,NA,NA,NA,NA,NA,NA,NA,NA,NA,NA,NA,NA,NA,NA,NA,NA,NA,NA,NA,NA,NA,NA,NA,NA,NA,NA,NA,NA,NA,NA,0,"@LACSun 4:05 PM","RB35",NA,"87%",0.4,50.9,NA,NA,NA,NA,NA,NA,NA,NA,NA,NA,NA,NA,NA,NA,NA,NA,NA
"Alvin Kamara","RB","NO",NA,NA,NA,NA,NA,NA,NA,NA,11.3,40.9,NA,0.2,0.1,7.44,NA,"12965","FleaFlicker","13132","FleaFlicker","RB",2.5,2.5,15.8,NA,NA,0.1,NA,NA,NA,NA,NA,NA,NA,NA,NA,NA,NA,NA,NA,NA,NA,NA,NA,NA,NA,NA,NA,NA,NA,NA,NA,NA,NA,NA,NA,NA,NA,NA,8,"MINSun 1:00 PM","RB47",NA,"77%",0.3,56.7,NA,NA,NA,NA,NA,NA,NA,NA,NA,NA,NA,NA,NA,NA,NA,NA,NA
"Keaton Mitchell","RB","LAC",NA,NA,NA,NA,NA,NA,NA,NA,8.2,39,NA,0.2,0,6.99,NA,"18174","FleaFlicker","16178","FleaFlicker","RB",2,2,13.3,NA,NA,0.1,NA,NA,NA,NA,NA,NA,NA,NA,NA,NA,NA,NA,NA,NA,NA,NA,NA,NA,NA,NA,NA,NA,NA,NA,NA,NA,NA,NA,NA,NA,NA,NA,7,"DENSun 4:05 PM","RB48",NA,"64%",0.3,52.2,NA,NA,NA,NA,NA,NA,NA,NA,NA,NA,NA,NA,NA,NA,NA,NA,NA
"MarShawn Lloyd","RB","GB",NA,NA,NA,NA,NA,NA,NA,NA,8.3,35.6,NA,0.2,0.1,6.63,NA,"18449","FleaFlicker","16604","FleaFlicker","RB",1.8,1.8,13.1,NA,NA,0.1,NA,NA,NA,NA,NA,NA,NA,NA,NA,NA,NA,NA,NA,NA,NA,NA,NA,NA,NA,NA,NA,NA,NA,NA,NA,NA,NA,NA,NA,NA,NA,NA,1,"CHISun 1:00 PM","RB42",NA,"65%",0.3,48.6,NA,NA,NA,NA,NA,NA,NA,NA,NA,NA,NA,NA,NA,NA,NA,NA,NA
"Woody Marks","RB","HOU",NA,NA,NA,NA,NA,NA,NA,NA,9.6,34.5,NA,0.3,0,6.62,NA,"19351","FleaFlicker","17053","FleaFlicker","RB",1.5,1.5,10.5,NA,NA,0.1,NA,NA,NA,NA,NA,NA,NA,NA,NA,NA,NA,NA,NA,NA,NA,NA,NA,NA,NA,NA,NA,NA,NA,NA,NA,NA,NA,NA,NA,NA,NA,NA,8,"@TENSun 1:00 PM","RB44",NA,"78%",0.4,45,NA,NA,NA,NA,NA,NA,NA,NA,NA,NA,NA,NA,NA,NA,NA,NA,NA
"Will Shipley","RB","PHI",NA,NA,NA,NA,NA,NA,NA,NA,11.5,37.9,NA,0.2,0.1,6.54,NA,"18476","FleaFlicker","16601","FleaFlicker","RB",2.1,2.1,13.9,NA,NA,0.1,NA,NA,NA,NA,NA,NA,NA,NA,NA,NA,NA,NA,NA,NA,NA,NA,NA,NA,NA,NA,NA,NA,NA,NA,NA,NA,NA,NA,NA,NA,NA,NA,0,"@JACSun 9:30 AM","RB64",NA,"40%",0.3,51.8,NA,NA,NA,NA,NA,NA,NA,NA,NA,NA,NA,NA,NA,NA,NA,NA,NA
"Blake Corum","RB","LAR",NA,NA,NA,NA,NA,NA,NA,NA,8.5,41.2,NA,0.3,0,6.46,NA,"18441","FleaFlicker","16593","FleaFlicker","RB",0.8,0.8,5.2,NA,NA,0,NA,NA,NA,NA,NA,NA,NA,NA,NA,NA,NA,NA,NA,NA,NA,NA,NA,NA,NA,NA,NA,NA,NA,NA,NA,NA,NA,NA,NA,NA,NA,NA,1,"BUFMon 8:15 PM","RB27",NA,"86%",0.3,46.3,NA,NA,NA,NA,NA,NA,NA,NA,NA,NA,NA,NA,NA,NA,NA,NA,NA
"Tyler Allgeier","RB","ARI",NA,NA,NA,NA,NA,NA,NA,NA,7.8,31.5,NA,0.3,0,6.36,NA,"16993","FleaFlicker","15712","FleaFlicker","RB",2,2,12.7,NA,NA,0.1,NA,NA,NA,NA,NA,NA,NA,NA,NA,NA,NA,NA,NA,NA,NA,NA,NA,NA,NA,NA,NA,NA,NA,NA,NA,NA,NA,NA,NA,NA,NA,NA,4,"DETSun 4:25 PM","RB49",NA,"73%",0.3,44.2,NA,NA,NA,NA,NA,NA,NA,NA,NA,NA,NA,NA,NA,NA,NA,NA,NA
"Rico Dowdle","RB","PIT",NA,NA,NA,NA,NA,NA,NA,NA,8,32.9,NA,0.2,0,6.09,NA,"15904","FleaFlicker","14823","FleaFlicker","RB",1.3,1.3,10,NA,NA,0.1,NA,NA,NA,NA,NA,NA,NA,NA,NA,NA,NA,NA,NA,NA,NA,NA,NA,NA,NA,NA,NA,NA,NA,NA,NA,NA,NA,NA,NA,NA,NA,NA,9,"INDSun 1:00 PM","RB37",NA,"83%",0.3,43,NA,NA,NA,NA,NA,NA,NA,NA,NA,NA,NA,NA,NA,NA,NA,NA,NA
"Kenny Gainwell","RB","TB",NA,NA,NA,NA,NA,NA,NA,NA,5.5,23.5,NA,0.2,0,5.95,NA,"16480","FleaFlicker","15255","FleaFlicker","RB",2.6,2.6,18.8,NA,NA,0.1,NA,NA,NA,NA,NA,NA,NA,NA,NA,NA,NA,NA,NA,NA,NA,NA,NA,NA,NA,NA,NA,NA,NA,NA,NA,NA,NA,NA,NA,NA,NA,NA,0,"@DALThu 8:15 PM","RB51",NA,"74%",0.3,42.3,NA,NA,NA,NA,NA,NA,NA,NA,NA,NA,NA,NA,NA,NA,NA,NA,NA
"Brian Robinson","RB","ATL",NA,NA,NA,NA,NA,NA,NA,NA,8.2,33.1,NA,0.3,0,5.71,NA,"16875","FleaFlicker","15716","FleaFlicker","RB",0.5,0.5,4,NA,NA,0,NA,NA,NA,NA,NA,NA,NA,NA,NA,NA,NA,NA,NA,NA,NA,NA,NA,NA,NA,NA,NA,NA,NA,NA,NA,NA,NA,NA,NA,NA,NA,NA,1,"BALSun 8:20 PM","RB45",NA,"74%",0.3,37.1,NA,NA,NA,NA,NA,NA,NA,NA,NA,NA,NA,NA,NA,NA,NA,NA,NA
"Rachaad White","RB","WAS",NA,NA,NA,NA,NA,NA,NA,NA,6.1,30.1,NA,0.1,0,5.57,NA,"16882","FleaFlicker","15721","FleaFlicker","RB",1.8,1.8,11,NA,NA,0.1,NA,NA,NA,NA,NA,NA,NA,NA,NA,NA,NA,NA,NA,NA,NA,NA,NA,NA,NA,NA,NA,NA,NA,NA,NA,NA,NA,NA,NA,NA,NA,NA,7,"NYGSun 1:00 PM","RB39",NA,"77%",0.2,41.1,NA,NA,NA,NA,NA,NA,NA,NA,NA,NA,NA,NA,NA,NA,NA,NA,NA
"Kaleb Johnson","RB","GB",NA,NA,NA,NA,NA,NA,NA,NA,9.2,38.5,NA,0.2,0.1,5.54,NA,"19300","FleaFlicker","17048","FleaFlicker","RB",0.7,0.7,5.3,NA,NA,0,NA,NA,NA,NA,NA,NA,NA,NA,NA,NA,NA,NA,NA,NA,NA,NA,NA,NA,NA,NA,NA,NA,NA,NA,NA,NA,NA,NA,NA,NA,NA,NA,1,"CHISun 1:00 PM","RB56",NA,"34%",0.2,43.8,NA,NA,NA,NA,NA,NA,NA,NA,NA,NA,NA,NA,NA,NA,NA,NA,NA
"Chris Rodriguez","RB","JAC",NA,NA,NA,NA,NA,NA,NA,NA,7.4,30.2,NA,0.3,0,5.27,NA,"17762","FleaFlicker","16174","FleaFlicker","RB",0.2,0.2,1.9,NA,NA,0,NA,NA,NA,NA,NA,NA,NA,NA,NA,NA,NA,NA,NA,NA,NA,NA,NA,NA,NA,NA,NA,NA,NA,NA,NA,NA,NA,NA,NA,NA,NA,NA,7,"PHISun 9:30 AM","RB50",NA,"65%",0.3,32.2,NA,NA,NA,NA,NA,NA,NA,NA,NA,NA,NA,NA,NA,NA,NA,NA,NA
"George Holani","RB","SEA",NA,NA,NA,NA,NA,NA,NA,NA,6.6,24.2,NA,0.2,0,5.12,NA,"18889","FleaFlicker","16608","FleaFlicker","RB",1.7,1.7,12.4,NA,NA,0.1,NA,NA,NA,NA,NA,NA,NA,NA,NA,NA,NA,NA,NA,NA,NA,NA,NA,NA,NA,NA,NA,NA,NA,NA,NA,NA,NA,NA,NA,NA,NA,NA,1,"SFSun 4:25 PM","RB67",NA,"29%",0.2,36.6,NA,NA,NA,NA,NA,NA,NA,NA,NA,NA,NA,NA,NA,NA,NA,NA,NA
"Kendre Miller","RB","NO",NA,NA,NA,NA,NA,NA,NA,NA,7.9,28.4,NA,0.2,0.1,5.03,NA,"17661","FleaFlicker","16171","FleaFlicker","RB",1.2,1.2,8.3,NA,NA,0,NA,NA,NA,NA,NA,NA,NA,NA,NA,NA,NA,NA,NA,NA,NA,NA,NA,NA,NA,NA,NA,NA,NA,NA,NA,NA,NA,NA,NA,NA,NA,NA,8,"MINSun 1:00 PM","RB62",NA,"34%",0.2,36.7,NA,NA,NA,NA,NA,NA,NA,NA,NA,NA,NA,NA,NA,NA,NA,NA,NA
"Jaylen Wright","RB","MIA",NA,NA,NA,NA,NA,NA,NA,NA,7.5,30.6,NA,0.2,0.1,4.83,NA,"18459","FleaFlicker","16610","FleaFlicker","RB",0.8,0.8,6.7,NA,NA,0,NA,NA,NA,NA,NA,NA,NA,NA,NA,NA,NA,NA,NA,NA,NA,NA,NA,NA,NA,NA,NA,NA,NA,NA,NA,NA,NA,NA,NA,NA,NA,NA,6,"CINSun 1:00 PM","RB58",NA,"39%",0.2,37.4,NA,NA,NA,NA,NA,NA,NA,NA,NA,NA,NA,NA,NA,NA,NA,NA,NA
"Najee Harris","RB","NYG",NA,NA,NA,NA,NA,NA,NA,NA,7.4,32.4,NA,0.2,0,4.81,NA,"16246","FleaFlicker","15254","FleaFlicker","RB",0.5,0.5,3.9,NA,NA,0,NA,NA,NA,NA,NA,NA,NA,NA,NA,NA,NA,NA,NA,NA,NA,NA,NA,NA,NA,NA,NA,NA,NA,NA,NA,NA,NA,NA,NA,NA,NA,NA,8,"@WASSun 1:00 PM","RB59",NA,"31%",0.2,36.3,NA,NA,NA,NA,NA,NA,NA,NA,NA,NA,NA,NA,NA,NA,NA,NA,NA
"Tyjae Spears","RB","TEN",NA,NA,NA,NA,NA,NA,NA,NA,5.8,21.7,NA,0.1,0,4.72,NA,"17624","FleaFlicker","16165","FleaFlicker","RB",2.1,2.1,14.5,NA,NA,0.1,NA,NA,NA,NA,NA,NA,NA,NA,NA,NA,NA,NA,NA,NA,NA,NA,NA,NA,NA,NA,NA,NA,NA,NA,NA,NA,NA,NA,NA,NA,NA,NA,9,"HOUSun 1:00 PM","RB57",NA,"58%",0.2,36.2,NA,NA,NA,NA,NA,NA,NA,NA,NA,NA,NA,NA,NA,NA,NA,NA,NA
"Saquon Barkley","RB","PHI",NA,NA,NA,NA,NA,NA,NA,NA,7,30.5,NA,0.2,0,4.69,NA,"13778","FleaFlicker","13604","FleaFlicker","RB",0.6,0.6,3.8,NA,NA,0,NA,NA,NA,NA,NA,NA,NA,NA,NA,NA,NA,NA,NA,NA,NA,NA,NA,NA,NA,NA,NA,NA,NA,NA,NA,NA,NA,NA,NA,NA,NA,NA,0,"@JACSun 9:30 AM","RB12",NA,"98%",0.2,34.3,NA,NA,NA,NA,NA,NA,NA,NA,NA,NA,NA,NA,NA,NA,NA,NA,NA
"Mike Washington","RB","LV",NA,NA,NA,NA,NA,NA,NA,NA,5.8,26.6,NA,0.2,0,4.6,NA,"20153","FleaFlicker","17482","FleaFlicker","RB",0.6,0.6,4.6,NA,NA,0,NA,NA,NA,NA,NA,NA,NA,NA,NA,NA,NA,NA,NA,NA,NA,NA,NA,NA,NA,NA,NA,NA,NA,NA,NA,NA,NA,NA,NA,NA,NA,NA,3,"@NESun 1:00 PM","RB43",NA,"60%",0.3,31.2,NA,NA,NA,NA,NA,NA,NA,NA,NA,NA,NA,NA,NA,NA,NA,NA,NA
"Isaiah Davis","RB","NYJ",NA,NA,NA,NA,NA,NA,NA,NA,4.8,22.7,NA,0.2,0,4.06,NA,"18492","FleaFlicker","16752","FleaFlicker","RB",0.9,0.9,7.3,NA,NA,0,NA,NA,NA,NA,NA,NA,NA,NA,NA,NA,NA,NA,NA,NA,NA,NA,NA,NA,NA,NA,NA,NA,NA,NA,NA,NA,NA,NA,NA,NA,NA,NA,3,"CLESun 1:00 PM","RB76",NA,"18%",0.2,30,NA,NA,NA,NA,NA,NA,NA,NA,NA,NA,NA,NA,NA,NA,NA,NA,NA
"Samaje Perine","RB","CIN",NA,NA,NA,NA,NA,NA,NA,NA,4.4,17.9,NA,0.1,0,3.98,NA,"13011","FleaFlicker","13133","FleaFlicker","RB",1.4,1.4,11.3,NA,NA,0.1,NA,NA,NA,NA,NA,NA,NA,NA,NA,NA,NA,NA,NA,NA,NA,NA,NA,NA,NA,NA,NA,NA,NA,NA,NA,NA,NA,NA,NA,NA,NA,NA,6,"@MIASun 1:00 PM","RB65",NA,"22%",0.2,29.2,NA,NA,NA,NA,NA,NA,NA,NA,NA,NA,NA,NA,NA,NA,NA,NA,NA
"Kimani Vidal","RB","LAC",NA,NA,NA,NA,NA,NA,NA,NA,4,17,NA,0.1,0,3.84,NA,"18523","FleaFlicker","16757","FleaFlicker","RB",1.4,1.4,11.4,NA,NA,0.1,NA,NA,NA,NA,NA,NA,NA,NA,NA,NA,NA,NA,NA,NA,NA,NA,NA,NA,NA,NA,NA,NA,NA,NA,NA,NA,NA,NA,NA,NA,NA,NA,7,"DENSun 4:05 PM","RB63",NA,"29%",0.2,28.4,NA,NA,NA,NA,NA,NA,NA,NA,NA,NA,NA,NA,NA,NA,NA,NA,NA
"Justice Hill","RB","BAL",NA,NA,NA,NA,NA,NA,NA,NA,3.2,13.7,NA,0.1,0,3.49,NA,"14767","FleaFlicker","14086","FleaFlicker","RB",1.6,1.6,11.8,NA,NA,0.1,NA,NA,NA,NA,NA,NA,NA,NA,NA,NA,NA,NA,NA,NA,NA,NA,NA,NA,NA,NA,NA,NA,NA,NA,NA,NA,NA,NA,NA,NA,NA,NA,3,"@ATLSun 8:20 PM","RB73",NA,"25%",0.2,25.5,NA,NA,NA,NA,NA,NA,NA,NA,NA,NA,NA,NA,NA,NA,NA,NA,NA
"Raheim Sanders","RB","CLE",NA,NA,NA,NA,NA,NA,NA,NA,3.1,12.6,NA,0.1,0,3.32,NA,"19586","FleaFlicker","17062","FleaFlicker","RB",1.9,1.9,13.6,NA,NA,0.1,NA,NA,NA,NA,NA,NA,NA,NA,NA,NA,NA,NA,NA,NA,NA,NA,NA,NA,NA,NA,NA,NA,NA,NA,NA,NA,NA,NA,NA,NA,NA,NA,1,"@NYJSun 1:00 PM","RB75",NA,"22%",0.1,26.2,NA,NA,NA,NA,NA,NA,NA,NA,NA,NA,NA,NA,NA,NA,NA,NA,NA
"Ty Johnson","RB","BUF",NA,NA,NA,NA,NA,NA,NA,NA,2.2,9.5,NA,0.1,0,3.24,NA,"14842","FleaFlicker","14095","FleaFlicker","RB",1.6,1.6,14.7,NA,NA,0.1,NA,NA,NA,NA,NA,NA,NA,NA,NA,NA,NA,NA,NA,NA,NA,NA,NA,NA,NA,NA,NA,NA,NA,NA,NA,NA,NA,NA,NA,NA,NA,NA,7,"@LARMon 8:15 PM","RB87",NA,"14%",0.1,24.1,NA,NA,NA,NA,NA,NA,NA,NA,NA,NA,NA,NA,NA,NA,NA,NA,NA
"Chris Brooks","RB","GB",NA,NA,NA,NA,NA,NA,NA,NA,4,19.4,NA,0.1,0,3.18,NA,"18169","FleaFlicker","16387","FleaFlicker","RB",0.8,0.8,6,NA,NA,0,NA,NA,NA,NA,NA,NA,NA,NA,NA,NA,NA,NA,NA,NA,NA,NA,NA,NA,NA,NA,NA,NA,NA,NA,NA,NA,NA,NA,NA,NA,NA,NA,1,"CHISun 1:00 PM","RB71",NA,"22%",0.1,25.3,NA,NA,NA,NA,NA,NA,NA,NA,NA,NA,NA,NA,NA,NA,NA,NA,NA
"Kaelon Black","RB","SF",NA,NA,NA,NA,NA,NA,NA,NA,5.6,20.9,NA,0.1,0,3.13,NA,"20118","FleaFlicker","17485","FleaFlicker","RB",0.5,0.5,4,NA,NA,0,NA,NA,NA,NA,NA,NA,NA,NA,NA,NA,NA,NA,NA,NA,NA,NA,NA,NA,NA,NA,NA,NA,NA,NA,NA,NA,NA,NA,NA,NA,NA,NA,8,"@SEASun 4:25 PM","RB41",NA,"57%",0.1,24.9,NA,NA,NA,NA,NA,NA,NA,NA,NA,NA,NA,NA,NA,NA,NA,NA,NA
"Dameon Pierce","RB","PHI",NA,NA,NA,NA,NA,NA,NA,NA,4.9,17.9,NA,0.1,0,2.97,NA,"16914","FleaFlicker","15717","FleaFlicker","RB",0.6,0.6,4.4,NA,NA,0,NA,NA,NA,NA,NA,NA,NA,NA,NA,NA,NA,NA,NA,NA,NA,NA,NA,NA,NA,NA,NA,NA,NA,NA,NA,NA,NA,NA,NA,NA,NA,NA,0,"@JACSun 9:30 AM",NA,NA,"9%",0.1,22.3,NA,NA,NA,NA,NA,NA,NA,NA,NA,NA,NA,NA,NA,NA,NA,NA,NA
"Tyler Goodson","RB","DAL",NA,NA,NA,NA,NA,NA,NA,NA,4.4,17.4,NA,0.1,0,2.94,NA,"17175","FleaFlicker","15730","FleaFlicker","RB",0.6,0.6,3.8,NA,NA,0,NA,NA,NA,NA,NA,NA,NA,NA,NA,NA,NA,NA,NA,NA,NA,NA,NA,NA,NA,NA,NA,NA,NA,NA,NA,NA,NA,NA,NA,NA,NA,NA,4,"TBThu 8:15 PM","RB104",NA,"5%",0.1,21.2,NA,NA,NA,NA,NA,NA,NA,NA,NA,NA,NA,NA,NA,NA,NA,NA,NA
"Austin Ekeler","RB","WAS",NA,NA,NA,NA,NA,NA,NA,NA,3,14.2,NA,0.1,0,2.82,NA,"13325","FleaFlicker","13404","FleaFlicker","RB",0.7,0.7,5.8,NA,NA,0,NA,NA,NA,NA,NA,NA,NA,NA,NA,NA,NA,NA,NA,NA,NA,NA,NA,NA,NA,NA,NA,NA,NA,NA,NA,NA,NA,NA,NA,NA,NA,NA,7,"NYGSun 1:00 PM","RB82",NA,"17%",0.1,20,NA,NA,NA,NA,NA,NA,NA,NA,NA,NA,NA,NA,NA,NA,NA,NA,NA
"Sione Vaki","RB","DET",NA,NA,NA,NA,NA,NA,NA,NA,3.4,14.8,NA,0.1,0,2.74,NA,"18489","FleaFlicker","16678","FleaFlicker","RB",0.7,0.7,6.8,NA,NA,0,NA,NA,NA,NA,NA,NA,NA,NA,NA,NA,NA,NA,NA,NA,NA,NA,NA,NA,NA,NA,NA,NA,NA,NA,NA,NA,NA,NA,NA,NA,NA,NA,6,"@ARISun 4:25 PM","RB93",NA,"11%",0.1,21.6,NA,NA,NA,NA,NA,NA,NA,NA,NA,NA,NA,NA,NA,NA,NA,NA,NA
"Seth McGowan","RB","IND",NA,NA,NA,NA,NA,NA,NA,NA,3.4,13.6,NA,0.1,0,2.37,NA,"20260","FleaFlicker","17475","FleaFlicker","RB",0.4,0.4,3.1,NA,NA,0,NA,NA,NA,NA,NA,NA,NA,NA,NA,NA,NA,NA,NA,NA,NA,NA,NA,NA,NA,NA,NA,NA,NA,NA,NA,NA,NA,NA,NA,NA,NA,NA,3,"@PITSun 1:00 PM","RB74",NA,"25%",0.1,16.7,NA,NA,NA,NA,NA,NA,NA,NA,NA,NA,NA,NA,NA,NA,NA,NA,NA
"Demond Claiborne","RB","MIN",NA,NA,NA,NA,NA,NA,NA,NA,3,12,NA,0.1,0,2.2,NA,"20249","FleaFlicker","17481","FleaFlicker","RB",0.4,0.4,3,NA,NA,0,NA,NA,NA,NA,NA,NA,NA,NA,NA,NA,NA,NA,NA,NA,NA,NA,NA,NA,NA,NA,NA,NA,NA,NA,NA,NA,NA,NA,NA,NA,NA,NA,6,"@NOSun 1:00 PM","RB72",NA,"27%",0.1,15,NA,NA,NA,NA,NA,NA,NA,NA,NA,NA,NA,NA,NA,NA,NA,NA,NA
"Breece Hall","RB","NYJ",NA,NA,NA,NA,NA,NA,NA,NA,2.5,10.2,NA,0.1,0,2.14,NA,"16834","FleaFlicker","15708","FleaFlicker","RB",0.4,0.4,4,NA,NA,0,NA,NA,NA,NA,NA,NA,NA,NA,NA,NA,NA,NA,NA,NA,NA,NA,NA,NA,NA,NA,NA,NA,NA,NA,NA,NA,NA,NA,NA,NA,NA,NA,3,"CLESun 1:00 PM","RB19",NA,"97%",0.1,14.2,NA,NA,NA,NA,NA,NA,NA,NA,NA,NA,NA,NA,NA,NA,NA,NA,NA
"CJ Donaldson","RB","NO",NA,NA,NA,NA,NA,NA,NA,NA,2.2,8.5,NA,0.1,0,1.89,NA,"20354","FleaFlicker","17492","FleaFlicker","RB",0.7,0.7,5.7,NA,NA,0,NA,NA,NA,NA,NA,NA,NA,NA,NA,NA,NA,NA,NA,NA,NA,NA,NA,NA,NA,NA,NA,NA,NA,NA,NA,NA,NA,NA,NA,NA,NA,NA,8,"MINSun 1:00 PM","RB105",NA,"7%",0.1,14.1,NA,NA,NA,NA,NA,NA,NA,NA,NA,NA,NA,NA,NA,NA,NA,NA,NA
"Jarquez Hunter","RB","MIA",NA,NA,NA,NA,NA,NA,NA,NA,2.6,11.1,NA,0.1,0,1.83,NA,"19372","FleaFlicker","17064","FleaFlicker","RB",0.4,0.4,1.2,NA,NA,0,NA,NA,NA,NA,NA,NA,NA,NA,NA,NA,NA,NA,NA,NA,NA,NA,NA,NA,NA,NA,NA,NA,NA,NA,NA,NA,NA,NA,NA,NA,NA,NA,6,"CINSun 1:00 PM","RB84",NA,"6%",0.1,12.3,NA,NA,NA,NA,NA,NA,NA,NA,NA,NA,NA,NA,NA,NA,NA,NA,NA
"Tyler Badie","RB","DEN",NA,NA,NA,NA,NA,NA,NA,NA,1.6,6.2,NA,0,0,1.8,NA,"16972","FleaFlicker","15718","FleaFlicker","RB",1,1,8.2,NA,NA,0.1,NA,NA,NA,NA,NA,NA,NA,NA,NA,NA,NA,NA,NA,NA,NA,NA,NA,NA,NA,NA,NA,NA,NA,NA,NA,NA,NA,NA,NA,NA,NA,NA,0,"@LACSun 4:05 PM",NA,NA,"5%",0.1,14.4,NA,NA,NA,NA,NA,NA,NA,NA,NA,NA,NA,NA,NA,NA,NA,NA,NA
"Jaydon Blue","RB","PHI",NA,NA,NA,NA,NA,NA,NA,NA,2.4,8.6,NA,0.1,0,1.76,NA,"19421","FleaFlicker","17069","FleaFlicker","RB",0.4,0.4,3.2,NA,NA,0,NA,NA,NA,NA,NA,NA,NA,NA,NA,NA,NA,NA,NA,NA,NA,NA,NA,NA,NA,NA,NA,NA,NA,NA,NA,NA,NA,NA,NA,NA,NA,NA,0,"@JACSun 9:30 AM","RB89",NA,"15%",0.1,11.8,NA,NA,NA,NA,NA,NA,NA,NA,NA,NA,NA,NA,NA,NA,NA,NA,NA
"IRDJeremy McNichols","RB","WAS",NA,NA,NA,NA,NA,NA,NA,NA,1.9,8.4,NA,0,0,1.68,NA,"12999","FleaFlicker","13143","FleaFlicker","RB",0.8,0.8,5.5,NA,NA,0,NA,NA,NA,NA,NA,NA,NA,NA,NA,NA,NA,NA,NA,NA,NA,NA,NA,NA,NA,NA,NA,NA,NA,NA,NA,NA,NA,NA,NA,NA,NA,NA,7,"NYGSun 1:00 PM",NA,NA,"5%",0.1,13.9,NA,NA,NA,NA,NA,NA,NA,NA,NA,NA,NA,NA,NA,NA,NA,NA,NA
"Roschon Johnson","RB","CHI",NA,NA,NA,NA,NA,NA,NA,NA,2,7.5,NA,0.1,0,1.6,NA,"17716","FleaFlicker","16175","FleaFlicker","RB",0.5,0.5,2.5,NA,NA,0,NA,NA,NA,NA,NA,NA,NA,NA,NA,NA,NA,NA,NA,NA,NA,NA,NA,NA,NA,NA,NA,NA,NA,NA,NA,NA,NA,NA,NA,NA,NA,NA,0,"@GBSun 1:00 PM","RB103",NA,"8%",0.1,10.1,NA,NA,NA,NA,NA,NA,NA,NA,NA,NA,NA,NA,NA,NA,NA,NA,NA
"Sean Tucker","RB","TB",NA,NA,NA,NA,NA,NA,NA,NA,2,8.3,NA,0.1,0,1.56,NA,"18278","FleaFlicker","16166","FleaFlicker","RB",0.1,0.1,0.7,NA,NA,0,NA,NA,NA,NA,NA,NA,NA,NA,NA,NA,NA,NA,NA,NA,NA,NA,NA,NA,NA,NA,NA,NA,NA,NA,NA,NA,NA,NA,NA,NA,NA,NA,0,"@DALThu 8:15 PM","RB68",NA,"21%",0.1,9,NA,NA,NA,NA,NA,NA,NA,NA,NA,NA,NA,NA,NA,NA,NA,NA,NA
"Devin Singletary","RB","NYG",NA,NA,NA,NA,NA,NA,NA,NA,1.8,6.8,NA,0.1,0,1.5,NA,"14736","FleaFlicker","14080","FleaFlicker","RB",0.2,0.2,2.1,NA,NA,0.1,NA,NA,NA,NA,NA,NA,NA,NA,NA,NA,NA,NA,NA,NA,NA,NA,NA,NA,NA,NA,NA,NA,NA,NA,NA,NA,NA,NA,NA,NA,NA,NA,8,"@WASSun 1:00 PM","RB80",NA,"25%",0.1,8.9,NA,NA,NA,NA,NA,NA,NA,NA,NA,NA,NA,NA,NA,NA,NA,NA,NA
"Amar Johnson","RB","LAC",NA,NA,NA,NA,NA,NA,NA,NA,2.4,9.3,NA,0,0,1.49,NA,"19695","FleaFlicker","17272","FleaFlicker","RB",0.4,0.4,2.6,NA,NA,0,NA,NA,NA,NA,NA,NA,NA,NA,NA,NA,NA,NA,NA,NA,NA,NA,NA,NA,NA,NA,NA,NA,NA,NA,NA,NA,NA,NA,NA,NA,NA,NA,7,"DENSun 4:05 PM",NA,NA,"0%",0.1,11.9,NA,NA,NA,NA,NA,NA,NA,NA,NA,NA,NA,NA,NA,NA,NA,NA,NA
"DeeJay Dallas","RB","MIN",NA,NA,NA,NA,NA,NA,NA,NA,1.9,8.1,NA,0,0,1.48,NA,"15680","FleaFlicker","14815","FleaFlicker","RB",0.7,0.7,4.5,NA,NA,0,NA,NA,NA,NA,NA,NA,NA,NA,NA,NA,NA,NA,NA,NA,NA,NA,NA,NA,NA,NA,NA,NA,NA,NA,NA,NA,NA,NA,NA,NA,NA,NA,6,"@NOSun 1:00 PM",NA,NA,"6%",0,12.6,NA,NA,NA,NA,NA,NA,NA,NA,NA,NA,NA,NA,NA,NA,NA,NA,NA
"Jaleel McLaughlin","RB","CLE",NA,NA,NA,NA,NA,NA,NA,NA,1.7,8.8,NA,0,0,1.34,NA,"18238","FleaFlicker","16390","FleaFlicker","RB",0.3,0.3,1.6,NA,NA,0,NA,NA,NA,NA,NA,NA,NA,NA,NA,NA,NA,NA,NA,NA,NA,NA,NA,NA,NA,NA,NA,NA,NA,NA,NA,NA,NA,NA,NA,NA,NA,NA,1,"@NYJSun 1:00 PM","RB108",NA,"6%",0.1,10.3,NA,NA,NA,NA,NA,NA,NA,NA,NA,NA,NA,NA,NA,NA,NA,NA,NA
"Kaytron Allen","RB","WAS",NA,NA,NA,NA,NA,NA,NA,NA,2.1,9.1,NA,0.1,0,1.27,NA,"20225","FleaFlicker","17478","FleaFlicker","RB",0.1,0.1,0.6,NA,NA,0,NA,NA,NA,NA,NA,NA,NA,NA,NA,NA,NA,NA,NA,NA,NA,NA,NA,NA,NA,NA,NA,NA,NA,NA,NA,NA,NA,NA,NA,NA,NA,NA,7,"NYGSun 1:00 PM","RB66",NA,"31%",0.1,9.6,NA,NA,NA,NA,NA,NA,NA,NA,NA,NA,NA,NA,NA,NA,NA,NA,NA
"Nicholas Singleton","RB","TEN",NA,NA,NA,NA,NA,NA,NA,NA,2.3,7.8,NA,0.1,0,1.19,NA,"20189","FleaFlicker","17476","FleaFlicker","RB",0.1,0.1,0.7,NA,NA,0,NA,NA,NA,NA,NA,NA,NA,NA,NA,NA,NA,NA,NA,NA,NA,NA,NA,NA,NA,NA,NA,NA,NA,NA,NA,NA,NA,NA,NA,NA,NA,NA,9,"HOUSun 1:00 PM","RB69",NA,"33%",0.1,8.5,NA,NA,NA,NA,NA,NA,NA,NA,NA,NA,NA,NA,NA,NA,NA,NA,NA
"Tyrone Tracy","RB","NYG",NA,NA,NA,NA,NA,NA,NA,NA,1.5,6.5,NA,0,0,1.1,NA,"18534","FleaFlicker","16747","FleaFlicker","RB",0.3,0.3,2.6,NA,NA,0,NA,NA,NA,NA,NA,NA,NA,NA,NA,NA,NA,NA,NA,NA,NA,NA,NA,NA,NA,NA,NA,NA,NA,NA,NA,NA,NA,NA,NA,NA,NA,NA,8,"@WASSun 1:00 PM","RB70",NA,"43%",0,9.2,NA,NA,NA,NA,NA,NA,NA,NA,NA,NA,NA,NA,NA,NA,NA,NA,NA
"LeQuint Allen","RB","JAC",NA,NA,NA,NA,NA,NA,NA,NA,1.3,4.6,NA,0,0,1.02,NA,"19471","FleaFlicker","17061","FleaFlicker","RB",0.6,0.6,3.9,NA,NA,0,NA,NA,NA,NA,NA,NA,NA,NA,NA,NA,NA,NA,NA,NA,NA,NA,NA,NA,NA,NA,NA,NA,NA,NA,NA,NA,NA,NA,NA,NA,NA,NA,7,"PHISun 9:30 AM","RB88",NA,"10%",0,8.4,NA,NA,NA,NA,NA,NA,NA,NA,NA,NA,NA,NA,NA,NA,NA,NA,NA
"Ray Davis","RB","BUF",NA,NA,NA,NA,NA,NA,NA,NA,1.4,6.6,NA,0,0,0.95,NA,"18460","FleaFlicker","16603","FleaFlicker","RB",0.2,0.2,1.9,NA,NA,0,NA,NA,NA,NA,NA,NA,NA,NA,NA,NA,NA,NA,NA,NA,NA,NA,NA,NA,NA,NA,NA,NA,NA,NA,NA,NA,NA,NA,NA,NA,NA,NA,7,"@LARMon 8:15 PM","RB61",NA,"28%",0,8.4,NA,NA,NA,NA,NA,NA,NA,NA,NA,NA,NA,NA,NA,NA,NA,NA,NA
"IRDAdam Randall","RB","BAL",NA,NA,NA,NA,NA,NA,NA,NA,1.1,5.5,NA,0.1,0,0.91,NA,"20211","FleaFlicker","17652","FleaFlicker","RB",0.1,0.1,0.6,NA,NA,0,NA,NA,NA,NA,NA,NA,NA,NA,NA,NA,NA,NA,NA,NA,NA,NA,NA,NA,NA,NA,NA,NA,NA,NA,NA,NA,NA,NA,NA,NA,NA,NA,3,"@ATLSun 8:20 PM","RB83",NA,"24%",0.1,6.1,NA,NA,NA,NA,NA,NA,NA,NA,NA,NA,NA,NA,NA,NA,NA,NA,NA
"PUPIsaac Guerendo","RB","SF",NA,NA,NA,NA,NA,NA,NA,NA,1,4.2,NA,0.1,0,0.82,NA,"18482","FleaFlicker","16688","FleaFlicker","RB",0.1,0.1,1,NA,NA,0,NA,NA,NA,NA,NA,NA,NA,NA,NA,NA,NA,NA,NA,NA,NA,NA,NA,NA,NA,NA,NA,NA,NA,NA,NA,NA,NA,NA,NA,NA,NA,NA,8,"@SEASun 4:25 PM",NA,NA,"9%",0.1,5.2,NA,NA,NA,NA,NA,NA,NA,NA,NA,NA,NA,NA,NA,NA,NA,NA,NA
"Bam Knight","RB","ARI",NA,NA,NA,NA,NA,NA,NA,NA,1,4,NA,0.1,0,0.81,NA,"17486","FleaFlicker","15727","FleaFlicker","RB",0.2,0.2,1.1,NA,NA,0,NA,NA,NA,NA,NA,NA,NA,NA,NA,NA,NA,NA,NA,NA,NA,NA,NA,NA,NA,NA,NA,NA,NA,NA,NA,NA,NA,NA,NA,NA,NA,NA,4,"DETSun 4:25 PM","RB94",NA,"6%",0.1,5.1,NA,NA,NA,NA,NA,NA,NA,NA,NA,NA,NA,NA,NA,NA,NA,NA,NA
"Ameer Abdullah","RB","JAC",NA,NA,NA,NA,NA,NA,NA,NA,1,4.2,NA,0,0,0.77,NA,"11207","FleaFlicker","12155","FleaFlicker","RB",0.3,0.3,2.3,NA,NA,0,NA,NA,NA,NA,NA,NA,NA,NA,NA,NA,NA,NA,NA,NA,NA,NA,NA,NA,NA,NA,NA,NA,NA,NA,NA,NA,NA,NA,NA,NA,NA,NA,7,"PHISun 9:30 AM",NA,NA,"4%",0,6.5,NA,NA,NA,NA,NA,NA,NA,NA,NA,NA,NA,NA,NA,NA,NA,NA,NA
"Hunter Luepke","RB","DAL",NA,NA,NA,NA,NA,NA,NA,NA,0.8,3.4,NA,0,0,0.74,NA,"18305","FleaFlicker","16391","FleaFlicker","RB",0.4,0.4,2.8,NA,NA,0,NA,NA,NA,NA,NA,NA,NA,NA,NA,NA,NA,NA,NA,NA,NA,NA,NA,NA,NA,NA,NA,NA,NA,NA,NA,NA,NA,NA,NA,NA,NA,NA,4,"TBThu 8:15 PM",NA,NA,"1%",0,6.2,NA,NA,NA,NA,NA,NA,NA,NA,NA,NA,NA,NA,NA,NA,NA,NA,NA
"Audric Estime","RB","MIN",NA,NA,NA,NA,NA,NA,NA,NA,1.1,3.7,NA,0,0,0.74,NA,"18515","FleaFlicker","16595","FleaFlicker","RB",0.4,0.4,3.7,NA,NA,0,NA,NA,NA,NA,NA,NA,NA,NA,NA,NA,NA,NA,NA,NA,NA,NA,NA,NA,NA,NA,NA,NA,NA,NA,NA,NA,NA,NA,NA,NA,NA,NA,6,"@NOSun 1:00 PM","RB95",NA,"7%",0,7.4,NA,NA,NA,NA,NA,NA,NA,NA,NA,NA,NA,NA,NA,NA,NA,NA,NA
"IRDJames Conner","RB","ARI",NA,NA,NA,NA,NA,NA,NA,NA,0.8,2.9,NA,0.1,0,0.67,NA,"12951","FleaFlicker","13146","FleaFlicker","RB",0.1,0.1,0.9,NA,NA,0,NA,NA,NA,NA,NA,NA,NA,NA,NA,NA,NA,NA,NA,NA,NA,NA,NA,NA,NA,NA,NA,NA,NA,NA,NA,NA,NA,NA,NA,NA,NA,NA,4,"DETSun 4:25 PM","RB81",NA,"34%",0.1,3.8,NA,NA,NA,NA,NA,NA,NA,NA,NA,NA,NA,NA,NA,NA,NA,NA,NA
"Tahj Brooks","RB","CIN",NA,NA,NA,NA,NA,NA,NA,NA,1.2,4.1,NA,0,0,0.61,NA,"19416","FleaFlicker","17058","FleaFlicker","RB",0.1,0.1,0.8,NA,NA,0,NA,NA,NA,NA,NA,NA,NA,NA,NA,NA,NA,NA,NA,NA,NA,NA,NA,NA,NA,NA,NA,NA,NA,NA,NA,NA,NA,NA,NA,NA,NA,NA,6,"@MIASun 1:00 PM","RB100",NA,"9%",0,5,NA,NA,NA,NA,NA,NA,NA,NA,NA,NA,NA,NA,NA,NA,NA,NA,NA
"Michael Burton","RB","CLE",NA,NA,NA,NA,NA,NA,NA,NA,0.1,0.1,NA,0.1,0,0.54,NA,"11295","FleaFlicker","12325","FleaFlicker","RB",0.2,0.2,1.6,NA,NA,0,NA,NA,NA,NA,NA,NA,NA,NA,NA,NA,NA,NA,NA,NA,NA,NA,NA,NA,NA,NA,NA,NA,NA,NA,NA,NA,NA,NA,NA,NA,NA,NA,1,"@NYJSun 1:00 PM",NA,NA,"0%",0.1,1.8,NA,NA,NA,NA,NA,NA,NA,NA,NA,NA,NA,NA,NA,NA,NA,NA,NA
"Dare Ogunbowale","RB","HOU",NA,NA,NA,NA,NA,NA,NA,NA,0.4,1.4,NA,0,0,0.5,NA,"13581","FleaFlicker","13148","FleaFlicker","RB",0.2,0.2,1.8,NA,NA,0,NA,NA,NA,NA,NA,NA,NA,NA,NA,NA,NA,NA,NA,NA,NA,NA,NA,NA,NA,NA,NA,NA,NA,NA,NA,NA,NA,NA,NA,NA,NA,NA,8,"@TENSun 1:00 PM",NA,NA,"0%",0,3.2,NA,NA,NA,NA,NA,NA,NA,NA,NA,NA,NA,NA,NA,NA,NA,NA,NA
"Emari Demercado","RB","DAL",NA,NA,NA,NA,NA,NA,NA,NA,0.8,3.7,NA,0,0,0.5,NA,"17978","FleaFlicker","16385","FleaFlicker","RB",0.1,0.1,1.3,NA,NA,0,NA,NA,NA,NA,NA,NA,NA,NA,NA,NA,NA,NA,NA,NA,NA,NA,NA,NA,NA,NA,NA,NA,NA,NA,NA,NA,NA,NA,NA,NA,NA,NA,4,"TBThu 8:15 PM","RB79",NA,"13%",0,5,NA,NA,NA,NA,NA,NA,NA,NA,NA,NA,NA,NA,NA,NA,NA,NA,NA
"Corey Kiner","RB","NE",NA,NA,NA,NA,NA,NA,NA,NA,0.9,3.4,NA,0,0,0.47,NA,"19809","FleaFlicker","17274","FleaFlicker","RB",0.1,0.1,0.7,NA,NA,0,NA,NA,NA,NA,NA,NA,NA,NA,NA,NA,NA,NA,NA,NA,NA,NA,NA,NA,NA,NA,NA,NA,NA,NA,NA,NA,NA,NA,NA,NA,NA,NA,1,"LVSun 1:00 PM",NA,NA,"2%",0,4.1,NA,NA,NA,NA,NA,NA,NA,NA,NA,NA,NA,NA,NA,NA,NA,NA,NA
"Dylan Laube","RB","LV",NA,NA,NA,NA,NA,NA,NA,NA,0.8,2.8,NA,0,0,0.46,NA,"18520","FleaFlicker","16613","FleaFlicker","RB",0.1,0.1,0.6,NA,NA,0,NA,NA,NA,NA,NA,NA,NA,NA,NA,NA,NA,NA,NA,NA,NA,NA,NA,NA,NA,NA,NA,NA,NA,NA,NA,NA,NA,NA,NA,NA,NA,NA,3,"@NESun 1:00 PM",NA,NA,"3%",0,3.5,NA,NA,NA,NA,NA,NA,NA,NA,NA,NA,NA,NA,NA,NA,NA,NA,NA
"Alec Ingold","RB","LAC",NA,NA,NA,NA,NA,NA,NA,NA,0.2,0.6,NA,0,0,0.44,NA,"15279","FleaFlicker","14420","FleaFlicker","RB",0.4,0.4,3.2,NA,NA,0,NA,NA,NA,NA,NA,NA,NA,NA,NA,NA,NA,NA,NA,NA,NA,NA,NA,NA,NA,NA,NA,NA,NA,NA,NA,NA,NA,NA,NA,NA,NA,NA,7,"DENSun 4:05 PM",NA,NA,"1%",0,3.8,NA,NA,NA,NA,NA,NA,NA,NA,NA,NA,NA,NA,NA,NA,NA,NA,NA
"Rasheen Ali","RB","BAL",NA,NA,NA,NA,NA,NA,NA,NA,0.3,1,NA,0,0,0.37,NA,"18527","FleaFlicker","16746","FleaFlicker","RB",0.1,0.1,0.9,NA,NA,0,NA,NA,NA,NA,NA,NA,NA,NA,NA,NA,NA,NA,NA,NA,NA,NA,NA,NA,NA,NA,NA,NA,NA,NA,NA,NA,NA,NA,NA,NA,NA,NA,3,"@ATLSun 8:20 PM",NA,NA,"3%",0,1.9,NA,NA,NA,NA,NA,NA,NA,NA,NA,NA,NA,NA,NA,NA,NA,NA,NA
"Travis Homer","RB","PIT",NA,NA,NA,NA,NA,NA,NA,NA,0.7,2.4,NA,0,0,0.33,NA,"14810","FleaFlicker","14083","FleaFlicker","RB",0,0,0.3,NA,NA,0,NA,NA,NA,NA,NA,NA,NA,NA,NA,NA,NA,NA,NA,NA,NA,NA,NA,NA,NA,NA,NA,NA,NA,NA,NA,NA,NA,NA,NA,NA,NA,NA,9,"INDSun 1:00 PM",NA,NA,"1%",0,2.7,NA,NA,NA,NA,NA,NA,NA,NA,NA,NA,NA,NA,NA,NA,NA,NA,NA
"Adam Prentice","RB","DEN",NA,NA,NA,NA,NA,NA,NA,NA,0.2,0.9,NA,0,0,0.3,NA,"16711","FleaFlicker","15650","FleaFlicker","RB",0.2,0.2,1.5,NA,NA,0,NA,NA,NA,NA,NA,NA,NA,NA,NA,NA,NA,NA,NA,NA,NA,NA,NA,NA,NA,NA,NA,NA,NA,NA,NA,NA,NA,NA,NA,NA,NA,NA,0,"@LACSun 4:05 PM",NA,NA,"0%",0,2.4,NA,NA,NA,NA,NA,NA,NA,NA,NA,NA,NA,NA,NA,NA,NA,NA,NA
"DJ Giddens","RB","IND",NA,NA,NA,NA,NA,NA,NA,NA,0.7,2.6,NA,0,0,0.29,NA,"19390","FleaFlicker","17060","FleaFlicker","RB",0,0,0.3,NA,NA,0,NA,NA,NA,NA,NA,NA,NA,NA,NA,NA,NA,NA,NA,NA,NA,NA,NA,NA,NA,NA,NA,NA,NA,NA,NA,NA,NA,NA,NA,NA,NA,NA,3,"@PITSun 1:00 PM","RB85",NA,"13%",0,2.8,NA,NA,NA,NA,NA,NA,NA,NA,NA,NA,NA,NA,NA,NA,NA,NA,NA
"Reggie Gilliam","RB","NE",NA,NA,NA,NA,NA,NA,NA,NA,0.1,0.3,NA,0,0,0.24,NA,"15847","FleaFlicker","15103","FleaFlicker","RB",0.2,0.2,1.5,NA,NA,0,NA,NA,NA,NA,NA,NA,NA,NA,NA,NA,NA,NA,NA,NA,NA,NA,NA,NA,NA,NA,NA,NA,NA,NA,NA,NA,NA,NA,NA,NA,NA,NA,1,"LVSun 1:00 PM",NA,NA,"0%",0,1.8,NA,NA,NA,NA,NA,NA,NA,NA,NA,NA,NA,NA,NA,NA,NA,NA,NA
"Puka Nacua","WR","LAR",NA,NA,NA,NA,NA,NA,NA,NA,0.7,4.1,NA,0.1,0,18.67,NA,"17779","FleaFlicker","16211","FleaFlicker","WR",7.1,7.1,100.2,NA,NA,1,NA,NA,NA,NA,NA,NA,NA,NA,NA,NA,NA,NA,NA,NA,NA,NA,NA,NA,NA,NA,NA,NA,NA,NA,NA,NA,NA,NA,NA,NA,NA,NA,1,"BUFMon 8:15 PM","WR4",NA,"98%",1.1,104.3,NA,NA,NA,NA,NA,NA,NA,NA,NA,NA,NA,NA,NA,NA,NA,NA,NA
"Amon-Ra St.","WR","WR",NA,NA,NA,NA,NA,NA,NA,NA,0.2,1.1,NA,0,0,16.76,NA,"16373","FleaFlicker","15287","FleaFlicker","WR",7.1,7.1,86.3,NA,NA,1,NA,NA,NA,NA,NA,NA,NA,NA,NA,NA,NA,NA,NA,NA,NA,NA,NA,NA,NA,NA,NA,NA,NA,NA,NA,NA,NA,NA,NA,NA,NA,NA,6,"@ARISun 4:25 PM","WR3",NA,"99%",1,87.4,NA,NA,NA,NA,NA,NA,NA,NA,NA,NA,NA,NA,NA,NA,NA,NA,NA
"Jaxon Smith-Njigba","WR","SEA",NA,NA,NA,NA,NA,NA,NA,NA,0.2,1.1,NA,0,0,16.37,NA,"17606","FleaFlicker","16185","FleaFlicker","WR",7.3,7.3,103.2,NA,NA,1,NA,NA,NA,NA,NA,NA,NA,NA,NA,NA,NA,NA,NA,NA,NA,NA,NA,NA,NA,NA,NA,NA,NA,NA,NA,NA,NA,NA,NA,NA,NA,NA,1,"SFSun 4:25 PM","WR1",NA,"99%",1,104.3,NA,NA,NA,NA,NA,NA,NA,NA,NA,NA,NA,NA,NA,NA,NA,NA,NA
"CeeDee Lamb","WR","DAL",NA,NA,NA,NA,NA,NA,NA,NA,0.4,1.6,NA,0,0,15.46,NA,"15523","FleaFlicker","14832","FleaFlicker","WR",6.9,6.9,92.8,NA,NA,1,NA,NA,NA,NA,NA,NA,NA,NA,NA,NA,NA,NA,NA,NA,NA,NA,NA,NA,NA,NA,NA,NA,NA,NA,NA,NA,NA,NA,NA,NA,NA,NA,4,"TBThu 8:15 PM","WR5",NA,"99%",1,94.4,NA,NA,NA,NA,NA,NA,NA,NA,NA,NA,NA,NA,NA,NA,NA,NA,NA
"Nico Collins","WR","HOU",NA,NA,NA,NA,NA,NA,NA,NA,0.2,0.9,NA,0,0,14.49,NA,"16281","FleaFlicker","15290","FleaFlicker","WR",5.9,5.9,83.2,NA,NA,1,NA,NA,NA,NA,NA,NA,NA,NA,NA,NA,NA,NA,NA,NA,NA,NA,NA,NA,NA,NA,NA,NA,NA,NA,NA,NA,NA,NA,NA,NA,NA,NA,8,"@TENSun 1:00 PM","WR7",NA,"98%",1,84.2,NA,NA,NA,NA,NA,NA,NA,NA,NA,NA,NA,NA,NA,NA,NA,NA,NA
"Ja'Marr Chase","WR","CIN",NA,NA,NA,NA,NA,NA,NA,NA,0.1,0.7,NA,0,0,14.07,NA,"16250","FleaFlicker","15281","FleaFlicker","WR",7,7,80,NA,NA,1,NA,NA,NA,NA,NA,NA,NA,NA,NA,NA,NA,NA,NA,NA,NA,NA,NA,NA,NA,NA,NA,NA,NA,NA,NA,NA,NA,NA,NA,NA,NA,NA,6,"@MIASun 1:00 PM","WR2",NA,"99%",1,80.7,NA,NA,NA,NA,NA,NA,NA,NA,NA,NA,NA,NA,NA,NA,NA,NA,NA
"Christian Watson","WR","GB",NA,NA,NA,NA,NA,NA,NA,NA,0.1,0.5,NA,0,0,13.25,NA,"16896","FleaFlicker","15789","FleaFlicker","WR",4.3,4.3,72.5,NA,NA,1,NA,NA,NA,NA,NA,NA,NA,NA,NA,NA,NA,NA,NA,NA,NA,NA,NA,NA,NA,NA,NA,NA,NA,NA,NA,NA,NA,NA,NA,NA,NA,NA,1,"CHISun 1:00 PM","WR13",NA,"97%",1,72.9,NA,NA,NA,NA,NA,NA,NA,NA,NA,NA,NA,NA,NA,NA,NA,NA,NA
"Davante Adams","WR","LAR",NA,NA,NA,NA,NA,NA,NA,NA,0,0,NA,0,0,13.16,NA,"10295","FleaFlicker","11675","FleaFlicker","WR",4.5,4.5,71.8,NA,NA,1,NA,NA,NA,NA,NA,NA,NA,NA,NA,NA,NA,NA,NA,NA,NA,NA,NA,NA,NA,NA,NA,NA,NA,NA,NA,NA,NA,NA,NA,NA,NA,NA,1,"BUFMon 8:15 PM","WR19",NA,"98%",1,71.8,NA,NA,NA,NA,NA,NA,NA,NA,NA,NA,NA,NA,NA,NA,NA,NA,NA
"Michael Wilson","WR","ARI",NA,NA,NA,NA,NA,NA,NA,NA,0,0.1,NA,0,0,12.8,NA,"17671","FleaFlicker","16206","FleaFlicker","WR",5.3,5.3,68.3,NA,NA,1,NA,NA,NA,NA,NA,NA,NA,NA,NA,NA,NA,NA,NA,NA,NA,NA,NA,NA,NA,NA,NA,NA,NA,NA,NA,NA,NA,NA,NA,NA,NA,NA,4,"DETSun 4:25 PM","WR35",NA,"92%",1,68.4,NA,NA,NA,NA,NA,NA,NA,NA,NA,NA,NA,NA,NA,NA,NA,NA,NA
"Drake London","WR","ATL",NA,NA,NA,NA,NA,NA,NA,NA,0.2,0.8,NA,0,0,11.82,NA,"16823","FleaFlicker","15751","FleaFlicker","WR",5.8,5.8,89,NA,NA,0.5,NA,NA,NA,NA,NA,NA,NA,NA,NA,NA,NA,NA,NA,NA,NA,NA,NA,NA,NA,NA,NA,NA,NA,NA,NA,NA,NA,NA,NA,NA,NA,NA,1,"BALSun 8:20 PM","WR9",NA,"98%",0.5,89.8,NA,NA,NA,NA,NA,NA,NA,NA,NA,NA,NA,NA,NA,NA,NA,NA,NA
"Chris Olave","WR","NO",NA,NA,NA,NA,NA,NA,NA,NA,0.1,0.4,NA,0,0,10.64,NA,"16824","FleaFlicker","15754","FleaFlicker","WR",6.1,6.1,80.6,NA,NA,0.4,NA,NA,NA,NA,NA,NA,NA,NA,NA,NA,NA,NA,NA,NA,NA,NA,NA,NA,NA,NA,NA,NA,NA,NA,NA,NA,NA,NA,NA,NA,NA,NA,8,"MINSun 1:00 PM","WR8",NA,"98%",0.4,81,NA,NA,NA,NA,NA,NA,NA,NA,NA,NA,NA,NA,NA,NA,NA,NA,NA
"Tee Higgins","WR","CIN",NA,NA,NA,NA,NA,NA,NA,NA,0,0.1,NA,0,0,10.15,NA,"15585","FleaFlicker","14835","FleaFlicker","WR",5.1,5.1,74.2,NA,NA,0.5,NA,NA,NA,NA,NA,NA,NA,NA,NA,NA,NA,NA,NA,NA,NA,NA,NA,NA,NA,NA,NA,NA,NA,NA,NA,NA,NA,NA,NA,NA,NA,NA,6,"@MIASun 1:00 PM","WR17",NA,"98%",0.5,74.3,NA,NA,NA,NA,NA,NA,NA,NA,NA,NA,NA,NA,NA,NA,NA,NA,NA
"Zay Flowers","WR","BAL",NA,NA,NA,NA,NA,NA,NA,NA,0.4,2.5,NA,0,0.1,10.07,NA,"17595","FleaFlicker","16190","FleaFlicker","WR",5.6,5.6,76.4,NA,NA,0.4,NA,NA,NA,NA,NA,NA,NA,NA,NA,NA,NA,NA,NA,NA,NA,NA,NA,NA,NA,NA,NA,NA,NA,NA,NA,NA,NA,NA,NA,NA,NA,NA,3,"@ATLSun 8:20 PM","WR6",NA,"98%",0.4,78.9,NA,NA,NA,NA,NA,NA,NA,NA,NA,NA,NA,NA,NA,NA,NA,NA,NA
"Justin Jefferson","WR","MIN",NA,NA,NA,NA,NA,NA,NA,NA,0.1,0.1,NA,0,0,9.63,NA,"15540","FleaFlicker","14836","FleaFlicker","WR",5.4,5.4,67.2,NA,NA,0.5,NA,NA,NA,NA,NA,NA,NA,NA,NA,NA,NA,NA,NA,NA,NA,NA,NA,NA,NA,NA,NA,NA,NA,NA,NA,NA,NA,NA,NA,NA,NA,NA,6,"@NOSun 1:00 PM","WR11",NA,"99%",0.5,67.4,NA,NA,NA,NA,NA,NA,NA,NA,NA,NA,NA,NA,NA,NA,NA,NA,NA
"Garrett Wilson","WR","NYJ",NA,NA,NA,NA,NA,NA,NA,NA,0.1,0.4,NA,0,0,9.43,NA,"16798","FleaFlicker","15753","FleaFlicker","WR",5.8,5.8,66.7,NA,NA,0.5,NA,NA,NA,NA,NA,NA,NA,NA,NA,NA,NA,NA,NA,NA,NA,NA,NA,NA,NA,NA,NA,NA,NA,NA,NA,NA,NA,NA,NA,NA,NA,NA,3,"CLESun 1:00 PM","WR20",NA,"97%",0.5,67.1,NA,NA,NA,NA,NA,NA,NA,NA,NA,NA,NA,NA,NA,NA,NA,NA,NA
"Parker Washington","WR","JAC",NA,NA,NA,NA,NA,NA,NA,NA,0.4,1.2,NA,0,0,9.43,NA,"17738","FleaFlicker","16192","FleaFlicker","WR",4.5,4.5,65.3,NA,NA,0.5,NA,NA,NA,NA,NA,NA,NA,NA,NA,NA,NA,NA,NA,NA,NA,NA,NA,NA,NA,NA,NA,NA,NA,NA,NA,NA,NA,NA,NA,NA,NA,NA,7,"PHISun 9:30 AM","WR14",NA,"94%",0.5,66.5,NA,NA,NA,NA,NA,NA,NA,NA,NA,NA,NA,NA,NA,NA,NA,NA,NA
"George Pickens","WR","DAL",NA,NA,NA,NA,NA,NA,NA,NA,0,0.1,NA,0,0,9.37,NA,"16859","FleaFlicker","15762","FleaFlicker","WR",4.8,4.8,69.4,NA,NA,0.4,NA,NA,NA,NA,NA,NA,NA,NA,NA,NA,NA,NA,NA,NA,NA,NA,NA,NA,NA,NA,NA,NA,NA,NA,NA,NA,NA,NA,NA,NA,NA,NA,4,"TBThu 8:15 PM","WR10",NA,"98%",0.4,69.5,NA,NA,NA,NA,NA,NA,NA,NA,NA,NA,NA,NA,NA,NA,NA,NA,NA
"DK Metcalf","WR","PIT",NA,NA,NA,NA,NA,NA,NA,NA,0.1,0.3,NA,0,0,8.76,NA,"14706","FleaFlicker","14102","FleaFlicker","WR",3.9,3.9,59.9,NA,NA,0.4,NA,NA,NA,NA,NA,NA,NA,NA,NA,NA,NA,NA,NA,NA,NA,NA,NA,NA,NA,NA,NA,NA,NA,NA,NA,NA,NA,NA,NA,NA,NA,NA,9,"INDSun 1:00 PM","WR32",NA,"94%",0.5,60.1,NA,NA,NA,NA,NA,NA,NA,NA,NA,NA,NA,NA,NA,NA,NA,NA,NA
"Malik Nabers","WR","NYG",NA,NA,NA,NA,NA,NA,NA,NA,0.1,0.3,NA,0,0,8.49,NA,"18369","FleaFlicker","16615","FleaFlicker","WR",4.7,4.7,62.2,NA,NA,0.4,NA,NA,NA,NA,NA,NA,NA,NA,NA,NA,NA,NA,NA,NA,NA,NA,NA,NA,NA,NA,NA,NA,NA,NA,NA,NA,NA,NA,NA,NA,NA,NA,8,"@WASSun 1:00 PM","WR12",NA,"97%",0.4,62.5,NA,NA,NA,NA,NA,NA,NA,NA,NA,NA,NA,NA,NA,NA,NA,NA,NA
"Mike Evans","WR","SF",NA,NA,NA,NA,NA,NA,NA,NA,0,0,NA,0,0,8.41,NA,"10252","FleaFlicker","11671","FleaFlicker","WR",4.5,4.5,60.2,NA,NA,0.4,NA,NA,NA,NA,NA,NA,NA,NA,NA,NA,NA,NA,NA,NA,NA,NA,NA,NA,NA,NA,NA,NA,NA,NA,NA,NA,NA,NA,NA,NA,NA,NA,8,"@SEASun 4:25 PM","WR26",NA,"96%",0.4,60.2,NA,NA,NA,NA,NA,NA,NA,NA,NA,NA,NA,NA,NA,NA,NA,NA,NA
"Matthew Golden","WR","GB",NA,NA,NA,NA,NA,NA,NA,NA,0.2,1.4,NA,0,0,8.38,NA,"19266","FleaFlicker","17075","FleaFlicker","WR",4.2,4.2,63,NA,NA,0.3,NA,NA,NA,NA,NA,NA,NA,NA,NA,NA,NA,NA,NA,NA,NA,NA,NA,NA,NA,NA,NA,NA,NA,NA,NA,NA,NA,NA,NA,NA,NA,NA,1,"CHISun 1:00 PM","WR29",NA,"91%",0.3,64.4,NA,NA,NA,NA,NA,NA,NA,NA,NA,NA,NA,NA,NA,NA,NA,NA,NA
"Jameson Williams","WR","DET",NA,NA,NA,NA,NA,NA,NA,NA,0.3,1.5,NA,0,0,8.35,NA,"16830","FleaFlicker","15756","FleaFlicker","WR",3.7,3.7,60,NA,NA,0.4,NA,NA,NA,NA,NA,NA,NA,NA,NA,NA,NA,NA,NA,NA,NA,NA,NA,NA,NA,NA,NA,NA,NA,NA,NA,NA,NA,NA,NA,NA,NA,NA,6,"@ARISun 4:25 PM","WR22",NA,"95%",0.4,61.6,NA,NA,NA,NA,NA,NA,NA,NA,NA,NA,NA,NA,NA,NA,NA,NA,NA
"Romeo Doubs","WR","NE",NA,NA,NA,NA,NA,NA,NA,NA,0,0,NA,0,0,8.22,NA,"16941","FleaFlicker","15779","FleaFlicker","WR",3.9,3.9,58.6,NA,NA,0.4,NA,NA,NA,NA,NA,NA,NA,NA,NA,NA,NA,NA,NA,NA,NA,NA,NA,NA,NA,NA,NA,NA,NA,NA,NA,NA,NA,NA,NA,NA,NA,NA,1,"LVSun 1:00 PM","WR41",NA,"81%",0.4,58.6,NA,NA,NA,NA,NA,NA,NA,NA,NA,NA,NA,NA,NA,NA,NA,NA,NA
"Jaylen Waddle","WR","DEN",NA,NA,NA,NA,NA,NA,NA,NA,0.2,1.4,NA,0,0,7.7,NA,"16236","FleaFlicker","15284","FleaFlicker","WR",4.3,4.3,59.2,NA,NA,0.3,NA,NA,NA,NA,NA,NA,NA,NA,NA,NA,NA,NA,NA,NA,NA,NA,NA,NA,NA,NA,NA,NA,NA,NA,NA,NA,NA,NA,NA,NA,NA,NA,0,"@LACSun 4:05 PM","WR18",NA,"96%",0.3,60.6,NA,NA,NA,NA,NA,NA,NA,NA,NA,NA,NA,NA,NA,NA,NA,NA,NA
"Terry McLaurin","WR","WAS",NA,NA,NA,NA,NA,NA,NA,NA,0,0.1,NA,0,0,7.69,NA,"14746","FleaFlicker","14109","FleaFlicker","WR",3.6,3.6,52.4,NA,NA,0.4,NA,NA,NA,NA,NA,NA,NA,NA,NA,NA,NA,NA,NA,NA,NA,NA,NA,NA,NA,NA,NA,NA,NA,NA,NA,NA,NA,NA,NA,NA,NA,NA,7,"NYGSun 1:00 PM","WR28",NA,"94%",0.4,52.5,NA,NA,NA,NA,NA,NA,NA,NA,NA,NA,NA,NA,NA,NA,NA,NA,NA
"Carnell Tate","WR","TEN",NA,NA,NA,NA,NA,NA,NA,NA,0,0.1,NA,0,0.1,7.31,NA,"20044","FleaFlicker","17497","FleaFlicker","WR",4.7,4.7,60,NA,NA,0.2,NA,NA,NA,NA,NA,NA,NA,NA,NA,NA,NA,NA,NA,NA,NA,NA,NA,NA,NA,NA,NA,NA,NA,NA,NA,NA,NA,NA,NA,NA,NA,NA,9,"HOUSun 1:00 PM","WR36",NA,"87%",0.2,60.1,NA,NA,NA,NA,NA,NA,NA,NA,NA,NA,NA,NA,NA,NA,NA,NA,NA
"Luther Burden","WR","CHI",NA,NA,NA,NA,NA,NA,NA,NA,0.6,3,NA,0,0,7.3,NA,"19335","FleaFlicker","17070","FleaFlicker","WR",4.4,4.4,53.4,NA,NA,0.3,NA,NA,NA,NA,NA,NA,NA,NA,NA,NA,NA,NA,NA,NA,NA,NA,NA,NA,NA,NA,NA,NA,NA,NA,NA,NA,NA,NA,NA,NA,NA,NA,0,"@GBSun 1:00 PM","WR27",NA,"92%",0.3,56.4,NA,NA,NA,NA,NA,NA,NA,NA,NA,NA,NA,NA,NA,NA,NA,NA,NA
"DDJ Moore","WR","BUF",NA,NA,NA,NA,NA,NA,NA,NA,0.4,1.9,NA,0,0,7.24,NA,"13764","FleaFlicker","13635","FleaFlicker","WR",3.8,3.8,49.7,NA,NA,0.3,NA,NA,NA,NA,NA,NA,NA,NA,NA,NA,NA,NA,NA,NA,NA,NA,NA,NA,NA,NA,NA,NA,NA,NA,NA,NA,NA,NA,NA,NA,NA,NA,7,"@LARMon 8:15 PM","WR21",NA,"95%",0.3,51.5,NA,NA,NA,NA,NA,NA,NA,NA,NA,NA,NA,NA,NA,NA,NA,NA,NA
"Josh Downs","WR","IND",NA,NA,NA,NA,NA,NA,NA,NA,0.1,0.2,NA,0,0,7.15,NA,"17622","FleaFlicker","16187","FleaFlicker","WR",4.7,4.7,56.1,NA,NA,0.3,NA,NA,NA,NA,NA,NA,NA,NA,NA,NA,NA,NA,NA,NA,NA,NA,NA,NA,NA,NA,NA,NA,NA,NA,NA,NA,NA,NA,NA,NA,NA,NA,3,"@PITSun 1:00 PM","WR38",NA,"85%",0.3,56.3,NA,NA,NA,NA,NA,NA,NA,NA,NA,NA,NA,NA,NA,NA,NA,NA,NA
"Emeka Egbuka","WR","TB",NA,NA,NA,NA,NA,NA,NA,NA,0.1,0.4,NA,0,0,7.08,NA,"19261","FleaFlicker","17081","FleaFlicker","WR",3.7,3.7,50.8,NA,NA,0.3,NA,NA,NA,NA,NA,NA,NA,NA,NA,NA,NA,NA,NA,NA,NA,NA,NA,NA,NA,NA,NA,NA,NA,NA,NA,NA,NA,NA,NA,NA,NA,NA,0,"@DALThu 8:15 PM","WR24",NA,"95%",0.3,51.2,NA,NA,NA,NA,NA,NA,NA,NA,NA,NA,NA,NA,NA,NA,NA,NA,NA
"Denzel Boston","WR","CLE",NA,NA,NA,NA,NA,NA,NA,NA,0.1,0.2,NA,0,0,7.05,NA,"20101","FleaFlicker","17500","FleaFlicker","WR",3.6,3.6,51.9,NA,NA,0.3,NA,NA,NA,NA,NA,NA,NA,NA,NA,NA,NA,NA,NA,NA,NA,NA,NA,NA,NA,NA,NA,NA,NA,NA,NA,NA,NA,NA,NA,NA,NA,NA,1,"@NYJSun 1:00 PM","WR39",NA,"83%",0.3,52.1,NA,NA,NA,NA,NA,NA,NA,NA,NA,NA,NA,NA,NA,NA,NA,NA,NA
"Jordan Addison","WR","MIN",NA,NA,NA,NA,NA,NA,NA,NA,0.2,1.9,NA,0,0,6.86,NA,"17613","FleaFlicker","16186","FleaFlicker","WR",3.2,3.2,44.7,NA,NA,0.3,NA,NA,NA,NA,NA,NA,NA,NA,NA,NA,NA,NA,NA,NA,NA,NA,NA,NA,NA,NA,NA,NA,NA,NA,NA,NA,NA,NA,NA,NA,NA,NA,6,"@NOSun 1:00 PM","WR40",NA,"87%",0.4,46.6,NA,NA,NA,NA,NA,NA,NA,NA,NA,NA,NA,NA,NA,NA,NA,NA,NA
"Deebo Samuel","WR","SF",NA,NA,NA,NA,NA,NA,NA,NA,1.8,8.6,NA,0,0,6.78,NA,"14702","FleaFlicker","14136","FleaFlicker","WR",3.9,3.9,42.8,NA,NA,0.2,NA,NA,NA,NA,NA,NA,NA,NA,NA,NA,NA,NA,NA,NA,NA,NA,NA,NA,NA,NA,NA,NA,NA,NA,NA,NA,NA,NA,NA,NA,NA,NA,8,"@SEASun 4:25 PM","WR34",NA,"92%",0.3,51.4,NA,NA,NA,NA,NA,NA,NA,NA,NA,NA,NA,NA,NA,NA,NA,NA,NA
"Malik Washington","WR","MIA",NA,NA,NA,NA,NA,NA,NA,NA,1.4,6.7,NA,0.1,0.1,6.76,NA,"18498","FleaFlicker","16684","FleaFlicker","WR",4.1,4.1,46.1,NA,NA,0.2,NA,NA,NA,NA,NA,NA,NA,NA,NA,NA,NA,NA,NA,NA,NA,NA,NA,NA,NA,NA,NA,NA,NA,NA,NA,NA,NA,NA,NA,NA,NA,NA,6,"CINSun 1:00 PM","WR65",NA,"47%",0.3,52.8,NA,NA,NA,NA,NA,NA,NA,NA,NA,NA,NA,NA,NA,NA,NA,NA,NA
"Stefon Diggs","WR","WAS",NA,NA,NA,NA,NA,NA,NA,NA,0,0.1,NA,0,0,6.51,NA,"11329","FleaFlicker","12186","FleaFlicker","WR",4,4,43.8,NA,NA,0.4,NA,NA,NA,NA,NA,NA,NA,NA,NA,NA,NA,NA,NA,NA,NA,NA,NA,NA,NA,NA,NA,NA,NA,NA,NA,NA,NA,NA,NA,NA,NA,NA,7,"NYGSun 1:00 PM","WR37",NA,"90%",0.4,43.9,NA,NA,NA,NA,NA,NA,NA,NA,NA,NA,NA,NA,NA,NA,NA,NA,NA
"Rome Odunze","WR","CHI",NA,NA,NA,NA,NA,NA,NA,NA,0,0.1,NA,0,0,6.35,NA,"18384","FleaFlicker","16616","FleaFlicker","WR",3.4,3.4,48,NA,NA,0.3,NA,NA,NA,NA,NA,NA,NA,NA,NA,NA,NA,NA,NA,NA,NA,NA,NA,NA,NA,NA,NA,NA,NA,NA,NA,NA,NA,NA,NA,NA,NA,NA,0,"@GBSun 1:00 PM","WR31",NA,"90%",0.3,48.1,NA,NA,NA,NA,NA,NA,NA,NA,NA,NA,NA,NA,NA,NA,NA,NA,NA
"Courtland Sutton","WR","DEN",NA,NA,NA,NA,NA,NA,NA,NA,0,0,NA,0,0,6.31,NA,"13795","FleaFlicker","13630","FleaFlicker","WR",3.2,3.2,44.7,NA,NA,0.3,NA,NA,NA,NA,NA,NA,NA,NA,NA,NA,NA,NA,NA,NA,NA,NA,NA,NA,NA,NA,NA,NA,NA,NA,NA,NA,NA,NA,NA,NA,NA,NA,0,"@LACSun 4:05 PM","WR43",NA,"83%",0.3,44.7,NA,NA,NA,NA,NA,NA,NA,NA,NA,NA,NA,NA,NA,NA,NA,NA,NA
"Jakobi Meyers","WR","JAC",NA,NA,NA,NA,NA,NA,NA,NA,0.2,0.8,NA,0,0,6.03,NA,"14949","FleaFlicker","14127","FleaFlicker","WR",3.6,3.6,42.3,NA,NA,0.3,NA,NA,NA,NA,NA,NA,NA,NA,NA,NA,NA,NA,NA,NA,NA,NA,NA,NA,NA,NA,NA,NA,NA,NA,NA,NA,NA,NA,NA,NA,NA,NA,7,"PHISun 9:30 AM","WR44",NA,"81%",0.3,43.1,NA,NA,NA,NA,NA,NA,NA,NA,NA,NA,NA,NA,NA,NA,NA,NA,NA
"Dontayvion Wicks","WR","PHI",NA,NA,NA,NA,NA,NA,NA,NA,0,0.1,NA,0,0,6.03,NA,"17792","FleaFlicker","16195","FleaFlicker","WR",3.7,3.7,47.2,NA,NA,0.2,NA,NA,NA,NA,NA,NA,NA,NA,NA,NA,NA,NA,NA,NA,NA,NA,NA,NA,NA,NA,NA,NA,NA,NA,NA,NA,NA,NA,NA,NA,NA,NA,0,"@JACSun 9:30 AM","WR56",NA,"61%",0.2,47.3,NA,NA,NA,NA,NA,NA,NA,NA,NA,NA,NA,NA,NA,NA,NA,NA,NA
"KC Concepcion","WR","CLE",NA,NA,NA,NA,NA,NA,NA,NA,0.5,2.3,NA,0,0.1,5.95,NA,"20052","FleaFlicker","17501","FleaFlicker","WR",4.2,4.2,43,NA,NA,0.2,NA,NA,NA,NA,NA,NA,NA,NA,NA,NA,NA,NA,NA,NA,NA,NA,NA,NA,NA,NA,NA,NA,NA,NA,NA,NA,NA,NA,NA,NA,NA,NA,1,"@NYJSun 1:00 PM","WR45",NA,"74%",0.3,45.3,NA,NA,NA,NA,NA,NA,NA,NA,NA,NA,NA,NA,NA,NA,NA,NA,NA
"Chris Godwin","WR","TB",NA,NA,NA,NA,NA,NA,NA,NA,0.3,1.4,NA,0,0,5.89,NA,"12926","FleaFlicker","13163","FleaFlicker","WR",3.9,3.9,42.7,NA,NA,0.2,NA,NA,NA,NA,NA,NA,NA,NA,NA,NA,NA,NA,NA,NA,NA,NA,NA,NA,NA,NA,NA,NA,NA,NA,NA,NA,NA,NA,NA,NA,NA,NA,0,"@DALThu 8:15 PM","WR42",NA,"79%",0.2,44.1,NA,NA,NA,NA,NA,NA,NA,NA,NA,NA,NA,NA,NA,NA,NA,NA,NA
"Devaughn Vele","WR","NO",NA,NA,NA,NA,NA,NA,NA,NA,0,0.1,NA,0,0,5.88,NA,"18587","FleaFlicker","16788","FleaFlicker","WR",3.8,3.8,44.5,NA,NA,0.2,NA,NA,NA,NA,NA,NA,NA,NA,NA,NA,NA,NA,NA,NA,NA,NA,NA,NA,NA,NA,NA,NA,NA,NA,NA,NA,NA,NA,NA,NA,NA,NA,8,"MINSun 1:00 PM","WR57",NA,"66%",0.2,44.6,NA,NA,NA,NA,NA,NA,NA,NA,NA,NA,NA,NA,NA,NA,NA,NA,NA
"Khalil Shakir","WR","BUF",NA,NA,NA,NA,NA,NA,NA,NA,0,0.2,NA,0,0,5.76,NA,"16947","FleaFlicker","15761","FleaFlicker","WR",4.2,4.2,44.4,NA,NA,0.2,NA,NA,NA,NA,NA,NA,NA,NA,NA,NA,NA,NA,NA,NA,NA,NA,NA,NA,NA,NA,NA,NA,NA,NA,NA,NA,NA,NA,NA,NA,NA,NA,7,"@LARMon 8:15 PM","WR53",NA,"69%",0.2,44.6,NA,NA,NA,NA,NA,NA,NA,NA,NA,NA,NA,NA,NA,NA,NA,NA,NA
"Quentin Johnston","WR","LAC",NA,NA,NA,NA,NA,NA,NA,NA,0.3,1.2,NA,0,0,5.63,NA,"17593","FleaFlicker","16188","FleaFlicker","WR",2.7,2.7,39.7,NA,NA,0.2,NA,NA,NA,NA,NA,NA,NA,NA,NA,NA,NA,NA,NA,NA,NA,NA,NA,NA,NA,NA,NA,NA,NA,NA,NA,NA,NA,NA,NA,NA,NA,NA,7,"DENSun 4:05 PM","WR48",NA,"73%",0.3,41,NA,NA,NA,NA,NA,NA,NA,NA,NA,NA,NA,NA,NA,NA,NA,NA,NA
"Tre Tucker","WR","LV",NA,NA,NA,NA,NA,NA,NA,NA,0.3,1.4,NA,0,0,5.63,NA,"17635","FleaFlicker","16287","FleaFlicker","WR",3.3,3.3,41.9,NA,NA,0.2,NA,NA,NA,NA,NA,NA,NA,NA,NA,NA,NA,NA,NA,NA,NA,NA,NA,NA,NA,NA,NA,NA,NA,NA,NA,NA,NA,NA,NA,NA,NA,NA,3,"@NESun 1:00 PM","WR60",NA,"64%",0.2,43.2,NA,NA,NA,NA,NA,NA,NA,NA,NA,NA,NA,NA,NA,NA,NA,NA,NA
"Marvin Harrison","WR","ARI",NA,NA,NA,NA,NA,NA,NA,NA,0,0,NA,0,0,5.47,NA,"18381","FleaFlicker","16614","FleaFlicker","WR",2.5,2.5,36.9,NA,NA,0.3,NA,NA,NA,NA,NA,NA,NA,NA,NA,NA,NA,NA,NA,NA,NA,NA,NA,NA,NA,NA,NA,NA,NA,NA,NA,NA,NA,NA,NA,NA,NA,NA,4,"DETSun 4:25 PM","WR50",NA,"83%",0.3,36.9,NA,NA,NA,NA,NA,NA,NA,NA,NA,NA,NA,NA,NA,NA,NA,NA,NA
"DeVonta Smith","WR","PHI",NA,NA,NA,NA,NA,NA,NA,NA,0,0.1,NA,0,0,5.43,NA,"16253","FleaFlicker","15282","FleaFlicker","WR",3.3,3.3,43,NA,NA,0.2,NA,NA,NA,NA,NA,NA,NA,NA,NA,NA,NA,NA,NA,NA,NA,NA,NA,NA,NA,NA,NA,NA,NA,NA,NA,NA,NA,NA,NA,NA,NA,NA,0,"@JACSun 9:30 AM","WR15",NA,"97%",0.2,43.1,NA,NA,NA,NA,NA,NA,NA,NA,NA,NA,NA,NA,NA,NA,NA,NA,NA
"Rashid Shaheed","WR","SEA",NA,NA,NA,NA,NA,NA,NA,NA,1.1,6.4,NA,0.1,0,5.42,NA,"17243","FleaFlicker","16080","FleaFlicker","WR",2.4,2.4,33,NA,NA,0.2,NA,NA,NA,NA,NA,NA,NA,NA,NA,NA,NA,NA,NA,NA,NA,NA,NA,NA,NA,NA,NA,NA,NA,NA,NA,NA,NA,NA,NA,NA,NA,NA,1,"SFSun 4:25 PM","WR59",NA,"62%",0.2,39.3,NA,NA,NA,NA,NA,NA,NA,NA,NA,NA,NA,NA,NA,NA,NA,NA,NA
"Tre' Harris","WR","LAC",NA,NA,NA,NA,NA,NA,NA,NA,0.1,0.4,NA,0,0,5.26,NA,"19298","FleaFlicker","17072","FleaFlicker","WR",3.2,3.2,43.4,NA,NA,0.1,NA,NA,NA,NA,NA,NA,NA,NA,NA,NA,NA,NA,NA,NA,NA,NA,NA,NA,NA,NA,NA,NA,NA,NA,NA,NA,NA,NA,NA,NA,NA,NA,7,"DENSun 4:05 PM","WR58",NA,"38%",0.1,43.8,NA,NA,NA,NA,NA,NA,NA,NA,NA,NA,NA,NA,NA,NA,NA,NA,NA
"Wan'Dale Robinson","WR","TEN",NA,NA,NA,NA,NA,NA,NA,NA,0.2,0.7,NA,0,0,5.24,NA,"16869","FleaFlicker","15757","FleaFlicker","WR",4,4,39.9,NA,NA,0.2,NA,NA,NA,NA,NA,NA,NA,NA,NA,NA,NA,NA,NA,NA,NA,NA,NA,NA,NA,NA,NA,NA,NA,NA,NA,NA,NA,NA,NA,NA,NA,NA,9,"HOUSun 1:00 PM","WR52",NA,"73%",0.2,40.5,NA,NA,NA,NA,NA,NA,NA,NA,NA,NA,NA,NA,NA,NA,NA,NA,NA
"Roman Wilson","WR","PIT",NA,NA,NA,NA,NA,NA,NA,NA,0,0,NA,0,0,5.24,NA,"18409","FleaFlicker","16629","FleaFlicker","WR",2.7,2.7,35.8,NA,NA,0.3,NA,NA,NA,NA,NA,NA,NA,NA,NA,NA,NA,NA,NA,NA,NA,NA,NA,NA,NA,NA,NA,NA,NA,NA,NA,NA,NA,NA,NA,NA,NA,NA,9,"INDSun 1:00 PM","WR87",NA,"37%",0.3,35.8,NA,NA,NA,NA,NA,NA,NA,NA,NA,NA,NA,NA,NA,NA,NA,NA,NA
"Makai Lemon","WR","PHI",NA,NA,NA,NA,NA,NA,NA,NA,0.1,0.5,NA,0,0,5.23,NA,"20058","FleaFlicker","17499","FleaFlicker","WR",3.7,3.7,40.7,NA,NA,0.2,NA,NA,NA,NA,NA,NA,NA,NA,NA,NA,NA,NA,NA,NA,NA,NA,NA,NA,NA,NA,NA,NA,NA,NA,NA,NA,NA,NA,NA,NA,NA,NA,0,"@JACSun 9:30 AM","WR47",NA,"71%",0.2,41.1,NA,NA,NA,NA,NA,NA,NA,NA,NA,NA,NA,NA,NA,NA,NA,NA,NA
"Keon Coleman","WR","BUF",NA,NA,NA,NA,NA,NA,NA,NA,0,0.1,NA,0,0,5.1,NA,"18392","FleaFlicker","16617","FleaFlicker","WR",2.8,2.8,38.5,NA,NA,0.2,NA,NA,NA,NA,NA,NA,NA,NA,NA,NA,NA,NA,NA,NA,NA,NA,NA,NA,NA,NA,NA,NA,NA,NA,NA,NA,NA,NA,NA,NA,NA,NA,7,"@LARMon 8:15 PM","WR82",NA,"49%",0.2,38.6,NA,NA,NA,NA,NA,NA,NA,NA,NA,NA,NA,NA,NA,NA,NA,NA,NA
"Ryan Flournoy","WR","DAL",NA,NA,NA,NA,NA,NA,NA,NA,0.1,0.3,NA,0,0,5.1,NA,"18536","FleaFlicker","16778","FleaFlicker","WR",3.2,3.2,35.4,NA,NA,0.3,NA,NA,NA,NA,NA,NA,NA,NA,NA,NA,NA,NA,NA,NA,NA,NA,NA,NA,NA,NA,NA,NA,NA,NA,NA,NA,NA,NA,NA,NA,NA,NA,4,"TBThu 8:15 PM","WR75",NA,"26%",0.3,35.6,NA,NA,NA,NA,NA,NA,NA,NA,NA,NA,NA,NA,NA,NA,NA,NA,NA
"Ladd McConkey","WR","LAC",NA,NA,NA,NA,NA,NA,NA,NA,0,0.2,NA,0,0,5.06,NA,"18407","FleaFlicker","16627","FleaFlicker","WR",2.8,2.8,37.4,NA,NA,0.2,NA,NA,NA,NA,NA,NA,NA,NA,NA,NA,NA,NA,NA,NA,NA,NA,NA,NA,NA,NA,NA,NA,NA,NA,NA,NA,NA,NA,NA,NA,NA,NA,7,"DENSun 4:05 PM","WR30",NA,"95%",0.2,37.5,NA,NA,NA,NA,NA,NA,NA,NA,NA,NA,NA,NA,NA,NA,NA,NA,NA
"Brian Thomas","WR","JAC",NA,NA,NA,NA,NA,NA,NA,NA,0.1,0.6,NA,0,0,4.99,NA,"18361","FleaFlicker","16618","FleaFlicker","WR",2.5,2.5,35.7,NA,NA,0.2,NA,NA,NA,NA,NA,NA,NA,NA,NA,NA,NA,NA,NA,NA,NA,NA,NA,NA,NA,NA,NA,NA,NA,NA,NA,NA,NA,NA,NA,NA,NA,NA,7,"PHISun 9:30 AM","WR46",NA,"80%",0.2,36.3,NA,NA,NA,NA,NA,NA,NA,NA,NA,NA,NA,NA,NA,NA,NA,NA,NA
"Chris Bell","WR","MIA",NA,NA,NA,NA,NA,NA,NA,NA,0,0.2,NA,0,0,4.93,NA,"20075","FleaFlicker","17506","FleaFlicker","WR",2.6,2.6,39.7,NA,NA,0.2,NA,NA,NA,NA,NA,NA,NA,NA,NA,NA,NA,NA,NA,NA,NA,NA,NA,NA,NA,NA,NA,NA,NA,NA,NA,NA,NA,NA,NA,NA,NA,NA,6,"CINSun 1:00 PM","WR69",NA,"36%",0.2,39.9,NA,NA,NA,NA,NA,NA,NA,NA,NA,NA,NA,NA,NA,NA,NA,NA,NA
"Darius Cooper","WR","PHI",NA,NA,NA,NA,NA,NA,NA,NA,0,0,NA,0,0,4.92,NA,"19915","FleaFlicker","17333","FleaFlicker","WR",3,3,36.2,NA,NA,0.2,NA,NA,NA,NA,NA,NA,NA,NA,NA,NA,NA,NA,NA,NA,NA,NA,NA,NA,NA,NA,NA,NA,NA,NA,NA,NA,NA,NA,NA,NA,NA,NA,0,"@JACSun 9:30 AM","WR123",NA,"11%",0.2,36.3,NA,NA,NA,NA,NA,NA,NA,NA,NA,NA,NA,NA,NA,NA,NA,NA,NA
"Isaac TeSlaa","WR","DET",NA,NA,NA,NA,NA,NA,NA,NA,0,0.1,NA,0,0,4.78,NA,"19337","FleaFlicker","17157","FleaFlicker","WR",2,2,32.3,NA,NA,0.3,NA,NA,NA,NA,NA,NA,NA,NA,NA,NA,NA,NA,NA,NA,NA,NA,NA,NA,NA,NA,NA,NA,NA,NA,NA,NA,NA,NA,NA,NA,NA,NA,6,"@ARISun 4:25 PM","WR78",NA,"29%",0.3,32.3,NA,NA,NA,NA,NA,NA,NA,NA,NA,NA,NA,NA,NA,NA,NA,NA,NA
"Keenan Allen","WR","IND",NA,NA,NA,NA,NA,NA,NA,NA,0,0,NA,0,0,4.66,NA,"9380","FleaFlicker","11222","FleaFlicker","WR",3.5,3.5,35.4,NA,NA,0.2,NA,NA,NA,NA,NA,NA,NA,NA,NA,NA,NA,NA,NA,NA,NA,NA,NA,NA,NA,NA,NA,NA,NA,NA,NA,NA,NA,NA,NA,NA,NA,NA,3,"@PITSun 1:00 PM","WR63",NA,"48%",0.2,35.4,NA,NA,NA,NA,NA,NA,NA,NA,NA,NA,NA,NA,NA,NA,NA,NA,NA
"Michael Pittman","WR","PIT",NA,NA,NA,NA,NA,NA,NA,NA,0,0.1,NA,0,0,4.64,NA,"15603","FleaFlicker","14842","FleaFlicker","WR",3.2,3.2,33.9,NA,NA,0.2,NA,NA,NA,NA,NA,NA,NA,NA,NA,NA,NA,NA,NA,NA,NA,NA,NA,NA,NA,NA,NA,NA,NA,NA,NA,NA,NA,NA,NA,NA,NA,NA,9,"INDSun 1:00 PM","WR61",NA,"74%",0.2,34,NA,NA,NA,NA,NA,NA,NA,NA,NA,NA,NA,NA,NA,NA,NA,NA,NA
"Kalif Raymond","WR","CHI",NA,NA,NA,NA,NA,NA,NA,NA,0.1,0.5,NA,0,0,4.43,NA,"12441","FleaFlicker","13066","FleaFlicker","WR",3.2,3.2,33.2,NA,NA,0.2,NA,NA,NA,NA,NA,NA,NA,NA,NA,NA,NA,NA,NA,NA,NA,NA,NA,NA,NA,NA,NA,NA,NA,NA,NA,NA,NA,NA,NA,NA,NA,NA,0,"@GBSun 1:00 PM","WR72",NA,"51%",0.2,33.7,NA,NA,NA,NA,NA,NA,NA,NA,NA,NA,NA,NA,NA,NA,NA,NA,NA
"Dohnte Meyers","WR","CIN",NA,NA,NA,NA,NA,NA,NA,NA,0.1,0.6,NA,0,0.1,4.33,NA,"20031","FleaFlicker","17752","FleaFlicker","WR",2.7,2.7,32.5,NA,NA,0.2,NA,NA,NA,NA,NA,NA,NA,NA,NA,NA,NA,NA,NA,NA,NA,NA,NA,NA,NA,NA,NA,NA,NA,NA,NA,NA,NA,NA,NA,NA,NA,NA,6,"@MIASun 1:00 PM","WR111",NA,"22%",0.2,33.1,NA,NA,NA,NA,NA,NA,NA,NA,NA,NA,NA,NA,NA,NA,NA,NA,NA
"Malachi Fields","WR","NYG",NA,NA,NA,NA,NA,NA,NA,NA,0,0.1,NA,0,0,4.33,NA,"20105","FleaFlicker","17511","FleaFlicker","WR",2.1,2.1,30.7,NA,NA,0.2,NA,NA,NA,NA,NA,NA,NA,NA,NA,NA,NA,NA,NA,NA,NA,NA,NA,NA,NA,NA,NA,NA,NA,NA,NA,NA,NA,NA,NA,NA,NA,NA,8,"@WASSun 1:00 PM","WR71",NA,"35%",0.2,30.9,NA,NA,NA,NA,NA,NA,NA,NA,NA,NA,NA,NA,NA,NA,NA,NA,NA
"Cooper Kupp","WR","SEA",NA,NA,NA,NA,NA,NA,NA,NA,0,0.1,NA,0,0,4.32,NA,"12970","FleaFlicker","13164","FleaFlicker","WR",2.5,2.5,30.7,NA,NA,0.2,NA,NA,NA,NA,NA,NA,NA,NA,NA,NA,NA,NA,NA,NA,NA,NA,NA,NA,NA,NA,NA,NA,NA,NA,NA,NA,NA,NA,NA,NA,NA,NA,1,"SFSun 4:25 PM","WR80",NA,"35%",0.2,30.8,NA,NA,NA,NA,NA,NA,NA,NA,NA,NA,NA,NA,NA,NA,NA,NA,NA
"Kayshon Boutte","WR","HOU",NA,NA,NA,NA,NA,NA,NA,NA,0,0,NA,0,0,4.3,NA,"17725","FleaFlicker","16193","FleaFlicker","WR",2.4,2.4,33,NA,NA,0.2,NA,NA,NA,NA,NA,NA,NA,NA,NA,NA,NA,NA,NA,NA,NA,NA,NA,NA,NA,NA,NA,NA,NA,NA,NA,NA,NA,NA,NA,NA,NA,NA,8,"@TENSun 1:00 PM","WR66",NA,"38%",0.2,33,NA,NA,NA,NA,NA,NA,NA,NA,NA,NA,NA,NA,NA,NA,NA,NA,NA
"Ted Hurst","WR","TB",NA,NA,NA,NA,NA,NA,NA,NA,0,0.2,NA,0,0,4.24,NA,"20115","FleaFlicker","17520","FleaFlicker","WR",2.2,2.2,30.8,NA,NA,0.2,NA,NA,NA,NA,NA,NA,NA,NA,NA,NA,NA,NA,NA,NA,NA,NA,NA,NA,NA,NA,NA,NA,NA,NA,NA,NA,NA,NA,NA,NA,NA,NA,0,"@DALThu 8:15 PM","WR76",NA,"31%",0.2,31.1,NA,NA,NA,NA,NA,NA,NA,NA,NA,NA,NA,NA,NA,NA,NA,NA,NA
"Isaiah Williams","WR","NYJ",NA,NA,NA,NA,NA,NA,NA,NA,0.2,1.5,NA,0,0,4.14,NA,"18910","FleaFlicker","16630","FleaFlicker","WR",2.9,2.9,31.1,NA,NA,0.1,NA,NA,NA,NA,NA,NA,NA,NA,NA,NA,NA,NA,NA,NA,NA,NA,NA,NA,NA,NA,NA,NA,NA,NA,NA,NA,NA,NA,NA,NA,NA,NA,3,"CLESun 1:00 PM",NA,NA,"13%",0.1,32.6,NA,NA,NA,NA,NA,NA,NA,NA,NA,NA,NA,NA,NA,NA,NA,NA,NA
"Antonio Williams","WR","WAS",NA,NA,NA,NA,NA,NA,NA,NA,0.1,0.3,NA,0,0,3.93,NA,"20109","FleaFlicker","17512","FleaFlicker","WR",2.2,2.2,27,NA,NA,0.2,NA,NA,NA,NA,NA,NA,NA,NA,NA,NA,NA,NA,NA,NA,NA,NA,NA,NA,NA,NA,NA,NA,NA,NA,NA,NA,NA,NA,NA,NA,NA,NA,7,"NYGSun 1:00 PM","WR67",NA,"40%",0.2,27.3,NA,NA,NA,NA,NA,NA,NA,NA,NA,NA,NA,NA,NA,NA,NA,NA,NA
"Kendrick Bourne","WR","ARI",NA,NA,NA,NA,NA,NA,NA,NA,0,0,NA,0,0,3.92,NA,"13364","FleaFlicker","13418","FleaFlicker","WR",2.6,2.6,29.8,NA,NA,0.2,NA,NA,NA,NA,NA,NA,NA,NA,NA,NA,NA,NA,NA,NA,NA,NA,NA,NA,NA,NA,NA,NA,NA,NA,NA,NA,NA,NA,NA,NA,NA,NA,4,"DETSun 4:25 PM","WR92",NA,"18%",0.2,29.8,NA,NA,NA,NA,NA,NA,NA,NA,NA,NA,NA,NA,NA,NA,NA,NA,NA
"DeMario Douglas","WR","NE",NA,NA,NA,NA,NA,NA,NA,NA,0.2,0.8,NA,0,0,3.91,NA,"17724","FleaFlicker","16342","FleaFlicker","WR",2.3,2.3,29.5,NA,NA,0.1,NA,NA,NA,NA,NA,NA,NA,NA,NA,NA,NA,NA,NA,NA,NA,NA,NA,NA,NA,NA,NA,NA,NA,NA,NA,NA,NA,NA,NA,NA,NA,NA,1,"LVSun 1:00 PM","WR88",NA,"19%",0.1,30.4,NA,NA,NA,NA,NA,NA,NA,NA,NA,NA,NA,NA,NA,NA,NA,NA,NA
"Rashod Bateman","WR","BAL",NA,NA,NA,NA,NA,NA,NA,NA,0,0.2,NA,0,0,3.89,NA,"16248","FleaFlicker","15293","FleaFlicker","WR",2.2,2.2,28.1,NA,NA,0.2,NA,NA,NA,NA,NA,NA,NA,NA,NA,NA,NA,NA,NA,NA,NA,NA,NA,NA,NA,NA,NA,NA,NA,NA,NA,NA,NA,NA,NA,NA,NA,NA,3,"@ATLSun 8:20 PM","WR64",NA,"46%",0.2,28.2,NA,NA,NA,NA,NA,NA,NA,NA,NA,NA,NA,NA,NA,NA,NA,NA,NA
"Mack Hollins","WR","NE",NA,NA,NA,NA,NA,NA,NA,NA,0,0.1,NA,0,0,3.81,NA,"13008","FleaFlicker","13289","FleaFlicker","WR",2.3,2.3,30.9,NA,NA,0.1,NA,NA,NA,NA,NA,NA,NA,NA,NA,NA,NA,NA,NA,NA,NA,NA,NA,NA,NA,NA,NA,NA,NA,NA,NA,NA,NA,NA,NA,NA,NA,NA,1,"LVSun 1:00 PM","WR86",NA,"31%",0.1,31,NA,NA,NA,NA,NA,NA,NA,NA,NA,NA,NA,NA,NA,NA,NA,NA,NA
"Troy Franklin","WR","DEN",NA,NA,NA,NA,NA,NA,NA,NA,0.1,0.6,NA,0,0,3.81,NA,"18466","FleaFlicker","16619","FleaFlicker","WR",1.9,1.9,26.3,NA,NA,0.2,NA,NA,NA,NA,NA,NA,NA,NA,NA,NA,NA,NA,NA,NA,NA,NA,NA,NA,NA,NA,NA,NA,NA,NA,NA,NA,NA,NA,NA,NA,NA,NA,0,"@LACSun 4:05 PM","WR98",NA,"23%",0.2,27,NA,NA,NA,NA,NA,NA,NA,NA,NA,NA,NA,NA,NA,NA,NA,NA,NA
"Jaylin Noel","WR","HOU",NA,NA,NA,NA,NA,NA,NA,NA,0.4,2.1,NA,0,0,3.78,NA,"19286","FleaFlicker","17080","FleaFlicker","WR",1.9,1.9,27.5,NA,NA,0.1,NA,NA,NA,NA,NA,NA,NA,NA,NA,NA,NA,NA,NA,NA,NA,NA,NA,NA,NA,NA,NA,NA,NA,NA,NA,NA,NA,NA,NA,NA,NA,NA,8,"@TENSun 1:00 PM","WR73",NA,"29%",0.1,29.5,NA,NA,NA,NA,NA,NA,NA,NA,NA,NA,NA,NA,NA,NA,NA,NA,NA
"Xavier Hutchinson","WR","HOU",NA,NA,NA,NA,NA,NA,NA,NA,0.1,0.7,NA,0,0,3.74,NA,"17740","FleaFlicker","16201","FleaFlicker","WR",2.1,2.1,28.5,NA,NA,0.1,NA,NA,NA,NA,NA,NA,NA,NA,NA,NA,NA,NA,NA,NA,NA,NA,NA,NA,NA,NA,NA,NA,NA,NA,NA,NA,NA,NA,NA,NA,NA,NA,8,"@TENSun 1:00 PM","WR105",NA,"20%",0.1,29.2,NA,NA,NA,NA,NA,NA,NA,NA,NA,NA,NA,NA,NA,NA,NA,NA,NA
"Jalen Nailor","WR","LV",NA,NA,NA,NA,NA,NA,NA,NA,0.1,0.3,NA,0,0,3.63,NA,"17018","FleaFlicker","15786","FleaFlicker","WR",1.9,1.9,25.4,NA,NA,0.2,NA,NA,NA,NA,NA,NA,NA,NA,NA,NA,NA,NA,NA,NA,NA,NA,NA,NA,NA,NA,NA,NA,NA,NA,NA,NA,NA,NA,NA,NA,NA,NA,3,"@NESun 1:00 PM","WR77",NA,"25%",0.2,25.7,NA,NA,NA,NA,NA,NA,NA,NA,NA,NA,NA,NA,NA,NA,NA,NA,NA
"Darnell Mooney","WR","NYG",NA,NA,NA,NA,NA,NA,NA,NA,0.1,0.6,NA,0,0,3.39,NA,"15658","FleaFlicker","14974","FleaFlicker","WR",1.7,1.7,26.9,NA,NA,0.1,NA,NA,NA,NA,NA,NA,NA,NA,NA,NA,NA,NA,NA,NA,NA,NA,NA,NA,NA,NA,NA,NA,NA,NA,NA,NA,NA,NA,NA,NA,NA,NA,8,"@WASSun 1:00 PM","WR90",NA,"22%",0.1,27.5,NA,NA,NA,NA,NA,NA,NA,NA,NA,NA,NA,NA,NA,NA,NA,NA,NA
"Sterling Shepard","WR","NYJ",NA,NA,NA,NA,NA,NA,NA,NA,0,0,NA,0,0,3.38,NA,"12058","FleaFlicker","12658","FleaFlicker","WR",2,2,22.8,NA,NA,0.2,NA,NA,NA,NA,NA,NA,NA,NA,NA,NA,NA,NA,NA,NA,NA,NA,NA,NA,NA,NA,NA,NA,NA,NA,NA,NA,NA,NA,NA,NA,NA,NA,3,"CLESun 1:00 PM",NA,NA,"2%",0.2,22.8,NA,NA,NA,NA,NA,NA,NA,NA,NA,NA,NA,NA,NA,NA,NA,NA,NA
"Cody White","WR","LV",NA,NA,NA,NA,NA,NA,NA,NA,0,0,NA,0,0,3.37,NA,"16142","FleaFlicker","15589","FleaFlicker","WR",1.7,1.7,21.9,NA,NA,0.2,NA,NA,NA,NA,NA,NA,NA,NA,NA,NA,NA,NA,NA,NA,NA,NA,NA,NA,NA,NA,NA,NA,NA,NA,NA,NA,NA,NA,NA,NA,NA,NA,3,"@NESun 1:00 PM",NA,NA,"10%",0.2,21.9,NA,NA,NA,NA,NA,NA,NA,NA,NA,NA,NA,NA,NA,NA,NA,NA,NA
"Elic Ayomanor","WR","TEN",NA,NA,NA,NA,NA,NA,NA,NA,0,0,NA,0,0,3.34,NA,"19347","FleaFlicker","17073","FleaFlicker","WR",1.6,1.6,25.2,NA,NA,0.1,NA,NA,NA,NA,NA,NA,NA,NA,NA,NA,NA,NA,NA,NA,NA,NA,NA,NA,NA,NA,NA,NA,NA,NA,NA,NA,NA,NA,NA,NA,NA,NA,9,"HOUSun 1:00 PM","WR96",NA,"22%",0.1,25.2,NA,NA,NA,NA,NA,NA,NA,NA,NA,NA,NA,NA,NA,NA,NA,NA,NA
"Jahan Dotson","WR","ATL",NA,NA,NA,NA,NA,NA,NA,NA,0,0,NA,0,0,3.29,NA,"16821","FleaFlicker","15755","FleaFlicker","WR",1.7,1.7,23.5,NA,NA,0.2,NA,NA,NA,NA,NA,NA,NA,NA,NA,NA,NA,NA,NA,NA,NA,NA,NA,NA,NA,NA,NA,NA,NA,NA,NA,NA,NA,NA,NA,NA,NA,NA,1,"BALSun 8:20 PM","WR104",NA,"10%",0.2,23.6,NA,NA,NA,NA,NA,NA,NA,NA,NA,NA,NA,NA,NA,NA,NA,NA,NA
"Efton Chism","WR","NE",NA,NA,NA,NA,NA,NA,NA,NA,0,0.1,NA,0,0,2.99,NA,"19738","FleaFlicker","17269","FleaFlicker","WR",1.5,1.5,21,NA,NA,0.1,NA,NA,NA,NA,NA,NA,NA,NA,NA,NA,NA,NA,NA,NA,NA,NA,NA,NA,NA,NA,NA,NA,NA,NA,NA,NA,NA,NA,NA,NA,NA,NA,1,"LVSun 1:00 PM","WR118",NA,"6%",0.1,21.1,NA,NA,NA,NA,NA,NA,NA,NA,NA,NA,NA,NA,NA,NA,NA,NA,NA
"Joshua Palmer","WR","BUF",NA,NA,NA,NA,NA,NA,NA,NA,0,0,NA,0,0,2.97,NA,"16292","FleaFlicker","15319","FleaFlicker","WR",1.6,1.6,22.1,NA,NA,0.1,NA,NA,NA,NA,NA,NA,NA,NA,NA,NA,NA,NA,NA,NA,NA,NA,NA,NA,NA,NA,NA,NA,NA,NA,NA,NA,NA,NA,NA,NA,NA,NA,7,"@LARMon 8:15 PM","WR99",NA,"22%",0.1,22.1,NA,NA,NA,NA,NA,NA,NA,NA,NA,NA,NA,NA,NA,NA,NA,NA,NA
"Caleb Douglas","WR","MIA",NA,NA,NA,NA,NA,NA,NA,NA,0,0.2,NA,0,0,2.87,NA,"20074","FleaFlicker","17599","FleaFlicker","WR",1.6,1.6,22.5,NA,NA,0.1,NA,NA,NA,NA,NA,NA,NA,NA,NA,NA,NA,NA,NA,NA,NA,NA,NA,NA,NA,NA,NA,NA,NA,NA,NA,NA,NA,NA,NA,NA,NA,NA,6,"CINSun 1:00 PM","WR68",NA,"41%",0.1,22.6,NA,NA,NA,NA,NA,NA,NA,NA,NA,NA,NA,NA,NA,NA,NA,NA,NA
"Tez Johnson","WR","TB",NA,NA,NA,NA,NA,NA,NA,NA,0.4,1.9,NA,0,0,2.76,NA,"19520","FleaFlicker","17079","FleaFlicker","WR",1.3,1.3,17.5,NA,NA,0.1,NA,NA,NA,NA,NA,NA,NA,NA,NA,NA,NA,NA,NA,NA,NA,NA,NA,NA,NA,NA,NA,NA,NA,NA,NA,NA,NA,NA,NA,NA,NA,NA,0,"@DALThu 8:15 PM","WR132",NA,"13%",0.1,19.3,NA,NA,NA,NA,NA,NA,NA,NA,NA,NA,NA,NA,NA,NA,NA,NA,NA
"Josh Cameron","WR","JAC",NA,NA,NA,NA,NA,NA,NA,NA,0.1,0.3,NA,0,0,2.74,NA,"20193","FleaFlicker","17527","FleaFlicker","WR",1.4,1.4,18.7,NA,NA,0.1,NA,NA,NA,NA,NA,NA,NA,NA,NA,NA,NA,NA,NA,NA,NA,NA,NA,NA,NA,NA,NA,NA,NA,NA,NA,NA,NA,NA,NA,NA,NA,NA,7,"PHISun 9:30 AM",NA,NA,"15%",0.1,19,NA,NA,NA,NA,NA,NA,NA,NA,NA,NA,NA,NA,NA,NA,NA,NA,NA
"Jauan Jennings","WR","MIN",NA,NA,NA,NA,NA,NA,NA,NA,0,0,NA,0,0,2.72,NA,"15751","FleaFlicker","14860","FleaFlicker","WR",1.5,1.5,16.4,NA,NA,0.2,NA,NA,NA,NA,NA,NA,NA,NA,NA,NA,NA,NA,NA,NA,NA,NA,NA,NA,NA,NA,NA,NA,NA,NA,NA,NA,NA,NA,NA,NA,NA,NA,6,"@NOSun 1:00 PM","WR83",NA,"38%",0.2,16.4,NA,NA,NA,NA,NA,NA,NA,NA,NA,NA,NA,NA,NA,NA,NA,NA,NA
"Kyle Williams","WR","NE",NA,NA,NA,NA,NA,NA,NA,NA,0,0.2,NA,0,0,2.7,NA,"19273","FleaFlicker","17134","FleaFlicker","WR",1.2,1.2,20.4,NA,NA,0.1,NA,NA,NA,NA,NA,NA,NA,NA,NA,NA,NA,NA,NA,NA,NA,NA,NA,NA,NA,NA,NA,NA,NA,NA,NA,NA,NA,NA,NA,NA,NA,NA,1,"LVSun 1:00 PM","WR97",NA,"18%",0.1,20.6,NA,NA,NA,NA,NA,NA,NA,NA,NA,NA,NA,NA,NA,NA,NA,NA,NA
"Jerry Jeudy","WR","CLE",NA,NA,NA,NA,NA,NA,NA,NA,0,0.1,NA,0,0,2.67,NA,"15544","FleaFlicker","14833","FleaFlicker","WR",1.8,1.8,20.8,NA,NA,0.1,NA,NA,NA,NA,NA,NA,NA,NA,NA,NA,NA,NA,NA,NA,NA,NA,NA,NA,NA,NA,NA,NA,NA,NA,NA,NA,NA,NA,NA,NA,NA,NA,1,"@NYJSun 1:00 PM","WR79",NA,"34%",0.1,20.8,NA,NA,NA,NA,NA,NA,NA,NA,NA,NA,NA,NA,NA,NA,NA,NA,NA
"Skyy Moore","WR","GB",NA,NA,NA,NA,NA,NA,NA,NA,0.1,0.8,NA,0,0,2.65,NA,"16854","FleaFlicker","15766","FleaFlicker","WR",1.7,1.7,19.9,NA,NA,0.1,NA,NA,NA,NA,NA,NA,NA,NA,NA,NA,NA,NA,NA,NA,NA,NA,NA,NA,NA,NA,NA,NA,NA,NA,NA,NA,NA,NA,NA,NA,NA,NA,1,"CHISun 1:00 PM",NA,NA,"10%",0.1,20.7,NA,NA,NA,NA,NA,NA,NA,NA,NA,NA,NA,NA,NA,NA,NA,NA,NA
"IRChristian Kirk","WR","SF",NA,NA,NA,NA,NA,NA,NA,NA,0,0,NA,0,0,2.51,NA,"13806","FleaFlicker","13633","FleaFlicker","WR",1.6,1.6,16.1,NA,NA,0.1,NA,NA,NA,NA,NA,NA,NA,NA,NA,NA,NA,NA,NA,NA,NA,NA,NA,NA,NA,NA,NA,NA,NA,NA,NA,NA,NA,NA,NA,NA,NA,NA,8,"@SEASun 4:25 PM","WR112",NA,"19%",0.1,16.1,NA,NA,NA,NA,NA,NA,NA,NA,NA,NA,NA,NA,NA,NA,NA,NA,NA
"Laquon Treadwell","WR","IND",NA,NA,NA,NA,NA,NA,NA,NA,0,0,NA,0,0,2.49,NA,"12017","FleaFlicker","12645","FleaFlicker","WR",1.5,1.5,20.3,NA,NA,0.1,NA,NA,NA,NA,NA,NA,NA,NA,NA,NA,NA,NA,NA,NA,NA,NA,NA,NA,NA,NA,NA,NA,NA,NA,NA,NA,NA,NA,NA,NA,NA,NA,3,"@PITSun 1:00 PM",NA,NA,"5%",0.1,20.3,NA,NA,NA,NA,NA,NA,NA,NA,NA,NA,NA,NA,NA,NA,NA,NA,NA
"Marvin Mims","WR","DEN",NA,NA,NA,NA,NA,NA,NA,NA,0.5,2.2,NA,0,0,2.48,NA,"17631","FleaFlicker","16189","FleaFlicker","WR",1.4,1.4,16.2,NA,NA,0.1,NA,NA,NA,NA,NA,NA,NA,NA,NA,NA,NA,NA,NA,NA,NA,NA,NA,NA,NA,NA,NA,NA,NA,NA,NA,NA,NA,NA,NA,NA,NA,NA,0,"@LACSun 4:05 PM","WR106",NA,"16%",0.1,18.4,NA,NA,NA,NA,NA,NA,NA,NA,NA,NA,NA,NA,NA,NA,NA,NA,NA
"Tory Horton","WR","SEA",NA,NA,NA,NA,NA,NA,NA,NA,0,0.1,NA,0,0,2.35,NA,"19439","FleaFlicker","17098","FleaFlicker","WR",1.2,1.2,15.8,NA,NA,0.1,NA,NA,NA,NA,NA,NA,NA,NA,NA,NA,NA,NA,NA,NA,NA,NA,NA,NA,NA,NA,NA,NA,NA,NA,NA,NA,NA,NA,NA,NA,NA,NA,1,"SFSun 4:25 PM","WR115",NA,"20%",0.1,15.9,NA,NA,NA,NA,NA,NA,NA,NA,NA,NA,NA,NA,NA,NA,NA,NA,NA
"Bryce Lance","WR","NO",NA,NA,NA,NA,NA,NA,NA,NA,0,0.1,NA,0,0,2.34,NA,"20168","FleaFlicker","17519","FleaFlicker","WR",1.5,1.5,18.5,NA,NA,0.1,NA,NA,NA,NA,NA,NA,NA,NA,NA,NA,NA,NA,NA,NA,NA,NA,NA,NA,NA,NA,NA,NA,NA,NA,NA,NA,NA,NA,NA,NA,NA,NA,8,"MINSun 1:00 PM","WR85",NA,"21%",0.1,18.6,NA,NA,NA,NA,NA,NA,NA,NA,NA,NA,NA,NA,NA,NA,NA,NA,NA
"Mitch Tinsley","WR","CIN",NA,NA,NA,NA,NA,NA,NA,NA,0,0,NA,0,0,2.24,NA,"17876","FleaFlicker","16403","FleaFlicker","WR",1.3,1.3,15.8,NA,NA,0.1,NA,NA,NA,NA,NA,NA,NA,NA,NA,NA,NA,NA,NA,NA,NA,NA,NA,NA,NA,NA,NA,NA,NA,NA,NA,NA,NA,NA,NA,NA,NA,NA,6,"@MIASun 1:00 PM",NA,NA,"1%",0.1,15.8,NA,NA,NA,NA,NA,NA,NA,NA,NA,NA,NA,NA,NA,NA,NA,NA,NA
"IRDSavion Williams","WR","GB",NA,NA,NA,NA,NA,NA,NA,NA,0.4,2.3,NA,0,0,2.2,NA,"19332","FleaFlicker","17096","FleaFlicker","WR",1.4,1.4,14.1,NA,NA,0.1,NA,NA,NA,NA,NA,NA,NA,NA,NA,NA,NA,NA,NA,NA,NA,NA,NA,NA,NA,NA,NA,NA,NA,NA,NA,NA,NA,NA,NA,NA,NA,NA,1,"CHISun 1:00 PM","WR126",NA,"9%",0.1,16.4,NA,NA,NA,NA,NA,NA,NA,NA,NA,NA,NA,NA,NA,NA,NA,NA,NA
"Devontez Walker","WR","BAL",NA,NA,NA,NA,NA,NA,NA,NA,0,0.2,NA,0,0,2.19,NA,"18473","FleaFlicker","16621","FleaFlicker","WR",1,1,15.7,NA,NA,0.1,NA,NA,NA,NA,NA,NA,NA,NA,NA,NA,NA,NA,NA,NA,NA,NA,NA,NA,NA,NA,NA,NA,NA,NA,NA,NA,NA,NA,NA,NA,NA,NA,3,"@ATLSun 8:20 PM",NA,NA,"6%",0.1,15.9,NA,NA,NA,NA,NA,NA,NA,NA,NA,NA,NA,NA,NA,NA,NA,NA,NA
"Germie Bernard","WR","PIT",NA,NA,NA,NA,NA,NA,NA,NA,0.1,0.2,NA,0,0,2.19,NA,"20095","FleaFlicker","17503","FleaFlicker","WR",1.3,1.3,15.9,NA,NA,0.1,NA,NA,NA,NA,NA,NA,NA,NA,NA,NA,NA,NA,NA,NA,NA,NA,NA,NA,NA,NA,NA,NA,NA,NA,NA,NA,NA,NA,NA,NA,NA,NA,9,"INDSun 1:00 PM","WR84",NA,"30%",0.1,16,NA,NA,NA,NA,NA,NA,NA,NA,NA,NA,NA,NA,NA,NA,NA,NA,NA
"Zachariah Branch","WR","ATL",NA,NA,NA,NA,NA,NA,NA,NA,0.1,0.3,NA,0,0,2.14,NA,"20112","FleaFlicker","17507","FleaFlicker","WR",1.3,1.3,15.3,NA,NA,0.1,NA,NA,NA,NA,NA,NA,NA,NA,NA,NA,NA,NA,NA,NA,NA,NA,NA,NA,NA,NA,NA,NA,NA,NA,NA,NA,NA,NA,NA,NA,NA,NA,1,"BALSun 8:20 PM","WR93",NA,"29%",0.1,15.6,NA,NA,NA,NA,NA,NA,NA,NA,NA,NA,NA,NA,NA,NA,NA,NA,NA
"KaVontae Turpin","WR","DAL",NA,NA,NA,NA,NA,NA,NA,NA,0.8,4.2,NA,0,0,2.08,NA,"17558","FleaFlicker","15981","FleaFlicker","WR",0.8,0.8,10.6,NA,NA,0.1,NA,NA,NA,NA,NA,NA,NA,NA,NA,NA,NA,NA,NA,NA,NA,NA,NA,NA,NA,NA,NA,NA,NA,NA,NA,NA,NA,NA,NA,NA,NA,NA,4,"TBThu 8:15 PM",NA,NA,"14%",0.1,14.8,NA,NA,NA,NA,NA,NA,NA,NA,NA,NA,NA,NA,NA,NA,NA,NA,NA
"Ashton Dulin","WR","IND",NA,NA,NA,NA,NA,NA,NA,NA,0.1,0.7,NA,0,0,2.07,NA,"15035","FleaFlicker","14315","FleaFlicker","WR",1.1,1.1,15.8,NA,NA,0.1,NA,NA,NA,NA,NA,NA,NA,NA,NA,NA,NA,NA,NA,NA,NA,NA,NA,NA,NA,NA,NA,NA,NA,NA,NA,NA,NA,NA,NA,NA,NA,NA,3,"@PITSun 1:00 PM",NA,NA,"1%",0.1,16.5,NA,NA,NA,NA,NA,NA,NA,NA,NA,NA,NA,NA,NA,NA,NA,NA,NA
"Colbie Young","WR","CIN",NA,NA,NA,NA,NA,NA,NA,NA,0,0.1,NA,0,0,2.07,NA,"20160","FleaFlicker","17542","FleaFlicker","WR",1.3,1.3,15.8,NA,NA,0.1,NA,NA,NA,NA,NA,NA,NA,NA,NA,NA,NA,NA,NA,NA,NA,NA,NA,NA,NA,NA,NA,NA,NA,NA,NA,NA,NA,NA,NA,NA,NA,NA,6,"@MIASun 1:00 PM","WR116",NA,"9%",0.1,15.9,NA,NA,NA,NA,NA,NA,NA,NA,NA,NA,NA,NA,NA,NA,NA,NA,NA
"Calvin Ridley","WR","TEN",NA,NA,NA,NA,NA,NA,NA,NA,0,0,NA,0,0,2.05,NA,"13776","FleaFlicker","13629","FleaFlicker","WR",1,1,15.7,NA,NA,0.1,NA,NA,NA,NA,NA,NA,NA,NA,NA,NA,NA,NA,NA,NA,NA,NA,NA,NA,NA,NA,NA,NA,NA,NA,NA,NA,NA,NA,NA,NA,NA,NA,9,"HOUSun 1:00 PM","WR91",NA,"25%",0.1,15.7,NA,NA,NA,NA,NA,NA,NA,NA,NA,NA,NA,NA,NA,NA,NA,NA,NA
"Olamide Zaccheaus","WR","ATL",NA,NA,NA,NA,NA,NA,NA,NA,0.1,0.3,NA,0,0,1.99,NA,"15107","FleaFlicker","14592","FleaFlicker","WR",1.3,1.3,13.8,NA,NA,0.1,NA,NA,NA,NA,NA,NA,NA,NA,NA,NA,NA,NA,NA,NA,NA,NA,NA,NA,NA,NA,NA,NA,NA,NA,NA,NA,NA,NA,NA,NA,NA,NA,1,"BALSun 8:20 PM","WR129",NA,"6%",0.1,14.1,NA,NA,NA,NA,NA,NA,NA,NA,NA,NA,NA,NA,NA,NA,NA,NA,NA
"Jacob Cowing","WR","SF",NA,NA,NA,NA,NA,NA,NA,NA,0.1,0.5,NA,0,0,1.9,NA,"18480","FleaFlicker","16640","FleaFlicker","WR",1.1,1.1,13.9,NA,NA,0.1,NA,NA,NA,NA,NA,NA,NA,NA,NA,NA,NA,NA,NA,NA,NA,NA,NA,NA,NA,NA,NA,NA,NA,NA,NA,NA,NA,NA,NA,NA,NA,NA,8,"@SEASun 4:25 PM",NA,NA,"3%",0.1,14.4,NA,NA,NA,NA,NA,NA,NA,NA,NA,NA,NA,NA,NA,NA,NA,NA,NA
"Konata Mumpfield","WR","LAR",NA,NA,NA,NA,NA,NA,NA,NA,0,0,NA,0,0,1.87,NA,"19535","FleaFlicker","17254","FleaFlicker","WR",0.9,0.9,12.1,NA,NA,0.1,NA,NA,NA,NA,NA,NA,NA,NA,NA,NA,NA,NA,NA,NA,NA,NA,NA,NA,NA,NA,NA,NA,NA,NA,NA,NA,NA,NA,NA,NA,NA,NA,1,"BUFMon 8:15 PM","WR101",NA,"11%",0.1,12.1,NA,NA,NA,NA,NA,NA,NA,NA,NA,NA,NA,NA,NA,NA,NA,NA,NA
"IRDTank Dell","WR","HOU",NA,NA,NA,NA,NA,NA,NA,NA,0.3,1.4,NA,0,0,1.82,NA,"17627","FleaFlicker","16204","FleaFlicker","WR",1,1,13.8,NA,NA,0.1,NA,NA,NA,NA,NA,NA,NA,NA,NA,NA,NA,NA,NA,NA,NA,NA,NA,NA,NA,NA,NA,NA,NA,NA,NA,NA,NA,NA,NA,NA,NA,NA,8,"@TENSun 1:00 PM","WR117",NA,"35%",0.1,15.2,NA,NA,NA,NA,NA,NA,NA,NA,NA,NA,NA,NA,NA,NA,NA,NA,NA
"Jordan Watkins","WR","SF",NA,NA,NA,NA,NA,NA,NA,NA,0,0.1,NA,0,0,1.8,NA,"19371","FleaFlicker","17192","FleaFlicker","WR",1.2,1.2,15.5,NA,NA,0.1,NA,NA,NA,NA,NA,NA,NA,NA,NA,NA,NA,NA,NA,NA,NA,NA,NA,NA,NA,NA,NA,NA,NA,NA,NA,NA,NA,NA,NA,NA,NA,NA,8,"@SEASun 4:25 PM",NA,NA,"4%",0.1,15.6,NA,NA,NA,NA,NA,NA,NA,NA,NA,NA,NA,NA,NA,NA,NA,NA,NA
"Isaiah Bond","WR","CLE",NA,NA,NA,NA,NA,NA,NA,NA,0.1,0.7,NA,0,0,1.76,NA,"20023","FleaFlicker","17076","FleaFlicker","WR",0.8,0.8,12.7,NA,NA,0.1,NA,NA,NA,NA,NA,NA,NA,NA,NA,NA,NA,NA,NA,NA,NA,NA,NA,NA,NA,NA,NA,NA,NA,NA,NA,NA,NA,NA,NA,NA,NA,NA,1,"@NYJSun 1:00 PM","WR127",NA,"9%",0.1,13.4,NA,NA,NA,NA,NA,NA,NA,NA,NA,NA,NA,NA,NA,NA,NA,NA,NA
"Treylon Burks","WR","WAS",NA,NA,NA,NA,NA,NA,NA,NA,0.1,0.3,NA,0,0,1.72,NA,"16803","FleaFlicker","15752","FleaFlicker","WR",0.8,0.8,11.5,NA,NA,0.1,NA,NA,NA,NA,NA,NA,NA,NA,NA,NA,NA,NA,NA,NA,NA,NA,NA,NA,NA,NA,NA,NA,NA,NA,NA,NA,NA,NA,NA,NA,NA,NA,7,"NYGSun 1:00 PM","WR135",NA,"7%",0.1,11.9,NA,NA,NA,NA,NA,NA,NA,NA,NA,NA,NA,NA,NA,NA,NA,NA,NA
"Dyami Brown","WR","WAS",NA,NA,NA,NA,NA,NA,NA,NA,0.2,0.9,NA,0,0,1.7,NA,"16309","FleaFlicker","15292","FleaFlicker","WR",0.8,0.8,10.1,NA,NA,0.1,NA,NA,NA,NA,NA,NA,NA,NA,NA,NA,NA,NA,NA,NA,NA,NA,NA,NA,NA,NA,NA,NA,NA,NA,NA,NA,NA,NA,NA,NA,NA,NA,7,"NYGSun 1:00 PM",NA,NA,"4%",0.1,11,NA,NA,NA,NA,NA,NA,NA,NA,NA,NA,NA,NA,NA,NA,NA,NA,NA
"Jalen Tolbert","WR","MIA",NA,NA,NA,NA,NA,NA,NA,NA,0,0,NA,0,0,1.61,NA,"16872","FleaFlicker","15788","FleaFlicker","WR",0.9,0.9,11.9,NA,NA,0.1,NA,NA,NA,NA,NA,NA,NA,NA,NA,NA,NA,NA,NA,NA,NA,NA,NA,NA,NA,NA,NA,NA,NA,NA,NA,NA,NA,NA,NA,NA,NA,NA,6,"CINSun 1:00 PM","WR122",NA,"6%",0.1,11.9,NA,NA,NA,NA,NA,NA,NA,NA,NA,NA,NA,NA,NA,NA,NA,NA,NA
"Jordan Whittington","WR","LAR",NA,NA,NA,NA,NA,NA,NA,NA,0.1,0.4,NA,0,0,1.36,NA,"18564","FleaFlicker","16633","FleaFlicker","WR",0.8,0.8,9,NA,NA,0.1,NA,NA,NA,NA,NA,NA,NA,NA,NA,NA,NA,NA,NA,NA,NA,NA,NA,NA,NA,NA,NA,NA,NA,NA,NA,NA,NA,NA,NA,NA,NA,NA,1,"BUFMon 8:15 PM",NA,NA,"4%",0.1,9.4,NA,NA,NA,NA,NA,NA,NA,NA,NA,NA,NA,NA,NA,NA,NA,NA,NA
"Hollywood Brown","WR","PHI",NA,NA,NA,NA,NA,NA,NA,NA,0,0,NA,0,0,1.28,NA,"14661","FleaFlicker","14105","FleaFlicker","WR",0.8,0.8,9.2,NA,NA,0.1,NA,NA,NA,NA,NA,NA,NA,NA,NA,NA,NA,NA,NA,NA,NA,NA,NA,NA,NA,NA,NA,NA,NA,NA,NA,NA,NA,NA,NA,NA,NA,NA,0,"@JACSun 9:30 AM","WR119",NA,"16%",0.1,9.2,NA,NA,NA,NA,NA,NA,NA,NA,NA,NA,NA,NA,NA,NA,NA,NA,NA
"Adonai Mitchell","WR","NYJ",NA,NA,NA,NA,NA,NA,NA,NA,0,0,NA,0,0,1.24,NA,"18395","FleaFlicker","16626","FleaFlicker","WR",0.7,0.7,9.4,NA,NA,0.1,NA,NA,NA,NA,NA,NA,NA,NA,NA,NA,NA,NA,NA,NA,NA,NA,NA,NA,NA,NA,NA,NA,NA,NA,NA,NA,NA,NA,NA,NA,NA,NA,3,"CLESun 1:00 PM","WR51",NA,"45%",0.1,9.4,NA,NA,NA,NA,NA,NA,NA,NA,NA,NA,NA,NA,NA,NA,NA,NA,NA
"Jared Wayne","WR","HOU",NA,NA,NA,NA,NA,NA,NA,NA,0,0,NA,0,0,1.21,NA,"17813","FleaFlicker","17011","FleaFlicker","WR",0.7,0.7,8.5,NA,NA,0.1,NA,NA,NA,NA,NA,NA,NA,NA,NA,NA,NA,NA,NA,NA,NA,NA,NA,NA,NA,NA,NA,NA,NA,NA,NA,NA,NA,NA,NA,NA,NA,NA,8,"@TENSun 1:00 PM",NA,NA,"3%",0.1,8.5,NA,NA,NA,NA,NA,NA,NA,NA,NA,NA,NA,NA,NA,NA,NA,NA,NA
"Ben Skowronek","WR","PIT",NA,NA,NA,NA,NA,NA,NA,NA,0,0,NA,0,0,1.17,NA,"16526","FleaFlicker","15491","FleaFlicker","WR",0.6,0.6,7.5,NA,NA,0.1,NA,NA,NA,NA,NA,NA,NA,NA,NA,NA,NA,NA,NA,NA,NA,NA,NA,NA,NA,NA,NA,NA,NA,NA,NA,NA,NA,NA,NA,NA,NA,NA,9,"INDSun 1:00 PM",NA,NA,"1%",0.1,7.5,NA,NA,NA,NA,NA,NA,NA,NA,NA,NA,NA,NA,NA,NA,NA,NA,NA
"Chimere Dike","WR","TEN",NA,NA,NA,NA,NA,NA,NA,NA,0.1,0.4,NA,0,0,1.11,NA,"19346","FleaFlicker","17171","FleaFlicker","WR",0.7,0.7,7.1,NA,NA,0.1,NA,NA,NA,NA,NA,NA,NA,NA,NA,NA,NA,NA,NA,NA,NA,NA,NA,NA,NA,NA,NA,NA,NA,NA,NA,NA,NA,NA,NA,NA,NA,NA,9,"HOUSun 1:00 PM","WR102",NA,"20%",0.1,7.6,NA,NA,NA,NA,NA,NA,NA,NA,NA,NA,NA,NA,NA,NA,NA,NA,NA
"Trey McBride","TE","ARI",NA,NA,NA,NA,NA,NA,NA,NA,0,0,NA,0,0,12.82,NA,"16895","FleaFlicker","15794","FleaFlicker","TE",7.5,7.5,68.6,NA,NA,1,NA,NA,NA,NA,NA,NA,NA,NA,NA,NA,NA,NA,NA,NA,NA,NA,NA,NA,NA,NA,NA,NA,NA,NA,NA,NA,NA,NA,NA,NA,NA,NA,4,"DETSun 4:25 PM","TE2",NA,"99%",1,68.6,NA,NA,NA,NA,NA,NA,NA,NA,NA,NA,NA,NA,NA,NA,NA,NA,NA
"Brock Bowers","TE","LV",NA,NA,NA,NA,NA,NA,NA,NA,0,0,NA,0,0,12.41,NA,"18364","FleaFlicker","16641","FleaFlicker","TE",6.3,6.3,64.3,NA,NA,1,NA,NA,NA,NA,NA,NA,NA,NA,NA,NA,NA,NA,NA,NA,NA,NA,NA,NA,NA,NA,NA,NA,NA,NA,NA,NA,NA,NA,NA,NA,NA,NA,3,"@NESun 1:00 PM","TE1",NA,"98%",1,64.3,NA,NA,NA,NA,NA,NA,NA,NA,NA,NA,NA,NA,NA,NA,NA,NA,NA
"Sam LaPorta","TE","DET",NA,NA,NA,NA,NA,NA,NA,NA,0,0,NA,0,0,11.48,NA,"17681","FleaFlicker","16214","FleaFlicker","TE",4.7,4.7,55,NA,NA,1,NA,NA,NA,NA,NA,NA,NA,NA,NA,NA,NA,NA,NA,NA,NA,NA,NA,NA,NA,NA,NA,NA,NA,NA,NA,NA,NA,NA,NA,NA,NA,NA,6,"@ARISun 4:25 PM","TE7",NA,"97%",1,55,NA,NA,NA,NA,NA,NA,NA,NA,NA,NA,NA,NA,NA,NA,NA,NA,NA
"George Kittle","TE","SF",NA,NA,NA,NA,NA,NA,NA,NA,0,0,NA,0,0,8.34,NA,"13023","FleaFlicker","13299","FleaFlicker","TE",5,5,60.8,NA,NA,0.4,NA,NA,NA,NA,NA,NA,NA,NA,NA,NA,NA,NA,NA,NA,NA,NA,NA,NA,NA,NA,NA,NA,NA,NA,NA,NA,NA,NA,NA,NA,NA,NA,8,"@SEASun 4:25 PM","TE5",NA,"98%",0.4,60.8,NA,NA,NA,NA,NA,NA,NA,NA,NA,NA,NA,NA,NA,NA,NA,NA,NA
"Tucker Kraft","TE","GB",NA,NA,NA,NA,NA,NA,NA,NA,0,0,NA,0,0,7.44,NA,"17675","FleaFlicker","16222","FleaFlicker","TE",4.2,4.2,53,NA,NA,0.4,NA,NA,NA,NA,NA,NA,NA,NA,NA,NA,NA,NA,NA,NA,NA,NA,NA,NA,NA,NA,NA,NA,NA,NA,NA,NA,NA,NA,NA,NA,NA,NA,1,"CHISun 1:00 PM","TE4",NA,"95%",0.4,53,NA,NA,NA,NA,NA,NA,NA,NA,NA,NA,NA,NA,NA,NA,NA,NA,NA
"Isaiah Likely","TE","NYG",NA,NA,NA,NA,NA,NA,NA,NA,0,0,NA,0,0,7.32,NA,"16927","FleaFlicker","15798","FleaFlicker","TE",4.6,4.6,50.6,NA,NA,0.4,NA,NA,NA,NA,NA,NA,NA,NA,NA,NA,NA,NA,NA,NA,NA,NA,NA,NA,NA,NA,NA,NA,NA,NA,NA,NA,NA,NA,NA,NA,NA,NA,8,"@WASSun 1:00 PM","TE10",NA,"91%",0.4,50.6,NA,NA,NA,NA,NA,NA,NA,NA,NA,NA,NA,NA,NA,NA,NA,NA,NA
"Harold Fannin","TE","CLE",NA,NA,NA,NA,NA,NA,NA,NA,0,0,NA,0,0,7,NA,"19305","FleaFlicker","17103","FleaFlicker","TE",4.5,4.5,42.6,NA,NA,0.5,NA,NA,NA,NA,NA,NA,NA,NA,NA,NA,NA,NA,NA,NA,NA,NA,NA,NA,NA,NA,NA,NA,NA,NA,NA,NA,NA,NA,NA,NA,NA,NA,1,"@NYJSun 1:00 PM","TE9",NA,"92%",0.5,42.6,NA,NA,NA,NA,NA,NA,NA,NA,NA,NA,NA,NA,NA,NA,NA,NA,NA
"Tyler Warren","TE","IND",NA,NA,NA,NA,NA,NA,NA,NA,0,0,NA,0,0,6.9,NA,"19242","FleaFlicker","17102","FleaFlicker","TE",5.2,5.2,48.4,NA,NA,0.3,NA,NA,NA,NA,NA,NA,NA,NA,NA,NA,NA,NA,NA,NA,NA,NA,NA,NA,NA,NA,NA,NA,NA,NA,NA,NA,NA,NA,NA,NA,NA,NA,3,"@PITSun 1:00 PM","TE3",NA,"96%",0.3,48.4,NA,NA,NA,NA,NA,NA,NA,NA,NA,NA,NA,NA,NA,NA,NA,NA,NA
"Dalton Kincaid","TE","BUF",NA,NA,NA,NA,NA,NA,NA,NA,0,0,NA,0,0,6.45,NA,"17585","FleaFlicker","16213","FleaFlicker","TE",3.8,3.8,49.7,NA,NA,0.3,NA,NA,NA,NA,NA,NA,NA,NA,NA,NA,NA,NA,NA,NA,NA,NA,NA,NA,NA,NA,NA,NA,NA,NA,NA,NA,NA,NA,NA,NA,NA,NA,7,"@LARMon 8:15 PM","TE8",NA,"95%",0.3,49.7,NA,NA,NA,NA,NA,NA,NA,NA,NA,NA,NA,NA,NA,NA,NA,NA,NA
"Juwan Johnson","TE","NO",NA,NA,NA,NA,NA,NA,NA,NA,0,0,NA,0,0,6.44,NA,"16036","FleaFlicker","14861","FleaFlicker","TE",4,4,46,NA,NA,0.3,NA,NA,NA,NA,NA,NA,NA,NA,NA,NA,NA,NA,NA,NA,NA,NA,NA,NA,NA,NA,NA,NA,NA,NA,NA,NA,NA,NA,NA,NA,NA,NA,8,"MINSun 1:00 PM","TE12",NA,"90%",0.3,46,NA,NA,NA,NA,NA,NA,NA,NA,NA,NA,NA,NA,NA,NA,NA,NA,NA
"Hunter Henry","TE","NE",NA,NA,NA,NA,NA,NA,NA,NA,0,0,NA,0,0,6.08,NA,"12088","FleaFlicker","12676","FleaFlicker","TE",3.7,3.7,43,NA,NA,0.3,NA,NA,NA,NA,NA,NA,NA,NA,NA,NA,NA,NA,NA,NA,NA,NA,NA,NA,NA,NA,NA,NA,NA,NA,NA,NA,NA,NA,NA,NA,NA,NA,1,"LVSun 1:00 PM","TE19",NA,"71%",0.3,43,NA,NA,NA,NA,NA,NA,NA,NA,NA,NA,NA,NA,NA,NA,NA,NA,NA
"Colston Loveland","TE","CHI",NA,NA,NA,NA,NA,NA,NA,NA,0,0,NA,0,0,6.01,NA,"19267","FleaFlicker","17104","FleaFlicker","TE",4,4,41.7,NA,NA,0.3,NA,NA,NA,NA,NA,NA,NA,NA,NA,NA,NA,NA,NA,NA,NA,NA,NA,NA,NA,NA,NA,NA,NA,NA,NA,NA,NA,NA,NA,NA,NA,NA,0,"@GBSun 1:00 PM","TE6",NA,"93%",0.3,41.7,NA,NA,NA,NA,NA,NA,NA,NA,NA,NA,NA,NA,NA,NA,NA,NA,NA
"Brenton Strange","TE","JAC",NA,NA,NA,NA,NA,NA,NA,NA,0,0,NA,0,0,5.91,NA,"17626","FleaFlicker","16269","FleaFlicker","TE",3.7,3.7,40.7,NA,NA,0.3,NA,NA,NA,NA,NA,NA,NA,NA,NA,NA,NA,NA,NA,NA,NA,NA,NA,NA,NA,NA,NA,NA,NA,NA,NA,NA,NA,NA,NA,NA,NA,NA,7,"PHISun 9:30 AM","TE16",NA,"65%",0.3,40.7,NA,NA,NA,NA,NA,NA,NA,NA,NA,NA,NA,NA,NA,NA,NA,NA,NA
"Kenyon Sadiq","TE","NYJ",NA,NA,NA,NA,NA,NA,NA,NA,0,0,NA,0,0,5.77,NA,"20037","FleaFlicker","17543","FleaFlicker","TE",3.7,3.7,39.9,NA,NA,0.3,NA,NA,NA,NA,NA,NA,NA,NA,NA,NA,NA,NA,NA,NA,NA,NA,NA,NA,NA,NA,NA,NA,NA,NA,NA,NA,NA,NA,NA,NA,NA,NA,3,"CLESun 1:00 PM","TE17",NA,"65%",0.3,39.9,NA,NA,NA,NA,NA,NA,NA,NA,NA,NA,NA,NA,NA,NA,NA,NA,NA
"T.J. Hockenson","TE","MIN",NA,NA,NA,NA,NA,NA,NA,NA,0,0,NA,0,0,5.39,NA,"14677","FleaFlicker","14138","FleaFlicker","TE",4.3,4.3,37.3,NA,NA,0.3,NA,NA,NA,NA,NA,NA,NA,NA,NA,NA,NA,NA,NA,NA,NA,NA,NA,NA,NA,NA,NA,NA,NA,NA,NA,NA,NA,NA,NA,NA,NA,NA,6,"@NOSun 1:00 PM","TE22",NA,"62%",0.3,37.3,NA,NA,NA,NA,NA,NA,NA,NA,NA,NA,NA,NA,NA,NA,NA,NA,NA
"Mark Andrews","TE","BAL",NA,NA,NA,NA,NA,NA,NA,NA,0,0,NA,0,0,5.37,NA,"13829","FleaFlicker","13671","FleaFlicker","TE",4,4,35.3,NA,NA,0.3,NA,NA,NA,NA,NA,NA,NA,NA,NA,NA,NA,NA,NA,NA,NA,NA,NA,NA,NA,NA,NA,NA,NA,NA,NA,NA,NA,NA,NA,NA,NA,NA,3,"@ATLSun 8:20 PM","TE13",NA,"86%",0.3,35.3,NA,NA,NA,NA,NA,NA,NA,NA,NA,NA,NA,NA,NA,NA,NA,NA,NA
"Pat Freiermuth","TE","PIT",NA,NA,NA,NA,NA,NA,NA,NA,0,0,NA,0,0,5.19,NA,"16293","FleaFlicker","15331","FleaFlicker","TE",3.1,3.1,33.5,NA,NA,0.3,NA,NA,NA,NA,NA,NA,NA,NA,NA,NA,NA,NA,NA,NA,NA,NA,NA,NA,NA,NA,NA,NA,NA,NA,NA,NA,NA,NA,NA,NA,NA,NA,9,"INDSun 1:00 PM","TE29",NA,"44%",0.3,33.5,NA,NA,NA,NA,NA,NA,NA,NA,NA,NA,NA,NA,NA,NA,NA,NA,NA
"Jake Ferguson","TE","DAL",NA,NA,NA,NA,NA,NA,NA,NA,0,0,NA,0,0.1,5.16,NA,"16933","FleaFlicker","15799","FleaFlicker","TE",3.5,3.5,28.8,NA,NA,0.4,NA,NA,NA,NA,NA,NA,NA,NA,NA,NA,NA,NA,NA,NA,NA,NA,NA,NA,NA,NA,NA,NA,NA,NA,NA,NA,NA,NA,NA,NA,NA,NA,4,"TBThu 8:15 PM","TE18",NA,"83%",0.4,28.8,NA,NA,NA,NA,NA,NA,NA,NA,NA,NA,NA,NA,NA,NA,NA,NA,NA
"Cade Otton","TE","TB",NA,NA,NA,NA,NA,NA,NA,NA,0,0,NA,0,0,5.06,NA,"16937","FleaFlicker","15802","FleaFlicker","TE",3.7,3.7,39.4,NA,NA,0.2,NA,NA,NA,NA,NA,NA,NA,NA,NA,NA,NA,NA,NA,NA,NA,NA,NA,NA,NA,NA,NA,NA,NA,NA,NA,NA,NA,NA,NA,NA,NA,NA,0,"@DALThu 8:15 PM","TE30",NA,"32%",0.2,39.4,NA,NA,NA,NA,NA,NA,NA,NA,NA,NA,NA,NA,NA,NA,NA,NA,NA
"Dalton Schultz","TE","HOU",NA,NA,NA,NA,NA,NA,NA,NA,0,0,NA,0,0,5.04,NA,"13853","FleaFlicker","13772","FleaFlicker","TE",4,4,38.6,NA,NA,0.2,NA,NA,NA,NA,NA,NA,NA,NA,NA,NA,NA,NA,NA,NA,NA,NA,NA,NA,NA,NA,NA,NA,NA,NA,NA,NA,NA,NA,NA,NA,NA,NA,8,"@TENSun 1:00 PM","TE21",NA,"67%",0.2,38.6,NA,NA,NA,NA,NA,NA,NA,NA,NA,NA,NA,NA,NA,NA,NA,NA,NA
"Mike Gesicki","TE","CIN",NA,NA,NA,NA,NA,NA,NA,NA,0,0,NA,0,0,4.98,NA,"13845","FleaFlicker","13672","FleaFlicker","TE",2.9,2.9,32.6,NA,NA,0.3,NA,NA,NA,NA,NA,NA,NA,NA,NA,NA,NA,NA,NA,NA,NA,NA,NA,NA,NA,NA,NA,NA,NA,NA,NA,NA,NA,NA,NA,NA,NA,NA,6,"@MIASun 1:00 PM","TE28",NA,"51%",0.3,32.6,NA,NA,NA,NA,NA,NA,NA,NA,NA,NA,NA,NA,NA,NA,NA,NA,NA
"Kyle Pitts","TE","ATL",NA,NA,NA,NA,NA,NA,NA,NA,0,0,NA,0,0,4.95,NA,"16256","FleaFlicker","15329","FleaFlicker","TE",3,3,34.7,NA,NA,0.2,NA,NA,NA,NA,NA,NA,NA,NA,NA,NA,NA,NA,NA,NA,NA,NA,NA,NA,NA,NA,NA,NA,NA,NA,NA,NA,NA,NA,NA,NA,NA,NA,1,"BALSun 8:20 PM","TE15",NA,"83%",0.2,34.7,NA,NA,NA,NA,NA,NA,NA,NA,NA,NA,NA,NA,NA,NA,NA,NA,NA
"AJ Barner","TE","SEA",NA,NA,NA,NA,NA,NA,NA,NA,0,0,NA,0,0,4.59,NA,"18484","FleaFlicker","16723","FleaFlicker","TE",3.1,3.1,31.1,NA,NA,0.2,NA,NA,NA,NA,NA,NA,NA,NA,NA,NA,NA,NA,NA,NA,NA,NA,NA,NA,NA,NA,NA,NA,NA,NA,NA,NA,NA,NA,NA,NA,NA,NA,1,"SFSun 4:25 PM","TE25",NA,"41%",0.2,31.1,NA,NA,NA,NA,NA,NA,NA,NA,NA,NA,NA,NA,NA,NA,NA,NA,NA
"Tyler Higbee","TE","LAR",NA,NA,NA,NA,NA,NA,NA,NA,0,0,NA,0,0,4.37,NA,"12140","FleaFlicker","12678","FleaFlicker","TE",2.7,2.7,28.1,NA,NA,0.3,NA,NA,NA,NA,NA,NA,NA,NA,NA,NA,NA,NA,NA,NA,NA,NA,NA,NA,NA,NA,NA,NA,NA,NA,NA,NA,NA,NA,NA,NA,NA,NA,1,"BUFMon 8:15 PM","TE36",NA,"24%",0.3,28.1,NA,NA,NA,NA,NA,NA,NA,NA,NA,NA,NA,NA,NA,NA,NA,NA,NA
"Oronde Gadsden","TE","LAC",NA,NA,NA,NA,NA,NA,NA,NA,0,0,NA,0,0,4.3,NA,"19404","FleaFlicker","17099","FleaFlicker","TE",2.6,2.6,31.1,NA,NA,0.2,NA,NA,NA,NA,NA,NA,NA,NA,NA,NA,NA,NA,NA,NA,NA,NA,NA,NA,NA,NA,NA,NA,NA,NA,NA,NA,NA,NA,NA,NA,NA,NA,7,"DENSun 4:05 PM","TE23",NA,"48%",0.2,31.1,NA,NA,NA,NA,NA,NA,NA,NA,NA,NA,NA,NA,NA,NA,NA,NA,NA
"Michael Mayer","TE","LV",NA,NA,NA,NA,NA,NA,NA,NA,0,0,NA,0,0,4.03,NA,"17634","FleaFlicker","16212","FleaFlicker","TE",3.5,3.5,29.7,NA,NA,0.2,NA,NA,NA,NA,NA,NA,NA,NA,NA,NA,NA,NA,NA,NA,NA,NA,NA,NA,NA,NA,NA,NA,NA,NA,NA,NA,NA,NA,NA,NA,NA,NA,3,"@NESun 1:00 PM","TE35",NA,"33%",0.2,29.7,NA,NA,NA,NA,NA,NA,NA,NA,NA,NA,NA,NA,NA,NA,NA,NA,NA
"Greg Dulcich","TE","MIA",NA,NA,NA,NA,NA,NA,NA,NA,0,0,NA,0,0,3.9,NA,"16853","FleaFlicker","15797","FleaFlicker","TE",2.6,2.6,30.6,NA,NA,0.1,NA,NA,NA,NA,NA,NA,NA,NA,NA,NA,NA,NA,NA,NA,NA,NA,NA,NA,NA,NA,NA,NA,NA,NA,NA,NA,NA,NA,NA,NA,NA,NA,6,"CINSun 1:00 PM","TE27",NA,"23%",0.1,30.6,NA,NA,NA,NA,NA,NA,NA,NA,NA,NA,NA,NA,NA,NA,NA,NA,NA
"Darnell Washington","TE","PIT",NA,NA,NA,NA,NA,NA,NA,NA,0,0,NA,0,0,3.72,NA,"17639","FleaFlicker","16216","FleaFlicker","TE",2.3,2.3,26,NA,NA,0.2,NA,NA,NA,NA,NA,NA,NA,NA,NA,NA,NA,NA,NA,NA,NA,NA,NA,NA,NA,NA,NA,NA,NA,NA,NA,NA,NA,NA,NA,NA,NA,NA,9,"INDSun 1:00 PM","TE40",NA,"15%",0.2,26,NA,NA,NA,NA,NA,NA,NA,NA,NA,NA,NA,NA,NA,NA,NA,NA,NA
"Colby Parkinson","TE","LAR",NA,NA,NA,NA,NA,NA,NA,NA,0,0,NA,0,0,3.63,NA,"15679","FleaFlicker","14871","FleaFlicker","TE",2.1,2.1,21.5,NA,NA,0.2,NA,NA,NA,NA,NA,NA,NA,NA,NA,NA,NA,NA,NA,NA,NA,NA,NA,NA,NA,NA,NA,NA,NA,NA,NA,NA,NA,NA,NA,NA,NA,NA,1,"BUFMon 8:15 PM","TE34",NA,"18%",0.2,21.5,NA,NA,NA,NA,NA,NA,NA,NA,NA,NA,NA,NA,NA,NA,NA,NA,NA
"Chig Okonkwo","TE","WAS",NA,NA,NA,NA,NA,NA,NA,NA,0,0,NA,0,0,3.59,NA,"16912","FleaFlicker","15889","FleaFlicker","TE",2.6,2.6,24.7,NA,NA,0.2,NA,NA,NA,NA,NA,NA,NA,NA,NA,NA,NA,NA,NA,NA,NA,NA,NA,NA,NA,NA,NA,NA,NA,NA,NA,NA,NA,NA,NA,NA,NA,NA,7,"NYGSun 1:00 PM","TE26",NA,"39%",0.2,24.7,NA,NA,NA,NA,NA,NA,NA,NA,NA,NA,NA,NA,NA,NA,NA,NA,NA
"Evan Engram","TE","DEN",NA,NA,NA,NA,NA,NA,NA,NA,0,0,NA,0,0,3.03,NA,"12906","FleaFlicker","13189","FleaFlicker","TE",2.4,2.4,22.7,NA,NA,0.1,NA,NA,NA,NA,NA,NA,NA,NA,NA,NA,NA,NA,NA,NA,NA,NA,NA,NA,NA,NA,NA,NA,NA,NA,NA,NA,NA,NA,NA,NA,NA,NA,0,"@LACSun 4:05 PM","TE32",NA,"29%",0.1,22.7,NA,NA,NA,NA,NA,NA,NA,NA,NA,NA,NA,NA,NA,NA,NA,NA,NA
"Zach Ertz","TE","PHI",NA,NA,NA,NA,NA,NA,NA,NA,0,0,NA,0,0,2.99,NA,"9376","FleaFlicker","11247","FleaFlicker","TE",2.4,2.4,22.9,NA,NA,0.1,NA,NA,NA,NA,NA,NA,NA,NA,NA,NA,NA,NA,NA,NA,NA,NA,NA,NA,NA,NA,NA,NA,NA,NA,NA,NA,NA,NA,NA,NA,NA,NA,0,"@JACSun 9:30 AM","TE52",NA,"15%",0.1,22.9,NA,NA,NA,NA,NA,NA,NA,NA,NA,NA,NA,NA,NA,NA,NA,NA,NA
"Gunnar Helm","TE","TEN",NA,NA,NA,NA,NA,NA,NA,NA,0,0,NA,0,0,2.86,NA,"19348","FleaFlicker","17105","FleaFlicker","TE",2.5,2.5,21.6,NA,NA,0.1,NA,NA,NA,NA,NA,NA,NA,NA,NA,NA,NA,NA,NA,NA,NA,NA,NA,NA,NA,NA,NA,NA,NA,NA,NA,NA,NA,NA,NA,NA,NA,NA,9,"HOUSun 1:00 PM","TE31",NA,"26%",0.1,21.6,NA,NA,NA,NA,NA,NA,NA,NA,NA,NA,NA,NA,NA,NA,NA,NA,NA
"Noah Fant","TE","NO",NA,NA,NA,NA,NA,NA,NA,NA,0,0,NA,0,0,2.82,NA,"14665","FleaFlicker","14137","FleaFlicker","TE",2,2,18.6,NA,NA,0.2,NA,NA,NA,NA,NA,NA,NA,NA,NA,NA,NA,NA,NA,NA,NA,NA,NA,NA,NA,NA,NA,NA,NA,NA,NA,NA,NA,NA,NA,NA,NA,NA,8,"MINSun 1:00 PM","TE42",NA,"22%",0.2,18.6,NA,NA,NA,NA,NA,NA,NA,NA,NA,NA,NA,NA,NA,NA,NA,NA,NA
"Mason Taylor","TE","NYJ",NA,NA,NA,NA,NA,NA,NA,NA,0,0,NA,0,0,2.39,NA,"19270","FleaFlicker","17106","FleaFlicker","TE",2,2,16.3,NA,NA,0.1,NA,NA,NA,NA,NA,NA,NA,NA,NA,NA,NA,NA,NA,NA,NA,NA,NA,NA,NA,NA,NA,NA,NA,NA,NA,NA,NA,NA,NA,NA,NA,NA,3,"CLESun 1:00 PM","TE41",NA,"22%",0.1,16.3,NA,NA,NA,NA,NA,NA,NA,NA,NA,NA,NA,NA,NA,NA,NA,NA,NA
"Eli Raridon","TE","NE",NA,NA,NA,NA,NA,NA,NA,NA,0,0,NA,0,0,2.32,NA,"20071","FleaFlicker","17607","FleaFlicker","TE",1.4,1.4,15.4,NA,NA,0.1,NA,NA,NA,NA,NA,NA,NA,NA,NA,NA,NA,NA,NA,NA,NA,NA,NA,NA,NA,NA,NA,NA,NA,NA,NA,NA,NA,NA,NA,NA,NA,NA,1,"LVSun 1:00 PM","TE39",NA,"24%",0.1,15.4,NA,NA,NA,NA,NA,NA,NA,NA,NA,NA,NA,NA,NA,NA,NA,NA,NA
"Theo Johnson","TE","NYG",NA,NA,NA,NA,NA,NA,NA,NA,0,0,NA,0,0,2.26,NA,"18475","FleaFlicker","16649","FleaFlicker","TE",1.2,1.2,16,NA,NA,0.1,NA,NA,NA,NA,NA,NA,NA,NA,NA,NA,NA,NA,NA,NA,NA,NA,NA,NA,NA,NA,NA,NA,NA,NA,NA,NA,NA,NA,NA,NA,NA,NA,8,"@WASSun 1:00 PM","TE38",NA,"18%",0.1,16,NA,NA,NA,NA,NA,NA,NA,NA,NA,NA,NA,NA,NA,NA,NA,NA,NA
"Dawson Knox","TE","BUF",NA,NA,NA,NA,NA,NA,NA,NA,0,0,NA,0,0,2.05,NA,"14734","FleaFlicker","14143","FleaFlicker","TE",1.3,1.3,12.9,NA,NA,0.1,NA,NA,NA,NA,NA,NA,NA,NA,NA,NA,NA,NA,NA,NA,NA,NA,NA,NA,NA,NA,NA,NA,NA,NA,NA,NA,NA,NA,NA,NA,NA,NA,7,"@LARMon 8:15 PM","TE47",NA,"14%",0.1,12.9,NA,NA,NA,NA,NA,NA,NA,NA,NA,NA,NA,NA,NA,NA,NA,NA,NA
"Cole Kmet","TE","CHI",NA,NA,NA,NA,NA,NA,NA,NA,0,0,NA,0,0,2,NA,"15573","FleaFlicker","14867","FleaFlicker","TE",1.4,1.4,13,NA,NA,0.1,NA,NA,NA,NA,NA,NA,NA,NA,NA,NA,NA,NA,NA,NA,NA,NA,NA,NA,NA,NA,NA,NA,NA,NA,NA,NA,NA,NA,NA,NA,NA,NA,0,"@GBSun 1:00 PM","TE44",NA,"18%",0.1,13,NA,NA,NA,NA,NA,NA,NA,NA,NA,NA,NA,NA,NA,NA,NA,NA,NA
"Austin Hooper","TE","ATL",NA,NA,NA,NA,NA,NA,NA,NA,0,0,NA,0,0,1.99,NA,"12069","FleaFlicker","12677","FleaFlicker","TE",1.2,1.2,12.7,NA,NA,0.1,NA,NA,NA,NA,NA,NA,NA,NA,NA,NA,NA,NA,NA,NA,NA,NA,NA,NA,NA,NA,NA,NA,NA,NA,NA,NA,NA,NA,NA,NA,NA,NA,1,"BALSun 8:20 PM",NA,NA,"5%",0.1,12.7,NA,NA,NA,NA,NA,NA,NA,NA,NA,NA,NA,NA,NA,NA,NA,NA,NA
"Matt Hibner","TE","BAL",NA,NA,NA,NA,NA,NA,NA,NA,0,0,NA,0,0,1.92,NA,"20159","FleaFlicker","17627","FleaFlicker","TE",1.3,1.3,13.2,NA,NA,0.1,NA,NA,NA,NA,NA,NA,NA,NA,NA,NA,NA,NA,NA,NA,NA,NA,NA,NA,NA,NA,NA,NA,NA,NA,NA,NA,NA,NA,NA,NA,NA,NA,3,"@ATLSun 8:20 PM","TE51",NA,"11%",0.1,13.2,NA,NA,NA,NA,NA,NA,NA,NA,NA,NA,NA,NA,NA,NA,NA,NA,NA
"Elijah Higgins","TE","ARI",NA,NA,NA,NA,NA,NA,NA,NA,0,0,NA,0,0,1.81,NA,"17726","FleaFlicker","16333","FleaFlicker","TE",1.3,1.3,12.1,NA,NA,0.1,NA,NA,NA,NA,NA,NA,NA,NA,NA,NA,NA,NA,NA,NA,NA,NA,NA,NA,NA,NA,NA,NA,NA,NA,NA,NA,NA,NA,NA,NA,NA,NA,4,"DETSun 4:25 PM",NA,NA,"3%",0.1,12.1,NA,NA,NA,NA,NA,NA,NA,NA,NA,NA,NA,NA,NA,NA,NA,NA,NA
"Foster Moreau","TE","HOU",NA,NA,NA,NA,NA,NA,NA,NA,0,0,NA,0,0,1.81,NA,"14781","FleaFlicker","14239","FleaFlicker","TE",1.2,1.2,11.5,NA,NA,0.1,NA,NA,NA,NA,NA,NA,NA,NA,NA,NA,NA,NA,NA,NA,NA,NA,NA,NA,NA,NA,NA,NA,NA,NA,NA,NA,NA,NA,NA,NA,NA,NA,8,"@TENSun 1:00 PM",NA,NA,"3%",0.1,11.5,NA,NA,NA,NA,NA,NA,NA,NA,NA,NA,NA,NA,NA,NA,NA,NA,NA
"Jonnu Smith","TE","GB",NA,NA,NA,NA,NA,NA,NA,NA,0,0,NA,0,0,1.79,NA,"12974","FleaFlicker","13193","FleaFlicker","TE",1.3,1.3,13.1,NA,NA,0.1,NA,NA,NA,NA,NA,NA,NA,NA,NA,NA,NA,NA,NA,NA,NA,NA,NA,NA,NA,NA,NA,NA,NA,NA,NA,NA,NA,NA,NA,NA,NA,NA,1,"CHISun 1:00 PM","TE50",NA,"10%",0.1,13.1,NA,NA,NA,NA,NA,NA,NA,NA,NA,NA,NA,NA,NA,NA,NA,NA,NA
"Jeremy Ruckert","TE","NYJ",NA,NA,NA,NA,NA,NA,NA,NA,0,0,NA,0,0,1.72,NA,"16833","FleaFlicker","15796","FleaFlicker","TE",1.3,1.3,10.6,NA,NA,0.1,NA,NA,NA,NA,NA,NA,NA,NA,NA,NA,NA,NA,NA,NA,NA,NA,NA,NA,NA,NA,NA,NA,NA,NA,NA,NA,NA,NA,NA,NA,NA,NA,3,"CLESun 1:00 PM",NA,NA,"3%",0.1,10.6,NA,NA,NA,NA,NA,NA,NA,NA,NA,NA,NA,NA,NA,NA,NA,NA,NA
"Daniel Bellinger","TE","TEN",NA,NA,NA,NA,NA,NA,NA,NA,0,0,NA,0,0,1.62,NA,"16932","FleaFlicker","15873","FleaFlicker","TE",1.2,1.2,12,NA,NA,0.1,NA,NA,NA,NA,NA,NA,NA,NA,NA,NA,NA,NA,NA,NA,NA,NA,NA,NA,NA,NA,NA,NA,NA,NA,NA,NA,NA,NA,NA,NA,NA,NA,9,"HOUSun 1:00 PM","TE62",NA,"4%",0.1,12,NA,NA,NA,NA,NA,NA,NA,NA,NA,NA,NA,NA,NA,NA,NA,NA,NA
"Johnny Mundt","TE","PHI",NA,NA,NA,NA,NA,NA,NA,NA,0,0,NA,0,0,1.5,NA,"13239","FleaFlicker","13940","FleaFlicker","TE",1.3,1.3,11.4,NA,NA,0.1,NA,NA,NA,NA,NA,NA,NA,NA,NA,NA,NA,NA,NA,NA,NA,NA,NA,NA,NA,NA,NA,NA,NA,NA,NA,NA,NA,NA,NA,NA,NA,NA,0,"@JACSun 9:30 AM",NA,NA,"1%",0.1,11.4,NA,NA,NA,NA,NA,NA,NA,NA,NA,NA,NA,NA,NA,NA,NA,NA,NA
"Brock Wright","TE","DET",NA,NA,NA,NA,NA,NA,NA,NA,0,0,NA,0,0,1.5,NA,"16572","FleaFlicker","15626","FleaFlicker","TE",1.1,1.1,9.6,NA,NA,0.1,NA,NA,NA,NA,NA,NA,NA,NA,NA,NA,NA,NA,NA,NA,NA,NA,NA,NA,NA,NA,NA,NA,NA,NA,NA,NA,NA,NA,NA,NA,NA,NA,6,"@ARISun 4:25 PM",NA,NA,"2%",0.1,9.6,NA,NA,NA,NA,NA,NA,NA,NA,NA,NA,NA,NA,NA,NA,NA,NA,NA
"Charlie Kolar","TE","LAC",NA,NA,NA,NA,NA,NA,NA,NA,0,0,NA,0,0,1.45,NA,"16923","FleaFlicker","15795","FleaFlicker","TE",1.1,1.1,11.1,NA,NA,0.1,NA,NA,NA,NA,NA,NA,NA,NA,NA,NA,NA,NA,NA,NA,NA,NA,NA,NA,NA,NA,NA,NA,NA,NA,NA,NA,NA,NA,NA,NA,NA,NA,7,"DENSun 4:05 PM","TE33",NA,"5%",0.1,11.1,NA,NA,NA,NA,NA,NA,NA,NA,NA,NA,NA,NA,NA,NA,NA,NA,NA
"Drew Sample","TE","CIN",NA,NA,NA,NA,NA,NA,NA,NA,0,0,NA,0,0,1.43,NA,"14714","FleaFlicker","14146","FleaFlicker","TE",1.1,1.1,8.9,NA,NA,0.1,NA,NA,NA,NA,NA,NA,NA,NA,NA,NA,NA,NA,NA,NA,NA,NA,NA,NA,NA,NA,NA,NA,NA,NA,NA,NA,NA,NA,NA,NA,NA,NA,6,"@MIASun 1:00 PM",NA,NA,"1%",0.1,8.9,NA,NA,NA,NA,NA,NA,NA,NA,NA,NA,NA,NA,NA,NA,NA,NA,NA
"Nate Adkins","TE","DEN",NA,NA,NA,NA,NA,NA,NA,NA,0,0,NA,0,0,1.43,NA,"18244","FleaFlicker","16474","FleaFlicker","TE",0.8,0.8,7.1,NA,NA,0.1,NA,NA,NA,NA,NA,NA,NA,NA,NA,NA,NA,NA,NA,NA,NA,NA,NA,NA,NA,NA,NA,NA,NA,NA,NA,NA,NA,NA,NA,NA,NA,NA,0,"@LACSun 4:05 PM",NA,NA,"3%",0.1,7.1,NA,NA,NA,NA,NA,NA,NA,NA,NA,NA,NA,NA,NA,NA,NA,NA,NA
"Tanner Hudson","TE","CIN",NA,NA,NA,NA,NA,NA,NA,NA,0,0,NA,0,0,1.43,NA,"14275","FleaFlicker","14370","FleaFlicker","TE",1.1,1.1,10.1,NA,NA,0.1,NA,NA,NA,NA,NA,NA,NA,NA,NA,NA,NA,NA,NA,NA,NA,NA,NA,NA,NA,NA,NA,NA,NA,NA,NA,NA,NA,NA,NA,NA,NA,NA,6,"@MIASun 1:00 PM",NA,NA,"1%",0.1,10.1,NA,NA,NA,NA,NA,NA,NA,NA,NA,NA,NA,NA,NA,NA,NA,NA,NA
"Erick All","TE","CIN",NA,NA,NA,NA,NA,NA,NA,NA,0,0,NA,0,0,1.38,NA,"18474","FleaFlicker","16645","FleaFlicker","TE",1,1,9,NA,NA,0.1,NA,NA,NA,NA,NA,NA,NA,NA,NA,NA,NA,NA,NA,NA,NA,NA,NA,NA,NA,NA,NA,NA,NA,NA,NA,NA,NA,NA,NA,NA,NA,NA,6,"@MIASun 1:00 PM","TE45",NA,"6%",0.1,9,NA,NA,NA,NA,NA,NA,NA,NA,NA,NA,NA,NA,NA,NA,NA,NA,NA
"Davis Allen","TE","LAR",NA,NA,NA,NA,NA,NA,NA,NA,0,0,NA,0,0,1.35,NA,"17778","FleaFlicker","16219","FleaFlicker","TE",0.9,0.9,8.7,NA,NA,0.1,NA,NA,NA,NA,NA,NA,NA,NA,NA,NA,NA,NA,NA,NA,NA,NA,NA,NA,NA,NA,NA,NA,NA,NA,NA,NA,NA,NA,NA,NA,NA,NA,1,"BUFMon 8:15 PM",NA,NA,"2%",0.1,8.7,NA,NA,NA,NA,NA,NA,NA,NA,NA,NA,NA,NA,NA,NA,NA,NA,NA
"Adam Trautman","TE","DEN",NA,NA,NA,NA,NA,NA,NA,NA,0,0,NA,0,0,1.3,NA,"15575","FleaFlicker","14870","FleaFlicker","TE",0.9,0.9,9.4,NA,NA,0.1,NA,NA,NA,NA,NA,NA,NA,NA,NA,NA,NA,NA,NA,NA,NA,NA,NA,NA,NA,NA,NA,NA,NA,NA,NA,NA,NA,NA,NA,NA,NA,NA,0,"@LACSun 4:05 PM",NA,NA,"2%",0.1,9.4,NA,NA,NA,NA,NA,NA,NA,NA,NA,NA,NA,NA,NA,NA,NA,NA,NA
"Will Kacmarek","TE","MIA",NA,NA,NA,NA,NA,NA,NA,NA,0,0,NA,0,0,1.3,NA,"20073","FleaFlicker","17605","FleaFlicker","TE",0.9,0.9,10,NA,NA,0.1,NA,NA,NA,NA,NA,NA,NA,NA,NA,NA,NA,NA,NA,NA,NA,NA,NA,NA,NA,NA,NA,NA,NA,NA,NA,NA,NA,NA,NA,NA,NA,NA,6,"CINSun 1:00 PM",NA,NA,"9%",0.1,10,NA,NA,NA,NA,NA,NA,NA,NA,NA,NA,NA,NA,NA,NA,NA,NA,NA
"PUPLuke Musgrave","TE","GB",NA,NA,NA,NA,NA,NA,NA,NA,0,0,NA,0,0,1.29,NA,"17676","FleaFlicker","16215","FleaFlicker","TE",0.9,0.9,9.9,NA,NA,0.1,NA,NA,NA,NA,NA,NA,NA,NA,NA,NA,NA,NA,NA,NA,NA,NA,NA,NA,NA,NA,NA,NA,NA,NA,NA,NA,NA,NA,NA,NA,NA,NA,1,"CHISun 1:00 PM",NA,NA,"9%",0.1,9.9,NA,NA,NA,NA,NA,NA,NA,NA,NA,NA,NA,NA,NA,NA,NA,NA,NA
"Nate Boerkircher","TE","JAC",NA,NA,NA,NA,NA,NA,NA,NA,0,0,NA,0,0,1.24,NA,"20082","FleaFlicker","17591","FleaFlicker","TE",0.8,0.8,8.8,NA,NA,0.1,NA,NA,NA,NA,NA,NA,NA,NA,NA,NA,NA,NA,NA,NA,NA,NA,NA,NA,NA,NA,NA,NA,NA,NA,NA,NA,NA,NA,NA,NA,NA,NA,7,"PHISun 9:30 AM","TE58",NA,"6%",0.1,8.8,NA,NA,NA,NA,NA,NA,NA,NA,NA,NA,NA,NA,NA,NA,NA,NA,NA
"Connor Heyward","TE","LV",NA,NA,NA,NA,NA,NA,NA,NA,0,0,NA,0,0,1.22,NA,"16971","FleaFlicker","15800","FleaFlicker","TE",0.9,0.9,6.2,NA,NA,0.1,NA,NA,NA,NA,NA,NA,NA,NA,NA,NA,NA,NA,NA,NA,NA,NA,NA,NA,NA,NA,NA,NA,NA,NA,NA,NA,NA,NA,NA,NA,NA,NA,3,"@NESun 1:00 PM",NA,NA,"1%",0.1,6.2,NA,NA,NA,NA,NA,NA,NA,NA,NA,NA,NA,NA,NA,NA,NA,NA,NA
"Blake Whiteheart","TE","CLE",NA,NA,NA,NA,NA,NA,NA,NA,0,0,NA,0,0,1.19,NA,"17981","FleaFlicker","16940","FleaFlicker","TE",0.7,0.7,6.5,NA,NA,0.1,NA,NA,NA,NA,NA,NA,NA,NA,NA,NA,NA,NA,NA,NA,NA,NA,NA,NA,NA,NA,NA,NA,NA,NA,NA,NA,NA,NA,NA,NA,NA,NA,1,"@NYJSun 1:00 PM",NA,NA,"1%",0.1,6.5,NA,NA,NA,NA,NA,NA,NA,NA,NA,NA,NA,NA,NA,NA,NA,NA,NA
"John Bates","TE","WAS",NA,NA,NA,NA,NA,NA,NA,NA,0,0,NA,0,0,1.16,NA,"16360","FleaFlicker","15344","FleaFlicker","TE",0.8,0.8,7.4,NA,NA,0.1,NA,NA,NA,NA,NA,NA,NA,NA,NA,NA,NA,NA,NA,NA,NA,NA,NA,NA,NA,NA,NA,NA,NA,NA,NA,NA,NA,NA,NA,NA,NA,NA,7,"NYGSun 1:00 PM",NA,NA,"1%",0.1,7.4,NA,NA,NA,NA,NA,NA,NA,NA,NA,NA,NA,NA,NA,NA,NA,NA,NA
"Brayden Willis","TE","SF",NA,NA,NA,NA,NA,NA,NA,NA,0,0,NA,0,0,1.08,NA,"17835","FleaFlicker","16367","FleaFlicker","TE",0.8,0.8,8.4,NA,NA,0,NA,NA,NA,NA,NA,NA,NA,NA,NA,NA,NA,NA,NA,NA,NA,NA,NA,NA,NA,NA,NA,NA,NA,NA,NA,NA,NA,NA,NA,NA,NA,NA,8,"@SEASun 4:25 PM",NA,NA,"0%",0,8.4,NA,NA,NA,NA,NA,NA,NA,NA,NA,NA,NA,NA,NA,NA,NA,NA,NA
"Elijah Arroyo","TE","SEA",NA,NA,NA,NA,NA,NA,NA,NA,0,0,NA,0,0,1.05,NA,"19326","FleaFlicker","17108","FleaFlicker","TE",0.7,0.7,7.5,NA,NA,0.1,NA,NA,NA,NA,NA,NA,NA,NA,NA,NA,NA,NA,NA,NA,NA,NA,NA,NA,NA,NA,NA,NA,NA,NA,NA,NA,NA,NA,NA,NA,NA,NA,1,"SFSun 4:25 PM","TE46",NA,"17%",0.1,7.5,NA,NA,NA,NA,NA,NA,NA,NA,NA,NA,NA,NA,NA,NA,NA,NA,NA
"Nick Vannett","TE","BAL",NA,NA,NA,NA,NA,NA,NA,NA,0,0,NA,0,0,1.04,NA,"12056","FleaFlicker","12680","FleaFlicker","TE",0.5,0.5,4.4,NA,NA,0.1,NA,NA,NA,NA,NA,NA,NA,NA,NA,NA,NA,NA,NA,NA,NA,NA,NA,NA,NA,NA,NA,NA,NA,NA,NA,NA,NA,NA,NA,NA,NA,NA,3,"@ATLSun 8:20 PM",NA,NA,"0%",0.1,4.4,NA,NA,NA,NA,NA,NA,NA,NA,NA,NA,NA,NA,NA,NA,NA,NA,NA
"Brevyn Spann-Ford","TE","DAL",NA,NA,NA,NA,NA,NA,NA,NA,0,0,NA,0,0,1.01,NA,"18874","FleaFlicker","16647","FleaFlicker","TE",0.7,0.7,7.1,NA,NA,0.1,NA,NA,NA,NA,NA,NA,NA,NA,NA,NA,NA,NA,NA,NA,NA,NA,NA,NA,NA,NA,NA,NA,NA,NA,NA,NA,NA,NA,NA,NA,NA,NA,4,"TBThu 8:15 PM",NA,NA,"1%",0.1,7.1,NA,NA,NA,NA,NA,NA,NA,NA,NA,NA,NA,NA,NA,NA,NA,NA,NA
"Josiah Deguara","TE","PHI",NA,NA,NA,NA,NA,NA,NA,NA,0,0,NA,0,0,0.96,NA,"15567","FleaFlicker","14876","FleaFlicker","TE",0.5,0.5,3.6,NA,NA,0.1,NA,NA,NA,NA,NA,NA,NA,NA,NA,NA,NA,NA,NA,NA,NA,NA,NA,NA,NA,NA,NA,NA,NA,NA,NA,NA,NA,NA,NA,NA,NA,NA,0,"@JACSun 9:30 AM",NA,NA,"0%",0.1,3.6,NA,NA,NA,NA,NA,NA,NA,NA,NA,NA,NA,NA,NA,NA,NA,NA,NA
"Sam Roush","TE","CHI",NA,NA,NA,NA,NA,NA,NA,NA,0,0,NA,0,0,0.94,NA,"20130","FleaFlicker","17549","FleaFlicker","TE",0.8,0.8,7.6,NA,NA,0,NA,NA,NA,NA,NA,NA,NA,NA,NA,NA,NA,NA,NA,NA,NA,NA,NA,NA,NA,NA,NA,NA,NA,NA,NA,NA,NA,NA,NA,NA,NA,NA,0,"@GBSun 1:00 PM","TE61",NA,"5%",0,7.6,NA,NA,NA,NA,NA,NA,NA,NA,NA,NA,NA,NA,NA,NA,NA,NA,NA
"Gavin Bartholomew","TE","MIN",NA,NA,NA,NA,NA,NA,NA,NA,0,0,NA,0,0,0.9,NA,"19453","FleaFlicker","17231","FleaFlicker","TE",0.6,0.6,5.4,NA,NA,0.1,NA,NA,NA,NA,NA,NA,NA,NA,NA,NA,NA,NA,NA,NA,NA,NA,NA,NA,NA,NA,NA,NA,NA,NA,NA,NA,NA,NA,NA,NA,NA,NA,6,"@NOSun 1:00 PM",NA,NA,"0%",0.1,5.4,NA,NA,NA,NA,NA,NA,NA,NA,NA,NA,NA,NA,NA,NA,NA,NA,NA
"Luke Farrell","TE","SF",NA,NA,NA,NA,NA,NA,NA,NA,0,0,NA,0,0,0.89,NA,"16417","FleaFlicker","15335","FleaFlicker","TE",0.8,0.8,7.1,NA,NA,0,NA,NA,NA,NA,NA,NA,NA,NA,NA,NA,NA,NA,NA,NA,NA,NA,NA,NA,NA,NA,NA,NA,NA,NA,NA,NA,NA,NA,NA,NA,NA,NA,8,"@SEASun 4:25 PM",NA,NA,"1%",0,7.1,NA,NA,NA,NA,NA,NA,NA,NA,NA,NA,NA,NA,NA,NA,NA,NA,NA
"Eric Saubert","TE","SEA",NA,NA,NA,NA,NA,NA,NA,NA,0,0,NA,0,0,0.88,NA,"13110","FleaFlicker","13315","FleaFlicker","TE",0.5,0.5,4.6,NA,NA,0.1,NA,NA,NA,NA,NA,NA,NA,NA,NA,NA,NA,NA,NA,NA,NA,NA,NA,NA,NA,NA,NA,NA,NA,NA,NA,NA,NA,NA,NA,NA,NA,NA,1,"SFSun 4:25 PM",NA,NA,"0%",0.1,4.6,NA,NA,NA,NA,NA,NA,NA,NA,NA,NA,NA,NA,NA,NA,NA,NA,NA
"Luke Schoonmaker","TE","DAL",NA,NA,NA,NA,NA,NA,NA,NA,0,0,NA,0,0,0.79,NA,"17649","FleaFlicker","16221","FleaFlicker","TE",0.6,0.6,5.5,NA,NA,0,NA,NA,NA,NA,NA,NA,NA,NA,NA,NA,NA,NA,NA,NA,NA,NA,NA,NA,NA,NA,NA,NA,NA,NA,NA,NA,NA,NA,NA,NA,NA,NA,4,"TBThu 8:15 PM",NA,NA,"3%",0,5.5,NA,NA,NA,NA,NA,NA,NA,NA,NA,NA,NA,NA,NA,NA,NA,NA,NA
"IRDWill Mallory","TE","IND",NA,NA,NA,NA,NA,NA,NA,NA,0,0,NA,0,0,0.75,NA,"17730","FleaFlicker","16220","FleaFlicker","TE",0.6,0.6,7.5,NA,NA,0,NA,NA,NA,NA,NA,NA,NA,NA,NA,NA,NA,NA,NA,NA,NA,NA,NA,NA,NA,NA,NA,NA,NA,NA,NA,NA,NA,NA,NA,NA,NA,NA,3,"@PITSun 1:00 PM",NA,NA,"0%",0,7.5,NA,NA,NA,NA,NA,NA,NA,NA,NA,NA,NA,NA,NA,NA,NA,NA,NA
"Marlin Klein","TE","HOU",NA,NA,NA,NA,NA,NA,NA,NA,0,0,NA,0,0,0.75,NA,"20085","FleaFlicker","17593","FleaFlicker","TE",0.5,0.5,5.1,NA,NA,0,NA,NA,NA,NA,NA,NA,NA,NA,NA,NA,NA,NA,NA,NA,NA,NA,NA,NA,NA,NA,NA,NA,NA,NA,NA,NA,NA,NA,NA,NA,NA,NA,8,"@TENSun 1:00 PM","TE53",NA,"11%",0,5.1,NA,NA,NA,NA,NA,NA,NA,NA,NA,NA,NA,NA,NA,NA,NA,NA,NA
"Charlie Woerner","TE","ATL",NA,NA,NA,NA,NA,NA,NA,NA,0,0,NA,0,0,0.72,NA,"15671","FleaFlicker","14984","FleaFlicker","TE",0.6,0.6,4.8,NA,NA,0,NA,NA,NA,NA,NA,NA,NA,NA,NA,NA,NA,NA,NA,NA,NA,NA,NA,NA,NA,NA,NA,NA,NA,NA,NA,NA,NA,NA,NA,NA,NA,NA,1,"BALSun 8:20 PM",NA,NA,"0%",0,4.8,NA,NA,NA,NA,NA,NA,NA,NA,NA,NA,NA,NA,NA,NA,NA,NA,NA
"Ben Sinnott","TE","WAS",NA,NA,NA,NA,NA,NA,NA,NA,0,0,NA,0,0,0.68,NA,"18427","FleaFlicker","16644","FleaFlicker","TE",0.5,0.5,4.4,NA,NA,0,NA,NA,NA,NA,NA,NA,NA,NA,NA,NA,NA,NA,NA,NA,NA,NA,NA,NA,NA,NA,NA,NA,NA,NA,NA,NA,NA,NA,NA,NA,NA,NA,7,"NYGSun 1:00 PM","TE48",NA,"7%",0,4.4,NA,NA,NA,NA,NA,NA,NA,NA,NA,NA,NA,NA,NA,NA,NA,NA,NA
"Ian Thomas","TE","LV",NA,NA,NA,NA,NA,NA,NA,NA,0,0,NA,0,0,0.64,NA,"13874","FleaFlicker","13678","FleaFlicker","TE",0.5,0.5,4,NA,NA,0,NA,NA,NA,NA,NA,NA,NA,NA,NA,NA,NA,NA,NA,NA,NA,NA,NA,NA,NA,NA,NA,NA,NA,NA,NA,NA,NA,NA,NA,NA,NA,NA,3,"@NESun 1:00 PM",NA,NA,"1%",0,4,NA,NA,NA,NA,NA,NA,NA,NA,NA,NA,NA,NA,NA,NA,NA,NA,NA
"Jackson Hawes","TE","BUF",NA,NA,NA,NA,NA,NA,NA,NA,0,0,NA,0,0,0.62,NA,"19386","FleaFlicker","17213","FleaFlicker","TE",0.4,0.4,3.8,NA,NA,0,NA,NA,NA,NA,NA,NA,NA,NA,NA,NA,NA,NA,NA,NA,NA,NA,NA,NA,NA,NA,NA,NA,NA,NA,NA,NA,NA,NA,NA,NA,NA,NA,7,"@LARMon 8:15 PM",NA,NA,"2%",0,3.8,NA,NA,NA,NA,NA,NA,NA,NA,NA,NA,NA,NA,NA,NA,NA,NA,NA
"Mark Redman","TE","GB",NA,NA,NA,NA,NA,NA,NA,NA,0,0,NA,0,0,0.61,NA,"19837","FleaFlicker","17802","FleaFlicker","TE",0.5,0.5,5,NA,NA,0,NA,NA,NA,NA,NA,NA,NA,NA,NA,NA,NA,NA,NA,NA,NA,NA,NA,NA,NA,NA,NA,NA,NA,NA,NA,NA,NA,NA,NA,NA,NA,NA,1,"CHISun 1:00 PM",NA,NA,"0%",0,5,NA,NA,NA,NA,NA,NA,NA,NA,NA,NA,NA,NA,NA,NA,NA,NA,NA
"Thomas Fidone","TE","NYG",NA,NA,NA,NA,NA,NA,NA,NA,0,0,NA,0,0,0.59,NA,"19504","FleaFlicker","17243","FleaFlicker","TE",0.5,0.5,5.9,NA,NA,0,NA,NA,NA,NA,NA,NA,NA,NA,NA,NA,NA,NA,NA,NA,NA,NA,NA,NA,NA,NA,NA,NA,NA,NA,NA,NA,NA,NA,NA,NA,NA,NA,8,"@WASSun 1:00 PM",NA,NA,"0%",0,5.9,NA,NA,NA,NA,NA,NA,NA,NA,NA,NA,NA,NA,NA,NA,NA,NA,NA
"Hayden Rucci","TE","LAC",NA,NA,NA,NA,NA,NA,NA,NA,0,0,NA,0,0,0.56,NA,"19163","FleaFlicker","17407","FleaFlicker","TE",0.4,0.4,3.8,NA,NA,0,NA,NA,NA,NA,NA,NA,NA,NA,NA,NA,NA,NA,NA,NA,NA,NA,NA,NA,NA,NA,NA,NA,NA,NA,NA,NA,NA,NA,NA,NA,NA,NA,7,"DENSun 4:05 PM",NA,NA,"0%",0,3.8,NA,NA,NA,NA,NA,NA,NA,NA,NA,NA,NA,NA,NA,NA,NA,NA,NA
"Nick Folk","K","ATL",NA,NA,NA,NA,NA,NA,NA,NA,NA,NA,NA,NA,NA,12.43,NA,"4780","FleaFlicker","8851","FleaFlicker","K",NA,NA,NA,NA,NA,NA,2,2.2,NA,NA,NA,NA,NA,NA,NA,NA,NA,NA,2.4,2.4,NA,NA,NA,NA,NA,NA,NA,NA,NA,NA,NA,NA,NA,NA,NA,NA,NA,NA,1,"BALSun 8:20 PM",NA,NA,"31%",NA,NA,"2/2","2/2",NA,NA,NA,NA,NA,NA,NA,NA,NA,NA,NA,NA,NA,NA,NA
"Jason Myers","K","SEA",NA,NA,NA,NA,NA,NA,NA,NA,NA,NA,NA,NA,NA,10.69,NA,"11124","FleaFlicker","12437","FleaFlicker","K",NA,NA,NA,NA,NA,NA,2,2.3,NA,NA,NA,NA,NA,NA,NA,NA,NA,NA,2.7,2.7,NA,NA,NA,NA,NA,NA,NA,NA,NA,NA,NA,NA,NA,NA,NA,NA,NA,NA,1,"SFSun 4:25 PM","K4",NA,"87%",NA,NA,"2/2","2/2",NA,NA,NA,NA,NA,NA,NA,NA,NA,NA,NA,NA,NA,NA,NA
"Cairo Santos","K","CHI",NA,NA,NA,NA,NA,NA,NA,NA,NA,NA,NA,NA,NA,10.55,NA,"10888","FleaFlicker","11945","FleaFlicker","K",NA,NA,NA,NA,NA,NA,2,2,NA,NA,NA,NA,NA,NA,NA,NA,NA,NA,2.5,2.5,NA,NA,NA,NA,NA,NA,NA,NA,NA,NA,NA,NA,NA,NA,NA,NA,NA,NA,0,"@GBSun 1:00 PM","K8",NA,"56%",NA,NA,"2/2","2/2",NA,NA,NA,NA,NA,NA,NA,NA,NA,NA,NA,NA,NA,NA,NA
"Cam Little","K","JAC",NA,NA,NA,NA,NA,NA,NA,NA,NA,NA,NA,NA,NA,10.52,NA,"18510","FleaFlicker","16680","FleaFlicker","K",NA,NA,NA,NA,NA,NA,2,2.2,NA,NA,NA,NA,NA,NA,NA,NA,NA,NA,2.5,2.5,NA,NA,NA,NA,NA,NA,NA,NA,NA,NA,NA,NA,NA,NA,NA,NA,NA,NA,7,"PHISun 9:30 AM","K2",NA,"91%",NA,NA,"2/2","2/2",NA,NA,NA,NA,NA,NA,NA,NA,NA,NA,NA,NA,NA,NA,NA
"Spencer Shrader","K","IND",NA,NA,NA,NA,NA,NA,NA,NA,NA,NA,NA,NA,NA,10.41,NA,"18967","FleaFlicker","16896","FleaFlicker","K",NA,NA,NA,NA,NA,NA,2,2.3,NA,NA,NA,NA,NA,NA,NA,NA,NA,NA,2.4,2.4,NA,NA,NA,NA,NA,NA,NA,NA,NA,NA,NA,NA,NA,NA,NA,NA,NA,NA,3,"@PITSun 1:00 PM","K21",NA,"58%",NA,NA,"2/2","2/2",NA,NA,NA,NA,NA,NA,NA,NA,NA,NA,NA,NA,NA,NA,NA
"Chase McLaughlin","K","TB",NA,NA,NA,NA,NA,NA,NA,NA,NA,NA,NA,NA,NA,10.22,NA,"15412","FleaFlicker","14717","FleaFlicker","K",NA,NA,NA,NA,NA,NA,2,1.9,NA,NA,NA,NA,NA,NA,NA,NA,NA,NA,2.2,2.2,NA,NA,NA,NA,NA,NA,NA,NA,NA,NA,NA,NA,NA,NA,NA,NA,NA,NA,0,"@DALThu 8:15 PM","K13",NA,"69%",NA,NA,"2/1","2/2",NA,NA,NA,NA,NA,NA,NA,NA,NA,NA,NA,NA,NA,NA,NA
"Chris Boswell","K","PIT",NA,NA,NA,NA,NA,NA,NA,NA,NA,NA,NA,NA,NA,10.2,NA,"10779","FleaFlicker","11936","FleaFlicker","K",NA,NA,NA,NA,NA,NA,2,2.1,NA,NA,NA,NA,NA,NA,NA,NA,NA,NA,2.2,2.2,NA,NA,NA,NA,NA,NA,NA,NA,NA,NA,NA,NA,NA,NA,NA,NA,NA,NA,9,"INDSun 1:00 PM","K15",NA,"41%",NA,NA,"2/2","2/2",NA,NA,NA,NA,NA,NA,NA,NA,NA,NA,NA,NA,NA,NA,NA
"Matt Gay","K","LV",NA,NA,NA,NA,NA,NA,NA,NA,NA,NA,NA,NA,NA,10.11,NA,"14848","FleaFlicker","14244","FleaFlicker","K",NA,NA,NA,NA,NA,NA,2,2.1,NA,NA,NA,NA,NA,NA,NA,NA,NA,NA,2.1,2.1,NA,NA,NA,NA,NA,NA,NA,NA,NA,NA,NA,NA,NA,NA,NA,NA,NA,NA,3,"@NESun 1:00 PM","K20",NA,"22%",NA,NA,"2/2","2/2",NA,NA,NA,NA,NA,NA,NA,NA,NA,NA,NA,NA,NA,NA,NA
"Harrison Mevis","K","LAR",NA,NA,NA,NA,NA,NA,NA,NA,NA,NA,NA,NA,NA,10.08,NA,"18786","FleaFlicker","16843","FleaFlicker","K",NA,NA,NA,NA,NA,NA,2,2,NA,NA,NA,NA,NA,NA,NA,NA,NA,NA,3.1,3.1,NA,NA,NA,NA,NA,NA,NA,NA,NA,NA,NA,NA,NA,NA,NA,NA,NA,NA,1,"BUFMon 8:15 PM","K12",NA,"34%",NA,NA,"2/2","3/3",NA,NA,NA,NA,NA,NA,NA,NA,NA,NA,NA,NA,NA,NA,NA
"Jason Sanders","K","NYJ",NA,NA,NA,NA,NA,NA,NA,NA,NA,NA,NA,NA,NA,10.06,NA,"13977","FleaFlicker","13832","FleaFlicker","K",NA,NA,NA,NA,NA,NA,2,2,NA,NA,NA,NA,NA,NA,NA,NA,NA,NA,2.1,2.1,NA,NA,NA,NA,NA,NA,NA,NA,NA,NA,NA,NA,NA,NA,NA,NA,NA,NA,3,"CLESun 1:00 PM",NA,NA,"9%",NA,NA,"2/2","2/2",NA,NA,NA,NA,NA,NA,NA,NA,NA,NA,NA,NA,NA,NA,NA
"Andy Borregales","K","NE",NA,NA,NA,NA,NA,NA,NA,NA,NA,NA,NA,NA,NA,9.61,NA,"19378","FleaFlicker","17220","FleaFlicker","K",NA,NA,NA,NA,NA,NA,2,2,NA,NA,NA,NA,NA,NA,NA,NA,NA,NA,2.6,2.6,NA,NA,NA,NA,NA,NA,NA,NA,NA,NA,NA,NA,NA,NA,NA,NA,NA,NA,1,"LVSun 1:00 PM","K17",NA,"38%",NA,NA,"2/1","2/2",NA,NA,NA,NA,NA,NA,NA,NA,NA,NA,NA,NA,NA,NA,NA
"Joey Slye","K","TEN",NA,NA,NA,NA,NA,NA,NA,NA,NA,NA,NA,NA,NA,9.55,NA,"15366","FleaFlicker","14600","FleaFlicker","K",NA,NA,NA,NA,NA,NA,2,1.9,NA,NA,NA,NA,NA,NA,NA,NA,NA,NA,1.6,1.6,NA,NA,NA,NA,NA,NA,NA,NA,NA,NA,NA,NA,NA,NA,NA,NA,NA,NA,9,"HOUSun 1:00 PM",NA,NA,"8%",NA,NA,"2/1","1/1",NA,NA,NA,NA,NA,NA,NA,NA,NA,NA,NA,NA,NA,NA,NA
"Chad Ryland","K","ARI",NA,NA,NA,NA,NA,NA,NA,NA,NA,NA,NA,NA,NA,9.45,NA,"17688","FleaFlicker","16292","FleaFlicker","K",NA,NA,NA,NA,NA,NA,2,2.1,NA,NA,NA,NA,NA,NA,NA,NA,NA,NA,2.5,2.5,NA,NA,NA,NA,NA,NA,NA,NA,NA,NA,NA,NA,NA,NA,NA,NA,NA,NA,4,"DETSun 4:25 PM","K24",NA,"9%",NA,NA,"2/2","2/2",NA,NA,NA,NA,NA,NA,NA,NA,NA,NA,NA,NA,NA,NA,NA
"Eddy Pineiro","K","SF",NA,NA,NA,NA,NA,NA,NA,NA,NA,NA,NA,NA,NA,9.31,NA,"13986","FleaFlicker","13719","FleaFlicker","K",NA,NA,NA,NA,NA,NA,2,1.9,NA,NA,NA,NA,NA,NA,NA,NA,NA,NA,2.3,2.3,NA,NA,NA,NA,NA,NA,NA,NA,NA,NA,NA,NA,NA,NA,NA,NA,NA,NA,8,"@SEASun 4:25 PM","K5",NA,"68%",NA,NA,"2/1","2/2",NA,NA,NA,NA,NA,NA,NA,NA,NA,NA,NA,NA,NA,NA,NA
"Drew Stevens","K","WAS",NA,NA,NA,NA,NA,NA,NA,NA,NA,NA,NA,NA,NA,9.3,NA,"20727","FleaFlicker","17726","FleaFlicker","K",NA,NA,NA,NA,NA,NA,2,1.9,NA,NA,NA,NA,NA,NA,NA,NA,NA,NA,2.3,2.3,NA,NA,NA,NA,NA,NA,NA,NA,NA,NA,NA,NA,NA,NA,NA,NA,NA,NA,7,"NYGSun 1:00 PM",NA,NA,"4%",NA,NA,"2/1","2/2",NA,NA,NA,NA,NA,NA,NA,NA,NA,NA,NA,NA,NA,NA,NA
"Wil Lutz","K","DEN",NA,NA,NA,NA,NA,NA,NA,NA,NA,NA,NA,NA,NA,9.27,NA,"12611","FleaFlicker","12956","FleaFlicker","K",NA,NA,NA,NA,NA,NA,2,2,NA,NA,NA,NA,NA,NA,NA,NA,NA,NA,2.3,2.3,NA,NA,NA,NA,NA,NA,NA,NA,NA,NA,NA,NA,NA,NA,NA,NA,NA,NA,0,"@LACSun 4:05 PM","K19",NA,"21%",NA,NA,"2/1","2/2",NA,NA,NA,NA,NA,NA,NA,NA,NA,NA,NA,NA,NA,NA,NA
"Trey Smack","K","GB",NA,NA,NA,NA,NA,NA,NA,NA,NA,NA,NA,NA,NA,9.16,NA,"20243","FleaFlicker","17668","FleaFlicker","K",NA,NA,NA,NA,NA,NA,2,2,NA,NA,NA,NA,NA,NA,NA,NA,NA,NA,2.2,2.2,NA,NA,NA,NA,NA,NA,NA,NA,NA,NA,NA,NA,NA,NA,NA,NA,NA,NA,1,"CHISun 1:00 PM","K18",NA,"24%",NA,NA,"2/2","2/2",NA,NA,NA,NA,NA,NA,NA,NA,NA,NA,NA,NA,NA,NA,NA
"Jake Bates","K","DET",NA,NA,NA,NA,NA,NA,NA,NA,NA,NA,NA,NA,NA,9.13,NA,"18337","FleaFlicker","16846","FleaFlicker","K",NA,NA,NA,NA,NA,NA,2,2.1,NA,NA,NA,NA,NA,NA,NA,NA,NA,NA,3.1,3.1,NA,NA,NA,NA,NA,NA,NA,NA,NA,NA,NA,NA,NA,NA,NA,NA,NA,NA,6,"@ARISun 4:25 PM","K9",NA,"70%",NA,NA,"2/2","3/3",NA,NA,NA,NA,NA,NA,NA,NA,NA,NA,NA,NA,NA,NA,NA
"Daniel Carlson","K","NO",NA,NA,NA,NA,NA,NA,NA,NA,NA,NA,NA,NA,NA,9.06,NA,"13947","FleaFlicker","13718","FleaFlicker","K",NA,NA,NA,NA,NA,NA,2,2.2,NA,NA,NA,NA,NA,NA,NA,NA,NA,NA,2.1,2.1,NA,NA,NA,NA,NA,NA,NA,NA,NA,NA,NA,NA,NA,NA,NA,NA,NA,NA,8,"MINSun 1:00 PM","K23",NA,"8%",NA,NA,"2/2","2/2",NA,NA,NA,NA,NA,NA,NA,NA,NA,NA,NA,NA,NA,NA,NA
"Dominic Zvada","K","NYG",NA,NA,NA,NA,NA,NA,NA,NA,NA,NA,NA,NA,NA,9.04,NA,"20566","FleaFlicker","17736","FleaFlicker","K",NA,NA,NA,NA,NA,NA,2,1.8,NA,NA,NA,NA,NA,NA,NA,NA,NA,NA,2,2,NA,NA,NA,NA,NA,NA,NA,NA,NA,NA,NA,NA,NA,NA,NA,NA,NA,NA,8,"@WASSun 1:00 PM",NA,NA,"9%",NA,NA,"2/1","2/2",NA,NA,NA,NA,NA,NA,NA,NA,NA,NA,NA,NA,NA,NA,NA
"Andre Szmyt","K","CLE",NA,NA,NA,NA,NA,NA,NA,NA,NA,NA,NA,NA,NA,8.96,NA,"18046","FleaFlicker","16419","FleaFlicker","K",NA,NA,NA,NA,NA,NA,2,1.9,NA,NA,NA,NA,NA,NA,NA,NA,NA,NA,2,2,NA,NA,NA,NA,NA,NA,NA,NA,NA,NA,NA,NA,NA,NA,NA,NA,NA,NA,1,"@NYJSun 1:00 PM",NA,NA,"5%",NA,NA,"2/1","1/1",NA,NA,NA,NA,NA,NA,NA,NA,NA,NA,NA,NA,NA,NA,NA
"Brandon Aubrey","K","DAL",NA,NA,NA,NA,NA,NA,NA,NA,NA,NA,NA,NA,NA,8.87,NA,"18330","FleaFlicker","16414","FleaFlicker","K",NA,NA,NA,NA,NA,NA,2,2.5,NA,NA,NA,NA,NA,NA,NA,NA,NA,NA,2.9,2.9,NA,NA,NA,NA,NA,NA,NA,NA,NA,NA,NA,NA,NA,NA,NA,NA,NA,NA,4,"TBThu 8:15 PM","K1",NA,"97%",NA,NA,"2/2","2/2",NA,NA,NA,NA,NA,NA,NA,NA,NA,NA,NA,NA,NA,NA,NA
"Riley Patterson","K","MIA",NA,NA,NA,NA,NA,NA,NA,NA,NA,NA,NA,NA,NA,8.82,NA,"16587","FleaFlicker","15369","FleaFlicker","K",NA,NA,NA,NA,NA,NA,2,1.9,NA,NA,NA,NA,NA,NA,NA,NA,NA,NA,1.8,1.8,NA,NA,NA,NA,NA,NA,NA,NA,NA,NA,NA,NA,NA,NA,NA,NA,NA,NA,6,"CINSun 1:00 PM",NA,NA,"4%",NA,NA,"2/1","1/1",NA,NA,NA,NA,NA,NA,NA,NA,NA,NA,NA,NA,NA,NA,NA
"Evan McPherson","K","CIN",NA,NA,NA,NA,NA,NA,NA,NA,NA,NA,NA,NA,NA,8.72,NA,"16457","FleaFlicker","15368","FleaFlicker","K",NA,NA,NA,NA,NA,NA,2,2.1,NA,NA,NA,NA,NA,NA,NA,NA,NA,NA,2.7,2.7,NA,NA,NA,NA,NA,NA,NA,NA,NA,NA,NA,NA,NA,NA,NA,NA,NA,NA,6,"@MIASun 1:00 PM","K6",NA,"84%",NA,NA,"2/2","2/2",NA,NA,NA,NA,NA,NA,NA,NA,NA,NA,NA,NA,NA,NA,NA
"Will Reichard","K","MIN",NA,NA,NA,NA,NA,NA,NA,NA,NA,NA,NA,NA,NA,8.42,NA,"18573","FleaFlicker","16681","FleaFlicker","K",NA,NA,NA,NA,NA,NA,2,2.4,NA,NA,NA,NA,NA,NA,NA,NA,NA,NA,2.4,2.4,NA,NA,NA,NA,NA,NA,NA,NA,NA,NA,NA,NA,NA,NA,NA,NA,NA,NA,6,"@NOSun 1:00 PM","K14",NA,"51%",NA,NA,"2/2","2/2",NA,NA,NA,NA,NA,NA,NA,NA,NA,NA,NA,NA,NA,NA,NA
"Ka'imi Fairbairn","K","HOU",NA,NA,NA,NA,NA,NA,NA,NA,NA,NA,NA,NA,NA,8.38,NA,"12347","FleaFlicker","12860","FleaFlicker","K",NA,NA,NA,NA,NA,NA,2,2.4,NA,NA,NA,NA,NA,NA,NA,NA,NA,NA,2.4,2.4,NA,NA,NA,NA,NA,NA,NA,NA,NA,NA,NA,NA,NA,NA,NA,NA,NA,NA,8,"@TENSun 1:00 PM","K3",NA,"85%",NA,NA,"2/2","2/2",NA,NA,NA,NA,NA,NA,NA,NA,NA,NA,NA,NA,NA,NA,NA
"Tyler Loop","K","BAL",NA,NA,NA,NA,NA,NA,NA,NA,NA,NA,NA,NA,NA,8.27,NA,"19411","FleaFlicker","17222","FleaFlicker","K",NA,NA,NA,NA,NA,NA,2,1.9,NA,NA,NA,NA,NA,NA,NA,NA,NA,NA,2.3,2.3,NA,NA,NA,NA,NA,NA,NA,NA,NA,NA,NA,NA,NA,NA,NA,NA,NA,NA,3,"@ATLSun 8:20 PM","K7",NA,"79%",NA,NA,"2/1","2/2",NA,NA,NA,NA,NA,NA,NA,NA,NA,NA,NA,NA,NA,NA,NA
"Cameron Dicker","K","LAC",NA,NA,NA,NA,NA,NA,NA,NA,NA,NA,NA,NA,NA,7.97,NA,"17315","FleaFlicker","15979","FleaFlicker","K",NA,NA,NA,NA,NA,NA,2,2.1,NA,NA,NA,NA,NA,NA,NA,NA,NA,NA,2,2,NA,NA,NA,NA,NA,NA,NA,NA,NA,NA,NA,NA,NA,NA,NA,NA,NA,NA,7,"DENSun 4:05 PM","K11",NA,"72%",NA,NA,"2/2","1/1",NA,NA,NA,NA,NA,NA,NA,NA,NA,NA,NA,NA,NA,NA,NA
"Tyler Bass","K","BUF",NA,NA,NA,NA,NA,NA,NA,NA,NA,NA,NA,NA,NA,5.42,NA,"15626","FleaFlicker","14983","FleaFlicker","K",NA,NA,NA,NA,NA,NA,1,1.8,NA,NA,NA,NA,NA,NA,NA,NA,NA,NA,2.4,2.4,NA,NA,NA,NA,NA,NA,NA,NA,NA,NA,NA,NA,NA,NA,NA,NA,NA,NA,7,"@LARMon 8:15 PM","K16",NA,"20%",NA,NA,"1/1","2/2",NA,NA,NA,NA,NA,NA,NA,NA,NA,NA,NA,NA,NA,NA,NA
"Jake Elliott","K","PHI",NA,NA,NA,NA,NA,NA,NA,NA,NA,NA,NA,NA,NA,4.88,NA,"13035","FleaFlicker","13303","FleaFlicker","K",NA,NA,NA,NA,NA,NA,1,1.6,NA,NA,NA,NA,NA,NA,NA,NA,NA,NA,1.9,1.9,NA,NA,NA,NA,NA,NA,NA,NA,NA,NA,NA,NA,NA,NA,NA,NA,NA,NA,0,"@JACSun 9:30 AM","K25",NA,"17%",NA,NA,"1/1","1/1",NA,NA,NA,NA,NA,NA,NA,NA,NA,NA,NA,NA,NA,NA,NA
"Blake Grupe","K","NYJ",NA,NA,NA,NA,NA,NA,NA,NA,NA,NA,NA,NA,NA,3.8,NA,"17834","FleaFlicker","16444","FleaFlicker","K",NA,NA,NA,NA,NA,NA,1,1.3,NA,NA,NA,NA,NA,NA,NA,NA,NA,NA,0.8,0.8,NA,NA,NA,NA,NA,NA,NA,NA,NA,NA,NA,NA,NA,NA,NA,NA,NA,NA,3,"CLESun 1:00 PM",NA,NA,"3%",NA,NA,"1/1","0/0",NA,NA,NA,NA,NA,NA,NA,NA,NA,NA,NA,NA,NA,NA,NA
"Charlie Smyth","K","NO",NA,NA,NA,NA,NA,NA,NA,NA,NA,NA,NA,NA,NA,0,NA,"18354","FleaFlicker","17424","FleaFlicker","K",NA,NA,NA,NA,NA,NA,0,0,NA,NA,NA,NA,NA,NA,NA,NA,NA,NA,0,0,NA,NA,NA,NA,NA,NA,NA,NA,NA,NA,NA,NA,NA,NA,NA,NA,NA,NA,8,"MINSun 1:00 PM",NA,NA,"3%",NA,NA,"0/0","0/0",NA,NA,NA,NA,NA,NA,NA,NA,NA,NA,NA,NA,NA,NA,NA
"Minnesota Vikings","DST","MIN",NA,NA,NA,NA,NA,NA,NA,NA,NA,NA,NA,NA,NA,11.17,NA,"2345","FleaFlicker","0524","FleaFlicker","DST",NA,NA,NA,NA,NA,NA,NA,NA,NA,NA,NA,NA,NA,NA,NA,NA,NA,NA,NA,NA,0.7,NA,3,NA,0.7,1.1,0.1,19.9,NA,NA,NA,317.5,NA,NA,NA,NA,NA,NA,6,"@NOSun 1:00 PM","D/ST8",NA,"95%",NA,NA,NA,NA,0,NA,NA,NA,NA,NA,NA,NA,NA,NA,NA,NA,NA,NA,NA
"Denver Broncos","DST","DEN",NA,NA,NA,NA,NA,NA,NA,NA,NA,NA,NA,NA,NA,10.84,NA,"2337","FleaFlicker","0511","FleaFlicker","DST",NA,NA,NA,NA,NA,NA,NA,NA,NA,NA,NA,NA,NA,NA,NA,NA,NA,NA,NA,NA,0.8,NA,3,NA,0.4,0.7,0.2,19.6,NA,NA,NA,321.7,NA,NA,NA,NA,NA,NA,10,"@LACSun 4:05 PM","D/ST4",NA,"92%",NA,NA,NA,NA,0,NA,NA,NA,NA,NA,NA,NA,NA,NA,NA,NA,NA,NA,NA
"Cleveland Browns","DST","CLE",NA,NA,NA,NA,NA,NA,NA,NA,NA,NA,NA,NA,NA,10.78,NA,"2335","FleaFlicker","0507","FleaFlicker","DST",NA,NA,NA,NA,NA,NA,NA,NA,NA,NA,NA,NA,NA,NA,NA,NA,NA,NA,NA,NA,0.7,NA,3.3,NA,0.5,0.8,0.1,21.6,NA,NA,NA,296.4,NA,NA,NA,NA,NA,NA,11,"@NYJSun 1:00 PM","D/ST17",NA,"39%",NA,NA,NA,NA,0,NA,NA,NA,NA,NA,NA,NA,NA,NA,NA,NA,NA,NA,NA
"Houston Texans","DST","HOU",NA,NA,NA,NA,NA,NA,NA,NA,NA,NA,NA,NA,NA,10.58,NA,"2340","FleaFlicker","0532","FleaFlicker","DST",NA,NA,NA,NA,NA,NA,NA,NA,NA,NA,NA,NA,NA,NA,NA,NA,NA,NA,NA,NA,0.7,NA,2.7,NA,0.6,1,0.2,16.6,NA,NA,NA,277,NA,NA,NA,NA,NA,NA,8,"@TENSun 1:00 PM","D/ST1",NA,"94%",NA,NA,NA,NA,0,NA,NA,NA,NA,NA,NA,NA,NA,NA,NA,NA,NA,NA,NA
"Cincinnati Bengals","DST","CIN",NA,NA,NA,NA,NA,NA,NA,NA,NA,NA,NA,NA,NA,10.23,NA,"2334","FleaFlicker","0506","FleaFlicker","DST",NA,NA,NA,NA,NA,NA,NA,NA,NA,NA,NA,NA,NA,NA,NA,NA,NA,NA,NA,NA,0.7,NA,2.8,NA,0.6,0.9,0.1,18.1,NA,NA,NA,322.2,NA,NA,NA,NA,NA,NA,6,"@MIASun 1:00 PM","D/ST19",NA,"52%",NA,NA,NA,NA,0,NA,NA,NA,NA,NA,NA,NA,NA,NA,NA,NA,NA,NA,NA
"Pittsburgh Steelers","DST","PIT",NA,NA,NA,NA,NA,NA,NA,NA,NA,NA,NA,NA,NA,10.23,NA,"2352","FleaFlicker","0510","FleaFlicker","DST",NA,NA,NA,NA,NA,NA,NA,NA,NA,NA,NA,NA,NA,NA,NA,NA,NA,NA,NA,NA,0.8,NA,2.5,NA,0.6,1.1,0.1,22.2,NA,NA,NA,326.4,NA,NA,NA,NA,NA,NA,9,"INDSun 1:00 PM","D/ST6",NA,"94%",NA,NA,NA,NA,0,NA,NA,NA,NA,NA,NA,NA,NA,NA,NA,NA,NA,NA,NA
"New York Jets","DST","NYJ",NA,NA,NA,NA,NA,NA,NA,NA,NA,NA,NA,NA,NA,10.21,NA,"2349","FleaFlicker","0505","FleaFlicker","DST",NA,NA,NA,NA,NA,NA,NA,NA,NA,NA,NA,NA,NA,NA,NA,NA,NA,NA,NA,NA,0.7,NA,2.8,NA,0.5,0.8,0.1,19.3,NA,NA,NA,293,NA,NA,NA,NA,NA,NA,13,"CLESun 1:00 PM","D/ST27",NA,"14%",NA,NA,NA,NA,0,NA,NA,NA,NA,NA,NA,NA,NA,NA,NA,NA,NA,NA,NA
"New Orleans Saints","DST","NO",NA,NA,NA,NA,NA,NA,NA,NA,NA,NA,NA,NA,NA,10.17,NA,"2347","FleaFlicker","0529","FleaFlicker","DST",NA,NA,NA,NA,NA,NA,NA,NA,NA,NA,NA,NA,NA,NA,NA,NA,NA,NA,NA,NA,0.8,NA,2.9,NA,0.5,0.7,0.1,22.9,NA,NA,NA,310.4,NA,NA,NA,NA,NA,NA,8,"MINSun 1:00 PM","D/ST16",NA,"17%",NA,NA,NA,NA,0,NA,NA,NA,NA,NA,NA,NA,NA,NA,NA,NA,NA,NA,NA
"Washington Commanders","DST","WAS",NA,NA,NA,NA,NA,NA,NA,NA,NA,NA,NA,NA,NA,10,NA,"2359","FleaFlicker","0520","FleaFlicker","DST",NA,NA,NA,NA,NA,NA,NA,NA,NA,NA,NA,NA,NA,NA,NA,NA,NA,NA,NA,NA,1,NA,2.6,NA,0.5,0.8,0.1,20.7,NA,NA,NA,324,NA,NA,NA,NA,NA,NA,7,"NYGSun 1:00 PM",NA,NA,"12%",NA,NA,NA,NA,0,NA,NA,NA,NA,NA,NA,NA,NA,NA,NA,NA,NA,NA,NA
"Dallas Cowboys","DST","DAL",NA,NA,NA,NA,NA,NA,NA,NA,NA,NA,NA,NA,NA,9.99,NA,"2336","FleaFlicker","0516","FleaFlicker","DST",NA,NA,NA,NA,NA,NA,NA,NA,NA,NA,NA,NA,NA,NA,NA,NA,NA,NA,NA,NA,1,NA,2.4,NA,0.6,0.8,0.1,20.6,NA,NA,NA,331.5,NA,NA,NA,NA,NA,NA,14,"TBThu 8:15 PM","D/ST21",NA,"26%",NA,NA,NA,NA,0,NA,NA,NA,NA,NA,NA,NA,NA,NA,NA,NA,NA,NA,NA
"Las Vegas Raiders","DST","LV",NA,NA,NA,NA,NA,NA,NA,NA,NA,NA,NA,NA,NA,9.59,NA,"2350","FleaFlicker","0513","FleaFlicker","DST",NA,NA,NA,NA,NA,NA,NA,NA,NA,NA,NA,NA,NA,NA,NA,NA,NA,NA,NA,NA,0.7,NA,2.5,NA,0.6,1,0.1,23.5,NA,NA,NA,365.3,NA,NA,NA,NA,NA,NA,13,"@NESun 1:00 PM","D/ST22",NA,"43%",NA,NA,NA,NA,0,NA,NA,NA,NA,NA,NA,NA,NA,NA,NA,NA,NA,NA,NA
"Detroit Lions","DST","DET",NA,NA,NA,NA,NA,NA,NA,NA,NA,NA,NA,NA,NA,9.51,NA,"2338","FleaFlicker","0522","FleaFlicker","DST",NA,NA,NA,NA,NA,NA,NA,NA,NA,NA,NA,NA,NA,NA,NA,NA,NA,NA,NA,NA,0.7,NA,2.6,NA,0.5,0.8,0.2,25.3,NA,NA,NA,328.6,NA,NA,NA,NA,NA,NA,6,"@ARISun 4:25 PM","D/ST14",NA,"44%",NA,NA,NA,NA,0,NA,NA,NA,NA,NA,NA,NA,NA,NA,NA,NA,NA,NA,NA
"Jacksonville Jaguars","DST","JAC",NA,NA,NA,NA,NA,NA,NA,NA,NA,NA,NA,NA,NA,9.26,NA,"2342","FleaFlicker","0509","FleaFlicker","DST",NA,NA,NA,NA,NA,NA,NA,NA,NA,NA,NA,NA,NA,NA,NA,NA,NA,NA,NA,NA,0.7,NA,2.4,NA,0.5,0.8,0.2,17,NA,NA,NA,302.1,NA,NA,NA,NA,NA,NA,7,"PHISun 9:30 AM","D/ST7",NA,"79%",NA,NA,NA,NA,0,NA,NA,NA,NA,NA,NA,NA,NA,NA,NA,NA,NA,NA,NA
"Atlanta Falcons","DST","ATL",NA,NA,NA,NA,NA,NA,NA,NA,NA,NA,NA,NA,NA,9.13,NA,"2329","FleaFlicker","0526","FleaFlicker","DST",NA,NA,NA,NA,NA,NA,NA,NA,NA,NA,NA,NA,NA,NA,NA,NA,NA,NA,NA,NA,0.7,NA,2.5,NA,0.5,0.7,0.1,20.9,NA,NA,NA,317.8,NA,NA,NA,NA,NA,NA,11,"BALSun 8:20 PM","D/ST29",NA,"14%",NA,NA,NA,NA,0,NA,NA,NA,NA,NA,NA,NA,NA,NA,NA,NA,NA,NA,NA
"New England Patriots","DST","NE",NA,NA,NA,NA,NA,NA,NA,NA,NA,NA,NA,NA,NA,8.97,NA,"2346","FleaFlicker","0504","FleaFlicker","DST",NA,NA,NA,NA,NA,NA,NA,NA,NA,NA,NA,NA,NA,NA,NA,NA,NA,NA,NA,NA,0.8,NA,2.3,NA,0.5,0.7,0.1,20.5,NA,NA,NA,301.4,NA,NA,NA,NA,NA,NA,11,"LVSun 1:00 PM","D/ST9",NA,"73%",NA,NA,NA,NA,0,NA,NA,NA,NA,NA,NA,NA,NA,NA,NA,NA,NA,NA,NA
"Los Angeles Rams","DST","LAR",NA,NA,NA,NA,NA,NA,NA,NA,NA,NA,NA,NA,NA,8.94,NA,"2356","FleaFlicker","0528","FleaFlicker","DST",NA,NA,NA,NA,NA,NA,NA,NA,NA,NA,NA,NA,NA,NA,NA,NA,NA,NA,NA,NA,0.8,NA,2.1,NA,0.5,0.8,0.2,25.1,NA,NA,NA,364.1,NA,NA,NA,NA,NA,NA,11,"BUFMon 8:15 PM","D/ST3",NA,"86%",NA,NA,NA,NA,0,NA,NA,NA,NA,NA,NA,NA,NA,NA,NA,NA,NA,NA,NA
"Chicago Bears","DST","CHI",NA,NA,NA,NA,NA,NA,NA,NA,NA,NA,NA,NA,NA,8.84,NA,"2333","FleaFlicker","0521","FleaFlicker","DST",NA,NA,NA,NA,NA,NA,NA,NA,NA,NA,NA,NA,NA,NA,NA,NA,NA,NA,NA,NA,0.8,NA,2.1,NA,0.6,0.9,0.1,21.8,NA,NA,NA,356.8,NA,NA,NA,NA,NA,NA,10,"@GBSun 1:00 PM","D/ST23",NA,"44%",NA,NA,NA,NA,0,NA,NA,NA,NA,NA,NA,NA,NA,NA,NA,NA,NA,NA,NA
"San Francisco 49ers","DST","SF",NA,NA,NA,NA,NA,NA,NA,NA,NA,NA,NA,NA,NA,8.2,NA,"2355","FleaFlicker","0530","FleaFlicker","DST",NA,NA,NA,NA,NA,NA,NA,NA,NA,NA,NA,NA,NA,NA,NA,NA,NA,NA,NA,NA,0.8,NA,1.8,NA,0.6,0.8,0.1,24.8,NA,NA,NA,347.3,NA,NA,NA,NA,NA,NA,8,"@SEASun 4:25 PM","D/ST15",NA,"33%",NA,NA,NA,NA,0,NA,NA,NA,NA,NA,NA,NA,NA,NA,NA,NA,NA,NA,NA
"Indianapolis Colts","DST","IND",NA,NA,NA,NA,NA,NA,NA,NA,NA,NA,NA,NA,NA,8.06,NA,"2341","FleaFlicker","0502","FleaFlicker","DST",NA,NA,NA,NA,NA,NA,NA,NA,NA,NA,NA,NA,NA,NA,NA,NA,NA,NA,NA,NA,0.7,NA,2.2,NA,0.4,0.6,0.1,23.2,NA,NA,NA,333,NA,NA,NA,NA,NA,NA,13,"@PITSun 1:00 PM","D/ST20",NA,"13%",NA,NA,NA,NA,0,NA,NA,NA,NA,NA,NA,NA,NA,NA,NA,NA,NA,NA,NA
"Buffalo Bills","DST","BUF",NA,NA,NA,NA,NA,NA,NA,NA,NA,NA,NA,NA,NA,8.01,NA,"2331","FleaFlicker","0501","FleaFlicker","DST",NA,NA,NA,NA,NA,NA,NA,NA,NA,NA,NA,NA,NA,NA,NA,NA,NA,NA,NA,NA,0.8,NA,1.8,NA,0.5,0.9,0.1,28.2,NA,NA,NA,387.5,NA,NA,NA,NA,NA,NA,7,"@LARMon 8:15 PM","D/ST13",NA,"48%",NA,NA,NA,NA,0,NA,NA,NA,NA,NA,NA,NA,NA,NA,NA,NA,NA,NA,NA
"Seattle Seahawks","DST","SEA",NA,NA,NA,NA,NA,NA,NA,NA,NA,NA,NA,NA,NA,7.99,NA,"2354","FleaFlicker","0515","FleaFlicker","DST",NA,NA,NA,NA,NA,NA,NA,NA,NA,NA,NA,NA,NA,NA,NA,NA,NA,NA,NA,NA,0.8,NA,1.7,NA,0.5,0.7,0.2,21.4,NA,NA,NA,347,NA,NA,NA,NA,NA,NA,11,"SFSun 4:25 PM","D/ST2",NA,"95%",NA,NA,NA,NA,0,NA,NA,NA,NA,NA,NA,NA,NA,NA,NA,NA,NA,NA,NA
"Tennessee Titans","DST","TEN",NA,NA,NA,NA,NA,NA,NA,NA,NA,NA,NA,NA,NA,7.92,NA,"2358","FleaFlicker","0508","FleaFlicker","DST",NA,NA,NA,NA,NA,NA,NA,NA,NA,NA,NA,NA,NA,NA,NA,NA,NA,NA,NA,NA,0.5,NA,2.2,NA,0.4,0.7,0.1,22.7,NA,NA,NA,343.4,NA,NA,NA,NA,NA,NA,9,"HOUSun 1:00 PM","D/ST25",NA,"8%",NA,NA,NA,NA,0,NA,NA,NA,NA,NA,NA,NA,NA,NA,NA,NA,NA,NA,NA
"Green Bay Packers","DST","GB",NA,NA,NA,NA,NA,NA,NA,NA,NA,NA,NA,NA,NA,7.79,NA,"2339","FleaFlicker","0523","FleaFlicker","DST",NA,NA,NA,NA,NA,NA,NA,NA,NA,NA,NA,NA,NA,NA,NA,NA,NA,NA,NA,NA,0.7,NA,1.9,NA,0.4,0.7,0.1,24.1,NA,NA,NA,348.9,NA,NA,NA,NA,NA,NA,11,"CHISun 1:00 PM","D/ST18",NA,"47%",NA,NA,NA,NA,0,NA,NA,NA,NA,NA,NA,NA,NA,NA,NA,NA,NA,NA,NA
"Philadelphia Eagles","DST","PHI",NA,NA,NA,NA,NA,NA,NA,NA,NA,NA,NA,NA,NA,7.65,NA,"2351","FleaFlicker","0518","FleaFlicker","DST",NA,NA,NA,NA,NA,NA,NA,NA,NA,NA,NA,NA,NA,NA,NA,NA,NA,NA,NA,NA,0.7,NA,1.8,NA,0.5,0.7,0.1,24.5,NA,NA,NA,336.2,NA,NA,NA,NA,NA,NA,10,"@JACSun 9:30 AM","D/ST5",NA,"72%",NA,NA,NA,NA,0,NA,NA,NA,NA,NA,NA,NA,NA,NA,NA,NA,NA,NA,NA
"Miami Dolphins","DST","MIA",NA,NA,NA,NA,NA,NA,NA,NA,NA,NA,NA,NA,NA,7.63,NA,"2344","FleaFlicker","0503","FleaFlicker","DST",NA,NA,NA,NA,NA,NA,NA,NA,NA,NA,NA,NA,NA,NA,NA,NA,NA,NA,NA,NA,0.6,NA,1.9,NA,0.5,0.7,0.1,24.8,NA,NA,NA,359.4,NA,NA,NA,NA,NA,NA,6,"CINSun 1:00 PM",NA,NA,"5%",NA,NA,NA,NA,0,NA,NA,NA,NA,NA,NA,NA,NA,NA,NA,NA,NA,NA,NA
"New York Giants","DST","NYG",NA,NA,NA,NA,NA,NA,NA,NA,NA,NA,NA,NA,NA,7.62,NA,"2348","FleaFlicker","0517","FleaFlicker","DST",NA,NA,NA,NA,NA,NA,NA,NA,NA,NA,NA,NA,NA,NA,NA,NA,NA,NA,NA,NA,0.6,NA,1.9,NA,0.5,0.7,0.1,23.2,NA,NA,NA,339.1,NA,NA,NA,NA,NA,NA,8,"@WASSun 1:00 PM","D/ST26",NA,"14%",NA,NA,NA,NA,0,NA,NA,NA,NA,NA,NA,NA,NA,NA,NA,NA,NA,NA,NA
"Arizona Cardinals","DST","ARI",NA,NA,NA,NA,NA,NA,NA,NA,NA,NA,NA,NA,NA,7.58,NA,"2328","FleaFlicker","0519","FleaFlicker","DST",NA,NA,NA,NA,NA,NA,NA,NA,NA,NA,NA,NA,NA,NA,NA,NA,NA,NA,NA,NA,0.5,NA,2,NA,0.5,0.7,0.1,30.4,NA,NA,NA,399.5,NA,NA,NA,NA,NA,NA,14,"DETSun 4:25 PM",NA,NA,"8%",NA,NA,NA,NA,0,NA,NA,NA,NA,NA,NA,NA,NA,NA,NA,NA,NA,NA,NA
"Baltimore Ravens","DST","BAL",NA,NA,NA,NA,NA,NA,NA,NA,NA,NA,NA,NA,NA,7.57,NA,"2330","FleaFlicker","0531","FleaFlicker","DST",NA,NA,NA,NA,NA,NA,NA,NA,NA,NA,NA,NA,NA,NA,NA,NA,NA,NA,NA,NA,0.6,NA,1.6,NA,0.5,0.8,0.1,23.7,NA,NA,NA,358.3,NA,NA,NA,NA,NA,NA,13,"@ATLSun 8:20 PM","D/ST10",NA,"73%",NA,NA,NA,NA,0,NA,NA,NA,NA,NA,NA,NA,NA,NA,NA,NA,NA,NA,NA
"Los Angeles Chargers","DST","LAC",NA,NA,NA,NA,NA,NA,NA,NA,NA,NA,NA,NA,NA,7.41,NA,"2353","FleaFlicker","0514","FleaFlicker","DST",NA,NA,NA,NA,NA,NA,NA,NA,NA,NA,NA,NA,NA,NA,NA,NA,NA,NA,NA,NA,0.7,NA,1.8,NA,0.5,0.6,0.1,21.7,NA,NA,NA,327.6,NA,NA,NA,NA,NA,NA,7,"DENSun 4:05 PM","D/ST12",NA,"49%",NA,NA,NA,NA,0,NA,NA,NA,NA,NA,NA,NA,NA,NA,NA,NA,NA,NA,NA
"Tampa Bay Buccaneers","DST","TB",NA,NA,NA,NA,NA,NA,NA,NA,NA,NA,NA,NA,NA,7.18,NA,"2357","FleaFlicker","0525","FleaFlicker","DST",NA,NA,NA,NA,NA,NA,NA,NA,NA,NA,NA,NA,NA,NA,NA,NA,NA,NA,NA,NA,0.6,NA,1.7,NA,0.5,0.7,0.1,28.5,NA,NA,NA,368.9,NA,NA,NA,NA,NA,NA,10,"@DALThu 8:15 PM","D/ST28",NA,"20%",NA,NA,NA,NA,0,NA,NA,NA,NA,NA,NA,NA,NA,NA,NA,NA,NA,NA,NA
"Josh Allen","QB","BUF",NA,34.59,23.78,281.19,NA,1.58,0.83,NA,6.16,32.36,NA,0.51,NA,22.77,NA,"53775","FanDuel","13589","NumberFire","QB",0,0,0,NA,NA,0,NA,NA,NA,NA,NA,NA,NA,NA,NA,NA,NA,NA,NA,NA,NA,NA,NA,NA,NA,NA,NA,NA,NA,NA,NA,NA,NA,NA,NA,NA,NA,NA,NA,NA,NA,NA,NA,NA,NA,NA,NA,NA,1,2,2,4,"Buffalo Bills",33,"Los Angeles Rams","LA",4,"Buffalo Bills","BUF","WEEKLY",NA,NA
"Matthew Stafford","QB","LA",NA,38.91,24.96,302.3,NA,2.26,0.84,NA,0.81,2.74,NA,0.03,NA,20.73,NA,"46","FanDuel","9431","NumberFire","QB",0,0,0,NA,NA,0,NA,NA,NA,NA,NA,NA,NA,NA,NA,NA,NA,NA,NA,NA,NA,NA,NA,NA,NA,NA,NA,NA,NA,NA,NA,NA,NA,NA,NA,NA,NA,NA,NA,NA,NA,NA,NA,NA,NA,NA,NA,NA,2,3,28,33,"Los Angeles Rams",33,"Los Angeles Rams","LA",4,"Buffalo Bills","BUF","WEEKLY",NA,NA
"Dak Prescott","QB","DAL",NA,36.01,24.44,269.73,NA,2.09,0.73,NA,1.53,6.81,NA,0.11,NA,19.72,NA,"53101","FanDuel","12620","NumberFire","QB",0,0,0,NA,NA,0,NA,NA,NA,NA,NA,NA,NA,NA,NA,NA,NA,NA,NA,NA,NA,NA,NA,NA,NA,NA,NA,NA,NA,NA,NA,NA,NA,NA,NA,NA,NA,NA,NA,NA,NA,NA,NA,NA,NA,NA,NA,NA,3,9,3,9,"Dallas Cowboys",9,"Dallas Cowboys","DAL",30,"Tampa Bay Buccaneers","TB","WEEKLY",NA,NA
"Drake Maye","QB","NE",NA,33.56,23.53,289.3,NA,1.6,0.77,NA,3.84,17.91,NA,0.16,NA,19.69,NA,"55921","FanDuel","16580","NumberFire","QB",0,0,0,NA,NA,0,NA,NA,NA,NA,NA,NA,NA,NA,NA,NA,NA,NA,NA,NA,NA,NA,NA,NA,NA,NA,NA,NA,NA,NA,NA,NA,NA,NA,NA,NA,NA,NA,NA,NA,NA,NA,NA,NA,NA,NA,NA,NA,4,10,8,19,"New England Patriots",19,"New England Patriots","NE",35,"Las Vegas Raiders","LV","WEEKLY",NA,NA
"Jared Goff","QB","DET",NA,35.83,24.34,280.18,NA,2.06,0.56,NA,1.39,4.74,NA,0.06,NA,19.62,NA,"53082","FanDuel","12611","NumberFire","QB",0,0,0,NA,NA,0,NA,NA,NA,NA,NA,NA,NA,NA,NA,NA,NA,NA,NA,NA,NA,NA,NA,NA,NA,NA,NA,NA,NA,NA,NA,NA,NA,NA,NA,NA,NA,NA,NA,NA,NA,NA,NA,NA,NA,NA,NA,NA,5,11,27,11,"Detroit Lions",1,"Arizona Cardinals","ARI",11,"Detroit Lions","DET","WEEKLY",NA,NA
"Joe Burrow","QB","CIN",NA,35.27,24.17,252.56,NA,1.92,0.65,NA,3.71,15.16,NA,0.16,NA,19.39,NA,"54499","FanDuel","14777","NumberFire","QB",0,0,0,NA,NA,0,NA,NA,NA,NA,NA,NA,NA,NA,NA,NA,NA,NA,NA,NA,NA,NA,NA,NA,NA,NA,NA,NA,NA,NA,NA,NA,NA,NA,NA,NA,NA,NA,NA,NA,NA,NA,NA,NA,NA,NA,NA,NA,6,12,29,7,"Cincinnati Bengals",17,"Miami Dolphins","MIA",7,"Cincinnati Bengals","CIN","WEEKLY",NA,NA
"Sam Darnold","QB","SEA",NA,33.54,22.61,283.08,NA,1.86,0.93,NA,1.04,4.15,NA,0.04,NA,18.39,NA,"53786","FanDuel","13592","NumberFire","QB",0,0,0,NA,NA,0,NA,NA,NA,NA,NA,NA,NA,NA,NA,NA,NA,NA,NA,NA,NA,NA,NA,NA,NA,NA,NA,NA,NA,NA,NA,NA,NA,NA,NA,NA,NA,NA,NA,NA,NA,NA,NA,NA,NA,NA,NA,NA,7,14,13,28,"Seattle Seahawks",28,"Seattle Seahawks","SEA",27,"San Francisco 49ers","SF","WEEKLY",NA,NA
"Tyler Shough","QB","NO",NA,36.01,24.48,258.92,NA,1.47,0.74,NA,3.78,16.48,NA,0.17,NA,17.92,NA,"56271","FanDuel","17039","NumberFire","QB",0,0,0,NA,NA,0,NA,NA,NA,NA,NA,NA,NA,NA,NA,NA,NA,NA,NA,NA,NA,NA,NA,NA,NA,NA,NA,NA,NA,NA,NA,NA,NA,NA,NA,NA,NA,NA,NA,NA,NA,NA,NA,NA,NA,NA,NA,NA,8,15,1,20,"New Orleans Saints",20,"New Orleans Saints","NO",18,"Minnesota Vikings","MIN","WEEKLY",NA,NA
"Brock Purdy","QB","SF",NA,34.45,23.95,283.21,NA,1.47,0.82,NA,1.53,6.6,NA,0.05,NA,17.33,NA,"55455","FanDuel","15698","NumberFire","QB",0,0,0,NA,NA,0,NA,NA,NA,NA,NA,NA,NA,NA,NA,NA,NA,NA,NA,NA,NA,NA,NA,NA,NA,NA,NA,NA,NA,NA,NA,NA,NA,NA,NA,NA,NA,NA,NA,NA,NA,NA,NA,NA,NA,NA,NA,NA,9,17,4,27,"San Francisco 49ers",28,"Seattle Seahawks","SEA",27,"San Francisco 49ers","SF","WEEKLY",NA,NA
"Trevor Lawrence","QB","JAC",NA,33.43,20.79,244.03,NA,1.56,0.69,NA,2.64,11.77,NA,0.15,NA,17.29,NA,"54869","FanDuel","15237","NumberFire","QB",0,0,0,NA,NA,0,NA,NA,NA,NA,NA,NA,NA,NA,NA,NA,NA,NA,NA,NA,NA,NA,NA,NA,NA,NA,NA,NA,NA,NA,NA,NA,NA,NA,NA,NA,NA,NA,NA,NA,NA,NA,NA,NA,NA,NA,NA,NA,10,18,24,15,"Jacksonville Jaguars",15,"Jacksonville Jaguars","JAC",24,"Philadelphia Eagles","PHI","WEEKLY",NA,NA
"Jayden Daniels","QB","WSH",NA,27.59,16.38,178.81,NA,1.34,0.54,NA,7.27,34.81,NA,0.32,NA,17.25,NA,"55928","FanDuel","16581","NumberFire","QB",0,0,0,NA,NA,0,NA,NA,NA,NA,NA,NA,NA,NA,NA,NA,NA,NA,NA,NA,NA,NA,NA,NA,NA,NA,NA,NA,NA,NA,NA,NA,NA,NA,NA,NA,NA,NA,NA,NA,NA,NA,NA,NA,NA,NA,NA,NA,11,19,19,32,"Washington Commanders",32,"Washington Commanders","WSH",21,"New York Giants","NYG","WEEKLY",NA,NA
"Aaron Rodgers","QB","PIT",NA,34.56,22.03,229.48,NA,1.82,0.55,NA,1.36,6.44,NA,0.07,NA,16.87,NA,"10","FanDuel","7836","NumberFire","QB",0,0,0,NA,NA,0,NA,NA,NA,NA,NA,NA,NA,NA,NA,NA,NA,NA,NA,NA,NA,NA,NA,NA,NA,NA,NA,NA,NA,NA,NA,NA,NA,NA,NA,NA,NA,NA,NA,NA,NA,NA,NA,NA,NA,NA,NA,NA,12,21,21,25,"Pittsburgh Steelers",25,"Pittsburgh Steelers","PIT",14,"Indianapolis Colts","IND","WEEKLY",NA,NA
"Malik Willis","QB","MIA",NA,29.24,18.65,222.84,NA,1.01,0.61,NA,7.02,31.73,NA,0.27,NA,16.68,NA,"55391","FanDuel","15694","NumberFire","QB",0,0,0,NA,NA,0,NA,NA,NA,NA,NA,NA,NA,NA,NA,NA,NA,NA,NA,NA,NA,NA,NA,NA,NA,NA,NA,NA,NA,NA,NA,NA,NA,NA,NA,NA,NA,NA,NA,NA,NA,NA,NA,NA,NA,NA,NA,NA,13,22,12,17,"Miami Dolphins",17,"Miami Dolphins","MIA",7,"Cincinnati Bengals","CIN","WEEKLY",NA,NA
"Jacoby Brissett","QB","ARI",NA,37.41,24.55,245.81,NA,1.71,0.57,NA,0.66,2.8,NA,0.04,NA,16.6,NA,"53222","FanDuel","12616","NumberFire","QB",0,0,0,NA,NA,0,NA,NA,NA,NA,NA,NA,NA,NA,NA,NA,NA,NA,NA,NA,NA,NA,NA,NA,NA,NA,NA,NA,NA,NA,NA,NA,NA,NA,NA,NA,NA,NA,NA,NA,NA,NA,NA,NA,NA,NA,NA,NA,14,23,32,1,"Arizona Cardinals",1,"Arizona Cardinals","ARI",11,"Detroit Lions","DET","WEEKLY",NA,NA
"Bo Nix","QB","DEN",NA,33.99,21.34,216.17,NA,1.46,0.69,NA,3.64,15.81,NA,0.16,NA,16.24,NA,"55913","FanDuel","16582","NumberFire","QB",0,0,0,NA,NA,0,NA,NA,NA,NA,NA,NA,NA,NA,NA,NA,NA,NA,NA,NA,NA,NA,NA,NA,NA,NA,NA,NA,NA,NA,NA,NA,NA,NA,NA,NA,NA,NA,NA,NA,NA,NA,NA,NA,NA,NA,NA,NA,15,26,16,10,"Denver Broncos",34,"Los Angeles Chargers","LAC",10,"Denver Broncos","DEN","WEEKLY",NA,NA
"Jordan Love","QB","GB",NA,34.1,21.73,254.35,NA,1.61,0.7,NA,0.14,0.59,NA,0.01,NA,16.01,NA,"54886","FanDuel","14782","NumberFire","QB",0,0,0,NA,NA,0,NA,NA,NA,NA,NA,NA,NA,NA,NA,NA,NA,NA,NA,NA,NA,NA,NA,NA,NA,NA,NA,NA,NA,NA,NA,NA,NA,NA,NA,NA,NA,NA,NA,NA,NA,NA,NA,NA,NA,NA,NA,NA,16,30,6,12,"Green Bay Packers",12,"Green Bay Packers","GB",6,"Chicago Bears","CHI","WEEKLY",NA,NA
"Michael Penix Jr.","QB","ATL",NA,33.51,20.48,248.65,NA,1.53,0.68,NA,0.71,3.05,NA,0.04,NA,15.91,NA,"55991","FanDuel","16583","NumberFire","QB",0,0,0,NA,NA,0,NA,NA,NA,NA,NA,NA,NA,NA,NA,NA,NA,NA,NA,NA,NA,NA,NA,NA,NA,NA,NA,NA,NA,NA,NA,NA,NA,NA,NA,NA,NA,NA,NA,NA,NA,NA,NA,NA,NA,NA,NA,NA,17,31,15,2,"Atlanta Falcons",2,"Atlanta Falcons","ATL",3,"Baltimore Ravens","BAL","WEEKLY",NA,NA
"Justin Herbert","QB","LAC",NA,32.89,21.42,236.79,NA,1.23,0.57,NA,2.93,13.12,NA,0.1,NA,15.85,NA,"54537","FanDuel","14779","NumberFire","QB",0.13,0.09,0.48,NA,NA,0.02,NA,NA,NA,NA,NA,NA,NA,NA,NA,NA,NA,NA,NA,NA,NA,NA,NA,NA,NA,NA,NA,NA,NA,NA,NA,NA,NA,NA,NA,NA,NA,NA,NA,NA,NA,NA,NA,NA,NA,NA,NA,NA,18,32,26,34,"Los Angeles Chargers",34,"Los Angeles Chargers","LAC",10,"Denver Broncos","DEN","WEEKLY",NA,NA
"Jalen Hurts","QB","PHI",NA,31.81,20.28,220.48,NA,1.01,0.61,NA,4.4,19.89,NA,0.24,NA,15.5,NA,"54662","FanDuel","14783","NumberFire","QB",0,0,0,NA,NA,0,NA,NA,NA,NA,NA,NA,NA,NA,NA,NA,NA,NA,NA,NA,NA,NA,NA,NA,NA,NA,NA,NA,NA,NA,NA,NA,NA,NA,NA,NA,NA,NA,NA,NA,NA,NA,NA,NA,NA,NA,NA,NA,19,34,5,24,"Philadelphia Eagles",15,"Jacksonville Jaguars","JAC",24,"Philadelphia Eagles","PHI","WEEKLY",NA,NA
"Tyson Bagent","QB","CHI",NA,35.4,23.47,228.32,NA,1.37,0.96,NA,2.32,10.02,NA,0.13,NA,15.31,NA,"55807","FanDuel","16384","NumberFire","QB",0,0,0,NA,NA,0,NA,NA,NA,NA,NA,NA,NA,NA,NA,NA,NA,NA,NA,NA,NA,NA,NA,NA,NA,NA,NA,NA,NA,NA,NA,NA,NA,NA,NA,NA,NA,NA,NA,NA,NA,NA,NA,NA,NA,NA,NA,NA,20,35,25,6,"Chicago Bears",12,"Green Bay Packers","GB",6,"Chicago Bears","CHI","WEEKLY",NA,NA
"Kirk Cousins","QB","LV",NA,35.58,22.31,236.63,NA,1.52,0.73,NA,0.63,2.26,NA,0.03,NA,15.1,NA,"4490","FanDuel","10700","NumberFire","QB",0,0,0,NA,NA,0,NA,NA,NA,NA,NA,NA,NA,NA,NA,NA,NA,NA,NA,NA,NA,NA,NA,NA,NA,NA,NA,NA,NA,NA,NA,NA,NA,NA,NA,NA,NA,NA,NA,NA,NA,NA,NA,NA,NA,NA,NA,NA,21,37,11,35,"Las Vegas Raiders",19,"New England Patriots","NE",35,"Las Vegas Raiders","LV","WEEKLY",NA,NA
"Deshaun Watson","QB","CLE",NA,32.43,22.01,197.83,NA,1.25,0.67,NA,3.56,17.4,NA,0.13,NA,14.54,NA,"53433","FanDuel","13113","NumberFire","QB",0,0,0,NA,NA,0,NA,NA,NA,NA,NA,NA,NA,NA,NA,NA,NA,NA,NA,NA,NA,NA,NA,NA,NA,NA,NA,NA,NA,NA,NA,NA,NA,NA,NA,NA,NA,NA,NA,NA,NA,NA,NA,NA,NA,NA,NA,NA,22,42,23,8,"Cleveland Browns",22,"New York Jets","NYJ",8,"Cleveland Browns","CLE","WEEKLY",NA,NA
"Jalon Daniels","QB","TB",NA,33.97,21.54,215.39,NA,1.2,0.93,NA,2.01,8.85,NA,0.09,NA,13.81,NA,"56865","FanDuel","17469","NumberFire","QB",0,0,0,NA,NA,0,NA,NA,NA,NA,NA,NA,NA,NA,NA,NA,NA,NA,NA,NA,NA,NA,NA,NA,NA,NA,NA,NA,NA,NA,NA,NA,NA,NA,NA,NA,NA,NA,NA,NA,NA,NA,NA,NA,NA,NA,NA,NA,23,46,31,30,"Tampa Bay Buccaneers",9,"Dallas Cowboys","DAL",30,"Tampa Bay Buccaneers","TB","WEEKLY",NA,NA
"Carson Wentz","QB","MIN",NA,31.66,20.44,207.08,NA,1.55,0.65,NA,0,0,NA,0,NA,13.81,NA,"53077","FanDuel","12610","NumberFire","QB",0,0,0,NA,NA,0,NA,NA,NA,NA,NA,NA,NA,NA,NA,NA,NA,NA,NA,NA,NA,NA,NA,NA,NA,NA,NA,NA,NA,NA,NA,NA,NA,NA,NA,NA,NA,NA,NA,NA,NA,NA,NA,NA,NA,NA,NA,NA,23,46,30,18,"Minnesota Vikings",20,"New Orleans Saints","NO",18,"Minnesota Vikings","MIN","WEEKLY",NA,NA
"C.J. Stroud","QB","HOU",NA,33.38,21.28,243.35,NA,1.15,0.58,NA,0,0,NA,0,NA,13.81,NA,"55619","FanDuel","16150","NumberFire","QB",0,0,0,NA,NA,0,NA,NA,NA,NA,NA,NA,NA,NA,NA,NA,NA,NA,NA,NA,NA,NA,NA,NA,NA,NA,NA,NA,NA,NA,NA,NA,NA,NA,NA,NA,NA,NA,NA,NA,NA,NA,NA,NA,NA,NA,NA,NA,23,46,18,13,"Houston Texans",31,"Tennessee Titans","TEN",13,"Houston Texans","HOU","WEEKLY",NA,NA
"Jameis Winston","QB","NYG",NA,28.31,16.26,204.09,NA,1.17,1.03,NA,3.35,14.09,NA,0.12,NA,13.72,NA,"52774","FanDuel","12140","NumberFire","QB",0,0,0,NA,NA,0,NA,NA,NA,NA,NA,NA,NA,NA,NA,NA,NA,NA,NA,NA,NA,NA,NA,NA,NA,NA,NA,NA,NA,NA,NA,NA,NA,NA,NA,NA,NA,NA,NA,NA,NA,NA,NA,NA,NA,NA,NA,NA,26,50,20,21,"New York Giants",32,"Washington Commanders","WSH",21,"New York Giants","NYG","WEEKLY",NA,NA
"Daniel Jones","QB","IND",NA,31.56,21.1,235.72,NA,0.94,0.64,NA,1.8,8.78,NA,0.08,NA,13.65,NA,"54168","FanDuel","14059","NumberFire","QB",0,0,0,NA,NA,0,NA,NA,NA,NA,NA,NA,NA,NA,NA,NA,NA,NA,NA,NA,NA,NA,NA,NA,NA,NA,NA,NA,NA,NA,NA,NA,NA,NA,NA,NA,NA,NA,NA,NA,NA,NA,NA,NA,NA,NA,NA,NA,27,51,10,14,"Indianapolis Colts",25,"Pittsburgh Steelers","PIT",14,"Indianapolis Colts","IND","WEEKLY",NA,NA
"Geno Smith","QB","NYJ",NA,30.71,21.04,213.43,NA,1.22,0.69,NA,1.22,5.38,NA,0.05,NA,13.39,NA,"52081","FanDuel","11150","NumberFire","QB",0,0,0,NA,NA,0,NA,NA,NA,NA,NA,NA,NA,NA,NA,NA,NA,NA,NA,NA,NA,NA,NA,NA,NA,NA,NA,NA,NA,NA,NA,NA,NA,NA,NA,NA,NA,NA,NA,NA,NA,NA,NA,NA,NA,NA,NA,NA,28,53,17,22,"New York Jets",22,"New York Jets","NYJ",8,"Cleveland Browns","CLE","WEEKLY",NA,NA
"Tyler Huntley","QB","BAL",NA,32.71,22.17,195.61,NA,0.86,0.8,NA,2.14,9.55,NA,0.08,NA,11.78,NA,"54818","FanDuel","14789","NumberFire","QB",0,0,0,NA,NA,0,NA,NA,NA,NA,NA,NA,NA,NA,NA,NA,NA,NA,NA,NA,NA,NA,NA,NA,NA,NA,NA,NA,NA,NA,NA,NA,NA,NA,NA,NA,NA,NA,NA,NA,NA,NA,NA,NA,NA,NA,NA,NA,29,69,9,3,"Baltimore Ravens",2,"Atlanta Falcons","ATL",3,"Baltimore Ravens","BAL","WEEKLY",NA,NA
"Cam Ward","QB","TEN",NA,30.53,18.44,180.45,NA,0.87,0.58,NA,0,0,NA,0,NA,10.1,NA,"56245","FanDuel","17030","NumberFire","QB",0,0,0,NA,NA,0,NA,NA,NA,NA,NA,NA,NA,NA,NA,NA,NA,NA,NA,NA,NA,NA,NA,NA,NA,NA,NA,NA,NA,NA,NA,NA,NA,NA,NA,NA,NA,NA,NA,NA,NA,NA,NA,NA,NA,NA,NA,NA,30,86,22,31,"Tennessee Titans",31,"Tennessee Titans","TEN",13,"Houston Texans","HOU","WEEKLY",NA,NA
"Kyler Murray","QB","MIN",NA,0,0,0,NA,0,0,NA,4.5,24.9,NA,0.27,NA,3.73,NA,"54125","FanDuel","14056","NumberFire","QB",0,0,0,NA,NA,0,NA,NA,NA,NA,NA,NA,NA,NA,NA,NA,NA,NA,NA,NA,NA,NA,NA,NA,NA,NA,NA,NA,NA,NA,NA,NA,NA,NA,NA,NA,NA,NA,NA,NA,NA,NA,NA,NA,NA,NA,NA,NA,31,194,30,18,"Minnesota Vikings",20,"New Orleans Saints","NO",18,"Minnesota Vikings","MIN","WEEKLY",NA,NA
"Tyrod Taylor","QB","GB",NA,0.57,0.36,3.68,NA,0.02,0.01,NA,0.15,0.75,NA,0.01,NA,0.33,NA,"4371","FanDuel","10413","NumberFire","QB",0,0,0,NA,NA,0,NA,NA,NA,NA,NA,NA,NA,NA,NA,NA,NA,NA,NA,NA,NA,NA,NA,NA,NA,NA,NA,NA,NA,NA,NA,NA,NA,NA,NA,NA,NA,NA,NA,NA,NA,NA,NA,NA,NA,NA,NA,NA,32,335,6,12,"Green Bay Packers",12,"Green Bay Packers","GB",6,"Chicago Bears","CHI","WEEKLY",NA,NA
"Case Keenum","QB","CHI",NA,0.72,0.45,4.69,NA,0.03,0.02,NA,0,0,NA,0,NA,0.29,NA,"52350","FanDuel","10948","NumberFire","QB",0,0,0,NA,NA,0,NA,NA,NA,NA,NA,NA,NA,NA,NA,NA,NA,NA,NA,NA,NA,NA,NA,NA,NA,NA,NA,NA,NA,NA,NA,NA,NA,NA,NA,NA,NA,NA,NA,NA,NA,NA,NA,NA,NA,NA,NA,NA,33,336,25,6,"Chicago Bears",12,"Green Bay Packers","GB",6,"Chicago Bears","CHI","WEEKLY",NA,NA
"Joe Flacco","QB","CIN",NA,0.72,0.44,4.31,NA,0.03,0.02,NA,0,0,NA,0,NA,0.27,NA,"15","FanDuel","9064","NumberFire","QB",0,0,0,NA,NA,0,NA,NA,NA,NA,NA,NA,NA,NA,NA,NA,NA,NA,NA,NA,NA,NA,NA,NA,NA,NA,NA,NA,NA,NA,NA,NA,NA,NA,NA,NA,NA,NA,NA,NA,NA,NA,NA,NA,NA,NA,NA,NA,34,340,29,7,"Cincinnati Bengals",17,"Miami Dolphins","MIA",7,"Cincinnati Bengals","CIN","WEEKLY",NA,NA
"Luke Altmyer","QB","DET",NA,0.73,0.46,4.7,NA,0.02,0.02,NA,0,0,NA,0,NA,0.25,NA,"56882","FanDuel","17470","NumberFire","QB",0,0,0,NA,NA,0,NA,NA,NA,NA,NA,NA,NA,NA,NA,NA,NA,NA,NA,NA,NA,NA,NA,NA,NA,NA,NA,NA,NA,NA,NA,NA,NA,NA,NA,NA,NA,NA,NA,NA,NA,NA,NA,NA,NA,NA,NA,NA,35,343,27,11,"Detroit Lions",1,"Arizona Cardinals","ARI",11,"Detroit Lions","DET","WEEKLY",NA,NA
"Kyle Allen","QB","BUF",NA,0.71,0.44,4.63,NA,0.02,0.02,NA,0,0,NA,0,NA,0.25,NA,"54111","FanDuel","13879","NumberFire","QB",0,0,0,NA,NA,0,NA,NA,NA,NA,NA,NA,NA,NA,NA,NA,NA,NA,NA,NA,NA,NA,NA,NA,NA,NA,NA,NA,NA,NA,NA,NA,NA,NA,NA,NA,NA,NA,NA,NA,NA,NA,NA,NA,NA,NA,NA,NA,35,343,2,4,"Buffalo Bills",33,"Los Angeles Rams","LA",4,"Buffalo Bills","BUF","WEEKLY",NA,NA
"Kyle McCord","QB","MIA",NA,0.6,0.38,3.89,NA,0.02,0.02,NA,0,0,NA,0,NA,0.22,NA,"56861","FanDuel","17038","NumberFire","QB",0,0,0,NA,NA,0,NA,NA,NA,NA,NA,NA,NA,NA,NA,NA,NA,NA,NA,NA,NA,NA,NA,NA,NA,NA,NA,NA,NA,NA,NA,NA,NA,NA,NA,NA,NA,NA,NA,NA,NA,NA,NA,NA,NA,NA,NA,NA,37,346,12,17,"Miami Dolphins",17,"Miami Dolphins","MIA",7,"Cincinnati Bengals","CIN","WEEKLY",NA,NA
"Baker Mayfield","QB","TB",NA,0,0,0,NA,0,0,NA,0,0,NA,0,NA,0,NA,"53777","FanDuel","13590","NumberFire","QB",0,0,0,NA,NA,0,NA,NA,NA,NA,NA,NA,NA,NA,NA,NA,NA,NA,NA,NA,NA,NA,NA,NA,NA,NA,NA,NA,NA,NA,NA,NA,NA,NA,NA,NA,NA,NA,NA,NA,NA,NA,NA,NA,NA,NA,NA,NA,38,364,31,30,"Tampa Bay Buccaneers",9,"Dallas Cowboys","DAL",30,"Tampa Bay Buccaneers","TB","WEEKLY",NA,NA
"Sam Howell","QB","DAL",NA,0,0,0,NA,0,0,NA,0,0,NA,0,NA,0,NA,"55563","FanDuel","15693","NumberFire","QB",0,0,0,NA,NA,0,NA,NA,NA,NA,NA,NA,NA,NA,NA,NA,NA,NA,NA,NA,NA,NA,NA,NA,NA,NA,NA,NA,NA,NA,NA,NA,NA,NA,NA,NA,NA,NA,NA,NA,NA,NA,NA,NA,NA,NA,NA,NA,38,364,3,9,"Dallas Cowboys",9,"Dallas Cowboys","DAL",30,"Tampa Bay Buccaneers","TB","WEEKLY",NA,NA
"Andy Dalton","QB","PHI",NA,0,0,0,NA,0,0,NA,0,0,NA,0,NA,0,NA,"4319","FanDuel","10313","NumberFire","QB",0,0,0,NA,NA,0,NA,NA,NA,NA,NA,NA,NA,NA,NA,NA,NA,NA,NA,NA,NA,NA,NA,NA,NA,NA,NA,NA,NA,NA,NA,NA,NA,NA,NA,NA,NA,NA,NA,NA,NA,NA,NA,NA,NA,NA,NA,NA,38,364,5,24,"Philadelphia Eagles",15,"Jacksonville Jaguars","JAC",24,"Philadelphia Eagles","PHI","WEEKLY",NA,NA
"Tanner McKee","QB","PHI",NA,0,0,0,NA,0,0,NA,0,0,NA,0,NA,0,NA,"56228","FanDuel","15702","NumberFire","QB",0,0,0,NA,NA,0,NA,NA,NA,NA,NA,NA,NA,NA,NA,NA,NA,NA,NA,NA,NA,NA,NA,NA,NA,NA,NA,NA,NA,NA,NA,NA,NA,NA,NA,NA,NA,NA,NA,NA,NA,NA,NA,NA,NA,NA,NA,NA,38,364,5,24,"Philadelphia Eagles",15,"Jacksonville Jaguars","JAC",24,"Philadelphia Eagles","PHI","WEEKLY",NA,NA
"Quinn Ewers","QB","JAC",NA,0,0,0,NA,0,0,NA,0,0,NA,0,NA,0,NA,"56528","FanDuel","17034","NumberFire","QB",0,0,0,NA,NA,0,NA,NA,NA,NA,NA,NA,NA,NA,NA,NA,NA,NA,NA,NA,NA,NA,NA,NA,NA,NA,NA,NA,NA,NA,NA,NA,NA,NA,NA,NA,NA,NA,NA,NA,NA,NA,NA,NA,NA,NA,NA,NA,38,364,24,15,"Jacksonville Jaguars",15,"Jacksonville Jaguars","JAC",24,"Philadelphia Eagles","PHI","WEEKLY",NA,NA
"Cole Payton","QB","PHI",NA,0,0,0,NA,0,0,NA,0,0,NA,0,NA,0,NA,"56887","FanDuel","17654","NumberFire","QB",0,0,0,NA,NA,0,NA,NA,NA,NA,NA,NA,NA,NA,NA,NA,NA,NA,NA,NA,NA,NA,NA,NA,NA,NA,NA,NA,NA,NA,NA,NA,NA,NA,NA,NA,NA,NA,NA,NA,NA,NA,NA,NA,NA,NA,NA,NA,38,364,5,24,"Philadelphia Eagles",15,"Jacksonville Jaguars","JAC",24,"Philadelphia Eagles","PHI","WEEKLY",NA,NA
"Shedeur Sanders","QB","CLE",NA,0,0,0.02,NA,0,0,NA,0,0,NA,0,NA,0,NA,"56274","FanDuel","17031","NumberFire","QB",0,0,0,NA,NA,0,NA,NA,NA,NA,NA,NA,NA,NA,NA,NA,NA,NA,NA,NA,NA,NA,NA,NA,NA,NA,NA,NA,NA,NA,NA,NA,NA,NA,NA,NA,NA,NA,NA,NA,NA,NA,NA,NA,NA,NA,NA,NA,38,364,23,8,"Cleveland Browns",22,"New York Jets","NYJ",8,"Cleveland Browns","CLE","WEEKLY",NA,NA
"Cade Klubnik","QB","NYJ",NA,0,0,0,NA,0,0,NA,0,0,NA,0,NA,0,NA,"56676","FanDuel","17467","NumberFire","QB",0,0,0,NA,NA,0,NA,NA,NA,NA,NA,NA,NA,NA,NA,NA,NA,NA,NA,NA,NA,NA,NA,NA,NA,NA,NA,NA,NA,NA,NA,NA,NA,NA,NA,NA,NA,NA,NA,NA,NA,NA,NA,NA,NA,NA,NA,NA,38,364,17,22,"New York Jets",22,"New York Jets","NYJ",8,"Cleveland Browns","CLE","WEEKLY",NA,NA
"Taylen Green","QB","CLE",NA,0,0,0,NA,0,0,NA,0,0,NA,0,NA,0,NA,"56881","FanDuel","17657","NumberFire","QB",0,0,0,NA,NA,0,NA,NA,NA,NA,NA,NA,NA,NA,NA,NA,NA,NA,NA,NA,NA,NA,NA,NA,NA,NA,NA,NA,NA,NA,NA,NA,NA,NA,NA,NA,NA,NA,NA,NA,NA,NA,NA,NA,NA,NA,NA,NA,38,364,23,8,"Cleveland Browns",22,"New York Jets","NYJ",8,"Cleveland Browns","CLE","WEEKLY",NA,NA
"Brady Cook","QB","MIA",NA,0,0,0,NA,0,0,NA,0,0,NA,0,NA,0,NA,"56461","FanDuel","17040","NumberFire","QB",0,0,0,NA,NA,0,NA,NA,NA,NA,NA,NA,NA,NA,NA,NA,NA,NA,NA,NA,NA,NA,NA,NA,NA,NA,NA,NA,NA,NA,NA,NA,NA,NA,NA,NA,NA,NA,NA,NA,NA,NA,NA,NA,NA,NA,NA,NA,38,364,12,17,"Miami Dolphins",17,"Miami Dolphins","MIA",7,"Cincinnati Bengals","CIN","WEEKLY",NA,NA
"Aidan O'Connell","QB","LV",NA,0,0,0,NA,0,0,NA,0,0,NA,0,NA,0,NA,"55771","FanDuel","16159","NumberFire","QB",0,0,0,NA,NA,0,NA,NA,NA,NA,NA,NA,NA,NA,NA,NA,NA,NA,NA,NA,NA,NA,NA,NA,NA,NA,NA,NA,NA,NA,NA,NA,NA,NA,NA,NA,NA,NA,NA,NA,NA,NA,NA,NA,NA,NA,NA,NA,38,364,11,35,"Las Vegas Raiders",19,"New England Patriots","NE",35,"Las Vegas Raiders","LV","WEEKLY",NA,NA
"Tommy DeVito","QB","NE",NA,0,0,0,NA,0,0,NA,0,0,NA,0,NA,0,NA,"55831","FanDuel","16441","NumberFire","QB",0,0,0,NA,NA,0,NA,NA,NA,NA,NA,NA,NA,NA,NA,NA,NA,NA,NA,NA,NA,NA,NA,NA,NA,NA,NA,NA,NA,NA,NA,NA,NA,NA,NA,NA,NA,NA,NA,NA,NA,NA,NA,NA,NA,NA,NA,NA,38,364,8,19,"New England Patriots",19,"New England Patriots","NE",35,"Las Vegas Raiders","LV","WEEKLY",NA,NA
"Fernando Mendoza","QB","LV",NA,0,0,0,NA,0,0,NA,0,0,NA,0,NA,0,NA,"56624","FanDuel","17462","NumberFire","QB",0,0,0,NA,NA,0,NA,NA,NA,NA,NA,NA,NA,NA,NA,NA,NA,NA,NA,NA,NA,NA,NA,NA,NA,NA,NA,NA,NA,NA,NA,NA,NA,NA,NA,NA,NA,NA,NA,NA,NA,NA,NA,NA,NA,NA,NA,NA,38,364,11,35,"Las Vegas Raiders",19,"New England Patriots","NE",35,"Las Vegas Raiders","LV","WEEKLY",NA,NA
"Behren Morton","QB","NE",NA,0,0,0,NA,0,0,NA,0,0,NA,0,NA,0,NA,"56886","FanDuel","17702","NumberFire","QB",0,0,0,NA,NA,0,NA,NA,NA,NA,NA,NA,NA,NA,NA,NA,NA,NA,NA,NA,NA,NA,NA,NA,NA,NA,NA,NA,NA,NA,NA,NA,NA,NA,NA,NA,NA,NA,NA,NA,NA,NA,NA,NA,NA,NA,NA,NA,38,364,8,19,"New England Patriots",19,"New England Patriots","NE",35,"Las Vegas Raiders","LV","WEEKLY",NA,NA
"Zach Wilson","QB","NO",NA,0,0,0,NA,0,0,NA,0,0,NA,0,NA,0,NA,"54874","FanDuel","15239","NumberFire","QB",0,0,0,NA,NA,0,NA,NA,NA,NA,NA,NA,NA,NA,NA,NA,NA,NA,NA,NA,NA,NA,NA,NA,NA,NA,NA,NA,NA,NA,NA,NA,NA,NA,NA,NA,NA,NA,NA,NA,NA,NA,NA,NA,NA,NA,NA,NA,38,364,1,20,"New Orleans Saints",20,"New Orleans Saints","NO",18,"Minnesota Vikings","MIN","WEEKLY",NA,NA
"J.J. McCarthy","QB","MIN",NA,0,0,0,NA,0,0,NA,0,0,NA,0,NA,0,NA,"55918","FanDuel","16584","NumberFire","QB",0,0,0,NA,NA,0,NA,NA,NA,NA,NA,NA,NA,NA,NA,NA,NA,NA,NA,NA,NA,NA,NA,NA,NA,NA,NA,NA,NA,NA,NA,NA,NA,NA,NA,NA,NA,NA,NA,NA,NA,NA,NA,NA,NA,NA,NA,NA,38,364,30,18,"Minnesota Vikings",20,"New Orleans Saints","NO",18,"Minnesota Vikings","MIN","WEEKLY",NA,NA
"Spencer Rattler","QB","NO",NA,0,0,0,NA,0,0,NA,0,0,NA,0,NA,0,NA,"56128","FanDuel","16586","NumberFire","QB",0,0,0,NA,NA,0,NA,NA,NA,NA,NA,NA,NA,NA,NA,NA,NA,NA,NA,NA,NA,NA,NA,NA,NA,NA,NA,NA,NA,NA,NA,NA,NA,NA,NA,NA,NA,NA,NA,NA,NA,NA,NA,NA,NA,NA,NA,NA,38,364,1,20,"New Orleans Saints",20,"New Orleans Saints","NO",18,"Minnesota Vikings","MIN","WEEKLY",NA,NA
"Mitchell Trubisky","QB","TEN",NA,0,0,0,NA,0,0,NA,0,0,NA,0,NA,0,NA,"53426","FanDuel","13115","NumberFire","QB",0,0,0,NA,NA,0,NA,NA,NA,NA,NA,NA,NA,NA,NA,NA,NA,NA,NA,NA,NA,NA,NA,NA,NA,NA,NA,NA,NA,NA,NA,NA,NA,NA,NA,NA,NA,NA,NA,NA,NA,NA,NA,NA,NA,NA,NA,NA,38,364,22,31,"Tennessee Titans",31,"Tennessee Titans","TEN",13,"Houston Texans","HOU","WEEKLY",NA,NA
"Davis Mills","QB","HOU",NA,0,0,0,NA,0,0,NA,0,0,NA,0,NA,0,NA,"54983","FanDuel","15252","NumberFire","QB",0,0,0,NA,NA,0,NA,NA,NA,NA,NA,NA,NA,NA,NA,NA,NA,NA,NA,NA,NA,NA,NA,NA,NA,NA,NA,NA,NA,NA,NA,NA,NA,NA,NA,NA,NA,NA,NA,NA,NA,NA,NA,NA,NA,NA,NA,NA,38,364,18,13,"Houston Texans",31,"Tennessee Titans","TEN",13,"Houston Texans","HOU","WEEKLY",NA,NA
"Graham Mertz","QB","HOU",NA,0,0,0,NA,0,0,NA,0,0,NA,0,NA,0,NA,"56883","FanDuel","17227","NumberFire","QB",0,0,0,NA,NA,0,NA,NA,NA,NA,NA,NA,NA,NA,NA,NA,NA,NA,NA,NA,NA,NA,NA,NA,NA,NA,NA,NA,NA,NA,NA,NA,NA,NA,NA,NA,NA,NA,NA,NA,NA,NA,NA,NA,NA,NA,NA,NA,38,364,18,13,"Houston Texans",31,"Tennessee Titans","TEN",13,"Houston Texans","HOU","WEEKLY",NA,NA
"Marcus Mariota","QB","WSH",NA,0,0,0,NA,0,0,NA,0,0,NA,0,NA,0,NA,"52775","FanDuel","12141","NumberFire","QB",0,0,0,NA,NA,0,NA,NA,NA,NA,NA,NA,NA,NA,NA,NA,NA,NA,NA,NA,NA,NA,NA,NA,NA,NA,NA,NA,NA,NA,NA,NA,NA,NA,NA,NA,NA,NA,NA,NA,NA,NA,NA,NA,NA,NA,NA,NA,38,364,19,32,"Washington Commanders",32,"Washington Commanders","WSH",21,"New York Giants","NYG","WEEKLY",NA,NA
"Jaxson Dart","QB","NYG",NA,0,0,0,NA,0,0,NA,0,0,NA,0,NA,0,NA,"56263","FanDuel","17032","NumberFire","QB",0,0,0,NA,NA,0,NA,NA,NA,NA,NA,NA,NA,NA,NA,NA,NA,NA,NA,NA,NA,NA,NA,NA,NA,NA,NA,NA,NA,NA,NA,NA,NA,NA,NA,NA,NA,NA,NA,NA,NA,NA,NA,NA,NA,NA,NA,NA,38,364,20,21,"New York Giants",32,"Washington Commanders","WSH",21,"New York Giants","NYG","WEEKLY",NA,NA
"Athan Kaliakmanis","QB","WSH",NA,0,0,0,NA,0,0,NA,0,0,NA,0,NA,0,NA,"56889","FanDuel","17679","NumberFire","QB",0,0,0,NA,NA,0,NA,NA,NA,NA,NA,NA,NA,NA,NA,NA,NA,NA,NA,NA,NA,NA,NA,NA,NA,NA,NA,NA,NA,NA,NA,NA,NA,NA,NA,NA,NA,NA,NA,NA,NA,NA,NA,NA,NA,NA,NA,NA,38,364,19,32,"Washington Commanders",32,"Washington Commanders","WSH",21,"New York Giants","NYG","WEEKLY",NA,NA
"Sam Hartman","QB","WSH",NA,0,0,0,NA,0,0,NA,0,0,NA,0,NA,0,NA,"56949","FanDuel","16587","NumberFire","QB",0,0,0,NA,NA,0,NA,NA,NA,NA,NA,NA,NA,NA,NA,NA,NA,NA,NA,NA,NA,NA,NA,NA,NA,NA,NA,NA,NA,NA,NA,NA,NA,NA,NA,NA,NA,NA,NA,NA,NA,NA,NA,NA,NA,NA,NA,NA,38,364,19,32,"Washington Commanders",32,"Washington Commanders","WSH",21,"New York Giants","NYG","WEEKLY",NA,NA
"Mason Rudolph","QB","PIT",NA,0,0,0,NA,0,0,NA,0,0,NA,0,NA,0,NA,"54276","FanDuel","13595","NumberFire","QB",0,0,0,NA,NA,0,NA,NA,NA,NA,NA,NA,NA,NA,NA,NA,NA,NA,NA,NA,NA,NA,NA,NA,NA,NA,NA,NA,NA,NA,NA,NA,NA,NA,NA,NA,NA,NA,NA,NA,NA,NA,NA,NA,NA,NA,NA,NA,38,364,21,25,"Pittsburgh Steelers",25,"Pittsburgh Steelers","PIT",14,"Indianapolis Colts","IND","WEEKLY",NA,NA
"Anthony Richardson","QB","IND",NA,0,0,0,NA,0,0,NA,0,0,NA,0,NA,0,NA,"55623","FanDuel","16152","NumberFire","QB",0,0,0,NA,NA,0,NA,NA,NA,NA,NA,NA,NA,NA,NA,NA,NA,NA,NA,NA,NA,NA,NA,NA,NA,NA,NA,NA,NA,NA,NA,NA,NA,NA,NA,NA,NA,NA,NA,NA,NA,NA,NA,NA,NA,NA,NA,NA,38,364,10,14,"Indianapolis Colts",25,"Pittsburgh Steelers","PIT",14,"Indianapolis Colts","IND","WEEKLY",NA,NA
"Riley Leonard","QB","IND",NA,0,0,0,NA,0,0,NA,0,0,NA,0,NA,0,NA,"56511","FanDuel","17035","NumberFire","QB",0,0,0,NA,NA,0,NA,NA,NA,NA,NA,NA,NA,NA,NA,NA,NA,NA,NA,NA,NA,NA,NA,NA,NA,NA,NA,NA,NA,NA,NA,NA,NA,NA,NA,NA,NA,NA,NA,NA,NA,NA,NA,NA,NA,NA,NA,NA,38,364,10,14,"Indianapolis Colts",25,"Pittsburgh Steelers","PIT",14,"Indianapolis Colts","IND","WEEKLY",NA,NA
"Drew Allar","QB","PIT",NA,0,0,0,NA,0,0,NA,0,0,NA,0,NA,0,NA,"56679","FanDuel","17468","NumberFire","QB",0,0,0,NA,NA,0,NA,NA,NA,NA,NA,NA,NA,NA,NA,NA,NA,NA,NA,NA,NA,NA,NA,NA,NA,NA,NA,NA,NA,NA,NA,NA,NA,NA,NA,NA,NA,NA,NA,NA,NA,NA,NA,NA,NA,NA,NA,NA,38,364,21,25,"Pittsburgh Steelers",25,"Pittsburgh Steelers","PIT",14,"Indianapolis Colts","IND","WEEKLY",NA,NA
"Will Howard","QB","PIT",NA,0,0,0,NA,0,0,NA,0,0,NA,0,NA,0,NA,"56888","FanDuel","17036","NumberFire","QB",0,0,0,NA,NA,0,NA,NA,NA,NA,NA,NA,NA,NA,NA,NA,NA,NA,NA,NA,NA,NA,NA,NA,NA,NA,NA,NA,NA,NA,NA,NA,NA,NA,NA,NA,NA,NA,NA,NA,NA,NA,NA,NA,NA,NA,NA,NA,38,364,21,25,"Pittsburgh Steelers",25,"Pittsburgh Steelers","PIT",14,"Indianapolis Colts","IND","WEEKLY",NA,NA
"Jarrett Stidham","QB","DEN",NA,0,0,0,NA,0,0,NA,0,0,NA,0,NA,0,NA,"54313","FanDuel","14063","NumberFire","QB",0,0,0,NA,NA,0,NA,NA,NA,NA,NA,NA,NA,NA,NA,NA,NA,NA,NA,NA,NA,NA,NA,NA,NA,NA,NA,NA,NA,NA,NA,NA,NA,NA,NA,NA,NA,NA,NA,NA,NA,NA,NA,NA,NA,NA,NA,NA,38,364,16,10,"Denver Broncos",34,"Los Angeles Chargers","LAC",10,"Denver Broncos","DEN","WEEKLY",NA,NA
"Trey Lance","QB","LAC",NA,0,0,0,NA,0,0,NA,0,0,NA,0,NA,0,NA,"54879","FanDuel","15240","NumberFire","QB",0,0,0,NA,NA,0,NA,NA,NA,NA,NA,NA,NA,NA,NA,NA,NA,NA,NA,NA,NA,NA,NA,NA,NA,NA,NA,NA,NA,NA,NA,NA,NA,NA,NA,NA,NA,NA,NA,NA,NA,NA,NA,NA,NA,NA,NA,NA,38,364,26,34,"Los Angeles Chargers",34,"Los Angeles Chargers","LAC",10,"Denver Broncos","DEN","WEEKLY",NA,NA
"Sam Ehlinger","QB","DEN",NA,0,0,0,NA,0,0,NA,0,0,NA,0,NA,0,NA,"55122","FanDuel","15250","NumberFire","QB",0,0,0,NA,NA,0,NA,NA,NA,NA,NA,NA,NA,NA,NA,NA,NA,NA,NA,NA,NA,NA,NA,NA,NA,NA,NA,NA,NA,NA,NA,NA,NA,NA,NA,NA,NA,NA,NA,NA,NA,NA,NA,NA,NA,NA,NA,NA,38,364,16,10,"Denver Broncos",34,"Los Angeles Chargers","LAC",10,"Denver Broncos","DEN","WEEKLY",NA,NA
"Caleb Williams","QB","CHI",NA,0,0,0,NA,0,0,NA,0,0,NA,0,NA,0,NA,"55912","FanDuel","16579","NumberFire","QB",0,0,0,NA,NA,0,NA,NA,NA,NA,NA,NA,NA,NA,NA,NA,NA,NA,NA,NA,NA,NA,NA,NA,NA,NA,NA,NA,NA,NA,NA,NA,NA,NA,NA,NA,NA,NA,NA,NA,NA,NA,NA,NA,NA,NA,NA,NA,38,364,25,6,"Chicago Bears",12,"Green Bay Packers","GB",6,"Chicago Bears","CHI","WEEKLY",NA,NA
"Miller Moss","QB","CHI",NA,0,0,0,NA,0,0,NA,0,0,NA,0,NA,0,NA,"56896","FanDuel",NA,"NumberFire","QB",0,0,0,NA,NA,0,NA,NA,NA,NA,NA,NA,NA,NA,NA,NA,NA,NA,NA,NA,NA,NA,NA,NA,NA,NA,NA,NA,NA,NA,NA,NA,NA,NA,NA,NA,NA,NA,NA,NA,NA,NA,NA,NA,NA,NA,NA,NA,38,364,25,6,"Chicago Bears",12,"Green Bay Packers","GB",6,"Chicago Bears","CHI","WEEKLY",NA,NA
"Joshua Dobbs","QB","DET",NA,0,0,0,NA,0,0,NA,0,0,NA,0,NA,0,NA,"53987","FanDuel","13119","NumberFire","QB",0,0,0,NA,NA,0,NA,NA,NA,NA,NA,NA,NA,NA,NA,NA,NA,NA,NA,NA,NA,NA,NA,NA,NA,NA,NA,NA,NA,NA,NA,NA,NA,NA,NA,NA,NA,NA,NA,NA,NA,NA,NA,NA,NA,NA,NA,NA,38,364,27,11,"Detroit Lions",1,"Arizona Cardinals","ARI",11,"Detroit Lions","DET","WEEKLY",NA,NA
"Gardner Minshew","QB","ARI",NA,0,0,0,NA,0,0,NA,0,0,NA,0,NA,0,NA,"54214","FanDuel","14067","NumberFire","QB",0,0,0,NA,NA,0,NA,NA,NA,NA,NA,NA,NA,NA,NA,NA,NA,NA,NA,NA,NA,NA,NA,NA,NA,NA,NA,NA,NA,NA,NA,NA,NA,NA,NA,NA,NA,NA,NA,NA,NA,NA,NA,NA,NA,NA,NA,NA,38,364,32,1,"Arizona Cardinals",1,"Arizona Cardinals","ARI",11,"Detroit Lions","DET","WEEKLY",NA,NA
"Carson Beck","QB","ARI",NA,0,0,0,NA,0,0,NA,0,0,NA,0,NA,0,NA,"56878","FanDuel","17466","NumberFire","QB",0,0,0,NA,NA,0,NA,NA,NA,NA,NA,NA,NA,NA,NA,NA,NA,NA,NA,NA,NA,NA,NA,NA,NA,NA,NA,NA,NA,NA,NA,NA,NA,NA,NA,NA,NA,NA,NA,NA,NA,NA,NA,NA,NA,NA,NA,NA,38,364,32,1,"Arizona Cardinals",1,"Arizona Cardinals","ARI",11,"Detroit Lions","DET","WEEKLY",NA,NA
"Drew Lock","QB","SEA",NA,0,0,0,NA,0,0,NA,0,0,NA,0,NA,0,NA,"54167","FanDuel","14057","NumberFire","QB",0,0,0,NA,NA,0,NA,NA,NA,NA,NA,NA,NA,NA,NA,NA,NA,NA,NA,NA,NA,NA,NA,NA,NA,NA,NA,NA,NA,NA,NA,NA,NA,NA,NA,NA,NA,NA,NA,NA,NA,NA,NA,NA,NA,NA,NA,NA,38,364,13,28,"Seattle Seahawks",28,"Seattle Seahawks","SEA",27,"San Francisco 49ers","SF","WEEKLY",NA,NA
"Mac Jones","QB","SF",NA,0,0,0,NA,0,0,NA,0,0,NA,0,NA,0,NA,"54872","FanDuel","15241","NumberFire","QB",0,0,0,NA,NA,0,NA,NA,NA,NA,NA,NA,NA,NA,NA,NA,NA,NA,NA,NA,NA,NA,NA,NA,NA,NA,NA,NA,NA,NA,NA,NA,NA,NA,NA,NA,NA,NA,NA,NA,NA,NA,NA,NA,NA,NA,NA,NA,38,364,4,27,"San Francisco 49ers",28,"Seattle Seahawks","SEA",27,"San Francisco 49ers","SF","WEEKLY",NA,NA
"Jalen Milroe","QB","SEA",NA,0,0,0,NA,0,0,NA,0,0,NA,0,NA,0,NA,"56376","FanDuel","17033","NumberFire","QB",0,0,0,NA,NA,0,NA,NA,NA,NA,NA,NA,NA,NA,NA,NA,NA,NA,NA,NA,NA,NA,NA,NA,NA,NA,NA,NA,NA,NA,NA,NA,NA,NA,NA,NA,NA,NA,NA,NA,NA,NA,NA,NA,NA,NA,NA,NA,38,364,13,28,"Seattle Seahawks",28,"Seattle Seahawks","SEA",27,"San Francisco 49ers","SF","WEEKLY",NA,NA
"Kurtis Rourke","QB","SF",NA,0,0,0,NA,0,0,NA,0,0,NA,0,NA,0,NA,"56859","FanDuel","17041","NumberFire","QB",0,0,0,NA,NA,0,NA,NA,NA,NA,NA,NA,NA,NA,NA,NA,NA,NA,NA,NA,NA,NA,NA,NA,NA,NA,NA,NA,NA,NA,NA,NA,NA,NA,NA,NA,NA,NA,NA,NA,NA,NA,NA,NA,NA,NA,NA,NA,38,364,4,27,"San Francisco 49ers",28,"Seattle Seahawks","SEA",27,"San Francisco 49ers","SF","WEEKLY",NA,NA
"Cooper Rush","QB","ATL",NA,0,0,0,NA,0,0,NA,0,0,NA,0,NA,0,NA,"53672","FanDuel","13124","NumberFire","QB",0,0,0,NA,NA,0,NA,NA,NA,NA,NA,NA,NA,NA,NA,NA,NA,NA,NA,NA,NA,NA,NA,NA,NA,NA,NA,NA,NA,NA,NA,NA,NA,NA,NA,NA,NA,NA,NA,NA,NA,NA,NA,NA,NA,NA,NA,NA,38,364,15,2,"Atlanta Falcons",2,"Atlanta Falcons","ATL",3,"Baltimore Ravens","BAL","WEEKLY",NA,NA
"Lamar Jackson","QB","BAL",NA,0,0,0,NA,0,0,NA,0,0,NA,0,NA,0,NA,"53773","FanDuel","13593","NumberFire","QB",0,0,0,NA,NA,0,NA,NA,NA,NA,NA,NA,NA,NA,NA,NA,NA,NA,NA,NA,NA,NA,NA,NA,NA,NA,NA,NA,NA,NA,NA,NA,NA,NA,NA,NA,NA,NA,NA,NA,NA,NA,NA,NA,NA,NA,NA,NA,38,364,9,3,"Baltimore Ravens",2,"Atlanta Falcons","ATL",3,"Baltimore Ravens","BAL","WEEKLY",NA,NA
"Tua Tagovailoa","QB","ATL",NA,0,0,0,NA,0,0,NA,0,0,NA,0,NA,0,NA,"54530","FanDuel","14778","NumberFire","QB",0,0,0,NA,NA,0,NA,NA,NA,NA,NA,NA,NA,NA,NA,NA,NA,NA,NA,NA,NA,NA,NA,NA,NA,NA,NA,NA,NA,NA,NA,NA,NA,NA,NA,NA,NA,NA,NA,NA,NA,NA,NA,NA,NA,NA,NA,NA,38,364,15,2,"Atlanta Falcons",2,"Atlanta Falcons","ATL",3,"Baltimore Ravens","BAL","WEEKLY",NA,NA
"Skylar Thompson","QB","BAL",NA,0,0,0,NA,0,0,NA,0,0,NA,0,NA,0,NA,"55450","FanDuel","15699","NumberFire","QB",0,0,0,NA,NA,0,NA,NA,NA,NA,NA,NA,NA,NA,NA,NA,NA,NA,NA,NA,NA,NA,NA,NA,NA,NA,NA,NA,NA,NA,NA,NA,NA,NA,NA,NA,NA,NA,NA,NA,NA,NA,NA,NA,NA,NA,NA,NA,38,364,9,3,"Baltimore Ravens",2,"Atlanta Falcons","ATL",3,"Baltimore Ravens","BAL","WEEKLY",NA,NA
"Jack Strand","QB","ATL",NA,0,0,0.02,NA,0,0,NA,0,0,NA,0,NA,0,NA,"56805","FanDuel","17743","NumberFire","QB",0,0,0,NA,NA,0,NA,NA,NA,NA,NA,NA,NA,NA,NA,NA,NA,NA,NA,NA,NA,NA,NA,NA,NA,NA,NA,NA,NA,NA,NA,NA,NA,NA,NA,NA,NA,NA,NA,NA,NA,NA,NA,NA,NA,NA,NA,NA,38,364,15,2,"Atlanta Falcons",2,"Atlanta Falcons","ATL",3,"Baltimore Ravens","BAL","WEEKLY",NA,NA
"Joe Fagnano","QB","BAL",NA,0,0,0,NA,0,0,NA,0,0,NA,0,NA,0,NA,"56879","FanDuel","17760","NumberFire","QB",0,0,0,NA,NA,0,NA,NA,NA,NA,NA,NA,NA,NA,NA,NA,NA,NA,NA,NA,NA,NA,NA,NA,NA,NA,NA,NA,NA,NA,NA,NA,NA,NA,NA,NA,NA,NA,NA,NA,NA,NA,NA,NA,NA,NA,NA,NA,38,364,9,3,"Baltimore Ravens",2,"Atlanta Falcons","ATL",3,"Baltimore Ravens","BAL","WEEKLY",NA,NA
"Stetson Bennett","QB","LA",NA,0,0,0,NA,0,0,NA,0,0,NA,0,NA,0,NA,"56548","FanDuel","16153","NumberFire","QB",0,0,0,NA,NA,0,NA,NA,NA,NA,NA,NA,NA,NA,NA,NA,NA,NA,NA,NA,NA,NA,NA,NA,NA,NA,NA,NA,NA,NA,NA,NA,NA,NA,NA,NA,NA,NA,NA,NA,NA,NA,NA,NA,NA,NA,NA,NA,38,364,28,33,"Los Angeles Rams",33,"Los Angeles Rams","LA",4,"Buffalo Bills","BUF","WEEKLY",NA,NA
"Ty Simpson","QB","LA",NA,0,0,0,NA,0,0,NA,0,0,NA,0,NA,0,NA,"56633","FanDuel","17463","NumberFire","QB",0,0,0,NA,NA,0,NA,NA,NA,NA,NA,NA,NA,NA,NA,NA,NA,NA,NA,NA,NA,NA,NA,NA,NA,NA,NA,NA,NA,NA,NA,NA,NA,NA,NA,NA,NA,NA,NA,NA,NA,NA,NA,NA,NA,NA,NA,NA,38,364,28,33,"Los Angeles Rams",33,"Los Angeles Rams","LA",4,"Buffalo Bills","BUF","WEEKLY",NA,NA
"Matthew Caldwell","QB","LA",NA,0,0,0,NA,0,0,NA,0,0,NA,0,NA,0,NA,"56885","FanDuel",NA,"NumberFire","QB",0,0,0,NA,NA,0,NA,NA,NA,NA,NA,NA,NA,NA,NA,NA,NA,NA,NA,NA,NA,NA,NA,NA,NA,NA,NA,NA,NA,NA,NA,NA,NA,NA,NA,NA,NA,NA,NA,NA,NA,NA,NA,NA,NA,NA,NA,NA,38,364,28,33,"Los Angeles Rams",33,"Los Angeles Rams","LA",4,"Buffalo Bills","BUF","WEEKLY",NA,NA
"Jahmyr Gibbs","RB","DET",NA,0,0,0,NA,0,0,NA,21.12,110.05,NA,1.16,NA,25.12,NA,"55609","FanDuel","16162","NumberFire","RB",5.85,4.44,36.15,NA,NA,0.25,NA,NA,NA,NA,NA,NA,NA,NA,NA,NA,NA,NA,NA,NA,NA,NA,NA,NA,NA,NA,NA,NA,NA,NA,NA,NA,NA,NA,NA,NA,NA,NA,NA,NA,NA,NA,NA,NA,NA,NA,NA,NA,1,1,27,11,"Detroit Lions",1,"Arizona Cardinals","ARI",11,"Detroit Lions","DET","WEEKLY",NA,NA
"Bijan Robinson","RB","ATL",NA,0,0,0,NA,0,0,NA,18.48,90.01,NA,0.65,NA,20.5,NA,"55582","FanDuel","16161","NumberFire","RB",5.93,4.26,44.09,NA,NA,0.23,NA,NA,NA,NA,NA,NA,NA,NA,NA,NA,NA,NA,NA,NA,NA,NA,NA,NA,NA,NA,NA,NA,NA,NA,NA,NA,NA,NA,NA,NA,NA,NA,NA,NA,NA,NA,NA,NA,NA,NA,NA,NA,2,4,15,2,"Atlanta Falcons",2,"Atlanta Falcons","ATL",3,"Baltimore Ravens","BAL","WEEKLY",NA,NA
"Jonathan Taylor","RB","IND",NA,0,0,0,NA,0,0,NA,21.04,100.79,NA,0.98,NA,20.27,NA,"54525","FanDuel","14802","NumberFire","RB",3.76,2.85,25.08,NA,NA,0.09,NA,NA,NA,NA,NA,NA,NA,NA,NA,NA,NA,NA,NA,NA,NA,NA,NA,NA,NA,NA,NA,NA,NA,NA,NA,NA,NA,NA,NA,NA,NA,NA,NA,NA,NA,NA,NA,NA,NA,NA,NA,NA,3,5,10,14,"Indianapolis Colts",25,"Pittsburgh Steelers","PIT",14,"Indianapolis Colts","IND","WEEKLY",NA,NA
"Christian McCaffrey","RB","SF",NA,0,0,0,NA,0,0,NA,16.62,75.13,NA,0.45,NA,19.9,NA,"53425","FanDuel","13130","NumberFire","RB",7.1,5.84,54.68,NA,NA,0.23,NA,NA,NA,NA,NA,NA,NA,NA,NA,NA,NA,NA,NA,NA,NA,NA,NA,NA,NA,NA,NA,NA,NA,NA,NA,NA,NA,NA,NA,NA,NA,NA,NA,NA,NA,NA,NA,NA,NA,NA,NA,NA,4,7,4,27,"San Francisco 49ers",28,"Seattle Seahawks","SEA",27,"San Francisco 49ers","SF","WEEKLY",NA,NA
"Derrick Henry","RB","BAL",NA,0,0,0,NA,0,0,NA,20.69,112.37,NA,0.97,NA,18.74,NA,"53086","FanDuel","12626","NumberFire","RB",1.9,1.45,9.99,NA,NA,0.03,NA,NA,NA,NA,NA,NA,NA,NA,NA,NA,NA,NA,NA,NA,NA,NA,NA,NA,NA,NA,NA,NA,NA,NA,NA,NA,NA,NA,NA,NA,NA,NA,NA,NA,NA,NA,NA,NA,NA,NA,NA,NA,5,13,9,3,"Baltimore Ravens",2,"Atlanta Falcons","ATL",3,"Baltimore Ravens","BAL","WEEKLY",NA,NA
"Jaylen Warren","RB","PIT",NA,0,0,0,NA,0,0,NA,20.35,96.46,NA,0.48,NA,17.63,NA,"55315","FanDuel","15742","NumberFire","RB",4.39,3.38,26.57,NA,NA,0.15,NA,NA,NA,NA,NA,NA,NA,NA,NA,NA,NA,NA,NA,NA,NA,NA,NA,NA,NA,NA,NA,NA,NA,NA,NA,NA,NA,NA,NA,NA,NA,NA,NA,NA,NA,NA,NA,NA,NA,NA,NA,NA,6,16,21,25,"Pittsburgh Steelers",25,"Pittsburgh Steelers","PIT",14,"Indianapolis Colts","IND","WEEKLY",NA,NA
"Kyren Williams","RB","LA",NA,0,0,0,NA,0,0,NA,16.42,76.33,NA,0.69,NA,16.92,NA,"55506","FanDuel","15710","NumberFire","RB",4.51,3.23,23.54,NA,NA,0.22,NA,NA,NA,NA,NA,NA,NA,NA,NA,NA,NA,NA,NA,NA,NA,NA,NA,NA,NA,NA,NA,NA,NA,NA,NA,NA,NA,NA,NA,NA,NA,NA,NA,NA,NA,NA,NA,NA,NA,NA,NA,NA,7,20,28,33,"Los Angeles Rams",33,"Los Angeles Rams","LA",4,"Buffalo Bills","BUF","WEEKLY",NA,NA
"David Montgomery","RB","HOU",NA,0,0,0,NA,0,0,NA,19.31,82.47,NA,0.89,NA,16.11,NA,"54134","FanDuel","14071","NumberFire","RB",2.43,1.86,14.77,NA,NA,0.05,NA,NA,NA,NA,NA,NA,NA,NA,NA,NA,NA,NA,NA,NA,NA,NA,NA,NA,NA,NA,NA,NA,NA,NA,NA,NA,NA,NA,NA,NA,NA,NA,NA,NA,NA,NA,NA,NA,NA,NA,NA,NA,8,28,18,13,"Houston Texans",31,"Tennessee Titans","TEN",13,"Houston Texans","HOU","WEEKLY",NA,NA
"James Cook","RB","BUF",NA,0,0,0,NA,0,0,NA,17.96,91.4,NA,0.69,NA,16.05,NA,"55236","FanDuel","15715","NumberFire","RB",2.47,1.9,16.43,NA,NA,0.1,NA,NA,NA,NA,NA,NA,NA,NA,NA,NA,NA,NA,NA,NA,NA,NA,NA,NA,NA,NA,NA,NA,NA,NA,NA,NA,NA,NA,NA,NA,NA,NA,NA,NA,NA,NA,NA,NA,NA,NA,NA,NA,9,29,2,4,"Buffalo Bills",33,"Los Angeles Rams","LA",4,"Buffalo Bills","BUF","WEEKLY",NA,NA
"Javonte Williams","RB","DAL",NA,0,0,0,NA,0,0,NA,18.7,74.98,NA,0.7,NA,15.6,NA,"54867","FanDuel","15256","NumberFire","RB",3.9,2.96,15.61,NA,NA,0.17,NA,NA,NA,NA,NA,NA,NA,NA,NA,NA,NA,NA,NA,NA,NA,NA,NA,NA,NA,NA,NA,NA,NA,NA,NA,NA,NA,NA,NA,NA,NA,NA,NA,NA,NA,NA,NA,NA,NA,NA,NA,NA,10,33,3,9,"Dallas Cowboys",9,"Dallas Cowboys","DAL",30,"Tampa Bay Buccaneers","TB","WEEKLY",NA,NA
"Aaron Jones","RB","MIN",NA,0,0,0,NA,0,0,NA,19.46,87.16,NA,0.32,NA,15.24,NA,"53454","FanDuel","13319","NumberFire","RB",4.31,3.18,22.12,NA,NA,0.18,NA,NA,NA,NA,NA,NA,NA,NA,NA,NA,NA,NA,NA,NA,NA,NA,NA,NA,NA,NA,NA,NA,NA,NA,NA,NA,NA,NA,NA,NA,NA,NA,NA,NA,NA,NA,NA,NA,NA,NA,NA,NA,11,36,30,18,"Minnesota Vikings",20,"New Orleans Saints","NO",18,"Minnesota Vikings","MIN","WEEKLY",NA,NA
"Braelon Allen","RB","NYJ",NA,0,0,0,NA,0,0,NA,20.31,84.27,NA,0.74,NA,15.06,NA,"55977","FanDuel","16596","NumberFire","RB",2.12,1.67,12.02,NA,NA,0.05,NA,NA,NA,NA,NA,NA,NA,NA,NA,NA,NA,NA,NA,NA,NA,NA,NA,NA,NA,NA,NA,NA,NA,NA,NA,NA,NA,NA,NA,NA,NA,NA,NA,NA,NA,NA,NA,NA,NA,NA,NA,NA,12,38,17,22,"New York Jets",22,"New York Jets","NYJ",8,"Cleveland Browns","CLE","WEEKLY",NA,NA
"Chase Brown","RB","CIN",NA,0,0,0,NA,0,0,NA,16.68,71.88,NA,0.38,NA,15.03,NA,"55640","FanDuel","16181","NumberFire","RB",5.04,3.97,23.98,NA,NA,0.21,NA,NA,NA,NA,NA,NA,NA,NA,NA,NA,NA,NA,NA,NA,NA,NA,NA,NA,NA,NA,NA,NA,NA,NA,NA,NA,NA,NA,NA,NA,NA,NA,NA,NA,NA,NA,NA,NA,NA,NA,NA,NA,13,39,29,7,"Cincinnati Bengals",17,"Miami Dolphins","MIA",7,"Cincinnati Bengals","CIN","WEEKLY",NA,NA
"Quinshon Judkins","RB","CLE",NA,0,0,0,NA,0,0,NA,19.02,77.6,NA,0.46,NA,14.86,NA,"56272","FanDuel","17051","NumberFire","RB",4.05,3.18,19.27,NA,NA,0.13,NA,NA,NA,NA,NA,NA,NA,NA,NA,NA,NA,NA,NA,NA,NA,NA,NA,NA,NA,NA,NA,NA,NA,NA,NA,NA,NA,NA,NA,NA,NA,NA,NA,NA,NA,NA,NA,NA,NA,NA,NA,NA,14,40,23,8,"Cleveland Browns",22,"New York Jets","NYJ",8,"Cleveland Browns","CLE","WEEKLY",NA,NA
"Ashton Jeanty","RB","LV",NA,0,0,0,NA,0,0,NA,17.24,70.17,NA,0.36,NA,14.17,NA,"56249","FanDuel","17042","NumberFire","RB",4.8,3.42,23.42,NA,NA,0.17,NA,NA,NA,NA,NA,NA,NA,NA,NA,NA,NA,NA,NA,NA,NA,NA,NA,NA,NA,NA,NA,NA,NA,NA,NA,NA,NA,NA,NA,NA,NA,NA,NA,NA,NA,NA,NA,NA,NA,NA,NA,NA,15,44,11,35,"Las Vegas Raiders",19,"New England Patriots","NE",35,"Las Vegas Raiders","LV","WEEKLY",NA,NA
"Bucky Irving","RB","TB",NA,0,0,0,NA,0,0,NA,17.48,78.13,NA,0.45,NA,14.01,NA,"55976","FanDuel","16598","NumberFire","RB",3.18,2.45,18.35,NA,NA,0.1,NA,NA,NA,NA,NA,NA,NA,NA,NA,NA,NA,NA,NA,NA,NA,NA,NA,NA,NA,NA,NA,NA,NA,NA,NA,NA,NA,NA,NA,NA,NA,NA,NA,NA,NA,NA,NA,NA,NA,NA,NA,NA,16,45,31,30,"Tampa Bay Buccaneers",9,"Dallas Cowboys","DAL",30,"Tampa Bay Buccaneers","TB","WEEKLY",NA,NA
"Cam Skattebo","RB","NYG",NA,0,0,0,NA,0,0,NA,19.79,85.5,NA,0.53,NA,13.78,NA,"56288","FanDuel","17045","NumberFire","RB",2.26,1.52,13.49,NA,NA,0.07,NA,NA,NA,NA,NA,NA,NA,NA,NA,NA,NA,NA,NA,NA,NA,NA,NA,NA,NA,NA,NA,NA,NA,NA,NA,NA,NA,NA,NA,NA,NA,NA,NA,NA,NA,NA,NA,NA,NA,NA,NA,NA,17,49,20,21,"New York Giants",32,"Washington Commanders","WSH",21,"New York Giants","NYG","WEEKLY",NA,NA
"Jeremiyah Love","RB","ARI",NA,0,0,0,NA,0,0,NA,14.52,61.57,NA,0.62,NA,13.4,NA,"56626","FanDuel","17472","NumberFire","RB",3.45,2.58,16.9,NA,NA,0.1,NA,NA,NA,NA,NA,NA,NA,NA,NA,NA,NA,NA,NA,NA,NA,NA,NA,NA,NA,NA,NA,NA,NA,NA,NA,NA,NA,NA,NA,NA,NA,NA,NA,NA,NA,NA,NA,NA,NA,NA,NA,NA,18,52,32,1,"Arizona Cardinals",1,"Arizona Cardinals","ARI",11,"Detroit Lions","DET","WEEKLY",NA,NA
"Bhayshul Tuten","RB","JAC",NA,0,0,0,NA,0,0,NA,16.39,71.94,NA,0.55,NA,13.14,NA,"56292","FanDuel","17052","NumberFire","RB",2.47,1.78,13.72,NA,NA,0.1,NA,NA,NA,NA,NA,NA,NA,NA,NA,NA,NA,NA,NA,NA,NA,NA,NA,NA,NA,NA,NA,NA,NA,NA,NA,NA,NA,NA,NA,NA,NA,NA,NA,NA,NA,NA,NA,NA,NA,NA,NA,NA,19,55,24,15,"Jacksonville Jaguars",15,"Jacksonville Jaguars","JAC",24,"Philadelphia Eagles","PHI","WEEKLY",NA,NA
"Jacory Croskey-Merritt","RB","WSH",NA,0,0,0,NA,0,0,NA,19.03,83.18,NA,0.64,NA,12.31,NA,"56298","FanDuel","17256","NumberFire","RB",0.55,0.38,2.82,NA,NA,0.02,NA,NA,NA,NA,NA,NA,NA,NA,NA,NA,NA,NA,NA,NA,NA,NA,NA,NA,NA,NA,NA,NA,NA,NA,NA,NA,NA,NA,NA,NA,NA,NA,NA,NA,NA,NA,NA,NA,NA,NA,NA,NA,20,64,19,32,"Washington Commanders",32,"Washington Commanders","WSH",21,"New York Giants","NYG","WEEKLY",NA,NA
"J.K. Dobbins","RB","DEN",NA,0,0,0,NA,0,0,NA,15.71,78.06,NA,0.54,NA,12.24,NA,"54503","FanDuel","14800","NumberFire","RB",1.29,0.92,5.16,NA,NA,0.05,NA,NA,NA,NA,NA,NA,NA,NA,NA,NA,NA,NA,NA,NA,NA,NA,NA,NA,NA,NA,NA,NA,NA,NA,NA,NA,NA,NA,NA,NA,NA,NA,NA,NA,NA,NA,NA,NA,NA,NA,NA,NA,21,65,16,10,"Denver Broncos",34,"Los Angeles Chargers","LAC",10,"Denver Broncos","DEN","WEEKLY",NA,NA
"Emanuel Wilson","RB","SEA",NA,0,0,0,NA,0,0,NA,17.57,72.22,NA,0.38,NA,12.03,NA,"55715","FanDuel","16432","NumberFire","RB",2.72,2,13.64,NA,NA,0.06,NA,NA,NA,NA,NA,NA,NA,NA,NA,NA,NA,NA,NA,NA,NA,NA,NA,NA,NA,NA,NA,NA,NA,NA,NA,NA,NA,NA,NA,NA,NA,NA,NA,NA,NA,NA,NA,NA,NA,NA,NA,NA,22,66,13,28,"Seattle Seahawks",28,"Seattle Seahawks","SEA",27,"San Francisco 49ers","SF","WEEKLY",NA,NA
"Tony Pollard","RB","TEN",NA,0,0,0,NA,0,0,NA,20.18,85.14,NA,0.34,NA,11.92,NA,"54185","FanDuel","14085","NumberFire","RB",2,1.39,7.11,NA,NA,0.04,NA,NA,NA,NA,NA,NA,NA,NA,NA,NA,NA,NA,NA,NA,NA,NA,NA,NA,NA,NA,NA,NA,NA,NA,NA,NA,NA,NA,NA,NA,NA,NA,NA,NA,NA,NA,NA,NA,NA,NA,NA,NA,23,67,22,31,"Tennessee Titans",31,"Tennessee Titans","TEN",13,"Houston Texans","HOU","WEEKLY",NA,NA
"Rhamondre Stevenson","RB","NE",NA,0,0,0,NA,0,0,NA,11.05,47.95,NA,0.33,NA,11.71,NA,"54894","FanDuel","15259","NumberFire","RB",4.11,3.38,27.23,NA,NA,0.13,NA,NA,NA,NA,NA,NA,NA,NA,NA,NA,NA,NA,NA,NA,NA,NA,NA,NA,NA,NA,NA,NA,NA,NA,NA,NA,NA,NA,NA,NA,NA,NA,NA,NA,NA,NA,NA,NA,NA,NA,NA,NA,24,70,8,19,"New England Patriots",19,"New England Patriots","NE",35,"Las Vegas Raiders","LV","WEEKLY",NA,NA
"Kyle Monangai","RB","CHI",NA,0,0,0,NA,0,0,NA,12.2,54.06,NA,0.53,NA,11.16,NA,"56347","FanDuel","17066","NumberFire","RB",2.53,1.89,12.45,NA,NA,0.06,NA,NA,NA,NA,NA,NA,NA,NA,NA,NA,NA,NA,NA,NA,NA,NA,NA,NA,NA,NA,NA,NA,NA,NA,NA,NA,NA,NA,NA,NA,NA,NA,NA,NA,NA,NA,NA,NA,NA,NA,NA,NA,25,76,25,6,"Chicago Bears",12,"Green Bay Packers","GB",6,"Chicago Bears","CHI","WEEKLY",NA,NA
"Alvin Kamara","RB","NO",NA,0,0,0,NA,0,0,NA,12.91,50.62,NA,0.23,NA,11.13,NA,"53438","FanDuel","13132","NumberFire","RB",4.61,3.58,22.57,NA,NA,0.13,NA,NA,NA,NA,NA,NA,NA,NA,NA,NA,NA,NA,NA,NA,NA,NA,NA,NA,NA,NA,NA,NA,NA,NA,NA,NA,NA,NA,NA,NA,NA,NA,NA,NA,NA,NA,NA,NA,NA,NA,NA,NA,26,77,1,20,"New Orleans Saints",20,"New Orleans Saints","NO",18,"Minnesota Vikings","MIN","WEEKLY",NA,NA
"D'Andre Swift","RB","CHI",NA,0,0,0,NA,0,0,NA,11.62,51.14,NA,0.4,NA,10.8,NA,"54521","FanDuel","14797","NumberFire","RB",3.25,2.37,17.36,NA,NA,0.09,NA,NA,NA,NA,NA,NA,NA,NA,NA,NA,NA,NA,NA,NA,NA,NA,NA,NA,NA,NA,NA,NA,NA,NA,NA,NA,NA,NA,NA,NA,NA,NA,NA,NA,NA,NA,NA,NA,NA,NA,NA,NA,27,78,25,6,"Chicago Bears",12,"Green Bay Packers","GB",6,"Chicago Bears","CHI","WEEKLY",NA,NA
"Keaton Mitchell","RB","LAC",NA,0,0,0,NA,0,0,NA,7.51,34.55,NA,0.21,NA,9.62,NA,"55819","FanDuel","16178","NumberFire","RB",4.51,3.35,26.26,NA,NA,0.11,NA,NA,NA,NA,NA,NA,NA,NA,NA,NA,NA,NA,NA,NA,NA,NA,NA,NA,NA,NA,NA,NA,NA,NA,NA,NA,NA,NA,NA,NA,NA,NA,NA,NA,NA,NA,NA,NA,NA,NA,NA,NA,28,91,26,34,"Los Angeles Chargers",34,"Los Angeles Chargers","LAC",10,"Denver Broncos","DEN","WEEKLY",NA,NA
"TreVeyon Henderson","RB","NE",NA,0,0,0,NA,0,0,NA,11.9,52.59,NA,0.44,NA,9.52,NA,"56276","FanDuel","17043","NumberFire","RB",1.36,1.13,8.51,NA,NA,0.04,NA,NA,NA,NA,NA,NA,NA,NA,NA,NA,NA,NA,NA,NA,NA,NA,NA,NA,NA,NA,NA,NA,NA,NA,NA,NA,NA,NA,NA,NA,NA,NA,NA,NA,NA,NA,NA,NA,NA,NA,NA,NA,29,94,8,19,"New England Patriots",19,"New England Patriots","NE",35,"Las Vegas Raiders","LV","WEEKLY",NA,NA
"Saquon Barkley","RB","PHI",NA,0,0,0,NA,0,0,NA,15.67,75.52,NA,0.32,NA,9.5,NA,"53785","FanDuel","13604","NumberFire","RB",0.12,0.09,0.68,NA,NA,0,NA,NA,NA,NA,NA,NA,NA,NA,NA,NA,NA,NA,NA,NA,NA,NA,NA,NA,NA,NA,NA,NA,NA,NA,NA,NA,NA,NA,NA,NA,NA,NA,NA,NA,NA,NA,NA,NA,NA,NA,NA,NA,30,95,5,24,"Philadelphia Eagles",15,"Jacksonville Jaguars","JAC",24,"Philadelphia Eagles","PHI","WEEKLY",NA,NA
"RJ Harvey","RB","DEN",NA,0,0,0,NA,0,0,NA,5.78,23.95,NA,0.2,NA,9.41,NA,"56275","FanDuel","17068","NumberFire","RB",5.47,4,28.79,NA,NA,0.17,NA,NA,NA,NA,NA,NA,NA,NA,NA,NA,NA,NA,NA,NA,NA,NA,NA,NA,NA,NA,NA,NA,NA,NA,NA,NA,NA,NA,NA,NA,NA,NA,NA,NA,NA,NA,NA,NA,NA,NA,NA,NA,31,96,16,10,"Denver Broncos",34,"Los Angeles Chargers","LAC",10,"Denver Broncos","DEN","WEEKLY",NA,NA
"MarShawn Lloyd","RB","GB",NA,0,0,0,NA,0,0,NA,9.63,40.15,NA,0.29,NA,8.74,NA,"55914","FanDuel","16604","NumberFire","RB",2.96,2.32,15.27,NA,NA,0.08,NA,NA,NA,NA,NA,NA,NA,NA,NA,NA,NA,NA,NA,NA,NA,NA,NA,NA,NA,NA,NA,NA,NA,NA,NA,NA,NA,NA,NA,NA,NA,NA,NA,NA,NA,NA,NA,NA,NA,NA,NA,NA,32,108,6,12,"Green Bay Packers",12,"Green Bay Packers","GB",6,"Chicago Bears","CHI","WEEKLY",NA,NA
"Tyler Allgeier","RB","ARI",NA,0,0,0,NA,0,0,NA,8.87,37.54,NA,0.28,NA,8.28,NA,"55270","FanDuel","15712","NumberFire","RB",2.42,1.84,13.67,NA,NA,0.09,NA,NA,NA,NA,NA,NA,NA,NA,NA,NA,NA,NA,NA,NA,NA,NA,NA,NA,NA,NA,NA,NA,NA,NA,NA,NA,NA,NA,NA,NA,NA,NA,NA,NA,NA,NA,NA,NA,NA,NA,NA,NA,33,112,32,1,"Arizona Cardinals",1,"Arizona Cardinals","ARI",11,"Detroit Lions","DET","WEEKLY",NA,NA
"Omarion Hampton","RB","LAC",NA,0,0,0,NA,0,0,NA,10.02,44.27,NA,0.27,NA,7.57,NA,"56261","FanDuel","17044","NumberFire","RB",1.51,1.11,8.25,NA,NA,0.05,NA,NA,NA,NA,NA,NA,NA,NA,NA,NA,NA,NA,NA,NA,NA,NA,NA,NA,NA,NA,NA,NA,NA,NA,NA,NA,NA,NA,NA,NA,NA,NA,NA,NA,NA,NA,NA,NA,NA,NA,NA,NA,34,124,26,34,"Los Angeles Chargers",34,"Los Angeles Chargers","LAC",10,"Denver Broncos","DEN","WEEKLY",NA,NA
"Woody Marks","RB","HOU",NA,0,0,0,NA,0,0,NA,10.17,41,NA,0.27,NA,7.51,NA,"56293","FanDuel","17053","NumberFire","RB",1.82,1.33,9.23,NA,NA,0.04,NA,NA,NA,NA,NA,NA,NA,NA,NA,NA,NA,NA,NA,NA,NA,NA,NA,NA,NA,NA,NA,NA,NA,NA,NA,NA,NA,NA,NA,NA,NA,NA,NA,NA,NA,NA,NA,NA,NA,NA,NA,NA,35,125,18,13,"Houston Texans",31,"Tennessee Titans","TEN",13,"Houston Texans","HOU","WEEKLY",NA,NA
"Ollie Gordon II","RB","MIA",NA,0,0,0,NA,0,0,NA,11.23,44.02,NA,0.22,NA,7.45,NA,"56294","FanDuel","17059","NumberFire","RB",1.79,1.36,9.26,NA,NA,0.03,NA,NA,NA,NA,NA,NA,NA,NA,NA,NA,NA,NA,NA,NA,NA,NA,NA,NA,NA,NA,NA,NA,NA,NA,NA,NA,NA,NA,NA,NA,NA,NA,NA,NA,NA,NA,NA,NA,NA,NA,NA,NA,36,127,12,17,"Miami Dolphins",17,"Miami Dolphins","MIA",7,"Cincinnati Bengals","CIN","WEEKLY",NA,NA
"George Holani","RB","SEA",NA,0,0,0,NA,0,0,NA,6.9,28.91,NA,0.23,NA,7.33,NA,"56204","FanDuel","16608","NumberFire","RB",2.78,2.11,16.24,NA,NA,0.08,NA,NA,NA,NA,NA,NA,NA,NA,NA,NA,NA,NA,NA,NA,NA,NA,NA,NA,NA,NA,NA,NA,NA,NA,NA,NA,NA,NA,NA,NA,NA,NA,NA,NA,NA,NA,NA,NA,NA,NA,NA,NA,37,130,13,28,"Seattle Seahawks",28,"Seattle Seahawks","SEA",27,"San Francisco 49ers","SF","WEEKLY",NA,NA
"Tyjae Spears","RB","TEN",NA,0,0,0,NA,0,0,NA,7.24,30.4,NA,0.2,NA,6.59,NA,"55639","FanDuel","16165","NumberFire","RB",2.72,1.97,12.29,NA,NA,0.04,NA,NA,NA,NA,NA,NA,NA,NA,NA,NA,NA,NA,NA,NA,NA,NA,NA,NA,NA,NA,NA,NA,NA,NA,NA,NA,NA,NA,NA,NA,NA,NA,NA,NA,NA,NA,NA,NA,NA,NA,NA,NA,38,144,22,31,"Tennessee Titans",31,"Tennessee Titans","TEN",13,"Houston Texans","HOU","WEEKLY",NA,NA
"Blake Corum","RB","LA",NA,0,0,0,NA,0,0,NA,7.77,34.17,NA,0.25,NA,6.57,NA,"55929","FanDuel","16593","NumberFire","RB",1.56,1.14,8.4,NA,NA,0.05,NA,NA,NA,NA,NA,NA,NA,NA,NA,NA,NA,NA,NA,NA,NA,NA,NA,NA,NA,NA,NA,NA,NA,NA,NA,NA,NA,NA,NA,NA,NA,NA,NA,NA,NA,NA,NA,NA,NA,NA,NA,NA,39,145,28,33,"Los Angeles Rams",33,"Los Angeles Rams","LA",4,"Buffalo Bills","BUF","WEEKLY",NA,NA
"Kaleb Johnson","RB","GB",NA,0,0,0,NA,0,0,NA,11.01,43.15,NA,0.18,NA,6.23,NA,"56277","FanDuel","17048","NumberFire","RB",1.22,0.92,5.58,NA,NA,0.02,NA,NA,NA,NA,NA,NA,NA,NA,NA,NA,NA,NA,NA,NA,NA,NA,NA,NA,NA,NA,NA,NA,NA,NA,NA,NA,NA,NA,NA,NA,NA,NA,NA,NA,NA,NA,NA,NA,NA,NA,NA,NA,40,148,6,12,"Green Bay Packers",12,"Green Bay Packers","GB",6,"Chicago Bears","CHI","WEEKLY",NA,NA
"Will Shipley","RB","PHI",NA,0,0,0,NA,0,0,NA,6.35,24.84,NA,0.07,NA,5.55,NA,"55988","FanDuel","16601","NumberFire","RB",2.9,2.19,14.34,NA,NA,0.04,NA,NA,NA,NA,NA,NA,NA,NA,NA,NA,NA,NA,NA,NA,NA,NA,NA,NA,NA,NA,NA,NA,NA,NA,NA,NA,NA,NA,NA,NA,NA,NA,NA,NA,NA,NA,NA,NA,NA,NA,NA,NA,41,158,5,24,"Philadelphia Eagles",15,"Jacksonville Jaguars","JAC",24,"Philadelphia Eagles","PHI","WEEKLY",NA,NA
"Kenneth Gainwell","RB","TB",NA,0,0,0,NA,0,0,NA,3.64,15.55,NA,0.14,NA,5.5,NA,"54895","FanDuel","15255","NumberFire","RB",3.34,2.47,15.13,NA,NA,0.07,NA,NA,NA,NA,NA,NA,NA,NA,NA,NA,NA,NA,NA,NA,NA,NA,NA,NA,NA,NA,NA,NA,NA,NA,NA,NA,NA,NA,NA,NA,NA,NA,NA,NA,NA,NA,NA,NA,NA,NA,NA,NA,42,162,31,30,"Tampa Bay Buccaneers",9,"Dallas Cowboys","DAL",30,"Tampa Bay Buccaneers","TB","WEEKLY",NA,NA
"Kendre Miller","RB","NO",NA,0,0,0,NA,0,0,NA,7.91,31.33,NA,0.16,NA,5.43,NA,"55634","FanDuel","16171","NumberFire","RB",1.44,1.08,7.54,NA,NA,0.02,NA,NA,NA,NA,NA,NA,NA,NA,NA,NA,NA,NA,NA,NA,NA,NA,NA,NA,NA,NA,NA,NA,NA,NA,NA,NA,NA,NA,NA,NA,NA,NA,NA,NA,NA,NA,NA,NA,NA,NA,NA,NA,43,164,1,20,"New Orleans Saints",20,"New Orleans Saints","NO",18,"Minnesota Vikings","MIN","WEEKLY",NA,NA
"Brian Robinson","RB","ATL",NA,0,0,0,NA,0,0,NA,8.89,36.79,NA,0.25,NA,5.3,NA,"55276","FanDuel","15716","NumberFire","RB",0.16,0.12,1,NA,NA,0.01,NA,NA,NA,NA,NA,NA,NA,NA,NA,NA,NA,NA,NA,NA,NA,NA,NA,NA,NA,NA,NA,NA,NA,NA,NA,NA,NA,NA,NA,NA,NA,NA,NA,NA,NA,NA,NA,NA,NA,NA,NA,NA,44,165,15,2,"Atlanta Falcons",2,"Atlanta Falcons","ATL",3,"Baltimore Ravens","BAL","WEEKLY",NA,NA
"Jaylen Wright","RB","MIA",NA,0,0,0,NA,0,0,NA,7.58,31.53,NA,0.2,NA,5.21,NA,"55982","FanDuel","16610","NumberFire","RB",0.9,0.68,5.52,NA,NA,0.02,NA,NA,NA,NA,NA,NA,NA,NA,NA,NA,NA,NA,NA,NA,NA,NA,NA,NA,NA,NA,NA,NA,NA,NA,NA,NA,NA,NA,NA,NA,NA,NA,NA,NA,NA,NA,NA,NA,NA,NA,NA,NA,45,166,12,17,"Miami Dolphins",17,"Miami Dolphins","MIA",7,"Cincinnati Bengals","CIN","WEEKLY",NA,NA
"Chris Rodriguez Jr.","RB","JAC",NA,0,0,0,NA,0,0,NA,7.59,33.01,NA,0.31,NA,5.16,NA,"55710","FanDuel","16174","NumberFire","RB",0,0,0,NA,NA,0,NA,NA,NA,NA,NA,NA,NA,NA,NA,NA,NA,NA,NA,NA,NA,NA,NA,NA,NA,NA,NA,NA,NA,NA,NA,NA,NA,NA,NA,NA,NA,NA,NA,NA,NA,NA,NA,NA,NA,NA,NA,NA,46,168,24,15,"Jacksonville Jaguars",15,"Jacksonville Jaguars","JAC",24,"Philadelphia Eagles","PHI","WEEKLY",NA,NA
"Kimani Vidal","RB","LAC",NA,0,0,0,NA,0,0,NA,4.17,16.69,NA,0.06,NA,4.97,NA,"55986","FanDuel","16757","NumberFire","RB",3.01,2.12,16.04,NA,NA,0.06,NA,NA,NA,NA,NA,NA,NA,NA,NA,NA,NA,NA,NA,NA,NA,NA,NA,NA,NA,NA,NA,NA,NA,NA,NA,NA,NA,NA,NA,NA,NA,NA,NA,NA,NA,NA,NA,NA,NA,NA,NA,NA,47,172,26,34,"Los Angeles Chargers",34,"Los Angeles Chargers","LAC",10,"Denver Broncos","DEN","WEEKLY",NA,NA
"Najee Harris","RB","NYG",NA,0,0,0,NA,0,0,NA,8.05,32.29,NA,0.18,NA,4.8,NA,"54878","FanDuel","15254","NumberFire","RB",0.57,0.38,2.85,NA,NA,0.01,NA,NA,NA,NA,NA,NA,NA,NA,NA,NA,NA,NA,NA,NA,NA,NA,NA,NA,NA,NA,NA,NA,NA,NA,NA,NA,NA,NA,NA,NA,NA,NA,NA,NA,NA,NA,NA,NA,NA,NA,NA,NA,48,175,20,21,"New York Giants",32,"Washington Commanders","WSH",21,"New York Giants","NYG","WEEKLY",NA,NA
"Justice Hill","RB","BAL",NA,0,0,0,NA,0,0,NA,3.33,14.67,NA,0.1,NA,4.61,NA,"54173","FanDuel","14086","NumberFire","RB",2.72,2.1,12.88,NA,NA,0.04,NA,NA,NA,NA,NA,NA,NA,NA,NA,NA,NA,NA,NA,NA,NA,NA,NA,NA,NA,NA,NA,NA,NA,NA,NA,NA,NA,NA,NA,NA,NA,NA,NA,NA,NA,NA,NA,NA,NA,NA,NA,NA,49,177,9,3,"Baltimore Ravens",2,"Atlanta Falcons","ATL",3,"Baltimore Ravens","BAL","WEEKLY",NA,NA
"Raheim Sanders","RB","CLE",NA,0,0,0,NA,0,0,NA,1.88,7.94,NA,0.06,NA,4.32,NA,"56332","FanDuel","17062","NumberFire","RB",3.08,2.47,15.33,NA,NA,0.07,NA,NA,NA,NA,NA,NA,NA,NA,NA,NA,NA,NA,NA,NA,NA,NA,NA,NA,NA,NA,NA,NA,NA,NA,NA,NA,NA,NA,NA,NA,NA,NA,NA,NA,NA,NA,NA,NA,NA,NA,NA,NA,50,183,23,8,"Cleveland Browns",22,"New York Jets","NYJ",8,"Cleveland Browns","CLE","WEEKLY",NA,NA
"Isaiah Davis","RB","NYJ",NA,0,0,0,NA,0,0,NA,4.67,19.32,NA,0.1,NA,4.29,NA,"56086","FanDuel","16752","NumberFire","RB",1.72,1.32,9.59,NA,NA,0.03,NA,NA,NA,NA,NA,NA,NA,NA,NA,NA,NA,NA,NA,NA,NA,NA,NA,NA,NA,NA,NA,NA,NA,NA,NA,NA,NA,NA,NA,NA,NA,NA,NA,NA,NA,NA,NA,NA,NA,NA,NA,NA,51,186,17,22,"New York Jets",22,"New York Jets","NYJ",8,"Cleveland Browns","CLE","WEEKLY",NA,NA
"Ty Johnson","RB","BUF",NA,0,0,0,NA,0,0,NA,1.61,6.98,NA,0.04,NA,4.26,NA,"54241","FanDuel","14095","NumberFire","RB",2.47,1.78,19.91,NA,NA,0.08,NA,NA,NA,NA,NA,NA,NA,NA,NA,NA,NA,NA,NA,NA,NA,NA,NA,NA,NA,NA,NA,NA,NA,NA,NA,NA,NA,NA,NA,NA,NA,NA,NA,NA,NA,NA,NA,NA,NA,NA,NA,NA,52,187,2,4,"Buffalo Bills",33,"Los Angeles Rams","LA",4,"Buffalo Bills","BUF","WEEKLY",NA,NA
"Tyler Goodson","RB","DAL",NA,0,0,0,NA,0,0,NA,5.4,21.81,NA,0.13,NA,3.79,NA,"55869","FanDuel","15730","NumberFire","RB",0.9,0.68,4.12,NA,NA,0.02,NA,NA,NA,NA,NA,NA,NA,NA,NA,NA,NA,NA,NA,NA,NA,NA,NA,NA,NA,NA,NA,NA,NA,NA,NA,NA,NA,NA,NA,NA,NA,NA,NA,NA,NA,NA,NA,NA,NA,NA,NA,NA,53,191,3,9,"Dallas Cowboys",9,"Dallas Cowboys","DAL",30,"Tampa Bay Buccaneers","TB","WEEKLY",NA,NA
"Chris Brooks","RB","GB",NA,0,0,0,NA,0,0,NA,4.31,19.38,NA,0.1,NA,3.7,NA,"55751","FanDuel","16387","NumberFire","RB",1.04,0.79,5.47,NA,NA,0.04,NA,NA,NA,NA,NA,NA,NA,NA,NA,NA,NA,NA,NA,NA,NA,NA,NA,NA,NA,NA,NA,NA,NA,NA,NA,NA,NA,NA,NA,NA,NA,NA,NA,NA,NA,NA,NA,NA,NA,NA,NA,NA,54,195,6,12,"Green Bay Packers",12,"Green Bay Packers","GB",6,"Chicago Bears","CHI","WEEKLY",NA,NA
"Samaje Perine","RB","CIN",NA,0,0,0,NA,0,0,NA,3.44,14.25,NA,0.07,NA,3.66,NA,"53446","FanDuel","13133","NumberFire","RB",1.44,1.16,10.79,NA,NA,0.04,NA,NA,NA,NA,NA,NA,NA,NA,NA,NA,NA,NA,NA,NA,NA,NA,NA,NA,NA,NA,NA,NA,NA,NA,NA,NA,NA,NA,NA,NA,NA,NA,NA,NA,NA,NA,NA,NA,NA,NA,NA,NA,55,197,29,7,"Cincinnati Bengals",17,"Miami Dolphins","MIA",7,"Cincinnati Bengals","CIN","WEEKLY",NA,NA
"Kaelon Black","RB","SF",NA,0,0,0,NA,0,0,NA,5.61,23.73,NA,0.14,NA,3.24,NA,"56683","FanDuel","17485","NumberFire","RB",0.06,0.05,0.4,NA,NA,0,NA,NA,NA,NA,NA,NA,NA,NA,NA,NA,NA,NA,NA,NA,NA,NA,NA,NA,NA,NA,NA,NA,NA,NA,NA,NA,NA,NA,NA,NA,NA,NA,NA,NA,NA,NA,NA,NA,NA,NA,NA,NA,56,212,4,27,"San Francisco 49ers",28,"Seattle Seahawks","SEA",27,"San Francisco 49ers","SF","WEEKLY",NA,NA
"Jeremy McNichols","RB","WSH",NA,0,0,0,NA,0,0,NA,2.77,11.38,NA,0.06,NA,2.98,NA,"53752","FanDuel","13143","NumberFire","RB",1.66,1.14,7.52,NA,NA,0.03,NA,NA,NA,NA,NA,NA,NA,NA,NA,NA,NA,NA,NA,NA,NA,NA,NA,NA,NA,NA,NA,NA,NA,NA,NA,NA,NA,NA,NA,NA,NA,NA,NA,NA,NA,NA,NA,NA,NA,NA,NA,NA,57,223,19,32,"Washington Commanders",32,"Washington Commanders","WSH",21,"New York Giants","NYG","WEEKLY",NA,NA
"Sione Vaki","RB","DET",NA,0,0,0,NA,0,0,NA,2.78,11.78,NA,0.09,NA,2.95,NA,"56076","FanDuel","16678","NumberFire","RB",1.1,0.84,6.55,NA,NA,0.03,NA,NA,NA,NA,NA,NA,NA,NA,NA,NA,NA,NA,NA,NA,NA,NA,NA,NA,NA,NA,NA,NA,NA,NA,NA,NA,NA,NA,NA,NA,NA,NA,NA,NA,NA,NA,NA,NA,NA,NA,NA,NA,58,226,27,11,"Detroit Lions",1,"Arizona Cardinals","ARI",11,"Detroit Lions","DET","WEEKLY",NA,NA
"Seth McGowan","RB","IND",NA,0,0,0,NA,0,0,NA,3.74,15.87,NA,0.13,NA,2.93,NA,"56660","FanDuel","17475","NumberFire","RB",0.51,0.4,3.25,NA,NA,0.01,NA,NA,NA,NA,NA,NA,NA,NA,NA,NA,NA,NA,NA,NA,NA,NA,NA,NA,NA,NA,NA,NA,NA,NA,NA,NA,NA,NA,NA,NA,NA,NA,NA,NA,NA,NA,NA,NA,NA,NA,NA,NA,59,227,10,14,"Indianapolis Colts",25,"Pittsburgh Steelers","PIT",14,"Indianapolis Colts","IND","WEEKLY",NA,NA
"Mike Washington","RB","LV",NA,0,0,0,NA,0,0,NA,4.37,18.67,NA,0.15,NA,2.78,NA,"56666","FanDuel","17482","NumberFire","RB",0.04,0.03,0.2,NA,NA,0,NA,NA,NA,NA,NA,NA,NA,NA,NA,NA,NA,NA,NA,NA,NA,NA,NA,NA,NA,NA,NA,NA,NA,NA,NA,NA,NA,NA,NA,NA,NA,NA,NA,NA,NA,NA,NA,NA,NA,NA,NA,NA,60,231,11,35,"Las Vegas Raiders",19,"New England Patriots","NE",35,"Las Vegas Raiders","LV","WEEKLY",NA,NA
"Roschon Johnson","RB","CHI",NA,0,0,0,NA,0,0,NA,2.32,9.16,NA,0.08,NA,2.63,NA,"55635","FanDuel","16175","NumberFire","RB",1.44,1.09,5.91,NA,NA,0.02,NA,NA,NA,NA,NA,NA,NA,NA,NA,NA,NA,NA,NA,NA,NA,NA,NA,NA,NA,NA,NA,NA,NA,NA,NA,NA,NA,NA,NA,NA,NA,NA,NA,NA,NA,NA,NA,NA,NA,NA,NA,NA,61,234,25,6,"Chicago Bears",12,"Green Bay Packers","GB",6,"Chicago Bears","CHI","WEEKLY",NA,NA
"Kaytron Allen","RB","WSH",NA,0,0,0,NA,0,0,NA,4.85,19.24,NA,0.1,NA,2.46,NA,"56687","FanDuel","17478","NumberFire","RB",0,0,0,NA,NA,0,NA,NA,NA,NA,NA,NA,NA,NA,NA,NA,NA,NA,NA,NA,NA,NA,NA,NA,NA,NA,NA,NA,NA,NA,NA,NA,NA,NA,NA,NA,NA,NA,NA,NA,NA,NA,NA,NA,NA,NA,NA,NA,62,240,19,32,"Washington Commanders",32,"Washington Commanders","WSH",21,"New York Giants","NYG","WEEKLY",NA,NA
"Rico Dowdle","RB","PIT",NA,0,0,0,NA,0,0,NA,3.05,13.39,NA,0.07,NA,2.41,NA,"54728","FanDuel","14823","NumberFire","RB",0.63,0.47,3.16,NA,NA,0.02,NA,NA,NA,NA,NA,NA,NA,NA,NA,NA,NA,NA,NA,NA,NA,NA,NA,NA,NA,NA,NA,NA,NA,NA,NA,NA,NA,NA,NA,NA,NA,NA,NA,NA,NA,NA,NA,NA,NA,NA,NA,NA,63,241,21,25,"Pittsburgh Steelers",25,"Pittsburgh Steelers","PIT",14,"Indianapolis Colts","IND","WEEKLY",NA,NA
"Demond Claiborne","RB","MIN",NA,0,0,0,NA,0,0,NA,2.49,10.54,NA,0.1,NA,2.1,NA,"56807","FanDuel","17481","NumberFire","RB",0.46,0.35,2.33,NA,NA,0.01,NA,NA,NA,NA,NA,NA,NA,NA,NA,NA,NA,NA,NA,NA,NA,NA,NA,NA,NA,NA,NA,NA,NA,NA,NA,NA,NA,NA,NA,NA,NA,NA,NA,NA,NA,NA,NA,NA,NA,NA,NA,NA,64,249,30,18,"Minnesota Vikings",20,"New Orleans Saints","NO",18,"Minnesota Vikings","MIN","WEEKLY",NA,NA
"Tyler Badie","RB","DEN",NA,0,0,0,NA,0,0,NA,1.54,6.17,NA,0.03,NA,1.94,NA,"55552","FanDuel","15718","NumberFire","RB",1.22,0.84,5.85,NA,NA,0.03,NA,NA,NA,NA,NA,NA,NA,NA,NA,NA,NA,NA,NA,NA,NA,NA,NA,NA,NA,NA,NA,NA,NA,NA,NA,NA,NA,NA,NA,NA,NA,NA,NA,NA,NA,NA,NA,NA,NA,NA,NA,NA,65,254,16,10,"Denver Broncos",34,"Los Angeles Chargers","LAC",10,"Denver Broncos","DEN","WEEKLY",NA,NA
"Tahj Brooks","RB","CIN",NA,0,0,0,NA,0,0,NA,2.65,10.48,NA,0.05,NA,1.68,NA,"56297","FanDuel","17058","NumberFire","RB",0.36,0.27,1.78,NA,NA,0.01,NA,NA,NA,NA,NA,NA,NA,NA,NA,NA,NA,NA,NA,NA,NA,NA,NA,NA,NA,NA,NA,NA,NA,NA,NA,NA,NA,NA,NA,NA,NA,NA,NA,NA,NA,NA,NA,NA,NA,NA,NA,NA,66,260,29,7,"Cincinnati Bengals",17,"Miami Dolphins","MIA",7,"Cincinnati Bengals","CIN","WEEKLY",NA,NA
"Amar Johnson","RB","LAC",NA,0.17,0,0,NA,0,0,NA,2.35,9.33,NA,0.04,NA,1.64,NA,"56544","FanDuel","17272","NumberFire","RB",0.53,0.38,2.58,NA,NA,0.01,NA,NA,NA,NA,NA,NA,NA,NA,NA,NA,NA,NA,NA,NA,NA,NA,NA,NA,NA,NA,NA,NA,NA,NA,NA,NA,NA,NA,NA,NA,NA,NA,NA,NA,NA,NA,NA,NA,NA,NA,NA,NA,67,262,26,34,"Los Angeles Chargers",34,"Los Angeles Chargers","LAC",10,"Denver Broncos","DEN","WEEKLY",NA,NA
"Sean Tucker","RB","TB",NA,0,0,0,NA,0,0,NA,2.75,11.13,NA,0.08,NA,1.62,NA,"55641","FanDuel","16166","NumberFire","RB",0.1,0.07,0.47,NA,NA,0,NA,NA,NA,NA,NA,NA,NA,NA,NA,NA,NA,NA,NA,NA,NA,NA,NA,NA,NA,NA,NA,NA,NA,NA,NA,NA,NA,NA,NA,NA,NA,NA,NA,NA,NA,NA,NA,NA,NA,NA,NA,NA,68,265,31,30,"Tampa Bay Buccaneers",9,"Dallas Cowboys","DAL",30,"Tampa Bay Buccaneers","TB","WEEKLY",NA,NA
"Breece Hall","RB","NYJ",NA,0,0,0,NA,0,0,NA,1.53,6.72,NA,0.03,NA,1.62,NA,"55235","FanDuel","15708","NumberFire","RB",0.61,0.47,4.36,NA,NA,0.02,NA,NA,NA,NA,NA,NA,NA,NA,NA,NA,NA,NA,NA,NA,NA,NA,NA,NA,NA,NA,NA,NA,NA,NA,NA,NA,NA,NA,NA,NA,NA,NA,NA,NA,NA,NA,NA,NA,NA,NA,NA,NA,68,265,17,22,"New York Jets",22,"New York Jets","NYJ",8,"Cleveland Browns","CLE","WEEKLY",NA,NA
"Tyrone Tracy Jr.","RB","NYG",NA,0,0,0,NA,0,0,NA,2.35,9.7,NA,0.04,NA,1.44,NA,"55978","FanDuel","16747","NumberFire","RB",0.28,0.19,1.54,NA,NA,0,NA,NA,NA,NA,NA,NA,NA,NA,NA,NA,NA,NA,NA,NA,NA,NA,NA,NA,NA,NA,NA,NA,NA,NA,NA,NA,NA,NA,NA,NA,NA,NA,NA,NA,NA,NA,NA,NA,NA,NA,NA,NA,70,271,20,21,"New York Giants",32,"Washington Commanders","WSH",21,"New York Giants","NYG","WEEKLY",NA,NA
"Ameer Abdullah","RB","JAC",NA,0,0,0,NA,0,0,NA,1.77,7.15,NA,0.03,NA,1.33,NA,"52787","FanDuel","12155","NumberFire","RB",0.5,0.36,2.39,NA,NA,0.01,NA,NA,NA,NA,NA,NA,NA,NA,NA,NA,NA,NA,NA,NA,NA,NA,NA,NA,NA,NA,NA,NA,NA,NA,NA,NA,NA,NA,NA,NA,NA,NA,NA,NA,NA,NA,NA,NA,NA,NA,NA,NA,71,277,24,15,"Jacksonville Jaguars",15,"Jacksonville Jaguars","JAC",24,"Philadelphia Eagles","PHI","WEEKLY",NA,NA
"Hunter Luepke","RB","DAL",NA,0,0,0,NA,0,0,NA,1.09,4.34,NA,0.03,NA,1.28,NA,"55724","FanDuel","16391","NumberFire","RB",0.61,0.47,3.27,NA,NA,0.02,NA,NA,NA,NA,NA,NA,NA,NA,NA,NA,NA,NA,NA,NA,NA,NA,NA,NA,NA,NA,NA,NA,NA,NA,NA,NA,NA,NA,NA,NA,NA,NA,NA,NA,NA,NA,NA,NA,NA,NA,NA,NA,72,281,3,9,"Dallas Cowboys",9,"Dallas Cowboys","DAL",30,"Tampa Bay Buccaneers","TB","WEEKLY",NA,NA
"Travis Homer","RB","PIT",NA,0,0,0,NA,0,0,NA,2.23,9.19,NA,0.05,NA,1.27,NA,"54356","FanDuel","14083","NumberFire","RB",0.08,0.06,0.42,NA,NA,0,NA,NA,NA,NA,NA,NA,NA,NA,NA,NA,NA,NA,NA,NA,NA,NA,NA,NA,NA,NA,NA,NA,NA,NA,NA,NA,NA,NA,NA,NA,NA,NA,NA,NA,NA,NA,NA,NA,NA,NA,NA,NA,73,282,21,25,"Pittsburgh Steelers",25,"Pittsburgh Steelers","PIT",14,"Indianapolis Colts","IND","WEEKLY",NA,NA
"Alec Ingold","RB","LAC",NA,0,0,0,NA,0,0,NA,0.2,0.76,NA,0,NA,1.22,NA,"54334","FanDuel","14420","NumberFire","RB",1.09,0.78,6.58,NA,NA,0.02,NA,NA,NA,NA,NA,NA,NA,NA,NA,NA,NA,NA,NA,NA,NA,NA,NA,NA,NA,NA,NA,NA,NA,NA,NA,NA,NA,NA,NA,NA,NA,NA,NA,NA,NA,NA,NA,NA,NA,NA,NA,NA,74,283,26,34,"Los Angeles Chargers",34,"Los Angeles Chargers","LAC",10,"Denver Broncos","DEN","WEEKLY",NA,NA
"Zonovan Knight","RB","ARI",NA,0,0,0,NA,0,0,NA,1.45,5.63,NA,0.04,NA,1.19,NA,"55527","FanDuel","15727","NumberFire","RB",0.41,0.3,1.95,NA,NA,0.01,NA,NA,NA,NA,NA,NA,NA,NA,NA,NA,NA,NA,NA,NA,NA,NA,NA,NA,NA,NA,NA,NA,NA,NA,NA,NA,NA,NA,NA,NA,NA,NA,NA,NA,NA,NA,NA,NA,NA,NA,NA,NA,75,285,32,1,"Arizona Cardinals",1,"Arizona Cardinals","ARI",11,"Detroit Lions","DET","WEEKLY",NA,NA
"CJ Donaldson","RB","NO",NA,0,0,0,NA,0,0,NA,1.89,7.51,NA,0.04,NA,1.17,NA,"56690","FanDuel","17492","NumberFire","RB",0.23,0.17,1.12,NA,NA,0,NA,NA,NA,NA,NA,NA,NA,NA,NA,NA,NA,NA,NA,NA,NA,NA,NA,NA,NA,NA,NA,NA,NA,NA,NA,NA,NA,NA,NA,NA,NA,NA,NA,NA,NA,NA,NA,NA,NA,NA,NA,NA,76,286,1,20,"New Orleans Saints",20,"New Orleans Saints","NO",18,"Minnesota Vikings","MIN","WEEKLY",NA,NA
"Dylan Laube","RB","LV",NA,0,0,0,NA,0,0,NA,2.08,8.24,NA,0.04,NA,1.1,NA,"55983","FanDuel","16613","NumberFire","RB",0.11,0.08,0.51,NA,NA,0,NA,NA,NA,NA,NA,NA,NA,NA,NA,NA,NA,NA,NA,NA,NA,NA,NA,NA,NA,NA,NA,NA,NA,NA,NA,NA,NA,NA,NA,NA,NA,NA,NA,NA,NA,NA,NA,NA,NA,NA,NA,NA,77,290,11,35,"Las Vegas Raiders",19,"New England Patriots","NE",35,"Las Vegas Raiders","LV","WEEKLY",NA,NA
"Adam Prentice","RB","DEN",NA,0.31,0,0,NA,0,0,NA,0.26,1.03,NA,0,NA,1.02,NA,"55159","FanDuel","15650","NumberFire","RB",1.04,0.72,4.59,NA,NA,0.02,NA,NA,NA,NA,NA,NA,NA,NA,NA,NA,NA,NA,NA,NA,NA,NA,NA,NA,NA,NA,NA,NA,NA,NA,NA,NA,NA,NA,NA,NA,NA,NA,NA,NA,NA,NA,NA,NA,NA,NA,NA,NA,78,297,16,10,"Denver Broncos",34,"Los Angeles Chargers","LAC",10,"Denver Broncos","DEN","WEEKLY",NA,NA
"Jacob Saylors","RB","DET",NA,0,0,0,NA,0,0,NA,1.95,7.74,NA,0.04,NA,0.99,NA,"56387","FanDuel","16850","NumberFire","RB",0,0,0,NA,NA,0,NA,NA,NA,NA,NA,NA,NA,NA,NA,NA,NA,NA,NA,NA,NA,NA,NA,NA,NA,NA,NA,NA,NA,NA,NA,NA,NA,NA,NA,NA,NA,NA,NA,NA,NA,NA,NA,NA,NA,NA,NA,NA,79,299,27,11,"Detroit Lions",1,"Arizona Cardinals","ARI",11,"Detroit Lions","DET","WEEKLY",NA,NA
"Jaleel McLaughlin","RB","CLE",NA,0,0,0,NA,0,0,NA,1.75,7.47,NA,0.03,NA,0.96,NA,"55669","FanDuel","16390","NumberFire","RB",0.08,0.06,0.28,NA,NA,0,NA,NA,NA,NA,NA,NA,NA,NA,NA,NA,NA,NA,NA,NA,NA,NA,NA,NA,NA,NA,NA,NA,NA,NA,NA,NA,NA,NA,NA,NA,NA,NA,NA,NA,NA,NA,NA,NA,NA,NA,NA,NA,80,301,23,8,"Cleveland Browns",22,"New York Jets","NYJ",8,"Cleveland Browns","CLE","WEEKLY",NA,NA
"Ray Davis","RB","BUF",NA,0,0,0,NA,0,0,NA,1.07,4.32,NA,0.02,NA,0.95,NA,"55975","FanDuel","16603","NumberFire","RB",0.35,0.27,2.04,NA,NA,0.01,NA,NA,NA,NA,NA,NA,NA,NA,NA,NA,NA,NA,NA,NA,NA,NA,NA,NA,NA,NA,NA,NA,NA,NA,NA,NA,NA,NA,NA,NA,NA,NA,NA,NA,NA,NA,NA,NA,NA,NA,NA,NA,81,302,2,4,"Buffalo Bills",33,"Los Angeles Rams","LA",4,"Buffalo Bills","BUF","WEEKLY",NA,NA
"DeeJay Dallas","RB","MIN",NA,0,0,0,NA,0,0,NA,1.04,4.2,NA,0.02,NA,0.94,NA,"54553","FanDuel","14815","NumberFire","RB",0.46,0.35,2.06,NA,NA,0.01,NA,NA,NA,NA,NA,NA,NA,NA,NA,NA,NA,NA,NA,NA,NA,NA,NA,NA,NA,NA,NA,NA,NA,NA,NA,NA,NA,NA,NA,NA,NA,NA,NA,NA,NA,NA,NA,NA,NA,NA,NA,NA,82,303,30,18,"Minnesota Vikings",20,"New Orleans Saints","NO",18,"Minnesota Vikings","MIN","WEEKLY",NA,NA
"Corey Kiner","RB","NE",NA,0,0,0,NA,0,0,NA,1.54,6.09,NA,0.03,NA,0.77,NA,"56578","FanDuel","17274","NumberFire","RB",0,0,0,NA,NA,0,NA,NA,NA,NA,NA,NA,NA,NA,NA,NA,NA,NA,NA,NA,NA,NA,NA,NA,NA,NA,NA,NA,NA,NA,NA,NA,NA,NA,NA,NA,NA,NA,NA,NA,NA,NA,NA,NA,NA,NA,NA,NA,83,312,8,19,"New England Patriots",19,"New England Patriots","NE",35,"Las Vegas Raiders","LV","WEEKLY",NA,NA
"DJ Herman","RB","MIA",NA,0,0,0,NA,0,0,NA,0,0,NA,0,NA,0.62,NA,"56719","FanDuel","17784","NumberFire","RB",0.6,0.45,3.3,NA,NA,0.01,NA,NA,NA,NA,NA,NA,NA,NA,NA,NA,NA,NA,NA,NA,NA,NA,NA,NA,NA,NA,NA,NA,NA,NA,NA,NA,NA,NA,NA,NA,NA,NA,NA,NA,NA,NA,NA,NA,NA,NA,NA,NA,84,316,12,17,"Miami Dolphins",17,"Miami Dolphins","MIA",7,"Cincinnati Bengals","CIN","WEEKLY",NA,NA
"Patrick Ricard","RB","NYG",NA,0,0,0,NA,0,0,NA,0,0,NA,0,NA,0.51,NA,"53546","FanDuel","13455","NumberFire","RB",0.57,0.37,2.66,NA,NA,0.01,NA,NA,NA,NA,NA,NA,NA,NA,NA,NA,NA,NA,NA,NA,NA,NA,NA,NA,NA,NA,NA,NA,NA,NA,NA,NA,NA,NA,NA,NA,NA,NA,NA,NA,NA,NA,NA,NA,NA,NA,NA,NA,85,323,20,21,"New York Giants",32,"Washington Commanders","WSH",21,"New York Giants","NYG","WEEKLY",NA,NA
"LeQuint Allen Jr.","RB","JAC",NA,0,0,0,NA,0,0,NA,0,0,NA,0,NA,0.47,NA,"56345","FanDuel","17061","NumberFire","RB",0.5,0.36,2.28,NA,NA,0.01,NA,NA,NA,NA,NA,NA,NA,NA,NA,NA,NA,NA,NA,NA,NA,NA,NA,NA,NA,NA,NA,NA,NA,NA,NA,NA,NA,NA,NA,NA,NA,NA,NA,NA,NA,NA,NA,NA,NA,NA,NA,NA,86,328,24,15,"Jacksonville Jaguars",15,"Jacksonville Jaguars","JAC",24,"Philadelphia Eagles","PHI","WEEKLY",NA,NA
"Velus Jones","RB","SEA",NA,0,0,0,NA,0,0,NA,0.79,3.25,NA,0.02,NA,0.45,NA,"55238","FanDuel","15767","NumberFire","RB",0.03,0.02,0.15,NA,NA,0,NA,NA,NA,NA,NA,NA,NA,NA,NA,NA,NA,NA,NA,NA,NA,NA,NA,NA,NA,NA,NA,NA,NA,NA,NA,NA,NA,NA,NA,NA,NA,NA,NA,NA,NA,NA,NA,NA,NA,NA,NA,NA,87,329,13,28,"Seattle Seahawks",28,"Seattle Seahawks","SEA",27,"San Francisco 49ers","SF","WEEKLY",NA,NA
"C.J. Ham","RB","MIN",NA,0,0,0,NA,0,0,NA,0.21,0.81,NA,0.01,NA,0.14,NA,"53557","FanDuel","12923","NumberFire","RB",0,0,0,NA,NA,0,NA,NA,NA,NA,NA,NA,NA,NA,NA,NA,NA,NA,NA,NA,NA,NA,NA,NA,NA,NA,NA,NA,NA,NA,NA,NA,NA,NA,NA,NA,NA,NA,NA,NA,NA,NA,NA,NA,NA,NA,NA,NA,88,353,30,18,"Minnesota Vikings",20,"New Orleans Saints","NO",18,"Minnesota Vikings","MIN","WEEKLY",NA,NA
"Jordan James","RB","SF",NA,0,0,0,NA,0,0,NA,0.19,0.77,NA,0,NA,0.14,NA,"56491","FanDuel","17055","NumberFire","RB",0.06,0.05,0.34,NA,NA,0,NA,NA,NA,NA,NA,NA,NA,NA,NA,NA,NA,NA,NA,NA,NA,NA,NA,NA,NA,NA,NA,NA,NA,NA,NA,NA,NA,NA,NA,NA,NA,NA,NA,NA,NA,NA,NA,NA,NA,NA,NA,NA,88,353,4,27,"San Francisco 49ers",28,"Seattle Seahawks","SEA",27,"San Francisco 49ers","SF","WEEKLY",NA,NA
"Brady Russell","RB","SEA",NA,0,0,0,NA,0,0,NA,0,0,NA,0,NA,0.05,NA,"55762","FanDuel","16496","NumberFire","RB",0.05,0.04,0.26,NA,NA,0,NA,NA,NA,NA,NA,NA,NA,NA,NA,NA,NA,NA,NA,NA,NA,NA,NA,NA,NA,NA,NA,NA,NA,NA,NA,NA,NA,NA,NA,NA,NA,NA,NA,NA,NA,NA,NA,NA,NA,NA,NA,NA,90,360,13,28,"Seattle Seahawks",28,"Seattle Seahawks","SEA",27,"San Francisco 49ers","SF","WEEKLY",NA,NA
"Michael Burton","RB","CLE",NA,0,0,0,NA,0,0,NA,0,0,NA,0,NA,0.03,NA,"52765","FanDuel","12325","NumberFire","RB",0.04,0.03,0.17,NA,NA,0,NA,NA,NA,NA,NA,NA,NA,NA,NA,NA,NA,NA,NA,NA,NA,NA,NA,NA,NA,NA,NA,NA,NA,NA,NA,NA,NA,NA,NA,NA,NA,NA,NA,NA,NA,NA,NA,NA,NA,NA,NA,NA,91,363,23,8,"Cleveland Browns",22,"New York Jets","NYJ",8,"Cleveland Browns","CLE","WEEKLY",NA,NA
"Malik Davis","RB","DAL",NA,0,0,0,NA,0,0,NA,0,0,NA,0,NA,0,NA,"55492","FanDuel","15738","NumberFire","RB",0,0,0,NA,NA,0,NA,NA,NA,NA,NA,NA,NA,NA,NA,NA,NA,NA,NA,NA,NA,NA,NA,NA,NA,NA,NA,NA,NA,NA,NA,NA,NA,NA,NA,NA,NA,NA,NA,NA,NA,NA,NA,NA,NA,NA,NA,NA,92,364,3,9,"Dallas Cowboys",9,"Dallas Cowboys","DAL",30,"Tampa Bay Buccaneers","TB","WEEKLY",NA,NA
"Emari Demercado","RB","DAL",NA,0,0,0,NA,0,0,NA,0,0,NA,0,NA,0,NA,"55723","FanDuel","16385","NumberFire","RB",0,0,0,NA,NA,0,NA,NA,NA,NA,NA,NA,NA,NA,NA,NA,NA,NA,NA,NA,NA,NA,NA,NA,NA,NA,NA,NA,NA,NA,NA,NA,NA,NA,NA,NA,NA,NA,NA,NA,NA,NA,NA,NA,NA,NA,NA,NA,92,364,3,9,"Dallas Cowboys",9,"Dallas Cowboys","DAL",30,"Tampa Bay Buccaneers","TB","WEEKLY",NA,NA
"Israel Abanikanda","RB","DAL",NA,0,0,0,NA,0,0,NA,0,0,NA,0,NA,0,NA,"55855","FanDuel","16168","NumberFire","RB",0,0,0,NA,NA,0,NA,NA,NA,NA,NA,NA,NA,NA,NA,NA,NA,NA,NA,NA,NA,NA,NA,NA,NA,NA,NA,NA,NA,NA,NA,NA,NA,NA,NA,NA,NA,NA,NA,NA,NA,NA,NA,NA,NA,NA,NA,NA,92,364,3,9,"Dallas Cowboys",9,"Dallas Cowboys","DAL",30,"Tampa Bay Buccaneers","TB","WEEKLY",NA,NA
"Tank Bigsby","RB","PHI",NA,0,0,0,NA,0,0,NA,0,0,NA,0,NA,0,NA,"55626","FanDuel","16164","NumberFire","RB",0,0,0,NA,NA,0,NA,NA,NA,NA,NA,NA,NA,NA,NA,NA,NA,NA,NA,NA,NA,NA,NA,NA,NA,NA,NA,NA,NA,NA,NA,NA,NA,NA,NA,NA,NA,NA,NA,NA,NA,NA,NA,NA,NA,NA,NA,NA,92,364,5,24,"Philadelphia Eagles",15,"Jacksonville Jaguars","JAC",24,"Philadelphia Eagles","PHI","WEEKLY",NA,NA
"J'Mari Taylor","RB","JAC",NA,0,0,0,NA,0,0,NA,0,0,NA,0,NA,0,NA,"56998","FanDuel","17487","NumberFire","RB",0,0,0,NA,NA,0,NA,NA,NA,NA,NA,NA,NA,NA,NA,NA,NA,NA,NA,NA,NA,NA,NA,NA,NA,NA,NA,NA,NA,NA,NA,NA,NA,NA,NA,NA,NA,NA,NA,NA,NA,NA,NA,NA,NA,NA,NA,NA,92,364,24,15,"Jacksonville Jaguars",15,"Jacksonville Jaguars","JAC",24,"Philadelphia Eagles","PHI","WEEKLY",NA,NA
"Andrew Beck","RB","NYJ",NA,0,0,0,NA,0,0,NA,0,0,NA,0,NA,0,NA,"54321","FanDuel","14319","NumberFire","RB",0,0,0,NA,NA,0,NA,NA,NA,NA,NA,NA,NA,NA,NA,NA,NA,NA,NA,NA,NA,NA,NA,NA,NA,NA,NA,NA,NA,NA,NA,NA,NA,NA,NA,NA,NA,NA,NA,NA,NA,NA,NA,NA,NA,NA,NA,NA,92,364,17,22,"New York Jets",22,"New York Jets","NYJ",8,"Cleveland Browns","CLE","WEEKLY",NA,NA
"Kene Nwangwu","RB","NYJ",NA,0,0,0,NA,0,0,NA,0,0,NA,0,NA,0,NA,"55120","FanDuel","15414","NumberFire","RB",0,0,0,NA,NA,0,NA,NA,NA,NA,NA,NA,NA,NA,NA,NA,NA,NA,NA,NA,NA,NA,NA,NA,NA,NA,NA,NA,NA,NA,NA,NA,NA,NA,NA,NA,NA,NA,NA,NA,NA,NA,NA,NA,NA,NA,NA,NA,92,364,17,22,"New York Jets",22,"New York Jets","NYJ",8,"Cleveland Browns","CLE","WEEKLY",NA,NA
"Dylan Sampson","RB","CLE",NA,0,0,0,NA,0,0,NA,0,0,NA,0,NA,0,NA,"56273","FanDuel","17047","NumberFire","RB",0,0,0,NA,NA,0,NA,NA,NA,NA,NA,NA,NA,NA,NA,NA,NA,NA,NA,NA,NA,NA,NA,NA,NA,NA,NA,NA,NA,NA,NA,NA,NA,NA,NA,NA,NA,NA,NA,NA,NA,NA,NA,NA,NA,NA,NA,NA,92,364,23,8,"Cleveland Browns",22,"New York Jets","NYJ",8,"Cleveland Browns","CLE","WEEKLY",NA,NA
"Chip Trayanum","RB","NYJ",NA,0,0,0,NA,0,0,NA,0,0,NA,0,NA,0,NA,"56937","FanDuel","17489","NumberFire","RB",0,0,0,NA,NA,0,NA,NA,NA,NA,NA,NA,NA,NA,NA,NA,NA,NA,NA,NA,NA,NA,NA,NA,NA,NA,NA,NA,NA,NA,NA,NA,NA,NA,NA,NA,NA,NA,NA,NA,NA,NA,NA,NA,NA,NA,NA,NA,92,364,17,22,"New York Jets",22,"New York Jets","NYJ",8,"Cleveland Browns","CLE","WEEKLY",NA,NA
"Al-Jay Henderson","RB","NYJ",NA,0,0,0,NA,0,0,NA,0,0,NA,0,NA,0,NA,"57000","FanDuel",NA,"NumberFire","RB",0,0,0,NA,NA,0,NA,NA,NA,NA,NA,NA,NA,NA,NA,NA,NA,NA,NA,NA,NA,NA,NA,NA,NA,NA,NA,NA,NA,NA,NA,NA,NA,NA,NA,NA,NA,NA,NA,NA,NA,NA,NA,NA,NA,NA,NA,NA,92,364,17,22,"New York Jets",22,"New York Jets","NYJ",8,"Cleveland Browns","CLE","WEEKLY",NA,NA
"Kendall Milton","RB","CIN",NA,0,0,0,NA,0,0,NA,0,0,NA,0,NA,0,NA,"56556","FanDuel","16606","NumberFire","RB",0,0,0,NA,NA,0,NA,NA,NA,NA,NA,NA,NA,NA,NA,NA,NA,NA,NA,NA,NA,NA,NA,NA,NA,NA,NA,NA,NA,NA,NA,NA,NA,NA,NA,NA,NA,NA,NA,NA,NA,NA,NA,NA,NA,NA,NA,NA,92,364,29,7,"Cincinnati Bengals",17,"Miami Dolphins","MIA",7,"Cincinnati Bengals","CIN","WEEKLY",NA,NA
"Kentrel Bullock","RB","CIN",NA,0,0,0,NA,0,0,NA,0,0,NA,0,NA,0,NA,"56995","FanDuel",NA,"NumberFire","RB",0,0,0,NA,NA,0,NA,NA,NA,NA,NA,NA,NA,NA,NA,NA,NA,NA,NA,NA,NA,NA,NA,NA,NA,NA,NA,NA,NA,NA,NA,NA,NA,NA,NA,NA,NA,NA,NA,NA,NA,NA,NA,NA,NA,NA,NA,NA,92,364,29,7,"Cincinnati Bengals",17,"Miami Dolphins","MIA",7,"Cincinnati Bengals","CIN","WEEKLY",NA,NA
"Reggie Gilliam","RB","NE",NA,0,0,0,NA,0,0,NA,0,0,NA,0,NA,0,NA,"54640","FanDuel","15103","NumberFire","RB",0,0,0,NA,NA,0,NA,NA,NA,NA,NA,NA,NA,NA,NA,NA,NA,NA,NA,NA,NA,NA,NA,NA,NA,NA,NA,NA,NA,NA,NA,NA,NA,NA,NA,NA,NA,NA,NA,NA,NA,NA,NA,NA,NA,NA,NA,NA,92,364,8,19,"New England Patriots",19,"New England Patriots","NE",35,"Las Vegas Raiders","LV","WEEKLY",NA,NA
"Hassan Haskins","RB","NE",NA,0,0,0,NA,0,0,NA,0,0,NA,0,NA,0,NA,"55395","FanDuel","15720","NumberFire","RB",0,0,0,NA,NA,0,NA,NA,NA,NA,NA,NA,NA,NA,NA,NA,NA,NA,NA,NA,NA,NA,NA,NA,NA,NA,NA,NA,NA,NA,NA,NA,NA,NA,NA,NA,NA,NA,NA,NA,NA,NA,NA,NA,NA,NA,NA,NA,92,364,8,19,"New England Patriots",19,"New England Patriots","NE",35,"Las Vegas Raiders","LV","WEEKLY",NA,NA
"Terrell Jennings","RB","NE",NA,0,0,0,NA,0,0,NA,0,0,NA,0,NA,0,NA,"56138","FanDuel","16957","NumberFire","RB",0,0,0,NA,NA,0,NA,NA,NA,NA,NA,NA,NA,NA,NA,NA,NA,NA,NA,NA,NA,NA,NA,NA,NA,NA,NA,NA,NA,NA,NA,NA,NA,NA,NA,NA,NA,NA,NA,NA,NA,NA,NA,NA,NA,NA,NA,NA,92,364,8,19,"New England Patriots",19,"New England Patriots","NE",35,"Las Vegas Raiders","LV","WEEKLY",NA,NA
"Roman Hemby","RB","LV",NA,0,0,0,NA,0,0,NA,0,0,NA,0,NA,0,NA,"56830","FanDuel","17483","NumberFire","RB",0,0,0,NA,NA,0,NA,NA,NA,NA,NA,NA,NA,NA,NA,NA,NA,NA,NA,NA,NA,NA,NA,NA,NA,NA,NA,NA,NA,NA,NA,NA,NA,NA,NA,NA,NA,NA,NA,NA,NA,NA,NA,NA,NA,NA,NA,NA,92,364,11,35,"Las Vegas Raiders",19,"New England Patriots","NE",35,"Las Vegas Raiders","LV","WEEKLY",NA,NA
"Myles Montgomery","RB","NE",NA,0,0,0,NA,0,0,NA,0,0,NA,0,NA,0,NA,"56935","FanDuel","17718","NumberFire","RB",0,0,0,NA,NA,0,NA,NA,NA,NA,NA,NA,NA,NA,NA,NA,NA,NA,NA,NA,NA,NA,NA,NA,NA,NA,NA,NA,NA,NA,NA,NA,NA,NA,NA,NA,NA,NA,NA,NA,NA,NA,NA,NA,NA,NA,NA,NA,92,364,8,19,"New England Patriots",19,"New England Patriots","NE",35,"Las Vegas Raiders","LV","WEEKLY",NA,NA
"Travis Etienne","RB","NO",NA,0,0,0,NA,0,0,NA,0,0,NA,0,NA,0,NA,"54870","FanDuel","15253","NumberFire","RB",0,0,0,NA,NA,0,NA,NA,NA,NA,NA,NA,NA,NA,NA,NA,NA,NA,NA,NA,NA,NA,NA,NA,NA,NA,NA,NA,NA,NA,NA,NA,NA,NA,NA,NA,NA,NA,NA,NA,NA,NA,NA,NA,NA,NA,NA,NA,92,364,1,20,"New Orleans Saints",20,"New Orleans Saints","NO",18,"Minnesota Vikings","MIN","WEEKLY",NA,NA
"Jordan Mason","RB","MIN",NA,0,0,0,NA,0,0,NA,0,0,NA,0,NA,0,NA,"55328","FanDuel","15972","NumberFire","RB",0,0,0,NA,NA,0,NA,NA,NA,NA,NA,NA,NA,NA,NA,NA,NA,NA,NA,NA,NA,NA,NA,NA,NA,NA,NA,NA,NA,NA,NA,NA,NA,NA,NA,NA,NA,NA,NA,NA,NA,NA,NA,NA,NA,NA,NA,NA,92,364,30,18,"Minnesota Vikings",20,"New Orleans Saints","NO",18,"Minnesota Vikings","MIN","WEEKLY",NA,NA
"Ty Chandler","RB","NO",NA,0,0,0,NA,0,0,NA,0,0,NA,0,NA,0,NA,"55461","FanDuel","15723","NumberFire","RB",0,0,0,NA,NA,0,NA,NA,NA,NA,NA,NA,NA,NA,NA,NA,NA,NA,NA,NA,NA,NA,NA,NA,NA,NA,NA,NA,NA,NA,NA,NA,NA,NA,NA,NA,NA,NA,NA,NA,NA,NA,NA,NA,NA,NA,NA,NA,92,364,1,20,"New Orleans Saints",20,"New Orleans Saints","NO",18,"Minnesota Vikings","MIN","WEEKLY",NA,NA
"Audric Estime","RB","NO",NA,0,0,0,NA,0,0,NA,0,0,NA,0,NA,0,NA,"55985","FanDuel","16595","NumberFire","RB",0,0,0,NA,NA,0,NA,NA,NA,NA,NA,NA,NA,NA,NA,NA,NA,NA,NA,NA,NA,NA,NA,NA,NA,NA,NA,NA,NA,NA,NA,NA,NA,NA,NA,NA,NA,NA,NA,NA,NA,NA,NA,NA,NA,NA,NA,NA,92,364,1,20,"New Orleans Saints",20,"New Orleans Saints","NO",18,"Minnesota Vikings","MIN","WEEKLY",NA,NA
"Max Bredeson","RB","MIN",NA,0,0,0,NA,0,0,NA,0,0,NA,0,NA,0,NA,"56745","FanDuel","17641","NumberFire","RB",0,0,0,NA,NA,0,NA,NA,NA,NA,NA,NA,NA,NA,NA,NA,NA,NA,NA,NA,NA,NA,NA,NA,NA,NA,NA,NA,NA,NA,NA,NA,NA,NA,NA,NA,NA,NA,NA,NA,NA,NA,NA,NA,NA,NA,NA,NA,92,364,30,18,"Minnesota Vikings",20,"New Orleans Saints","NO",18,"Minnesota Vikings","MIN","WEEKLY",NA,NA
"Dare Ogunbowale","RB","HOU",NA,0,0,0,NA,0,0,NA,0,0,NA,0,NA,0,NA,"54069","FanDuel","13148","NumberFire","RB",0,0,0.02,NA,NA,0,NA,NA,NA,NA,NA,NA,NA,NA,NA,NA,NA,NA,NA,NA,NA,NA,NA,NA,NA,NA,NA,NA,NA,NA,NA,NA,NA,NA,NA,NA,NA,NA,NA,NA,NA,NA,NA,NA,NA,NA,NA,NA,92,364,18,13,"Houston Texans",31,"Tennessee Titans","TEN",13,"Houston Texans","HOU","WEEKLY",NA,NA
"Jakob Johnson","RB","HOU",NA,0,0,0,NA,0,0,NA,0,0,NA,0,NA,0,NA,"54353","FanDuel","14359","NumberFire","RB",0,0,0,NA,NA,0,NA,NA,NA,NA,NA,NA,NA,NA,NA,NA,NA,NA,NA,NA,NA,NA,NA,NA,NA,NA,NA,NA,NA,NA,NA,NA,NA,NA,NA,NA,NA,NA,NA,NA,NA,NA,NA,NA,NA,NA,NA,NA,92,364,18,13,"Houston Texans",31,"Tennessee Titans","TEN",13,"Houston Texans","HOU","WEEKLY",NA,NA
"Julius Chestnut","RB","TEN",NA,0,0,0,NA,0,0,NA,0,0,NA,0,NA,0,NA,"55532","FanDuel","15965","NumberFire","RB",0,0,0,NA,NA,0,NA,NA,NA,NA,NA,NA,NA,NA,NA,NA,NA,NA,NA,NA,NA,NA,NA,NA,NA,NA,NA,NA,NA,NA,NA,NA,NA,NA,NA,NA,NA,NA,NA,NA,NA,NA,NA,NA,NA,NA,NA,NA,92,364,22,31,"Tennessee Titans",31,"Tennessee Titans","TEN",13,"Houston Texans","HOU","WEEKLY",NA,NA
"British Brooks","RB","HOU",NA,0,0,0,NA,0,0,NA,0,0,NA,0,NA,0,NA,"56007","FanDuel","16816","NumberFire","RB",0,0,0,NA,NA,0,NA,NA,NA,NA,NA,NA,NA,NA,NA,NA,NA,NA,NA,NA,NA,NA,NA,NA,NA,NA,NA,NA,NA,NA,NA,NA,NA,NA,NA,NA,NA,NA,NA,NA,NA,NA,NA,NA,NA,NA,NA,NA,92,364,18,13,"Houston Texans",31,"Tennessee Titans","TEN",13,"Houston Texans","HOU","WEEKLY",NA,NA
"Nicholas Singleton","RB","TEN",NA,0,0,0,NA,0,0,NA,0,0,NA,0,NA,0,NA,"56685","FanDuel","17476","NumberFire","RB",0,0,0,NA,NA,0,NA,NA,NA,NA,NA,NA,NA,NA,NA,NA,NA,NA,NA,NA,NA,NA,NA,NA,NA,NA,NA,NA,NA,NA,NA,NA,NA,NA,NA,NA,NA,NA,NA,NA,NA,NA,NA,NA,NA,NA,NA,NA,92,364,22,31,"Tennessee Titans",31,"Tennessee Titans","TEN",13,"Houston Texans","HOU","WEEKLY",NA,NA
"Noah Whittington","RB","HOU",NA,0,0,0,NA,0,0,NA,0,0,NA,0,NA,0,NA,"56996","FanDuel","17490","NumberFire","RB",0,0,0,NA,NA,0,NA,NA,NA,NA,NA,NA,NA,NA,NA,NA,NA,NA,NA,NA,NA,NA,NA,NA,NA,NA,NA,NA,NA,NA,NA,NA,NA,NA,NA,NA,NA,NA,NA,NA,NA,NA,NA,NA,NA,NA,NA,NA,92,364,18,13,"Houston Texans",31,"Tennessee Titans","TEN",13,"Houston Texans","HOU","WEEKLY",NA,NA
"Devin Singletary","RB","NYG",NA,0,0,0,NA,0,0,NA,0,0,NA,0,NA,0,NA,"54171","FanDuel","14080","NumberFire","RB",0,0,0,NA,NA,0,NA,NA,NA,NA,NA,NA,NA,NA,NA,NA,NA,NA,NA,NA,NA,NA,NA,NA,NA,NA,NA,NA,NA,NA,NA,NA,NA,NA,NA,NA,NA,NA,NA,NA,NA,NA,NA,NA,NA,NA,NA,NA,92,364,20,21,"New York Giants",32,"Washington Commanders","WSH",21,"New York Giants","NYG","WEEKLY",NA,NA
"Rachaad White","RB","WSH",NA,0,0,0,NA,0,0,NA,0,0,NA,0,NA,0,NA,"55271","FanDuel","15721","NumberFire","RB",0,0,0,NA,NA,0,NA,NA,NA,NA,NA,NA,NA,NA,NA,NA,NA,NA,NA,NA,NA,NA,NA,NA,NA,NA,NA,NA,NA,NA,NA,NA,NA,NA,NA,NA,NA,NA,NA,NA,NA,NA,NA,NA,NA,NA,NA,NA,92,364,19,32,"Washington Commanders",32,"Washington Commanders","WSH",21,"New York Giants","NYG","WEEKLY",NA,NA
"DJ Giddens","RB","IND",NA,0,0,0,NA,0,0,NA,0,0,NA,0,NA,0,NA,"56296","FanDuel","17060","NumberFire","RB",0,0,0,NA,NA,0,NA,NA,NA,NA,NA,NA,NA,NA,NA,NA,NA,NA,NA,NA,NA,NA,NA,NA,NA,NA,NA,NA,NA,NA,NA,NA,NA,NA,NA,NA,NA,NA,NA,NA,NA,NA,NA,NA,NA,NA,NA,NA,92,364,10,14,"Indianapolis Colts",25,"Pittsburgh Steelers","PIT",14,"Indianapolis Colts","IND","WEEKLY",NA,NA
"Eli Heidenreich","RB","PIT",NA,0,0,0,NA,0,0,NA,0,0,NA,0,NA,0,NA,"56693","FanDuel","17685","NumberFire","RB",0,0,0,NA,NA,0,NA,NA,NA,NA,NA,NA,NA,NA,NA,NA,NA,NA,NA,NA,NA,NA,NA,NA,NA,NA,NA,NA,NA,NA,NA,NA,NA,NA,NA,NA,NA,NA,NA,NA,NA,NA,NA,NA,NA,NA,NA,NA,92,364,21,25,"Pittsburgh Steelers",25,"Pittsburgh Steelers","PIT",14,"Indianapolis Colts","IND","WEEKLY",NA,NA
"Max Hurleman","RB","PIT",NA,0,0,0,NA,0,0,NA,0,0,NA,0,NA,0,NA,"56890","FanDuel",NA,"NumberFire","RB",0,0,0,NA,NA,0,NA,NA,NA,NA,NA,NA,NA,NA,NA,NA,NA,NA,NA,NA,NA,NA,NA,NA,NA,NA,NA,NA,NA,NA,NA,NA,NA,NA,NA,NA,NA,NA,NA,NA,NA,NA,NA,NA,NA,NA,NA,NA,92,364,21,25,"Pittsburgh Steelers",25,"Pittsburgh Steelers","PIT",14,"Indianapolis Colts","IND","WEEKLY",NA,NA
"Davon Booth","RB","IND",NA,0,0,0,NA,0,0,NA,0,0,NA,0,NA,0,NA,"56997","FanDuel","17717","NumberFire","RB",0,0,0,NA,NA,0,NA,NA,NA,NA,NA,NA,NA,NA,NA,NA,NA,NA,NA,NA,NA,NA,NA,NA,NA,NA,NA,NA,NA,NA,NA,NA,NA,NA,NA,NA,NA,NA,NA,NA,NA,NA,NA,NA,NA,NA,NA,NA,92,364,10,14,"Indianapolis Colts",25,"Pittsburgh Steelers","PIT",14,"Indianapolis Colts","IND","WEEKLY",NA,NA
"Jonah Coleman","RB","DEN",NA,0,0,0,NA,0,0,NA,0,0,NA,0,NA,0,NA,"56658","FanDuel","17477","NumberFire","RB",0,0,0,NA,NA,0,NA,NA,NA,NA,NA,NA,NA,NA,NA,NA,NA,NA,NA,NA,NA,NA,NA,NA,NA,NA,NA,NA,NA,NA,NA,NA,NA,NA,NA,NA,NA,NA,NA,NA,NA,NA,NA,NA,NA,NA,NA,NA,92,364,16,10,"Denver Broncos",34,"Los Angeles Chargers","LAC",10,"Denver Broncos","DEN","WEEKLY",NA,NA
"Greg Desrosiers Jr.","RB","LAC",NA,0,0,0,NA,0,0,NA,0,0,NA,0,NA,0,NA,"56936","FanDuel",NA,"NumberFire","RB",0,0,0,NA,NA,0,NA,NA,NA,NA,NA,NA,NA,NA,NA,NA,NA,NA,NA,NA,NA,NA,NA,NA,NA,NA,NA,NA,NA,NA,NA,NA,NA,NA,NA,NA,NA,NA,NA,NA,NA,NA,NA,NA,NA,NA,NA,NA,92,364,26,34,"Los Angeles Chargers",34,"Los Angeles Chargers","LAC",10,"Denver Broncos","DEN","WEEKLY",NA,NA
"Josh Jacobs","RB","GB",NA,0,0,0,NA,0,0,NA,0,0,NA,0,NA,0,NA,"54151","FanDuel","14073","NumberFire","RB",0,0,0,NA,NA,0,NA,NA,NA,NA,NA,NA,NA,NA,NA,NA,NA,NA,NA,NA,NA,NA,NA,NA,NA,NA,NA,NA,NA,NA,NA,NA,NA,NA,NA,NA,NA,NA,NA,NA,NA,NA,NA,NA,NA,NA,NA,NA,92,364,6,12,"Green Bay Packers",12,"Green Bay Packers","GB",6,"Chicago Bears","CHI","WEEKLY",NA,NA
"Brittain Brown","RB","CHI",NA,0,0,0,NA,0,0,NA,0,0,NA,0,NA,0,NA,"55519","FanDuel","15953","NumberFire","RB",0,0,0,NA,NA,0,NA,NA,NA,NA,NA,NA,NA,NA,NA,NA,NA,NA,NA,NA,NA,NA,NA,NA,NA,NA,NA,NA,NA,NA,NA,NA,NA,NA,NA,NA,NA,NA,NA,NA,NA,NA,NA,NA,NA,NA,NA,NA,92,364,25,6,"Chicago Bears",12,"Green Bay Packers","GB",6,"Chicago Bears","CHI","WEEKLY",NA,NA
"James Conner","RB","ARI",NA,0,0,0,NA,0,0,NA,0,0,NA,0,NA,0,NA,"53421","FanDuel","13146","NumberFire","RB",0,0,0,NA,NA,0,NA,NA,NA,NA,NA,NA,NA,NA,NA,NA,NA,NA,NA,NA,NA,NA,NA,NA,NA,NA,NA,NA,NA,NA,NA,NA,NA,NA,NA,NA,NA,NA,NA,NA,NA,NA,NA,NA,NA,NA,NA,NA,92,364,32,1,"Arizona Cardinals",1,"Arizona Cardinals","ARI",11,"Detroit Lions","DET","WEEKLY",NA,NA
"Isiah Pacheco","RB","DET",NA,0,0,0,NA,0,0,NA,0,0,NA,0,NA,0,NA,"55280","FanDuel","15749","NumberFire","RB",0,0,0,NA,NA,0,NA,NA,NA,NA,NA,NA,NA,NA,NA,NA,NA,NA,NA,NA,NA,NA,NA,NA,NA,NA,NA,NA,NA,NA,NA,NA,NA,NA,NA,NA,NA,NA,NA,NA,NA,NA,NA,NA,NA,NA,NA,NA,92,364,27,11,"Detroit Lions",1,"Arizona Cardinals","ARI",11,"Detroit Lions","DET","WEEKLY",NA,NA
"Kyle Juszczyk","RB","SF",NA,0,0,0,NA,0,0,NA,0,0,NA,0,NA,0,NA,"52158","FanDuel","11367","NumberFire","RB",0,0,0,NA,NA,0,NA,NA,NA,NA,NA,NA,NA,NA,NA,NA,NA,NA,NA,NA,NA,NA,NA,NA,NA,NA,NA,NA,NA,NA,NA,NA,NA,NA,NA,NA,NA,NA,NA,NA,NA,NA,NA,NA,NA,NA,NA,NA,92,364,4,27,"San Francisco 49ers",28,"Seattle Seahawks","SEA",27,"San Francisco 49ers","SF","WEEKLY",NA,NA
"Zach Charbonnet","RB","SEA",NA,0,0,0,NA,0,0,NA,0,0,NA,0,NA,0,NA,"55596","FanDuel","16169","NumberFire","RB",0,0,0,NA,NA,0,NA,NA,NA,NA,NA,NA,NA,NA,NA,NA,NA,NA,NA,NA,NA,NA,NA,NA,NA,NA,NA,NA,NA,NA,NA,NA,NA,NA,NA,NA,NA,NA,NA,NA,NA,NA,NA,NA,NA,NA,NA,NA,92,364,13,28,"Seattle Seahawks",28,"Seattle Seahawks","SEA",27,"San Francisco 49ers","SF","WEEKLY",NA,NA
"Isaac Guerendo","RB","SF",NA,0,0,0,NA,0,0,NA,0,0,NA,0,NA,0,NA,"56046","FanDuel","16688","NumberFire","RB",0,0,0,NA,NA,0,NA,NA,NA,NA,NA,NA,NA,NA,NA,NA,NA,NA,NA,NA,NA,NA,NA,NA,NA,NA,NA,NA,NA,NA,NA,NA,NA,NA,NA,NA,NA,NA,NA,NA,NA,NA,NA,NA,NA,NA,NA,NA,92,364,4,27,"San Francisco 49ers",28,"Seattle Seahawks","SEA",27,"San Francisco 49ers","SF","WEEKLY",NA,NA
"Robbie Ouzts","RB","SEA",NA,0,0,0,NA,0,0,NA,0,0,NA,0,NA,0,NA,"56315","FanDuel","17215","NumberFire","RB",0,0,0,NA,NA,0,NA,NA,NA,NA,NA,NA,NA,NA,NA,NA,NA,NA,NA,NA,NA,NA,NA,NA,NA,NA,NA,NA,NA,NA,NA,NA,NA,NA,NA,NA,NA,NA,NA,NA,NA,NA,NA,NA,NA,NA,NA,NA,92,364,13,28,"Seattle Seahawks",28,"Seattle Seahawks","SEA",27,"San Francisco 49ers","SF","WEEKLY",NA,NA
"Jadarian Price","RB","SEA",NA,0,0,0,NA,0,0,NA,0,0,NA,0,NA,0,NA,"56646","FanDuel","17473","NumberFire","RB",0,0,0,NA,NA,0,NA,NA,NA,NA,NA,NA,NA,NA,NA,NA,NA,NA,NA,NA,NA,NA,NA,NA,NA,NA,NA,NA,NA,NA,NA,NA,NA,NA,NA,NA,NA,NA,NA,NA,NA,NA,NA,NA,NA,NA,NA,NA,92,364,13,28,"Seattle Seahawks",28,"Seattle Seahawks","SEA",27,"San Francisco 49ers","SF","WEEKLY",NA,NA
"Rasheen Ali","RB","BAL",NA,0,0,0,NA,0,0,NA,0,0,NA,0,NA,0,NA,"56198","FanDuel","16746","NumberFire","RB",0,0,0,NA,NA,0,NA,NA,NA,NA,NA,NA,NA,NA,NA,NA,NA,NA,NA,NA,NA,NA,NA,NA,NA,NA,NA,NA,NA,NA,NA,NA,NA,NA,NA,NA,NA,NA,NA,NA,NA,NA,NA,NA,NA,NA,NA,NA,92,364,9,3,"Baltimore Ravens",2,"Atlanta Falcons","ATL",3,"Baltimore Ravens","BAL","WEEKLY",NA,NA
"Adam Randall","RB","BAL",NA,0,0,0,NA,0,0,NA,0,0,NA,0,NA,0,NA,"56934","FanDuel","17652","NumberFire","RB",0,0,0,NA,NA,0,NA,NA,NA,NA,NA,NA,NA,NA,NA,NA,NA,NA,NA,NA,NA,NA,NA,NA,NA,NA,NA,NA,NA,NA,NA,NA,NA,NA,NA,NA,NA,NA,NA,NA,NA,NA,NA,NA,NA,NA,NA,NA,92,364,9,3,"Baltimore Ravens",2,"Atlanta Falcons","ATL",3,"Baltimore Ravens","BAL","WEEKLY",NA,NA
"Cash Jones","RB","ATL",NA,0,0,0,NA,0,0,NA,0,0,NA,0,NA,0,NA,"56950","FanDuel","17493","NumberFire","RB",0,0,0,NA,NA,0,NA,NA,NA,NA,NA,NA,NA,NA,NA,NA,NA,NA,NA,NA,NA,NA,NA,NA,NA,NA,NA,NA,NA,NA,NA,NA,NA,NA,NA,NA,NA,NA,NA,NA,NA,NA,NA,NA,NA,NA,NA,NA,92,364,15,2,"Atlanta Falcons",2,"Atlanta Falcons","ATL",3,"Baltimore Ravens","BAL","WEEKLY",NA,NA
"Ronnie Rivers","RB","LA",NA,0,0,0,NA,0,0,NA,0,0,NA,0,NA,0,NA,"55466","FanDuel","15726","NumberFire","RB",0,0,0,NA,NA,0,NA,NA,NA,NA,NA,NA,NA,NA,NA,NA,NA,NA,NA,NA,NA,NA,NA,NA,NA,NA,NA,NA,NA,NA,NA,NA,NA,NA,NA,NA,NA,NA,NA,NA,NA,NA,NA,NA,NA,NA,NA,NA,92,364,28,33,"Los Angeles Rams",33,"Los Angeles Rams","LA",4,"Buffalo Bills","BUF","WEEKLY",NA,NA
"Dean Connors","RB","LA",NA,0,0,0,NA,0,0,NA,0,0,NA,0,NA,0,NA,"56877","FanDuel","17491","NumberFire","RB",0,0,0,NA,NA,0,NA,NA,NA,NA,NA,NA,NA,NA,NA,NA,NA,NA,NA,NA,NA,NA,NA,NA,NA,NA,NA,NA,NA,NA,NA,NA,NA,NA,NA,NA,NA,NA,NA,NA,NA,NA,NA,NA,NA,NA,NA,NA,92,364,28,33,"Los Angeles Rams",33,"Los Angeles Rams","LA",4,"Buffalo Bills","BUF","WEEKLY",NA,NA
"Jordan Waters","RB","LA",NA,0,0,0,NA,0,0,NA,0,0,NA,0,NA,0,NA,"56999","FanDuel",NA,"NumberFire","RB",0,0,0,NA,NA,0,NA,NA,NA,NA,NA,NA,NA,NA,NA,NA,NA,NA,NA,NA,NA,NA,NA,NA,NA,NA,NA,NA,NA,NA,NA,NA,NA,NA,NA,NA,NA,NA,NA,NA,NA,NA,NA,NA,NA,NA,NA,NA,92,364,28,33,"Los Angeles Rams",33,"Los Angeles Rams","LA",4,"Buffalo Bills","BUF","WEEKLY",NA,NA
"Jaxon Smith-Njigba","WR","SEA",NA,0,0,0,NA,0,0,NA,0.06,0.25,NA,0,NA,20.08,NA,"55595","FanDuel","16185","NumberFire","WR",11.1,7.73,123.28,NA,NA,0.66,NA,NA,NA,NA,NA,NA,NA,NA,NA,NA,NA,NA,NA,NA,NA,NA,NA,NA,NA,NA,NA,NA,NA,NA,NA,NA,NA,NA,NA,NA,NA,NA,NA,NA,NA,NA,NA,NA,NA,NA,NA,NA,1,6,13,28,"Seattle Seahawks",28,"Seattle Seahawks","SEA",27,"San Francisco 49ers","SF","WEEKLY",NA,NA
"Puka Nacua","WR","LA",NA,0,0,0,NA,0,0,NA,0.79,3.66,NA,0.03,NA,19.73,NA,"55652","FanDuel","16211","NumberFire","WR",11.67,8.22,114.7,NA,NA,0.6,NA,NA,NA,NA,NA,NA,NA,NA,NA,NA,NA,NA,NA,NA,NA,NA,NA,NA,NA,NA,NA,NA,NA,NA,NA,NA,NA,NA,NA,NA,NA,NA,NA,NA,NA,NA,NA,NA,NA,NA,NA,NA,2,8,28,33,"Los Angeles Rams",33,"Los Angeles Rams","LA",4,"Buffalo Bills","BUF","WEEKLY",NA,NA
"CeeDee Lamb","WR","DAL",NA,0,0,0,NA,0,0,NA,0.55,2.55,NA,0.03,NA,16.57,NA,"54517","FanDuel","14832","NumberFire","WR",9.82,6.62,92.05,NA,NA,0.6,NA,NA,NA,NA,NA,NA,NA,NA,NA,NA,NA,NA,NA,NA,NA,NA,NA,NA,NA,NA,NA,NA,NA,NA,NA,NA,NA,NA,NA,NA,NA,NA,NA,NA,NA,NA,NA,NA,NA,NA,NA,NA,3,24,3,9,"Dallas Cowboys",9,"Dallas Cowboys","DAL",30,"Tampa Bay Buccaneers","TB","WEEKLY",NA,NA
"Amon-Ra St. Brown","WR","DET",NA,0,0,0,NA,0,0,NA,0.56,2.57,NA,0.02,NA,16.36,NA,"54885","FanDuel","15287","NumberFire","WR",10.6,7.3,84.28,NA,NA,0.66,NA,NA,NA,NA,NA,NA,NA,NA,NA,NA,NA,NA,NA,NA,NA,NA,NA,NA,NA,NA,NA,NA,NA,NA,NA,NA,NA,NA,NA,NA,NA,NA,NA,NA,NA,NA,NA,NA,NA,NA,NA,NA,4,25,27,11,"Detroit Lions",1,"Arizona Cardinals","ARI",11,"Detroit Lions","DET","WEEKLY",NA,NA
"Drake London","WR","ATL",NA,0,0,0,NA,0,0,NA,0.31,1.4,NA,0.01,NA,16.19,NA,"55233","FanDuel","15751","NumberFire","WR",11.09,6.46,97.18,NA,NA,0.51,NA,NA,NA,NA,NA,NA,NA,NA,NA,NA,NA,NA,NA,NA,NA,NA,NA,NA,NA,NA,NA,NA,NA,NA,NA,NA,NA,NA,NA,NA,NA,NA,NA,NA,NA,NA,NA,NA,NA,NA,NA,NA,5,27,15,2,"Atlanta Falcons",2,"Atlanta Falcons","ATL",3,"Baltimore Ravens","BAL","WEEKLY",NA,NA
"Nico Collins","WR","HOU",NA,0,0,0,NA,0,0,NA,0,0,NA,0,NA,14.77,NA,"54887","FanDuel","15290","NumberFire","WR",10.44,6.57,91.27,NA,NA,0.4,NA,NA,NA,NA,NA,NA,NA,NA,NA,NA,NA,NA,NA,NA,NA,NA,NA,NA,NA,NA,NA,NA,NA,NA,NA,NA,NA,NA,NA,NA,NA,NA,NA,NA,NA,NA,NA,NA,NA,NA,NA,NA,6,41,18,13,"Houston Texans",31,"Tennessee Titans","TEN",13,"Houston Texans","HOU","WEEKLY",NA,NA
"Chris Olave","WR","NO",NA,0,0,0,NA,0,0,NA,0.35,1.55,NA,0.01,NA,14.33,NA,"55261","FanDuel","15754","NumberFire","WR",10.48,6.86,83.05,NA,NA,0.4,NA,NA,NA,NA,NA,NA,NA,NA,NA,NA,NA,NA,NA,NA,NA,NA,NA,NA,NA,NA,NA,NA,NA,NA,NA,NA,NA,NA,NA,NA,NA,NA,NA,NA,NA,NA,NA,NA,NA,NA,NA,NA,7,43,1,20,"New Orleans Saints",20,"New Orleans Saints","NO",18,"Minnesota Vikings","MIN","WEEKLY",NA,NA
"Davante Adams","WR","LA",NA,0,0,0,NA,0,0,NA,0,0,NA,0,NA,12.95,NA,"52438","FanDuel","11675","NumberFire","WR",8.44,4.51,66.54,NA,NA,0.67,NA,NA,NA,NA,NA,NA,NA,NA,NA,NA,NA,NA,NA,NA,NA,NA,NA,NA,NA,NA,NA,NA,NA,NA,NA,NA,NA,NA,NA,NA,NA,NA,NA,NA,NA,NA,NA,NA,NA,NA,NA,NA,8,56,28,33,"Los Angeles Rams",33,"Los Angeles Rams","LA",4,"Buffalo Bills","BUF","WEEKLY",NA,NA
"Ja'Marr Chase","WR","CIN",NA,0,0,0,NA,0,0,NA,0,0,NA,0,NA,12.91,NA,"54864","FanDuel","15281","NumberFire","WR",8.64,5.8,64.93,NA,NA,0.59,NA,NA,NA,NA,NA,NA,NA,NA,NA,NA,NA,NA,NA,NA,NA,NA,NA,NA,NA,NA,NA,NA,NA,NA,NA,NA,NA,NA,NA,NA,NA,NA,NA,NA,NA,NA,NA,NA,NA,NA,NA,NA,9,58,29,7,"Cincinnati Bengals",17,"Miami Dolphins","MIA",7,"Cincinnati Bengals","CIN","WEEKLY",NA,NA
"Garrett Wilson","WR","NYJ",NA,0,0,0,NA,0,0,NA,0,0,NA,0,NA,12.9,NA,"55264","FanDuel","15753","NumberFire","WR",10.2,6.56,74.85,NA,NA,0.37,NA,NA,NA,NA,NA,NA,NA,NA,NA,NA,NA,NA,NA,NA,NA,NA,NA,NA,NA,NA,NA,NA,NA,NA,NA,NA,NA,NA,NA,NA,NA,NA,NA,NA,NA,NA,NA,NA,NA,NA,NA,NA,10,59,17,22,"New York Jets",22,"New York Jets","NYJ",8,"Cleveland Browns","CLE","WEEKLY",NA,NA
"Tee Higgins","WR","CIN",NA,0,0,0,NA,0,0,NA,0,0,NA,0,NA,12.62,NA,"54512","FanDuel","14835","NumberFire","WR",7.92,4.89,71.13,NA,NA,0.51,NA,NA,NA,NA,NA,NA,NA,NA,NA,NA,NA,NA,NA,NA,NA,NA,NA,NA,NA,NA,NA,NA,NA,NA,NA,NA,NA,NA,NA,NA,NA,NA,NA,NA,NA,NA,NA,NA,NA,NA,NA,NA,11,61,29,7,"Cincinnati Bengals",17,"Miami Dolphins","MIA",7,"Cincinnati Bengals","CIN","WEEKLY",NA,NA
"Justin Jefferson","WR","MIN",NA,0,0,0,NA,0,0,NA,0,0,NA,0,NA,12.54,NA,"54532","FanDuel","14836","NumberFire","WR",9.66,5.94,68.94,NA,NA,0.45,NA,NA,NA,NA,NA,NA,NA,NA,NA,NA,NA,NA,NA,NA,NA,NA,NA,NA,NA,NA,NA,NA,NA,NA,NA,NA,NA,NA,NA,NA,NA,NA,NA,NA,NA,NA,NA,NA,NA,NA,NA,NA,12,62,30,18,"Minnesota Vikings",20,"New Orleans Saints","NO",18,"Minnesota Vikings","MIN","WEEKLY",NA,NA
"Parker Washington","WR","JAC",NA,0,0,0,NA,0,0,NA,0.35,1.58,NA,0.01,NA,12.41,NA,"55786","FanDuel","16192","NumberFire","WR",8.86,5.16,71.08,NA,NA,0.45,NA,NA,NA,NA,NA,NA,NA,NA,NA,NA,NA,NA,NA,NA,NA,NA,NA,NA,NA,NA,NA,NA,NA,NA,NA,NA,NA,NA,NA,NA,NA,NA,NA,NA,NA,NA,NA,NA,NA,NA,NA,NA,13,63,24,15,"Jacksonville Jaguars",15,"Jacksonville Jaguars","JAC",24,"Philadelphia Eagles","PHI","WEEKLY",NA,NA
"Zay Flowers","WR","BAL",NA,0,0,0,NA,0,0,NA,0.11,0.51,NA,0,NA,11.9,NA,"55585","FanDuel","16190","NumberFire","WR",9.75,6.65,72.28,NA,NA,0.23,NA,NA,NA,NA,NA,NA,NA,NA,NA,NA,NA,NA,NA,NA,NA,NA,NA,NA,NA,NA,NA,NA,NA,NA,NA,NA,NA,NA,NA,NA,NA,NA,NA,NA,NA,NA,NA,NA,NA,NA,NA,NA,14,68,9,3,"Baltimore Ravens",2,"Atlanta Falcons","ATL",3,"Baltimore Ravens","BAL","WEEKLY",NA,NA
"Mike Evans","WR","SF",NA,0,0,0,NA,0,0,NA,0,0,NA,0,NA,11.64,NA,"52418","FanDuel","11671","NumberFire","WR",7.44,4.63,64.26,NA,NA,0.48,NA,NA,NA,NA,NA,NA,NA,NA,NA,NA,NA,NA,NA,NA,NA,NA,NA,NA,NA,NA,NA,NA,NA,NA,NA,NA,NA,NA,NA,NA,NA,NA,NA,NA,NA,NA,NA,NA,NA,NA,NA,NA,15,71,4,27,"San Francisco 49ers",28,"Seattle Seahawks","SEA",27,"San Francisco 49ers","SF","WEEKLY",NA,NA
"Christian Watson","WR","GB",NA,0,0,0,NA,0,0,NA,0.14,0.63,NA,0.01,NA,11.61,NA,"55247","FanDuel","15789","NumberFire","WR",7.08,4.14,68.97,NA,NA,0.42,NA,NA,NA,NA,NA,NA,NA,NA,NA,NA,NA,NA,NA,NA,NA,NA,NA,NA,NA,NA,NA,NA,NA,NA,NA,NA,NA,NA,NA,NA,NA,NA,NA,NA,NA,NA,NA,NA,NA,NA,NA,NA,16,72,6,12,"Green Bay Packers",12,"Green Bay Packers","GB",6,"Chicago Bears","CHI","WEEKLY",NA,NA
"Michael Wilson","WR","ARI",NA,0,0,0,NA,0,0,NA,0,0,NA,0,NA,11.35,NA,"55649","FanDuel","16206","NumberFire","WR",8.84,5.22,61.2,NA,NA,0.44,NA,NA,NA,NA,NA,NA,NA,NA,NA,NA,NA,NA,NA,NA,NA,NA,NA,NA,NA,NA,NA,NA,NA,NA,NA,NA,NA,NA,NA,NA,NA,NA,NA,NA,NA,NA,NA,NA,NA,NA,NA,NA,17,73,32,1,"Arizona Cardinals",1,"Arizona Cardinals","ARI",11,"Detroit Lions","DET","WEEKLY",NA,NA
"George Pickens","WR","DAL",NA,0,0,0,NA,0,0,NA,0,0,NA,0,NA,11.22,NA,"55267","FanDuel","15762","NumberFire","WR",7.12,4.51,66.43,NA,NA,0.41,NA,NA,NA,NA,NA,NA,NA,NA,NA,NA,NA,NA,NA,NA,NA,NA,NA,NA,NA,NA,NA,NA,NA,NA,NA,NA,NA,NA,NA,NA,NA,NA,NA,NA,NA,NA,NA,NA,NA,NA,NA,NA,18,74,3,9,"Dallas Cowboys",9,"Dallas Cowboys","DAL",30,"Tampa Bay Buccaneers","TB","WEEKLY",NA,NA
"Josh Downs","WR","IND",NA,0,0,0,NA,0,0,NA,0,0,NA,0,NA,10.78,NA,"55636","FanDuel","16187","NumberFire","WR",8.49,5.6,65.41,NA,NA,0.24,NA,NA,NA,NA,NA,NA,NA,NA,NA,NA,NA,NA,NA,NA,NA,NA,NA,NA,NA,NA,NA,NA,NA,NA,NA,NA,NA,NA,NA,NA,NA,NA,NA,NA,NA,NA,NA,NA,NA,NA,NA,NA,19,79,10,14,"Indianapolis Colts",25,"Pittsburgh Steelers","PIT",14,"Indianapolis Colts","IND","WEEKLY",NA,NA
"Romeo Doubs","WR","NE",NA,0,0,0,NA,0,0,NA,0,0,NA,0,NA,10.74,NA,"55278","FanDuel","15779","NumberFire","WR",6.72,4.37,64.14,NA,NA,0.37,NA,NA,NA,NA,NA,NA,NA,NA,NA,NA,NA,NA,NA,NA,NA,NA,NA,NA,NA,NA,NA,NA,NA,NA,NA,NA,NA,NA,NA,NA,NA,NA,NA,NA,NA,NA,NA,NA,NA,NA,NA,NA,20,80,8,19,"New England Patriots",19,"New England Patriots","NE",35,"Las Vegas Raiders","LV","WEEKLY",NA,NA
"D.K. Metcalf","WR","PIT",NA,0,0,0,NA,0,0,NA,0,0,NA,0,NA,10.65,NA,"54159","FanDuel","14102","NumberFire","WR",7.78,4.28,55.31,NA,NA,0.5,NA,NA,NA,NA,NA,NA,NA,NA,NA,NA,NA,NA,NA,NA,NA,NA,NA,NA,NA,NA,NA,NA,NA,NA,NA,NA,NA,NA,NA,NA,NA,NA,NA,NA,NA,NA,NA,NA,NA,NA,NA,NA,21,81,21,25,"Pittsburgh Steelers",25,"Pittsburgh Steelers","PIT",14,"Indianapolis Colts","IND","WEEKLY",NA,NA
"D.J. Moore","WR","BUF",NA,0,0,0,NA,0,0,NA,0,0,NA,0,NA,10.44,NA,"53776","FanDuel","13635","NumberFire","WR",7.76,5.01,59.93,NA,NA,0.33,NA,NA,NA,NA,NA,NA,NA,NA,NA,NA,NA,NA,NA,NA,NA,NA,NA,NA,NA,NA,NA,NA,NA,NA,NA,NA,NA,NA,NA,NA,NA,NA,NA,NA,NA,NA,NA,NA,NA,NA,NA,NA,22,83,2,4,"Buffalo Bills",33,"Los Angeles Rams","LA",4,"Buffalo Bills","BUF","WEEKLY",NA,NA
"Matthew Golden","WR","GB",NA,0,0,0,NA,0,0,NA,0.14,0.62,NA,0,NA,10.36,NA,"56262","FanDuel","17075","NumberFire","WR",7.82,4.76,58.37,NA,NA,0.35,NA,NA,NA,NA,NA,NA,NA,NA,NA,NA,NA,NA,NA,NA,NA,NA,NA,NA,NA,NA,NA,NA,NA,NA,NA,NA,NA,NA,NA,NA,NA,NA,NA,NA,NA,NA,NA,NA,NA,NA,NA,NA,23,84,6,12,"Green Bay Packers",12,"Green Bay Packers","GB",6,"Chicago Bears","CHI","WEEKLY",NA,NA
"Jaylen Waddle","WR","DEN",NA,0,0,0,NA,0,0,NA,0.26,1.18,NA,0.01,NA,9.95,NA,"54871","FanDuel","15284","NumberFire","WR",7.05,4.27,55.96,NA,NA,0.34,NA,NA,NA,NA,NA,NA,NA,NA,NA,NA,NA,NA,NA,NA,NA,NA,NA,NA,NA,NA,NA,NA,NA,NA,NA,NA,NA,NA,NA,NA,NA,NA,NA,NA,NA,NA,NA,NA,NA,NA,NA,NA,24,87,16,10,"Denver Broncos",34,"Los Angeles Chargers","LAC",10,"Denver Broncos","DEN","WEEKLY",NA,NA
"Deebo Samuel","WR","SF",NA,0,0,0,NA,0,0,NA,2.37,11.55,NA,0.09,NA,9.79,NA,"54158","FanDuel","14136","NumberFire","WR",5.99,4.29,48.86,NA,NA,0.21,NA,NA,NA,NA,NA,NA,NA,NA,NA,NA,NA,NA,NA,NA,NA,NA,NA,NA,NA,NA,NA,NA,NA,NA,NA,NA,NA,NA,NA,NA,NA,NA,NA,NA,NA,NA,NA,NA,NA,NA,NA,NA,25,89,4,27,"San Francisco 49ers",28,"Seattle Seahawks","SEA",27,"San Francisco 49ers","SF","WEEKLY",NA,NA
"Khalil Shakir","WR","BUF",NA,0,0,0,NA,0,0,NA,0,0,NA,0,NA,9.58,NA,"55390","FanDuel","15761","NumberFire","WR",7.06,5.17,52.17,NA,NA,0.31,NA,NA,NA,NA,NA,NA,NA,NA,NA,NA,NA,NA,NA,NA,NA,NA,NA,NA,NA,NA,NA,NA,NA,NA,NA,NA,NA,NA,NA,NA,NA,NA,NA,NA,NA,NA,NA,NA,NA,NA,NA,NA,26,92,2,4,"Buffalo Bills",33,"Los Angeles Rams","LA",4,"Buffalo Bills","BUF","WEEKLY",NA,NA
"KC Concepcion","WR","CLE",NA,0,0,0,NA,0,0,NA,0.25,1.13,NA,0.01,NA,9.3,NA,"56640","FanDuel","17501","NumberFire","WR",7.59,4.81,49.21,NA,NA,0.31,NA,NA,NA,NA,NA,NA,NA,NA,NA,NA,NA,NA,NA,NA,NA,NA,NA,NA,NA,NA,NA,NA,NA,NA,NA,NA,NA,NA,NA,NA,NA,NA,NA,NA,NA,NA,NA,NA,NA,NA,NA,NA,27,97,23,8,"Cleveland Browns",22,"New York Jets","NYJ",8,"Cleveland Browns","CLE","WEEKLY",NA,NA
"Malik Nabers","WR","NYG",NA,0,0,0,NA,0,0,NA,0,0,NA,0,NA,9.24,NA,"55922","FanDuel","16615","NumberFire","WR",7.36,4,55.21,NA,NA,0.29,NA,NA,NA,NA,NA,NA,NA,NA,NA,NA,NA,NA,NA,NA,NA,NA,NA,NA,NA,NA,NA,NA,NA,NA,NA,NA,NA,NA,NA,NA,NA,NA,NA,NA,NA,NA,NA,NA,NA,NA,NA,NA,28,98,20,21,"New York Giants",32,"Washington Commanders","WSH",21,"New York Giants","NYG","WEEKLY",NA,NA
"Luther Burden III","WR","CHI",NA,0,0,0,NA,0,0,NA,0.58,2.63,NA,0.03,NA,9.17,NA,"56269","FanDuel","17070","NumberFire","WR",6.86,4.37,49.01,NA,NA,0.28,NA,NA,NA,NA,NA,NA,NA,NA,NA,NA,NA,NA,NA,NA,NA,NA,NA,NA,NA,NA,NA,NA,NA,NA,NA,NA,NA,NA,NA,NA,NA,NA,NA,NA,NA,NA,NA,NA,NA,NA,NA,NA,29,99,25,6,"Chicago Bears",12,"Green Bay Packers","GB",6,"Chicago Bears","CHI","WEEKLY",NA,NA
"Jameson Williams","WR","DET",NA,0,0,0,NA,0,0,NA,0,0,NA,0,NA,9.16,NA,"55245","FanDuel","15756","NumberFire","WR",5.85,3.44,54.65,NA,NA,0.33,NA,NA,NA,NA,NA,NA,NA,NA,NA,NA,NA,NA,NA,NA,NA,NA,NA,NA,NA,NA,NA,NA,NA,NA,NA,NA,NA,NA,NA,NA,NA,NA,NA,NA,NA,NA,NA,NA,NA,NA,NA,NA,30,100,27,11,"Detroit Lions",1,"Arizona Cardinals","ARI",11,"Detroit Lions","DET","WEEKLY",NA,NA
"Makai Lemon","WR","PHI",NA,0,0,0,NA,0,0,NA,0.03,0.15,NA,0,NA,9.1,NA,"56637","FanDuel","17499","NumberFire","WR",7.16,4.45,54.39,NA,NA,0.24,NA,NA,NA,NA,NA,NA,NA,NA,NA,NA,NA,NA,NA,NA,NA,NA,NA,NA,NA,NA,NA,NA,NA,NA,NA,NA,NA,NA,NA,NA,NA,NA,NA,NA,NA,NA,NA,NA,NA,NA,NA,NA,31,101,5,24,"Philadelphia Eagles",15,"Jacksonville Jaguars","JAC",24,"Philadelphia Eagles","PHI","WEEKLY",NA,NA
"Tre Harris","WR","LAC",NA,0,0,0,NA,0,0,NA,0.2,0.88,NA,0.01,NA,9.01,NA,"56287","FanDuel","17072","NumberFire","WR",6.67,3.98,52.76,NA,NA,0.27,NA,NA,NA,NA,NA,NA,NA,NA,NA,NA,NA,NA,NA,NA,NA,NA,NA,NA,NA,NA,NA,NA,NA,NA,NA,NA,NA,NA,NA,NA,NA,NA,NA,NA,NA,NA,NA,NA,NA,NA,NA,NA,32,102,26,34,"Los Angeles Chargers",34,"Los Angeles Chargers","LAC",10,"Denver Broncos","DEN","WEEKLY",NA,NA
"Dontayvion Wicks","WR","PHI",NA,0,0,0,NA,0,0,NA,0,0,NA,0,NA,8.87,NA,"55705","FanDuel","16195","NumberFire","WR",7.29,4.36,51.87,NA,NA,0.26,NA,NA,NA,NA,NA,NA,NA,NA,NA,NA,NA,NA,NA,NA,NA,NA,NA,NA,NA,NA,NA,NA,NA,NA,NA,NA,NA,NA,NA,NA,NA,NA,NA,NA,NA,NA,NA,NA,NA,NA,NA,NA,33,105,5,24,"Philadelphia Eagles",15,"Jacksonville Jaguars","JAC",24,"Philadelphia Eagles","PHI","WEEKLY",NA,NA
"Malik Washington","WR","MIA",NA,0,0,0,NA,0,0,NA,2.25,10.2,NA,0.08,NA,8.82,NA,"56117","FanDuel","16684","NumberFire","WR",6.57,4.21,40.17,NA,NA,0.22,NA,NA,NA,NA,NA,NA,NA,NA,NA,NA,NA,NA,NA,NA,NA,NA,NA,NA,NA,NA,NA,NA,NA,NA,NA,NA,NA,NA,NA,NA,NA,NA,NA,NA,NA,NA,NA,NA,NA,NA,NA,NA,34,106,12,17,"Miami Dolphins",17,"Miami Dolphins","MIA",7,"Cincinnati Bengals","CIN","WEEKLY",NA,NA
"Carnell Tate","WR","TEN",NA,0,0,0,NA,0,0,NA,0,0,NA,0,NA,8.81,NA,"56627","FanDuel","17497","NumberFire","WR",7.73,4.45,52.05,NA,NA,0.24,NA,NA,NA,NA,NA,NA,NA,NA,NA,NA,NA,NA,NA,NA,NA,NA,NA,NA,NA,NA,NA,NA,NA,NA,NA,NA,NA,NA,NA,NA,NA,NA,NA,NA,NA,NA,NA,NA,NA,NA,NA,NA,35,107,22,31,"Tennessee Titans",31,"Tennessee Titans","TEN",13,"Houston Texans","HOU","WEEKLY",NA,NA
"Jordan Addison","WR","MIN",NA,0,0,0,NA,0,0,NA,0.21,0.95,NA,0.01,NA,8.61,NA,"55613","FanDuel","16186","NumberFire","WR",6.02,3.48,44.75,NA,NA,0.37,NA,NA,NA,NA,NA,NA,NA,NA,NA,NA,NA,NA,NA,NA,NA,NA,NA,NA,NA,NA,NA,NA,NA,NA,NA,NA,NA,NA,NA,NA,NA,NA,NA,NA,NA,NA,NA,NA,NA,NA,NA,NA,36,109,30,18,"Minnesota Vikings",20,"New Orleans Saints","NO",18,"Minnesota Vikings","MIN","WEEKLY",NA,NA
"Denzel Boston","WR","CLE",NA,0,0,0,NA,0,0,NA,0,0,NA,0,NA,8.35,NA,"56657","FanDuel","17500","NumberFire","WR",6.26,3.96,47.72,NA,NA,0.27,NA,NA,NA,NA,NA,NA,NA,NA,NA,NA,NA,NA,NA,NA,NA,NA,NA,NA,NA,NA,NA,NA,NA,NA,NA,NA,NA,NA,NA,NA,NA,NA,NA,NA,NA,NA,NA,NA,NA,NA,NA,NA,37,111,23,8,"Cleveland Browns",22,"New York Jets","NYJ",8,"Cleveland Browns","CLE","WEEKLY",NA,NA
"Chris Godwin","WR","TB",NA,0,0,0,NA,0,0,NA,0.4,1.84,NA,0.02,NA,8.24,NA,"53594","FanDuel","13163","NumberFire","WR",6.47,4.38,44.29,NA,NA,0.23,NA,NA,NA,NA,NA,NA,NA,NA,NA,NA,NA,NA,NA,NA,NA,NA,NA,NA,NA,NA,NA,NA,NA,NA,NA,NA,NA,NA,NA,NA,NA,NA,NA,NA,NA,NA,NA,NA,NA,NA,NA,NA,38,113,31,30,"Tampa Bay Buccaneers",9,"Dallas Cowboys","DAL",30,"Tampa Bay Buccaneers","TB","WEEKLY",NA,NA
"Jakobi Meyers","WR","JAC",NA,0,0,0,NA,0,0,NA,0,0,NA,0,NA,8.16,NA,"54193","FanDuel","14127","NumberFire","WR",6.49,4.1,47.32,NA,NA,0.23,NA,NA,NA,NA,NA,NA,NA,NA,NA,NA,NA,NA,NA,NA,NA,NA,NA,NA,NA,NA,NA,NA,NA,NA,NA,NA,NA,NA,NA,NA,NA,NA,NA,NA,NA,NA,NA,NA,NA,NA,NA,NA,39,114,24,15,"Jacksonville Jaguars",15,"Jacksonville Jaguars","JAC",24,"Philadelphia Eagles","PHI","WEEKLY",NA,NA
"Emeka Egbuka","WR","TB",NA,0,0,0,NA,0,0,NA,0.12,0.56,NA,0.01,NA,8.11,NA,"56258","FanDuel","17081","NumberFire","WR",6.66,3.61,46.3,NA,NA,0.26,NA,NA,NA,NA,NA,NA,NA,NA,NA,NA,NA,NA,NA,NA,NA,NA,NA,NA,NA,NA,NA,NA,NA,NA,NA,NA,NA,NA,NA,NA,NA,NA,NA,NA,NA,NA,NA,NA,NA,NA,NA,NA,40,115,31,30,"Tampa Bay Buccaneers",9,"Dallas Cowboys","DAL",30,"Tampa Bay Buccaneers","TB","WEEKLY",NA,NA
"Devaughn Vele","WR","NO",NA,0,0,0,NA,0,0,NA,0,0,NA,0,NA,8.11,NA,"56005","FanDuel","16788","NumberFire","WR",6.09,3.88,45.52,NA,NA,0.27,NA,NA,NA,NA,NA,NA,NA,NA,NA,NA,NA,NA,NA,NA,NA,NA,NA,NA,NA,NA,NA,NA,NA,NA,NA,NA,NA,NA,NA,NA,NA,NA,NA,NA,NA,NA,NA,NA,NA,NA,NA,NA,40,115,1,20,"New Orleans Saints",20,"New Orleans Saints","NO",18,"Minnesota Vikings","MIN","WEEKLY",NA,NA
"Mack Hollins","WR","NE",NA,0,0,0,NA,0,0,NA,0,0,NA,0,NA,8,NA,"53538","FanDuel","13289","NumberFire","WR",5.39,3.54,47.54,NA,NA,0.25,NA,NA,NA,NA,NA,NA,NA,NA,NA,NA,NA,NA,NA,NA,NA,NA,NA,NA,NA,NA,NA,NA,NA,NA,NA,NA,NA,NA,NA,NA,NA,NA,NA,NA,NA,NA,NA,NA,NA,NA,NA,NA,42,119,8,19,"New England Patriots",19,"New England Patriots","NE",35,"Las Vegas Raiders","LV","WEEKLY",NA,NA
"Darius Cooper","WR","PHI",NA,0,0,0,NA,0,0,NA,0,0,NA,0,NA,7.8,NA,"56358","FanDuel","17333","NumberFire","WR",6.3,3.71,46.49,NA,NA,0.22,NA,NA,NA,NA,NA,NA,NA,NA,NA,NA,NA,NA,NA,NA,NA,NA,NA,NA,NA,NA,NA,NA,NA,NA,NA,NA,NA,NA,NA,NA,NA,NA,NA,NA,NA,NA,NA,NA,NA,NA,NA,NA,43,121,5,24,"Philadelphia Eagles",15,"Jacksonville Jaguars","JAC",24,"Philadelphia Eagles","PHI","WEEKLY",NA,NA
"Roman Wilson","WR","PIT",NA,0,0,0,NA,0,0,NA,0,0,NA,0,NA,7.68,NA,"55924","FanDuel","16629","NumberFire","WR",5.74,3.41,40.74,NA,NA,0.32,NA,NA,NA,NA,NA,NA,NA,NA,NA,NA,NA,NA,NA,NA,NA,NA,NA,NA,NA,NA,NA,NA,NA,NA,NA,NA,NA,NA,NA,NA,NA,NA,NA,NA,NA,NA,NA,NA,NA,NA,NA,NA,44,123,21,25,"Pittsburgh Steelers",25,"Pittsburgh Steelers","PIT",14,"Indianapolis Colts","IND","WEEKLY",NA,NA
"Courtland Sutton","WR","DEN",NA,0,0,0,NA,0,0,NA,0,0,NA,0,NA,7.48,NA,"53781","FanDuel","13630","NumberFire","WR",6.02,3.15,41.89,NA,NA,0.29,NA,NA,NA,NA,NA,NA,NA,NA,NA,NA,NA,NA,NA,NA,NA,NA,NA,NA,NA,NA,NA,NA,NA,NA,NA,NA,NA,NA,NA,NA,NA,NA,NA,NA,NA,NA,NA,NA,NA,NA,NA,NA,45,126,16,10,"Denver Broncos",34,"Los Angeles Chargers","LAC",10,"Denver Broncos","DEN","WEEKLY",NA,NA
"Ryan Flournoy","WR","DAL",NA,0,0,0,NA,0,0,NA,0,0,NA,0,NA,7.45,NA,"56139","FanDuel","16778","NumberFire","WR",5.32,3.4,38.5,NA,NA,0.32,NA,NA,NA,NA,NA,NA,NA,NA,NA,NA,NA,NA,NA,NA,NA,NA,NA,NA,NA,NA,NA,NA,NA,NA,NA,NA,NA,NA,NA,NA,NA,NA,NA,NA,NA,NA,NA,NA,NA,NA,NA,NA,46,127,3,9,"Dallas Cowboys",9,"Dallas Cowboys","DAL",30,"Tampa Bay Buccaneers","TB","WEEKLY",NA,NA
"Quentin Johnston","WR","LAC",NA,0,0,0,NA,0,0,NA,0.2,0.88,NA,0.01,NA,7.37,NA,"55579","FanDuel","16188","NumberFire","WR",5.53,3.01,41.53,NA,NA,0.26,NA,NA,NA,NA,NA,NA,NA,NA,NA,NA,NA,NA,NA,NA,NA,NA,NA,NA,NA,NA,NA,NA,NA,NA,NA,NA,NA,NA,NA,NA,NA,NA,NA,NA,NA,NA,NA,NA,NA,NA,NA,NA,47,129,26,34,"Los Angeles Chargers",34,"Los Angeles Chargers","LAC",10,"Denver Broncos","DEN","WEEKLY",NA,NA
"Marvin Harrison Jr.","WR","ARI",NA,0,0,0,NA,0,0,NA,0,0,NA,0,NA,7.29,NA,"55906","FanDuel","16614","NumberFire","WR",5.56,2.96,40.34,NA,NA,0.3,NA,NA,NA,NA,NA,NA,NA,NA,NA,NA,NA,NA,NA,NA,NA,NA,NA,NA,NA,NA,NA,NA,NA,NA,NA,NA,NA,NA,NA,NA,NA,NA,NA,NA,NA,NA,NA,NA,NA,NA,NA,NA,48,131,32,1,"Arizona Cardinals",1,"Arizona Cardinals","ARI",11,"Detroit Lions","DET","WEEKLY",NA,NA
"Tre Tucker","WR","LV",NA,0,0,0,NA,0,0,NA,0.21,0.96,NA,0.01,NA,7.27,NA,"55732","FanDuel","16287","NumberFire","WR",5.73,3.21,40.52,NA,NA,0.24,NA,NA,NA,NA,NA,NA,NA,NA,NA,NA,NA,NA,NA,NA,NA,NA,NA,NA,NA,NA,NA,NA,NA,NA,NA,NA,NA,NA,NA,NA,NA,NA,NA,NA,NA,NA,NA,NA,NA,NA,NA,NA,49,132,11,35,"Las Vegas Raiders",19,"New England Patriots","NE",35,"Las Vegas Raiders","LV","WEEKLY",NA,NA
"Rome Odunze","WR","CHI",NA,0,0,0,NA,0,0,NA,0,0,NA,0,NA,7.24,NA,"55911","FanDuel","16616","NumberFire","WR",6.14,3.3,41.06,NA,NA,0.25,NA,NA,NA,NA,NA,NA,NA,NA,NA,NA,NA,NA,NA,NA,NA,NA,NA,NA,NA,NA,NA,NA,NA,NA,NA,NA,NA,NA,NA,NA,NA,NA,NA,NA,NA,NA,NA,NA,NA,NA,NA,NA,50,133,25,6,"Chicago Bears",12,"Green Bay Packers","GB",6,"Chicago Bears","CHI","WEEKLY",NA,NA
"Kayshon Boutte","WR","HOU",NA,0,0,0,NA,0,0,NA,0,0,NA,0,NA,7.01,NA,"55686","FanDuel","16193","NumberFire","WR",5.22,3.14,42.41,NA,NA,0.2,NA,NA,NA,NA,NA,NA,NA,NA,NA,NA,NA,NA,NA,NA,NA,NA,NA,NA,NA,NA,NA,NA,NA,NA,NA,NA,NA,NA,NA,NA,NA,NA,NA,NA,NA,NA,NA,NA,NA,NA,NA,NA,51,135,18,13,"Houston Texans",31,"Tennessee Titans","TEN",13,"Houston Texans","HOU","WEEKLY",NA,NA
"Terry McLaurin","WR","WSH",NA,0,0,0,NA,0,0,NA,0,0,NA,0,NA,6.8,NA,"54162","FanDuel","14109","NumberFire","WR",5.24,2.89,37.98,NA,NA,0.26,NA,NA,NA,NA,NA,NA,NA,NA,NA,NA,NA,NA,NA,NA,NA,NA,NA,NA,NA,NA,NA,NA,NA,NA,NA,NA,NA,NA,NA,NA,NA,NA,NA,NA,NA,NA,NA,NA,NA,NA,NA,NA,52,136,19,32,"Washington Commanders",32,"Washington Commanders","WSH",21,"New York Giants","NYG","WEEKLY",NA,NA
"Keon Coleman","WR","BUF",NA,0,0,0,NA,0,0,NA,0,0,NA,0,NA,6.78,NA,"55908","FanDuel","16617","NumberFire","WR",4.59,2.82,40.11,NA,NA,0.23,NA,NA,NA,NA,NA,NA,NA,NA,NA,NA,NA,NA,NA,NA,NA,NA,NA,NA,NA,NA,NA,NA,NA,NA,NA,NA,NA,NA,NA,NA,NA,NA,NA,NA,NA,NA,NA,NA,NA,NA,NA,NA,53,139,2,4,"Buffalo Bills",33,"Los Angeles Rams","LA",4,"Buffalo Bills","BUF","WEEKLY",NA,NA
"Rashid Shaheed","WR","SEA",NA,0,0,0,NA,0,0,NA,1.75,8.1,NA,0.07,NA,6.72,NA,"55472","FanDuel","16080","NumberFire","WR",3.92,2.32,32.06,NA,NA,0.21,NA,NA,NA,NA,NA,NA,NA,NA,NA,NA,NA,NA,NA,NA,NA,NA,NA,NA,NA,NA,NA,NA,NA,NA,NA,NA,NA,NA,NA,NA,NA,NA,NA,NA,NA,NA,NA,NA,NA,NA,NA,NA,54,140,13,28,"Seattle Seahawks",28,"Seattle Seahawks","SEA",27,"San Francisco 49ers","SF","WEEKLY",NA,NA
"Stefon Diggs","WR","WSH",NA,0,0,0,NA,0,0,NA,0,0,NA,0,NA,6.68,NA,"52804","FanDuel","12186","NumberFire","WR",4.97,3.18,34.74,NA,NA,0.27,NA,NA,NA,NA,NA,NA,NA,NA,NA,NA,NA,NA,NA,NA,NA,NA,NA,NA,NA,NA,NA,NA,NA,NA,NA,NA,NA,NA,NA,NA,NA,NA,NA,NA,NA,NA,NA,NA,NA,NA,NA,NA,55,141,19,32,"Washington Commanders",32,"Washington Commanders","WSH",21,"New York Giants","NYG","WEEKLY",NA,NA
"Cooper Kupp","WR","SEA",NA,0,0,0,NA,0,0,NA,0,0,NA,0,NA,6.57,NA,"53448","FanDuel","13164","NumberFire","WR",4.36,2.74,35.37,NA,NA,0.28,NA,NA,NA,NA,NA,NA,NA,NA,NA,NA,NA,NA,NA,NA,NA,NA,NA,NA,NA,NA,NA,NA,NA,NA,NA,NA,NA,NA,NA,NA,NA,NA,NA,NA,NA,NA,NA,NA,NA,NA,NA,NA,56,145,13,28,"Seattle Seahawks",28,"Seattle Seahawks","SEA",27,"San Francisco 49ers","SF","WEEKLY",NA,NA
"Wan'Dale Robinson","WR","TEN",NA,0,0,0,NA,0,0,NA,0,0,NA,0,NA,6.2,NA,"55262","FanDuel","15757","NumberFire","WR",6.05,3.62,34.9,NA,NA,0.15,NA,NA,NA,NA,NA,NA,NA,NA,NA,NA,NA,NA,NA,NA,NA,NA,NA,NA,NA,NA,NA,NA,NA,NA,NA,NA,NA,NA,NA,NA,NA,NA,NA,NA,NA,NA,NA,NA,NA,NA,NA,NA,57,149,22,31,"Tennessee Titans",31,"Tennessee Titans","TEN",13,"Houston Texans","HOU","WEEKLY",NA,NA
"Isaiah Williams","WR","NYJ",NA,0,0,0,NA,0,0,NA,0,0,NA,0,NA,6.17,NA,"56165","FanDuel","16630","NumberFire","WR",4.7,3.06,34.36,NA,NA,0.21,NA,NA,NA,NA,NA,NA,NA,NA,NA,NA,NA,NA,NA,NA,NA,NA,NA,NA,NA,NA,NA,NA,NA,NA,NA,NA,NA,NA,NA,NA,NA,NA,NA,NA,NA,NA,NA,NA,NA,NA,NA,NA,58,152,17,22,"New York Jets",22,"New York Jets","NYJ",8,"Cleveland Browns","CLE","WEEKLY",NA,NA
"Kalif Raymond","WR","CHI",NA,0,0,0,NA,0,0,NA,0,0,NA,0,NA,6.13,NA,"53362","FanDuel","13066","NumberFire","WR",4.7,3.31,34.31,NA,NA,0.18,NA,NA,NA,NA,NA,NA,NA,NA,NA,NA,NA,NA,NA,NA,NA,NA,NA,NA,NA,NA,NA,NA,NA,NA,NA,NA,NA,NA,NA,NA,NA,NA,NA,NA,NA,NA,NA,NA,NA,NA,NA,NA,59,153,25,6,"Chicago Bears",12,"Green Bay Packers","GB",6,"Chicago Bears","CHI","WEEKLY",NA,NA
"Chris Bell","WR","MIA",NA,0,0,0,NA,0,0,NA,0,0,NA,0,NA,5.89,NA,"56670","FanDuel","17506","NumberFire","WR",4.18,2.53,37.25,NA,NA,0.15,NA,NA,NA,NA,NA,NA,NA,NA,NA,NA,NA,NA,NA,NA,NA,NA,NA,NA,NA,NA,NA,NA,NA,NA,NA,NA,NA,NA,NA,NA,NA,NA,NA,NA,NA,NA,NA,NA,NA,NA,NA,NA,60,154,12,17,"Miami Dolphins",17,"Miami Dolphins","MIA",7,"Cincinnati Bengals","CIN","WEEKLY",NA,NA
"Kevin Coleman","WR","MIA",NA,0,0,0,NA,0,0,NA,0,0,NA,0,NA,5.81,NA,"56671","FanDuel","17528","NumberFire","WR",4.48,2.55,35.8,NA,NA,0.16,NA,NA,NA,NA,NA,NA,NA,NA,NA,NA,NA,NA,NA,NA,NA,NA,NA,NA,NA,NA,NA,NA,NA,NA,NA,NA,NA,NA,NA,NA,NA,NA,NA,NA,NA,NA,NA,NA,NA,NA,NA,NA,61,155,12,17,"Miami Dolphins",17,"Miami Dolphins","MIA",7,"Cincinnati Bengals","CIN","WEEKLY",NA,NA
"Kendrick Bourne","WR","ARI",NA,0,0,0,NA,0,0,NA,0,0,NA,0,NA,5.76,NA,"53674","FanDuel","13418","NumberFire","WR",4.12,2.83,32.47,NA,NA,0.19,NA,NA,NA,NA,NA,NA,NA,NA,NA,NA,NA,NA,NA,NA,NA,NA,NA,NA,NA,NA,NA,NA,NA,NA,NA,NA,NA,NA,NA,NA,NA,NA,NA,NA,NA,NA,NA,NA,NA,NA,NA,NA,62,156,32,1,"Arizona Cardinals",1,"Arizona Cardinals","ARI",11,"Detroit Lions","DET","WEEKLY",NA,NA
"Keenan Allen","WR","IND",NA,0,0,0,NA,0,0,NA,0,0,NA,0,NA,5.72,NA,"52114","FanDuel","11222","NumberFire","WR",5.08,3.14,32.93,NA,NA,0.15,NA,NA,NA,NA,NA,NA,NA,NA,NA,NA,NA,NA,NA,NA,NA,NA,NA,NA,NA,NA,NA,NA,NA,NA,NA,NA,NA,NA,NA,NA,NA,NA,NA,NA,NA,NA,NA,NA,NA,NA,NA,NA,63,157,10,14,"Indianapolis Colts",25,"Pittsburgh Steelers","PIT",14,"Indianapolis Colts","IND","WEEKLY",NA,NA
"Brian Thomas Jr.","WR","JAC",NA,0,0,0,NA,0,0,NA,0,0,NA,0,NA,5.52,NA,"55916","FanDuel","16618","NumberFire","WR",4.11,2.3,31.73,NA,NA,0.2,NA,NA,NA,NA,NA,NA,NA,NA,NA,NA,NA,NA,NA,NA,NA,NA,NA,NA,NA,NA,NA,NA,NA,NA,NA,NA,NA,NA,NA,NA,NA,NA,NA,NA,NA,NA,NA,NA,NA,NA,NA,NA,64,160,24,15,"Jacksonville Jaguars",15,"Jacksonville Jaguars","JAC",24,"Philadelphia Eagles","PHI","WEEKLY",NA,NA
"Jalen Nailor","WR","LV",NA,0,0,0,NA,0,0,NA,0,0,NA,0,NA,5.47,NA,"55424","FanDuel","15786","NumberFire","WR",3.95,2.25,32.07,NA,NA,0.19,NA,NA,NA,NA,NA,NA,NA,NA,NA,NA,NA,NA,NA,NA,NA,NA,NA,NA,NA,NA,NA,NA,NA,NA,NA,NA,NA,NA,NA,NA,NA,NA,NA,NA,NA,NA,NA,NA,NA,NA,NA,NA,65,163,11,35,"Las Vegas Raiders",19,"New England Patriots","NE",35,"Las Vegas Raiders","LV","WEEKLY",NA,NA
"Demario Douglas","WR","NE",NA,0,0,0,NA,0,0,NA,0,0,NA,0,NA,5.21,NA,"55684","FanDuel","16342","NumberFire","WR",3.65,2.54,30.97,NA,NA,0.15,NA,NA,NA,NA,NA,NA,NA,NA,NA,NA,NA,NA,NA,NA,NA,NA,NA,NA,NA,NA,NA,NA,NA,NA,NA,NA,NA,NA,NA,NA,NA,NA,NA,NA,NA,NA,NA,NA,NA,NA,NA,NA,66,166,8,19,"New England Patriots",19,"New England Patriots","NE",35,"Las Vegas Raiders","LV","WEEKLY",NA,NA
"Michael Pittman Jr.","WR","PIT",NA,0,0,0,NA,0,0,NA,0,0,NA,0,NA,5.13,NA,"54524","FanDuel","14842","NumberFire","WR",4.46,2.88,26.67,NA,NA,0.17,NA,NA,NA,NA,NA,NA,NA,NA,NA,NA,NA,NA,NA,NA,NA,NA,NA,NA,NA,NA,NA,NA,NA,NA,NA,NA,NA,NA,NA,NA,NA,NA,NA,NA,NA,NA,NA,NA,NA,NA,NA,NA,67,169,21,25,"Pittsburgh Steelers",25,"Pittsburgh Steelers","PIT",14,"Indianapolis Colts","IND","WEEKLY",NA,NA
"Ted Hurst","WR","TB",NA,0,0,0,NA,0,0,NA,0,0,NA,0,NA,5.06,NA,"56684","FanDuel","17520","NumberFire","WR",4.27,2.39,29.01,NA,NA,0.16,NA,NA,NA,NA,NA,NA,NA,NA,NA,NA,NA,NA,NA,NA,NA,NA,NA,NA,NA,NA,NA,NA,NA,NA,NA,NA,NA,NA,NA,NA,NA,NA,NA,NA,NA,NA,NA,NA,NA,NA,NA,NA,68,170,31,30,"Tampa Bay Buccaneers",9,"Dallas Cowboys","DAL",30,"Tampa Bay Buccaneers","TB","WEEKLY",NA,NA
"Jahan Dotson","WR","ATL",NA,0,0,0,NA,0,0,NA,0,0,NA,0,NA,5.02,NA,"55244","FanDuel","15755","NumberFire","WR",4.12,2.24,26.17,NA,NA,0.21,NA,NA,NA,NA,NA,NA,NA,NA,NA,NA,NA,NA,NA,NA,NA,NA,NA,NA,NA,NA,NA,NA,NA,NA,NA,NA,NA,NA,NA,NA,NA,NA,NA,NA,NA,NA,NA,NA,NA,NA,NA,NA,69,171,15,2,"Atlanta Falcons",2,"Atlanta Falcons","ATL",3,"Baltimore Ravens","BAL","WEEKLY",NA,NA
"Isaac TeSlaa","WR","DET",NA,0,0,0,NA,0,0,NA,0,0,NA,0,NA,4.89,NA,"56307","FanDuel","17157","NumberFire","WR",3.29,1.97,27.87,NA,NA,0.19,NA,NA,NA,NA,NA,NA,NA,NA,NA,NA,NA,NA,NA,NA,NA,NA,NA,NA,NA,NA,NA,NA,NA,NA,NA,NA,NA,NA,NA,NA,NA,NA,NA,NA,NA,NA,NA,NA,NA,NA,NA,NA,70,173,27,11,"Detroit Lions",1,"Arizona Cardinals","ARI",11,"Detroit Lions","DET","WEEKLY",NA,NA
"Caleb Douglas","WR","MIA",NA,0,0,0,NA,0,0,NA,0,0,NA,0,NA,4.7,NA,"56668","FanDuel","17599","NumberFire","WR",3.28,2.03,29.86,NA,NA,0.12,NA,NA,NA,NA,NA,NA,NA,NA,NA,NA,NA,NA,NA,NA,NA,NA,NA,NA,NA,NA,NA,NA,NA,NA,NA,NA,NA,NA,NA,NA,NA,NA,NA,NA,NA,NA,NA,NA,NA,NA,NA,NA,71,176,12,17,"Miami Dolphins",17,"Miami Dolphins","MIA",7,"Cincinnati Bengals","CIN","WEEKLY",NA,NA
"Malachi Fields","WR","NYG",NA,0,0,0,NA,0,0,NA,0,0,NA,0,NA,4.43,NA,"56675","FanDuel","17511","NumberFire","WR",3.4,1.84,26.86,NA,NA,0.14,NA,NA,NA,NA,NA,NA,NA,NA,NA,NA,NA,NA,NA,NA,NA,NA,NA,NA,NA,NA,NA,NA,NA,NA,NA,NA,NA,NA,NA,NA,NA,NA,NA,NA,NA,NA,NA,NA,NA,NA,NA,NA,72,178,20,21,"New York Giants",32,"Washington Commanders","WSH",21,"New York Giants","NYG","WEEKLY",NA,NA
"Antonio Williams","WR","WSH",NA,0,0,0,NA,0,0,NA,0,0,NA,0,NA,4.34,NA,"56686","FanDuel","17512","NumberFire","WR",3.59,1.94,23.07,NA,NA,0.18,NA,NA,NA,NA,NA,NA,NA,NA,NA,NA,NA,NA,NA,NA,NA,NA,NA,NA,NA,NA,NA,NA,NA,NA,NA,NA,NA,NA,NA,NA,NA,NA,NA,NA,NA,NA,NA,NA,NA,NA,NA,NA,73,182,19,32,"Washington Commanders",32,"Washington Commanders","WSH",21,"New York Giants","NYG","WEEKLY",NA,NA
"Rashod Bateman","WR","BAL",NA,0,0,0,NA,0,0,NA,0.11,0.5,NA,0,NA,4.11,NA,"54860","FanDuel","15293","NumberFire","WR",3.7,2.21,23.73,NA,NA,0.1,NA,NA,NA,NA,NA,NA,NA,NA,NA,NA,NA,NA,NA,NA,NA,NA,NA,NA,NA,NA,NA,NA,NA,NA,NA,NA,NA,NA,NA,NA,NA,NA,NA,NA,NA,NA,NA,NA,NA,NA,NA,NA,74,189,9,3,"Baltimore Ravens",2,"Atlanta Falcons","ATL",3,"Baltimore Ravens","BAL","WEEKLY",NA,NA
"Dyami Brown","WR","WSH",NA,0,0,0,NA,0,0,NA,0.69,3.14,NA,0.03,NA,3.79,NA,"54897","FanDuel","15292","NumberFire","WR",2.76,1.49,18.08,NA,NA,0.13,NA,NA,NA,NA,NA,NA,NA,NA,NA,NA,NA,NA,NA,NA,NA,NA,NA,NA,NA,NA,NA,NA,NA,NA,NA,NA,NA,NA,NA,NA,NA,NA,NA,NA,NA,NA,NA,NA,NA,NA,NA,NA,75,191,19,32,"Washington Commanders",32,"Washington Commanders","WSH",21,"New York Giants","NYG","WEEKLY",NA,NA
"Tez Johnson","WR","TB",NA,0,0,0,NA,0,0,NA,0.54,2.42,NA,0.02,NA,3.78,NA,"56383","FanDuel","17079","NumberFire","WR",2.88,1.63,19.06,NA,NA,0.12,NA,NA,NA,NA,NA,NA,NA,NA,NA,NA,NA,NA,NA,NA,NA,NA,NA,NA,NA,NA,NA,NA,NA,NA,NA,NA,NA,NA,NA,NA,NA,NA,NA,NA,NA,NA,NA,NA,NA,NA,NA,NA,76,193,31,30,"Tampa Bay Buccaneers",9,"Dallas Cowboys","DAL",30,"Tampa Bay Buccaneers","TB","WEEKLY",NA,NA
"Elic Ayomanor","WR","TEN",NA,0,0,0,NA,0,0,NA,0,0,NA,0,NA,3.67,NA,"56302","FanDuel","17073","NumberFire","WR",3.55,1.77,21.5,NA,NA,0.11,NA,NA,NA,NA,NA,NA,NA,NA,NA,NA,NA,NA,NA,NA,NA,NA,NA,NA,NA,NA,NA,NA,NA,NA,NA,NA,NA,NA,NA,NA,NA,NA,NA,NA,NA,NA,NA,NA,NA,NA,NA,NA,77,196,22,31,"Tennessee Titans",31,"Tennessee Titans","TEN",13,"Houston Texans","HOU","WEEKLY",NA,NA
"Dohnte Meyers","WR","CIN",NA,0,0,0,NA,0,0,NA,0,0,NA,0,NA,3.65,NA,"56699","FanDuel","17752","NumberFire","WR",2.88,1.74,21.43,NA,NA,0.11,NA,NA,NA,NA,NA,NA,NA,NA,NA,NA,NA,NA,NA,NA,NA,NA,NA,NA,NA,NA,NA,NA,NA,NA,NA,NA,NA,NA,NA,NA,NA,NA,NA,NA,NA,NA,NA,NA,NA,NA,NA,NA,78,198,29,7,"Cincinnati Bengals",17,"Miami Dolphins","MIA",7,"Cincinnati Bengals","CIN","WEEKLY",NA,NA
"Xavier Hutchinson","WR","HOU",NA,0,0,0,NA,0,0,NA,0,0,NA,0,NA,3.64,NA,"55693","FanDuel","16201","NumberFire","WR",3.34,1.84,20.82,NA,NA,0.11,NA,NA,NA,NA,NA,NA,NA,NA,NA,NA,NA,NA,NA,NA,NA,NA,NA,NA,NA,NA,NA,NA,NA,NA,NA,NA,NA,NA,NA,NA,NA,NA,NA,NA,NA,NA,NA,NA,NA,NA,NA,NA,79,199,18,13,"Houston Texans",31,"Tennessee Titans","TEN",13,"Houston Texans","HOU","WEEKLY",NA,NA
"Josh Palmer","WR","BUF",NA,0,0,0,NA,0,0,NA,0,0,NA,0,NA,3.63,NA,"54899","FanDuel","15319","NumberFire","WR",2.47,1.52,22.87,NA,NA,0.1,NA,NA,NA,NA,NA,NA,NA,NA,NA,NA,NA,NA,NA,NA,NA,NA,NA,NA,NA,NA,NA,NA,NA,NA,NA,NA,NA,NA,NA,NA,NA,NA,NA,NA,NA,NA,NA,NA,NA,NA,NA,NA,80,200,2,4,"Buffalo Bills",33,"Los Angeles Rams","LA",4,"Buffalo Bills","BUF","WEEKLY",NA,NA
"Cody White","WR","LV",NA,0,0,0,NA,0,0,NA,0,0,NA,0,NA,3.61,NA,"55050","FanDuel","15589","NumberFire","WR",2.88,1.6,20.46,NA,NA,0.13,NA,NA,NA,NA,NA,NA,NA,NA,NA,NA,NA,NA,NA,NA,NA,NA,NA,NA,NA,NA,NA,NA,NA,NA,NA,NA,NA,NA,NA,NA,NA,NA,NA,NA,NA,NA,NA,NA,NA,NA,NA,NA,81,201,11,35,"Las Vegas Raiders",19,"New England Patriots","NE",35,"Las Vegas Raiders","LV","WEEKLY",NA,NA
"Darnell Mooney","WR","NYG",NA,0,0,0,NA,0,0,NA,0,0,NA,0,NA,3.49,NA,"54612","FanDuel","14974","NumberFire","WR",2.83,1.37,22.88,NA,NA,0.09,NA,NA,NA,NA,NA,NA,NA,NA,NA,NA,NA,NA,NA,NA,NA,NA,NA,NA,NA,NA,NA,NA,NA,NA,NA,NA,NA,NA,NA,NA,NA,NA,NA,NA,NA,NA,NA,NA,NA,NA,NA,NA,82,202,20,21,"New York Giants",32,"Washington Commanders","WSH",21,"New York Giants","NYG","WEEKLY",NA,NA
"Marvin Mims","WR","DEN",NA,0,0,0,NA,0,0,NA,0.61,2.76,NA,0.02,NA,3.49,NA,"55594","FanDuel","16189","NumberFire","WR",2.64,1.57,16.73,NA,NA,0.12,NA,NA,NA,NA,NA,NA,NA,NA,NA,NA,NA,NA,NA,NA,NA,NA,NA,NA,NA,NA,NA,NA,NA,NA,NA,NA,NA,NA,NA,NA,NA,NA,NA,NA,NA,NA,NA,NA,NA,NA,NA,NA,82,202,16,10,"Denver Broncos",34,"Los Angeles Chargers","LAC",10,"Denver Broncos","DEN","WEEKLY",NA,NA
"Germie Bernard","WR","PIT",NA,0,0,0,NA,0,0,NA,0,0,NA,0,NA,3.43,NA,"56678","FanDuel","17503","NumberFire","WR",2.8,1.59,18.14,NA,NA,0.14,NA,NA,NA,NA,NA,NA,NA,NA,NA,NA,NA,NA,NA,NA,NA,NA,NA,NA,NA,NA,NA,NA,NA,NA,NA,NA,NA,NA,NA,NA,NA,NA,NA,NA,NA,NA,NA,NA,NA,NA,NA,NA,84,204,21,25,"Pittsburgh Steelers",25,"Pittsburgh Steelers","PIT",14,"Indianapolis Colts","IND","WEEKLY",NA,NA
"Josh Cameron","WR","JAC",NA,0,0,0,NA,0,0,NA,0,0,NA,0,NA,3.42,NA,"56691","FanDuel","17527","NumberFire","WR",2.67,1.48,19.15,NA,NA,0.13,NA,NA,NA,NA,NA,NA,NA,NA,NA,NA,NA,NA,NA,NA,NA,NA,NA,NA,NA,NA,NA,NA,NA,NA,NA,NA,NA,NA,NA,NA,NA,NA,NA,NA,NA,NA,NA,NA,NA,NA,NA,NA,85,205,24,15,"Jacksonville Jaguars",15,"Jacksonville Jaguars","JAC",24,"Philadelphia Eagles","PHI","WEEKLY",NA,NA
"Efton Chism III","WR","NE",NA,0,0,0,NA,0,0,NA,0,0,NA,0,NA,3.36,NA,"56519","FanDuel","17269","NumberFire","WR",2.3,1.48,20.37,NA,NA,0.1,NA,NA,NA,NA,NA,NA,NA,NA,NA,NA,NA,NA,NA,NA,NA,NA,NA,NA,NA,NA,NA,NA,NA,NA,NA,NA,NA,NA,NA,NA,NA,NA,NA,NA,NA,NA,NA,NA,NA,NA,NA,NA,86,206,8,19,"New England Patriots",19,"New England Patriots","NE",35,"Las Vegas Raiders","LV","WEEKLY",NA,NA
"Zachariah Branch","WR","ATL",NA,0,0,0,NA,0,0,NA,0,0,NA,0,NA,3.3,NA,"56647","FanDuel","17507","NumberFire","WR",2.65,1.54,18.91,NA,NA,0.11,NA,NA,NA,NA,NA,NA,NA,NA,NA,NA,NA,NA,NA,NA,NA,NA,NA,NA,NA,NA,NA,NA,NA,NA,NA,NA,NA,NA,NA,NA,NA,NA,NA,NA,NA,NA,NA,NA,NA,NA,NA,NA,87,209,15,2,"Atlanta Falcons",2,"Atlanta Falcons","ATL",3,"Baltimore Ravens","BAL","WEEKLY",NA,NA
"Skyy Moore","WR","GB",NA,0,0,0,NA,0,0,NA,0.14,0.62,NA,0,NA,3.29,NA,"55256","FanDuel","15766","NumberFire","WR",2.86,1.69,18.45,NA,NA,0.1,NA,NA,NA,NA,NA,NA,NA,NA,NA,NA,NA,NA,NA,NA,NA,NA,NA,NA,NA,NA,NA,NA,NA,NA,NA,NA,NA,NA,NA,NA,NA,NA,NA,NA,NA,NA,NA,NA,NA,NA,NA,NA,88,210,6,12,"Green Bay Packers",12,"Green Bay Packers","GB",6,"Chicago Bears","CHI","WEEKLY",NA,NA
"Laquon Treadwell","WR","IND",NA,0,0,0,NA,0,0,NA,0,0,NA,0,NA,3.25,NA,"53069","FanDuel","12645","NumberFire","WR",2.56,1.56,20.69,NA,NA,0.07,NA,NA,NA,NA,NA,NA,NA,NA,NA,NA,NA,NA,NA,NA,NA,NA,NA,NA,NA,NA,NA,NA,NA,NA,NA,NA,NA,NA,NA,NA,NA,NA,NA,NA,NA,NA,NA,NA,NA,NA,NA,NA,89,211,10,14,"Indianapolis Colts",25,"Pittsburgh Steelers","PIT",14,"Indianapolis Colts","IND","WEEKLY",NA,NA
"Tory Horton","WR","SEA",NA,0,0,0,NA,0,0,NA,0,0,NA,0,NA,3.24,NA,"56304","FanDuel","17098","NumberFire","WR",2.28,1.3,17.65,NA,NA,0.14,NA,NA,NA,NA,NA,NA,NA,NA,NA,NA,NA,NA,NA,NA,NA,NA,NA,NA,NA,NA,NA,NA,NA,NA,NA,NA,NA,NA,NA,NA,NA,NA,NA,NA,NA,NA,NA,NA,NA,NA,NA,NA,90,212,13,28,"Seattle Seahawks",28,"Seattle Seahawks","SEA",27,"San Francisco 49ers","SF","WEEKLY",NA,NA
"Kyle Williams","WR","NE",NA,0,0,0,NA,0,0,NA,0,0,NA,0,NA,3.09,NA,"56374","FanDuel","17134","NumberFire","WR",2.05,1.24,18.85,NA,NA,0.1,NA,NA,NA,NA,NA,NA,NA,NA,NA,NA,NA,NA,NA,NA,NA,NA,NA,NA,NA,NA,NA,NA,NA,NA,NA,NA,NA,NA,NA,NA,NA,NA,NA,NA,NA,NA,NA,NA,NA,NA,NA,NA,91,215,8,19,"New England Patriots",19,"New England Patriots","NE",35,"Las Vegas Raiders","LV","WEEKLY",NA,NA
"Jalen Tolbert","WR","MIA",NA,0,0,0,NA,0,0,NA,0,0,NA,0,NA,3.08,NA,"55243","FanDuel","15788","NumberFire","WR",2.39,1.39,18.68,NA,NA,0.09,NA,NA,NA,NA,NA,NA,NA,NA,NA,NA,NA,NA,NA,NA,NA,NA,NA,NA,NA,NA,NA,NA,NA,NA,NA,NA,NA,NA,NA,NA,NA,NA,NA,NA,NA,NA,NA,NA,NA,NA,NA,NA,92,216,12,17,"Miami Dolphins",17,"Miami Dolphins","MIA",7,"Cincinnati Bengals","CIN","WEEKLY",NA,NA
"Jauan Jennings","WR","MIN",NA,0,0,0,NA,0,0,NA,0,0,NA,0,NA,3.06,NA,"54987","FanDuel","14860","NumberFire","WR",2.37,1.46,15.13,NA,NA,0.14,NA,NA,NA,NA,NA,NA,NA,NA,NA,NA,NA,NA,NA,NA,NA,NA,NA,NA,NA,NA,NA,NA,NA,NA,NA,NA,NA,NA,NA,NA,NA,NA,NA,NA,NA,NA,NA,NA,NA,NA,NA,NA,93,217,30,18,"Minnesota Vikings",20,"New Orleans Saints","NO",18,"Minnesota Vikings","MIN","WEEKLY",NA,NA
"Troy Franklin","WR","DEN",NA,0,0,0,NA,0,0,NA,0,0,NA,0,NA,3.03,NA,"56064","FanDuel","16619","NumberFire","WR",2.67,1.43,15.56,NA,NA,0.13,NA,NA,NA,NA,NA,NA,NA,NA,NA,NA,NA,NA,NA,NA,NA,NA,NA,NA,NA,NA,NA,NA,NA,NA,NA,NA,NA,NA,NA,NA,NA,NA,NA,NA,NA,NA,NA,NA,NA,NA,NA,NA,94,218,16,10,"Denver Broncos",34,"Los Angeles Chargers","LAC",10,"Denver Broncos","DEN","WEEKLY",NA,NA
"Jaylin Noel","WR","HOU",NA,0,0,0,NA,0,0,NA,0,0,NA,0,NA,3.01,NA,"56308","FanDuel","17080","NumberFire","WR",2.52,1.5,17.97,NA,NA,0.08,NA,NA,NA,NA,NA,NA,NA,NA,NA,NA,NA,NA,NA,NA,NA,NA,NA,NA,NA,NA,NA,NA,NA,NA,NA,NA,NA,NA,NA,NA,NA,NA,NA,NA,NA,NA,NA,NA,NA,NA,NA,NA,95,219,18,13,"Houston Texans",31,"Tennessee Titans","TEN",13,"Houston Texans","HOU","WEEKLY",NA,NA
"Olamide Zaccheaus","WR","ATL",NA,0,0,0,NA,0,0,NA,0,0,NA,0,NA,3,NA,"54379","FanDuel","14592","NumberFire","WR",2.61,1.54,14.88,NA,NA,0.13,NA,NA,NA,NA,NA,NA,NA,NA,NA,NA,NA,NA,NA,NA,NA,NA,NA,NA,NA,NA,NA,NA,NA,NA,NA,NA,NA,NA,NA,NA,NA,NA,NA,NA,NA,NA,NA,NA,NA,NA,NA,NA,96,220,15,2,"Atlanta Falcons",2,"Atlanta Falcons","ATL",3,"Baltimore Ravens","BAL","WEEKLY",NA,NA
"Jerry Jeudy","WR","CLE",NA,0,0,0,NA,0,0,NA,0,0,NA,0,NA,2.99,NA,"54518","FanDuel","14833","NumberFire","WR",3.11,1.74,16.42,NA,NA,0.08,NA,NA,NA,NA,NA,NA,NA,NA,NA,NA,NA,NA,NA,NA,NA,NA,NA,NA,NA,NA,NA,NA,NA,NA,NA,NA,NA,NA,NA,NA,NA,NA,NA,NA,NA,NA,NA,NA,NA,NA,NA,NA,97,222,23,8,"Cleveland Browns",22,"New York Jets","NYJ",8,"Cleveland Browns","CLE","WEEKLY",NA,NA
"Ladd McConkey","WR","LAC",NA,0.16,0.08,0.39,NA,0.03,0.08,NA,0,0,NA,0,NA,2.85,NA,"55930","FanDuel","16627","NumberFire","WR",1.99,1.24,16.58,NA,NA,0.09,NA,NA,NA,NA,NA,NA,NA,NA,NA,NA,NA,NA,NA,NA,NA,NA,NA,NA,NA,NA,NA,NA,NA,NA,NA,NA,NA,NA,NA,NA,NA,NA,NA,NA,NA,NA,NA,NA,NA,NA,NA,NA,98,228,26,34,"Los Angeles Chargers",34,"Los Angeles Chargers","LAC",10,"Denver Broncos","DEN","WEEKLY",NA,NA
"Calvin Ridley","WR","TEN",NA,0,0,0,NA,0,0,NA,0,0,NA,0,NA,2.82,NA,"53772","FanDuel","13629","NumberFire","WR",2.38,1.15,17.22,NA,NA,0.09,NA,NA,NA,NA,NA,NA,NA,NA,NA,NA,NA,NA,NA,NA,NA,NA,NA,NA,NA,NA,NA,NA,NA,NA,NA,NA,NA,NA,NA,NA,NA,NA,NA,NA,NA,NA,NA,NA,NA,NA,NA,NA,99,229,22,31,"Tennessee Titans",31,"Tennessee Titans","TEN",13,"Houston Texans","HOU","WEEKLY",NA,NA
"Jacob Cowing","WR","SF",NA,0,0,0,NA,0,0,NA,0.02,0.08,NA,0,NA,2.74,NA,"56051","FanDuel","16640","NumberFire","WR",2,1.23,17.15,NA,NA,0.07,NA,NA,NA,NA,NA,NA,NA,NA,NA,NA,NA,NA,NA,NA,NA,NA,NA,NA,NA,NA,NA,NA,NA,NA,NA,NA,NA,NA,NA,NA,NA,NA,NA,NA,NA,NA,NA,NA,NA,NA,NA,NA,100,233,4,27,"San Francisco 49ers",28,"Seattle Seahawks","SEA",27,"San Francisco 49ers","SF","WEEKLY",NA,NA
"Konata Mumpfield","WR","LA",NA,0,0,0,NA,0,0,NA,0,0,NA,0,NA,2.53,NA,"56341","FanDuel","17254","NumberFire","WR",1.91,1.03,13.77,NA,NA,0.11,NA,NA,NA,NA,NA,NA,NA,NA,NA,NA,NA,NA,NA,NA,NA,NA,NA,NA,NA,NA,NA,NA,NA,NA,NA,NA,NA,NA,NA,NA,NA,NA,NA,NA,NA,NA,NA,NA,NA,NA,NA,NA,101,236,28,33,"Los Angeles Rams",33,"Los Angeles Rams","LA",4,"Buffalo Bills","BUF","WEEKLY",NA,NA
"Jordan Whittington","WR","LA",NA,0,0,0,NA,0,0,NA,0.2,0.89,NA,0.01,NA,2.34,NA,"55992","FanDuel","16633","NumberFire","WR",1.6,0.98,12.45,NA,NA,0.08,NA,NA,NA,NA,NA,NA,NA,NA,NA,NA,NA,NA,NA,NA,NA,NA,NA,NA,NA,NA,NA,NA,NA,NA,NA,NA,NA,NA,NA,NA,NA,NA,NA,NA,NA,NA,NA,NA,NA,NA,NA,NA,102,243,28,33,"Los Angeles Rams",33,"Los Angeles Rams","LA",4,"Buffalo Bills","BUF","WEEKLY",NA,NA
"Kevin Austin Jr.","WR","NO",NA,0,0,0,NA,0,0,NA,0,0,NA,0,NA,2.33,NA,"56183","FanDuel","15765","NumberFire","WR",1.87,1.06,13.38,NA,NA,0.08,NA,NA,NA,NA,NA,NA,NA,NA,NA,NA,NA,NA,NA,NA,NA,NA,NA,NA,NA,NA,NA,NA,NA,NA,NA,NA,NA,NA,NA,NA,NA,NA,NA,NA,NA,NA,NA,NA,NA,NA,NA,NA,103,244,1,20,"New Orleans Saints",20,"New Orleans Saints","NO",18,"Minnesota Vikings","MIN","WEEKLY",NA,NA
"Ashton Dulin","WR","IND",NA,0,0,0,NA,0,0,NA,0,0,NA,0,NA,2.27,NA,"54348","FanDuel","14315","NumberFire","WR",1.67,0.96,15.12,NA,NA,0.05,NA,NA,NA,NA,NA,NA,NA,NA,NA,NA,NA,NA,NA,NA,NA,NA,NA,NA,NA,NA,NA,NA,NA,NA,NA,NA,NA,NA,NA,NA,NA,NA,NA,NA,NA,NA,NA,NA,NA,NA,NA,NA,104,245,10,14,"Indianapolis Colts",25,"Pittsburgh Steelers","PIT",14,"Indianapolis Colts","IND","WEEKLY",NA,NA
"KaVontae Turpin","WR","DAL",NA,0,0,0,NA,0,0,NA,0.82,3.81,NA,0.04,NA,2.14,NA,"55345","FanDuel","15981","NumberFire","WR",1.09,0.67,8.8,NA,NA,0.06,NA,NA,NA,NA,NA,NA,NA,NA,NA,NA,NA,NA,NA,NA,NA,NA,NA,NA,NA,NA,NA,NA,NA,NA,NA,NA,NA,NA,NA,NA,NA,NA,NA,NA,NA,NA,NA,NA,NA,NA,NA,NA,105,248,3,9,"Dallas Cowboys",9,"Dallas Cowboys","DAL",30,"Tampa Bay Buccaneers","TB","WEEKLY",NA,NA
"Devontez Walker","WR","BAL",NA,0,0,0,NA,0,0,NA,0.11,0.5,NA,0,NA,2.08,NA,"56161","FanDuel","16621","NumberFire","WR",1.86,1.15,11.77,NA,NA,0.05,NA,NA,NA,NA,NA,NA,NA,NA,NA,NA,NA,NA,NA,NA,NA,NA,NA,NA,NA,NA,NA,NA,NA,NA,NA,NA,NA,NA,NA,NA,NA,NA,NA,NA,NA,NA,NA,NA,NA,NA,NA,NA,106,250,9,3,"Baltimore Ravens",2,"Atlanta Falcons","ATL",3,"Baltimore Ravens","BAL","WEEKLY",NA,NA
"Luke McCaffrey","WR","WSH",NA,0,0,0,NA,0,0,NA,0,0,NA,0,NA,2.06,NA,"55927","FanDuel","16635","NumberFire","WR",1.66,0.92,11.22,NA,NA,0.08,NA,NA,NA,NA,NA,NA,NA,NA,NA,NA,NA,NA,NA,NA,NA,NA,NA,NA,NA,NA,NA,NA,NA,NA,NA,NA,NA,NA,NA,NA,NA,NA,NA,NA,NA,NA,NA,NA,NA,NA,NA,NA,107,251,19,32,"Washington Commanders",32,"Washington Commanders","WSH",21,"New York Giants","NYG","WEEKLY",NA,NA
"Elijah Sarratt","WR","BAL",NA,0,0,0,NA,0,0,NA,0.11,0.5,NA,0,NA,1.95,NA,"56649","FanDuel","17505","NumberFire","WR",1.93,1.13,10.5,NA,NA,0.05,NA,NA,NA,NA,NA,NA,NA,NA,NA,NA,NA,NA,NA,NA,NA,NA,NA,NA,NA,NA,NA,NA,NA,NA,NA,NA,NA,NA,NA,NA,NA,NA,NA,NA,NA,NA,NA,NA,NA,NA,NA,NA,108,252,9,3,"Baltimore Ravens",2,"Atlanta Falcons","ATL",3,"Baltimore Ravens","BAL","WEEKLY",NA,NA
"Bryce Lance","WR","NO",NA,0,0,0,NA,0,0,NA,0,0,NA,0,NA,1.79,NA,"56674","FanDuel","17519","NumberFire","WR",1.4,0.8,10.31,NA,NA,0.06,NA,NA,NA,NA,NA,NA,NA,NA,NA,NA,NA,NA,NA,NA,NA,NA,NA,NA,NA,NA,NA,NA,NA,NA,NA,NA,NA,NA,NA,NA,NA,NA,NA,NA,NA,NA,NA,NA,NA,NA,NA,NA,109,256,1,20,"New Orleans Saints",20,"New Orleans Saints","NO",18,"Minnesota Vikings","MIN","WEEKLY",NA,NA
"Myles Price","WR","MIN",NA,0,0,0,NA,0,0,NA,0.42,1.88,NA,0.02,NA,1.77,NA,"56430","FanDuel","17360","NumberFire","WR",1.27,0.75,8.31,NA,NA,0.05,NA,NA,NA,NA,NA,NA,NA,NA,NA,NA,NA,NA,NA,NA,NA,NA,NA,NA,NA,NA,NA,NA,NA,NA,NA,NA,NA,NA,NA,NA,NA,NA,NA,NA,NA,NA,NA,NA,NA,NA,NA,NA,110,257,30,18,"Minnesota Vikings",20,"New Orleans Saints","NO",18,"Minnesota Vikings","MIN","WEEKLY",NA,NA
"Treylon Burks","WR","WSH",NA,0,0,0,NA,0,0,NA,0,0,NA,0,NA,1.63,NA,"55260","FanDuel","15752","NumberFire","WR",1.38,0.72,9.1,NA,NA,0.06,NA,NA,NA,NA,NA,NA,NA,NA,NA,NA,NA,NA,NA,NA,NA,NA,NA,NA,NA,NA,NA,NA,NA,NA,NA,NA,NA,NA,NA,NA,NA,NA,NA,NA,NA,NA,NA,NA,NA,NA,NA,NA,111,264,19,32,"Washington Commanders",32,"Washington Commanders","WSH",21,"New York Giants","NYG","WEEKLY",NA,NA
"J. Michael Sturdivant","WR","GB",NA,0,0,0,NA,0,0,NA,0.14,0.62,NA,0,NA,1.45,NA,"56801","FanDuel","17707","NumberFire","WR",1.1,0.65,7.59,NA,NA,0.05,NA,NA,NA,NA,NA,NA,NA,NA,NA,NA,NA,NA,NA,NA,NA,NA,NA,NA,NA,NA,NA,NA,NA,NA,NA,NA,NA,NA,NA,NA,NA,NA,NA,NA,NA,NA,NA,NA,NA,NA,NA,NA,112,270,6,12,"Green Bay Packers",12,"Green Bay Packers","GB",6,"Chicago Bears","CHI","WEEKLY",NA,NA
"Dareke Young","WR","LV",NA,0,0,0,NA,0,0,NA,0,0,NA,0,NA,1.4,NA,"55490","FanDuel","15941","NumberFire","WR",1.17,0.67,8.22,NA,NA,0.04,NA,NA,NA,NA,NA,NA,NA,NA,NA,NA,NA,NA,NA,NA,NA,NA,NA,NA,NA,NA,NA,NA,NA,NA,NA,NA,NA,NA,NA,NA,NA,NA,NA,NA,NA,NA,NA,NA,NA,NA,NA,NA,113,272,11,35,"Las Vegas Raiders",19,"New England Patriots","NE",35,"Las Vegas Raiders","LV","WEEKLY",NA,NA
"Lil'Jordan Humphrey","WR","DEN",NA,0,0,0,NA,0,0,NA,0,0,NA,0,NA,1.4,NA,"54340","FanDuel","14118","NumberFire","WR",1.11,0.61,7.52,NA,NA,0.06,NA,NA,NA,NA,NA,NA,NA,NA,NA,NA,NA,NA,NA,NA,NA,NA,NA,NA,NA,NA,NA,NA,NA,NA,NA,NA,NA,NA,NA,NA,NA,NA,NA,NA,NA,NA,NA,NA,NA,NA,NA,NA,113,272,16,10,"Denver Broncos",34,"Los Angeles Chargers","LAC",10,"Denver Broncos","DEN","WEEKLY",NA,NA
"Deion Burks","WR","IND",NA,0,0,0,NA,0,0,NA,0.76,3.42,NA,0.03,NA,1.35,NA,"56702","FanDuel","17510","NumberFire","WR",0.64,0.39,5.31,NA,NA,0.02,NA,NA,NA,NA,NA,NA,NA,NA,NA,NA,NA,NA,NA,NA,NA,NA,NA,NA,NA,NA,NA,NA,NA,NA,NA,NA,NA,NA,NA,NA,NA,NA,NA,NA,NA,NA,NA,NA,NA,NA,NA,NA,115,276,10,14,"Indianapolis Colts",25,"Pittsburgh Steelers","PIT",14,"Indianapolis Colts","IND","WEEKLY",NA,NA
"Adonai Mitchell","WR","NYJ",NA,0,0,0,NA,0,0,NA,0,0,NA,0,NA,1.33,NA,"55915","FanDuel","16626","NumberFire","WR",1.11,0.6,8.14,NA,NA,0.04,NA,NA,NA,NA,NA,NA,NA,NA,NA,NA,NA,NA,NA,NA,NA,NA,NA,NA,NA,NA,NA,NA,NA,NA,NA,NA,NA,NA,NA,NA,NA,NA,NA,NA,NA,NA,NA,NA,NA,NA,NA,NA,116,277,17,22,"New York Jets",22,"New York Jets","NYJ",8,"Cleveland Browns","CLE","WEEKLY",NA,NA
"Brenen Thompson","WR","LAC",NA,0,0,0,NA,0,0,NA,0,0,NA,0,NA,1.3,NA,"56664","FanDuel","17529","NumberFire","WR",1.06,0.59,7.89,NA,NA,0.04,NA,NA,NA,NA,NA,NA,NA,NA,NA,NA,NA,NA,NA,NA,NA,NA,NA,NA,NA,NA,NA,NA,NA,NA,NA,NA,NA,NA,NA,NA,NA,NA,NA,NA,NA,NA,NA,NA,NA,NA,NA,NA,117,279,26,34,"Los Angeles Chargers",34,"Los Angeles Chargers","LAC",10,"Denver Broncos","DEN","WEEKLY",NA,NA
"LaJohntay Wester","WR","BAL",NA,0,0,0,NA,0,0,NA,0.11,0.5,NA,0,NA,1.29,NA,"56329","FanDuel","17232","NumberFire","WR",1.28,0.78,6.85,NA,NA,0.03,NA,NA,NA,NA,NA,NA,NA,NA,NA,NA,NA,NA,NA,NA,NA,NA,NA,NA,NA,NA,NA,NA,NA,NA,NA,NA,NA,NA,NA,NA,NA,NA,NA,NA,NA,NA,NA,NA,NA,NA,NA,NA,118,280,9,3,"Baltimore Ravens",2,"Atlanta Falcons","ATL",3,"Baltimore Ravens","BAL","WEEKLY",NA,NA
"Xavier Smith","WR","LA",NA,0,0,0,NA,0,0,NA,0,0,NA,0,NA,1.2,NA,"55646","FanDuel","16428","NumberFire","WR",0.88,0.52,7.02,NA,NA,0.04,NA,NA,NA,NA,NA,NA,NA,NA,NA,NA,NA,NA,NA,NA,NA,NA,NA,NA,NA,NA,NA,NA,NA,NA,NA,NA,NA,NA,NA,NA,NA,NA,NA,NA,NA,NA,NA,NA,NA,NA,NA,NA,119,284,28,33,"Los Angeles Rams",33,"Los Angeles Rams","LA",4,"Buffalo Bills","BUF","WEEKLY",NA,NA
"Tai Felton","WR","MIN",NA,0,0,0,NA,0,0,NA,0,0,NA,0,NA,1.17,NA,"56281","FanDuel","17097","NumberFire","WR",0.91,0.52,6.09,NA,NA,0.05,NA,NA,NA,NA,NA,NA,NA,NA,NA,NA,NA,NA,NA,NA,NA,NA,NA,NA,NA,NA,NA,NA,NA,NA,NA,NA,NA,NA,NA,NA,NA,NA,NA,NA,NA,NA,NA,NA,NA,NA,NA,NA,120,286,30,18,"Minnesota Vikings",20,"New Orleans Saints","NO",18,"Minnesota Vikings","MIN","WEEKLY",NA,NA
"Malik Benson","WR","LV",NA,0,0,0,NA,0,0,NA,0.21,0.94,NA,0.01,NA,1.08,NA,"56667","FanDuel","17706","NumberFire","WR",0.78,0.43,5.3,NA,NA,0.03,NA,NA,NA,NA,NA,NA,NA,NA,NA,NA,NA,NA,NA,NA,NA,NA,NA,NA,NA,NA,NA,NA,NA,NA,NA,NA,NA,NA,NA,NA,NA,NA,NA,NA,NA,NA,NA,NA,NA,NA,NA,NA,121,291,11,35,"Las Vegas Raiders",19,"New England Patriots","NE",35,"Las Vegas Raiders","LV","WEEKLY",NA,NA
"Derius Davis","WR","LAC",NA,0,0,0,NA,0,0,NA,0.2,0.89,NA,0.01,NA,1.03,NA,"55644","FanDuel","16299","NumberFire","WR",0.8,0.47,5.05,NA,NA,0.03,NA,NA,NA,NA,NA,NA,NA,NA,NA,NA,NA,NA,NA,NA,NA,NA,NA,NA,NA,NA,NA,NA,NA,NA,NA,NA,NA,NA,NA,NA,NA,NA,NA,NA,NA,NA,NA,NA,NA,NA,NA,NA,122,296,26,34,"Los Angeles Chargers",34,"Los Angeles Chargers","LAC",10,"Denver Broncos","DEN","WEEKLY",NA,NA
"Marquise Brown","WR","PHI",NA,0,0,0,NA,0,0,NA,0.98,4.42,NA,0.03,NA,0.93,NA,"54127","FanDuel","14105","NumberFire","WR",0.27,0.16,1.83,NA,NA,0.01,NA,NA,NA,NA,NA,NA,NA,NA,NA,NA,NA,NA,NA,NA,NA,NA,NA,NA,NA,NA,NA,NA,NA,NA,NA,NA,NA,NA,NA,NA,NA,NA,NA,NA,NA,NA,NA,NA,NA,NA,NA,NA,123,304,5,24,"Philadelphia Eagles",15,"Jacksonville Jaguars","JAC",24,"Philadelphia Eagles","PHI","WEEKLY",NA,NA
"Tom Kennedy","WR","DET",NA,0,0,0,NA,0,0,NA,0,0,NA,0,NA,0.93,NA,"54981","FanDuel","14503","NumberFire","WR",0.73,0.43,5.35,NA,NA,0.03,NA,NA,NA,NA,NA,NA,NA,NA,NA,NA,NA,NA,NA,NA,NA,NA,NA,NA,NA,NA,NA,NA,NA,NA,NA,NA,NA,NA,NA,NA,NA,NA,NA,NA,NA,NA,NA,NA,NA,NA,NA,NA,123,304,27,11,"Detroit Lions",1,"Arizona Cardinals","ARI",11,"Detroit Lions","DET","WEEKLY",NA,NA
"Zavion Thomas","WR","CHI",NA,0,0,0,NA,0,0,NA,0,0,NA,0,NA,0.84,NA,"56655","FanDuel","17521","NumberFire","WR",0.72,0.43,4.43,NA,NA,0.03,NA,NA,NA,NA,NA,NA,NA,NA,NA,NA,NA,NA,NA,NA,NA,NA,NA,NA,NA,NA,NA,NA,NA,NA,NA,NA,NA,NA,NA,NA,NA,NA,NA,NA,NA,NA,NA,NA,NA,NA,NA,NA,125,309,25,6,"Chicago Bears",12,"Green Bay Packers","GB",6,"Chicago Bears","CHI","WEEKLY",NA,NA
"Ryan Miller","WR","MIA",NA,0,0,0,NA,0,0,NA,0,0,NA,0,NA,0.81,NA,"56140","FanDuel","16958","NumberFire","WR",0.6,0.36,5.09,NA,NA,0.02,NA,NA,NA,NA,NA,NA,NA,NA,NA,NA,NA,NA,NA,NA,NA,NA,NA,NA,NA,NA,NA,NA,NA,NA,NA,NA,NA,NA,NA,NA,NA,NA,NA,NA,NA,NA,NA,NA,NA,NA,NA,NA,126,311,12,17,"Miami Dolphins",17,"Miami Dolphins","MIA",7,"Cincinnati Bengals","CIN","WEEKLY",NA,NA
"Malachi Corley","WR","CLE",NA,0,0,0,NA,0,0,NA,0.75,3.46,NA,0.02,NA,0.65,NA,"55923","FanDuel","16636","NumberFire","WR",0.16,0.1,0.97,NA,NA,0.01,NA,NA,NA,NA,NA,NA,NA,NA,NA,NA,NA,NA,NA,NA,NA,NA,NA,NA,NA,NA,NA,NA,NA,NA,NA,NA,NA,NA,NA,NA,NA,NA,NA,NA,NA,NA,NA,NA,NA,NA,NA,NA,127,315,23,8,"Cleveland Browns",22,"New York Jets","NYJ",8,"Cleveland Browns","CLE","WEEKLY",NA,NA
"Isaiah Bond","WR","CLE",NA,0,0,0,NA,0,0,NA,0,0,NA,0,NA,0.62,NA,"56411","FanDuel","17076","NumberFire","WR",0.52,0.31,3.49,NA,NA,0.02,NA,NA,NA,NA,NA,NA,NA,NA,NA,NA,NA,NA,NA,NA,NA,NA,NA,NA,NA,NA,NA,NA,NA,NA,NA,NA,NA,NA,NA,NA,NA,NA,NA,NA,NA,NA,NA,NA,NA,NA,NA,NA,128,316,23,8,"Cleveland Browns",22,"New York Jets","NYJ",8,"Cleveland Browns","CLE","WEEKLY",NA,NA
"Tutu Atwell","WR","LA",NA,0,0,0,NA,0,0,NA,0,0,NA,0,NA,0.6,NA,"54990","FanDuel","15301","NumberFire","WR",0.44,0.24,3.6,NA,NA,0.02,NA,NA,NA,NA,NA,NA,NA,NA,NA,NA,NA,NA,NA,NA,NA,NA,NA,NA,NA,NA,NA,NA,NA,NA,NA,NA,NA,NA,NA,NA,NA,NA,NA,NA,NA,NA,NA,NA,NA,NA,NA,NA,129,318,28,33,"Los Angeles Rams",33,"Los Angeles Rams","LA",4,"Buffalo Bills","BUF","WEEKLY",NA,NA
"Chris Blair","WR","ATL",NA,0,0,0,NA,0,0,NA,0,0,NA,0,NA,0.53,NA,"56222","FanDuel","16499","NumberFire","WR",0.4,0.23,2.92,NA,NA,0.02,NA,NA,NA,NA,NA,NA,NA,NA,NA,NA,NA,NA,NA,NA,NA,NA,NA,NA,NA,NA,NA,NA,NA,NA,NA,NA,NA,NA,NA,NA,NA,NA,NA,NA,NA,NA,NA,NA,NA,NA,NA,NA,130,322,15,2,"Atlanta Falcons",2,"Atlanta Falcons","ATL",3,"Baltimore Ravens","BAL","WEEKLY",NA,NA
"Jonathan Mingo","WR","DAL",NA,0,0,0,NA,0,0,NA,0,0,NA,0,NA,0.5,NA,"55587","FanDuel","16197","NumberFire","WR",0.46,0.24,2.62,NA,NA,0.02,NA,NA,NA,NA,NA,NA,NA,NA,NA,NA,NA,NA,NA,NA,NA,NA,NA,NA,NA,NA,NA,NA,NA,NA,NA,NA,NA,NA,NA,NA,NA,NA,NA,NA,NA,NA,NA,NA,NA,NA,NA,NA,131,324,3,9,"Dallas Cowboys",9,"Dallas Cowboys","DAL",30,"Tampa Bay Buccaneers","TB","WEEKLY",NA,NA
"Ke'Shawn Williams","WR","CIN",NA,0,0,0,NA,0,0,NA,0,0,NA,0,NA,0.5,NA,"56514","FanDuel","17396","NumberFire","WR",0.36,0.21,2.7,NA,NA,0.02,NA,NA,NA,NA,NA,NA,NA,NA,NA,NA,NA,NA,NA,NA,NA,NA,NA,NA,NA,NA,NA,NA,NA,NA,NA,NA,NA,NA,NA,NA,NA,NA,NA,NA,NA,NA,NA,NA,NA,NA,NA,NA,131,324,29,7,"Cincinnati Bengals",17,"Miami Dolphins","MIA",7,"Cincinnati Bengals","CIN","WEEKLY",NA,NA
"Jackson Meeks","WR","DET",NA,0,0,0,NA,0,0,NA,0,0,NA,0,NA,0.48,NA,"56490","FanDuel","17334","NumberFire","WR",0.37,0.22,2.52,NA,NA,0.02,NA,NA,NA,NA,NA,NA,NA,NA,NA,NA,NA,NA,NA,NA,NA,NA,NA,NA,NA,NA,NA,NA,NA,NA,NA,NA,NA,NA,NA,NA,NA,NA,NA,NA,NA,NA,NA,NA,NA,NA,NA,NA,133,327,27,11,"Detroit Lions",1,"Arizona Cardinals","ARI",11,"Detroit Lions","DET","WEEKLY",NA,NA
"Jahdae Walker","WR","CHI",NA,0,0,0,NA,0,0,NA,0,0,NA,0,NA,0.45,NA,"56427","FanDuel","17353","NumberFire","WR",0.36,0.21,2.27,NA,NA,0.02,NA,NA,NA,NA,NA,NA,NA,NA,NA,NA,NA,NA,NA,NA,NA,NA,NA,NA,NA,NA,NA,NA,NA,NA,NA,NA,NA,NA,NA,NA,NA,NA,NA,NA,NA,NA,NA,NA,NA,NA,NA,NA,134,329,25,6,"Chicago Bears",12,"Green Bay Packers","GB",6,"Chicago Bears","CHI","WEEKLY",NA,NA
"Jordan Watkins","WR","SF",NA,0,0,0,NA,0,0,NA,0,0,NA,0,NA,0.43,NA,"56540","FanDuel","17192","NumberFire","WR",0.31,0.2,2.68,NA,NA,0.01,NA,NA,NA,NA,NA,NA,NA,NA,NA,NA,NA,NA,NA,NA,NA,NA,NA,NA,NA,NA,NA,NA,NA,NA,NA,NA,NA,NA,NA,NA,NA,NA,NA,NA,NA,NA,NA,NA,NA,NA,NA,NA,135,331,4,27,"San Francisco 49ers",28,"Seattle Seahawks","SEA",27,"San Francisco 49ers","SF","WEEKLY",NA,NA
"Dont'e Thornton Jr.","WR","LV",NA,0,0,0,NA,0,0,NA,0,0,NA,0,NA,0.41,NA,"56295","FanDuel","17087","NumberFire","WR",0.38,0.2,2.51,NA,NA,0.01,NA,NA,NA,NA,NA,NA,NA,NA,NA,NA,NA,NA,NA,NA,NA,NA,NA,NA,NA,NA,NA,NA,NA,NA,NA,NA,NA,NA,NA,NA,NA,NA,NA,NA,NA,NA,NA,NA,NA,NA,NA,NA,136,332,11,35,"Las Vegas Raiders",19,"New England Patriots","NE",35,"Las Vegas Raiders","LV","WEEKLY",NA,NA
"Jimmy Horn Jr.","WR","CLE",NA,0,0,0,NA,0,0,NA,0,0,NA,0,NA,0.29,NA,"56496","FanDuel","17234","NumberFire","WR",0.24,0.15,1.51,NA,NA,0.01,NA,NA,NA,NA,NA,NA,NA,NA,NA,NA,NA,NA,NA,NA,NA,NA,NA,NA,NA,NA,NA,NA,NA,NA,NA,NA,NA,NA,NA,NA,NA,NA,NA,NA,NA,NA,NA,NA,NA,NA,NA,NA,137,336,23,8,"Cleveland Browns",22,"New York Jets","NYJ",8,"Cleveland Browns","CLE","WEEKLY",NA,NA
"Malik Turner","WR","SF",NA,0,0,0,NA,0,0,NA,0,0,NA,0,NA,0.28,NA,"54081","FanDuel","13669","NumberFire","WR",0.19,0.12,1.6,NA,NA,0.01,NA,NA,NA,NA,NA,NA,NA,NA,NA,NA,NA,NA,NA,NA,NA,NA,NA,NA,NA,NA,NA,NA,NA,NA,NA,NA,NA,NA,NA,NA,NA,NA,NA,NA,NA,NA,NA,NA,NA,NA,NA,NA,138,339,4,27,"San Francisco 49ers",28,"Seattle Seahawks","SEA",27,"San Francisco 49ers","SF","WEEKLY",NA,NA
"David Sills V","WR","TB",NA,0,0,0,NA,0,0,NA,0,0,NA,0,NA,0.23,NA,"55104","FanDuel","14110","NumberFire","WR",0.2,0.11,1.15,NA,NA,0.01,NA,NA,NA,NA,NA,NA,NA,NA,NA,NA,NA,NA,NA,NA,NA,NA,NA,NA,NA,NA,NA,NA,NA,NA,NA,NA,NA,NA,NA,NA,NA,NA,NA,NA,NA,NA,NA,NA,NA,NA,NA,NA,139,345,31,30,"Tampa Bay Buccaneers",9,"Dallas Cowboys","DAL",30,"Tampa Bay Buccaneers","TB","WEEKLY",NA,NA
"Barion Brown","WR","NO",NA,0,0,0,NA,0,0,NA,0.35,1.56,NA,0.01,NA,0.22,NA,"56689","FanDuel","17541","NumberFire","WR",0,0,0,NA,NA,0,NA,NA,NA,NA,NA,NA,NA,NA,NA,NA,NA,NA,NA,NA,NA,NA,NA,NA,NA,NA,NA,NA,NA,NA,NA,NA,NA,NA,NA,NA,NA,NA,NA,NA,NA,NA,NA,NA,NA,NA,NA,NA,140,346,1,20,"New Orleans Saints",20,"New Orleans Saints","NO",18,"Minnesota Vikings","MIN","WEEKLY",NA,NA
"Ben Skowronek","WR","PIT",NA,0,0,0,NA,0,0,NA,0,0,NA,0,NA,0.2,NA,"55037","FanDuel","15491","NumberFire","WR",0.16,0.09,0.94,NA,NA,0.01,NA,NA,NA,NA,NA,NA,NA,NA,NA,NA,NA,NA,NA,NA,NA,NA,NA,NA,NA,NA,NA,NA,NA,NA,NA,NA,NA,NA,NA,NA,NA,NA,NA,NA,NA,NA,NA,NA,NA,NA,NA,NA,141,351,21,25,"Pittsburgh Steelers",25,"Pittsburgh Steelers","PIT",14,"Indianapolis Colts","IND","WEEKLY",NA,NA
"Kameron Johnson","WR","TB",NA,0,0,0,NA,0,0,NA,0,0,NA,0,NA,0.1,NA,"56023","FanDuel","16883","NumberFire","WR",0.1,0.06,0.67,NA,NA,0,NA,NA,NA,NA,NA,NA,NA,NA,NA,NA,NA,NA,NA,NA,NA,NA,NA,NA,NA,NA,NA,NA,NA,NA,NA,NA,NA,NA,NA,NA,NA,NA,NA,NA,NA,NA,NA,NA,NA,NA,NA,NA,142,355,31,30,"Tampa Bay Buccaneers",9,"Dallas Cowboys","DAL",30,"Tampa Bay Buccaneers","TB","WEEKLY",NA,NA
"Britain Covey","WR","PHI",NA,0,0,0,NA,0,0,NA,0,0,NA,0,NA,0.1,NA,"55313","FanDuel","15772","NumberFire","WR",0.09,0.06,0.65,NA,NA,0,NA,NA,NA,NA,NA,NA,NA,NA,NA,NA,NA,NA,NA,NA,NA,NA,NA,NA,NA,NA,NA,NA,NA,NA,NA,NA,NA,NA,NA,NA,NA,NA,NA,NA,NA,NA,NA,NA,NA,NA,NA,NA,142,355,5,24,"Philadelphia Eagles",15,"Jacksonville Jaguars","JAC",24,"Philadelphia Eagles","PHI","WEEKLY",NA,NA
"Elijah Moore","WR","PHI",NA,0,0,0,NA,0,0,NA,0.03,0.15,NA,0,NA,0.09,NA,"54875","FanDuel","15288","NumberFire","WR",0.09,0.05,0.53,NA,NA,0,NA,NA,NA,NA,NA,NA,NA,NA,NA,NA,NA,NA,NA,NA,NA,NA,NA,NA,NA,NA,NA,NA,NA,NA,NA,NA,NA,NA,NA,NA,NA,NA,NA,NA,NA,NA,NA,NA,NA,NA,NA,NA,144,357,5,24,"Philadelphia Eagles",15,"Jacksonville Jaguars","JAC",24,"Philadelphia Eagles","PHI","WEEKLY",NA,NA
"Jalen McMillan","WR","TB",NA,0,0,0,NA,0,0,NA,0,0,NA,0,NA,0,NA,"55980","FanDuel","16628","NumberFire","WR",0,0,0,NA,NA,0,NA,NA,NA,NA,NA,NA,NA,NA,NA,NA,NA,NA,NA,NA,NA,NA,NA,NA,NA,NA,NA,NA,NA,NA,NA,NA,NA,NA,NA,NA,NA,NA,NA,NA,NA,NA,NA,NA,NA,NA,NA,NA,145,364,31,30,"Tampa Bay Buccaneers",9,"Dallas Cowboys","DAL",30,"Tampa Bay Buccaneers","TB","WEEKLY",NA,NA
"Camden Brown","WR","DAL",NA,0,0,0,NA,0,0,NA,0,0,NA,0,NA,0,NA,"56893","FanDuel","17750","NumberFire","WR",0,0,0,NA,NA,0,NA,NA,NA,NA,NA,NA,NA,NA,NA,NA,NA,NA,NA,NA,NA,NA,NA,NA,NA,NA,NA,NA,NA,NA,NA,NA,NA,NA,NA,NA,NA,NA,NA,NA,NA,NA,NA,NA,NA,NA,NA,NA,145,364,3,9,"Dallas Cowboys",9,"Dallas Cowboys","DAL",30,"Tampa Bay Buccaneers","TB","WEEKLY",NA,NA
"DeVonta Smith","WR","PHI",NA,0,0,0,NA,0,0,NA,0,0,NA,0,NA,0,NA,"54877","FanDuel","15282","NumberFire","WR",0,0,0,NA,NA,0,NA,NA,NA,NA,NA,NA,NA,NA,NA,NA,NA,NA,NA,NA,NA,NA,NA,NA,NA,NA,NA,NA,NA,NA,NA,NA,NA,NA,NA,NA,NA,NA,NA,NA,NA,NA,NA,NA,NA,NA,NA,NA,145,364,5,24,"Philadelphia Eagles",15,"Jacksonville Jaguars","JAC",24,"Philadelphia Eagles","PHI","WEEKLY",NA,NA
"Chandler Brayboy","WR","JAC",NA,0,0,0,NA,0,0,NA,0,0,NA,0,NA,0,NA,"56584","FanDuel",NA,"NumberFire","WR",0,0,0,NA,NA,0,NA,NA,NA,NA,NA,NA,NA,NA,NA,NA,NA,NA,NA,NA,NA,NA,NA,NA,NA,NA,NA,NA,NA,NA,NA,NA,NA,NA,NA,NA,NA,NA,NA,NA,NA,NA,NA,NA,NA,NA,NA,NA,145,364,24,15,"Jacksonville Jaguars",15,"Jacksonville Jaguars","JAC",24,"Philadelphia Eagles","PHI","WEEKLY",NA,NA
"CJ Williams","WR","JAC",NA,0,0,0,NA,0,0,NA,0,0,NA,0,NA,0,NA,"56698","FanDuel","17671","NumberFire","WR",0,0,0,NA,NA,0,NA,NA,NA,NA,NA,NA,NA,NA,NA,NA,NA,NA,NA,NA,NA,NA,NA,NA,NA,NA,NA,NA,NA,NA,NA,NA,NA,NA,NA,NA,NA,NA,NA,NA,NA,NA,NA,NA,NA,NA,NA,NA,145,364,24,15,"Jacksonville Jaguars",15,"Jacksonville Jaguars","JAC",24,"Philadelphia Eagles","PHI","WEEKLY",NA,NA
"Tim Patrick","WR","NYJ",NA,0,0,0,NA,0,0,NA,0,0,NA,0,NA,0,NA,"53848","FanDuel","13377","NumberFire","WR",0,0,0,NA,NA,0,NA,NA,NA,NA,NA,NA,NA,NA,NA,NA,NA,NA,NA,NA,NA,NA,NA,NA,NA,NA,NA,NA,NA,NA,NA,NA,NA,NA,NA,NA,NA,NA,NA,NA,NA,NA,NA,NA,NA,NA,NA,NA,145,364,17,22,"New York Jets",22,"New York Jets","NYJ",8,"Cleveland Browns","CLE","WEEKLY",NA,NA
"Tylan Wallace","WR","CLE",NA,0,0,0,NA,0,0,NA,0,0,NA,0,NA,0,NA,"55065","FanDuel","15285","NumberFire","WR",0,0,0,NA,NA,0,NA,NA,NA,NA,NA,NA,NA,NA,NA,NA,NA,NA,NA,NA,NA,NA,NA,NA,NA,NA,NA,NA,NA,NA,NA,NA,NA,NA,NA,NA,NA,NA,NA,NA,NA,NA,NA,NA,NA,NA,NA,NA,145,364,23,8,"Cleveland Browns",22,"New York Jets","NYJ",8,"Cleveland Browns","CLE","WEEKLY",NA,NA
"Irvin Charles","WR","NYJ",NA,0,0,0,NA,0,0,NA,0,0,NA,0,NA,0,NA,"55810","FanDuel",NA,"NumberFire","WR",0,0,0,NA,NA,0,NA,NA,NA,NA,NA,NA,NA,NA,NA,NA,NA,NA,NA,NA,NA,NA,NA,NA,NA,NA,NA,NA,NA,NA,NA,NA,NA,NA,NA,NA,NA,NA,NA,NA,NA,NA,NA,NA,NA,NA,NA,NA,145,364,17,22,"New York Jets",22,"New York Jets","NYJ",8,"Cleveland Browns","CLE","WEEKLY",NA,NA
"Jamari Thrash","WR","CLE",NA,0,0,0,NA,0,0,NA,0,0,NA,0,NA,0,NA,"56188","FanDuel","16624","NumberFire","WR",0,0,0,NA,NA,0,NA,NA,NA,NA,NA,NA,NA,NA,NA,NA,NA,NA,NA,NA,NA,NA,NA,NA,NA,NA,NA,NA,NA,NA,NA,NA,NA,NA,NA,NA,NA,NA,NA,NA,NA,NA,NA,NA,NA,NA,NA,NA,145,364,23,8,"Cleveland Browns",22,"New York Jets","NYJ",8,"Cleveland Browns","CLE","WEEKLY",NA,NA
"Arian Smith","WR","NYJ",NA,0,0,0,NA,0,0,NA,0,0,NA,0,NA,0,NA,"56412","FanDuel","17175","NumberFire","WR",0,0,0,NA,NA,0,NA,NA,NA,NA,NA,NA,NA,NA,NA,NA,NA,NA,NA,NA,NA,NA,NA,NA,NA,NA,NA,NA,NA,NA,NA,NA,NA,NA,NA,NA,NA,NA,NA,NA,NA,NA,NA,NA,NA,NA,NA,NA,145,364,17,22,"New York Jets",22,"New York Jets","NYJ",8,"Cleveland Browns","CLE","WEEKLY",NA,NA
"Omar Cooper","WR","NYJ",NA,0,0,0,NA,0,0,NA,0,0,NA,0,NA,0,NA,"56644","FanDuel","17502","NumberFire","WR",0,0,0,NA,NA,0,NA,NA,NA,NA,NA,NA,NA,NA,NA,NA,NA,NA,NA,NA,NA,NA,NA,NA,NA,NA,NA,NA,NA,NA,NA,NA,NA,NA,NA,NA,NA,NA,NA,NA,NA,NA,NA,NA,NA,NA,NA,NA,145,364,17,22,"New York Jets",22,"New York Jets","NYJ",8,"Cleveland Browns","CLE","WEEKLY",NA,NA
"Malik McClain","WR","NYJ",NA,0,0,0,NA,0,0,NA,0,0,NA,0,NA,0,NA,"56864","FanDuel",NA,"NumberFire","WR",0,0,0,NA,NA,0,NA,NA,NA,NA,NA,NA,NA,NA,NA,NA,NA,NA,NA,NA,NA,NA,NA,NA,NA,NA,NA,NA,NA,NA,NA,NA,NA,NA,NA,NA,NA,NA,NA,NA,NA,NA,NA,NA,NA,NA,NA,NA,145,364,17,22,"New York Jets",22,"New York Jets","NYJ",8,"Cleveland Browns","CLE","WEEKLY",NA,NA
"Jamaal Pritchett","WR","NYJ",NA,0,0,0,NA,0,0,NA,0,0,NA,0,NA,0,NA,"56868","FanDuel","17293","NumberFire","WR",0,0,0,NA,NA,0,NA,NA,NA,NA,NA,NA,NA,NA,NA,NA,NA,NA,NA,NA,NA,NA,NA,NA,NA,NA,NA,NA,NA,NA,NA,NA,NA,NA,NA,NA,NA,NA,NA,NA,NA,NA,NA,NA,NA,NA,NA,NA,145,364,17,22,"New York Jets",22,"New York Jets","NYJ",8,"Cleveland Browns","CLE","WEEKLY",NA,NA
"Andrei Iosivas","WR","CIN",NA,0,0,0,NA,0,0,NA,0,0,NA,0,NA,0,NA,"55777","FanDuel","16207","NumberFire","WR",0,0,0,NA,NA,0,NA,NA,NA,NA,NA,NA,NA,NA,NA,NA,NA,NA,NA,NA,NA,NA,NA,NA,NA,NA,NA,NA,NA,NA,NA,NA,NA,NA,NA,NA,NA,NA,NA,NA,NA,NA,NA,NA,NA,NA,NA,NA,145,364,29,7,"Cincinnati Bengals",17,"Miami Dolphins","MIA",7,"Cincinnati Bengals","CIN","WEEKLY",NA,NA
"Jordan Moore","WR","CIN",NA,0,0,0,NA,0,0,NA,0,0,NA,0,NA,0,NA,"56583","FanDuel","17305","NumberFire","WR",0,0,0,NA,NA,0,NA,NA,NA,NA,NA,NA,NA,NA,NA,NA,NA,NA,NA,NA,NA,NA,NA,NA,NA,NA,NA,NA,NA,NA,NA,NA,NA,NA,NA,NA,NA,NA,NA,NA,NA,NA,NA,NA,NA,NA,NA,NA,145,364,29,7,"Cincinnati Bengals",17,"Miami Dolphins","MIA",7,"Cincinnati Bengals","CIN","WEEKLY",NA,NA
"Colbie Young","WR","CIN",NA,0,0,0,NA,0,0,NA,0,0,NA,0,NA,0,NA,"56656","FanDuel","17542","NumberFire","WR",0,0,0,NA,NA,0,NA,NA,NA,NA,NA,NA,NA,NA,NA,NA,NA,NA,NA,NA,NA,NA,NA,NA,NA,NA,NA,NA,NA,NA,NA,NA,NA,NA,NA,NA,NA,NA,NA,NA,NA,NA,NA,NA,NA,NA,NA,NA,145,364,29,7,"Cincinnati Bengals",17,"Miami Dolphins","MIA",7,"Cincinnati Bengals","CIN","WEEKLY",NA,NA
"A.J. Brown","WR","NE",NA,0,0,0,NA,0,0,NA,0,0,NA,0,NA,0,NA,"54161","FanDuel","14104","NumberFire","WR",0,0,0,NA,NA,0,NA,NA,NA,NA,NA,NA,NA,NA,NA,NA,NA,NA,NA,NA,NA,NA,NA,NA,NA,NA,NA,NA,NA,NA,NA,NA,NA,NA,NA,NA,NA,NA,NA,NA,NA,NA,NA,NA,NA,NA,NA,NA,145,364,8,19,"New England Patriots",19,"New England Patriots","NE",35,"Las Vegas Raiders","LV","WEEKLY",NA,NA
"Jack Bech","WR","LV",NA,0,0,0,NA,0,0,NA,0,0,NA,0,NA,0,NA,"56314","FanDuel","17078","NumberFire","WR",0,0,0,NA,NA,0,NA,NA,NA,NA,NA,NA,NA,NA,NA,NA,NA,NA,NA,NA,NA,NA,NA,NA,NA,NA,NA,NA,NA,NA,NA,NA,NA,NA,NA,NA,NA,NA,NA,NA,NA,NA,NA,NA,NA,NA,NA,NA,145,364,11,35,"Las Vegas Raiders",19,"New England Patriots","NE",35,"Las Vegas Raiders","LV","WEEKLY",NA,NA
"Tejhaun Palmer","WR","NE",NA,0,0,0,NA,0,0,NA,0,0,NA,0,NA,0,NA,"56612","FanDuel","16763","NumberFire","WR",0,0,0,NA,NA,0,NA,NA,NA,NA,NA,NA,NA,NA,NA,NA,NA,NA,NA,NA,NA,NA,NA,NA,NA,NA,NA,NA,NA,NA,NA,NA,NA,NA,NA,NA,NA,NA,NA,NA,NA,NA,NA,NA,NA,NA,NA,NA,145,364,8,19,"New England Patriots",19,"New England Patriots","NE",35,"Las Vegas Raiders","LV","WEEKLY",NA,NA
"Corey Rucker","WR","LV",NA,0,0,0,NA,0,0,NA,0,0,NA,0,NA,0,NA,"56862","FanDuel",NA,"NumberFire","WR",0,0,0,NA,NA,0,NA,NA,NA,NA,NA,NA,NA,NA,NA,NA,NA,NA,NA,NA,NA,NA,NA,NA,NA,NA,NA,NA,NA,NA,NA,NA,NA,NA,NA,NA,NA,NA,NA,NA,NA,NA,NA,NA,NA,NA,NA,NA,145,364,11,35,"Las Vegas Raiders",19,"New England Patriots","NE",35,"Las Vegas Raiders","LV","WEEKLY",NA,NA
"Trey Palmer","WR","NO",NA,0,0,0,NA,0,0,NA,0,0,NA,0,NA,0,NA,"55632","FanDuel","16199","NumberFire","WR",0,0,0,NA,NA,0,NA,NA,NA,NA,NA,NA,NA,NA,NA,NA,NA,NA,NA,NA,NA,NA,NA,NA,NA,NA,NA,NA,NA,NA,NA,NA,NA,NA,NA,NA,NA,NA,NA,NA,NA,NA,NA,NA,NA,NA,NA,NA,145,364,1,20,"New Orleans Saints",20,"New Orleans Saints","NO",18,"Minnesota Vikings","MIN","WEEKLY",NA,NA
"Mason Tipton","WR","NO",NA,0,0,0,NA,0,0,NA,0,0,NA,0,NA,0,NA,"56021","FanDuel","16858","NumberFire","WR",0,0,0,NA,NA,0,NA,NA,NA,NA,NA,NA,NA,NA,NA,NA,NA,NA,NA,NA,NA,NA,NA,NA,NA,NA,NA,NA,NA,NA,NA,NA,NA,NA,NA,NA,NA,NA,NA,NA,NA,NA,NA,NA,NA,NA,NA,NA,145,364,1,20,"New Orleans Saints",20,"New Orleans Saints","NO",18,"Minnesota Vikings","MIN","WEEKLY",NA,NA
"Jeshaun Jones","WR","MIN",NA,0,0,0,NA,0,0,NA,0,0,NA,0,NA,0,NA,"56615","FanDuel","17446","NumberFire","WR",0,0,0,NA,NA,0,NA,NA,NA,NA,NA,NA,NA,NA,NA,NA,NA,NA,NA,NA,NA,NA,NA,NA,NA,NA,NA,NA,NA,NA,NA,NA,NA,NA,NA,NA,NA,NA,NA,NA,NA,NA,NA,NA,NA,NA,NA,NA,145,364,30,18,"Minnesota Vikings",20,"New Orleans Saints","NO",18,"Minnesota Vikings","MIN","WEEKLY",NA,NA
"Jordyn Tyson","WR","NO",NA,0,0,0,NA,0,0,NA,0,0,NA,0,NA,0,NA,"56631","FanDuel","17498","NumberFire","WR",0,0,0,NA,NA,0,NA,NA,NA,NA,NA,NA,NA,NA,NA,NA,NA,NA,NA,NA,NA,NA,NA,NA,NA,NA,NA,NA,NA,NA,NA,NA,NA,NA,NA,NA,NA,NA,NA,NA,NA,NA,NA,NA,NA,NA,NA,NA,145,364,1,20,"New Orleans Saints",20,"New Orleans Saints","NO",18,"Minnesota Vikings","MIN","WEEKLY",NA,NA
"Dillon Bell","WR","MIN",NA,0,0,0,NA,0,0,NA,0,0,NA,0,NA,0,NA,"56814","FanDuel","17536","NumberFire","WR",0,0,0,NA,NA,0,NA,NA,NA,NA,NA,NA,NA,NA,NA,NA,NA,NA,NA,NA,NA,NA,NA,NA,NA,NA,NA,NA,NA,NA,NA,NA,NA,NA,NA,NA,NA,NA,NA,NA,NA,NA,NA,NA,NA,NA,NA,NA,145,364,30,18,"Minnesota Vikings",20,"New Orleans Saints","NO",18,"Minnesota Vikings","MIN","WEEKLY",NA,NA
"Brock Rechsteiner","WR","NO",NA,0,0,0,NA,0,0,NA,0,0,NA,0,NA,0,NA,"56849","FanDuel","17741","NumberFire","WR",0,0,0,NA,NA,0,NA,NA,NA,NA,NA,NA,NA,NA,NA,NA,NA,NA,NA,NA,NA,NA,NA,NA,NA,NA,NA,NA,NA,NA,NA,NA,NA,NA,NA,NA,NA,NA,NA,NA,NA,NA,NA,NA,NA,NA,NA,NA,145,364,1,20,"New Orleans Saints",20,"New Orleans Saints","NO",18,"Minnesota Vikings","MIN","WEEKLY",NA,NA
"Tank Dell","WR","HOU",NA,0,0,0,NA,0,0,NA,0,0,NA,0,NA,0,NA,"55643","FanDuel","16204","NumberFire","WR",0,0,0,NA,NA,0,NA,NA,NA,NA,NA,NA,NA,NA,NA,NA,NA,NA,NA,NA,NA,NA,NA,NA,NA,NA,NA,NA,NA,NA,NA,NA,NA,NA,NA,NA,NA,NA,NA,NA,NA,NA,NA,NA,NA,NA,NA,NA,145,364,18,13,"Houston Texans",31,"Tennessee Titans","TEN",13,"Houston Texans","HOU","WEEKLY",NA,NA
"Jared Wayne","WR","HOU",NA,0,0,0,NA,0,0,NA,0,0,NA,0,NA,0,NA,"56244","FanDuel","17011","NumberFire","WR",0,0,0,NA,NA,0,NA,NA,NA,NA,NA,NA,NA,NA,NA,NA,NA,NA,NA,NA,NA,NA,NA,NA,NA,NA,NA,NA,NA,NA,NA,NA,NA,NA,NA,NA,NA,NA,NA,NA,NA,NA,NA,NA,NA,NA,NA,NA,145,364,18,13,"Houston Texans",31,"Tennessee Titans","TEN",13,"Houston Texans","HOU","WEEKLY",NA,NA
"Chimere Dike","WR","TEN",NA,0,0,0,NA,0,0,NA,0,0,NA,0,NA,0,NA,"56349","FanDuel","17171","NumberFire","WR",0,0,0,NA,NA,0,NA,NA,NA,NA,NA,NA,NA,NA,NA,NA,NA,NA,NA,NA,NA,NA,NA,NA,NA,NA,NA,NA,NA,NA,NA,NA,NA,NA,NA,NA,NA,NA,NA,NA,NA,NA,NA,NA,NA,NA,NA,NA,145,364,22,31,"Tennessee Titans",31,"Tennessee Titans","TEN",13,"Houston Texans","HOU","WEEKLY",NA,NA
"Xavier Restrepo","WR","TEN",NA,0,0,0,NA,0,0,NA,0,0,NA,0,NA,0,NA,"56564","FanDuel","17077","NumberFire","WR",0,0,0,NA,NA,0,NA,NA,NA,NA,NA,NA,NA,NA,NA,NA,NA,NA,NA,NA,NA,NA,NA,NA,NA,NA,NA,NA,NA,NA,NA,NA,NA,NA,NA,NA,NA,NA,NA,NA,NA,NA,NA,NA,NA,NA,NA,NA,145,364,22,31,"Tennessee Titans",31,"Tennessee Titans","TEN",13,"Houston Texans","HOU","WEEKLY",NA,NA
"Lewis Bond","WR","HOU",NA,0,0,0,NA,0,0,NA,0,0,NA,0,NA,0,NA,"56813","FanDuel","17530","NumberFire","WR",0,0,0,NA,NA,0,NA,NA,NA,NA,NA,NA,NA,NA,NA,NA,NA,NA,NA,NA,NA,NA,NA,NA,NA,NA,NA,NA,NA,NA,NA,NA,NA,NA,NA,NA,NA,NA,NA,NA,NA,NA,NA,NA,NA,NA,NA,NA,145,364,18,13,"Houston Texans",31,"Tennessee Titans","TEN",13,"Houston Texans","HOU","WEEKLY",NA,NA
"Jaylin Lane","WR","WSH",NA,0,0,0,NA,0,0,NA,0,0.02,NA,0,NA,0,NA,"56362","FanDuel","17184","NumberFire","WR",0,0,0,NA,NA,0,NA,NA,NA,NA,NA,NA,NA,NA,NA,NA,NA,NA,NA,NA,NA,NA,NA,NA,NA,NA,NA,NA,NA,NA,NA,NA,NA,NA,NA,NA,NA,NA,NA,NA,NA,NA,NA,NA,NA,NA,NA,NA,145,364,19,32,"Washington Commanders",32,"Washington Commanders","WSH",21,"New York Giants","NYG","WEEKLY",NA,NA
"Darius Slayton","WR","IND",NA,0,0,0,NA,0,0,NA,0,0,NA,0,NA,0,NA,"54317","FanDuel","14122","NumberFire","WR",0,0,0,NA,NA,0,NA,NA,NA,NA,NA,NA,NA,NA,NA,NA,NA,NA,NA,NA,NA,NA,NA,NA,NA,NA,NA,NA,NA,NA,NA,NA,NA,NA,NA,NA,NA,NA,NA,NA,NA,NA,NA,NA,NA,NA,NA,NA,145,364,10,14,"Indianapolis Colts",25,"Pittsburgh Steelers","PIT",14,"Indianapolis Colts","IND","WEEKLY",NA,NA
"Alec Pierce","WR","IND",NA,0,0,0,NA,0,0,NA,0,0,NA,0,NA,0,NA,"55253","FanDuel","15768","NumberFire","WR",0,0,0,NA,NA,0,NA,NA,NA,NA,NA,NA,NA,NA,NA,NA,NA,NA,NA,NA,NA,NA,NA,NA,NA,NA,NA,NA,NA,NA,NA,NA,NA,NA,NA,NA,NA,NA,NA,NA,NA,NA,NA,NA,NA,NA,NA,NA,145,364,10,14,"Indianapolis Colts",25,"Pittsburgh Steelers","PIT",14,"Indianapolis Colts","IND","WEEKLY",NA,NA
"Coleman Owen","WR","IND",NA,0,0,0,NA,0,0,NA,0,0,NA,0,NA,0,NA,"56582","FanDuel","17278","NumberFire","WR",0,0,0,NA,NA,0,NA,NA,NA,NA,NA,NA,NA,NA,NA,NA,NA,NA,NA,NA,NA,NA,NA,NA,NA,NA,NA,NA,NA,NA,NA,NA,NA,NA,NA,NA,NA,NA,NA,NA,NA,NA,NA,NA,NA,NA,NA,NA,145,364,10,14,"Indianapolis Colts",25,"Pittsburgh Steelers","PIT",14,"Indianapolis Colts","IND","WEEKLY",NA,NA
"Kaden Wetjen","WR","PIT",NA,0,0,0,NA,0,0,NA,0,0,NA,0,NA,0,NA,"56680","FanDuel","17620","NumberFire","WR",0,0,0,NA,NA,0,NA,NA,NA,NA,NA,NA,NA,NA,NA,NA,NA,NA,NA,NA,NA,NA,NA,NA,NA,NA,NA,NA,NA,NA,NA,NA,NA,NA,NA,NA,NA,NA,NA,NA,NA,NA,NA,NA,NA,NA,NA,NA,145,364,21,25,"Pittsburgh Steelers",25,"Pittsburgh Steelers","PIT",14,"Indianapolis Colts","IND","WEEKLY",NA,NA
"Cole Burgess","WR","PIT",NA,0,0,0,NA,0,0,NA,0,0,NA,0,NA,0,NA,"56904","FanDuel","16834","NumberFire","WR",0,0,0,NA,NA,0,NA,NA,NA,NA,NA,NA,NA,NA,NA,NA,NA,NA,NA,NA,NA,NA,NA,NA,NA,NA,NA,NA,NA,NA,NA,NA,NA,NA,NA,NA,NA,NA,NA,NA,NA,NA,NA,NA,NA,NA,NA,NA,145,364,21,25,"Pittsburgh Steelers",25,"Pittsburgh Steelers","PIT",14,"Indianapolis Colts","IND","WEEKLY",NA,NA
"Gary Jennings Jr.","WR","LAC",NA,0,0,0,NA,0,0,NA,0,0,NA,0,NA,0,NA,"54175","FanDuel","14120","NumberFire","WR",0,0,0,NA,NA,0,NA,NA,NA,NA,NA,NA,NA,NA,NA,NA,NA,NA,NA,NA,NA,NA,NA,NA,NA,NA,NA,NA,NA,NA,NA,NA,NA,NA,NA,NA,NA,NA,NA,NA,NA,NA,NA,NA,NA,NA,NA,NA,145,364,26,34,"Los Angeles Chargers",34,"Los Angeles Chargers","LAC",10,"Denver Broncos","DEN","WEEKLY",NA,NA
"Pat Bryant","WR","DEN",NA,0,0,0,NA,0,0,NA,0,0,NA,0,NA,0,NA,"56357","FanDuel","17082","NumberFire","WR",0,0,0,NA,NA,0,NA,NA,NA,NA,NA,NA,NA,NA,NA,NA,NA,NA,NA,NA,NA,NA,NA,NA,NA,NA,NA,NA,NA,NA,NA,NA,NA,NA,NA,NA,NA,NA,NA,NA,NA,NA,NA,NA,NA,NA,NA,NA,145,364,16,10,"Denver Broncos",34,"Los Angeles Chargers","LAC",10,"Denver Broncos","DEN","WEEKLY",NA,NA
"KeAndre Lambert-Smith","WR","LAC",NA,0,0,0,NA,0,0,NA,0,0,NA,0,NA,0,NA,"56366","FanDuel","17205","NumberFire","WR",0,0,0,NA,NA,0,NA,NA,NA,NA,NA,NA,NA,NA,NA,NA,NA,NA,NA,NA,NA,NA,NA,NA,NA,NA,NA,NA,NA,NA,NA,NA,NA,NA,NA,NA,NA,NA,NA,NA,NA,NA,NA,NA,NA,NA,NA,NA,145,364,26,34,"Los Angeles Chargers",34,"Los Angeles Chargers","LAC",10,"Denver Broncos","DEN","WEEKLY",NA,NA
"Dalevon Campbell","WR","LAC",NA,0,0,0,NA,0,0,NA,0,0,NA,0,NA,0,NA,"56469","FanDuel","17325","NumberFire","WR",0,0,0,NA,NA,0,NA,NA,NA,NA,NA,NA,NA,NA,NA,NA,NA,NA,NA,NA,NA,NA,NA,NA,NA,NA,NA,NA,NA,NA,NA,NA,NA,NA,NA,NA,NA,NA,NA,NA,NA,NA,NA,NA,NA,NA,NA,NA,145,364,26,34,"Los Angeles Chargers",34,"Los Angeles Chargers","LAC",10,"Denver Broncos","DEN","WEEKLY",NA,NA
"Kolbe Katsis","WR","DEN",NA,0,0,0,NA,0,0,NA,0,0,NA,0,NA,0,NA,"56871","FanDuel","17799","NumberFire","WR",0,0,0,NA,NA,0,NA,NA,NA,NA,NA,NA,NA,NA,NA,NA,NA,NA,NA,NA,NA,NA,NA,NA,NA,NA,NA,NA,NA,NA,NA,NA,NA,NA,NA,NA,NA,NA,NA,NA,NA,NA,NA,NA,NA,NA,NA,NA,145,364,16,10,"Denver Broncos",34,"Los Angeles Chargers","LAC",10,"Denver Broncos","DEN","WEEKLY",NA,NA
"Jayden Reed","WR","GB",NA,0,0,0,NA,0,0,NA,0,0,NA,0,NA,0,NA,"55614","FanDuel","16184","NumberFire","WR",0,0,0,NA,NA,0,NA,NA,NA,NA,NA,NA,NA,NA,NA,NA,NA,NA,NA,NA,NA,NA,NA,NA,NA,NA,NA,NA,NA,NA,NA,NA,NA,NA,NA,NA,NA,NA,NA,NA,NA,NA,NA,NA,NA,NA,NA,NA,145,364,6,12,"Green Bay Packers",12,"Green Bay Packers","GB",6,"Chicago Bears","CHI","WEEKLY",NA,NA
"Malik Heath","WR","GB",NA,0,0,0,NA,0,0,NA,0,0,NA,0,NA,0,NA,"55697","FanDuel","16413","NumberFire","WR",0,0,0,NA,NA,0,NA,NA,NA,NA,NA,NA,NA,NA,NA,NA,NA,NA,NA,NA,NA,NA,NA,NA,NA,NA,NA,NA,NA,NA,NA,NA,NA,NA,NA,NA,NA,NA,NA,NA,NA,NA,NA,NA,NA,NA,NA,NA,145,364,6,12,"Green Bay Packers",12,"Green Bay Packers","GB",6,"Chicago Bears","CHI","WEEKLY",NA,NA
"Savion Williams","WR","GB",NA,0,0,0,NA,0,0,NA,0,0,NA,0,NA,0,NA,"56328","FanDuel","17096","NumberFire","WR",0,0,0,NA,NA,0,NA,NA,NA,NA,NA,NA,NA,NA,NA,NA,NA,NA,NA,NA,NA,NA,NA,NA,NA,NA,NA,NA,NA,NA,NA,NA,NA,NA,NA,NA,NA,NA,NA,NA,NA,NA,NA,NA,NA,NA,NA,NA,145,364,6,12,"Green Bay Packers",12,"Green Bay Packers","GB",6,"Chicago Bears","CHI","WEEKLY",NA,NA
"Devin Duvernay","WR","ARI",NA,0,0,0,NA,0,0,NA,0,0,NA,0,NA,0,NA,"54504","FanDuel","14847","NumberFire","WR",0,0,0,NA,NA,0,NA,NA,NA,NA,NA,NA,NA,NA,NA,NA,NA,NA,NA,NA,NA,NA,NA,NA,NA,NA,NA,NA,NA,NA,NA,NA,NA,NA,NA,NA,NA,NA,NA,NA,NA,NA,NA,NA,NA,NA,NA,NA,145,364,32,1,"Arizona Cardinals",1,"Arizona Cardinals","ARI",11,"Detroit Lions","DET","WEEKLY",NA,NA
"Simi Fehoko","WR","ARI",NA,0,0,0,NA,0,0,NA,0,0,NA,0,NA,0,NA,"55288","FanDuel","15303","NumberFire","WR",0,0,0,NA,NA,0,NA,NA,NA,NA,NA,NA,NA,NA,NA,NA,NA,NA,NA,NA,NA,NA,NA,NA,NA,NA,NA,NA,NA,NA,NA,NA,NA,NA,NA,NA,NA,NA,NA,NA,NA,NA,NA,NA,NA,NA,NA,NA,145,364,32,1,"Arizona Cardinals",1,"Arizona Cardinals","ARI",11,"Detroit Lions","DET","WEEKLY",NA,NA
"Tay Martin","WR","DET",NA,0,0,0,NA,0,0,NA,0,0,NA,0,NA,0,NA,"55562","FanDuel","15771","NumberFire","WR",0,0,0,NA,NA,0,NA,NA,NA,NA,NA,NA,NA,NA,NA,NA,NA,NA,NA,NA,NA,NA,NA,NA,NA,NA,NA,NA,NA,NA,NA,NA,NA,NA,NA,NA,NA,NA,NA,NA,NA,NA,NA,NA,NA,NA,NA,NA,145,364,27,11,"Detroit Lions",1,"Arizona Cardinals","ARI",11,"Detroit Lions","DET","WEEKLY",NA,NA
"Jalen Brooks","WR","ARI",NA,0,0,0,NA,0,0,NA,0,0,NA,0,NA,0,NA,"55851","FanDuel","16364","NumberFire","WR",0,0,0,NA,NA,0,NA,NA,NA,NA,NA,NA,NA,NA,NA,NA,NA,NA,NA,NA,NA,NA,NA,NA,NA,NA,NA,NA,NA,NA,NA,NA,NA,NA,NA,NA,NA,NA,NA,NA,NA,NA,NA,NA,NA,NA,NA,NA,145,364,32,1,"Arizona Cardinals",1,"Arizona Cardinals","ARI",11,"Detroit Lions","DET","WEEKLY",NA,NA
"Reggie Virgil","WR","ARI",NA,0,0,0,NA,0,0,NA,0,0,NA,0,NA,0,NA,"56892","FanDuel","17526","NumberFire","WR",0,0,0,NA,NA,0,NA,NA,NA,NA,NA,NA,NA,NA,NA,NA,NA,NA,NA,NA,NA,NA,NA,NA,NA,NA,NA,NA,NA,NA,NA,NA,NA,NA,NA,NA,NA,NA,NA,NA,NA,NA,NA,NA,NA,NA,NA,NA,145,364,32,1,"Arizona Cardinals",1,"Arizona Cardinals","ARI",11,"Detroit Lions","DET","WEEKLY",NA,NA
"Kendrick Law","WR","DET",NA,0,0,0,NA,0,0,NA,0,0,NA,0,NA,0,NA,"56938","FanDuel","17647","NumberFire","WR",0,0,0,NA,NA,0,NA,NA,NA,NA,NA,NA,NA,NA,NA,NA,NA,NA,NA,NA,NA,NA,NA,NA,NA,NA,NA,NA,NA,NA,NA,NA,NA,NA,NA,NA,NA,NA,NA,NA,NA,NA,NA,NA,NA,NA,NA,NA,145,364,27,11,"Detroit Lions",1,"Arizona Cardinals","ARI",11,"Detroit Lions","DET","WEEKLY",NA,NA
"Brandin Cooks","WR","SF",NA,0,0,0,NA,0,0,NA,0,0,NA,0,NA,0,NA,"52427","FanDuel","11674","NumberFire","WR",1.83,0,0,NA,NA,0,NA,NA,NA,NA,NA,NA,NA,NA,NA,NA,NA,NA,NA,NA,NA,NA,NA,NA,NA,NA,NA,NA,NA,NA,NA,NA,NA,NA,NA,NA,NA,NA,NA,NA,NA,NA,NA,NA,NA,NA,NA,NA,145,364,4,27,"San Francisco 49ers",28,"Seattle Seahawks","SEA",27,"San Francisco 49ers","SF","WEEKLY",NA,NA
"Demarcus Robinson","WR","SF",NA,0,0,0,NA,0,0,NA,0,0,NA,0,NA,0,NA,"53230","FanDuel","12785","NumberFire","WR",0,0,0,NA,NA,0,NA,NA,NA,NA,NA,NA,NA,NA,NA,NA,NA,NA,NA,NA,NA,NA,NA,NA,NA,NA,NA,NA,NA,NA,NA,NA,NA,NA,NA,NA,NA,NA,NA,NA,NA,NA,NA,NA,NA,NA,NA,NA,145,364,4,27,"San Francisco 49ers",28,"Seattle Seahawks","SEA",27,"San Francisco 49ers","SF","WEEKLY",NA,NA
"Christian Kirk","WR","SF",NA,0,0,0,NA,0,0,NA,0,0,NA,0,NA,0,NA,"53770","FanDuel","13633","NumberFire","WR",0,0,0,NA,NA,0,NA,NA,NA,NA,NA,NA,NA,NA,NA,NA,NA,NA,NA,NA,NA,NA,NA,NA,NA,NA,NA,NA,NA,NA,NA,NA,NA,NA,NA,NA,NA,NA,NA,NA,NA,NA,NA,NA,NA,NA,NA,NA,145,364,4,27,"San Francisco 49ers",28,"Seattle Seahawks","SEA",27,"San Francisco 49ers","SF","WEEKLY",NA,NA
"Jake Bobo","WR","SEA",NA,0,0,0,NA,0,0,NA,0,0,NA,0,NA,0,NA,"55730","FanDuel","16393","NumberFire","WR",0,0,0,NA,NA,0,NA,NA,NA,NA,NA,NA,NA,NA,NA,NA,NA,NA,NA,NA,NA,NA,NA,NA,NA,NA,NA,NA,NA,NA,NA,NA,NA,NA,NA,NA,NA,NA,NA,NA,NA,NA,NA,NA,NA,NA,NA,NA,145,364,13,28,"Seattle Seahawks",28,"Seattle Seahawks","SEA",27,"San Francisco 49ers","SF","WEEKLY",NA,NA
"Ricky White III","WR","SEA",NA,0,0,0,NA,0,0,NA,0,0,NA,0,NA,0,NA,"56547","FanDuel","17084","NumberFire","WR",0,0,0,NA,NA,0,NA,NA,NA,NA,NA,NA,NA,NA,NA,NA,NA,NA,NA,NA,NA,NA,NA,NA,NA,NA,NA,NA,NA,NA,NA,NA,NA,NA,NA,NA,NA,NA,NA,NA,NA,NA,NA,NA,NA,NA,NA,NA,145,364,13,28,"Seattle Seahawks",28,"Seattle Seahawks","SEA",27,"San Francisco 49ers","SF","WEEKLY",NA,NA
"De'Zhaun Stribling","WR","SF",NA,0,0,0,NA,0,0,NA,0,0,NA,0,NA,0,NA,"56682","FanDuel","17514","NumberFire","WR",0,0,0,NA,NA,0,NA,NA,NA,NA,NA,NA,NA,NA,NA,NA,NA,NA,NA,NA,NA,NA,NA,NA,NA,NA,NA,NA,NA,NA,NA,NA,NA,NA,NA,NA,NA,NA,NA,NA,NA,NA,NA,NA,NA,NA,NA,NA,145,364,4,27,"San Francisco 49ers",28,"Seattle Seahawks","SEA",27,"San Francisco 49ers","SF","WEEKLY",NA,NA
"Montorie Foster Jr.","WR","SEA",NA,0,0,0,NA,0,0,NA,0,0,NA,0,NA,0,NA,"56701","FanDuel","17754","NumberFire","WR",0,0,0,NA,NA,0,NA,NA,NA,NA,NA,NA,NA,NA,NA,NA,NA,NA,NA,NA,NA,NA,NA,NA,NA,NA,NA,NA,NA,NA,NA,NA,NA,NA,NA,NA,NA,NA,NA,NA,NA,NA,NA,NA,NA,NA,NA,NA,145,364,13,28,"Seattle Seahawks",28,"Seattle Seahawks","SEA",27,"San Francisco 49ers","SF","WEEKLY",NA,NA
"Ja'Kobi Lane","WR","BAL",NA,0,0,0,NA,0,0,NA,0,0,NA,0,NA,0,NA,"56648","FanDuel","17517","NumberFire","WR",0,0,0,NA,NA,0,NA,NA,NA,NA,NA,NA,NA,NA,NA,NA,NA,NA,NA,NA,NA,NA,NA,NA,NA,NA,NA,NA,NA,NA,NA,NA,NA,NA,NA,NA,NA,NA,NA,NA,NA,NA,NA,NA,NA,NA,NA,NA,145,364,9,3,"Baltimore Ravens",2,"Atlanta Falcons","ATL",3,"Baltimore Ravens","BAL","WEEKLY",NA,NA
"Tyrell Shavers","WR","BUF",NA,0,0,0,NA,0,0,NA,0,0,NA,0,NA,0,NA,"56224","FanDuel","16451","NumberFire","WR",0,0,0,NA,NA,0,NA,NA,NA,NA,NA,NA,NA,NA,NA,NA,NA,NA,NA,NA,NA,NA,NA,NA,NA,NA,NA,NA,NA,NA,NA,NA,NA,NA,NA,NA,NA,NA,NA,NA,NA,NA,NA,NA,NA,NA,NA,NA,145,364,2,4,"Buffalo Bills",33,"Los Angeles Rams","LA",4,"Buffalo Bills","BUF","WEEKLY",NA,NA
"Brennan Presley","WR","LA",NA,0,0,0,NA,0,0,NA,0,0,NA,0,NA,0,NA,"56569","FanDuel","17321","NumberFire","WR",0,0,0,NA,NA,0,NA,NA,NA,NA,NA,NA,NA,NA,NA,NA,NA,NA,NA,NA,NA,NA,NA,NA,NA,NA,NA,NA,NA,NA,NA,NA,NA,NA,NA,NA,NA,NA,NA,NA,NA,NA,NA,NA,NA,NA,NA,NA,145,364,28,33,"Los Angeles Rams",33,"Los Angeles Rams","LA",4,"Buffalo Bills","BUF","WEEKLY",NA,NA
"Skyler Bell","WR","BUF",NA,0,0,0,NA,0,0,NA,0,0,NA,0,NA,0,NA,"56652","FanDuel","17508","NumberFire","WR",0,0,0,NA,NA,0,NA,NA,NA,NA,NA,NA,NA,NA,NA,NA,NA,NA,NA,NA,NA,NA,NA,NA,NA,NA,NA,NA,NA,NA,NA,NA,NA,NA,NA,NA,NA,NA,NA,NA,NA,NA,NA,NA,NA,NA,NA,NA,145,364,2,4,"Buffalo Bills",33,"Los Angeles Rams","LA",4,"Buffalo Bills","BUF","WEEKLY",NA,NA
"CJ Daniels","WR","LA",NA,0,0,0,NA,0,0,NA,0,0,NA,0,NA,0,NA,"56895","FanDuel","17504","NumberFire","WR",0,0,0,NA,NA,0,NA,NA,NA,NA,NA,NA,NA,NA,NA,NA,NA,NA,NA,NA,NA,NA,NA,NA,NA,NA,NA,NA,NA,NA,NA,NA,NA,NA,NA,NA,NA,NA,NA,NA,NA,NA,NA,NA,NA,NA,NA,NA,145,364,28,33,"Los Angeles Rams",33,"Los Angeles Rams","LA",4,"Buffalo Bills","BUF","WEEKLY",NA,NA
"George Kittle","TE","SF",NA,0,0,0,NA,0,0,NA,0,0,NA,0,NA,13.18,NA,"53461","FanDuel","13299","NumberFire","TE",7.51,6.06,78.53,NA,NA,0.38,NA,NA,NA,NA,NA,NA,NA,NA,NA,NA,NA,NA,NA,NA,NA,NA,NA,NA,NA,NA,NA,NA,NA,NA,NA,NA,NA,NA,NA,NA,NA,NA,NA,NA,NA,NA,NA,NA,NA,NA,NA,NA,1,54,4,27,"San Francisco 49ers",28,"Seattle Seahawks","SEA",27,"San Francisco 49ers","SF","WEEKLY",NA,NA
"Trey McBride","TE","ARI",NA,0,0,0,NA,0,0,NA,0,0,NA,0,NA,12.92,NA,"55232","FanDuel","15794","NumberFire","TE",10.36,7.25,64.5,NA,NA,0.47,NA,NA,NA,NA,NA,NA,NA,NA,NA,NA,NA,NA,NA,NA,NA,NA,NA,NA,NA,NA,NA,NA,NA,NA,NA,NA,NA,NA,NA,NA,NA,NA,NA,NA,NA,NA,NA,NA,NA,NA,NA,NA,2,57,32,1,"Arizona Cardinals",1,"Arizona Cardinals","ARI",11,"Detroit Lions","DET","WEEKLY",NA,NA
"Brock Bowers","TE","LV",NA,0,0,0,NA,0,0,NA,0.21,0.94,NA,0.01,NA,12.81,NA,"55931","FanDuel","16641","NumberFire","TE",9.39,6.3,67.82,NA,NA,0.45,NA,NA,NA,NA,NA,NA,NA,NA,NA,NA,NA,NA,NA,NA,NA,NA,NA,NA,NA,NA,NA,NA,NA,NA,NA,NA,NA,NA,NA,NA,NA,NA,NA,NA,NA,NA,NA,NA,NA,NA,NA,NA,3,60,11,35,"Las Vegas Raiders",19,"New England Patriots","NE",35,"Las Vegas Raiders","LV","WEEKLY",NA,NA
"Tucker Kraft","TE","GB",NA,0,0,0,NA,0,0,NA,0.14,0.62,NA,0,NA,11.18,NA,"55615","FanDuel","16222","NumberFire","TE",6.8,4.82,62.26,NA,NA,0.42,NA,NA,NA,NA,NA,NA,NA,NA,NA,NA,NA,NA,NA,NA,NA,NA,NA,NA,NA,NA,NA,NA,NA,NA,NA,NA,NA,NA,NA,NA,NA,NA,NA,NA,NA,NA,NA,NA,NA,NA,NA,NA,4,75,6,12,"Green Bay Packers",12,"Green Bay Packers","GB",6,"Chicago Bears","CHI","WEEKLY",NA,NA
"Tyler Warren","TE","IND",NA,0,0,0,NA,0,0,NA,0.38,1.7,NA,0.02,NA,10.52,NA,"56254","FanDuel","17102","NumberFire","TE",7.7,5.44,58.54,NA,NA,0.28,NA,NA,NA,NA,NA,NA,NA,NA,NA,NA,NA,NA,NA,NA,NA,NA,NA,NA,NA,NA,NA,NA,NA,NA,NA,NA,NA,NA,NA,NA,NA,NA,NA,NA,NA,NA,NA,NA,NA,NA,NA,NA,5,82,10,14,"Indianapolis Colts",25,"Pittsburgh Steelers","PIT",14,"Indianapolis Colts","IND","WEEKLY",NA,NA
"Sam LaPorta","TE","DET",NA,0,0,0,NA,0,0,NA,0,0,NA,0,NA,10.34,NA,"55608","FanDuel","16214","NumberFire","TE",6.58,4.63,53.67,NA,NA,0.44,NA,NA,NA,NA,NA,NA,NA,NA,NA,NA,NA,NA,NA,NA,NA,NA,NA,NA,NA,NA,NA,NA,NA,NA,NA,NA,NA,NA,NA,NA,NA,NA,NA,NA,NA,NA,NA,NA,NA,NA,NA,NA,6,85,27,11,"Detroit Lions",1,"Arizona Cardinals","ARI",11,"Detroit Lions","DET","WEEKLY",NA,NA
"Hunter Henry","TE","NE",NA,0,0,0,NA,0,0,NA,0,0,NA,0,NA,9.82,NA,"53079","FanDuel","12676","NumberFire","TE",5.88,4.27,54.65,NA,NA,0.37,NA,NA,NA,NA,NA,NA,NA,NA,NA,NA,NA,NA,NA,NA,NA,NA,NA,NA,NA,NA,NA,NA,NA,NA,NA,NA,NA,NA,NA,NA,NA,NA,NA,NA,NA,NA,NA,NA,NA,NA,NA,NA,7,88,8,19,"New England Patriots",19,"New England Patriots","NE",35,"Las Vegas Raiders","LV","WEEKLY",NA,NA
"Dalton Kincaid","TE","BUF",NA,0,0,0,NA,0,0,NA,0,0,NA,0,NA,9.71,NA,"55586","FanDuel","16213","NumberFire","TE",6,4.32,57.07,NA,NA,0.32,NA,NA,NA,NA,NA,NA,NA,NA,NA,NA,NA,NA,NA,NA,NA,NA,NA,NA,NA,NA,NA,NA,NA,NA,NA,NA,NA,NA,NA,NA,NA,NA,NA,NA,NA,NA,NA,NA,NA,NA,NA,NA,8,90,2,4,"Buffalo Bills",33,"Los Angeles Rams","LA",4,"Buffalo Bills","BUF","WEEKLY",NA,NA
"Kenyon Sadiq","TE","NYJ",NA,0,0,0,NA,0,0,NA,0.05,0.23,NA,0,NA,9.57,NA,"56635","FanDuel","17543","NumberFire","TE",7.03,5.02,50.55,NA,NA,0.34,NA,NA,NA,NA,NA,NA,NA,NA,NA,NA,NA,NA,NA,NA,NA,NA,NA,NA,NA,NA,NA,NA,NA,NA,NA,NA,NA,NA,NA,NA,NA,NA,NA,NA,NA,NA,NA,NA,NA,NA,NA,NA,9,93,17,22,"New York Jets",22,"New York Jets","NYJ",8,"Cleveland Browns","CLE","WEEKLY",NA,NA
"Juwan Johnson","TE","NO",NA,0,0,0,NA,0,0,NA,0,0,NA,0,NA,9,NA,"54742","FanDuel","14861","NumberFire","TE",6.16,4.27,49.2,NA,NA,0.34,NA,NA,NA,NA,NA,NA,NA,NA,NA,NA,NA,NA,NA,NA,NA,NA,NA,NA,NA,NA,NA,NA,NA,NA,NA,NA,NA,NA,NA,NA,NA,NA,NA,NA,NA,NA,NA,NA,NA,NA,NA,NA,10,103,1,20,"New Orleans Saints",20,"New Orleans Saints","NO",18,"Minnesota Vikings","MIN","WEEKLY",NA,NA
"Isaiah Likely","TE","NYG",NA,0,0,0,NA,0,0,NA,0,0,NA,0,NA,8.94,NA,"55282","FanDuel","15798","NumberFire","TE",6.79,4.08,48.2,NA,NA,0.36,NA,NA,NA,NA,NA,NA,NA,NA,NA,NA,NA,NA,NA,NA,NA,NA,NA,NA,NA,NA,NA,NA,NA,NA,NA,NA,NA,NA,NA,NA,NA,NA,NA,NA,NA,NA,NA,NA,NA,NA,NA,NA,11,104,20,21,"New York Giants",32,"Washington Commanders","WSH",21,"New York Giants","NYG","WEEKLY",NA,NA
"Colston Loveland","TE","CHI",NA,0,0,0,NA,0,0,NA,0,0,NA,0,NA,8.52,NA,"56251","FanDuel","17104","NumberFire","TE",6.5,4.45,43.19,NA,NA,0.33,NA,NA,NA,NA,NA,NA,NA,NA,NA,NA,NA,NA,NA,NA,NA,NA,NA,NA,NA,NA,NA,NA,NA,NA,NA,NA,NA,NA,NA,NA,NA,NA,NA,NA,NA,NA,NA,NA,NA,NA,NA,NA,12,110,25,6,"Chicago Bears",12,"Green Bay Packers","GB",6,"Chicago Bears","CHI","WEEKLY",NA,NA
"Harold Fannin Jr.","TE","CLE",NA,0,0,0,NA,0,0,NA,0,0,NA,0,NA,8.06,NA,"56414","FanDuel","17103","NumberFire","TE",6.39,4.55,38.24,NA,NA,0.33,NA,NA,NA,NA,NA,NA,NA,NA,NA,NA,NA,NA,NA,NA,NA,NA,NA,NA,NA,NA,NA,NA,NA,NA,NA,NA,NA,NA,NA,NA,NA,NA,NA,NA,NA,NA,NA,NA,NA,NA,NA,NA,13,117,23,8,"Cleveland Browns",22,"New York Jets","NYJ",8,"Cleveland Browns","CLE","WEEKLY",NA,NA
"Brenton Strange","TE","JAC",NA,0,0,0,NA,0,0,NA,0,0,NA,0,NA,8.05,NA,"55757","FanDuel","16269","NumberFire","TE",5.65,3.84,42.51,NA,NA,0.32,NA,NA,NA,NA,NA,NA,NA,NA,NA,NA,NA,NA,NA,NA,NA,NA,NA,NA,NA,NA,NA,NA,NA,NA,NA,NA,NA,NA,NA,NA,NA,NA,NA,NA,NA,NA,NA,NA,NA,NA,NA,NA,14,118,24,15,"Jacksonville Jaguars",15,"Jacksonville Jaguars","JAC",24,"Philadelphia Eagles","PHI","WEEKLY",NA,NA
"Oronde Gadsden","TE","LAC",NA,0,0,0,NA,0,0,NA,0.2,0.88,NA,0.01,NA,7.85,NA,"56472","FanDuel","17099","NumberFire","TE",5.26,3.5,44.12,NA,NA,0.26,NA,NA,NA,NA,NA,NA,NA,NA,NA,NA,NA,NA,NA,NA,NA,NA,NA,NA,NA,NA,NA,NA,NA,NA,NA,NA,NA,NA,NA,NA,NA,NA,NA,NA,NA,NA,NA,NA,NA,NA,NA,NA,15,120,26,34,"Los Angeles Chargers",34,"Los Angeles Chargers","LAC",10,"Denver Broncos","DEN","WEEKLY",NA,NA
"Mark Andrews","TE","BAL",NA,0,0,0,NA,0,0,NA,0.12,0.52,NA,0,NA,7.73,NA,"53836","FanDuel","13671","NumberFire","TE",7.23,5.06,35.72,NA,NA,0.27,NA,NA,NA,NA,NA,NA,NA,NA,NA,NA,NA,NA,NA,NA,NA,NA,NA,NA,NA,NA,NA,NA,NA,NA,NA,NA,NA,NA,NA,NA,NA,NA,NA,NA,NA,NA,NA,NA,NA,NA,NA,NA,16,122,9,3,"Baltimore Ravens",2,"Atlanta Falcons","ATL",3,"Baltimore Ravens","BAL","WEEKLY",NA,NA
"Cade Otton","TE","TB",NA,0,0,0,NA,0,0,NA,0,0,NA,0,NA,7.21,NA,"55343","FanDuel","15802","NumberFire","TE",6.3,4.05,38.06,NA,NA,0.24,NA,NA,NA,NA,NA,NA,NA,NA,NA,NA,NA,NA,NA,NA,NA,NA,NA,NA,NA,NA,NA,NA,NA,NA,NA,NA,NA,NA,NA,NA,NA,NA,NA,NA,NA,NA,NA,NA,NA,NA,NA,NA,17,134,31,30,"Tampa Bay Buccaneers",9,"Dallas Cowboys","DAL",30,"Tampa Bay Buccaneers","TB","WEEKLY",NA,NA
"AJ Barner","TE","SEA",NA,0,0,0,NA,0,0,NA,0.06,0.25,NA,0,NA,6.8,NA,"56078","FanDuel","16723","NumberFire","TE",4.63,3.23,32.59,NA,NA,0.32,NA,NA,NA,NA,NA,NA,NA,NA,NA,NA,NA,NA,NA,NA,NA,NA,NA,NA,NA,NA,NA,NA,NA,NA,NA,NA,NA,NA,NA,NA,NA,NA,NA,NA,NA,NA,NA,NA,NA,NA,NA,NA,18,136,13,28,"Seattle Seahawks",28,"Seattle Seahawks","SEA",27,"San Francisco 49ers","SF","WEEKLY",NA,NA
"T.J. Hockenson","TE","MIN",NA,0,0,0,NA,0,0,NA,0,0,NA,0,NA,6.79,NA,"54137","FanDuel","14138","NumberFire","TE",5.54,3.95,33.18,NA,NA,0.25,NA,NA,NA,NA,NA,NA,NA,NA,NA,NA,NA,NA,NA,NA,NA,NA,NA,NA,NA,NA,NA,NA,NA,NA,NA,NA,NA,NA,NA,NA,NA,NA,NA,NA,NA,NA,NA,NA,NA,NA,NA,NA,19,138,30,18,"Minnesota Vikings",20,"New Orleans Saints","NO",18,"Minnesota Vikings","MIN","WEEKLY",NA,NA
"Dalton Schultz","TE","HOU",NA,0,0,0,NA,0,0,NA,0,0,NA,0,NA,6.62,NA,"54022","FanDuel","13772","NumberFire","TE",5.91,3.91,34.83,NA,NA,0.2,NA,NA,NA,NA,NA,NA,NA,NA,NA,NA,NA,NA,NA,NA,NA,NA,NA,NA,NA,NA,NA,NA,NA,NA,NA,NA,NA,NA,NA,NA,NA,NA,NA,NA,NA,NA,NA,NA,NA,NA,NA,NA,20,142,18,13,"Houston Texans",31,"Tennessee Titans","TEN",13,"Houston Texans","HOU","WEEKLY",NA,NA
"Pat Freiermuth","TE","PIT",NA,0,0,0,NA,0,0,NA,0.15,0.68,NA,0.01,NA,6.62,NA,"54891","FanDuel","15331","NumberFire","TE",4.63,3.19,31.34,NA,NA,0.3,NA,NA,NA,NA,NA,NA,NA,NA,NA,NA,NA,NA,NA,NA,NA,NA,NA,NA,NA,NA,NA,NA,NA,NA,NA,NA,NA,NA,NA,NA,NA,NA,NA,NA,NA,NA,NA,NA,NA,NA,NA,NA,20,142,21,25,"Pittsburgh Steelers",25,"Pittsburgh Steelers","PIT",14,"Indianapolis Colts","IND","WEEKLY",NA,NA
"Tyler Higbee","TE","LA",NA,0,0,0,NA,0,0,NA,0,0,NA,0,NA,6.49,NA,"53085","FanDuel","12678","NumberFire","TE",4.94,3.12,33.06,NA,NA,0.27,NA,NA,NA,NA,NA,NA,NA,NA,NA,NA,NA,NA,NA,NA,NA,NA,NA,NA,NA,NA,NA,NA,NA,NA,NA,NA,NA,NA,NA,NA,NA,NA,NA,NA,NA,NA,NA,NA,NA,NA,NA,NA,22,147,28,33,"Los Angeles Rams",33,"Los Angeles Rams","LA",4,"Buffalo Bills","BUF","WEEKLY",NA,NA
"Jake Ferguson","TE","DAL",NA,0,0,0,NA,0,0,NA,0,0,NA,0,NA,6.2,NA,"55396","FanDuel","15799","NumberFire","TE",4.84,3.51,25.23,NA,NA,0.34,NA,NA,NA,NA,NA,NA,NA,NA,NA,NA,NA,NA,NA,NA,NA,NA,NA,NA,NA,NA,NA,NA,NA,NA,NA,NA,NA,NA,NA,NA,NA,NA,NA,NA,NA,NA,NA,NA,NA,NA,NA,NA,23,149,3,9,"Dallas Cowboys",9,"Dallas Cowboys","DAL",30,"Tampa Bay Buccaneers","TB","WEEKLY",NA,NA
"Michael Mayer","TE","LV",NA,0,0,0,NA,0,0,NA,0,0,NA,0,NA,6.2,NA,"55578","FanDuel","16212","NumberFire","TE",5.48,3.6,30.95,NA,NA,0.22,NA,NA,NA,NA,NA,NA,NA,NA,NA,NA,NA,NA,NA,NA,NA,NA,NA,NA,NA,NA,NA,NA,NA,NA,NA,NA,NA,NA,NA,NA,NA,NA,NA,NA,NA,NA,NA,NA,NA,NA,NA,NA,23,149,11,35,"Las Vegas Raiders",19,"New England Patriots","NE",35,"Las Vegas Raiders","LV","WEEKLY",NA,NA
"Kyle Pitts","TE","ATL",NA,0,0,0,NA,0,0,NA,0,0,NA,0,NA,5.55,NA,"54859","FanDuel","15329","NumberFire","TE",4.52,2.76,29.48,NA,NA,0.2,NA,NA,NA,NA,NA,NA,NA,NA,NA,NA,NA,NA,NA,NA,NA,NA,NA,NA,NA,NA,NA,NA,NA,NA,NA,NA,NA,NA,NA,NA,NA,NA,NA,NA,NA,NA,NA,NA,NA,NA,NA,NA,25,158,15,2,"Atlanta Falcons",2,"Atlanta Falcons","ATL",3,"Baltimore Ravens","BAL","WEEKLY",NA,NA
"Zach Ertz","TE","PHI",NA,0,0,0,NA,0,0,NA,0,0,NA,0,NA,5.52,NA,"52077","FanDuel","11247","NumberFire","TE",4.68,3.16,30.62,NA,NA,0.15,NA,NA,NA,NA,NA,NA,NA,NA,NA,NA,NA,NA,NA,NA,NA,NA,NA,NA,NA,NA,NA,NA,NA,NA,NA,NA,NA,NA,NA,NA,NA,NA,NA,NA,NA,NA,NA,NA,NA,NA,NA,NA,26,160,5,24,"Philadelphia Eagles",15,"Jacksonville Jaguars","JAC",24,"Philadelphia Eagles","PHI","WEEKLY",NA,NA
"Darnell Washington","TE","PIT",NA,0,0,0,NA,0,0,NA,0,0,NA,0,NA,4.87,NA,"55776","FanDuel","16216","NumberFire","TE",3.66,2.5,24.77,NA,NA,0.2,NA,NA,NA,NA,NA,NA,NA,NA,NA,NA,NA,NA,NA,NA,NA,NA,NA,NA,NA,NA,NA,NA,NA,NA,NA,NA,NA,NA,NA,NA,NA,NA,NA,NA,NA,NA,NA,NA,NA,NA,NA,NA,27,174,21,25,"Pittsburgh Steelers",25,"Pittsburgh Steelers","PIT",14,"Indianapolis Colts","IND","WEEKLY",NA,NA
"Gunnar Helm","TE","TEN",NA,0,0,0,NA,0,0,NA,0,0,NA,0,NA,4.42,NA,"56361","FanDuel","17105","NumberFire","TE",4,2.67,21.83,NA,NA,0.15,NA,NA,NA,NA,NA,NA,NA,NA,NA,NA,NA,NA,NA,NA,NA,NA,NA,NA,NA,NA,NA,NA,NA,NA,NA,NA,NA,NA,NA,NA,NA,NA,NA,NA,NA,NA,NA,NA,NA,NA,NA,NA,28,179,22,31,"Tennessee Titans",31,"Tennessee Titans","TEN",13,"Houston Texans","HOU","WEEKLY",NA,NA
"Mike Gesicki","TE","CIN",NA,0,0,0,NA,0,0,NA,0,0,NA,0,NA,4.35,NA,"53784","FanDuel","13672","NumberFire","TE",3.24,2.15,23.35,NA,NA,0.16,NA,NA,NA,NA,NA,NA,NA,NA,NA,NA,NA,NA,NA,NA,NA,NA,NA,NA,NA,NA,NA,NA,NA,NA,NA,NA,NA,NA,NA,NA,NA,NA,NA,NA,NA,NA,NA,NA,NA,NA,NA,NA,29,180,29,7,"Cincinnati Bengals",17,"Miami Dolphins","MIA",7,"Cincinnati Bengals","CIN","WEEKLY",NA,NA
"Theo Johnson","TE","NYG",NA,0,0,0,NA,0,0,NA,0,0,NA,0,NA,4.35,NA,"56025","FanDuel","16649","NumberFire","TE",3.4,1.99,24.71,NA,NA,0.15,NA,NA,NA,NA,NA,NA,NA,NA,NA,NA,NA,NA,NA,NA,NA,NA,NA,NA,NA,NA,NA,NA,NA,NA,NA,NA,NA,NA,NA,NA,NA,NA,NA,NA,NA,NA,NA,NA,NA,NA,NA,NA,29,180,20,21,"New York Giants",32,"Washington Commanders","WSH",21,"New York Giants","NYG","WEEKLY",NA,NA
"Greg Dulcich","TE","MIA",NA,0,0,0,NA,0,0,NA,0,0,NA,0,NA,4.32,NA,"55475","FanDuel","15797","NumberFire","TE",2.98,2.03,26.03,NA,NA,0.12,NA,NA,NA,NA,NA,NA,NA,NA,NA,NA,NA,NA,NA,NA,NA,NA,NA,NA,NA,NA,NA,NA,NA,NA,NA,NA,NA,NA,NA,NA,NA,NA,NA,NA,NA,NA,NA,NA,NA,NA,NA,NA,31,183,12,17,"Miami Dolphins",17,"Miami Dolphins","MIA",7,"Cincinnati Bengals","CIN","WEEKLY",NA,NA
"Noah Fant","TE","NO",NA,0,0,0,NA,0,0,NA,0,0,NA,0,NA,4.32,NA,"54136","FanDuel","14137","NumberFire","TE",3.28,2.43,23.08,NA,NA,0.14,NA,NA,NA,NA,NA,NA,NA,NA,NA,NA,NA,NA,NA,NA,NA,NA,NA,NA,NA,NA,NA,NA,NA,NA,NA,NA,NA,NA,NA,NA,NA,NA,NA,NA,NA,NA,NA,NA,NA,NA,NA,NA,31,183,1,20,"New Orleans Saints",20,"New Orleans Saints","NO",18,"Minnesota Vikings","MIN","WEEKLY",NA,NA
"Colby Parkinson","TE","LA",NA,0,0,0,NA,0,0,NA,0,0,NA,0,NA,4.15,NA,"54804","FanDuel","14871","NumberFire","TE",2.96,1.98,19.21,NA,NA,0.21,NA,NA,NA,NA,NA,NA,NA,NA,NA,NA,NA,NA,NA,NA,NA,NA,NA,NA,NA,NA,NA,NA,NA,NA,NA,NA,NA,NA,NA,NA,NA,NA,NA,NA,NA,NA,NA,NA,NA,NA,NA,NA,33,188,28,33,"Los Angeles Rams",33,"Los Angeles Rams","LA",4,"Buffalo Bills","BUF","WEEKLY",NA,NA
"Evan Engram","TE","DEN",NA,0,0,0,NA,0,0,NA,0,0,NA,0,NA,3.87,NA,"53441","FanDuel","13189","NumberFire","TE",3.59,2.39,20.1,NA,NA,0.12,NA,NA,NA,NA,NA,NA,NA,NA,NA,NA,NA,NA,NA,NA,NA,NA,NA,NA,NA,NA,NA,NA,NA,NA,NA,NA,NA,NA,NA,NA,NA,NA,NA,NA,NA,NA,NA,NA,NA,NA,NA,NA,34,190,16,10,"Denver Broncos",34,"Los Angeles Chargers","LAC",10,"Denver Broncos","DEN","WEEKLY",NA,NA
"Chigoziem Okonkwo","TE","WSH",NA,0,0,0,NA,0,0,NA,0,0,NA,0,NA,3.34,NA,"55293","FanDuel","15889","NumberFire","TE",2.76,1.77,16.39,NA,NA,0.14,NA,NA,NA,NA,NA,NA,NA,NA,NA,NA,NA,NA,NA,NA,NA,NA,NA,NA,NA,NA,NA,NA,NA,NA,NA,NA,NA,NA,NA,NA,NA,NA,NA,NA,NA,NA,NA,NA,NA,NA,NA,NA,35,207,19,32,"Washington Commanders",32,"Washington Commanders","WSH",21,"New York Giants","NYG","WEEKLY",NA,NA
"Erick All Jr.","TE","CIN",NA,0,0,0,NA,0,0,NA,0,0,NA,0,NA,3.32,NA,"56061","FanDuel","16645","NumberFire","TE",2.52,1.8,16.63,NA,NA,0.13,NA,NA,NA,NA,NA,NA,NA,NA,NA,NA,NA,NA,NA,NA,NA,NA,NA,NA,NA,NA,NA,NA,NA,NA,NA,NA,NA,NA,NA,NA,NA,NA,NA,NA,NA,NA,NA,NA,NA,NA,NA,NA,36,208,29,7,"Cincinnati Bengals",17,"Miami Dolphins","MIA",7,"Cincinnati Bengals","CIN","WEEKLY",NA,NA
"Eli Raridon","TE","NE",NA,0,0,0,NA,0,0,NA,0,0,NA,0,NA,3.14,NA,"56672","FanDuel","17607","NumberFire","TE",2.11,1.58,17.05,NA,NA,0.11,NA,NA,NA,NA,NA,NA,NA,NA,NA,NA,NA,NA,NA,NA,NA,NA,NA,NA,NA,NA,NA,NA,NA,NA,NA,NA,NA,NA,NA,NA,NA,NA,NA,NA,NA,NA,NA,NA,NA,NA,NA,NA,37,214,8,19,"New England Patriots",19,"New England Patriots","NE",35,"Las Vegas Raiders","LV","WEEKLY",NA,NA
"Jeremy Ruckert","TE","NYJ",NA,0,0,0,NA,0,0,NA,0,0,NA,0,NA,3,NA,"55359","FanDuel","15796","NumberFire","TE",2.49,1.8,14.55,NA,NA,0.11,NA,NA,NA,NA,NA,NA,NA,NA,NA,NA,NA,NA,NA,NA,NA,NA,NA,NA,NA,NA,NA,NA,NA,NA,NA,NA,NA,NA,NA,NA,NA,NA,NA,NA,NA,NA,NA,NA,NA,NA,NA,NA,38,220,17,22,"New York Jets",22,"New York Jets","NYJ",8,"Cleveland Browns","CLE","WEEKLY",NA,NA
"Brock Wright","TE","DET",NA,0,0,0,NA,0,0,NA,0,0,NA,0,NA,2.97,NA,"55103","FanDuel","15626","NumberFire","TE",2.19,1.54,13.84,NA,NA,0.14,NA,NA,NA,NA,NA,NA,NA,NA,NA,NA,NA,NA,NA,NA,NA,NA,NA,NA,NA,NA,NA,NA,NA,NA,NA,NA,NA,NA,NA,NA,NA,NA,NA,NA,NA,NA,NA,NA,NA,NA,NA,NA,39,224,27,11,"Detroit Lions",1,"Arizona Cardinals","ARI",11,"Detroit Lions","DET","WEEKLY",NA,NA
"Elijah Higgins","TE","ARI",NA,0,0,0,NA,0,0,NA,0,0,NA,0,NA,2.97,NA,"55823","FanDuel","16333","NumberFire","TE",2.26,1.58,14.78,NA,NA,0.12,NA,NA,NA,NA,NA,NA,NA,NA,NA,NA,NA,NA,NA,NA,NA,NA,NA,NA,NA,NA,NA,NA,NA,NA,NA,NA,NA,NA,NA,NA,NA,NA,NA,NA,NA,NA,NA,NA,NA,NA,NA,NA,39,224,32,1,"Arizona Cardinals",1,"Arizona Cardinals","ARI",11,"Detroit Lions","DET","WEEKLY",NA,NA
"Cole Kmet","TE","CHI",NA,0,0,0,NA,0,0,NA,0,0,NA,0,NA,2.82,NA,"54510","FanDuel","14867","NumberFire","TE",2.17,1.54,14.74,NA,NA,0.1,NA,NA,NA,NA,NA,NA,NA,NA,NA,NA,NA,NA,NA,NA,NA,NA,NA,NA,NA,NA,NA,NA,NA,NA,NA,NA,NA,NA,NA,NA,NA,NA,NA,NA,NA,NA,NA,NA,NA,NA,NA,NA,41,229,25,6,"Chicago Bears",12,"Green Bay Packers","GB",6,"Chicago Bears","CHI","WEEKLY",NA,NA
"Will Kacmarek","TE","MIA",NA,0,0,0,NA,0,0,NA,0,0,NA,0,NA,2.76,NA,"56669","FanDuel","17605","NumberFire","TE",2.09,1.45,15.77,NA,NA,0.08,NA,NA,NA,NA,NA,NA,NA,NA,NA,NA,NA,NA,NA,NA,NA,NA,NA,NA,NA,NA,NA,NA,NA,NA,NA,NA,NA,NA,NA,NA,NA,NA,NA,NA,NA,NA,NA,NA,NA,NA,NA,NA,42,232,12,17,"Miami Dolphins",17,"Miami Dolphins","MIA",7,"Cincinnati Bengals","CIN","WEEKLY",NA,NA
"Drew Sample","TE","CIN",NA,0,0,0,NA,0,0,NA,0,0,NA,0,NA,2.57,NA,"54280","FanDuel","14146","NumberFire","TE",2.16,1.6,10.75,NA,NA,0.12,NA,NA,NA,NA,NA,NA,NA,NA,NA,NA,NA,NA,NA,NA,NA,NA,NA,NA,NA,NA,NA,NA,NA,NA,NA,NA,NA,NA,NA,NA,NA,NA,NA,NA,NA,NA,NA,NA,NA,NA,NA,NA,43,235,29,7,"Cincinnati Bengals",17,"Miami Dolphins","MIA",7,"Cincinnati Bengals","CIN","WEEKLY",NA,NA
"Dawson Knox","TE","BUF",NA,0,0,0,NA,0,0,NA,0,0,NA,0,NA,2.53,NA,"54230","FanDuel","14143","NumberFire","TE",1.76,1.18,12.79,NA,NA,0.11,NA,NA,NA,NA,NA,NA,NA,NA,NA,NA,NA,NA,NA,NA,NA,NA,NA,NA,NA,NA,NA,NA,NA,NA,NA,NA,NA,NA,NA,NA,NA,NA,NA,NA,NA,NA,NA,NA,NA,NA,NA,NA,44,236,2,4,"Buffalo Bills",33,"Los Angeles Rams","LA",4,"Buffalo Bills","BUF","WEEKLY",NA,NA
"Johnny Mundt","TE","PHI",NA,0,0,0,NA,0,0,NA,0,0,NA,0,NA,2.51,NA,"54117","FanDuel","13940","NumberFire","TE",2.16,1.52,13.45,NA,NA,0.07,NA,NA,NA,NA,NA,NA,NA,NA,NA,NA,NA,NA,NA,NA,NA,NA,NA,NA,NA,NA,NA,NA,NA,NA,NA,NA,NA,NA,NA,NA,NA,NA,NA,NA,NA,NA,NA,NA,NA,NA,NA,NA,45,238,5,24,"Philadelphia Eagles",15,"Jacksonville Jaguars","JAC",24,"Philadelphia Eagles","PHI","WEEKLY",NA,NA
"Daniel Bellinger","TE","TEN",NA,0,0,0,NA,0,0,NA,0,0,NA,0,NA,2.47,NA,"55285","FanDuel","15873","NumberFire","TE",2.09,1.43,13.54,NA,NA,0.07,NA,NA,NA,NA,NA,NA,NA,NA,NA,NA,NA,NA,NA,NA,NA,NA,NA,NA,NA,NA,NA,NA,NA,NA,NA,NA,NA,NA,NA,NA,NA,NA,NA,NA,NA,NA,NA,NA,NA,NA,NA,NA,46,239,22,31,"Tennessee Titans",31,"Tennessee Titans","TEN",13,"Houston Texans","HOU","WEEKLY",NA,NA
"Austin Hooper","TE","ATL",NA,0,0,0,NA,0,0,NA,0,0,NA,0,NA,2.36,NA,"53054","FanDuel","12677","NumberFire","TE",1.78,1.18,12.49,NA,NA,0.09,NA,NA,NA,NA,NA,NA,NA,NA,NA,NA,NA,NA,NA,NA,NA,NA,NA,NA,NA,NA,NA,NA,NA,NA,NA,NA,NA,NA,NA,NA,NA,NA,NA,NA,NA,NA,NA,NA,NA,NA,NA,NA,47,242,15,2,"Atlanta Falcons",2,"Atlanta Falcons","ATL",3,"Baltimore Ravens","BAL","WEEKLY",NA,NA
"Jonnu Smith","TE","GB",NA,0,0,0,NA,0,0,NA,0.14,0.63,NA,0.01,NA,2.19,NA,"53510","FanDuel","13193","NumberFire","TE",1.72,1.24,9.29,NA,NA,0.09,NA,NA,NA,NA,NA,NA,NA,NA,NA,NA,NA,NA,NA,NA,NA,NA,NA,NA,NA,NA,NA,NA,NA,NA,NA,NA,NA,NA,NA,NA,NA,NA,NA,NA,NA,NA,NA,NA,NA,NA,NA,NA,48,246,6,12,"Green Bay Packers",12,"Green Bay Packers","GB",6,"Chicago Bears","CHI","WEEKLY",NA,NA
"Foster Moreau","TE","HOU",NA,0,0,0,NA,0,0,NA,0,0,NA,0,NA,2.17,NA,"54273","FanDuel","14239","NumberFire","TE",1.68,1.14,12.04,NA,NA,0.07,NA,NA,NA,NA,NA,NA,NA,NA,NA,NA,NA,NA,NA,NA,NA,NA,NA,NA,NA,NA,NA,NA,NA,NA,NA,NA,NA,NA,NA,NA,NA,NA,NA,NA,NA,NA,NA,NA,NA,NA,NA,NA,49,247,18,13,"Houston Texans",31,"Tennessee Titans","TEN",13,"Houston Texans","HOU","WEEKLY",NA,NA
"Elijah Arroyo","TE","SEA",NA,0,0,0,NA,0,0,NA,0,0,NA,0,NA,1.95,NA,"56390","FanDuel","17108","NumberFire","TE",1.41,0.94,10.17,NA,NA,0.08,NA,NA,NA,NA,NA,NA,NA,NA,NA,NA,NA,NA,NA,NA,NA,NA,NA,NA,NA,NA,NA,NA,NA,NA,NA,NA,NA,NA,NA,NA,NA,NA,NA,NA,NA,NA,NA,NA,NA,NA,NA,NA,50,252,13,28,"Seattle Seahawks",28,"Seattle Seahawks","SEA",27,"San Francisco 49ers","SF","WEEKLY",NA,NA
"Tanner Hudson","TE","CIN",NA,0,0,0,NA,0,0,NA,0,0,NA,0,NA,1.85,NA,"54397","FanDuel","14370","NumberFire","TE",1.44,1.03,9.38,NA,NA,0.07,NA,NA,NA,NA,NA,NA,NA,NA,NA,NA,NA,NA,NA,NA,NA,NA,NA,NA,NA,NA,NA,NA,NA,NA,NA,NA,NA,NA,NA,NA,NA,NA,NA,NA,NA,NA,NA,NA,NA,NA,NA,NA,51,255,29,7,"Cincinnati Bengals",17,"Miami Dolphins","MIA",7,"Cincinnati Bengals","CIN","WEEKLY",NA,NA
"Nate Boerkircher","TE","JAC",NA,0,0,0,NA,0,0,NA,0,0,NA,0,NA,1.76,NA,"56661","FanDuel","17591","NumberFire","TE",1.4,0.92,9.03,NA,NA,0.07,NA,NA,NA,NA,NA,NA,NA,NA,NA,NA,NA,NA,NA,NA,NA,NA,NA,NA,NA,NA,NA,NA,NA,NA,NA,NA,NA,NA,NA,NA,NA,NA,NA,NA,NA,NA,NA,NA,NA,NA,NA,NA,52,258,24,15,"Jacksonville Jaguars",15,"Jacksonville Jaguars","JAC",24,"Philadelphia Eagles","PHI","WEEKLY",NA,NA
"Brevyn Spann-Ford","TE","DAL",NA,0,0,0,NA,0,0,NA,0,0,NA,0,NA,1.72,NA,"56075","FanDuel","16647","NumberFire","TE",1.22,0.86,8.33,NA,NA,0.08,NA,NA,NA,NA,NA,NA,NA,NA,NA,NA,NA,NA,NA,NA,NA,NA,NA,NA,NA,NA,NA,NA,NA,NA,NA,NA,NA,NA,NA,NA,NA,NA,NA,NA,NA,NA,NA,NA,NA,NA,NA,NA,53,259,3,9,"Dallas Cowboys",9,"Dallas Cowboys","DAL",30,"Tampa Bay Buccaneers","TB","WEEKLY",NA,NA
"Sam Roush","TE","CHI",NA,0,0,0,NA,0,0,NA,0,0,NA,0,NA,1.66,NA,"56654","FanDuel","17549","NumberFire","TE",1.44,0.99,8.28,NA,NA,0.06,NA,NA,NA,NA,NA,NA,NA,NA,NA,NA,NA,NA,NA,NA,NA,NA,NA,NA,NA,NA,NA,NA,NA,NA,NA,NA,NA,NA,NA,NA,NA,NA,NA,NA,NA,NA,NA,NA,NA,NA,NA,NA,54,261,25,6,"Chicago Bears",12,"Green Bay Packers","GB",6,"Chicago Bears","CHI","WEEKLY",NA,NA
"John Bates","TE","WSH",NA,0,0,0,NA,0,0,NA,0,0,NA,0,NA,1.64,NA,"55089","FanDuel","15344","NumberFire","TE",1.38,0.88,8.04,NA,NA,0.07,NA,NA,NA,NA,NA,NA,NA,NA,NA,NA,NA,NA,NA,NA,NA,NA,NA,NA,NA,NA,NA,NA,NA,NA,NA,NA,NA,NA,NA,NA,NA,NA,NA,NA,NA,NA,NA,NA,NA,NA,NA,NA,55,262,19,32,"Washington Commanders",32,"Washington Commanders","WSH",21,"New York Giants","NYG","WEEKLY",NA,NA
"Adam Trautman","TE","DEN",NA,0,0,0,NA,0,0,NA,0,0,NA,0,NA,1.47,NA,"54566","FanDuel","14870","NumberFire","TE",1.12,0.72,7.54,NA,NA,0.06,NA,NA,NA,NA,NA,NA,NA,NA,NA,NA,NA,NA,NA,NA,NA,NA,NA,NA,NA,NA,NA,NA,NA,NA,NA,NA,NA,NA,NA,NA,NA,NA,NA,NA,NA,NA,NA,NA,NA,NA,NA,NA,56,267,16,10,"Denver Broncos",34,"Los Angeles Chargers","LAC",10,"Denver Broncos","DEN","WEEKLY",NA,NA
"Hayden Rucci","TE","LAC",NA,0,0,0,NA,0,0,NA,0,0,NA,0,NA,1.47,NA,"56538","FanDuel","17407","NumberFire","TE",1.17,0.78,7.97,NA,NA,0.05,NA,NA,NA,NA,NA,NA,NA,NA,NA,NA,NA,NA,NA,NA,NA,NA,NA,NA,NA,NA,NA,NA,NA,NA,NA,NA,NA,NA,NA,NA,NA,NA,NA,NA,NA,NA,NA,NA,NA,NA,NA,NA,56,267,26,34,"Los Angeles Chargers",34,"Los Angeles Chargers","LAC",10,"Denver Broncos","DEN","WEEKLY",NA,NA
"Brayden Willis","TE","SF",NA,0,0,0,NA,0,0,NA,0,0,NA,0,NA,1.47,NA,"55780","FanDuel","16367","NumberFire","TE",1.1,0.81,8.4,NA,NA,0.04,NA,NA,NA,NA,NA,NA,NA,NA,NA,NA,NA,NA,NA,NA,NA,NA,NA,NA,NA,NA,NA,NA,NA,NA,NA,NA,NA,NA,NA,NA,NA,NA,NA,NA,NA,NA,NA,NA,NA,NA,NA,NA,56,267,4,27,"San Francisco 49ers",28,"Seattle Seahawks","SEA",27,"San Francisco 49ers","SF","WEEKLY",NA,NA
"Matthew Hibner","TE","BAL",NA,0,0,0,NA,0,0,NA,0.11,0.5,NA,0,NA,1.38,NA,"56650","FanDuel","17627","NumberFire","TE",1.28,0.91,6.57,NA,NA,0.04,NA,NA,NA,NA,NA,NA,NA,NA,NA,NA,NA,NA,NA,NA,NA,NA,NA,NA,NA,NA,NA,NA,NA,NA,NA,NA,NA,NA,NA,NA,NA,NA,NA,NA,NA,NA,NA,NA,NA,NA,NA,NA,59,274,9,3,"Baltimore Ravens",2,"Atlanta Falcons","ATL",3,"Baltimore Ravens","BAL","WEEKLY",NA,NA
"Nate Adkins","TE","DEN",NA,0,0,0,NA,0,0,NA,0,0,NA,0,NA,1.36,NA,"55761","FanDuel","16474","NumberFire","TE",1.09,0.71,6.47,NA,NA,0.06,NA,NA,NA,NA,NA,NA,NA,NA,NA,NA,NA,NA,NA,NA,NA,NA,NA,NA,NA,NA,NA,NA,NA,NA,NA,NA,NA,NA,NA,NA,NA,NA,NA,NA,NA,NA,NA,NA,NA,NA,NA,NA,60,275,16,10,"Denver Broncos",34,"Los Angeles Chargers","LAC",10,"Denver Broncos","DEN","WEEKLY",NA,NA
"Luke Farrell","TE","SF",NA,0,0,0,NA,0,0,NA,0,0,NA,0,NA,1.12,NA,"54992","FanDuel","15335","NumberFire","TE",0.86,0.65,6.3,NA,NA,0.03,NA,NA,NA,NA,NA,NA,NA,NA,NA,NA,NA,NA,NA,NA,NA,NA,NA,NA,NA,NA,NA,NA,NA,NA,NA,NA,NA,NA,NA,NA,NA,NA,NA,NA,NA,NA,NA,NA,NA,NA,NA,NA,61,288,4,27,"San Francisco 49ers",28,"Seattle Seahawks","SEA",27,"San Francisco 49ers","SF","WEEKLY",NA,NA
"Josh Cuevas","TE","BAL",NA,0,0,0,NA,0,0,NA,0.11,0.5,NA,0,NA,1.12,NA,"56651","FanDuel","17651","NumberFire","TE",1.07,0.75,5.33,NA,NA,0.03,NA,NA,NA,NA,NA,NA,NA,NA,NA,NA,NA,NA,NA,NA,NA,NA,NA,NA,NA,NA,NA,NA,NA,NA,NA,NA,NA,NA,NA,NA,NA,NA,NA,NA,NA,NA,NA,NA,NA,NA,NA,NA,61,288,9,3,"Baltimore Ravens",2,"Atlanta Falcons","ATL",3,"Baltimore Ravens","BAL","WEEKLY",NA,NA
"Blake Whiteheart","TE","CLE",NA,0,0,0,NA,0,0,NA,0,0,NA,0,NA,1.07,NA,"56111","FanDuel","16940","NumberFire","TE",0.91,0.65,5.25,NA,NA,0.04,NA,NA,NA,NA,NA,NA,NA,NA,NA,NA,NA,NA,NA,NA,NA,NA,NA,NA,NA,NA,NA,NA,NA,NA,NA,NA,NA,NA,NA,NA,NA,NA,NA,NA,NA,NA,NA,NA,NA,NA,NA,NA,63,292,23,8,"Cleveland Browns",22,"New York Jets","NYJ",8,"Cleveland Browns","CLE","WEEKLY",NA,NA
"Chris Manhertz","TE","NYG",NA,0,0,0,NA,0,0,NA,0,0,NA,0,NA,1.07,NA,"53390","FanDuel","12955","NumberFire","TE",0.85,0.52,5.68,NA,NA,0.04,NA,NA,NA,NA,NA,NA,NA,NA,NA,NA,NA,NA,NA,NA,NA,NA,NA,NA,NA,NA,NA,NA,NA,NA,NA,NA,NA,NA,NA,NA,NA,NA,NA,NA,NA,NA,NA,NA,NA,NA,NA,NA,63,292,20,21,"New York Giants",32,"Washington Commanders","WSH",21,"New York Giants","NYG","WEEKLY",NA,NA
"Ben Sinnott","TE","WSH",NA,0,0,0,NA,0,0,NA,0,0,NA,0,NA,1.06,NA,"55926","FanDuel","16644","NumberFire","TE",0.83,0.54,4.92,NA,NA,0.05,NA,NA,NA,NA,NA,NA,NA,NA,NA,NA,NA,NA,NA,NA,NA,NA,NA,NA,NA,NA,NA,NA,NA,NA,NA,NA,NA,NA,NA,NA,NA,NA,NA,NA,NA,NA,NA,NA,NA,NA,NA,NA,65,294,19,32,"Washington Commanders",32,"Washington Commanders","WSH",21,"New York Giants","NYG","WEEKLY",NA,NA
"Luke Schoonmaker","TE","DAL",NA,0,0,0,NA,0,0,NA,0,0,NA,0,NA,1.04,NA,"55592","FanDuel","16221","NumberFire","TE",0.74,0.52,4.77,NA,NA,0.05,NA,NA,NA,NA,NA,NA,NA,NA,NA,NA,NA,NA,NA,NA,NA,NA,NA,NA,NA,NA,NA,NA,NA,NA,NA,NA,NA,NA,NA,NA,NA,NA,NA,NA,NA,NA,NA,NA,NA,NA,NA,NA,66,295,3,9,"Dallas Cowboys",9,"Dallas Cowboys","DAL",30,"Tampa Bay Buccaneers","TB","WEEKLY",NA,NA
"Colson Yankoff","TE","WSH",NA,0,0,0,NA,0,0,NA,0,0,NA,0,NA,1,NA,"56067","FanDuel","16898","NumberFire","TE",0.83,0.53,4.91,NA,NA,0.04,NA,NA,NA,NA,NA,NA,NA,NA,NA,NA,NA,NA,NA,NA,NA,NA,NA,NA,NA,NA,NA,NA,NA,NA,NA,NA,NA,NA,NA,NA,NA,NA,NA,NA,NA,NA,NA,NA,NA,NA,NA,NA,67,298,19,32,"Washington Commanders",32,"Washington Commanders","WSH",21,"New York Giants","NYG","WEEKLY",NA,NA
"Quintin Morris","TE","JAC",NA,0,0,0,NA,0,0,NA,0,0,NA,0,NA,0.97,NA,"55394","FanDuel","15341","NumberFire","TE",0.76,0.5,4.82,NA,NA,0.04,NA,NA,NA,NA,NA,NA,NA,NA,NA,NA,NA,NA,NA,NA,NA,NA,NA,NA,NA,NA,NA,NA,NA,NA,NA,NA,NA,NA,NA,NA,NA,NA,NA,NA,NA,NA,NA,NA,NA,NA,NA,NA,68,300,24,15,"Jacksonville Jaguars",15,"Jacksonville Jaguars","JAC",24,"Philadelphia Eagles","PHI","WEEKLY",NA,NA
"Gavin Bartholomew","TE","MIN",NA,0,0,0,NA,0,0,NA,0,0,NA,0,NA,0.89,NA,"56700","FanDuel","17231","NumberFire","TE",0.68,0.47,4.18,NA,NA,0.04,NA,NA,NA,NA,NA,NA,NA,NA,NA,NA,NA,NA,NA,NA,NA,NA,NA,NA,NA,NA,NA,NA,NA,NA,NA,NA,NA,NA,NA,NA,NA,NA,NA,NA,NA,NA,NA,NA,NA,NA,NA,NA,69,306,30,18,"Minnesota Vikings",20,"New Orleans Saints","NO",18,"Minnesota Vikings","MIN","WEEKLY",NA,NA
"Ian Thomas","TE","LV",NA,0,0,0,NA,0,0,NA,0,0,NA,0,NA,0.87,NA,"53897","FanDuel","13678","NumberFire","TE",0.78,0.5,4.39,NA,NA,0.03,NA,NA,NA,NA,NA,NA,NA,NA,NA,NA,NA,NA,NA,NA,NA,NA,NA,NA,NA,NA,NA,NA,NA,NA,NA,NA,NA,NA,NA,NA,NA,NA,NA,NA,NA,NA,NA,NA,NA,NA,NA,NA,70,307,11,35,"Las Vegas Raiders",19,"New England Patriots","NE",35,"Las Vegas Raiders","LV","WEEKLY",NA,NA
"Mo Alie-Cox","TE","IND",NA,0,0,0,NA,0,0,NA,0,0,NA,0,NA,0.86,NA,"53973","FanDuel","13246","NumberFire","TE",0.64,0.42,5.31,NA,NA,0.02,NA,NA,NA,NA,NA,NA,NA,NA,NA,NA,NA,NA,NA,NA,NA,NA,NA,NA,NA,NA,NA,NA,NA,NA,NA,NA,NA,NA,NA,NA,NA,NA,NA,NA,NA,NA,NA,NA,NA,NA,NA,NA,71,308,10,14,"Indianapolis Colts",25,"Pittsburgh Steelers","PIT",14,"Indianapolis Colts","IND","WEEKLY",NA,NA
"Josh Whyle","TE","GB",NA,0,0,0,NA,0,0,NA,0,0,NA,0,NA,0.83,NA,"55742","FanDuel","16312","NumberFire","TE",0.67,0.47,4.14,NA,NA,0.03,NA,NA,NA,NA,NA,NA,NA,NA,NA,NA,NA,NA,NA,NA,NA,NA,NA,NA,NA,NA,NA,NA,NA,NA,NA,NA,NA,NA,NA,NA,NA,NA,NA,NA,NA,NA,NA,NA,NA,NA,NA,NA,72,310,6,12,"Green Bay Packers",12,"Green Bay Packers","GB",6,"Chicago Bears","CHI","WEEKLY",NA,NA
"Mason Taylor","TE","NYJ",NA,0,0,0,NA,0,0,NA,0,0,NA,0,NA,0.74,NA,"56283","FanDuel","17106","NumberFire","TE",0.55,0.4,3.64,NA,NA,0.03,NA,NA,NA,NA,NA,NA,NA,NA,NA,NA,NA,NA,NA,NA,NA,NA,NA,NA,NA,NA,NA,NA,NA,NA,NA,NA,NA,NA,NA,NA,NA,NA,NA,NA,NA,NA,NA,NA,NA,NA,NA,NA,73,313,17,22,"New York Jets",22,"New York Jets","NYJ",8,"Cleveland Browns","CLE","WEEKLY",NA,NA
"Andrew Ogletree","TE","IND",NA,0,0,0,NA,0,0,NA,0,0,NA,0,NA,0.7,NA,"55667","FanDuel","15916","NumberFire","TE",0.51,0.34,4.08,NA,NA,0.02,NA,NA,NA,NA,NA,NA,NA,NA,NA,NA,NA,NA,NA,NA,NA,NA,NA,NA,NA,NA,NA,NA,NA,NA,NA,NA,NA,NA,NA,NA,NA,NA,NA,NA,NA,NA,NA,NA,NA,NA,NA,NA,74,314,10,14,"Indianapolis Colts",25,"Pittsburgh Steelers","PIT",14,"Indianapolis Colts","IND","WEEKLY",NA,NA
"Oscar Delp","TE","NO",NA,0,0,0,NA,0,0,NA,0,0,NA,0,NA,0.59,NA,"56673","FanDuel","17567","NumberFire","TE",0.46,0.32,3.14,NA,NA,0.02,NA,NA,NA,NA,NA,NA,NA,NA,NA,NA,NA,NA,NA,NA,NA,NA,NA,NA,NA,NA,NA,NA,NA,NA,NA,NA,NA,NA,NA,NA,NA,NA,NA,NA,NA,NA,NA,NA,NA,NA,NA,NA,75,319,1,20,"New Orleans Saints",20,"New Orleans Saints","NO",18,"Minnesota Vikings","MIN","WEEKLY",NA,NA
"Mark Redman","TE","GB",NA,0,0,0,NA,0,0,NA,0.14,0.62,NA,0,NA,0.59,NA,"56704","FanDuel","17802","NumberFire","TE",0.41,0.29,2.64,NA,NA,0.02,NA,NA,NA,NA,NA,NA,NA,NA,NA,NA,NA,NA,NA,NA,NA,NA,NA,NA,NA,NA,NA,NA,NA,NA,NA,NA,NA,NA,NA,NA,NA,NA,NA,NA,NA,NA,NA,NA,NA,NA,NA,NA,75,319,6,12,"Green Bay Packers",12,"Green Bay Packers","GB",6,"Chicago Bears","CHI","WEEKLY",NA,NA
"Dallas Goedert","TE","PHI",NA,0,0,0,NA,0,0,NA,0.03,0.15,NA,0,NA,0.55,NA,"53795","FanDuel","13674","NumberFire","TE",0.36,0.27,2.76,NA,NA,0.02,NA,NA,NA,NA,NA,NA,NA,NA,NA,NA,NA,NA,NA,NA,NA,NA,NA,NA,NA,NA,NA,NA,NA,NA,NA,NA,NA,NA,NA,NA,NA,NA,NA,NA,NA,NA,NA,NA,NA,NA,NA,NA,77,321,5,24,"Philadelphia Eagles",15,"Jacksonville Jaguars","JAC",24,"Philadelphia Eagles","PHI","WEEKLY",NA,NA
"Jackson Hawes","TE","BUF",NA,0,0,0,NA,0,0,NA,0,0,NA,0,NA,0.5,NA,"56419","FanDuel","17213","NumberFire","TE",0.35,0.25,2.51,NA,NA,0.02,NA,NA,NA,NA,NA,NA,NA,NA,NA,NA,NA,NA,NA,NA,NA,NA,NA,NA,NA,NA,NA,NA,NA,NA,NA,NA,NA,NA,NA,NA,NA,NA,NA,NA,NA,NA,NA,NA,NA,NA,NA,NA,78,324,2,4,"Buffalo Bills",33,"Los Angeles Rams","LA",4,"Buffalo Bills","BUF","WEEKLY",NA,NA
"Payne Durham","TE","TB",NA,0,0,0,NA,0,0,NA,0,0,NA,0,NA,0.4,NA,"55808","FanDuel","16218","NumberFire","TE",0.35,0.24,2.19,NA,NA,0.01,NA,NA,NA,NA,NA,NA,NA,NA,NA,NA,NA,NA,NA,NA,NA,NA,NA,NA,NA,NA,NA,NA,NA,NA,NA,NA,NA,NA,NA,NA,NA,NA,NA,NA,NA,NA,NA,NA,NA,NA,NA,NA,79,333,31,30,"Tampa Bay Buccaneers",9,"Dallas Cowboys","DAL",30,"Tampa Bay Buccaneers","TB","WEEKLY",NA,NA
"Robert Tonyan","TE","PIT",NA,0,0,0.03,NA,0,0,NA,0,0,NA,0,NA,0.35,NA,"54046","FanDuel","13427","NumberFire","TE",0.24,0.17,1.45,NA,NA,0.02,NA,NA,NA,NA,NA,NA,NA,NA,NA,NA,NA,NA,NA,NA,NA,NA,NA,NA,NA,NA,NA,NA,NA,NA,NA,NA,NA,NA,NA,NA,NA,NA,NA,NA,NA,NA,NA,NA,NA,NA,NA,NA,80,334,21,25,"Pittsburgh Steelers",25,"Pittsburgh Steelers","PIT",14,"Indianapolis Colts","IND","WEEKLY",NA,NA
"Charlie Woerner","TE","ATL",NA,0,0,0,NA,0,0,NA,0,0,NA,0,NA,0.29,NA,"54786","FanDuel","14984","NumberFire","TE",0.24,0.16,1.54,NA,NA,0.01,NA,NA,NA,NA,NA,NA,NA,NA,NA,NA,NA,NA,NA,NA,NA,NA,NA,NA,NA,NA,NA,NA,NA,NA,NA,NA,NA,NA,NA,NA,NA,NA,NA,NA,NA,NA,NA,NA,NA,NA,NA,NA,81,336,15,2,"Atlanta Falcons",2,"Atlanta Falcons","ATL",3,"Baltimore Ravens","BAL","WEEKLY",NA,NA
"Grant Calcaterra","TE","PHI",NA,0,0,0,NA,0,0,NA,0,0,NA,0,NA,0.26,NA,"55414","FanDuel","15804","NumberFire","TE",0.18,0.13,1.37,NA,NA,0.01,NA,NA,NA,NA,NA,NA,NA,NA,NA,NA,NA,NA,NA,NA,NA,NA,NA,NA,NA,NA,NA,NA,NA,NA,NA,NA,NA,NA,NA,NA,NA,NA,NA,NA,NA,NA,NA,NA,NA,NA,NA,NA,82,341,5,24,"Philadelphia Eagles",15,"Jacksonville Jaguars","JAC",24,"Philadelphia Eagles","PHI","WEEKLY",NA,NA
"Jelani Woods","TE","NYJ",NA,0,0,0,NA,0,0,NA,0,0,NA,0,NA,0.26,NA,"55399","FanDuel","15840","NumberFire","TE",0.18,0.13,1.37,NA,NA,0.01,NA,NA,NA,NA,NA,NA,NA,NA,NA,NA,NA,NA,NA,NA,NA,NA,NA,NA,NA,NA,NA,NA,NA,NA,NA,NA,NA,NA,NA,NA,NA,NA,NA,NA,NA,NA,NA,NA,NA,NA,NA,NA,82,341,17,22,"New York Jets",22,"New York Jets","NYJ",8,"Cleveland Browns","CLE","WEEKLY",NA,NA
"E.J. Jenkins","TE","PHI",NA,0,0,0,NA,0,0,NA,0,0,NA,0,NA,0.22,NA,"56226","FanDuel","16919","NumberFire","TE",0.15,0.11,1.04,NA,NA,0.01,NA,NA,NA,NA,NA,NA,NA,NA,NA,NA,NA,NA,NA,NA,NA,NA,NA,NA,NA,NA,NA,NA,NA,NA,NA,NA,NA,NA,NA,NA,NA,NA,NA,NA,NA,NA,NA,NA,NA,NA,NA,NA,84,346,5,24,"Philadelphia Eagles",15,"Jacksonville Jaguars","JAC",24,"Philadelphia Eagles","PHI","WEEKLY",NA,NA
"Nick Kallerup","TE","SEA",NA,0,0,0,NA,0,0,NA,0,0,NA,0,NA,0.22,NA,"56545","FanDuel","17414","NumberFire","TE",0.15,0.1,1.08,NA,NA,0.01,NA,NA,NA,NA,NA,NA,NA,NA,NA,NA,NA,NA,NA,NA,NA,NA,NA,NA,NA,NA,NA,NA,NA,NA,NA,NA,NA,NA,NA,NA,NA,NA,NA,NA,NA,NA,NA,NA,NA,NA,NA,NA,84,346,13,28,"Seattle Seahawks",28,"Seattle Seahawks","SEA",27,"San Francisco 49ers","SF","WEEKLY",NA,NA
"Charlie Kolar","TE","LAC",NA,0.18,0,0,NA,0,0,NA,0,0,NA,0,NA,0.21,NA,"55566","FanDuel","15795","NumberFire","TE",0.13,0.09,1.08,NA,NA,0.01,NA,NA,NA,NA,NA,NA,NA,NA,NA,NA,NA,NA,NA,NA,NA,NA,NA,NA,NA,NA,NA,NA,NA,NA,NA,NA,NA,NA,NA,NA,NA,NA,NA,NA,NA,NA,NA,NA,NA,NA,NA,NA,86,350,26,34,"Los Angeles Chargers",34,"Los Angeles Chargers","LAC",10,"Denver Broncos","DEN","WEEKLY",NA,NA
"Eric Saubert","TE","SEA",NA,0,0,0.03,NA,0,0,NA,0,0,NA,0,NA,0.16,NA,"53528","FanDuel","13315","NumberFire","TE",0.1,0.07,0.64,NA,NA,0.01,NA,NA,NA,NA,NA,NA,NA,NA,NA,NA,NA,NA,NA,NA,NA,NA,NA,NA,NA,NA,NA,NA,NA,NA,NA,NA,NA,NA,NA,NA,NA,NA,NA,NA,NA,NA,NA,NA,NA,NA,NA,NA,87,352,13,28,"Seattle Seahawks",28,"Seattle Seahawks","SEA",27,"San Francisco 49ers","SF","WEEKLY",NA,NA
"Bauer Sharp","TE","TB",NA,0,0,0,NA,0,0,NA,0,0,NA,0,NA,0.07,NA,"56694","FanDuel","17660","NumberFire","TE",0.07,0.05,0.42,NA,NA,0,NA,NA,NA,NA,NA,NA,NA,NA,NA,NA,NA,NA,NA,NA,NA,NA,NA,NA,NA,NA,NA,NA,NA,NA,NA,NA,NA,NA,NA,NA,NA,NA,NA,NA,NA,NA,NA,NA,NA,NA,NA,NA,88,358,31,30,"Tampa Bay Buccaneers",9,"Dallas Cowboys","DAL",30,"Tampa Bay Buccaneers","TB","WEEKLY",NA,NA
"Stone Smartt","TE","PHI",NA,0,0,0,NA,0,0,NA,0,0,NA,0,NA,0.06,NA,"55515","FanDuel","16113","NumberFire","TE",0.06,0.04,0.44,NA,NA,0,NA,NA,NA,NA,NA,NA,NA,NA,NA,NA,NA,NA,NA,NA,NA,NA,NA,NA,NA,NA,NA,NA,NA,NA,NA,NA,NA,NA,NA,NA,NA,NA,NA,NA,NA,NA,NA,NA,NA,NA,NA,NA,89,359,5,24,"Philadelphia Eagles",15,"Jacksonville Jaguars","JAC",24,"Philadelphia Eagles","PHI","WEEKLY",NA,NA
"Ko Kieft","TE","TB",NA,0,0,0,NA,0,0,NA,0,0,NA,0,NA,0.05,NA,"55387","FanDuel","15929","NumberFire","TE",0.05,0.03,0.31,NA,NA,0,NA,NA,NA,NA,NA,NA,NA,NA,NA,NA,NA,NA,NA,NA,NA,NA,NA,NA,NA,NA,NA,NA,NA,NA,NA,NA,NA,NA,NA,NA,NA,NA,NA,NA,NA,NA,NA,NA,NA,NA,NA,NA,90,360,31,30,"Tampa Bay Buccaneers",9,"Dallas Cowboys","DAL",30,"Tampa Bay Buccaneers","TB","WEEKLY",NA,NA
"Carter Runyon","TE","LV",NA,0,0,0,NA,0,0,NA,0,0,NA,0,NA,0.04,NA,"56489","FanDuel","17385","NumberFire","TE",0.04,0.03,0.24,NA,NA,0,NA,NA,NA,NA,NA,NA,NA,NA,NA,NA,NA,NA,NA,NA,NA,NA,NA,NA,NA,NA,NA,NA,NA,NA,NA,NA,NA,NA,NA,NA,NA,NA,NA,NA,NA,NA,NA,NA,NA,NA,NA,NA,91,362,11,35,"Las Vegas Raiders",19,"New England Patriots","NE",35,"Las Vegas Raiders","LV","WEEKLY",NA,NA
"DJ Rogers","TE","DAL",NA,0,0,0,NA,0,0,NA,0,0,NA,0,NA,0,NA,"56942","FanDuel",NA,"NumberFire","TE",0,0,0,NA,NA,0,NA,NA,NA,NA,NA,NA,NA,NA,NA,NA,NA,NA,NA,NA,NA,NA,NA,NA,NA,NA,NA,NA,NA,NA,NA,NA,NA,NA,NA,NA,NA,NA,NA,NA,NA,NA,NA,NA,NA,NA,NA,NA,92,364,3,9,"Dallas Cowboys",9,"Dallas Cowboys","DAL",30,"Tampa Bay Buccaneers","TB","WEEKLY",NA,NA
"Eli Stowers","TE","PHI",NA,0,0,0,NA,0,0,NA,0,0,NA,0,NA,0,NA,"56677","FanDuel","17544","NumberFire","TE",0,0,0,NA,NA,0,NA,NA,NA,NA,NA,NA,NA,NA,NA,NA,NA,NA,NA,NA,NA,NA,NA,NA,NA,NA,NA,NA,NA,NA,NA,NA,NA,NA,NA,NA,NA,NA,NA,NA,NA,NA,NA,NA,NA,NA,NA,NA,92,364,5,24,"Philadelphia Eagles",15,"Jacksonville Jaguars","JAC",24,"Philadelphia Eagles","PHI","WEEKLY",NA,NA
"Tanner Koziol","TE","JAC",NA,0,0,0,NA,0,0,NA,0,0,NA,0,NA,0,NA,"56875","FanDuel","17644","NumberFire","TE",0,0,0,NA,NA,0,NA,NA,NA,NA,NA,NA,NA,NA,NA,NA,NA,NA,NA,NA,NA,NA,NA,NA,NA,NA,NA,NA,NA,NA,NA,NA,NA,NA,NA,NA,NA,NA,NA,NA,NA,NA,NA,NA,NA,NA,NA,NA,92,364,24,15,"Jacksonville Jaguars",15,"Jacksonville Jaguars","JAC",24,"Philadelphia Eagles","PHI","WEEKLY",NA,NA
"Carsen Ryan","TE","CLE",NA,0,0,0,NA,0,0,NA,0,0,NA,0,NA,0,NA,"56696","FanDuel","17696","NumberFire","TE",0,0,0,NA,NA,0,NA,NA,NA,NA,NA,NA,NA,NA,NA,NA,NA,NA,NA,NA,NA,NA,NA,NA,NA,NA,NA,NA,NA,NA,NA,NA,NA,NA,NA,NA,NA,NA,NA,NA,NA,NA,NA,NA,NA,NA,NA,NA,92,364,23,8,"Cleveland Browns",22,"New York Jets","NYJ",8,"Cleveland Browns","CLE","WEEKLY",NA,NA
"Joe Royer","TE","CLE",NA,0,0,0,NA,0,0,NA,0,0,NA,0,NA,0,NA,"56891","FanDuel","17566","NumberFire","TE",0,0,0,NA,NA,0,NA,NA,NA,NA,NA,NA,NA,NA,NA,NA,NA,NA,NA,NA,NA,NA,NA,NA,NA,NA,NA,NA,NA,NA,NA,NA,NA,NA,NA,NA,NA,NA,NA,NA,NA,NA,NA,NA,NA,NA,NA,NA,92,364,23,8,"Cleveland Browns",22,"New York Jets","NYJ",8,"Cleveland Browns","CLE","WEEKLY",NA,NA
"Cam Grandy","TE","CIN",NA,0,0,0,NA,0,0,NA,0,0,NA,0,NA,0,NA,"56187","FanDuel","16979","NumberFire","TE",0,0,0,NA,NA,0,NA,NA,NA,NA,NA,NA,NA,NA,NA,NA,NA,NA,NA,NA,NA,NA,NA,NA,NA,NA,NA,NA,NA,NA,NA,NA,NA,NA,NA,NA,NA,NA,NA,NA,NA,NA,NA,NA,NA,NA,NA,NA,92,364,29,7,"Cincinnati Bengals",17,"Miami Dolphins","MIA",7,"Cincinnati Bengals","CIN","WEEKLY",NA,NA
"Seydou Traore","TE","MIA",NA,0,0,0,NA,0,0,NA,0,0,NA,0,NA,0,NA,"56697","FanDuel","17655","NumberFire","TE",0,0,0,NA,NA,0,NA,NA,NA,NA,NA,NA,NA,NA,NA,NA,NA,NA,NA,NA,NA,NA,NA,NA,NA,NA,NA,NA,NA,NA,NA,NA,NA,NA,NA,NA,NA,NA,NA,NA,NA,NA,NA,NA,NA,NA,NA,NA,92,364,12,17,"Miami Dolphins",17,"Miami Dolphins","MIA",7,"Cincinnati Bengals","CIN","WEEKLY",NA,NA
"Jack Endries","TE","CIN",NA,0,0,0,NA,0,0,NA,0,0,NA,0,NA,0,NA,"56810","FanDuel","17545","NumberFire","TE",0,0,0,NA,NA,0,NA,NA,NA,NA,NA,NA,NA,NA,NA,NA,NA,NA,NA,NA,NA,NA,NA,NA,NA,NA,NA,NA,NA,NA,NA,NA,NA,NA,NA,NA,NA,NA,NA,NA,NA,NA,NA,NA,NA,NA,NA,NA,92,364,29,7,"Cincinnati Bengals",17,"Miami Dolphins","MIA",7,"Cincinnati Bengals","CIN","WEEKLY",NA,NA
"Justin Joly","TE","MIA",NA,0,0,0,NA,0,0,NA,0,0,NA,0,NA,0,NA,"56870","FanDuel","17548","NumberFire","TE",0,0,0,NA,NA,0,NA,NA,NA,NA,NA,NA,NA,NA,NA,NA,NA,NA,NA,NA,NA,NA,NA,NA,NA,NA,NA,NA,NA,NA,NA,NA,NA,NA,NA,NA,NA,NA,NA,NA,NA,NA,NA,NA,NA,NA,NA,NA,92,364,12,17,"Miami Dolphins",17,"Miami Dolphins","MIA",7,"Cincinnati Bengals","CIN","WEEKLY",NA,NA
"Connor Heyward","TE","LV",NA,0,0,0,NA,0,0,NA,0.63,0,NA,0,NA,0,NA,"55306","FanDuel","15800","NumberFire","TE",0.04,0,0,NA,NA,0,NA,NA,NA,NA,NA,NA,NA,NA,NA,NA,NA,NA,NA,NA,NA,NA,NA,NA,NA,NA,NA,NA,NA,NA,NA,NA,NA,NA,NA,NA,NA,NA,NA,NA,NA,NA,NA,NA,NA,NA,NA,NA,92,364,11,35,"Las Vegas Raiders",19,"New England Patriots","NE",35,"Las Vegas Raiders","LV","WEEKLY",NA,NA
"Julian Hill","TE","NE",NA,0,0,0,NA,0,0,NA,0,0,NA,0,NA,0,NA,"55753","FanDuel","16425","NumberFire","TE",0,0,0,NA,NA,0,NA,NA,NA,NA,NA,NA,NA,NA,NA,NA,NA,NA,NA,NA,NA,NA,NA,NA,NA,NA,NA,NA,NA,NA,NA,NA,NA,NA,NA,NA,NA,NA,NA,NA,NA,NA,NA,NA,NA,NA,NA,NA,92,364,8,19,"New England Patriots",19,"New England Patriots","NE",35,"Las Vegas Raiders","LV","WEEKLY",NA,NA
"Justin Shorter","TE","LV",NA,0,0,0,NA,0,0,NA,0,0,NA,0,NA,0,NA,"56196","FanDuel",NA,"NumberFire","TE",0,0,0,NA,NA,0,NA,NA,NA,NA,NA,NA,NA,NA,NA,NA,NA,NA,NA,NA,NA,NA,NA,NA,NA,NA,NA,NA,NA,NA,NA,NA,NA,NA,NA,NA,NA,NA,NA,NA,NA,NA,NA,NA,NA,NA,NA,NA,92,364,11,35,"Las Vegas Raiders",19,"New England Patriots","NE",35,"Las Vegas Raiders","LV","WEEKLY",NA,NA
"Cameron Latu","TE","NE",NA,0,0,0,NA,0,0,NA,0,0,NA,0,NA,0,NA,"56444","FanDuel","16217","NumberFire","TE",0,0,0,NA,NA,0,NA,NA,NA,NA,NA,NA,NA,NA,NA,NA,NA,NA,NA,NA,NA,NA,NA,NA,NA,NA,NA,NA,NA,NA,NA,NA,NA,NA,NA,NA,NA,NA,NA,NA,NA,NA,NA,NA,NA,NA,NA,NA,92,364,8,19,"New England Patriots",19,"New England Patriots","NE",35,"Las Vegas Raiders","LV","WEEKLY",NA,NA
"Tanner Arkin","TE","NE",NA,0,0,0,NA,0,0,NA,0,0,NA,0,NA,0,NA,"56692","FanDuel","17795","NumberFire","TE",0,0,0,NA,NA,0,NA,NA,NA,NA,NA,NA,NA,NA,NA,NA,NA,NA,NA,NA,NA,NA,NA,NA,NA,NA,NA,NA,NA,NA,NA,NA,NA,NA,NA,NA,NA,NA,NA,NA,NA,NA,NA,NA,NA,NA,NA,NA,92,364,8,19,"New England Patriots",19,"New England Patriots","NE",35,"Las Vegas Raiders","LV","WEEKLY",NA,NA
"Patrick Gurd","TE","LV",NA,0,0,0,NA,0,0,NA,0,0,NA,0,NA,0,NA,"56832","FanDuel",NA,"NumberFire","TE",0,0,0,NA,NA,0,NA,NA,NA,NA,NA,NA,NA,NA,NA,NA,NA,NA,NA,NA,NA,NA,NA,NA,NA,NA,NA,NA,NA,NA,NA,NA,NA,NA,NA,NA,NA,NA,NA,NA,NA,NA,NA,NA,NA,NA,NA,NA,92,364,11,35,"Las Vegas Raiders",19,"New England Patriots","NE",35,"Las Vegas Raiders","LV","WEEKLY",NA,NA
"Josh Oliver","TE","MIN",NA,0,0,0,NA,0,0,NA,0,0,NA,0,NA,0,NA,"54399","FanDuel","14209","NumberFire","TE",0,0,0,NA,NA,0,NA,NA,NA,NA,NA,NA,NA,NA,NA,NA,NA,NA,NA,NA,NA,NA,NA,NA,NA,NA,NA,NA,NA,NA,NA,NA,NA,NA,NA,NA,NA,NA,NA,NA,NA,NA,NA,NA,NA,NA,NA,NA,92,364,30,18,"Minnesota Vikings",20,"New Orleans Saints","NO",18,"Minnesota Vikings","MIN","WEEKLY",NA,NA
"Moliki Matavao","TE","NO",NA,0,0,0,NA,0,0,NA,0,0,NA,0,NA,0,NA,"56343","FanDuel","17259","NumberFire","TE",0,0,0,NA,NA,0,NA,NA,NA,NA,NA,NA,NA,NA,NA,NA,NA,NA,NA,NA,NA,NA,NA,NA,NA,NA,NA,NA,NA,NA,NA,NA,NA,NA,NA,NA,NA,NA,NA,NA,NA,NA,NA,NA,NA,NA,NA,NA,92,364,1,20,"New Orleans Saints",20,"New Orleans Saints","NO",18,"Minnesota Vikings","MIN","WEEKLY",NA,NA
"Ben Yurosek","TE","MIN",NA,0,0,0,NA,0,0,NA,0,0,NA,0,NA,0,NA,"56425","FanDuel","17285","NumberFire","TE",0,0,0,NA,NA,0,NA,NA,NA,NA,NA,NA,NA,NA,NA,NA,NA,NA,NA,NA,NA,NA,NA,NA,NA,NA,NA,NA,NA,NA,NA,NA,NA,NA,NA,NA,NA,NA,NA,NA,NA,NA,NA,NA,NA,NA,NA,NA,92,364,30,18,"Minnesota Vikings",20,"New Orleans Saints","NO",18,"Minnesota Vikings","MIN","WEEKLY",NA,NA
"Kylen Granson","TE","TEN",NA,0,0,0,NA,0,0,NA,0,0,NA,0,NA,0,NA,"55071","FanDuel","15419","NumberFire","TE",0,0,0,NA,NA,0,NA,NA,NA,NA,NA,NA,NA,NA,NA,NA,NA,NA,NA,NA,NA,NA,NA,NA,NA,NA,NA,NA,NA,NA,NA,NA,NA,NA,NA,NA,NA,NA,NA,NA,NA,NA,NA,NA,NA,NA,NA,NA,92,364,22,31,"Tennessee Titans",31,"Tennessee Titans","TEN",13,"Houston Texans","HOU","WEEKLY",NA,NA
"Brevin Jordan","TE","HOU",NA,0,0,0,NA,0,0,NA,0,0,NA,0,NA,0,NA,"55111","FanDuel","15330","NumberFire","TE",0,0,0,NA,NA,0,NA,NA,NA,NA,NA,NA,NA,NA,NA,NA,NA,NA,NA,NA,NA,NA,NA,NA,NA,NA,NA,NA,NA,NA,NA,NA,NA,NA,NA,NA,NA,NA,NA,NA,NA,NA,NA,NA,NA,NA,NA,NA,92,364,18,13,"Houston Texans",31,"Tennessee Titans","TEN",13,"Houston Texans","HOU","WEEKLY",NA,NA
"Cade Stover","TE","HOU",NA,0,0,0,NA,0,0,NA,0,0,NA,0,NA,0,NA,"56062","FanDuel","16642","NumberFire","TE",0,0,0,NA,NA,0,NA,NA,NA,NA,NA,NA,NA,NA,NA,NA,NA,NA,NA,NA,NA,NA,NA,NA,NA,NA,NA,NA,NA,NA,NA,NA,NA,NA,NA,NA,NA,NA,NA,NA,NA,NA,NA,NA,NA,NA,NA,NA,92,364,18,13,"Houston Texans",31,"Tennessee Titans","TEN",13,"Houston Texans","HOU","WEEKLY",NA,NA
"David Martin-Robinson","TE","TEN",NA,0,0,0,NA,0,0,NA,0,0,NA,0,NA,0,NA,"56207","FanDuel","16831","NumberFire","TE",0,0,0,NA,NA,0,NA,NA,NA,NA,NA,NA,NA,NA,NA,NA,NA,NA,NA,NA,NA,NA,NA,NA,NA,NA,NA,NA,NA,NA,NA,NA,NA,NA,NA,NA,NA,NA,NA,NA,NA,NA,NA,NA,NA,NA,NA,NA,92,364,22,31,"Tennessee Titans",31,"Tennessee Titans","TEN",13,"Houston Texans","HOU","WEEKLY",NA,NA
"Marlin Klein","TE","HOU",NA,0,0,0,NA,0,0,NA,0,0,NA,0,NA,0,NA,"56659","FanDuel","17593","NumberFire","TE",0,0,0,NA,NA,0,NA,NA,NA,NA,NA,NA,NA,NA,NA,NA,NA,NA,NA,NA,NA,NA,NA,NA,NA,NA,NA,NA,NA,NA,NA,NA,NA,NA,NA,NA,NA,NA,NA,NA,NA,NA,NA,NA,NA,NA,NA,NA,92,364,18,13,"Houston Texans",31,"Tennessee Titans","TEN",13,"Houston Texans","HOU","WEEKLY",NA,NA
"Jaren Kanak","TE","TEN",NA,0,0,0,NA,0,0,NA,0,0,NA,0,NA,0,NA,"56947","FanDuel","17681","NumberFire","TE",0,0,0,NA,NA,0,NA,NA,NA,NA,NA,NA,NA,NA,NA,NA,NA,NA,NA,NA,NA,NA,NA,NA,NA,NA,NA,NA,NA,NA,NA,NA,NA,NA,NA,NA,NA,NA,NA,NA,NA,NA,NA,NA,NA,NA,NA,NA,92,364,22,31,"Tennessee Titans",31,"Tennessee Titans","TEN",13,"Houston Texans","HOU","WEEKLY",NA,NA
"Thomas Fidone II","TE","NYG",NA,0,0,0,NA,0,0,NA,0,0,NA,0,NA,0,NA,"56502","FanDuel","17243","NumberFire","TE",0,0,0,NA,NA,0,NA,NA,NA,NA,NA,NA,NA,NA,NA,NA,NA,NA,NA,NA,NA,NA,NA,NA,NA,NA,NA,NA,NA,NA,NA,NA,NA,NA,NA,NA,NA,NA,NA,NA,NA,NA,NA,NA,NA,NA,NA,NA,92,364,20,21,"New York Giants",32,"Washington Commanders","WSH",21,"New York Giants","NYG","WEEKLY",NA,NA
"Will Mallory","TE","IND",NA,0,0,0,NA,0,0,NA,0,0,NA,0,NA,0,NA,"55725","FanDuel","16220","NumberFire","TE",0,0,0,NA,NA,0,NA,NA,NA,NA,NA,NA,NA,NA,NA,NA,NA,NA,NA,NA,NA,NA,NA,NA,NA,NA,NA,NA,NA,NA,NA,NA,NA,NA,NA,NA,NA,NA,NA,NA,NA,NA,NA,NA,NA,NA,NA,NA,92,364,10,14,"Indianapolis Colts",25,"Pittsburgh Steelers","PIT",14,"Indianapolis Colts","IND","WEEKLY",NA,NA
"Riley Nowakowski","TE","PIT",NA,0,0,0,NA,0,0,NA,0,0,NA,0,NA,0,NA,"56681","FanDuel","17648","NumberFire","TE",0,0,0,NA,NA,0,NA,NA,NA,NA,NA,NA,NA,NA,NA,NA,NA,NA,NA,NA,NA,NA,NA,NA,NA,NA,NA,NA,NA,NA,NA,NA,NA,NA,NA,NA,NA,NA,NA,NA,NA,NA,NA,NA,NA,NA,NA,NA,92,364,21,25,"Pittsburgh Steelers",25,"Pittsburgh Steelers","PIT",14,"Indianapolis Colts","IND","WEEKLY",NA,NA
"Carson Towt","TE","IND",NA,0,0,0,NA,0,0,NA,0,0,NA,0,NA,0,NA,"56945","FanDuel",NA,"NumberFire","TE",0,0,0,NA,NA,0,NA,NA,NA,NA,NA,NA,NA,NA,NA,NA,NA,NA,NA,NA,NA,NA,NA,NA,NA,NA,NA,NA,NA,NA,NA,NA,NA,NA,NA,NA,NA,NA,NA,NA,NA,NA,NA,NA,NA,NA,NA,NA,92,364,10,14,"Indianapolis Colts",25,"Pittsburgh Steelers","PIT",14,"Indianapolis Colts","IND","WEEKLY",NA,NA
"David Njoku","TE","LAC",NA,0,0,0,NA,0,0,NA,0,0,NA,0,NA,0,NA,"53429","FanDuel","13192","NumberFire","TE",0,0,0,NA,NA,0,NA,NA,NA,NA,NA,NA,NA,NA,NA,NA,NA,NA,NA,NA,NA,NA,NA,NA,NA,NA,NA,NA,NA,NA,NA,NA,NA,NA,NA,NA,NA,NA,NA,NA,NA,NA,NA,NA,NA,NA,NA,NA,92,364,26,34,"Los Angeles Chargers",34,"Los Angeles Chargers","LAC",10,"Denver Broncos","DEN","WEEKLY",NA,NA
"Patrick Herbert","TE","LAC",NA,0,0,0,NA,0,0,NA,0,0,NA,0,NA,0,NA,"56874","FanDuel",NA,"NumberFire","TE",0,0,0,NA,NA,0,NA,NA,NA,NA,NA,NA,NA,NA,NA,NA,NA,NA,NA,NA,NA,NA,NA,NA,NA,NA,NA,NA,NA,NA,NA,NA,NA,NA,NA,NA,NA,NA,NA,NA,NA,NA,NA,NA,NA,NA,NA,NA,92,364,26,34,"Los Angeles Chargers",34,"Los Angeles Chargers","LAC",10,"Denver Broncos","DEN","WEEKLY",NA,NA
"Dallen Bentley","TE","DEN",NA,0,0,0,NA,0,0,NA,0,0,NA,0,NA,0,NA,"56894","FanDuel","17699","NumberFire","TE",0,0,0,NA,NA,0,NA,NA,NA,NA,NA,NA,NA,NA,NA,NA,NA,NA,NA,NA,NA,NA,NA,NA,NA,NA,NA,NA,NA,NA,NA,NA,NA,NA,NA,NA,NA,NA,NA,NA,NA,NA,NA,NA,NA,NA,NA,NA,92,364,16,10,"Denver Broncos",34,"Los Angeles Chargers","LAC",10,"Denver Broncos","DEN","WEEKLY",NA,NA
"Caleb Lohner","TE","DEN",NA,0,0,0,NA,0,0,NA,0,0,NA,0,NA,0,NA,"56948","FanDuel","17253","NumberFire","TE",0,0,0,NA,NA,0,NA,NA,NA,NA,NA,NA,NA,NA,NA,NA,NA,NA,NA,NA,NA,NA,NA,NA,NA,NA,NA,NA,NA,NA,NA,NA,NA,NA,NA,NA,NA,NA,NA,NA,NA,NA,NA,NA,NA,NA,NA,NA,92,364,16,10,"Denver Broncos",34,"Los Angeles Chargers","LAC",10,"Denver Broncos","DEN","WEEKLY",NA,NA
"Luke Musgrave","TE","GB",NA,0,0,0,NA,0,0,NA,0,0,NA,0,NA,0,NA,"55616","FanDuel","16215","NumberFire","TE",0,0,0,NA,NA,0,NA,NA,NA,NA,NA,NA,NA,NA,NA,NA,NA,NA,NA,NA,NA,NA,NA,NA,NA,NA,NA,NA,NA,NA,NA,NA,NA,NA,NA,NA,NA,NA,NA,NA,NA,NA,NA,NA,NA,NA,NA,NA,92,364,6,12,"Green Bay Packers",12,"Green Bay Packers","GB",6,"Chicago Bears","CHI","WEEKLY",NA,NA
"John FitzPatrick","TE","GB",NA,0,0,0,NA,0,0,NA,0,0,NA,0,NA,0,NA,"55760","FanDuel","15925","NumberFire","TE",0,0,0,NA,NA,0,NA,NA,NA,NA,NA,NA,NA,NA,NA,NA,NA,NA,NA,NA,NA,NA,NA,NA,NA,NA,NA,NA,NA,NA,NA,NA,NA,NA,NA,NA,NA,NA,NA,NA,NA,NA,NA,NA,NA,NA,NA,NA,92,364,6,12,"Green Bay Packers",12,"Green Bay Packers","GB",6,"Chicago Bears","CHI","WEEKLY",NA,NA
"Drake Dabney","TE","GB",NA,0,0,0,NA,0,0,NA,0,0,NA,0,NA,0,NA,"56599","FanDuel",NA,"NumberFire","TE",0,0,0,NA,NA,0,NA,NA,NA,NA,NA,NA,NA,NA,NA,NA,NA,NA,NA,NA,NA,NA,NA,NA,NA,NA,NA,NA,NA,NA,NA,NA,NA,NA,NA,NA,NA,NA,NA,NA,NA,NA,NA,NA,NA,NA,NA,NA,92,364,6,12,"Green Bay Packers",12,"Green Bay Packers","GB",6,"Chicago Bears","CHI","WEEKLY",NA,NA
"Hayden Large","TE","CHI",NA,0,0,0,NA,0,0,NA,0,0,NA,0,NA,0,NA,"56941","FanDuel",NA,"NumberFire","TE",0,0,0,NA,NA,0,NA,NA,NA,NA,NA,NA,NA,NA,NA,NA,NA,NA,NA,NA,NA,NA,NA,NA,NA,NA,NA,NA,NA,NA,NA,NA,NA,NA,NA,NA,NA,NA,NA,NA,NA,NA,NA,NA,NA,NA,NA,NA,92,364,25,6,"Chicago Bears",12,"Green Bay Packers","GB",6,"Chicago Bears","CHI","WEEKLY",NA,NA
"Thomas Yassmin","TE","GB",NA,0,0,0,NA,0,0,NA,0,0,NA,0,NA,0,NA,"56944","FanDuel",NA,"NumberFire","TE",0,0,0,NA,NA,0,NA,NA,NA,NA,NA,NA,NA,NA,NA,NA,NA,NA,NA,NA,NA,NA,NA,NA,NA,NA,NA,NA,NA,NA,NA,NA,NA,NA,NA,NA,NA,NA,NA,NA,NA,NA,NA,NA,NA,NA,NA,NA,92,364,6,12,"Green Bay Packers",12,"Green Bay Packers","GB",6,"Chicago Bears","CHI","WEEKLY",NA,NA
"Tyler Conklin","TE","DET",NA,0,0,0,NA,0,0,NA,0,0,NA,0,NA,0,NA,"53898","FanDuel","13675","NumberFire","TE",0,0,0,NA,NA,0,NA,NA,NA,NA,NA,NA,NA,NA,NA,NA,NA,NA,NA,NA,NA,NA,NA,NA,NA,NA,NA,NA,NA,NA,NA,NA,NA,NA,NA,NA,NA,NA,NA,NA,NA,NA,NA,NA,NA,NA,NA,NA,92,364,27,11,"Detroit Lions",1,"Arizona Cardinals","ARI",11,"Detroit Lions","DET","WEEKLY",NA,NA
"Hunter Long","TE","ARI",NA,0,0,0,NA,0,0,NA,0,0,NA,0,NA,0,NA,"55093","FanDuel","15334","NumberFire","TE",0,0,0,NA,NA,0,NA,NA,NA,NA,NA,NA,NA,NA,NA,NA,NA,NA,NA,NA,NA,NA,NA,NA,NA,NA,NA,NA,NA,NA,NA,NA,NA,NA,NA,NA,NA,NA,NA,NA,NA,NA,NA,NA,NA,NA,NA,NA,92,364,32,1,"Arizona Cardinals",1,"Arizona Cardinals","ARI",11,"Detroit Lions","DET","WEEKLY",NA,NA
"Tip Reiman","TE","ARI",NA,0,0,0,NA,0,0,NA,0,0,NA,0,NA,0,NA,"56097","FanDuel","16706","NumberFire","TE",0,0,0,NA,NA,0,NA,NA,NA,NA,NA,NA,NA,NA,NA,NA,NA,NA,NA,NA,NA,NA,NA,NA,NA,NA,NA,NA,NA,NA,NA,NA,NA,NA,NA,NA,NA,NA,NA,NA,NA,NA,NA,NA,NA,NA,NA,NA,92,364,32,1,"Arizona Cardinals",1,"Arizona Cardinals","ARI",11,"Detroit Lions","DET","WEEKLY",NA,NA
"Jameson Geers","TE","ARI",NA,0,0,0,NA,0,0,NA,0,0,NA,0,NA,0,NA,"56940","FanDuel",NA,"NumberFire","TE",0,0,0,NA,NA,0,NA,NA,NA,NA,NA,NA,NA,NA,NA,NA,NA,NA,NA,NA,NA,NA,NA,NA,NA,NA,NA,NA,NA,NA,NA,NA,NA,NA,NA,NA,NA,NA,NA,NA,NA,NA,NA,NA,NA,NA,NA,NA,92,364,32,1,"Arizona Cardinals",1,"Arizona Cardinals","ARI",11,"Detroit Lions","DET","WEEKLY",NA,NA
"Miles Kitselman","TE","DET",NA,0,0,0,NA,0,0,NA,0,0,NA,0,NA,0,NA,"56943","FanDuel",NA,"NumberFire","TE",0,0,0,NA,NA,0,NA,NA,NA,NA,NA,NA,NA,NA,NA,NA,NA,NA,NA,NA,NA,NA,NA,NA,NA,NA,NA,NA,NA,NA,NA,NA,NA,NA,NA,NA,NA,NA,NA,NA,NA,NA,NA,NA,NA,NA,NA,NA,92,364,27,11,"Detroit Lions",1,"Arizona Cardinals","ARI",11,"Detroit Lions","DET","WEEKLY",NA,NA
"Jake Tonges","TE","SF",NA,0,0,0,NA,0,0,NA,0,0,NA,0,NA,0,NA,"55404","FanDuel","16036","NumberFire","TE",0,0,0,NA,NA,0,NA,NA,NA,NA,NA,NA,NA,NA,NA,NA,NA,NA,NA,NA,NA,NA,NA,NA,NA,NA,NA,NA,NA,NA,NA,NA,NA,NA,NA,NA,NA,NA,NA,NA,NA,NA,NA,NA,NA,NA,NA,NA,92,364,4,27,"San Francisco 49ers",28,"Seattle Seahawks","SEA",27,"San Francisco 49ers","SF","WEEKLY",NA,NA
"Durham Smythe","TE","BAL",NA,0,0,0,NA,0,0,NA,0,0,NA,0,NA,0,NA,"53972","FanDuel","13676","NumberFire","TE",0,0,0,NA,NA,0,NA,NA,NA,NA,NA,NA,NA,NA,NA,NA,NA,NA,NA,NA,NA,NA,NA,NA,NA,NA,NA,NA,NA,NA,NA,NA,NA,NA,NA,NA,NA,NA,NA,NA,NA,NA,NA,NA,NA,NA,NA,NA,92,364,9,3,"Baltimore Ravens",2,"Atlanta Falcons","ATL",3,"Baltimore Ravens","BAL","WEEKLY",NA,NA
"Nick Muse","TE","ATL",NA,0,0,0,NA,0,0,NA,0,0,NA,0,NA,0,NA,"55899","FanDuel","15937","NumberFire","TE",0,0,0,NA,NA,0,NA,NA,NA,NA,NA,NA,NA,NA,NA,NA,NA,NA,NA,NA,NA,NA,NA,NA,NA,NA,NA,NA,NA,NA,NA,NA,NA,NA,NA,NA,NA,NA,NA,NA,NA,NA,NA,NA,NA,NA,NA,NA,92,364,15,2,"Atlanta Falcons",2,"Atlanta Falcons","ATL",3,"Baltimore Ravens","BAL","WEEKLY",NA,NA
"Terrance Ferguson","TE","LA",NA,0,0,0,NA,0,0,NA,0,0,NA,0,NA,0,NA,"56313","FanDuel","17107","NumberFire","TE",0,0,0,NA,NA,0,NA,NA,NA,NA,NA,NA,NA,NA,NA,NA,NA,NA,NA,NA,NA,NA,NA,NA,NA,NA,NA,NA,NA,NA,NA,NA,NA,NA,NA,NA,NA,NA,NA,NA,NA,NA,NA,NA,NA,NA,NA,NA,92,364,28,33,"Los Angeles Rams",33,"Los Angeles Rams","LA",4,"Buffalo Bills","BUF","WEEKLY",NA,NA
"Keleki Latu","TE","BUF",NA,0,0,0,NA,0,0,NA,0,0,NA,0,NA,0,NA,"56560","FanDuel","17419","NumberFire","TE",0,0,0,NA,NA,0,NA,NA,NA,NA,NA,NA,NA,NA,NA,NA,NA,NA,NA,NA,NA,NA,NA,NA,NA,NA,NA,NA,NA,NA,NA,NA,NA,NA,NA,NA,NA,NA,NA,NA,NA,NA,NA,NA,NA,NA,NA,NA,92,364,2,4,"Buffalo Bills",33,"Los Angeles Rams","LA",4,"Buffalo Bills","BUF","WEEKLY",NA,NA
"Max Klare","TE","LA",NA,0,0,0,NA,0,0,NA,0,0,NA,0,NA,0,NA,"56665","FanDuel","17547","NumberFire","TE",0,0,0,NA,NA,0,NA,NA,NA,NA,NA,NA,NA,NA,NA,NA,NA,NA,NA,NA,NA,NA,NA,NA,NA,NA,NA,NA,NA,NA,NA,NA,NA,NA,NA,NA,NA,NA,NA,NA,NA,NA,NA,NA,NA,NA,NA,NA,92,364,28,33,"Los Angeles Rams",33,"Los Angeles Rams","LA",4,"Buffalo Bills","BUF","WEEKLY",NA,NA
"Will Reichard","K","MIN",NA,NA,NA,NA,NA,NA,NA,NA,NA,NA,NA,NA,NA,10.36,NA,"55919","FanDuel","16681","NumberFire","K",NA,NA,NA,NA,NA,NA,2.25,2.35,0.06,NA,0.55,NA,0.55,NA,0.75,NA,0.34,NA,2.18,2.25,NA,NA,NA,NA,NA,NA,NA,NA,NA,NA,NA,NA,NA,NA,NA,NA,NA,NA,NA,NA,NA,NA,NA,NA,NA,NA,NA,NA,1,NA,30,18,"Minnesota Vikings",20,"New Orleans Saints","NO",18,"Minnesota Vikings","MIN","WEEKLY",NA,NA
"Harrison Mevis","K","LA",NA,NA,NA,NA,NA,NA,NA,NA,NA,NA,NA,NA,NA,9.96,NA,"56286","FanDuel","16843","NumberFire","K",NA,NA,NA,NA,NA,NA,2.02,2.35,0.04,NA,0.59,NA,0.66,NA,0.52,NA,0.13,NA,3.36,3.48,NA,NA,NA,NA,NA,NA,NA,NA,NA,NA,NA,NA,NA,NA,NA,NA,NA,NA,NA,NA,NA,NA,NA,NA,NA,NA,NA,NA,2,NA,28,33,"Los Angeles Rams",33,"Los Angeles Rams","LA",4,"Buffalo Bills","BUF","WEEKLY",NA,NA
"Nick Folk","K","ATL",NA,NA,NA,NA,NA,NA,NA,NA,NA,NA,NA,NA,NA,9.72,NA,"2816","FanDuel","8851","NumberFire","K",NA,NA,NA,NA,NA,NA,2.27,2.54,0.02,NA,0.68,NA,0.78,NA,0.66,NA,0.13,NA,1.99,2.06,NA,NA,NA,NA,NA,NA,NA,NA,NA,NA,NA,NA,NA,NA,NA,NA,NA,NA,NA,NA,NA,NA,NA,NA,NA,NA,NA,NA,3,NA,15,2,"Atlanta Falcons",2,"Atlanta Falcons","ATL",3,"Baltimore Ravens","BAL","WEEKLY",NA,NA
"Matt Gay","K","LV",NA,NA,NA,NA,NA,NA,NA,NA,NA,NA,NA,NA,NA,9.7,NA,"54199","FanDuel","14244","NumberFire","K",NA,NA,NA,NA,NA,NA,2.11,2.82,0,NA,0.52,NA,0.56,NA,0.64,NA,0.34,NA,2.2,2.31,NA,NA,NA,NA,NA,NA,NA,NA,NA,NA,NA,NA,NA,NA,NA,NA,NA,NA,NA,NA,NA,NA,NA,NA,NA,NA,NA,NA,4,NA,11,35,"Las Vegas Raiders",19,"New England Patriots","NE",35,"Las Vegas Raiders","LV","WEEKLY",NA,NA
"Evan McPherson","K","CIN",NA,NA,NA,NA,NA,NA,NA,NA,NA,NA,NA,NA,NA,9.68,NA,"54904","FanDuel","15368","NumberFire","K",NA,NA,NA,NA,NA,NA,2.04,2.26,0.02,NA,0.39,NA,0.7,NA,0.48,NA,0.37,NA,2.58,2.72,NA,NA,NA,NA,NA,NA,NA,NA,NA,NA,NA,NA,NA,NA,NA,NA,NA,NA,NA,NA,NA,NA,NA,NA,NA,NA,NA,NA,5,NA,29,7,"Cincinnati Bengals",17,"Miami Dolphins","MIA",7,"Cincinnati Bengals","CIN","WEEKLY",NA,NA
"Spencer Shrader","K","IND",NA,NA,NA,NA,NA,NA,NA,NA,NA,NA,NA,NA,NA,9.64,NA,"56002","FanDuel","16896","NumberFire","K",NA,NA,NA,NA,NA,NA,1.94,2.31,0.06,NA,0.56,NA,0.65,NA,0.58,NA,0.12,NA,2.91,2.96,NA,NA,NA,NA,NA,NA,NA,NA,NA,NA,NA,NA,NA,NA,NA,NA,NA,NA,NA,NA,NA,NA,NA,NA,NA,NA,NA,NA,6,NA,10,14,"Indianapolis Colts",25,"Pittsburgh Steelers","PIT",14,"Indianapolis Colts","IND","WEEKLY",NA,NA
"Cam Little","K","JAC",NA,NA,NA,NA,NA,NA,NA,NA,NA,NA,NA,NA,NA,9.52,NA,"55987","FanDuel","16680","NumberFire","K",NA,NA,NA,NA,NA,NA,2.12,2.49,0,NA,0.75,NA,0.56,NA,0.38,NA,0.44,NA,1.87,1.9,NA,NA,NA,NA,NA,NA,NA,NA,NA,NA,NA,NA,NA,NA,NA,NA,NA,NA,NA,NA,NA,NA,NA,NA,NA,NA,NA,NA,7,NA,24,15,"Jacksonville Jaguars",15,"Jacksonville Jaguars","JAC",24,"Philadelphia Eagles","PHI","WEEKLY",NA,NA
"Ka'imi Fairbairn","K","HOU",NA,NA,NA,NA,NA,NA,NA,NA,NA,NA,NA,NA,NA,9.34,NA,"53463","FanDuel","12860","NumberFire","K",NA,NA,NA,NA,NA,NA,2,2.21,0,NA,0.54,NA,0.53,NA,0.6,NA,0.23,NA,2.58,2.64,NA,NA,NA,NA,NA,NA,NA,NA,NA,NA,NA,NA,NA,NA,NA,NA,NA,NA,NA,NA,NA,NA,NA,NA,NA,NA,NA,NA,8,NA,18,13,"Houston Texans",31,"Tennessee Titans","TEN",13,"Houston Texans","HOU","WEEKLY",NA,NA
"Jake Bates","K","DET",NA,NA,NA,NA,NA,NA,NA,NA,NA,NA,NA,NA,NA,9.34,NA,"55997","FanDuel","16846","NumberFire","K",NA,NA,NA,NA,NA,NA,1.89,2.24,0.09,NA,0.63,NA,0.6,NA,0.53,NA,0.11,NA,2.71,2.83,NA,NA,NA,NA,NA,NA,NA,NA,NA,NA,NA,NA,NA,NA,NA,NA,NA,NA,NA,NA,NA,NA,NA,NA,NA,NA,NA,NA,8,NA,27,11,"Detroit Lions",1,"Arizona Cardinals","ARI",11,"Detroit Lions","DET","WEEKLY",NA,NA
"Eddy Pineiro","K","SF",NA,NA,NA,NA,NA,NA,NA,NA,NA,NA,NA,NA,NA,9.32,NA,"54195","FanDuel","13719","NumberFire","K",NA,NA,NA,NA,NA,NA,1.78,2,0,NA,0.42,NA,0.6,NA,0.59,NA,0.23,NA,2.75,2.8,NA,NA,NA,NA,NA,NA,NA,NA,NA,NA,NA,NA,NA,NA,NA,NA,NA,NA,NA,NA,NA,NA,NA,NA,NA,NA,NA,NA,10,NA,4,27,"San Francisco 49ers",28,"Seattle Seahawks","SEA",27,"San Francisco 49ers","SF","WEEKLY",NA,NA
"Jason Myers","K","SEA",NA,NA,NA,NA,NA,NA,NA,NA,NA,NA,NA,NA,NA,9.04,NA,"52814","FanDuel","12437","NumberFire","K",NA,NA,NA,NA,NA,NA,1.85,2.4,0.06,NA,0.72,NA,0.5,NA,0.39,NA,0.17,NA,2.79,2.85,NA,NA,NA,NA,NA,NA,NA,NA,NA,NA,NA,NA,NA,NA,NA,NA,NA,NA,NA,NA,NA,NA,NA,NA,NA,NA,NA,NA,11,NA,13,28,"Seattle Seahawks",28,"Seattle Seahawks","SEA",27,"San Francisco 49ers","SF","WEEKLY",NA,NA
"Wil Lutz","K","DEN",NA,NA,NA,NA,NA,NA,NA,NA,NA,NA,NA,NA,NA,8.95,NA,"53178","FanDuel","12956","NumberFire","K",NA,NA,NA,NA,NA,NA,1.78,2.2,0.06,NA,0.63,NA,0.51,NA,0.38,NA,0.18,NA,2.93,2.97,NA,NA,NA,NA,NA,NA,NA,NA,NA,NA,NA,NA,NA,NA,NA,NA,NA,NA,NA,NA,NA,NA,NA,NA,NA,NA,NA,NA,12,NA,16,10,"Denver Broncos",34,"Los Angeles Chargers","LAC",10,"Denver Broncos","DEN","WEEKLY",NA,NA
"Cairo Santos","K","CHI",NA,NA,NA,NA,NA,NA,NA,NA,NA,NA,NA,NA,NA,8.83,NA,"52487","FanDuel","11945","NumberFire","K",NA,NA,NA,NA,NA,NA,1.86,2.14,0,NA,0.66,NA,0.53,NA,0.47,NA,0.12,NA,2.78,2.94,NA,NA,NA,NA,NA,NA,NA,NA,NA,NA,NA,NA,NA,NA,NA,NA,NA,NA,NA,NA,NA,NA,NA,NA,NA,NA,NA,NA,13,NA,25,6,"Chicago Bears",12,"Green Bay Packers","GB",6,"Chicago Bears","CHI","WEEKLY",NA,NA
"Brandon Aubrey","K","DAL",NA,NA,NA,NA,NA,NA,NA,NA,NA,NA,NA,NA,NA,8.75,NA,"55648","FanDuel","16414","NumberFire","K",NA,NA,NA,NA,NA,NA,1.73,2,0.02,NA,0.57,NA,0.47,NA,0.45,NA,0.22,NA,2.67,2.72,NA,NA,NA,NA,NA,NA,NA,NA,NA,NA,NA,NA,NA,NA,NA,NA,NA,NA,NA,NA,NA,NA,NA,NA,NA,NA,NA,NA,14,NA,3,9,"Dallas Cowboys",9,"Dallas Cowboys","DAL",30,"Tampa Bay Buccaneers","TB","WEEKLY",NA,NA
"Andy Borregales","K","NE",NA,NA,NA,NA,NA,NA,NA,NA,NA,NA,NA,NA,NA,8.75,NA,"56311","FanDuel","17220","NumberFire","K",NA,NA,NA,NA,NA,NA,1.68,2.23,0,NA,0.69,NA,0.61,NA,0.31,NA,0.05,NA,3.36,3.5,NA,NA,NA,NA,NA,NA,NA,NA,NA,NA,NA,NA,NA,NA,NA,NA,NA,NA,NA,NA,NA,NA,NA,NA,NA,NA,NA,NA,14,NA,8,19,"New England Patriots",19,"New England Patriots","NE",35,"Las Vegas Raiders","LV","WEEKLY",NA,NA
"Daniel Carlson","K","NO",NA,NA,NA,NA,NA,NA,NA,NA,NA,NA,NA,NA,NA,8.68,NA,"53818","FanDuel","13718","NumberFire","K",NA,NA,NA,NA,NA,NA,2.01,2.47,0,NA,0.63,NA,0.71,NA,0.55,NA,0.08,NA,2.06,2.08,NA,NA,NA,NA,NA,NA,NA,NA,NA,NA,NA,NA,NA,NA,NA,NA,NA,NA,NA,NA,NA,NA,NA,NA,NA,NA,NA,NA,16,NA,1,20,"New Orleans Saints",20,"New Orleans Saints","NO",18,"Minnesota Vikings","MIN","WEEKLY",NA,NA
"Riley Patterson","K","MIA",NA,NA,NA,NA,NA,NA,NA,NA,NA,NA,NA,NA,NA,8.64,NA,"55158","FanDuel","15369","NumberFire","K",NA,NA,NA,NA,NA,NA,1.85,2.12,0.05,NA,0.44,NA,0.52,NA,0.52,NA,0.26,NA,2.23,2.3,NA,NA,NA,NA,NA,NA,NA,NA,NA,NA,NA,NA,NA,NA,NA,NA,NA,NA,NA,NA,NA,NA,NA,NA,NA,NA,NA,NA,17,NA,12,17,"Miami Dolphins",17,"Miami Dolphins","MIA",7,"Cincinnati Bengals","CIN","WEEKLY",NA,NA
"Cameron Dicker","K","LAC",NA,NA,NA,NA,NA,NA,NA,NA,NA,NA,NA,NA,NA,8.4,NA,"55437","FanDuel","15979","NumberFire","K",NA,NA,NA,NA,NA,NA,1.87,2.13,0.03,NA,0.65,NA,0.57,NA,0.38,NA,0.21,NA,2.08,2.18,NA,NA,NA,NA,NA,NA,NA,NA,NA,NA,NA,NA,NA,NA,NA,NA,NA,NA,NA,NA,NA,NA,NA,NA,NA,NA,NA,NA,18,NA,26,34,"Los Angeles Chargers",34,"Los Angeles Chargers","LAC",10,"Denver Broncos","DEN","WEEKLY",NA,NA
"Andre Szmyt","K","CLE",NA,NA,NA,NA,NA,NA,NA,NA,NA,NA,NA,NA,NA,8.3,NA,"56310","FanDuel","16419","NumberFire","K",NA,NA,NA,NA,NA,NA,1.85,2.06,0.02,NA,0.43,NA,0.53,NA,0.59,NA,0.23,NA,1.85,1.88,NA,NA,NA,NA,NA,NA,NA,NA,NA,NA,NA,NA,NA,NA,NA,NA,NA,NA,NA,NA,NA,NA,NA,NA,NA,NA,NA,NA,19,NA,23,8,"Cleveland Browns",22,"New York Jets","NYJ",8,"Cleveland Browns","CLE","WEEKLY",NA,NA
"Chase McLaughlin","K","TB",NA,NA,NA,NA,NA,NA,NA,NA,NA,NA,NA,NA,NA,8.07,NA,"54352","FanDuel","14717","NumberFire","K",NA,NA,NA,NA,NA,NA,1.6,1.9,0,NA,0.58,NA,0.47,NA,0.54,NA,0.08,NA,2.36,2.42,NA,NA,NA,NA,NA,NA,NA,NA,NA,NA,NA,NA,NA,NA,NA,NA,NA,NA,NA,NA,NA,NA,NA,NA,NA,NA,NA,NA,20,NA,31,30,"Tampa Bay Buccaneers",9,"Dallas Cowboys","DAL",30,"Tampa Bay Buccaneers","TB","WEEKLY",NA,NA
"Tyler Loop","K","BAL",NA,NA,NA,NA,NA,NA,NA,NA,NA,NA,NA,NA,NA,7.89,NA,"56289","FanDuel","17222","NumberFire","K",NA,NA,NA,NA,NA,NA,1.61,1.88,0,NA,0.59,NA,0.6,NA,0.45,NA,0.08,NA,2.12,2.17,NA,NA,NA,NA,NA,NA,NA,NA,NA,NA,NA,NA,NA,NA,NA,NA,NA,NA,NA,NA,NA,NA,NA,NA,NA,NA,NA,NA,21,NA,9,3,"Baltimore Ravens",2,"Atlanta Falcons","ATL",3,"Baltimore Ravens","BAL","WEEKLY",NA,NA
"Tyler Bass","K","BUF",NA,NA,NA,NA,NA,NA,NA,NA,NA,NA,NA,NA,NA,7.89,NA,"54578","FanDuel","14983","NumberFire","K",NA,NA,NA,NA,NA,NA,1.62,1.96,0.02,NA,0.51,NA,0.48,NA,0.42,NA,0.2,NA,2.18,2.28,NA,NA,NA,NA,NA,NA,NA,NA,NA,NA,NA,NA,NA,NA,NA,NA,NA,NA,NA,NA,NA,NA,NA,NA,NA,NA,NA,NA,21,NA,2,4,"Buffalo Bills",33,"Los Angeles Rams","LA",4,"Buffalo Bills","BUF","WEEKLY",NA,NA
"Blake Grupe","K","NYJ",NA,NA,NA,NA,NA,NA,NA,NA,NA,NA,NA,NA,NA,7.73,NA,"55655","FanDuel","16444","NumberFire","K",NA,NA,NA,NA,NA,NA,1.88,2.64,0,NA,0.61,NA,0.66,NA,0.36,NA,0.17,NA,1.63,1.78,NA,NA,NA,NA,NA,NA,NA,NA,NA,NA,NA,NA,NA,NA,NA,NA,NA,NA,NA,NA,NA,NA,NA,NA,NA,NA,NA,NA,23,NA,17,22,"New York Jets",22,"New York Jets","NYJ",8,"Cleveland Browns","CLE","WEEKLY",NA,NA
"Chad Ryland","K","ARI",NA,NA,NA,NA,NA,NA,NA,NA,NA,NA,NA,NA,NA,7.69,NA,"55627","FanDuel","16292","NumberFire","K",NA,NA,NA,NA,NA,NA,1.62,2.08,0,NA,0.47,NA,0.56,NA,0.47,NA,0.11,NA,2.17,2.19,NA,NA,NA,NA,NA,NA,NA,NA,NA,NA,NA,NA,NA,NA,NA,NA,NA,NA,NA,NA,NA,NA,NA,NA,NA,NA,NA,NA,24,NA,32,1,"Arizona Cardinals",1,"Arizona Cardinals","ARI",11,"Detroit Lions","DET","WEEKLY",NA,NA
"Chris Boswell","K","PIT",NA,NA,NA,NA,NA,NA,NA,NA,NA,NA,NA,NA,NA,7.35,NA,"52927","FanDuel","11936","NumberFire","K",NA,NA,NA,NA,NA,NA,1.48,1.84,0,NA,0.42,NA,0.52,NA,0.42,NA,0.17,NA,2,2.06,NA,NA,NA,NA,NA,NA,NA,NA,NA,NA,NA,NA,NA,NA,NA,NA,NA,NA,NA,NA,NA,NA,NA,NA,NA,NA,NA,NA,25,NA,21,25,"Pittsburgh Steelers",25,"Pittsburgh Steelers","PIT",14,"Indianapolis Colts","IND","WEEKLY",NA,NA
"Drew Stevens","K","WSH",NA,NA,NA,NA,NA,NA,NA,NA,NA,NA,NA,NA,NA,7.34,NA,"56739","FanDuel","17726","NumberFire","K",NA,NA,NA,NA,NA,NA,1.41,1.75,0.05,NA,0.39,NA,0.37,NA,0.46,NA,0.17,NA,2.22,2.24,NA,NA,NA,NA,NA,NA,NA,NA,NA,NA,NA,NA,NA,NA,NA,NA,NA,NA,NA,NA,NA,NA,NA,NA,NA,NA,NA,NA,26,NA,19,32,"Washington Commanders",32,"Washington Commanders","WSH",21,"New York Giants","NYG","WEEKLY",NA,NA
"Trey Smack","K","GB",NA,NA,NA,NA,NA,NA,NA,NA,NA,NA,NA,NA,NA,7.29,NA,"56688","FanDuel","17668","NumberFire","K",NA,NA,NA,NA,NA,NA,1.56,1.9,0.03,NA,0.61,NA,0.36,NA,0.3,NA,0.19,NA,2.14,2.17,NA,NA,NA,NA,NA,NA,NA,NA,NA,NA,NA,NA,NA,NA,NA,NA,NA,NA,NA,NA,NA,NA,NA,NA,NA,NA,NA,NA,27,NA,6,12,"Green Bay Packers",12,"Green Bay Packers","GB",6,"Chicago Bears","CHI","WEEKLY",NA,NA
"Joey Slye","K","TEN",NA,NA,NA,NA,NA,NA,NA,NA,NA,NA,NA,NA,NA,7.27,NA,"54202","FanDuel","14600","NumberFire","K",NA,NA,NA,NA,NA,NA,1.68,1.9,0.02,NA,0.4,NA,0.62,NA,0.44,NA,0.28,NA,0.99,1.07,NA,NA,NA,NA,NA,NA,NA,NA,NA,NA,NA,NA,NA,NA,NA,NA,NA,NA,NA,NA,NA,NA,NA,NA,NA,NA,NA,NA,28,NA,22,31,"Tennessee Titans",31,"Tennessee Titans","TEN",13,"Houston Texans","HOU","WEEKLY",NA,NA
"Jake Elliott","K","PHI",NA,NA,NA,NA,NA,NA,NA,NA,NA,NA,NA,NA,NA,6.9,NA,"53569","FanDuel","13303","NumberFire","K",NA,NA,NA,NA,NA,NA,1.39,1.63,0,NA,0.44,NA,0.57,NA,0.31,NA,0.12,NA,2.03,2.05,NA,NA,NA,NA,NA,NA,NA,NA,NA,NA,NA,NA,NA,NA,NA,NA,NA,NA,NA,NA,NA,NA,NA,NA,NA,NA,NA,NA,29,NA,5,24,"Philadelphia Eagles",15,"Jacksonville Jaguars","JAC",24,"Philadelphia Eagles","PHI","WEEKLY",NA,NA
"Dominic Zvada","K","NYG",NA,NA,NA,NA,NA,NA,NA,NA,NA,NA,NA,NA,NA,6.6,NA,"56733","FanDuel","17736","NumberFire","K",NA,NA,NA,NA,NA,NA,1.35,1.54,0.01,NA,0.43,NA,0.41,NA,0.46,NA,0.07,NA,1.86,1.99,NA,NA,NA,NA,NA,NA,NA,NA,NA,NA,NA,NA,NA,NA,NA,NA,NA,NA,NA,NA,NA,NA,NA,NA,NA,NA,NA,NA,30,NA,20,21,"New York Giants",32,"Washington Commanders","WSH",21,"New York Giants","NYG","WEEKLY",NA,NA
"Houston D/ST","DST","HOU",NA,NA,NA,NA,NA,NA,NA,NA,NA,NA,NA,NA,NA,7.27,NA,"2904","FanDuel","0532","NumberFire","DST",NA,NA,NA,NA,NA,NA,NA,NA,NA,NA,NA,NA,NA,NA,NA,NA,NA,NA,NA,NA,0.58,NA,1.35,NA,NA,NA,0.23,15,NA,NA,NA,286.98,NA,NA,NA,NA,NA,NA,NA,NA,NA,NA,NA,NA,NA,NA,NA,NA,1,NA,NA,13,"Houston Texans",31,"Tennessee Titans","TEN",13,"Houston Texans","HOU","WEEKLY",0.34,24
"Cleveland D/ST","DST","CLE",NA,NA,NA,NA,NA,NA,NA,NA,NA,NA,NA,NA,NA,7.19,NA,"2899","FanDuel","0507","NumberFire","DST",NA,NA,NA,NA,NA,NA,NA,NA,NA,NA,NA,NA,NA,NA,NA,NA,NA,NA,NA,NA,0.69,NA,2.98,NA,NA,NA,0.16,21,NA,NA,NA,309.41,NA,NA,NA,NA,NA,NA,NA,NA,NA,NA,NA,NA,NA,NA,NA,NA,2,NA,NA,8,"Cleveland Browns",22,"New York Jets","NYJ",8,"Cleveland Browns","CLE","WEEKLY",0.37,16
"Pittsburgh D/ST","DST","PIT",NA,NA,NA,NA,NA,NA,NA,NA,NA,NA,NA,NA,NA,6.91,NA,"2916","FanDuel","0510","NumberFire","DST",NA,NA,NA,NA,NA,NA,NA,NA,NA,NA,NA,NA,NA,NA,NA,NA,NA,NA,NA,NA,0.64,NA,2.74,NA,NA,NA,0.18,21,NA,NA,NA,347.95,NA,NA,NA,NA,NA,NA,NA,NA,NA,NA,NA,NA,NA,NA,NA,NA,3,NA,NA,25,"Pittsburgh Steelers",25,"Pittsburgh Steelers","PIT",14,"Indianapolis Colts","IND","WEEKLY",0.37,22
"Washington D/ST","DST","WSH",NA,NA,NA,NA,NA,NA,NA,NA,NA,NA,NA,NA,NA,6.86,NA,"2923","FanDuel","0520","NumberFire","DST",NA,NA,NA,NA,NA,NA,NA,NA,NA,NA,NA,NA,NA,NA,NA,NA,NA,NA,NA,NA,1.03,NA,1.28,NA,NA,NA,0.18,20,NA,NA,NA,337.13,NA,NA,NA,NA,NA,NA,NA,NA,NA,NA,NA,NA,NA,NA,NA,NA,4,NA,NA,32,"Washington Commanders",32,"Washington Commanders","WSH",21,"New York Giants","NYG","WEEKLY",0.53,20
"Cincinnati D/ST","DST","CIN",NA,NA,NA,NA,NA,NA,NA,NA,NA,NA,NA,NA,NA,6.85,NA,"2898","FanDuel","0506","NumberFire","DST",NA,NA,NA,NA,NA,NA,NA,NA,NA,NA,NA,NA,NA,NA,NA,NA,NA,NA,NA,NA,0.62,NA,1.5,NA,NA,NA,0.2,18,NA,NA,NA,334.2,NA,NA,NA,NA,NA,NA,NA,NA,NA,NA,NA,NA,NA,NA,NA,NA,5,NA,NA,7,"Cincinnati Bengals",17,"Miami Dolphins","MIA",7,"Cincinnati Bengals","CIN","WEEKLY",0.53,31
"Dallas D/ST","DST","DAL",NA,NA,NA,NA,NA,NA,NA,NA,NA,NA,NA,NA,NA,6.57,NA,"2900","FanDuel","0516","NumberFire","DST",NA,NA,NA,NA,NA,NA,NA,NA,NA,NA,NA,NA,NA,NA,NA,NA,NA,NA,NA,NA,0.93,NA,1.38,NA,NA,NA,0.19,19.5,NA,NA,NA,324.65,NA,NA,NA,NA,NA,NA,NA,NA,NA,NA,NA,NA,NA,NA,NA,NA,6,NA,NA,9,"Dallas Cowboys",9,"Dallas Cowboys","DAL",30,"Tampa Bay Buccaneers","TB","WEEKLY",0.36,32
"Jacksonville D/ST","DST","JAC",NA,NA,NA,NA,NA,NA,NA,NA,NA,NA,NA,NA,NA,6.57,NA,"2906","FanDuel","0509","NumberFire","DST",NA,NA,NA,NA,NA,NA,NA,NA,NA,NA,NA,NA,NA,NA,NA,NA,NA,NA,NA,NA,0.61,NA,1.25,NA,NA,NA,0.21,17,NA,NA,NA,337.23,NA,NA,NA,NA,NA,NA,NA,NA,NA,NA,NA,NA,NA,NA,NA,NA,6,NA,NA,15,"Jacksonville Jaguars",15,"Jacksonville Jaguars","JAC",24,"Philadelphia Eagles","PHI","WEEKLY",0.36,30
"Atlanta D/ST","DST","ATL",NA,NA,NA,NA,NA,NA,NA,NA,NA,NA,NA,NA,NA,6.48,NA,"2893","FanDuel","0526","NumberFire","DST",NA,NA,NA,NA,NA,NA,NA,NA,NA,NA,NA,NA,NA,NA,NA,NA,NA,NA,NA,NA,0.8,NA,1.68,NA,NA,NA,0.18,20,NA,NA,NA,325.03,NA,NA,NA,NA,NA,NA,NA,NA,NA,NA,NA,NA,NA,NA,NA,NA,8,NA,NA,2,"Atlanta Falcons",2,"Atlanta Falcons","ATL",3,"Baltimore Ravens","BAL","WEEKLY",0.37,7
"New York Jets D/ST","DST","NYJ",NA,NA,NA,NA,NA,NA,NA,NA,NA,NA,NA,NA,NA,6.47,NA,"2912","FanDuel","0505","NumberFire","DST",NA,NA,NA,NA,NA,NA,NA,NA,NA,NA,NA,NA,NA,NA,NA,NA,NA,NA,NA,NA,0.67,NA,2.02,NA,NA,NA,0.18,19.5,NA,NA,NA,299.31,NA,NA,NA,NA,NA,NA,NA,NA,NA,NA,NA,NA,NA,NA,NA,NA,9,NA,NA,22,"New York Jets",22,"New York Jets","NYJ",8,"Cleveland Browns","CLE","WEEKLY",0.28,21
"Denver D/ST","DST","DEN",NA,NA,NA,NA,NA,NA,NA,NA,NA,NA,NA,NA,NA,6.44,NA,"2901","FanDuel","0511","NumberFire","DST",NA,NA,NA,NA,NA,NA,NA,NA,NA,NA,NA,NA,NA,NA,NA,NA,NA,NA,NA,NA,0.65,NA,1.79,NA,NA,NA,0.19,19.5,NA,NA,NA,347.45,NA,NA,NA,NA,NA,NA,NA,NA,NA,NA,NA,NA,NA,NA,NA,NA,10,NA,NA,10,"Denver Broncos",34,"Los Angeles Chargers","LAC",10,"Denver Broncos","DEN","WEEKLY",0.38,29
"Minnesota D/ST","DST","MIN",NA,NA,NA,NA,NA,NA,NA,NA,NA,NA,NA,NA,NA,6.11,NA,"2909","FanDuel","0524","NumberFire","DST",NA,NA,NA,NA,NA,NA,NA,NA,NA,NA,NA,NA,NA,NA,NA,NA,NA,NA,NA,NA,0.74,NA,1.55,NA,NA,NA,0.17,20.5,NA,NA,NA,357.59,NA,NA,NA,NA,NA,NA,NA,NA,NA,NA,NA,NA,NA,NA,NA,NA,11,NA,NA,18,"Minnesota Vikings",20,"New Orleans Saints","NO",18,"Minnesota Vikings","MIN","WEEKLY",0.43,12
"New Orleans D/ST","DST","NO",NA,NA,NA,NA,NA,NA,NA,NA,NA,NA,NA,NA,NA,5.85,NA,"2911","FanDuel","0529","NumberFire","DST",NA,NA,NA,NA,NA,NA,NA,NA,NA,NA,NA,NA,NA,NA,NA,NA,NA,NA,NA,NA,0.65,NA,1.72,NA,NA,NA,0.16,22,NA,NA,NA,326.03,NA,NA,NA,NA,NA,NA,NA,NA,NA,NA,NA,NA,NA,NA,NA,NA,12,NA,NA,20,"New Orleans Saints",20,"New Orleans Saints","NO",18,"Minnesota Vikings","MIN","WEEKLY",0.51,27
"Chicago D/ST","DST","CHI",NA,NA,NA,NA,NA,NA,NA,NA,NA,NA,NA,NA,NA,5.4,NA,"2897","FanDuel","0521","NumberFire","DST",NA,NA,NA,NA,NA,NA,NA,NA,NA,NA,NA,NA,NA,NA,NA,NA,NA,NA,NA,NA,0.71,NA,1.09,NA,NA,NA,0.18,21.5,NA,NA,NA,359.12,NA,NA,NA,NA,NA,NA,NA,NA,NA,NA,NA,NA,NA,NA,NA,NA,13,NA,NA,6,"Chicago Bears",12,"Green Bay Packers","GB",6,"Chicago Bears","CHI","WEEKLY",0.46,28
"New England D/ST","DST","NE",NA,NA,NA,NA,NA,NA,NA,NA,NA,NA,NA,NA,NA,5.34,NA,"2910","FanDuel","0504","NumberFire","DST",NA,NA,NA,NA,NA,NA,NA,NA,NA,NA,NA,NA,NA,NA,NA,NA,NA,NA,NA,NA,0.73,NA,1.06,NA,NA,NA,0.18,20.5,NA,NA,NA,331.7,NA,NA,NA,NA,NA,NA,NA,NA,NA,NA,NA,NA,NA,NA,NA,NA,14,NA,NA,19,"New England Patriots",19,"New England Patriots","NE",35,"Las Vegas Raiders","LV","WEEKLY",0.27,10
"Las Vegas D/ST","DST","LV",NA,NA,NA,NA,NA,NA,NA,NA,NA,NA,NA,NA,NA,5.33,NA,"54498","FanDuel","0513","NumberFire","DST",NA,NA,NA,NA,NA,NA,NA,NA,NA,NA,NA,NA,NA,NA,NA,NA,NA,NA,NA,NA,0.77,NA,1.52,NA,NA,NA,0.14,24,NA,NA,NA,403.68,NA,NA,NA,NA,NA,NA,NA,NA,NA,NA,NA,NA,NA,NA,NA,NA,15,NA,NA,35,"Las Vegas Raiders",19,"New England Patriots","NE",35,"Las Vegas Raiders","LV","WEEKLY",0.5,25
"Seattle D/ST","DST","SEA",NA,NA,NA,NA,NA,NA,NA,NA,NA,NA,NA,NA,NA,5.17,NA,"2919","FanDuel","0515","NumberFire","DST",NA,NA,NA,NA,NA,NA,NA,NA,NA,NA,NA,NA,NA,NA,NA,NA,NA,NA,NA,NA,0.82,NA,0.9,NA,NA,NA,0.18,21.25,NA,NA,NA,395.07,NA,NA,NA,NA,NA,NA,NA,NA,NA,NA,NA,NA,NA,NA,NA,NA,16,NA,NA,28,"Seattle Seahawks",28,"Seattle Seahawks","SEA",27,"San Francisco 49ers","SF","WEEKLY",0.27,1
"Los Angeles Rams D/ST","DST","LA",NA,NA,NA,NA,NA,NA,NA,NA,NA,NA,NA,NA,NA,5.13,NA,"53450","FanDuel","0528","NumberFire","DST",NA,NA,NA,NA,NA,NA,NA,NA,NA,NA,NA,NA,NA,NA,NA,NA,NA,NA,NA,NA,0.85,NA,1.46,NA,NA,NA,0.14,25.75,NA,NA,NA,411.1,NA,NA,NA,NA,NA,NA,NA,NA,NA,NA,NA,NA,NA,NA,NA,NA,17,NA,NA,33,"Los Angeles Rams",33,"Los Angeles Rams","LA",4,"Buffalo Bills","BUF","WEEKLY",0.58,2
"San Francisco D/ST","DST","SF",NA,NA,NA,NA,NA,NA,NA,NA,NA,NA,NA,NA,NA,5.09,NA,"2918","FanDuel","0530","NumberFire","DST",NA,NA,NA,NA,NA,NA,NA,NA,NA,NA,NA,NA,NA,NA,NA,NA,NA,NA,NA,NA,0.93,NA,1.12,NA,NA,NA,0.15,24.25,NA,NA,NA,392.77,NA,NA,NA,NA,NA,NA,NA,NA,NA,NA,NA,NA,NA,NA,NA,NA,18,NA,NA,27,"San Francisco 49ers",28,"Seattle Seahawks","SEA",27,"San Francisco 49ers","SF","WEEKLY",0.48,13
"Green Bay D/ST","DST","GB",NA,NA,NA,NA,NA,NA,NA,NA,NA,NA,NA,NA,NA,4.91,NA,"2903","FanDuel","0523","NumberFire","DST",NA,NA,NA,NA,NA,NA,NA,NA,NA,NA,NA,NA,NA,NA,NA,NA,NA,NA,NA,NA,0.98,NA,1.02,NA,NA,NA,0.15,24,NA,NA,NA,353.17,NA,NA,NA,NA,NA,NA,NA,NA,NA,NA,NA,NA,NA,NA,NA,NA,19,NA,NA,12,"Green Bay Packers",12,"Green Bay Packers","GB",6,"Chicago Bears","CHI","WEEKLY",0.33,4
"Philadelphia D/ST","DST","PHI",NA,NA,NA,NA,NA,NA,NA,NA,NA,NA,NA,NA,NA,4.57,NA,"2915","FanDuel","0518","NumberFire","DST",NA,NA,NA,NA,NA,NA,NA,NA,NA,NA,NA,NA,NA,NA,NA,NA,NA,NA,NA,NA,0.69,NA,1.27,NA,NA,NA,0.14,24.5,NA,NA,NA,360.95,NA,NA,NA,NA,NA,NA,NA,NA,NA,NA,NA,NA,NA,NA,NA,NA,20,NA,NA,24,"Philadelphia Eagles",15,"Jacksonville Jaguars","JAC",24,"Philadelphia Eagles","PHI","WEEKLY",0.42,8
"Los Angeles Chargers D/ST","DST","LAC",NA,NA,NA,NA,NA,NA,NA,NA,NA,NA,NA,NA,NA,4.49,NA,"53451","FanDuel","0514","NumberFire","DST",NA,NA,NA,NA,NA,NA,NA,NA,NA,NA,NA,NA,NA,NA,NA,NA,NA,NA,NA,NA,0.69,NA,0.96,NA,NA,NA,0.16,23,NA,NA,NA,338.72,NA,NA,NA,NA,NA,NA,NA,NA,NA,NA,NA,NA,NA,NA,NA,NA,21,NA,NA,34,"Los Angeles Chargers",34,"Los Angeles Chargers","LAC",10,"Denver Broncos","DEN","WEEKLY",0.33,23
"New York Giants D/ST","DST","NYG",NA,NA,NA,NA,NA,NA,NA,NA,NA,NA,NA,NA,NA,4.47,NA,"2913","FanDuel","0517","NumberFire","DST",NA,NA,NA,NA,NA,NA,NA,NA,NA,NA,NA,NA,NA,NA,NA,NA,NA,NA,NA,NA,0.54,NA,1.1,NA,NA,NA,0.15,23.5,NA,NA,NA,323.21,NA,NA,NA,NA,NA,NA,NA,NA,NA,NA,NA,NA,NA,NA,NA,NA,22,NA,NA,21,"New York Giants",32,"Washington Commanders","WSH",21,"New York Giants","NYG","WEEKLY",0.46,19
"Tennessee D/ST","DST","TEN",NA,NA,NA,NA,NA,NA,NA,NA,NA,NA,NA,NA,NA,4.44,NA,"2922","FanDuel","0508","NumberFire","DST",NA,NA,NA,NA,NA,NA,NA,NA,NA,NA,NA,NA,NA,NA,NA,NA,NA,NA,NA,NA,0.58,NA,1.15,NA,NA,NA,0.15,22.5,NA,NA,NA,359.12,NA,NA,NA,NA,NA,NA,NA,NA,NA,NA,NA,NA,NA,NA,NA,NA,23,NA,NA,31,"Tennessee Titans",31,"Tennessee Titans","TEN",13,"Houston Texans","HOU","WEEKLY",0.24,15
"Baltimore D/ST","DST","BAL",NA,NA,NA,NA,NA,NA,NA,NA,NA,NA,NA,NA,NA,4.43,NA,"2894","FanDuel","0531","NumberFire","DST",NA,NA,NA,NA,NA,NA,NA,NA,NA,NA,NA,NA,NA,NA,NA,NA,NA,NA,NA,NA,0.68,NA,1,NA,NA,NA,0.15,23.5,NA,NA,NA,373.26,NA,NA,NA,NA,NA,NA,NA,NA,NA,NA,NA,NA,NA,NA,NA,NA,24,NA,NA,3,"Baltimore Ravens",2,"Atlanta Falcons","ATL",3,"Baltimore Ravens","BAL","WEEKLY",0.35,18
"Miami D/ST","DST","MIA",NA,NA,NA,NA,NA,NA,NA,NA,NA,NA,NA,NA,NA,4.39,NA,"2908","FanDuel","0503","NumberFire","DST",NA,NA,NA,NA,NA,NA,NA,NA,NA,NA,NA,NA,NA,NA,NA,NA,NA,NA,NA,NA,0.67,NA,1.25,NA,NA,NA,0.15,24.5,NA,NA,NA,360.27,NA,NA,NA,NA,NA,NA,NA,NA,NA,NA,NA,NA,NA,NA,NA,NA,25,NA,NA,17,"Miami Dolphins",17,"Miami Dolphins","MIA",7,"Cincinnati Bengals","CIN","WEEKLY",0.36,14
"Indianapolis D/ST","DST","IND",NA,NA,NA,NA,NA,NA,NA,NA,NA,NA,NA,NA,NA,4.39,NA,"2905","FanDuel","0502","NumberFire","DST",NA,NA,NA,NA,NA,NA,NA,NA,NA,NA,NA,NA,NA,NA,NA,NA,NA,NA,NA,NA,0.55,NA,1.22,NA,NA,NA,0.15,23.5,NA,NA,NA,347.49,NA,NA,NA,NA,NA,NA,NA,NA,NA,NA,NA,NA,NA,NA,NA,NA,25,NA,NA,14,"Indianapolis Colts",25,"Pittsburgh Steelers","PIT",14,"Indianapolis Colts","IND","WEEKLY",0.34,26
"Detroit D/ST","DST","DET",NA,NA,NA,NA,NA,NA,NA,NA,NA,NA,NA,NA,NA,4.2,NA,"2902","FanDuel","0522","NumberFire","DST",NA,NA,NA,NA,NA,NA,NA,NA,NA,NA,NA,NA,NA,NA,NA,NA,NA,NA,NA,NA,0.57,NA,1.48,NA,NA,NA,0.16,24.5,NA,NA,NA,343.43,NA,NA,NA,NA,NA,NA,NA,NA,NA,NA,NA,NA,NA,NA,NA,NA,27,NA,NA,11,"Detroit Lions",1,"Arizona Cardinals","ARI",11,"Detroit Lions","DET","WEEKLY",0.2,17
"Tampa Bay D/ST","DST","TB",NA,NA,NA,NA,NA,NA,NA,NA,NA,NA,NA,NA,NA,3.61,NA,"2921","FanDuel","0525","NumberFire","DST",NA,NA,NA,NA,NA,NA,NA,NA,NA,NA,NA,NA,NA,NA,NA,NA,NA,NA,NA,NA,0.73,NA,1.13,NA,NA,NA,0.12,28,NA,NA,NA,376.49,NA,NA,NA,NA,NA,NA,NA,NA,NA,NA,NA,NA,NA,NA,NA,NA,28,NA,NA,30,"Tampa Bay Buccaneers",9,"Dallas Cowboys","DAL",30,"Tampa Bay Buccaneers","TB","WEEKLY",0.43,3
"Buffalo D/ST","DST","BUF",NA,NA,NA,NA,NA,NA,NA,NA,NA,NA,NA,NA,NA,3.36,NA,"2895","FanDuel","0501","NumberFire","DST",NA,NA,NA,NA,NA,NA,NA,NA,NA,NA,NA,NA,NA,NA,NA,NA,NA,NA,NA,NA,0.84,NA,1.11,NA,NA,NA,0.13,28.75,NA,NA,NA,412.67,NA,NA,NA,NA,NA,NA,NA,NA,NA,NA,NA,NA,NA,NA,NA,NA,29,NA,NA,4,"Buffalo Bills",33,"Los Angeles Rams","LA",4,"Buffalo Bills","BUF","WEEKLY",0.24,11
"Arizona D/ST","DST","ARI",NA,NA,NA,NA,NA,NA,NA,NA,NA,NA,NA,NA,NA,2.8,NA,"2892","FanDuel","0519","NumberFire","DST",NA,NA,NA,NA,NA,NA,NA,NA,NA,NA,NA,NA,NA,NA,NA,NA,NA,NA,NA,NA,0.58,NA,1.27,NA,NA,NA,0.12,30,NA,NA,NA,413.23,NA,NA,NA,NA,NA,NA,NA,NA,NA,NA,NA,NA,NA,NA,NA,NA,30,NA,NA,1,"Arizona Cardinals",1,"Arizona Cardinals","ARI",11,"Detroit Lions","DET","WEEKLY",0.32,6
