"player","pos","team","games","pass_att","pass_comp","pass_yds","pass_yds_g","pass_tds","pass_int","pass_rate","rush_att","rush_yds","rush_avg","rush_tds","fumbles_lost","site_pts","site_fppg","src_id","data_src","id","source","position_asked","rec_tgt","rec","rec_yds","rec_yds_g","rec_avg","rec_tds","fg","fg_att","fg_0019","fg_att_0019","fg_2029","fg_att_2029","fg_3039","fg_att_3039","fg_4049","fg_att_4049","fg_50","fg_att_50","xp","xp_att","dst_int","dst_safety","dst_sacks","dst_tackles","dst_fum_rec","dst_fum_force","dst_td","dst_pts_allowed","dst_pts_allowed_g","dst_pass_yds_allowed","dst_rush_yds_allowed","dst_yds_allowed","dst_avg_yds_allowed","dst_fumbles","fg_50_att","fg_4049_att","fg_0039","fg_att_39","BYE","bye","fg_pct","dst_pass_yds_g","dst_rush_yds_g","dst_ret_tds","pos_rank","overall_rank","team_id","team_name","proj_type","fumblesRecovered"
"Josh Allen","QB","BUF",14,403,276,3169,226.4,26,11,102.1,109,500,4.6,10,4,347,24.8,"2181054","CBS","13589","CBS","QB",NA,NA,NA,NA,NA,NA,NA,NA,NA,NA,NA,NA,NA,NA,NA,NA,NA,NA,NA,NA,NA,NA,NA,NA,NA,NA,NA,NA,NA,NA,NA,NA,NA,NA,NA,NA,NA,NA,NA,NA,NA,NA,NA,NA,NA,NA,NA,NA,NA,NA
"Brock Purdy","QB","SF",14,447,305,3461,247.2,26,12,99.4,64,336,5.3,4,2,306,21.9,"2961306","CBS","15698","CBS","QB",NA,NA,NA,NA,NA,NA,NA,NA,NA,NA,NA,NA,NA,NA,NA,NA,NA,NA,NA,NA,NA,NA,NA,NA,NA,NA,NA,NA,NA,NA,NA,NA,NA,NA,NA,NA,NA,NA,NA,NA,NA,NA,NA,NA,NA,NA,NA,NA,NA,NA
"Patrick Mahomes","QB","KC",14,482,304,3278,234.1,26,11,91.5,63,339,5.4,4,0,306,21.9,"2142052","CBS","13116","CBS","QB",NA,NA,NA,NA,NA,NA,NA,NA,NA,NA,NA,NA,NA,NA,NA,NA,NA,NA,NA,NA,NA,NA,NA,NA,NA,NA,NA,NA,NA,NA,NA,NA,NA,NA,NA,NA,NA,NA,NA,NA,NA,NA,NA,NA,NA,NA,NA,NA,NA,NA
"Trevor Lawrence","QB","JAC",14,431,271,3246,231.9,28,11,96.9,58,264,4.6,4,2,305,21.8,"2967185","CBS","15237","CBS","QB",NA,NA,NA,NA,NA,NA,NA,NA,NA,NA,NA,NA,NA,NA,NA,NA,NA,NA,NA,NA,NA,NA,NA,NA,NA,NA,NA,NA,NA,NA,NA,NA,NA,NA,NA,NA,NA,NA,NA,NA,NA,NA,NA,NA,NA,NA,NA,NA,NA,NA
"Joe Burrow","QB","CIN",14,505,342,3536,252.6,30,10,99.2,31,158,5.1,1,2,304,21.7,"2179798","CBS","14777","CBS","QB",NA,NA,NA,NA,NA,NA,NA,NA,NA,NA,NA,NA,NA,NA,NA,NA,NA,NA,NA,NA,NA,NA,NA,NA,NA,NA,NA,NA,NA,NA,NA,NA,NA,NA,NA,NA,NA,NA,NA,NA,NA,NA,NA,NA,NA,NA,NA,NA,NA,NA
"Jalen Hurts","QB","PHI",14,398,259,2889,206.4,24,5,101.4,92,393,4.3,6,3,303,21.6,"2240246","CBS","14783","CBS","QB",NA,NA,NA,NA,NA,NA,NA,NA,NA,NA,NA,NA,NA,NA,NA,NA,NA,NA,NA,NA,NA,NA,NA,NA,NA,NA,NA,NA,NA,NA,NA,NA,NA,NA,NA,NA,NA,NA,NA,NA,NA,NA,NA,NA,NA,NA,NA,NA,NA,NA
"Dak Prescott","QB","DAL",14,507,337,3645,260.4,28,9,98.4,52,216,4.2,1,2,302,21.6,"1824864","CBS","12620","CBS","QB",NA,NA,NA,NA,NA,NA,NA,NA,NA,NA,NA,NA,NA,NA,NA,NA,NA,NA,NA,NA,NA,NA,NA,NA,NA,NA,NA,NA,NA,NA,NA,NA,NA,NA,NA,NA,NA,NA,NA,NA,NA,NA,NA,NA,NA,NA,NA,NA,NA,NA
"Lamar Jackson","QB","BAL",14,336,225,2907,207.6,27,8,110.8,83,496,6,2,4,299,21.4,"2181169","CBS","13593","CBS","QB",NA,NA,NA,NA,NA,NA,NA,NA,NA,NA,NA,NA,NA,NA,NA,NA,NA,NA,NA,NA,NA,NA,NA,NA,NA,NA,NA,NA,NA,NA,NA,NA,NA,NA,NA,NA,NA,NA,NA,NA,NA,NA,NA,NA,NA,NA,NA,NA,NA,NA
"Tyler Shough","QB","NO",14,498,339,3643,260.2,23,12,94.6,62,287,4.6,4,5,286,20.4,"2964064","CBS","17039","CBS","QB",NA,NA,NA,NA,NA,NA,NA,NA,NA,NA,NA,NA,NA,NA,NA,NA,NA,NA,NA,NA,NA,NA,NA,NA,NA,NA,NA,NA,NA,NA,NA,NA,NA,NA,NA,NA,NA,NA,NA,NA,NA,NA,NA,NA,NA,NA,NA,NA,NA,NA
"Jayden Daniels","QB","WAS",14,389,241,2715,193.9,23,8,93.9,105,609,5.8,3,2,286,20.4,"3123337","CBS","16581","CBS","QB",NA,NA,NA,NA,NA,NA,NA,NA,NA,NA,NA,NA,NA,NA,NA,NA,NA,NA,NA,NA,NA,NA,NA,NA,NA,NA,NA,NA,NA,NA,NA,NA,NA,NA,NA,NA,NA,NA,NA,NA,NA,NA,NA,NA,NA,NA,NA,NA,NA,NA
"Caleb Williams","QB","CHI",13,431,264,3037,233.6,24,7,94.3,64,344,5.4,3,1,284,21.8,"26695775","CBS","16579","CBS","QB",NA,NA,NA,NA,NA,NA,NA,NA,NA,NA,NA,NA,NA,NA,NA,NA,NA,NA,NA,NA,NA,NA,NA,NA,NA,NA,NA,NA,NA,NA,NA,NA,NA,NA,NA,NA,NA,NA,NA,NA,NA,NA,NA,NA,NA,NA,NA,NA,NA,NA
"Jared Goff","QB","DET",14,442,312,3554,253.9,28,7,108.9,26,50,1.9,0,3,283,20.2,"2061053","CBS","12611","CBS","QB",NA,NA,NA,NA,NA,NA,NA,NA,NA,NA,NA,NA,NA,NA,NA,NA,NA,NA,NA,NA,NA,NA,NA,NA,NA,NA,NA,NA,NA,NA,NA,NA,NA,NA,NA,NA,NA,NA,NA,NA,NA,NA,NA,NA,NA,NA,NA,NA,NA,NA
"Matthew Stafford","QB","LAR",14,447,285,3406,243.3,27,7,100.6,24,31,1.3,0,2,270,19.3,"1114942","CBS","9431","CBS","QB",NA,NA,NA,NA,NA,NA,NA,NA,NA,NA,NA,NA,NA,NA,NA,NA,NA,NA,NA,NA,NA,NA,NA,NA,NA,NA,NA,NA,NA,NA,NA,NA,NA,NA,NA,NA,NA,NA,NA,NA,NA,NA,NA,NA,NA,NA,NA,NA,NA,NA
"Daniel Jones","QB","IND",14,443,284,3215,229.6,25,10,95.2,37,127,3.4,2,3,262,18.7,"2179245","CBS","14059","CBS","QB",NA,NA,NA,NA,NA,NA,NA,NA,NA,NA,NA,NA,NA,NA,NA,NA,NA,NA,NA,NA,NA,NA,NA,NA,NA,NA,NA,NA,NA,NA,NA,NA,NA,NA,NA,NA,NA,NA,NA,NA,NA,NA,NA,NA,NA,NA,NA,NA,NA,NA
"Jordan Love","QB","GB",14,453,286,3439,245.6,25,9,96.4,32,117,3.7,0,2,260,18.6,"2239997","CBS","14782","CBS","QB",NA,NA,NA,NA,NA,NA,NA,NA,NA,NA,NA,NA,NA,NA,NA,NA,NA,NA,NA,NA,NA,NA,NA,NA,NA,NA,NA,NA,NA,NA,NA,NA,NA,NA,NA,NA,NA,NA,NA,NA,NA,NA,NA,NA,NA,NA,NA,NA,NA,NA
"Bo Nix","QB","DEN",14,458,292,2880,205.7,22,9,89.2,57,216,3.8,4,1,257,18.4,"3121193","CBS","16582","CBS","QB",NA,NA,NA,NA,NA,NA,NA,NA,NA,NA,NA,NA,NA,NA,NA,NA,NA,NA,NA,NA,NA,NA,NA,NA,NA,NA,NA,NA,NA,NA,NA,NA,NA,NA,NA,NA,NA,NA,NA,NA,NA,NA,NA,NA,NA,NA,NA,NA,NA,NA
"Sam Darnold","QB","SEA",14,412,279,3372,240.9,26,10,103.5,39,106,2.7,0,4,256,18.3,"2180320","CBS","13592","CBS","QB",NA,NA,NA,NA,NA,NA,NA,NA,NA,NA,NA,NA,NA,NA,NA,NA,NA,NA,NA,NA,NA,NA,NA,NA,NA,NA,NA,NA,NA,NA,NA,NA,NA,NA,NA,NA,NA,NA,NA,NA,NA,NA,NA,NA,NA,NA,NA,NA,NA,NA
"Drake Maye","QB","NE",14,386,263,3124,223.1,21,12,97.8,79,417,5.3,2,5,253,18.1,"26695757","CBS","16580","CBS","QB",NA,NA,NA,NA,NA,NA,NA,NA,NA,NA,NA,NA,NA,NA,NA,NA,NA,NA,NA,NA,NA,NA,NA,NA,NA,NA,NA,NA,NA,NA,NA,NA,NA,NA,NA,NA,NA,NA,NA,NA,NA,NA,NA,NA,NA,NA,NA,NA,NA,NA
"Kyler Murray","QB","MIN",14,383,242,2702,193,24,15,88.7,50,347,6.9,3,2,251,17.9,"2180829","CBS","14056","CBS","QB",NA,NA,NA,NA,NA,NA,NA,NA,NA,NA,NA,NA,NA,NA,NA,NA,NA,NA,NA,NA,NA,NA,NA,NA,NA,NA,NA,NA,NA,NA,NA,NA,NA,NA,NA,NA,NA,NA,NA,NA,NA,NA,NA,NA,NA,NA,NA,NA,NA,NA
"Bryce Young","QB","CAR",14,446,285,3008,214.9,23,11,90.3,37,165,4.5,3,1,251,17.9,"3161957","CBS","16148","CBS","QB",NA,NA,NA,NA,NA,NA,NA,NA,NA,NA,NA,NA,NA,NA,NA,NA,NA,NA,NA,NA,NA,NA,NA,NA,NA,NA,NA,NA,NA,NA,NA,NA,NA,NA,NA,NA,NA,NA,NA,NA,NA,NA,NA,NA,NA,NA,NA,NA,NA,NA
"C.J. Stroud","QB","HOU",14,481,299,3343,238.8,22,9,90.3,41,210,5.1,1,4,250,17.9,"3163079","CBS","16150","CBS","QB",NA,NA,NA,NA,NA,NA,NA,NA,NA,NA,NA,NA,NA,NA,NA,NA,NA,NA,NA,NA,NA,NA,NA,NA,NA,NA,NA,NA,NA,NA,NA,NA,NA,NA,NA,NA,NA,NA,NA,NA,NA,NA,NA,NA,NA,NA,NA,NA,NA,NA
"Deshaun Watson","QB","CLE",14,434,275,2893,206.6,19,13,84.8,95,441,4.6,3,2,246,17.6,"2133482","CBS","13113","CBS","QB",NA,NA,NA,NA,NA,NA,NA,NA,NA,NA,NA,NA,NA,NA,NA,NA,NA,NA,NA,NA,NA,NA,NA,NA,NA,NA,NA,NA,NA,NA,NA,NA,NA,NA,NA,NA,NA,NA,NA,NA,NA,NA,NA,NA,NA,NA,NA,NA,NA,NA
"Jacoby Brissett","QB","ARI",14,494,323,3067,219.1,21,9,89,50,180,3.6,3,3,242,17.3,"1877247","CBS","12616","CBS","QB",NA,NA,NA,NA,NA,NA,NA,NA,NA,NA,NA,NA,NA,NA,NA,NA,NA,NA,NA,NA,NA,NA,NA,NA,NA,NA,NA,NA,NA,NA,NA,NA,NA,NA,NA,NA,NA,NA,NA,NA,NA,NA,NA,NA,NA,NA,NA,NA,NA,NA
"Justin Herbert","QB","LAC",14,424,274,2918,208.4,19,12,87.8,64,342,5.3,1,1,227,16.2,"2221960","CBS","14779","CBS","QB",NA,NA,NA,NA,NA,NA,NA,NA,NA,NA,NA,NA,NA,NA,NA,NA,NA,NA,NA,NA,NA,NA,NA,NA,NA,NA,NA,NA,NA,NA,NA,NA,NA,NA,NA,NA,NA,NA,NA,NA,NA,NA,NA,NA,NA,NA,NA,NA,NA,NA
"Kirk Cousins","QB","LV",14,425,286,2733,195.2,24,12,92,27,23,0.9,1,1,224,16,"1272574","CBS","10700","CBS","QB",NA,NA,NA,NA,NA,NA,NA,NA,NA,NA,NA,NA,NA,NA,NA,NA,NA,NA,NA,NA,NA,NA,NA,NA,NA,NA,NA,NA,NA,NA,NA,NA,NA,NA,NA,NA,NA,NA,NA,NA,NA,NA,NA,NA,NA,NA,NA,NA,NA,NA
"Malik Willis","QB","MIA",14,368,240,2452,175.1,17,14,83.7,122,577,4.7,3,5,223,15.9,"2804167","CBS","15694","CBS","QB",NA,NA,NA,NA,NA,NA,NA,NA,NA,NA,NA,NA,NA,NA,NA,NA,NA,NA,NA,NA,NA,NA,NA,NA,NA,NA,NA,NA,NA,NA,NA,NA,NA,NA,NA,NA,NA,NA,NA,NA,NA,NA,NA,NA,NA,NA,NA,NA,NA,NA
"Cam Ward","QB","TEN",14,449,272,2782,198.7,19,7,86,34,121,3.6,2,4,210,15,"3168422","CBS","17030","CBS","QB",NA,NA,NA,NA,NA,NA,NA,NA,NA,NA,NA,NA,NA,NA,NA,NA,NA,NA,NA,NA,NA,NA,NA,NA,NA,NA,NA,NA,NA,NA,NA,NA,NA,NA,NA,NA,NA,NA,NA,NA,NA,NA,NA,NA,NA,NA,NA,NA,NA,NA
"Geno Smith","QB","NYJ",14,414,272,2634,188.1,20,11,88.4,52,193,3.7,1,2,207,14.8,"1700358","CBS","11150","CBS","QB",NA,NA,NA,NA,NA,NA,NA,NA,NA,NA,NA,NA,NA,NA,NA,NA,NA,NA,NA,NA,NA,NA,NA,NA,NA,NA,NA,NA,NA,NA,NA,NA,NA,NA,NA,NA,NA,NA,NA,NA,NA,NA,NA,NA,NA,NA,NA,NA,NA,NA
"Michael Penix Jr.","QB","ATL",14,417,256,2916,208.3,19,11,86.6,25,56,2.2,1,3,201,14.4,"2963496","CBS","16583","CBS","QB",NA,NA,NA,NA,NA,NA,NA,NA,NA,NA,NA,NA,NA,NA,NA,NA,NA,NA,NA,NA,NA,NA,NA,NA,NA,NA,NA,NA,NA,NA,NA,NA,NA,NA,NA,NA,NA,NA,NA,NA,NA,NA,NA,NA,NA,NA,NA,NA,NA,NA
"Baker Mayfield","QB","TB",11,356,227,2439,221.7,18,9,90.1,39,242,6.2,2,4,198,18,"2080032","CBS","13590","CBS","QB",NA,NA,NA,NA,NA,NA,NA,NA,NA,NA,NA,NA,NA,NA,NA,NA,NA,NA,NA,NA,NA,NA,NA,NA,NA,NA,NA,NA,NA,NA,NA,NA,NA,NA,NA,NA,NA,NA,NA,NA,NA,NA,NA,NA,NA,NA,NA,NA,NA,NA
"Aaron Rodgers","QB","PIT",14,408,255,2610,186.4,19,8,88.2,19,55,2.9,1,2,195,13.9,"419780","CBS","7836","CBS","QB",NA,NA,NA,NA,NA,NA,NA,NA,NA,NA,NA,NA,NA,NA,NA,NA,NA,NA,NA,NA,NA,NA,NA,NA,NA,NA,NA,NA,NA,NA,NA,NA,NA,NA,NA,NA,NA,NA,NA,NA,NA,NA,NA,NA,NA,NA,NA,NA,NA,NA
"Jameis Winston","QB","NYG",14,311,182,1923,137.4,14,12,75.5,28,111,4,2,2,139,9.9,"1998197","CBS","12140","CBS","QB",NA,NA,NA,NA,NA,NA,NA,NA,NA,NA,NA,NA,NA,NA,NA,NA,NA,NA,NA,NA,NA,NA,NA,NA,NA,NA,NA,NA,NA,NA,NA,NA,NA,NA,NA,NA,NA,NA,NA,NA,NA,NA,NA,NA,NA,NA,NA,NA,NA,NA
"Jalon Daniels","QB","TB",14,109,69,747,53.4,5,3,87.2,16,71,4.4,0,1,47,3.4,"3166688","CBS","17469","CBS","QB",NA,NA,NA,NA,NA,NA,NA,NA,NA,NA,NA,NA,NA,NA,NA,NA,NA,NA,NA,NA,NA,NA,NA,NA,NA,NA,NA,NA,NA,NA,NA,NA,NA,NA,NA,NA,NA,NA,NA,NA,NA,NA,NA,NA,NA,NA,NA,NA,NA,NA
"Ty Simpson","QB","LAR",14,50,32,380,27.1,3,1,98.8,6,26,4.3,0,0,24,1.7,"28878532","CBS","17463","CBS","QB",NA,NA,NA,NA,NA,NA,NA,NA,NA,NA,NA,NA,NA,NA,NA,NA,NA,NA,NA,NA,NA,NA,NA,NA,NA,NA,NA,NA,NA,NA,NA,NA,NA,NA,NA,NA,NA,NA,NA,NA,NA,NA,NA,NA,NA,NA,NA,NA,NA,NA
"Case Keenum","QB","CHI",1,33,20,227,227,2,0,101.5,2,8,4,0,0,20,20,"1137118","CBS","10948","CBS","QB",NA,NA,NA,NA,NA,NA,NA,NA,NA,NA,NA,NA,NA,NA,NA,NA,NA,NA,NA,NA,NA,NA,NA,NA,NA,NA,NA,NA,NA,NA,NA,NA,NA,NA,NA,NA,NA,NA,NA,NA,NA,NA,NA,NA,NA,NA,NA,NA,NA,NA
"J.J. McCarthy","QB","NYG",12,34,20,212,17.7,2,1,84.4,5,21,4.2,0,0,10,0.8,"26695214","CBS","16584","CBS","QB",NA,NA,NA,NA,NA,NA,NA,NA,NA,NA,NA,NA,NA,NA,NA,NA,NA,NA,NA,NA,NA,NA,NA,NA,NA,NA,NA,NA,NA,NA,NA,NA,NA,NA,NA,NA,NA,NA,NA,NA,NA,NA,NA,NA,NA,NA,NA,NA,NA,NA
"Davis Mills","QB","HOU",14,20,12,136,9.7,1,0,97.1,4,15,3.8,0,0,6,0.4,"2867381","CBS","15252","CBS","QB",NA,NA,NA,NA,NA,NA,NA,NA,NA,NA,NA,NA,NA,NA,NA,NA,NA,NA,NA,NA,NA,NA,NA,NA,NA,NA,NA,NA,NA,NA,NA,NA,NA,NA,NA,NA,NA,NA,NA,NA,NA,NA,NA,NA,NA,NA,NA,NA,NA,NA
"Gardner Minshew","QB","ARI",14,20,13,125,8.9,1,0,99,3,13,4.3,0,0,6,0.4,"2183083","CBS","14067","CBS","QB",NA,NA,NA,NA,NA,NA,NA,NA,NA,NA,NA,NA,NA,NA,NA,NA,NA,NA,NA,NA,NA,NA,NA,NA,NA,NA,NA,NA,NA,NA,NA,NA,NA,NA,NA,NA,NA,NA,NA,NA,NA,NA,NA,NA,NA,NA,NA,NA,NA,NA
"Kyle Allen","QB","BUF",14,14,7,84,6,1,0,92.6,2,2,1,0,0,6,0.4,"2131782","CBS","13879","CBS","QB",NA,NA,NA,NA,NA,NA,NA,NA,NA,NA,NA,NA,NA,NA,NA,NA,NA,NA,NA,NA,NA,NA,NA,NA,NA,NA,NA,NA,NA,NA,NA,NA,NA,NA,NA,NA,NA,NA,NA,NA,NA,NA,NA,NA,NA,NA,NA,NA,NA,NA
"Mitch Trubisky","QB","TEN",14,18,10,102,7.3,1,0,90.5,3,9,3,0,0,6,0.4,"2060476","CBS","13115","CBS","QB",NA,NA,NA,NA,NA,NA,NA,NA,NA,NA,NA,NA,NA,NA,NA,NA,NA,NA,NA,NA,NA,NA,NA,NA,NA,NA,NA,NA,NA,NA,NA,NA,NA,NA,NA,NA,NA,NA,NA,NA,NA,NA,NA,NA,NA,NA,NA,NA,NA,NA
"Quinn Ewers","QB","JAC",14,18,11,132,9.4,1,0,102.1,4,16,4,0,0,6,0.4,"26746721","CBS","17034","CBS","QB",NA,NA,NA,NA,NA,NA,NA,NA,NA,NA,NA,NA,NA,NA,NA,NA,NA,NA,NA,NA,NA,NA,NA,NA,NA,NA,NA,NA,NA,NA,NA,NA,NA,NA,NA,NA,NA,NA,NA,NA,NA,NA,NA,NA,NA,NA,NA,NA,NA,NA
"Tyson Bagent","QB","CHI",14,23,14,163,11.6,1,0,96.8,4,5,1.3,0,0,6,0.4,"29081346","CBS","16384","CBS","QB",NA,NA,NA,NA,NA,NA,NA,NA,NA,NA,NA,NA,NA,NA,NA,NA,NA,NA,NA,NA,NA,NA,NA,NA,NA,NA,NA,NA,NA,NA,NA,NA,NA,NA,NA,NA,NA,NA,NA,NA,NA,NA,NA,NA,NA,NA,NA,NA,NA,NA
"Justin Fields","QB","KC",14,19,12,132,9.4,1,0,101.2,4,20,5,0,0,6,0.4,"1273205","CBS","15238","CBS","QB",NA,NA,NA,NA,NA,NA,NA,NA,NA,NA,NA,NA,NA,NA,NA,NA,NA,NA,NA,NA,NA,NA,NA,NA,NA,NA,NA,NA,NA,NA,NA,NA,NA,NA,NA,NA,NA,NA,NA,NA,NA,NA,NA,NA,NA,NA,NA,NA,NA,NA
"Stetson Bennett","QB","LAR",14,18,12,128,9.1,1,0,105.8,3,17,5.7,0,0,6,0.4,"2871628","CBS","16153","CBS","QB",NA,NA,NA,NA,NA,NA,NA,NA,NA,NA,NA,NA,NA,NA,NA,NA,NA,NA,NA,NA,NA,NA,NA,NA,NA,NA,NA,NA,NA,NA,NA,NA,NA,NA,NA,NA,NA,NA,NA,NA,NA,NA,NA,NA,NA,NA,NA,NA,NA,NA
"Joe Flacco","QB","CIN",14,21,14,144,10.3,1,0,102.1,3,13,4.3,0,0,6,0.4,"1250697","CBS","9064","CBS","QB",NA,NA,NA,NA,NA,NA,NA,NA,NA,NA,NA,NA,NA,NA,NA,NA,NA,NA,NA,NA,NA,NA,NA,NA,NA,NA,NA,NA,NA,NA,NA,NA,NA,NA,NA,NA,NA,NA,NA,NA,NA,NA,NA,NA,NA,NA,NA,NA,NA,NA
"Marcus Mariota","QB","WAS",14,22,14,157,11.2,1,0,100,4,25,6.3,0,0,6,0.4,"1880862","CBS","12141","CBS","QB",NA,NA,NA,NA,NA,NA,NA,NA,NA,NA,NA,NA,NA,NA,NA,NA,NA,NA,NA,NA,NA,NA,NA,NA,NA,NA,NA,NA,NA,NA,NA,NA,NA,NA,NA,NA,NA,NA,NA,NA,NA,NA,NA,NA,NA,NA,NA,NA,NA,NA
"Tyrod Taylor","QB","GB",14,19,12,140,10,1,0,103,3,14,4.7,0,0,6,0.4,"1243338","CBS","10413","CBS","QB",NA,NA,NA,NA,NA,NA,NA,NA,NA,NA,NA,NA,NA,NA,NA,NA,NA,NA,NA,NA,NA,NA,NA,NA,NA,NA,NA,NA,NA,NA,NA,NA,NA,NA,NA,NA,NA,NA,NA,NA,NA,NA,NA,NA,NA,NA,NA,NA,NA,NA
"Sam Howell","QB","DAL",14,21,13,134,9.6,1,0,96.1,3,10,3.3,0,0,6,0.4,"3123797","CBS","15693","CBS","QB",NA,NA,NA,NA,NA,NA,NA,NA,NA,NA,NA,NA,NA,NA,NA,NA,NA,NA,NA,NA,NA,NA,NA,NA,NA,NA,NA,NA,NA,NA,NA,NA,NA,NA,NA,NA,NA,NA,NA,NA,NA,NA,NA,NA,NA,NA,NA,NA,NA,NA
"Jarrett Stidham","QB","DEN",14,19,12,118,8.4,1,0,98.1,4,15,3.8,0,0,6,0.4,"2180697","CBS","14063","CBS","QB",NA,NA,NA,NA,NA,NA,NA,NA,NA,NA,NA,NA,NA,NA,NA,NA,NA,NA,NA,NA,NA,NA,NA,NA,NA,NA,NA,NA,NA,NA,NA,NA,NA,NA,NA,NA,NA,NA,NA,NA,NA,NA,NA,NA,NA,NA,NA,NA,NA,NA
"Drew Lock","QB","SEA",14,17,11,135,9.6,1,0,108.7,4,17,4.3,0,0,6,0.4,"2185479","CBS","14057","CBS","QB",NA,NA,NA,NA,NA,NA,NA,NA,NA,NA,NA,NA,NA,NA,NA,NA,NA,NA,NA,NA,NA,NA,NA,NA,NA,NA,NA,NA,NA,NA,NA,NA,NA,NA,NA,NA,NA,NA,NA,NA,NA,NA,NA,NA,NA,NA,NA,NA,NA,NA
"Anthony Richardson","QB","IND",14,18,12,135,9.6,1,0,107.4,4,17,4.3,0,0,6,0.4,"3163263","CBS","16152","CBS","QB",NA,NA,NA,NA,NA,NA,NA,NA,NA,NA,NA,NA,NA,NA,NA,NA,NA,NA,NA,NA,NA,NA,NA,NA,NA,NA,NA,NA,NA,NA,NA,NA,NA,NA,NA,NA,NA,NA,NA,NA,NA,NA,NA,NA,NA,NA,NA,NA,NA,NA
"Fernando Mendoza","QB","LV",14,13,9,84,6,1,0,112.3,1,7,7,0,0,6,0.4,"28916321","CBS","17462","CBS","QB",NA,NA,NA,NA,NA,NA,NA,NA,NA,NA,NA,NA,NA,NA,NA,NA,NA,NA,NA,NA,NA,NA,NA,NA,NA,NA,NA,NA,NA,NA,NA,NA,NA,NA,NA,NA,NA,NA,NA,NA,NA,NA,NA,NA,NA,NA,NA,NA,NA,NA
"Tyler Huntley","QB","BAL",14,14,9,115,8.2,1,0,113.7,4,23,5.8,0,0,6,0.4,"3159137","CBS","14789","CBS","QB",NA,NA,NA,NA,NA,NA,NA,NA,NA,NA,NA,NA,NA,NA,NA,NA,NA,NA,NA,NA,NA,NA,NA,NA,NA,NA,NA,NA,NA,NA,NA,NA,NA,NA,NA,NA,NA,NA,NA,NA,NA,NA,NA,NA,NA,NA,NA,NA,NA,NA
"Spencer Rattler","QB","NO",14,20,14,146,10.4,1,0,107.5,3,13,4.3,0,0,6,0.4,"3125863","CBS","16586","CBS","QB",NA,NA,NA,NA,NA,NA,NA,NA,NA,NA,NA,NA,NA,NA,NA,NA,NA,NA,NA,NA,NA,NA,NA,NA,NA,NA,NA,NA,NA,NA,NA,NA,NA,NA,NA,NA,NA,NA,NA,NA,NA,NA,NA,NA,NA,NA,NA,NA,NA,NA
"Kenny Pickett","QB","CAR",14,18,11,121,8.6,1,0,99.5,3,17,5.7,0,0,6,0.4,"2804969","CBS","15692","CBS","QB",NA,NA,NA,NA,NA,NA,NA,NA,NA,NA,NA,NA,NA,NA,NA,NA,NA,NA,NA,NA,NA,NA,NA,NA,NA,NA,NA,NA,NA,NA,NA,NA,NA,NA,NA,NA,NA,NA,NA,NA,NA,NA,NA,NA,NA,NA,NA,NA,NA,NA
"Tua Tagovailoa","QB","ATL",14,17,10,119,8.5,1,0,99.9,4,18,4.5,0,0,6,0.4,"2741209","CBS","14778","CBS","QB",NA,NA,NA,NA,NA,NA,NA,NA,NA,NA,NA,NA,NA,NA,NA,NA,NA,NA,NA,NA,NA,NA,NA,NA,NA,NA,NA,NA,NA,NA,NA,NA,NA,NA,NA,NA,NA,NA,NA,NA,NA,NA,NA,NA,NA,NA,NA,NA,NA,NA
"Mason Rudolph","QB","PIT",14,18,11,116,8.3,1,0,98.4,3,14,4.7,0,0,6,0.4,"2131167","CBS","13595","CBS","QB",NA,NA,NA,NA,NA,NA,NA,NA,NA,NA,NA,NA,NA,NA,NA,NA,NA,NA,NA,NA,NA,NA,NA,NA,NA,NA,NA,NA,NA,NA,NA,NA,NA,NA,NA,NA,NA,NA,NA,NA,NA,NA,NA,NA,NA,NA,NA,NA,NA,NA
"Cade Klubnik","QB","NYJ",14,13,8,81,5.8,1,0,105,2,7,3.5,0,0,6,0.4,"28874636","CBS","17467","CBS","QB",NA,NA,NA,NA,NA,NA,NA,NA,NA,NA,NA,NA,NA,NA,NA,NA,NA,NA,NA,NA,NA,NA,NA,NA,NA,NA,NA,NA,NA,NA,NA,NA,NA,NA,NA,NA,NA,NA,NA,NA,NA,NA,NA,NA,NA,NA,NA,NA,NA,NA
"Joshua Dobbs","QB","DET",14,19,13,150,10.7,1,0,109.5,4,9,2.3,0,0,6,0.4,"2071844","CBS","13119","CBS","QB",NA,NA,NA,NA,NA,NA,NA,NA,NA,NA,NA,NA,NA,NA,NA,NA,NA,NA,NA,NA,NA,NA,NA,NA,NA,NA,NA,NA,NA,NA,NA,NA,NA,NA,NA,NA,NA,NA,NA,NA,NA,NA,NA,NA,NA,NA,NA,NA,NA,NA
"Mac Jones","QB","SF",14,18,12,140,10,1,0,108.6,4,16,4,0,0,6,0.4,"2741202","CBS","15241","CBS","QB",NA,NA,NA,NA,NA,NA,NA,NA,NA,NA,NA,NA,NA,NA,NA,NA,NA,NA,NA,NA,NA,NA,NA,NA,NA,NA,NA,NA,NA,NA,NA,NA,NA,NA,NA,NA,NA,NA,NA,NA,NA,NA,NA,NA,NA,NA,NA,NA,NA,NA
"Shedeur Sanders","QB","CLE",14,18,11,118,8.4,1,1,75.7,4,14,3.5,0,0,4,0.3,"26710004","CBS","17031","CBS","QB",NA,NA,NA,NA,NA,NA,NA,NA,NA,NA,NA,NA,NA,NA,NA,NA,NA,NA,NA,NA,NA,NA,NA,NA,NA,NA,NA,NA,NA,NA,NA,NA,NA,NA,NA,NA,NA,NA,NA,NA,NA,NA,NA,NA,NA,NA,NA,NA,NA,NA
"Andy Dalton","QB","PHI",14,16,11,120,8.6,1,0,111.5,4,19,4.8,0,1,4,0.3,"1125961","CBS","10313","CBS","QB",NA,NA,NA,NA,NA,NA,NA,NA,NA,NA,NA,NA,NA,NA,NA,NA,NA,NA,NA,NA,NA,NA,NA,NA,NA,NA,NA,NA,NA,NA,NA,NA,NA,NA,NA,NA,NA,NA,NA,NA,NA,NA,NA,NA,NA,NA,NA,NA,NA,NA
"Carson Wentz","QB","MIN",14,16,10,110,7.9,1,1,77.6,4,17,4.3,0,0,4,0.3,"1907522","CBS","12610","CBS","QB",NA,NA,NA,NA,NA,NA,NA,NA,NA,NA,NA,NA,NA,NA,NA,NA,NA,NA,NA,NA,NA,NA,NA,NA,NA,NA,NA,NA,NA,NA,NA,NA,NA,NA,NA,NA,NA,NA,NA,NA,NA,NA,NA,NA,NA,NA,NA,NA,NA,NA
"Jahmyr Gibbs","RB","DET",14,NA,NA,NA,NA,NA,NA,NA,256,1283,5,14,2,286,20.4,"3162723","CBS","16162","CBS","RB",78,63,574,41,9.1,6,NA,NA,NA,NA,NA,NA,NA,NA,NA,NA,NA,NA,NA,NA,NA,NA,NA,NA,NA,NA,NA,NA,NA,NA,NA,NA,NA,NA,NA,NA,NA,NA,NA,NA,NA,NA,NA,NA,NA,NA,NA,NA,NA,NA
"Jonathan Taylor","RB","IND",14,NA,NA,NA,NA,NA,NA,NA,304,1352,4.5,16,2,245,17.5,"2866395","CBS","14802","CBS","RB",46,36,290,20.7,8.1,1,NA,NA,NA,NA,NA,NA,NA,NA,NA,NA,NA,NA,NA,NA,NA,NA,NA,NA,NA,NA,NA,NA,NA,NA,NA,NA,NA,NA,NA,NA,NA,NA,NA,NA,NA,NA,NA,NA,NA,NA,NA,NA,NA,NA
"Bijan Robinson","RB","ATL",14,NA,NA,NA,NA,NA,NA,NA,256,1259,4.9,8,2,232,16.6,"3168163","CBS","16161","CBS","RB",76,60,556,39.7,9.3,4,NA,NA,NA,NA,NA,NA,NA,NA,NA,NA,NA,NA,NA,NA,NA,NA,NA,NA,NA,NA,NA,NA,NA,NA,NA,NA,NA,NA,NA,NA,NA,NA,NA,NA,NA,NA,NA,NA,NA,NA,NA,NA,NA,NA
"Derrick Henry","RB","BAL",14,NA,NA,NA,NA,NA,NA,NA,263,1370,5.2,14,1,217,15.5,"2061188","CBS","12626","CBS","RB",19,15,142,10.1,9.5,0,NA,NA,NA,NA,NA,NA,NA,NA,NA,NA,NA,NA,NA,NA,NA,NA,NA,NA,NA,NA,NA,NA,NA,NA,NA,NA,NA,NA,NA,NA,NA,NA,NA,NA,NA,NA,NA,NA,NA,NA,NA,NA,NA,NA
"Kenneth Walker III","RB","KC",14,NA,NA,NA,NA,NA,NA,NA,241,1134,4.7,7,1,188,13.4,"3121372","CBS","15711","CBS","RB",61,46,331,23.6,7.2,3,NA,NA,NA,NA,NA,NA,NA,NA,NA,NA,NA,NA,NA,NA,NA,NA,NA,NA,NA,NA,NA,NA,NA,NA,NA,NA,NA,NA,NA,NA,NA,NA,NA,NA,NA,NA,NA,NA,NA,NA,NA,NA,NA,NA
"Kyren Williams","RB","LAR",14,NA,NA,NA,NA,NA,NA,NA,215,1029,4.8,10,2,187,13.4,"3121836","CBS","15710","CBS","RB",42,34,276,19.7,8.1,3,NA,NA,NA,NA,NA,NA,NA,NA,NA,NA,NA,NA,NA,NA,NA,NA,NA,NA,NA,NA,NA,NA,NA,NA,NA,NA,NA,NA,NA,NA,NA,NA,NA,NA,NA,NA,NA,NA,NA,NA,NA,NA,NA,NA
"Christian McCaffrey","RB","SF",14,NA,NA,NA,NA,NA,NA,NA,204,799,3.9,8,1,178,12.7,"2136743","CBS","13130","CBS","RB",72,57,504,36,8.8,3,NA,NA,NA,NA,NA,NA,NA,NA,NA,NA,NA,NA,NA,NA,NA,NA,NA,NA,NA,NA,NA,NA,NA,NA,NA,NA,NA,NA,NA,NA,NA,NA,NA,NA,NA,NA,NA,NA,NA,NA,NA,NA,NA,NA
"Chase Brown","RB","CIN",14,NA,NA,NA,NA,NA,NA,NA,200,856,4.3,8,1,173,12.4,"2965160","CBS","16181","CBS","RB",75,59,343,24.5,5.8,4,NA,NA,NA,NA,NA,NA,NA,NA,NA,NA,NA,NA,NA,NA,NA,NA,NA,NA,NA,NA,NA,NA,NA,NA,NA,NA,NA,NA,NA,NA,NA,NA,NA,NA,NA,NA,NA,NA,NA,NA,NA,NA,NA,NA
"Ashton Jeanty","RB","LV",14,NA,NA,NA,NA,NA,NA,NA,232,856,3.7,6,1,169,12.1,"28874008","CBS","17042","CBS","RB",69,53,357,25.5,6.7,5,NA,NA,NA,NA,NA,NA,NA,NA,NA,NA,NA,NA,NA,NA,NA,NA,NA,NA,NA,NA,NA,NA,NA,NA,NA,NA,NA,NA,NA,NA,NA,NA,NA,NA,NA,NA,NA,NA,NA,NA,NA,NA,NA,NA
"James Cook III","RB","BUF",14,NA,NA,NA,NA,NA,NA,NA,243,1250,5.1,7,3,168,12,"2975698","CBS","15715","CBS","RB",33,24,176,12.6,7.3,1,NA,NA,NA,NA,NA,NA,NA,NA,NA,NA,NA,NA,NA,NA,NA,NA,NA,NA,NA,NA,NA,NA,NA,NA,NA,NA,NA,NA,NA,NA,NA,NA,NA,NA,NA,NA,NA,NA,NA,NA,NA,NA,NA,NA
"Bhayshul Tuten","RB","JAC",14,NA,NA,NA,NA,NA,NA,NA,223,990,4.4,11,1,168,12,"26732838","CBS","17052","CBS","RB",25,21,151,10.8,7.2,1,NA,NA,NA,NA,NA,NA,NA,NA,NA,NA,NA,NA,NA,NA,NA,NA,NA,NA,NA,NA,NA,NA,NA,NA,NA,NA,NA,NA,NA,NA,NA,NA,NA,NA,NA,NA,NA,NA,NA,NA,NA,NA,NA,NA
"Javonte Williams","RB","DAL",14,NA,NA,NA,NA,NA,NA,NA,217,957,4.4,10,1,167,11.9,"2961719","CBS","15256","CBS","RB",50,36,187,13.4,5.2,2,NA,NA,NA,NA,NA,NA,NA,NA,NA,NA,NA,NA,NA,NA,NA,NA,NA,NA,NA,NA,NA,NA,NA,NA,NA,NA,NA,NA,NA,NA,NA,NA,NA,NA,NA,NA,NA,NA,NA,NA,NA,NA,NA,NA
"D'Andre Swift","RB","CHI",14,NA,NA,NA,NA,NA,NA,NA,211,941,4.5,8,2,157,11.2,"2871710","CBS","14797","CBS","RB",39,30,284,20.3,9.5,1,NA,NA,NA,NA,NA,NA,NA,NA,NA,NA,NA,NA,NA,NA,NA,NA,NA,NA,NA,NA,NA,NA,NA,NA,NA,NA,NA,NA,NA,NA,NA,NA,NA,NA,NA,NA,NA,NA,NA,NA,NA,NA,NA,NA
"Saquon Barkley","RB","PHI",14,NA,NA,NA,NA,NA,NA,NA,240,1136,4.7,5,1,157,11.2,"2185957","CBS","13604","CBS","RB",42,28,202,14.4,7.2,2,NA,NA,NA,NA,NA,NA,NA,NA,NA,NA,NA,NA,NA,NA,NA,NA,NA,NA,NA,NA,NA,NA,NA,NA,NA,NA,NA,NA,NA,NA,NA,NA,NA,NA,NA,NA,NA,NA,NA,NA,NA,NA,NA,NA
"Cam Skattebo","RB","NYG",14,NA,NA,NA,NA,NA,NA,NA,203,816,4,6,1,142,10.1,"26697012","CBS","17045","CBS","RB",45,36,313,22.4,8.7,2,NA,NA,NA,NA,NA,NA,NA,NA,NA,NA,NA,NA,NA,NA,NA,NA,NA,NA,NA,NA,NA,NA,NA,NA,NA,NA,NA,NA,NA,NA,NA,NA,NA,NA,NA,NA,NA,NA,NA,NA,NA,NA,NA,NA
"Chuba Hubbard","RB","CAR",14,NA,NA,NA,NA,NA,NA,NA,182,770,4.2,6,1,141,10.1,"2865693","CBS","15261","CBS","RB",42,35,234,16.7,6.7,4,NA,NA,NA,NA,NA,NA,NA,NA,NA,NA,NA,NA,NA,NA,NA,NA,NA,NA,NA,NA,NA,NA,NA,NA,NA,NA,NA,NA,NA,NA,NA,NA,NA,NA,NA,NA,NA,NA,NA,NA,NA,NA,NA,NA
"Jeremiyah Love","RB","ARI",14,NA,NA,NA,NA,NA,NA,NA,189,762,4,6,2,139,9.9,"29133405","CBS","17472","CBS","RB",56,44,304,21.7,6.9,3,NA,NA,NA,NA,NA,NA,NA,NA,NA,NA,NA,NA,NA,NA,NA,NA,NA,NA,NA,NA,NA,NA,NA,NA,NA,NA,NA,NA,NA,NA,NA,NA,NA,NA,NA,NA,NA,NA,NA,NA,NA,NA,NA,NA
"Bucky Irving","RB","TB",14,NA,NA,NA,NA,NA,NA,NA,214,874,4.1,6,2,136,9.7,"26693770","CBS","16598","CBS","RB",47,40,268,19.1,6.7,1,NA,NA,NA,NA,NA,NA,NA,NA,NA,NA,NA,NA,NA,NA,NA,NA,NA,NA,NA,NA,NA,NA,NA,NA,NA,NA,NA,NA,NA,NA,NA,NA,NA,NA,NA,NA,NA,NA,NA,NA,NA,NA,NA,NA
"David Montgomery","RB","HOU",14,NA,NA,NA,NA,NA,NA,NA,217,747,3.4,8,1,128,9.1,"2261252","CBS","14071","CBS","RB",27,24,194,13.9,8.1,1,NA,NA,NA,NA,NA,NA,NA,NA,NA,NA,NA,NA,NA,NA,NA,NA,NA,NA,NA,NA,NA,NA,NA,NA,NA,NA,NA,NA,NA,NA,NA,NA,NA,NA,NA,NA,NA,NA,NA,NA,NA,NA,NA,NA
"Jacory Croskey-Merritt","RB","WAS",14,NA,NA,NA,NA,NA,NA,NA,206,852,4.1,9,2,127,9.1,"3126952","CBS","17256","CBS","RB",12,10,54,3.9,5.4,0,NA,NA,NA,NA,NA,NA,NA,NA,NA,NA,NA,NA,NA,NA,NA,NA,NA,NA,NA,NA,NA,NA,NA,NA,NA,NA,NA,NA,NA,NA,NA,NA,NA,NA,NA,NA,NA,NA,NA,NA,NA,NA,NA,NA
"Omarion Hampton","RB","LAC",14,NA,NA,NA,NA,NA,NA,NA,194,754,3.9,9,4,125,8.9,"28908905","CBS","17044","CBS","RB",29,25,149,10.6,6,1,NA,NA,NA,NA,NA,NA,NA,NA,NA,NA,NA,NA,NA,NA,NA,NA,NA,NA,NA,NA,NA,NA,NA,NA,NA,NA,NA,NA,NA,NA,NA,NA,NA,NA,NA,NA,NA,NA,NA,NA,NA,NA,NA,NA
"Quinshon Judkins","RB","CLE",14,NA,NA,NA,NA,NA,NA,NA,209,695,3.3,8,1,124,8.9,"28878286","CBS","17051","CBS","RB",47,38,257,18.4,6.8,0,NA,NA,NA,NA,NA,NA,NA,NA,NA,NA,NA,NA,NA,NA,NA,NA,NA,NA,NA,NA,NA,NA,NA,NA,NA,NA,NA,NA,NA,NA,NA,NA,NA,NA,NA,NA,NA,NA,NA,NA,NA,NA,NA,NA
"Jaylen Warren","RB","PIT",14,NA,NA,NA,NA,NA,NA,NA,165,764,4.6,5,1,123,8.8,"3126535","CBS","15742","CBS","RB",44,35,305,21.8,8.7,1,NA,NA,NA,NA,NA,NA,NA,NA,NA,NA,NA,NA,NA,NA,NA,NA,NA,NA,NA,NA,NA,NA,NA,NA,NA,NA,NA,NA,NA,NA,NA,NA,NA,NA,NA,NA,NA,NA,NA,NA,NA,NA,NA,NA
"Breece Hall","RB","NYJ",13,NA,NA,NA,NA,NA,NA,NA,177,722,4.1,5,1,119,9.2,"3123469","CBS","15708","CBS","RB",38,32,314,24.2,9.8,1,NA,NA,NA,NA,NA,NA,NA,NA,NA,NA,NA,NA,NA,NA,NA,NA,NA,NA,NA,NA,NA,NA,NA,NA,NA,NA,NA,NA,NA,NA,NA,NA,NA,NA,NA,NA,NA,NA,NA,NA,NA,NA,NA,NA
"Rhamondre Stevenson","RB","NE",14,NA,NA,NA,NA,NA,NA,NA,154,625,4.1,6,2,118,8.4,"3125832","CBS","15259","CBS","RB",39,32,283,20.2,8.8,2,NA,NA,NA,NA,NA,NA,NA,NA,NA,NA,NA,NA,NA,NA,NA,NA,NA,NA,NA,NA,NA,NA,NA,NA,NA,NA,NA,NA,NA,NA,NA,NA,NA,NA,NA,NA,NA,NA,NA,NA,NA,NA,NA,NA
"Jadarian Price","RB","SEA",14,NA,NA,NA,NA,NA,NA,NA,181,774,4.3,5,5,106,7.6,"28875230","CBS","17473","CBS","RB",30,21,207,14.8,9.9,1,NA,NA,NA,NA,NA,NA,NA,NA,NA,NA,NA,NA,NA,NA,NA,NA,NA,NA,NA,NA,NA,NA,NA,NA,NA,NA,NA,NA,NA,NA,NA,NA,NA,NA,NA,NA,NA,NA,NA,NA,NA,NA,NA,NA
"Aaron Jones","RB","MIN",14,NA,NA,NA,NA,NA,NA,NA,159,701,4.4,4,1,105,7.5,"2071937","CBS","13319","CBS","RB",44,32,231,16.5,7.2,1,NA,NA,NA,NA,NA,NA,NA,NA,NA,NA,NA,NA,NA,NA,NA,NA,NA,NA,NA,NA,NA,NA,NA,NA,NA,NA,NA,NA,NA,NA,NA,NA,NA,NA,NA,NA,NA,NA,NA,NA,NA,NA,NA,NA
"TreVeyon Henderson","RB","NE",14,NA,NA,NA,NA,NA,NA,NA,146,666,4.6,6,1,102,7.3,"26699547","CBS","17043","CBS","RB",26,21,125,8.9,6,1,NA,NA,NA,NA,NA,NA,NA,NA,NA,NA,NA,NA,NA,NA,NA,NA,NA,NA,NA,NA,NA,NA,NA,NA,NA,NA,NA,NA,NA,NA,NA,NA,NA,NA,NA,NA,NA,NA,NA,NA,NA,NA,NA,NA
"Tony Pollard","RB","TEN",14,NA,NA,NA,NA,NA,NA,NA,178,785,4.4,4,1,101,7.2,"2184011","CBS","14085","CBS","RB",38,30,173,12.4,5.8,0,NA,NA,NA,NA,NA,NA,NA,NA,NA,NA,NA,NA,NA,NA,NA,NA,NA,NA,NA,NA,NA,NA,NA,NA,NA,NA,NA,NA,NA,NA,NA,NA,NA,NA,NA,NA,NA,NA,NA,NA,NA,NA,NA,NA
"Kyle Monangai","RB","CHI",14,NA,NA,NA,NA,NA,NA,NA,176,774,4.4,4,1,101,7.2,"3177368","CBS","17066","CBS","RB",29,21,188,13.4,9,0,NA,NA,NA,NA,NA,NA,NA,NA,NA,NA,NA,NA,NA,NA,NA,NA,NA,NA,NA,NA,NA,NA,NA,NA,NA,NA,NA,NA,NA,NA,NA,NA,NA,NA,NA,NA,NA,NA,NA,NA,NA,NA,NA,NA
"J.K. Dobbins","RB","DEN",14,NA,NA,NA,NA,NA,NA,NA,199,876,4.4,4,1,101,7.2,"2804420","CBS","14800","CBS","RB",16,13,48,3.4,3.7,0,NA,NA,NA,NA,NA,NA,NA,NA,NA,NA,NA,NA,NA,NA,NA,NA,NA,NA,NA,NA,NA,NA,NA,NA,NA,NA,NA,NA,NA,NA,NA,NA,NA,NA,NA,NA,NA,NA,NA,NA,NA,NA,NA,NA
"Travis Etienne","RB","NO",12,NA,NA,NA,NA,NA,NA,NA,125,502,4,3,1,87,7.3,"2809206","CBS","15253","CBS","RB",45,35,240,20,6.9,2,NA,NA,NA,NA,NA,NA,NA,NA,NA,NA,NA,NA,NA,NA,NA,NA,NA,NA,NA,NA,NA,NA,NA,NA,NA,NA,NA,NA,NA,NA,NA,NA,NA,NA,NA,NA,NA,NA,NA,NA,NA,NA,NA,NA
"Jordan Mason","RB","MIN",12,NA,NA,NA,NA,NA,NA,NA,140,680,4.9,5,1,86,7.2,"2967536","CBS","15972","CBS","RB",12,10,48,4,4.8,0,NA,NA,NA,NA,NA,NA,NA,NA,NA,NA,NA,NA,NA,NA,NA,NA,NA,NA,NA,NA,NA,NA,NA,NA,NA,NA,NA,NA,NA,NA,NA,NA,NA,NA,NA,NA,NA,NA,NA,NA,NA,NA,NA,NA
"Rico Dowdle","RB","PIT",14,NA,NA,NA,NA,NA,NA,NA,125,541,4.3,4,1,86,6.1,"2252798","CBS","14823","CBS","RB",38,28,212,15.1,7.6,1,NA,NA,NA,NA,NA,NA,NA,NA,NA,NA,NA,NA,NA,NA,NA,NA,NA,NA,NA,NA,NA,NA,NA,NA,NA,NA,NA,NA,NA,NA,NA,NA,NA,NA,NA,NA,NA,NA,NA,NA,NA,NA,NA,NA
"Mike Washington Jr.","RB","LV",14,NA,NA,NA,NA,NA,NA,NA,111,491,4.4,5,1,82,5.9,"26693539","CBS","17482","CBS","RB",23,17,142,10.1,8.4,1,NA,NA,NA,NA,NA,NA,NA,NA,NA,NA,NA,NA,NA,NA,NA,NA,NA,NA,NA,NA,NA,NA,NA,NA,NA,NA,NA,NA,NA,NA,NA,NA,NA,NA,NA,NA,NA,NA,NA,NA,NA,NA,NA,NA
"Chris Rodriguez Jr.","RB","JAC",14,NA,NA,NA,NA,NA,NA,NA,121,467,3.9,7,0,80,5.7,"2964667","CBS","16174","CBS","RB",2,1,13,0.9,13,0,NA,NA,NA,NA,NA,NA,NA,NA,NA,NA,NA,NA,NA,NA,NA,NA,NA,NA,NA,NA,NA,NA,NA,NA,NA,NA,NA,NA,NA,NA,NA,NA,NA,NA,NA,NA,NA,NA,NA,NA,NA,NA,NA,NA
"MarShawn Lloyd","RB","GB",14,NA,NA,NA,NA,NA,NA,NA,161,621,3.9,4,3,79,5.6,"3162514","CBS","16604","CBS","RB",15,11,90,6.4,8.2,1,NA,NA,NA,NA,NA,NA,NA,NA,NA,NA,NA,NA,NA,NA,NA,NA,NA,NA,NA,NA,NA,NA,NA,NA,NA,NA,NA,NA,NA,NA,NA,NA,NA,NA,NA,NA,NA,NA,NA,NA,NA,NA,NA,NA
"Zach Charbonnet","RB","SEA",13,NA,NA,NA,NA,NA,NA,NA,110,445,4.1,6,1,75,5.8,"3123810","CBS","16169","CBS","RB",21,18,142,10.9,7.9,0,NA,NA,NA,NA,NA,NA,NA,NA,NA,NA,NA,NA,NA,NA,NA,NA,NA,NA,NA,NA,NA,NA,NA,NA,NA,NA,NA,NA,NA,NA,NA,NA,NA,NA,NA,NA,NA,NA,NA,NA,NA,NA,NA,NA
"Kenneth Gainwell","RB","TB",14,NA,NA,NA,NA,NA,NA,NA,99,379,3.8,2,1,74,5.3,"2968948","CBS","15255","CBS","RB",55,44,299,21.4,6.8,2,NA,NA,NA,NA,NA,NA,NA,NA,NA,NA,NA,NA,NA,NA,NA,NA,NA,NA,NA,NA,NA,NA,NA,NA,NA,NA,NA,NA,NA,NA,NA,NA,NA,NA,NA,NA,NA,NA,NA,NA,NA,NA,NA,NA
"Josh Jacobs","RB","GB",11,NA,NA,NA,NA,NA,NA,NA,107,398,3.7,5,1,72,6.5,"2257876","CBS","14073","CBS","RB",25,20,151,13.7,7.6,1,NA,NA,NA,NA,NA,NA,NA,NA,NA,NA,NA,NA,NA,NA,NA,NA,NA,NA,NA,NA,NA,NA,NA,NA,NA,NA,NA,NA,NA,NA,NA,NA,NA,NA,NA,NA,NA,NA,NA,NA,NA,NA,NA,NA
"Rachaad White","RB","WAS",14,NA,NA,NA,NA,NA,NA,NA,93,447,4.8,3,0,67,4.8,"3169147","CBS","15721","CBS","RB",23,21,140,10,6.7,1,NA,NA,NA,NA,NA,NA,NA,NA,NA,NA,NA,NA,NA,NA,NA,NA,NA,NA,NA,NA,NA,NA,NA,NA,NA,NA,NA,NA,NA,NA,NA,NA,NA,NA,NA,NA,NA,NA,NA,NA,NA,NA,NA,NA
"Braelon Allen","RB","NYJ",14,NA,NA,NA,NA,NA,NA,NA,113,435,3.9,5,1,66,4.7,"26726580","CBS","16596","CBS","RB",19,15,71,5.1,4.7,0,NA,NA,NA,NA,NA,NA,NA,NA,NA,NA,NA,NA,NA,NA,NA,NA,NA,NA,NA,NA,NA,NA,NA,NA,NA,NA,NA,NA,NA,NA,NA,NA,NA,NA,NA,NA,NA,NA,NA,NA,NA,NA,NA,NA
"Blake Corum","RB","LAR",14,NA,NA,NA,NA,NA,NA,NA,115,572,5,3,1,65,4.6,"3169252","CBS","16593","CBS","RB",7,5,26,1.9,5.2,0,NA,NA,NA,NA,NA,NA,NA,NA,NA,NA,NA,NA,NA,NA,NA,NA,NA,NA,NA,NA,NA,NA,NA,NA,NA,NA,NA,NA,NA,NA,NA,NA,NA,NA,NA,NA,NA,NA,NA,NA,NA,NA,NA,NA
"RJ Harvey","RB","DEN",14,NA,NA,NA,NA,NA,NA,NA,57,207,3.6,2,0,63,4.5,"3121207","CBS","17068","CBS","RB",50,41,300,21.4,7.3,3,NA,NA,NA,NA,NA,NA,NA,NA,NA,NA,NA,NA,NA,NA,NA,NA,NA,NA,NA,NA,NA,NA,NA,NA,NA,NA,NA,NA,NA,NA,NA,NA,NA,NA,NA,NA,NA,NA,NA,NA,NA,NA,NA,NA
"Brian Robinson Jr.","RB","ATL",14,NA,NA,NA,NA,NA,NA,NA,108,464,4.3,4,1,60,4.3,"2741207","CBS","15716","CBS","RB",5,4,24,1.7,6,0,NA,NA,NA,NA,NA,NA,NA,NA,NA,NA,NA,NA,NA,NA,NA,NA,NA,NA,NA,NA,NA,NA,NA,NA,NA,NA,NA,NA,NA,NA,NA,NA,NA,NA,NA,NA,NA,NA,NA,NA,NA,NA,NA,NA
"Emanuel Wilson","RB","SEA",14,NA,NA,NA,NA,NA,NA,NA,133,506,3.8,3,1,58,4.1,"29104952","CBS","16432","CBS","RB",12,9,51,3.6,5.7,0,NA,NA,NA,NA,NA,NA,NA,NA,NA,NA,NA,NA,NA,NA,NA,NA,NA,NA,NA,NA,NA,NA,NA,NA,NA,NA,NA,NA,NA,NA,NA,NA,NA,NA,NA,NA,NA,NA,NA,NA,NA,NA,NA,NA
"Ollie Gordon II","RB","MIA",14,NA,NA,NA,NA,NA,NA,NA,138,372,2.7,4,1,56,4,"28873887","CBS","17059","CBS","RB",8,7,31,2.2,4.4,1,NA,NA,NA,NA,NA,NA,NA,NA,NA,NA,NA,NA,NA,NA,NA,NA,NA,NA,NA,NA,NA,NA,NA,NA,NA,NA,NA,NA,NA,NA,NA,NA,NA,NA,NA,NA,NA,NA,NA,NA,NA,NA,NA,NA
"Jonah Coleman","RB","DEN",11,NA,NA,NA,NA,NA,NA,NA,81,340,4.2,3,1,55,5,"28877250","CBS","17477","CBS","RB",23,18,147,13.4,8.2,1,NA,NA,NA,NA,NA,NA,NA,NA,NA,NA,NA,NA,NA,NA,NA,NA,NA,NA,NA,NA,NA,NA,NA,NA,NA,NA,NA,NA,NA,NA,NA,NA,NA,NA,NA,NA,NA,NA,NA,NA,NA,NA,NA,NA
"Kaelon Black","RB","SF",14,NA,NA,NA,NA,NA,NA,NA,118,459,3.9,3,1,55,3.9,"3162599","CBS","17485","CBS","RB",13,9,83,5.9,9.2,0,NA,NA,NA,NA,NA,NA,NA,NA,NA,NA,NA,NA,NA,NA,NA,NA,NA,NA,NA,NA,NA,NA,NA,NA,NA,NA,NA,NA,NA,NA,NA,NA,NA,NA,NA,NA,NA,NA,NA,NA,NA,NA,NA,NA
"Tyjae Spears","RB","TEN",14,NA,NA,NA,NA,NA,NA,NA,73,282,3.9,2,0,54,3.9,"3122588","CBS","16165","CBS","RB",45,38,281,20.1,7.4,0,NA,NA,NA,NA,NA,NA,NA,NA,NA,NA,NA,NA,NA,NA,NA,NA,NA,NA,NA,NA,NA,NA,NA,NA,NA,NA,NA,NA,NA,NA,NA,NA,NA,NA,NA,NA,NA,NA,NA,NA,NA,NA,NA,NA
"Keaton Mitchell","RB","LAC",14,NA,NA,NA,NA,NA,NA,NA,92,422,4.6,2,0,53,3.8,"3164710","CBS","16178","CBS","RB",12,10,46,3.3,4.6,1,NA,NA,NA,NA,NA,NA,NA,NA,NA,NA,NA,NA,NA,NA,NA,NA,NA,NA,NA,NA,NA,NA,NA,NA,NA,NA,NA,NA,NA,NA,NA,NA,NA,NA,NA,NA,NA,NA,NA,NA,NA,NA,NA,NA
"Adam Randall","RB","BAL",13,NA,NA,NA,NA,NA,NA,NA,63,338,5.4,3,1,53,4.1,"28878514","CBS","17652","CBS","RB",16,12,137,10.5,11.4,1,NA,NA,NA,NA,NA,NA,NA,NA,NA,NA,NA,NA,NA,NA,NA,NA,NA,NA,NA,NA,NA,NA,NA,NA,NA,NA,NA,NA,NA,NA,NA,NA,NA,NA,NA,NA,NA,NA,NA,NA,NA,NA,NA,NA
"Tank Bigsby","RB","PHI",14,NA,NA,NA,NA,NA,NA,NA,83,396,4.8,4,2,51,3.6,"3162021","CBS","16164","CBS","RB",6,5,31,2.2,6.2,0,NA,NA,NA,NA,NA,NA,NA,NA,NA,NA,NA,NA,NA,NA,NA,NA,NA,NA,NA,NA,NA,NA,NA,NA,NA,NA,NA,NA,NA,NA,NA,NA,NA,NA,NA,NA,NA,NA,NA,NA,NA,NA,NA,NA
"Ty Johnson","RB","BUF",14,NA,NA,NA,NA,NA,NA,NA,43,176,4.1,2,0,49,3.5,"2179323","CBS","14095","CBS","RB",25,21,239,17.1,11.4,2,NA,NA,NA,NA,NA,NA,NA,NA,NA,NA,NA,NA,NA,NA,NA,NA,NA,NA,NA,NA,NA,NA,NA,NA,NA,NA,NA,NA,NA,NA,NA,NA,NA,NA,NA,NA,NA,NA,NA,NA,NA,NA,NA,NA
"Raheim Sanders","RB","CLE",14,NA,NA,NA,NA,NA,NA,NA,64,256,4,2,1,49,3.5,"26700087","CBS","17062","CBS","RB",34,28,249,17.8,8.9,1,NA,NA,NA,NA,NA,NA,NA,NA,NA,NA,NA,NA,NA,NA,NA,NA,NA,NA,NA,NA,NA,NA,NA,NA,NA,NA,NA,NA,NA,NA,NA,NA,NA,NA,NA,NA,NA,NA,NA,NA,NA,NA,NA,NA
"Alvin Kamara","RB","NO",14,NA,NA,NA,NA,NA,NA,NA,99,360,3.6,2,1,47,3.4,"2082721","CBS","13132","CBS","RB",36,30,190,13.6,6.3,0,NA,NA,NA,NA,NA,NA,NA,NA,NA,NA,NA,NA,NA,NA,NA,NA,NA,NA,NA,NA,NA,NA,NA,NA,NA,NA,NA,NA,NA,NA,NA,NA,NA,NA,NA,NA,NA,NA,NA,NA,NA,NA,NA,NA
"Woody Marks","RB","HOU",14,NA,NA,NA,NA,NA,NA,NA,98,358,3.7,2,1,47,3.4,"3171045","CBS","17053","CBS","RB",26,19,118,8.4,6.2,1,NA,NA,NA,NA,NA,NA,NA,NA,NA,NA,NA,NA,NA,NA,NA,NA,NA,NA,NA,NA,NA,NA,NA,NA,NA,NA,NA,NA,NA,NA,NA,NA,NA,NA,NA,NA,NA,NA,NA,NA,NA,NA,NA,NA
"Dylan Sampson","RB","CLE",12,NA,NA,NA,NA,NA,NA,NA,72,210,2.9,1,2,46,3.8,"28912068","CBS","17047","CBS","RB",40,32,291,24.3,9.1,2,NA,NA,NA,NA,NA,NA,NA,NA,NA,NA,NA,NA,NA,NA,NA,NA,NA,NA,NA,NA,NA,NA,NA,NA,NA,NA,NA,NA,NA,NA,NA,NA,NA,NA,NA,NA,NA,NA,NA,NA,NA,NA,NA,NA
"Samaje Perine","RB","CIN",14,NA,NA,NA,NA,NA,NA,NA,79,338,4.3,3,1,46,3.3,"2131148","CBS","13133","CBS","RB",21,16,137,9.8,8.6,0,NA,NA,NA,NA,NA,NA,NA,NA,NA,NA,NA,NA,NA,NA,NA,NA,NA,NA,NA,NA,NA,NA,NA,NA,NA,NA,NA,NA,NA,NA,NA,NA,NA,NA,NA,NA,NA,NA,NA,NA,NA,NA,NA,NA
"Tyler Allgeier","RB","ARI",14,NA,NA,NA,NA,NA,NA,NA,107,357,3.3,3,1,46,3.3,"2975590","CBS","15712","CBS","RB",22,21,100,7.1,4.8,0,NA,NA,NA,NA,NA,NA,NA,NA,NA,NA,NA,NA,NA,NA,NA,NA,NA,NA,NA,NA,NA,NA,NA,NA,NA,NA,NA,NA,NA,NA,NA,NA,NA,NA,NA,NA,NA,NA,NA,NA,NA,NA,NA,NA
"Jaylen Wright","RB","MIA",14,NA,NA,NA,NA,NA,NA,NA,115,413,3.6,2,2,41,2.9,"26698774","CBS","16610","CBS","RB",8,4,32,2.3,8,0,NA,NA,NA,NA,NA,NA,NA,NA,NA,NA,NA,NA,NA,NA,NA,NA,NA,NA,NA,NA,NA,NA,NA,NA,NA,NA,NA,NA,NA,NA,NA,NA,NA,NA,NA,NA,NA,NA,NA,NA,NA,NA,NA,NA
"Justice Hill","RB","BAL",14,NA,NA,NA,NA,NA,NA,NA,53,240,4.5,2,0,38,2.7,"2250388","CBS","14086","CBS","RB",18,15,119,8.5,7.9,1,NA,NA,NA,NA,NA,NA,NA,NA,NA,NA,NA,NA,NA,NA,NA,NA,NA,NA,NA,NA,NA,NA,NA,NA,NA,NA,NA,NA,NA,NA,NA,NA,NA,NA,NA,NA,NA,NA,NA,NA,NA,NA,NA,NA
"Najee Harris","RB","NYG",14,NA,NA,NA,NA,NA,NA,NA,77,348,4.5,2,0,37,2.6,"2741200","CBS","15254","CBS","RB",8,7,54,3.9,7.7,0,NA,NA,NA,NA,NA,NA,NA,NA,NA,NA,NA,NA,NA,NA,NA,NA,NA,NA,NA,NA,NA,NA,NA,NA,NA,NA,NA,NA,NA,NA,NA,NA,NA,NA,NA,NA,NA,NA,NA,NA,NA,NA,NA,NA
"Emmett Johnson","RB","KC",14,NA,NA,NA,NA,NA,NA,NA,75,304,4.1,2,1,35,2.5,"28877097","CBS","17474","CBS","RB",12,10,99,7.1,9.9,0,NA,NA,NA,NA,NA,NA,NA,NA,NA,NA,NA,NA,NA,NA,NA,NA,NA,NA,NA,NA,NA,NA,NA,NA,NA,NA,NA,NA,NA,NA,NA,NA,NA,NA,NA,NA,NA,NA,NA,NA,NA,NA,NA,NA
"Jonathon Brooks","RB","CAR",10,NA,NA,NA,NA,NA,NA,NA,67,260,3.9,2,1,32,3.2,"26730706","CBS","16597","CBS","RB",14,11,117,11.7,10.6,0,NA,NA,NA,NA,NA,NA,NA,NA,NA,NA,NA,NA,NA,NA,NA,NA,NA,NA,NA,NA,NA,NA,NA,NA,NA,NA,NA,NA,NA,NA,NA,NA,NA,NA,NA,NA,NA,NA,NA,NA,NA,NA,NA,NA
"Kendre Miller","RB","NO",14,NA,NA,NA,NA,NA,NA,NA,45,156,3.5,3,0,26,1.9,"3162256","CBS","16171","CBS","RB",4,3,15,1.1,5,0,NA,NA,NA,NA,NA,NA,NA,NA,NA,NA,NA,NA,NA,NA,NA,NA,NA,NA,NA,NA,NA,NA,NA,NA,NA,NA,NA,NA,NA,NA,NA,NA,NA,NA,NA,NA,NA,NA,NA,NA,NA,NA,NA,NA
"Christopher Brooks","RB","GB",14,NA,NA,NA,NA,NA,NA,NA,59,243,4.1,1,0,24,1.7,"2962350","CBS","16387","CBS","RB",14,9,71,5.1,7.9,0,NA,NA,NA,NA,NA,NA,NA,NA,NA,NA,NA,NA,NA,NA,NA,NA,NA,NA,NA,NA,NA,NA,NA,NA,NA,NA,NA,NA,NA,NA,NA,NA,NA,NA,NA,NA,NA,NA,NA,NA,NA,NA,NA,NA
"Kyle Juszczyk","FB","SF",14,NA,NA,NA,NA,NA,NA,NA,3,2,0.7,0,0,23,1.6,"1683145","CBS","11367","CBS","RB",29,21,203,14.5,9.7,2,NA,NA,NA,NA,NA,NA,NA,NA,NA,NA,NA,NA,NA,NA,NA,NA,NA,NA,NA,NA,NA,NA,NA,NA,NA,NA,NA,NA,NA,NA,NA,NA,NA,NA,NA,NA,NA,NA,NA,NA,NA,NA,NA,NA
"Devin Singletary","RB","NYG",14,NA,NA,NA,NA,NA,NA,NA,52,186,3.6,1,0,22,1.6,"2241251","CBS","14080","CBS","RB",8,7,49,3.5,7,1,NA,NA,NA,NA,NA,NA,NA,NA,NA,NA,NA,NA,NA,NA,NA,NA,NA,NA,NA,NA,NA,NA,NA,NA,NA,NA,NA,NA,NA,NA,NA,NA,NA,NA,NA,NA,NA,NA,NA,NA,NA,NA,NA,NA
"Sione Vaki","RB","DET",14,NA,NA,NA,NA,NA,NA,NA,54,232,4.3,1,0,20,1.4,"28877349","CBS","16678","CBS","RB",3,2,28,2,14,0,NA,NA,NA,NA,NA,NA,NA,NA,NA,NA,NA,NA,NA,NA,NA,NA,NA,NA,NA,NA,NA,NA,NA,NA,NA,NA,NA,NA,NA,NA,NA,NA,NA,NA,NA,NA,NA,NA,NA,NA,NA,NA,NA,NA
"George Holani","RB","SEA",14,NA,NA,NA,NA,NA,NA,NA,59,205,3.5,1,1,18,1.3,"3131661","CBS","16608","CBS","RB",15,13,104,7.4,8,0,NA,NA,NA,NA,NA,NA,NA,NA,NA,NA,NA,NA,NA,NA,NA,NA,NA,NA,NA,NA,NA,NA,NA,NA,NA,NA,NA,NA,NA,NA,NA,NA,NA,NA,NA,NA,NA,NA,NA,NA,NA,NA,NA,NA
"DJ Herman","RB","MIA",14,NA,NA,NA,NA,NA,NA,NA,0,0,0,0,0,17,1.2,"26734114","CBS","17784","CBS","RB",32,20,263,18.8,13.2,0,NA,NA,NA,NA,NA,NA,NA,NA,NA,NA,NA,NA,NA,NA,NA,NA,NA,NA,NA,NA,NA,NA,NA,NA,NA,NA,NA,NA,NA,NA,NA,NA,NA,NA,NA,NA,NA,NA,NA,NA,NA,NA,NA,NA
"Tyler Goodson","RB","DAL",14,NA,NA,NA,NA,NA,NA,NA,52,180,3.5,1,0,15,1.1,"3122473","CBS","15730","CBS","RB",4,3,7,0.5,2.3,0,NA,NA,NA,NA,NA,NA,NA,NA,NA,NA,NA,NA,NA,NA,NA,NA,NA,NA,NA,NA,NA,NA,NA,NA,NA,NA,NA,NA,NA,NA,NA,NA,NA,NA,NA,NA,NA,NA,NA,NA,NA,NA,NA,NA
"Sean Tucker","RB","TB",14,NA,NA,NA,NA,NA,NA,NA,27,110,4.1,2,0,15,1.1,"3168416","CBS","16166","CBS","RB",1,1,5,0.4,5,0,NA,NA,NA,NA,NA,NA,NA,NA,NA,NA,NA,NA,NA,NA,NA,NA,NA,NA,NA,NA,NA,NA,NA,NA,NA,NA,NA,NA,NA,NA,NA,NA,NA,NA,NA,NA,NA,NA,NA,NA,NA,NA,NA,NA
"Kaleb Johnson","RB","GB",14,NA,NA,NA,NA,NA,NA,NA,46,162,3.5,1,0,14,1,"28875572","CBS","17048","CBS","RB",2,1,8,0.6,8,0,NA,NA,NA,NA,NA,NA,NA,NA,NA,NA,NA,NA,NA,NA,NA,NA,NA,NA,NA,NA,NA,NA,NA,NA,NA,NA,NA,NA,NA,NA,NA,NA,NA,NA,NA,NA,NA,NA,NA,NA,NA,NA,NA,NA
"Isaiah Davis","RB","NYJ",14,NA,NA,NA,NA,NA,NA,NA,30,167,5.6,1,0,14,1,"26718641","CBS","16752","CBS","RB",8,6,53,3.8,8.8,0,NA,NA,NA,NA,NA,NA,NA,NA,NA,NA,NA,NA,NA,NA,NA,NA,NA,NA,NA,NA,NA,NA,NA,NA,NA,NA,NA,NA,NA,NA,NA,NA,NA,NA,NA,NA,NA,NA,NA,NA,NA,NA,NA,NA
"AJ Dillon","RB","CAR",14,NA,NA,NA,NA,NA,NA,NA,45,171,3.8,1,1,13,0.9,"2867083","CBS","14805","CBS","RB",5,5,28,2,5.6,0,NA,NA,NA,NA,NA,NA,NA,NA,NA,NA,NA,NA,NA,NA,NA,NA,NA,NA,NA,NA,NA,NA,NA,NA,NA,NA,NA,NA,NA,NA,NA,NA,NA,NA,NA,NA,NA,NA,NA,NA,NA,NA,NA,NA
"CJ Donaldson","RB","NO",14,NA,NA,NA,NA,NA,NA,NA,33,126,3.8,1,0,12,0.9,"28900249","CBS","17492","CBS","RB",9,7,56,4,8,0,NA,NA,NA,NA,NA,NA,NA,NA,NA,NA,NA,NA,NA,NA,NA,NA,NA,NA,NA,NA,NA,NA,NA,NA,NA,NA,NA,NA,NA,NA,NA,NA,NA,NA,NA,NA,NA,NA,NA,NA,NA,NA,NA,NA
"Kaytron Allen","RB","WAS",14,NA,NA,NA,NA,NA,NA,NA,29,133,4.6,1,0,11,0.8,"28875485","CBS","17478","CBS","RB",2,1,14,1,14,0,NA,NA,NA,NA,NA,NA,NA,NA,NA,NA,NA,NA,NA,NA,NA,NA,NA,NA,NA,NA,NA,NA,NA,NA,NA,NA,NA,NA,NA,NA,NA,NA,NA,NA,NA,NA,NA,NA,NA,NA,NA,NA,NA,NA
"Austin Ekeler","RB","WAS",14,NA,NA,NA,NA,NA,NA,NA,29,131,4.5,1,0,11,0.8,"2820090","CBS","13404","CBS","RB",7,6,54,3.9,9,0,NA,NA,NA,NA,NA,NA,NA,NA,NA,NA,NA,NA,NA,NA,NA,NA,NA,NA,NA,NA,NA,NA,NA,NA,NA,NA,NA,NA,NA,NA,NA,NA,NA,NA,NA,NA,NA,NA,NA,NA,NA,NA,NA,NA
"Isaac Guerendo","RB","SF",13,NA,NA,NA,NA,NA,NA,NA,25,126,5,1,0,10,0.8,"2964154","CBS","16688","CBS","RB",3,3,29,2.2,9.7,0,NA,NA,NA,NA,NA,NA,NA,NA,NA,NA,NA,NA,NA,NA,NA,NA,NA,NA,NA,NA,NA,NA,NA,NA,NA,NA,NA,NA,NA,NA,NA,NA,NA,NA,NA,NA,NA,NA,NA,NA,NA,NA,NA,NA
"DJ Giddens","RB","IND",14,NA,NA,NA,NA,NA,NA,NA,27,117,4.3,1,0,10,0.7,"26695679","CBS","17060","CBS","RB",1,1,9,0.6,9,0,NA,NA,NA,NA,NA,NA,NA,NA,NA,NA,NA,NA,NA,NA,NA,NA,NA,NA,NA,NA,NA,NA,NA,NA,NA,NA,NA,NA,NA,NA,NA,NA,NA,NA,NA,NA,NA,NA,NA,NA,NA,NA,NA,NA
"Demond Claiborne","RB","MIN",14,NA,NA,NA,NA,NA,NA,NA,28,117,4.2,1,0,10,0.7,"28883197","CBS","17481","CBS","RB",2,2,15,1.1,7.5,0,NA,NA,NA,NA,NA,NA,NA,NA,NA,NA,NA,NA,NA,NA,NA,NA,NA,NA,NA,NA,NA,NA,NA,NA,NA,NA,NA,NA,NA,NA,NA,NA,NA,NA,NA,NA,NA,NA,NA,NA,NA,NA,NA,NA
"Seth McGowan","RB","IND",14,NA,NA,NA,NA,NA,NA,NA,27,114,4.2,1,0,10,0.7,"3161581","CBS","17475","CBS","RB",3,2,18,1.3,9,0,NA,NA,NA,NA,NA,NA,NA,NA,NA,NA,NA,NA,NA,NA,NA,NA,NA,NA,NA,NA,NA,NA,NA,NA,NA,NA,NA,NA,NA,NA,NA,NA,NA,NA,NA,NA,NA,NA,NA,NA,NA,NA,NA,NA
"LeQuint Allen","RB","JAC",14,NA,NA,NA,NA,NA,NA,NA,47,175,3.7,0,0,9,0.6,"28877884","CBS","17061","CBS","RB",10,8,44,3.1,5.5,0,NA,NA,NA,NA,NA,NA,NA,NA,NA,NA,NA,NA,NA,NA,NA,NA,NA,NA,NA,NA,NA,NA,NA,NA,NA,NA,NA,NA,NA,NA,NA,NA,NA,NA,NA,NA,NA,NA,NA,NA,NA,NA,NA,NA
"Kimani Vidal","RB","LAC",14,NA,NA,NA,NA,NA,NA,NA,26,102,3.9,1,0,9,0.6,"3163421","CBS","16757","CBS","RB",3,2,16,1.1,8,0,NA,NA,NA,NA,NA,NA,NA,NA,NA,NA,NA,NA,NA,NA,NA,NA,NA,NA,NA,NA,NA,NA,NA,NA,NA,NA,NA,NA,NA,NA,NA,NA,NA,NA,NA,NA,NA,NA,NA,NA,NA,NA,NA,NA
"Eli Heidenreich","RB","PIT",14,NA,NA,NA,NA,NA,NA,NA,24,96,4,1,0,8,0.6,"28901170","CBS","17685","CBS","RB",3,2,18,1.3,9,0,NA,NA,NA,NA,NA,NA,NA,NA,NA,NA,NA,NA,NA,NA,NA,NA,NA,NA,NA,NA,NA,NA,NA,NA,NA,NA,NA,NA,NA,NA,NA,NA,NA,NA,NA,NA,NA,NA,NA,NA,NA,NA,NA,NA
"Roschon Johnson","RB","CHI",14,NA,NA,NA,NA,NA,NA,NA,25,73,2.9,1,0,8,0.6,"3121395","CBS","16175","CBS","RB",3,2,14,1,7,0,NA,NA,NA,NA,NA,NA,NA,NA,NA,NA,NA,NA,NA,NA,NA,NA,NA,NA,NA,NA,NA,NA,NA,NA,NA,NA,NA,NA,NA,NA,NA,NA,NA,NA,NA,NA,NA,NA,NA,NA,NA,NA,NA,NA
"Nicholas Singleton","RB","TEN",14,NA,NA,NA,NA,NA,NA,NA,20,80,4,1,0,8,0.6,"28876754","CBS","17476","CBS","RB",2,2,16,1.1,8,0,NA,NA,NA,NA,NA,NA,NA,NA,NA,NA,NA,NA,NA,NA,NA,NA,NA,NA,NA,NA,NA,NA,NA,NA,NA,NA,NA,NA,NA,NA,NA,NA,NA,NA,NA,NA,NA,NA,NA,NA,NA,NA,NA,NA
"Zonovan Knight","RB","ARI",14,NA,NA,NA,NA,NA,NA,NA,22,80,3.6,1,0,8,0.6,"3121860","CBS","15727","CBS","RB",3,2,17,1.2,8.5,0,NA,NA,NA,NA,NA,NA,NA,NA,NA,NA,NA,NA,NA,NA,NA,NA,NA,NA,NA,NA,NA,NA,NA,NA,NA,NA,NA,NA,NA,NA,NA,NA,NA,NA,NA,NA,NA,NA,NA,NA,NA,NA,NA,NA
"Jacob Saylors","RB","DET",14,NA,NA,NA,NA,NA,NA,NA,14,66,4.7,1,0,7,0.5,"2976071","CBS","16850","CBS","RB",2,1,15,1.1,15,0,NA,NA,NA,NA,NA,NA,NA,NA,NA,NA,NA,NA,NA,NA,NA,NA,NA,NA,NA,NA,NA,NA,NA,NA,NA,NA,NA,NA,NA,NA,NA,NA,NA,NA,NA,NA,NA,NA,NA,NA,NA,NA,NA,NA
"Emari Demercado","RB","DAL",14,NA,NA,NA,NA,NA,NA,NA,26,153,5.9,0,0,7,0.5,"2964372","CBS","16385","CBS","RB",5,3,25,1.8,8.3,0,NA,NA,NA,NA,NA,NA,NA,NA,NA,NA,NA,NA,NA,NA,NA,NA,NA,NA,NA,NA,NA,NA,NA,NA,NA,NA,NA,NA,NA,NA,NA,NA,NA,NA,NA,NA,NA,NA,NA,NA,NA,NA,NA,NA
"James Conner","RB","ARI",13,NA,NA,NA,NA,NA,NA,NA,21,68,3.2,1,0,7,0.5,"2071585","CBS","13146","CBS","RB",3,3,21,1.6,7,0,NA,NA,NA,NA,NA,NA,NA,NA,NA,NA,NA,NA,NA,NA,NA,NA,NA,NA,NA,NA,NA,NA,NA,NA,NA,NA,NA,NA,NA,NA,NA,NA,NA,NA,NA,NA,NA,NA,NA,NA,NA,NA,NA,NA
"Rasheen Ali","RB","BAL",14,NA,NA,NA,NA,NA,NA,NA,8,28,3.5,0,0,6,0.4,"3168797","CBS","16746","CBS","RB",6,4,33,2.4,8.3,1,NA,NA,NA,NA,NA,NA,NA,NA,NA,NA,NA,NA,NA,NA,NA,NA,NA,NA,NA,NA,NA,NA,NA,NA,NA,NA,NA,NA,NA,NA,NA,NA,NA,NA,NA,NA,NA,NA,NA,NA,NA,NA,NA,NA
"Michael Burton","FB","CLE",14,NA,NA,NA,NA,NA,NA,NA,5,5,1,1,0,6,0.4,"1759407","CBS","12325","CBS","RB",6,4,26,1.9,6.5,0,NA,NA,NA,NA,NA,NA,NA,NA,NA,NA,NA,NA,NA,NA,NA,NA,NA,NA,NA,NA,NA,NA,NA,NA,NA,NA,NA,NA,NA,NA,NA,NA,NA,NA,NA,NA,NA,NA,NA,NA,NA,NA,NA,NA
"Andrew Beck","FB","NYJ",14,NA,NA,NA,NA,NA,NA,NA,1,6,6,0,0,6,0.4,"2131774","CBS","14319","CBS","RB",5,3,26,1.9,8.7,1,NA,NA,NA,NA,NA,NA,NA,NA,NA,NA,NA,NA,NA,NA,NA,NA,NA,NA,NA,NA,NA,NA,NA,NA,NA,NA,NA,NA,NA,NA,NA,NA,NA,NA,NA,NA,NA,NA,NA,NA,NA,NA,NA,NA
"Ray Davis","RB","BUF",14,NA,NA,NA,NA,NA,NA,NA,30,139,4.6,0,0,5,0.4,"3123108","CBS","16603","CBS","RB",2,1,15,1.1,15,0,NA,NA,NA,NA,NA,NA,NA,NA,NA,NA,NA,NA,NA,NA,NA,NA,NA,NA,NA,NA,NA,NA,NA,NA,NA,NA,NA,NA,NA,NA,NA,NA,NA,NA,NA,NA,NA,NA,NA,NA,NA,NA,NA,NA
"Jaleel McLaughlin","RB","CLE",14,NA,NA,NA,NA,NA,NA,NA,25,121,4.8,0,0,4,0.3,"26725939","CBS","16390","CBS","RB",3,2,7,0.5,3.5,0,NA,NA,NA,NA,NA,NA,NA,NA,NA,NA,NA,NA,NA,NA,NA,NA,NA,NA,NA,NA,NA,NA,NA,NA,NA,NA,NA,NA,NA,NA,NA,NA,NA,NA,NA,NA,NA,NA,NA,NA,NA,NA,NA,NA
"Tyrone Tracy Jr.","RB","NYG",14,NA,NA,NA,NA,NA,NA,NA,28,117,4.2,0,0,4,0.3,"2963637","CBS","16747","CBS","RB",2,1,12,0.9,12,0,NA,NA,NA,NA,NA,NA,NA,NA,NA,NA,NA,NA,NA,NA,NA,NA,NA,NA,NA,NA,NA,NA,NA,NA,NA,NA,NA,NA,NA,NA,NA,NA,NA,NA,NA,NA,NA,NA,NA,NA,NA,NA,NA,NA
"Kene Nwangwu","RB","NYJ",14,NA,NA,NA,NA,NA,NA,NA,26,103,4,0,0,3,0.2,"2261254","CBS","15414","CBS","RB",1,0,3,0.2,0,0,NA,NA,NA,NA,NA,NA,NA,NA,NA,NA,NA,NA,NA,NA,NA,NA,NA,NA,NA,NA,NA,NA,NA,NA,NA,NA,NA,NA,NA,NA,NA,NA,NA,NA,NA,NA,NA,NA,NA,NA,NA,NA,NA,NA
"Jaxon Smith-Njigba","WR","SEA",14,NA,NA,NA,NA,NA,NA,NA,4,21,5.3,0,0,218,15.6,"3162959","CBS","16185","CBS","WR",134,97,1422,101.6,14.7,14,NA,NA,NA,NA,NA,NA,NA,NA,NA,NA,NA,NA,NA,NA,NA,NA,NA,NA,NA,NA,NA,NA,NA,NA,NA,NA,NA,NA,NA,NA,NA,NA,NA,NA,NA,NA,NA,NA,NA,NA,NA,NA,NA,NA
"Amon-Ra St. Brown","WR","DET",14,NA,NA,NA,NA,NA,NA,NA,1,4,4,0,0,171,12.2,"2967690","CBS","15287","CBS","WR",143,98,1121,80.1,11.4,11,NA,NA,NA,NA,NA,NA,NA,NA,NA,NA,NA,NA,NA,NA,NA,NA,NA,NA,NA,NA,NA,NA,NA,NA,NA,NA,NA,NA,NA,NA,NA,NA,NA,NA,NA,NA,NA,NA,NA,NA,NA,NA,NA,NA
"Ja'Marr Chase","WR","CIN",14,NA,NA,NA,NA,NA,NA,NA,2,10,5,0,0,169,12.1,"2966320","CBS","15281","CBS","WR",147,101,1181,84.4,11.7,10,NA,NA,NA,NA,NA,NA,NA,NA,NA,NA,NA,NA,NA,NA,NA,NA,NA,NA,NA,NA,NA,NA,NA,NA,NA,NA,NA,NA,NA,NA,NA,NA,NA,NA,NA,NA,NA,NA,NA,NA,NA,NA,NA,NA
"Puka Nacua","WR","LAR",14,NA,NA,NA,NA,NA,NA,NA,11,68,6.2,1,1,168,12,"3121687","CBS","16211","CBS","WR",137,96,1300,92.9,13.5,7,NA,NA,NA,NA,NA,NA,NA,NA,NA,NA,NA,NA,NA,NA,NA,NA,NA,NA,NA,NA,NA,NA,NA,NA,NA,NA,NA,NA,NA,NA,NA,NA,NA,NA,NA,NA,NA,NA,NA,NA,NA,NA,NA,NA
"Chris Olave","WR","NO",14,NA,NA,NA,NA,NA,NA,NA,1,0,0,0,0,163,11.6,"2963666","CBS","15754","CBS","WR",138,96,1300,92.9,13.5,7,NA,NA,NA,NA,NA,NA,NA,NA,NA,NA,NA,NA,NA,NA,NA,NA,NA,NA,NA,NA,NA,NA,NA,NA,NA,NA,NA,NA,NA,NA,NA,NA,NA,NA,NA,NA,NA,NA,NA,NA,NA,NA,NA,NA
"CeeDee Lamb","WR","DAL",14,NA,NA,NA,NA,NA,NA,NA,5,17,3.4,0,0,159,11.4,"2865251","CBS","14832","CBS","WR",123,84,1190,85,14.2,8,NA,NA,NA,NA,NA,NA,NA,NA,NA,NA,NA,NA,NA,NA,NA,NA,NA,NA,NA,NA,NA,NA,NA,NA,NA,NA,NA,NA,NA,NA,NA,NA,NA,NA,NA,NA,NA,NA,NA,NA,NA,NA,NA,NA
"Drake London","WR","ATL",14,NA,NA,NA,NA,NA,NA,NA,3,5,1.7,0,0,157,11.2,"3127902","CBS","15751","CBS","WR",118,77,1181,84.4,15.3,8,NA,NA,NA,NA,NA,NA,NA,NA,NA,NA,NA,NA,NA,NA,NA,NA,NA,NA,NA,NA,NA,NA,NA,NA,NA,NA,NA,NA,NA,NA,NA,NA,NA,NA,NA,NA,NA,NA,NA,NA,NA,NA,NA,NA
"Davante Adams","WR","LAR",14,NA,NA,NA,NA,NA,NA,NA,0,0,0,0,0,154,11,"1893167","CBS","11675","CBS","WR",118,67,1024,73.1,15.3,10,NA,NA,NA,NA,NA,NA,NA,NA,NA,NA,NA,NA,NA,NA,NA,NA,NA,NA,NA,NA,NA,NA,NA,NA,NA,NA,NA,NA,NA,NA,NA,NA,NA,NA,NA,NA,NA,NA,NA,NA,NA,NA,NA,NA
"Christian Watson","WR","GB",14,NA,NA,NA,NA,NA,NA,NA,2,7,3.5,0,0,152,10.9,"2869806","CBS","15789","CBS","WR",102,60,1001,71.5,16.7,10,NA,NA,NA,NA,NA,NA,NA,NA,NA,NA,NA,NA,NA,NA,NA,NA,NA,NA,NA,NA,NA,NA,NA,NA,NA,NA,NA,NA,NA,NA,NA,NA,NA,NA,NA,NA,NA,NA,NA,NA,NA,NA,NA,NA
"Parker Washington","WR","JAC",14,NA,NA,NA,NA,NA,NA,NA,5,1,0.2,0,0,149,10.6,"3168820","CBS","16192","CBS","WR",109,69,1042,74.4,15.1,9,NA,NA,NA,NA,NA,NA,NA,NA,NA,NA,NA,NA,NA,NA,NA,NA,NA,NA,NA,NA,NA,NA,NA,NA,NA,NA,NA,NA,NA,NA,NA,NA,NA,NA,NA,NA,NA,NA,NA,NA,NA,NA,NA,NA
"Nico Collins","WR","HOU",14,NA,NA,NA,NA,NA,NA,NA,3,21,7,1,0,145,10.4,"2878193","CBS","15290","CBS","WR",111,69,1061,75.8,15.4,7,NA,NA,NA,NA,NA,NA,NA,NA,NA,NA,NA,NA,NA,NA,NA,NA,NA,NA,NA,NA,NA,NA,NA,NA,NA,NA,NA,NA,NA,NA,NA,NA,NA,NA,NA,NA,NA,NA,NA,NA,NA,NA,NA,NA
"Justin Jefferson","WR","MIN",14,NA,NA,NA,NA,NA,NA,NA,1,3,3,0,0,143,10.2,"2871343","CBS","14836","CBS","WR",115,73,1041,74.4,14.3,8,NA,NA,NA,NA,NA,NA,NA,NA,NA,NA,NA,NA,NA,NA,NA,NA,NA,NA,NA,NA,NA,NA,NA,NA,NA,NA,NA,NA,NA,NA,NA,NA,NA,NA,NA,NA,NA,NA,NA,NA,NA,NA,NA,NA
"Tee Higgins","WR","CIN",14,NA,NA,NA,NA,NA,NA,NA,0,0,0,0,0,143,10.2,"2809208","CBS","14835","CBS","WR",104,65,966,69,14.9,9,NA,NA,NA,NA,NA,NA,NA,NA,NA,NA,NA,NA,NA,NA,NA,NA,NA,NA,NA,NA,NA,NA,NA,NA,NA,NA,NA,NA,NA,NA,NA,NA,NA,NA,NA,NA,NA,NA,NA,NA,NA,NA,NA,NA
"Zay Flowers","WR","BAL",14,NA,NA,NA,NA,NA,NA,NA,7,63,9,0,2,134,9.6,"3127049","CBS","16190","CBS","WR",96,69,1100,78.6,15.9,6,NA,NA,NA,NA,NA,NA,NA,NA,NA,NA,NA,NA,NA,NA,NA,NA,NA,NA,NA,NA,NA,NA,NA,NA,NA,NA,NA,NA,NA,NA,NA,NA,NA,NA,NA,NA,NA,NA,NA,NA,NA,NA,NA,NA
"Garrett Wilson","WR","NYJ",14,NA,NA,NA,NA,NA,NA,NA,1,1,1,0,0,132,9.4,"3123864","CBS","15753","CBS","WR",110,75,859,61.4,11.5,9,NA,NA,NA,NA,NA,NA,NA,NA,NA,NA,NA,NA,NA,NA,NA,NA,NA,NA,NA,NA,NA,NA,NA,NA,NA,NA,NA,NA,NA,NA,NA,NA,NA,NA,NA,NA,NA,NA,NA,NA,NA,NA,NA,NA
"George Pickens","WR","DAL",14,NA,NA,NA,NA,NA,NA,NA,0,0,0,0,0,128,9.1,"3123212","CBS","15762","CBS","WR",120,79,1065,76.1,13.5,5,NA,NA,NA,NA,NA,NA,NA,NA,NA,NA,NA,NA,NA,NA,NA,NA,NA,NA,NA,NA,NA,NA,NA,NA,NA,NA,NA,NA,NA,NA,NA,NA,NA,NA,NA,NA,NA,NA,NA,NA,NA,NA,NA,NA
"Terry McLaurin","WR","WAS",14,NA,NA,NA,NA,NA,NA,NA,0,0,0,0,0,121,8.6,"2139279","CBS","14109","CBS","WR",88,52,822,58.7,15.8,8,NA,NA,NA,NA,NA,NA,NA,NA,NA,NA,NA,NA,NA,NA,NA,NA,NA,NA,NA,NA,NA,NA,NA,NA,NA,NA,NA,NA,NA,NA,NA,NA,NA,NA,NA,NA,NA,NA,NA,NA,NA,NA,NA,NA
"DeVonta Smith","WR","PHI",14,NA,NA,NA,NA,NA,NA,NA,0,0,0,0,0,119,8.5,"2866975","CBS","15282","CBS","WR",109,76,966,69,12.7,5,NA,NA,NA,NA,NA,NA,NA,NA,NA,NA,NA,NA,NA,NA,NA,NA,NA,NA,NA,NA,NA,NA,NA,NA,NA,NA,NA,NA,NA,NA,NA,NA,NA,NA,NA,NA,NA,NA,NA,NA,NA,NA,NA,NA
"Rashee Rice","WR","KC",14,NA,NA,NA,NA,NA,NA,NA,5,18,3.6,1,0,114,8.1,"3124978","CBS","16194","CBS","WR",97,69,753,53.8,10.9,7,NA,NA,NA,NA,NA,NA,NA,NA,NA,NA,NA,NA,NA,NA,NA,NA,NA,NA,NA,NA,NA,NA,NA,NA,NA,NA,NA,NA,NA,NA,NA,NA,NA,NA,NA,NA,NA,NA,NA,NA,NA,NA,NA,NA
"Luther Burden III","WR","CHI",14,NA,NA,NA,NA,NA,NA,NA,7,28,4,0,2,113,8.1,"28874444","CBS","17070","CBS","WR",97,66,900,64.3,13.6,6,NA,NA,NA,NA,NA,NA,NA,NA,NA,NA,NA,NA,NA,NA,NA,NA,NA,NA,NA,NA,NA,NA,NA,NA,NA,NA,NA,NA,NA,NA,NA,NA,NA,NA,NA,NA,NA,NA,NA,NA,NA,NA,NA,NA
"Emeka Egbuka","WR","TB",14,NA,NA,NA,NA,NA,NA,NA,2,-2,-1,0,0,111,7.9,"26696165","CBS","17081","CBS","WR",113,60,833,59.5,13.9,6,NA,NA,NA,NA,NA,NA,NA,NA,NA,NA,NA,NA,NA,NA,NA,NA,NA,NA,NA,NA,NA,NA,NA,NA,NA,NA,NA,NA,NA,NA,NA,NA,NA,NA,NA,NA,NA,NA,NA,NA,NA,NA,NA,NA
"Tetairoa McMillan","WR","CAR",14,NA,NA,NA,NA,NA,NA,NA,0,0,0,0,2,109,7.8,"28877124","CBS","17071","CBS","WR",114,65,917,65.5,14.1,5,NA,NA,NA,NA,NA,NA,NA,NA,NA,NA,NA,NA,NA,NA,NA,NA,NA,NA,NA,NA,NA,NA,NA,NA,NA,NA,NA,NA,NA,NA,NA,NA,NA,NA,NA,NA,NA,NA,NA,NA,NA,NA,NA,NA
"Mike Evans","WR","SF",14,NA,NA,NA,NA,NA,NA,NA,0,0,0,0,0,107,7.6,"1824909","CBS","11671","CBS","WR",94,59,735,52.5,12.5,7,NA,NA,NA,NA,NA,NA,NA,NA,NA,NA,NA,NA,NA,NA,NA,NA,NA,NA,NA,NA,NA,NA,NA,NA,NA,NA,NA,NA,NA,NA,NA,NA,NA,NA,NA,NA,NA,NA,NA,NA,NA,NA,NA,NA
"Ladd McConkey","WR","LAC",14,NA,NA,NA,NA,NA,NA,NA,0,0,0,0,0,106,7.6,"3163962","CBS","16627","CBS","WR",89,61,794,56.7,13,6,NA,NA,NA,NA,NA,NA,NA,NA,NA,NA,NA,NA,NA,NA,NA,NA,NA,NA,NA,NA,NA,NA,NA,NA,NA,NA,NA,NA,NA,NA,NA,NA,NA,NA,NA,NA,NA,NA,NA,NA,NA,NA,NA,NA
"Jordan Addison","WR","MIN",14,NA,NA,NA,NA,NA,NA,NA,2,52,26,1,0,101,7.2,"3162290","CBS","16186","CBS","WR",80,42,623,44.5,14.8,7,NA,NA,NA,NA,NA,NA,NA,NA,NA,NA,NA,NA,NA,NA,NA,NA,NA,NA,NA,NA,NA,NA,NA,NA,NA,NA,NA,NA,NA,NA,NA,NA,NA,NA,NA,NA,NA,NA,NA,NA,NA,NA,NA,NA
"Jameson Williams","WR","DET",14,NA,NA,NA,NA,NA,NA,NA,5,31,6.2,0,0,99,7.1,"3125968","CBS","15756","CBS","WR",82,52,831,59.4,16,4,NA,NA,NA,NA,NA,NA,NA,NA,NA,NA,NA,NA,NA,NA,NA,NA,NA,NA,NA,NA,NA,NA,NA,NA,NA,NA,NA,NA,NA,NA,NA,NA,NA,NA,NA,NA,NA,NA,NA,NA,NA,NA,NA,NA
"Jaylen Waddle","WR","DEN",14,NA,NA,NA,NA,NA,NA,NA,3,35,11.7,0,0,97,6.9,"2962110","CBS","15284","CBS","WR",97,60,813,58.1,13.6,4,NA,NA,NA,NA,NA,NA,NA,NA,NA,NA,NA,NA,NA,NA,NA,NA,NA,NA,NA,NA,NA,NA,NA,NA,NA,NA,NA,NA,NA,NA,NA,NA,NA,NA,NA,NA,NA,NA,NA,NA,NA,NA,NA,NA
"Michael Wilson","WR","ARI",14,NA,NA,NA,NA,NA,NA,NA,0,1,0,0,0,96,6.9,"2965181","CBS","16206","CBS","WR",111,69,749,53.5,10.9,5,NA,NA,NA,NA,NA,NA,NA,NA,NA,NA,NA,NA,NA,NA,NA,NA,NA,NA,NA,NA,NA,NA,NA,NA,NA,NA,NA,NA,NA,NA,NA,NA,NA,NA,NA,NA,NA,NA,NA,NA,NA,NA,NA,NA
"A.J. Brown","WR","NE",10,NA,NA,NA,NA,NA,NA,NA,0,0,0,0,0,96,9.6,"2258303","CBS","14104","CBS","WR",76,51,738,73.8,14.5,5,NA,NA,NA,NA,NA,NA,NA,NA,NA,NA,NA,NA,NA,NA,NA,NA,NA,NA,NA,NA,NA,NA,NA,NA,NA,NA,NA,NA,NA,NA,NA,NA,NA,NA,NA,NA,NA,NA,NA,NA,NA,NA,NA,NA
"Jalen Coker","WR","CAR",14,NA,NA,NA,NA,NA,NA,NA,0,0,0,0,1,95,6.8,"3163990","CBS","16809","CBS","WR",73,57,687,49.1,12.1,6,NA,NA,NA,NA,NA,NA,NA,NA,NA,NA,NA,NA,NA,NA,NA,NA,NA,NA,NA,NA,NA,NA,NA,NA,NA,NA,NA,NA,NA,NA,NA,NA,NA,NA,NA,NA,NA,NA,NA,NA,NA,NA,NA,NA
"DK Metcalf","WR","PIT",14,NA,NA,NA,NA,NA,NA,NA,1,6,6,1,0,94,6.7,"2260185","CBS","14102","CBS","WR",92,50,664,47.4,13.3,5,NA,NA,NA,NA,NA,NA,NA,NA,NA,NA,NA,NA,NA,NA,NA,NA,NA,NA,NA,NA,NA,NA,NA,NA,NA,NA,NA,NA,NA,NA,NA,NA,NA,NA,NA,NA,NA,NA,NA,NA,NA,NA,NA,NA
"Stefon Diggs","WR","WAS",14,NA,NA,NA,NA,NA,NA,NA,1,1,1,0,0,91,6.5,"2000038","CBS","12186","CBS","WR",79,58,637,45.5,11,6,NA,NA,NA,NA,NA,NA,NA,NA,NA,NA,NA,NA,NA,NA,NA,NA,NA,NA,NA,NA,NA,NA,NA,NA,NA,NA,NA,NA,NA,NA,NA,NA,NA,NA,NA,NA,NA,NA,NA,NA,NA,NA,NA,NA
"Rome Odunze","WR","CHI",14,NA,NA,NA,NA,NA,NA,NA,1,3,3,0,0,90,6.4,"3162979","CBS","16616","CBS","WR",96,48,751,53.6,15.7,4,NA,NA,NA,NA,NA,NA,NA,NA,NA,NA,NA,NA,NA,NA,NA,NA,NA,NA,NA,NA,NA,NA,NA,NA,NA,NA,NA,NA,NA,NA,NA,NA,NA,NA,NA,NA,NA,NA,NA,NA,NA,NA,NA,NA
"DJ Moore","WR","BUF",14,NA,NA,NA,NA,NA,NA,NA,10,47,4.7,0,0,89,6.4,"2179328","CBS","13635","CBS","WR",84,52,620,44.3,11.9,6,NA,NA,NA,NA,NA,NA,NA,NA,NA,NA,NA,NA,NA,NA,NA,NA,NA,NA,NA,NA,NA,NA,NA,NA,NA,NA,NA,NA,NA,NA,NA,NA,NA,NA,NA,NA,NA,NA,NA,NA,NA,NA,NA,NA
"Jakobi Meyers","WR","JAC",14,NA,NA,NA,NA,NA,NA,NA,4,14,3.5,0,0,88,6.3,"2183835","CBS","14127","CBS","WR",76,54,664,47.4,12.3,5,NA,NA,NA,NA,NA,NA,NA,NA,NA,NA,NA,NA,NA,NA,NA,NA,NA,NA,NA,NA,NA,NA,NA,NA,NA,NA,NA,NA,NA,NA,NA,NA,NA,NA,NA,NA,NA,NA,NA,NA,NA,NA,NA,NA
"Alec Pierce","WR","IND",11,NA,NA,NA,NA,NA,NA,NA,0,0,0,0,0,87,7.9,"2965664","CBS","15768","CBS","WR",58,33,659,59.9,20,5,NA,NA,NA,NA,NA,NA,NA,NA,NA,NA,NA,NA,NA,NA,NA,NA,NA,NA,NA,NA,NA,NA,NA,NA,NA,NA,NA,NA,NA,NA,NA,NA,NA,NA,NA,NA,NA,NA,NA,NA,NA,NA,NA,NA
"Matthew Golden","WR","GB",14,NA,NA,NA,NA,NA,NA,NA,5,26,5.2,0,0,87,6.2,"28874927","CBS","17075","CBS","WR",89,49,779,55.6,15.9,3,NA,NA,NA,NA,NA,NA,NA,NA,NA,NA,NA,NA,NA,NA,NA,NA,NA,NA,NA,NA,NA,NA,NA,NA,NA,NA,NA,NA,NA,NA,NA,NA,NA,NA,NA,NA,NA,NA,NA,NA,NA,NA,NA,NA
"Tre Tucker","WR","LV",14,NA,NA,NA,NA,NA,NA,NA,6,28,4.7,0,0,87,6.2,"3121848","CBS","16287","CBS","WR",87,55,704,50.3,12.8,4,NA,NA,NA,NA,NA,NA,NA,NA,NA,NA,NA,NA,NA,NA,NA,NA,NA,NA,NA,NA,NA,NA,NA,NA,NA,NA,NA,NA,NA,NA,NA,NA,NA,NA,NA,NA,NA,NA,NA,NA,NA,NA,NA,NA
"Denzel Boston","WR","CLE",14,NA,NA,NA,NA,NA,NA,NA,1,6,6,0,1,87,6.2,"28875368","CBS","17500","CBS","WR",76,47,729,52.1,15.5,4,NA,NA,NA,NA,NA,NA,NA,NA,NA,NA,NA,NA,NA,NA,NA,NA,NA,NA,NA,NA,NA,NA,NA,NA,NA,NA,NA,NA,NA,NA,NA,NA,NA,NA,NA,NA,NA,NA,NA,NA,NA,NA,NA,NA
"Josh Downs","WR","IND",14,NA,NA,NA,NA,NA,NA,NA,1,1,1,0,1,86,6.1,"3162970","CBS","16187","CBS","WR",98,62,720,51.4,11.6,4,NA,NA,NA,NA,NA,NA,NA,NA,NA,NA,NA,NA,NA,NA,NA,NA,NA,NA,NA,NA,NA,NA,NA,NA,NA,NA,NA,NA,NA,NA,NA,NA,NA,NA,NA,NA,NA,NA,NA,NA,NA,NA,NA,NA
"Brian Thomas Jr.","WR","JAC",14,NA,NA,NA,NA,NA,NA,NA,2,15,7.5,0,0,85,6.1,"3132164","CBS","16618","CBS","WR",76,46,694,49.6,15.1,4,NA,NA,NA,NA,NA,NA,NA,NA,NA,NA,NA,NA,NA,NA,NA,NA,NA,NA,NA,NA,NA,NA,NA,NA,NA,NA,NA,NA,NA,NA,NA,NA,NA,NA,NA,NA,NA,NA,NA,NA,NA,NA,NA,NA
"Deebo Samuel","WR","SF",14,NA,NA,NA,NA,NA,NA,NA,28,108,3.9,0,0,84,6,"2139735","CBS","14136","CBS","WR",72,52,599,42.8,11.5,5,NA,NA,NA,NA,NA,NA,NA,NA,NA,NA,NA,NA,NA,NA,NA,NA,NA,NA,NA,NA,NA,NA,NA,NA,NA,NA,NA,NA,NA,NA,NA,NA,NA,NA,NA,NA,NA,NA,NA,NA,NA,NA,NA,NA
"Courtland Sutton","WR","DEN",14,NA,NA,NA,NA,NA,NA,NA,0,0,0,0,0,82,5.9,"2218461","CBS","13630","CBS","WR",92,52,659,47.1,12.7,4,NA,NA,NA,NA,NA,NA,NA,NA,NA,NA,NA,NA,NA,NA,NA,NA,NA,NA,NA,NA,NA,NA,NA,NA,NA,NA,NA,NA,NA,NA,NA,NA,NA,NA,NA,NA,NA,NA,NA,NA,NA,NA,NA,NA
"Malik Nabers","WR","NYG",14,NA,NA,NA,NA,NA,NA,NA,2,1,0.5,0,0,82,5.9,"26697761","CBS","16615","CBS","WR",95,59,664,47.4,11.3,4,NA,NA,NA,NA,NA,NA,NA,NA,NA,NA,NA,NA,NA,NA,NA,NA,NA,NA,NA,NA,NA,NA,NA,NA,NA,NA,NA,NA,NA,NA,NA,NA,NA,NA,NA,NA,NA,NA,NA,NA,NA,NA,NA,NA
"Chris Godwin","WR","TB",14,NA,NA,NA,NA,NA,NA,NA,4,32,8,0,0,80,5.7,"2818150","CBS","13163","CBS","WR",73,57,652,46.6,11.4,4,NA,NA,NA,NA,NA,NA,NA,NA,NA,NA,NA,NA,NA,NA,NA,NA,NA,NA,NA,NA,NA,NA,NA,NA,NA,NA,NA,NA,NA,NA,NA,NA,NA,NA,NA,NA,NA,NA,NA,NA,NA,NA,NA,NA
"Wan'Dale Robinson","WR","TEN",14,NA,NA,NA,NA,NA,NA,NA,2,4,2,0,0,76,5.4,"3124107","CBS","15757","CBS","WR",96,64,606,43.3,9.5,4,NA,NA,NA,NA,NA,NA,NA,NA,NA,NA,NA,NA,NA,NA,NA,NA,NA,NA,NA,NA,NA,NA,NA,NA,NA,NA,NA,NA,NA,NA,NA,NA,NA,NA,NA,NA,NA,NA,NA,NA,NA,NA,NA,NA
"Carnell Tate","WR","TEN",14,NA,NA,NA,NA,NA,NA,NA,1,5,5,0,1,75,5.4,"29124411","CBS","17497","CBS","WR",86,54,676,48.3,12.5,3,NA,NA,NA,NA,NA,NA,NA,NA,NA,NA,NA,NA,NA,NA,NA,NA,NA,NA,NA,NA,NA,NA,NA,NA,NA,NA,NA,NA,NA,NA,NA,NA,NA,NA,NA,NA,NA,NA,NA,NA,NA,NA,NA,NA
"Marvin Harrison Jr.","WR","ARI",14,NA,NA,NA,NA,NA,NA,NA,0,0,0,0,0,74,5.3,"26701883","CBS","16614","CBS","WR",77,40,584,41.7,14.6,4,NA,NA,NA,NA,NA,NA,NA,NA,NA,NA,NA,NA,NA,NA,NA,NA,NA,NA,NA,NA,NA,NA,NA,NA,NA,NA,NA,NA,NA,NA,NA,NA,NA,NA,NA,NA,NA,NA,NA,NA,NA,NA,NA,NA
"Jordyn Tyson","WR","NO",13,NA,NA,NA,NA,NA,NA,NA,2,8,4,0,1,74,5.7,"28900885","CBS","17498","CBS","WR",75,46,655,50.4,14.2,3,NA,NA,NA,NA,NA,NA,NA,NA,NA,NA,NA,NA,NA,NA,NA,NA,NA,NA,NA,NA,NA,NA,NA,NA,NA,NA,NA,NA,NA,NA,NA,NA,NA,NA,NA,NA,NA,NA,NA,NA,NA,NA,NA,NA
"Romeo Doubs","WR","NE",14,NA,NA,NA,NA,NA,NA,NA,0,0,0,0,0,74,5.3,"2961886","CBS","15779","CBS","WR",66,42,644,46,15.3,3,NA,NA,NA,NA,NA,NA,NA,NA,NA,NA,NA,NA,NA,NA,NA,NA,NA,NA,NA,NA,NA,NA,NA,NA,NA,NA,NA,NA,NA,NA,NA,NA,NA,NA,NA,NA,NA,NA,NA,NA,NA,NA,NA,NA
"Mack Hollins","WR","NE",14,NA,NA,NA,NA,NA,NA,NA,1,2,2,0,0,73,5.2,"2010349","CBS","13289","CBS","WR",67,46,631,45.1,13.7,3,NA,NA,NA,NA,NA,NA,NA,NA,NA,NA,NA,NA,NA,NA,NA,NA,NA,NA,NA,NA,NA,NA,NA,NA,NA,NA,NA,NA,NA,NA,NA,NA,NA,NA,NA,NA,NA,NA,NA,NA,NA,NA,NA,NA
"Devaughn Vele","WR","NO",14,NA,NA,NA,NA,NA,NA,NA,0,0,0,0,0,73,5.2,"3121113","CBS","16788","CBS","WR",75,51,634,45.3,12.4,3,NA,NA,NA,NA,NA,NA,NA,NA,NA,NA,NA,NA,NA,NA,NA,NA,NA,NA,NA,NA,NA,NA,NA,NA,NA,NA,NA,NA,NA,NA,NA,NA,NA,NA,NA,NA,NA,NA,NA,NA,NA,NA,NA,NA
"Elic Ayomanor","WR","TEN",14,NA,NA,NA,NA,NA,NA,NA,0,0,0,0,0,71,5.1,"28900714","CBS","17073","CBS","WR",60,30,496,35.4,16.5,5,NA,NA,NA,NA,NA,NA,NA,NA,NA,NA,NA,NA,NA,NA,NA,NA,NA,NA,NA,NA,NA,NA,NA,NA,NA,NA,NA,NA,NA,NA,NA,NA,NA,NA,NA,NA,NA,NA,NA,NA,NA,NA,NA,NA
"Rashod Bateman","WR","BAL",14,NA,NA,NA,NA,NA,NA,NA,0,0,0,0,0,71,5.1,"2960940","CBS","15293","CBS","WR",48,29,427,30.5,14.7,6,NA,NA,NA,NA,NA,NA,NA,NA,NA,NA,NA,NA,NA,NA,NA,NA,NA,NA,NA,NA,NA,NA,NA,NA,NA,NA,NA,NA,NA,NA,NA,NA,NA,NA,NA,NA,NA,NA,NA,NA,NA,NA,NA,NA
"Keenan Allen","WR","IND",14,NA,NA,NA,NA,NA,NA,NA,0,0,0,0,0,69,4.9,"1737096","CBS","11222","CBS","WR",86,54,545,38.9,10.1,4,NA,NA,NA,NA,NA,NA,NA,NA,NA,NA,NA,NA,NA,NA,NA,NA,NA,NA,NA,NA,NA,NA,NA,NA,NA,NA,NA,NA,NA,NA,NA,NA,NA,NA,NA,NA,NA,NA,NA,NA,NA,NA,NA,NA
"Cooper Kupp","WR","SEA",14,NA,NA,NA,NA,NA,NA,NA,0,2,0,0,0,68,4.9,"2006951","CBS","13164","CBS","WR",62,42,526,37.6,12.5,4,NA,NA,NA,NA,NA,NA,NA,NA,NA,NA,NA,NA,NA,NA,NA,NA,NA,NA,NA,NA,NA,NA,NA,NA,NA,NA,NA,NA,NA,NA,NA,NA,NA,NA,NA,NA,NA,NA,NA,NA,NA,NA,NA,NA
"Christian Kirk","WR","SF",13,NA,NA,NA,NA,NA,NA,NA,0,0,0,0,0,67,5.2,"2180820","CBS","13633","CBS","WR",72,41,509,39.2,12.4,4,NA,NA,NA,NA,NA,NA,NA,NA,NA,NA,NA,NA,NA,NA,NA,NA,NA,NA,NA,NA,NA,NA,NA,NA,NA,NA,NA,NA,NA,NA,NA,NA,NA,NA,NA,NA,NA,NA,NA,NA,NA,NA,NA,NA
"Dontayvion Wicks","WR","PHI",14,NA,NA,NA,NA,NA,NA,NA,1,4,4,0,0,65,4.6,"3122375","CBS","16195","CBS","WR",61,36,492,35.1,13.7,4,NA,NA,NA,NA,NA,NA,NA,NA,NA,NA,NA,NA,NA,NA,NA,NA,NA,NA,NA,NA,NA,NA,NA,NA,NA,NA,NA,NA,NA,NA,NA,NA,NA,NA,NA,NA,NA,NA,NA,NA,NA,NA,NA,NA
"Roman Wilson","WR","PIT",14,NA,NA,NA,NA,NA,NA,NA,0,0,0,0,1,64,4.6,"3169495","CBS","16629","CBS","WR",61,37,440,31.4,11.9,5,NA,NA,NA,NA,NA,NA,NA,NA,NA,NA,NA,NA,NA,NA,NA,NA,NA,NA,NA,NA,NA,NA,NA,NA,NA,NA,NA,NA,NA,NA,NA,NA,NA,NA,NA,NA,NA,NA,NA,NA,NA,NA,NA,NA
"Adonai Mitchell","WR","NYJ",14,NA,NA,NA,NA,NA,NA,NA,1,0,0,0,0,63,4.5,"26701928","CBS","16626","CBS","WR",82,41,542,38.7,13.2,3,NA,NA,NA,NA,NA,NA,NA,NA,NA,NA,NA,NA,NA,NA,NA,NA,NA,NA,NA,NA,NA,NA,NA,NA,NA,NA,NA,NA,NA,NA,NA,NA,NA,NA,NA,NA,NA,NA,NA,NA,NA,NA,NA,NA
"Quentin Johnston","WR","LAC",14,NA,NA,NA,NA,NA,NA,NA,3,15,5,0,1,61,4.4,"3162609","CBS","16188","CBS","WR",75,39,481,34.4,12.3,4,NA,NA,NA,NA,NA,NA,NA,NA,NA,NA,NA,NA,NA,NA,NA,NA,NA,NA,NA,NA,NA,NA,NA,NA,NA,NA,NA,NA,NA,NA,NA,NA,NA,NA,NA,NA,NA,NA,NA,NA,NA,NA,NA,NA
"Jordan Watkins","WR","SF",14,NA,NA,NA,NA,NA,NA,NA,2,8,4,0,1,61,4.4,"3164736","CBS","17192","CBS","WR",60,40,591,42.2,14.8,2,NA,NA,NA,NA,NA,NA,NA,NA,NA,NA,NA,NA,NA,NA,NA,NA,NA,NA,NA,NA,NA,NA,NA,NA,NA,NA,NA,NA,NA,NA,NA,NA,NA,NA,NA,NA,NA,NA,NA,NA,NA,NA,NA,NA
"Kalif Raymond","WR","CHI",14,NA,NA,NA,NA,NA,NA,NA,1,8,8,0,0,60,4.3,"1999329","CBS","13066","CBS","WR",50,44,516,36.9,11.7,3,NA,NA,NA,NA,NA,NA,NA,NA,NA,NA,NA,NA,NA,NA,NA,NA,NA,NA,NA,NA,NA,NA,NA,NA,NA,NA,NA,NA,NA,NA,NA,NA,NA,NA,NA,NA,NA,NA,NA,NA,NA,NA,NA,NA
"Jauan Jennings","WR","MIN",14,NA,NA,NA,NA,NA,NA,NA,0,0,0,0,0,60,4.3,"2180514","CBS","14860","CBS","WR",52,32,382,27.3,11.9,5,NA,NA,NA,NA,NA,NA,NA,NA,NA,NA,NA,NA,NA,NA,NA,NA,NA,NA,NA,NA,NA,NA,NA,NA,NA,NA,NA,NA,NA,NA,NA,NA,NA,NA,NA,NA,NA,NA,NA,NA,NA,NA,NA,NA
"Xavier Worthy","WR","KC",14,NA,NA,NA,NA,NA,NA,NA,16,88,5.5,1,0,59,4.2,"26730787","CBS","16620","CBS","WR",68,42,419,29.9,10,3,NA,NA,NA,NA,NA,NA,NA,NA,NA,NA,NA,NA,NA,NA,NA,NA,NA,NA,NA,NA,NA,NA,NA,NA,NA,NA,NA,NA,NA,NA,NA,NA,NA,NA,NA,NA,NA,NA,NA,NA,NA,NA,NA,NA
"Malik Washington","WR","MIA",14,NA,NA,NA,NA,NA,NA,NA,12,52,4.3,1,2,59,4.2,"3124729","CBS","16684","CBS","WR",85,55,482,34.4,8.8,3,NA,NA,NA,NA,NA,NA,NA,NA,NA,NA,NA,NA,NA,NA,NA,NA,NA,NA,NA,NA,NA,NA,NA,NA,NA,NA,NA,NA,NA,NA,NA,NA,NA,NA,NA,NA,NA,NA,NA,NA,NA,NA,NA,NA
"Jayden Reed","WR","GB",14,NA,NA,NA,NA,NA,NA,NA,10,84,8.4,0,0,59,4.2,"2967762","CBS","16184","CBS","WR",65,46,478,34.1,10.4,3,NA,NA,NA,NA,NA,NA,NA,NA,NA,NA,NA,NA,NA,NA,NA,NA,NA,NA,NA,NA,NA,NA,NA,NA,NA,NA,NA,NA,NA,NA,NA,NA,NA,NA,NA,NA,NA,NA,NA,NA,NA,NA,NA,NA
"KC Concepcion","WR","CLE",14,NA,NA,NA,NA,NA,NA,NA,6,17,2.8,0,3,59,4.2,"29123718","CBS","17501","CBS","WR",83,51,559,39.9,11,3,NA,NA,NA,NA,NA,NA,NA,NA,NA,NA,NA,NA,NA,NA,NA,NA,NA,NA,NA,NA,NA,NA,NA,NA,NA,NA,NA,NA,NA,NA,NA,NA,NA,NA,NA,NA,NA,NA,NA,NA,NA,NA,NA,NA
"Antonio Williams","WR","WAS",14,NA,NA,NA,NA,NA,NA,NA,2,9,4.5,0,1,57,4.1,"28877974","CBS","17512","CBS","WR",54,36,501,35.8,13.9,3,NA,NA,NA,NA,NA,NA,NA,NA,NA,NA,NA,NA,NA,NA,NA,NA,NA,NA,NA,NA,NA,NA,NA,NA,NA,NA,NA,NA,NA,NA,NA,NA,NA,NA,NA,NA,NA,NA,NA,NA,NA,NA,NA,NA
"Kayshon Boutte","WR","HOU",14,NA,NA,NA,NA,NA,NA,NA,0,0,0,0,0,57,4.1,"3163170","CBS","16193","CBS","WR",42,27,413,29.5,15.3,4,NA,NA,NA,NA,NA,NA,NA,NA,NA,NA,NA,NA,NA,NA,NA,NA,NA,NA,NA,NA,NA,NA,NA,NA,NA,NA,NA,NA,NA,NA,NA,NA,NA,NA,NA,NA,NA,NA,NA,NA,NA,NA,NA,NA
"Khalil Shakir","WR","BUF",14,NA,NA,NA,NA,NA,NA,NA,1,3,3,0,0,56,4,"2969119","CBS","15761","CBS","WR",69,51,470,33.6,9.2,3,NA,NA,NA,NA,NA,NA,NA,NA,NA,NA,NA,NA,NA,NA,NA,NA,NA,NA,NA,NA,NA,NA,NA,NA,NA,NA,NA,NA,NA,NA,NA,NA,NA,NA,NA,NA,NA,NA,NA,NA,NA,NA,NA,NA
"Michael Pittman","WR","PIT",14,NA,NA,NA,NA,NA,NA,NA,0,0,0,0,0,56,4,"2240188","CBS","14842","CBS","WR",72,49,474,33.9,9.7,3,NA,NA,NA,NA,NA,NA,NA,NA,NA,NA,NA,NA,NA,NA,NA,NA,NA,NA,NA,NA,NA,NA,NA,NA,NA,NA,NA,NA,NA,NA,NA,NA,NA,NA,NA,NA,NA,NA,NA,NA,NA,NA,NA,NA
"Caleb Douglas","WR","MIA",14,NA,NA,NA,NA,NA,NA,NA,2,7,3.5,0,1,55,3.9,"28900321","CBS","17599","CBS","WR",69,44,537,38.4,12.2,2,NA,NA,NA,NA,NA,NA,NA,NA,NA,NA,NA,NA,NA,NA,NA,NA,NA,NA,NA,NA,NA,NA,NA,NA,NA,NA,NA,NA,NA,NA,NA,NA,NA,NA,NA,NA,NA,NA,NA,NA,NA,NA,NA,NA
"Jerry Jeudy","WR","CLE",14,NA,NA,NA,NA,NA,NA,NA,1,3,3,0,1,55,3.9,"2741201","CBS","14833","CBS","WR",78,41,535,38.2,13.1,2,NA,NA,NA,NA,NA,NA,NA,NA,NA,NA,NA,NA,NA,NA,NA,NA,NA,NA,NA,NA,NA,NA,NA,NA,NA,NA,NA,NA,NA,NA,NA,NA,NA,NA,NA,NA,NA,NA,NA,NA,NA,NA,NA,NA
"Bryce Lance","WR","NO",14,NA,NA,NA,NA,NA,NA,NA,1,6,6,0,1,55,3.9,"26725855","CBS","17519","CBS","WR",70,41,536,38.3,13.1,2,NA,NA,NA,NA,NA,NA,NA,NA,NA,NA,NA,NA,NA,NA,NA,NA,NA,NA,NA,NA,NA,NA,NA,NA,NA,NA,NA,NA,NA,NA,NA,NA,NA,NA,NA,NA,NA,NA,NA,NA,NA,NA,NA,NA
"Isaac TeSlaa","WR","DET",14,NA,NA,NA,NA,NA,NA,NA,0,0,0,0,0,54,3.9,"29122587","CBS","17157","CBS","WR",40,23,378,27,16.4,4,NA,NA,NA,NA,NA,NA,NA,NA,NA,NA,NA,NA,NA,NA,NA,NA,NA,NA,NA,NA,NA,NA,NA,NA,NA,NA,NA,NA,NA,NA,NA,NA,NA,NA,NA,NA,NA,NA,NA,NA,NA,NA,NA,NA
"Xavier Hutchinson","WR","HOU",14,NA,NA,NA,NA,NA,NA,NA,4,15,3.8,0,0,54,3.9,"3161943","CBS","16201","CBS","WR",78,39,510,36.4,13.1,2,NA,NA,NA,NA,NA,NA,NA,NA,NA,NA,NA,NA,NA,NA,NA,NA,NA,NA,NA,NA,NA,NA,NA,NA,NA,NA,NA,NA,NA,NA,NA,NA,NA,NA,NA,NA,NA,NA,NA,NA,NA,NA,NA,NA
"Josh Palmer","WR","BUF",14,NA,NA,NA,NA,NA,NA,NA,0,0,0,0,0,54,3.9,"2867325","CBS","15319","CBS","WR",44,24,389,27.8,16.2,4,NA,NA,NA,NA,NA,NA,NA,NA,NA,NA,NA,NA,NA,NA,NA,NA,NA,NA,NA,NA,NA,NA,NA,NA,NA,NA,NA,NA,NA,NA,NA,NA,NA,NA,NA,NA,NA,NA,NA,NA,NA,NA,NA,NA
"Tyquan Thornton","WR","KC",14,NA,NA,NA,NA,NA,NA,NA,0,0,0,0,0,53,3.8,"2965066","CBS","15787","CBS","WR",40,26,500,35.7,19.2,2,NA,NA,NA,NA,NA,NA,NA,NA,NA,NA,NA,NA,NA,NA,NA,NA,NA,NA,NA,NA,NA,NA,NA,NA,NA,NA,NA,NA,NA,NA,NA,NA,NA,NA,NA,NA,NA,NA,NA,NA,NA,NA,NA,NA
"Makai Lemon","WR","PHI",14,NA,NA,NA,NA,NA,NA,NA,3,1,0.3,0,1,52,3.7,"29123772","CBS","17499","CBS","WR",57,37,436,31.1,11.8,3,NA,NA,NA,NA,NA,NA,NA,NA,NA,NA,NA,NA,NA,NA,NA,NA,NA,NA,NA,NA,NA,NA,NA,NA,NA,NA,NA,NA,NA,NA,NA,NA,NA,NA,NA,NA,NA,NA,NA,NA,NA,NA,NA,NA
"Ted Hurst","WR","TB",14,NA,NA,NA,NA,NA,NA,NA,1,8,8,0,1,52,3.7,"29421796","CBS","17520","CBS","WR",47,27,382,27.3,14.2,4,NA,NA,NA,NA,NA,NA,NA,NA,NA,NA,NA,NA,NA,NA,NA,NA,NA,NA,NA,NA,NA,NA,NA,NA,NA,NA,NA,NA,NA,NA,NA,NA,NA,NA,NA,NA,NA,NA,NA,NA,NA,NA,NA,NA
"Darnell Mooney","WR","NYG",14,NA,NA,NA,NA,NA,NA,NA,1,12,12,0,0,51,3.6,"2240651","CBS","14974","CBS","WR",60,33,486,34.7,14.7,2,NA,NA,NA,NA,NA,NA,NA,NA,NA,NA,NA,NA,NA,NA,NA,NA,NA,NA,NA,NA,NA,NA,NA,NA,NA,NA,NA,NA,NA,NA,NA,NA,NA,NA,NA,NA,NA,NA,NA,NA,NA,NA,NA,NA
"Pat Bryant","WR","DEN",14,NA,NA,NA,NA,NA,NA,NA,2,29,14.5,0,0,51,3.6,"26697415","CBS","17082","CBS","WR",51,34,408,29.1,12,3,NA,NA,NA,NA,NA,NA,NA,NA,NA,NA,NA,NA,NA,NA,NA,NA,NA,NA,NA,NA,NA,NA,NA,NA,NA,NA,NA,NA,NA,NA,NA,NA,NA,NA,NA,NA,NA,NA,NA,NA,NA,NA,NA,NA
"Rashid Shaheed","WR","SEA",14,NA,NA,NA,NA,NA,NA,NA,10,67,6.7,0,1,50,3.6,"2250863","CBS","16080","CBS","WR",64,36,489,34.9,13.6,2,NA,NA,NA,NA,NA,NA,NA,NA,NA,NA,NA,NA,NA,NA,NA,NA,NA,NA,NA,NA,NA,NA,NA,NA,NA,NA,NA,NA,NA,NA,NA,NA,NA,NA,NA,NA,NA,NA,NA,NA,NA,NA,NA,NA
"Jalen McMillan","WR","TB",14,NA,NA,NA,NA,NA,NA,NA,3,20,6.7,0,0,49,3.5,"3162347","CBS","16628","CBS","WR",47,31,403,28.8,13,3,NA,NA,NA,NA,NA,NA,NA,NA,NA,NA,NA,NA,NA,NA,NA,NA,NA,NA,NA,NA,NA,NA,NA,NA,NA,NA,NA,NA,NA,NA,NA,NA,NA,NA,NA,NA,NA,NA,NA,NA,NA,NA,NA,NA
"Ja'Kobi Lane","WR","BAL",12,NA,NA,NA,NA,NA,NA,NA,2,11,5.5,0,1,48,4,"29158151","CBS","17517","CBS","WR",47,27,409,34.1,15.2,3,NA,NA,NA,NA,NA,NA,NA,NA,NA,NA,NA,NA,NA,NA,NA,NA,NA,NA,NA,NA,NA,NA,NA,NA,NA,NA,NA,NA,NA,NA,NA,NA,NA,NA,NA,NA,NA,NA,NA,NA,NA,NA,NA,NA
"Kendrick Bourne","WR","ARI",14,NA,NA,NA,NA,NA,NA,NA,0,1,0,0,0,48,3.4,"2088428","CBS","13418","CBS","WR",51,38,434,31,11.4,2,NA,NA,NA,NA,NA,NA,NA,NA,NA,NA,NA,NA,NA,NA,NA,NA,NA,NA,NA,NA,NA,NA,NA,NA,NA,NA,NA,NA,NA,NA,NA,NA,NA,NA,NA,NA,NA,NA,NA,NA,NA,NA,NA,NA
"Calvin Ridley","WR","TEN",14,NA,NA,NA,NA,NA,NA,NA,2,16,8,0,0,48,3.4,"2186328","CBS","13629","CBS","WR",46,25,445,31.8,17.8,2,NA,NA,NA,NA,NA,NA,NA,NA,NA,NA,NA,NA,NA,NA,NA,NA,NA,NA,NA,NA,NA,NA,NA,NA,NA,NA,NA,NA,NA,NA,NA,NA,NA,NA,NA,NA,NA,NA,NA,NA,NA,NA,NA,NA
"Chris Bell","WR","MIA",14,NA,NA,NA,NA,NA,NA,NA,1,7,7,0,1,48,3.4,"28877196","CBS","17506","CBS","WR",62,36,472,33.7,13.1,2,NA,NA,NA,NA,NA,NA,NA,NA,NA,NA,NA,NA,NA,NA,NA,NA,NA,NA,NA,NA,NA,NA,NA,NA,NA,NA,NA,NA,NA,NA,NA,NA,NA,NA,NA,NA,NA,NA,NA,NA,NA,NA,NA,NA
"Keon Coleman","WR","BUF",14,NA,NA,NA,NA,NA,NA,NA,0,2,0,0,1,47,3.4,"26717289","CBS","16617","CBS","WR",53,34,403,28.8,11.9,3,NA,NA,NA,NA,NA,NA,NA,NA,NA,NA,NA,NA,NA,NA,NA,NA,NA,NA,NA,NA,NA,NA,NA,NA,NA,NA,NA,NA,NA,NA,NA,NA,NA,NA,NA,NA,NA,NA,NA,NA,NA,NA,NA,NA
"Tre Harris","WR","LAC",14,NA,NA,NA,NA,NA,NA,NA,1,6,6,0,0,47,3.4,"3162525","CBS","17072","CBS","WR",53,35,431,30.8,12.3,2,NA,NA,NA,NA,NA,NA,NA,NA,NA,NA,NA,NA,NA,NA,NA,NA,NA,NA,NA,NA,NA,NA,NA,NA,NA,NA,NA,NA,NA,NA,NA,NA,NA,NA,NA,NA,NA,NA,NA,NA,NA,NA,NA,NA
"Jahdae Walker","WR","CHI",14,NA,NA,NA,NA,NA,NA,NA,1,5,5,0,0,47,3.4,"29174299","CBS","17353","CBS","WR",39,25,313,22.4,12.5,4,NA,NA,NA,NA,NA,NA,NA,NA,NA,NA,NA,NA,NA,NA,NA,NA,NA,NA,NA,NA,NA,NA,NA,NA,NA,NA,NA,NA,NA,NA,NA,NA,NA,NA,NA,NA,NA,NA,NA,NA,NA,NA,NA,NA
"Demario Douglas","WR","NE",14,NA,NA,NA,NA,NA,NA,NA,3,11,3.7,0,0,47,3.4,"3126241","CBS","16342","CBS","WR",52,34,423,30.2,12.4,2,NA,NA,NA,NA,NA,NA,NA,NA,NA,NA,NA,NA,NA,NA,NA,NA,NA,NA,NA,NA,NA,NA,NA,NA,NA,NA,NA,NA,NA,NA,NA,NA,NA,NA,NA,NA,NA,NA,NA,NA,NA,NA,NA,NA
"Devontez Walker","WR","BAL",14,NA,NA,NA,NA,NA,NA,NA,0,0,0,0,0,47,3.4,"26702084","CBS","16621","CBS","WR",33,17,318,22.7,18.7,4,NA,NA,NA,NA,NA,NA,NA,NA,NA,NA,NA,NA,NA,NA,NA,NA,NA,NA,NA,NA,NA,NA,NA,NA,NA,NA,NA,NA,NA,NA,NA,NA,NA,NA,NA,NA,NA,NA,NA,NA,NA,NA,NA,NA
"Josh Cameron","WR","JAC",14,NA,NA,NA,NA,NA,NA,NA,2,8,4,0,1,44,3.1,"26726935","CBS","17527","CBS","WR",40,26,364,26,14,3,NA,NA,NA,NA,NA,NA,NA,NA,NA,NA,NA,NA,NA,NA,NA,NA,NA,NA,NA,NA,NA,NA,NA,NA,NA,NA,NA,NA,NA,NA,NA,NA,NA,NA,NA,NA,NA,NA,NA,NA,NA,NA,NA,NA
"Demarcus Robinson","WR","SF",11,NA,NA,NA,NA,NA,NA,NA,0,3,0,0,0,44,4,"2061095","CBS","12785","CBS","WR",34,22,339,30.8,15.4,3,NA,NA,NA,NA,NA,NA,NA,NA,NA,NA,NA,NA,NA,NA,NA,NA,NA,NA,NA,NA,NA,NA,NA,NA,NA,NA,NA,NA,NA,NA,NA,NA,NA,NA,NA,NA,NA,NA,NA,NA,NA,NA,NA,NA
"Isaiah Bond","WR","CLE",14,NA,NA,NA,NA,NA,NA,NA,4,24,6,0,0,44,3.1,"28910521","CBS","17076","CBS","WR",45,23,468,33.4,20.4,1,NA,NA,NA,NA,NA,NA,NA,NA,NA,NA,NA,NA,NA,NA,NA,NA,NA,NA,NA,NA,NA,NA,NA,NA,NA,NA,NA,NA,NA,NA,NA,NA,NA,NA,NA,NA,NA,NA,NA,NA,NA,NA,NA,NA
"Omar Cooper Jr.","WR","NYJ",12,NA,NA,NA,NA,NA,NA,NA,1,8,8,0,1,42,3.5,"28900921","CBS","17502","CBS","WR",50,32,408,34,12.8,2,NA,NA,NA,NA,NA,NA,NA,NA,NA,NA,NA,NA,NA,NA,NA,NA,NA,NA,NA,NA,NA,NA,NA,NA,NA,NA,NA,NA,NA,NA,NA,NA,NA,NA,NA,NA,NA,NA,NA,NA,NA,NA,NA,NA
"Germie Bernard","WR","PIT",14,NA,NA,NA,NA,NA,NA,NA,1,7,7,0,1,41,2.9,"28878358","CBS","17503","CBS","WR",54,33,399,28.5,12.1,2,NA,NA,NA,NA,NA,NA,NA,NA,NA,NA,NA,NA,NA,NA,NA,NA,NA,NA,NA,NA,NA,NA,NA,NA,NA,NA,NA,NA,NA,NA,NA,NA,NA,NA,NA,NA,NA,NA,NA,NA,NA,NA,NA,NA
"Jalen Nailor","WR","LV",14,NA,NA,NA,NA,NA,NA,NA,1,5,5,0,0,41,2.9,"2967232","CBS","15786","CBS","WR",46,25,316,22.6,12.6,3,NA,NA,NA,NA,NA,NA,NA,NA,NA,NA,NA,NA,NA,NA,NA,NA,NA,NA,NA,NA,NA,NA,NA,NA,NA,NA,NA,NA,NA,NA,NA,NA,NA,NA,NA,NA,NA,NA,NA,NA,NA,NA,NA,NA
"Brock Bowers","TE","LV",14,NA,NA,NA,NA,NA,NA,NA,NA,NA,NA,NA,0,139,9.9,"26693971","CBS","16641","CBS","TE",109,82,880,62.9,10.7,10,NA,NA,NA,NA,NA,NA,NA,NA,NA,NA,NA,NA,NA,NA,NA,NA,NA,NA,NA,NA,NA,NA,NA,NA,NA,NA,NA,NA,NA,NA,NA,NA,NA,NA,NA,NA,NA,NA,NA,NA,NA,NA,NA,NA
"Trey McBride","TE","ARI",14,NA,NA,NA,NA,NA,NA,NA,NA,NA,NA,NA,0,134,9.6,"2963385","CBS","15794","CBS","TE",142,108,943,67.4,8.7,8,NA,NA,NA,NA,NA,NA,NA,NA,NA,NA,NA,NA,NA,NA,NA,NA,NA,NA,NA,NA,NA,NA,NA,NA,NA,NA,NA,NA,NA,NA,NA,NA,NA,NA,NA,NA,NA,NA,NA,NA,NA,NA,NA,NA
"Harold Fannin Jr.","TE","CLE",14,NA,NA,NA,NA,NA,NA,NA,NA,NA,NA,NA,1,124,8.9,"28900882","CBS","17103","CBS","TE",101,71,742,53,10.5,9,NA,NA,NA,NA,NA,NA,NA,NA,NA,NA,NA,NA,NA,NA,NA,NA,NA,NA,NA,NA,NA,NA,NA,NA,NA,NA,NA,NA,NA,NA,NA,NA,NA,NA,NA,NA,NA,NA,NA,NA,NA,NA,NA,NA
"Dallas Goedert","TE","PHI",14,NA,NA,NA,NA,NA,NA,NA,NA,NA,NA,NA,0,117,8.4,"2132551","CBS","13674","CBS","TE",74,53,589,42.1,11.1,10,NA,NA,NA,NA,NA,NA,NA,NA,NA,NA,NA,NA,NA,NA,NA,NA,NA,NA,NA,NA,NA,NA,NA,NA,NA,NA,NA,NA,NA,NA,NA,NA,NA,NA,NA,NA,NA,NA,NA,NA,NA,NA,NA,NA
"Tyler Warren","TE","IND",14,NA,NA,NA,NA,NA,NA,NA,NA,NA,NA,NA,0,110,7.9,"3168800","CBS","17102","CBS","TE",96,69,646,46.1,9.4,9,NA,NA,NA,NA,NA,NA,NA,NA,NA,NA,NA,NA,NA,NA,NA,NA,NA,NA,NA,NA,NA,NA,NA,NA,NA,NA,NA,NA,NA,NA,NA,NA,NA,NA,NA,NA,NA,NA,NA,NA,NA,NA,NA,NA
"George Kittle","TE","SF",14,NA,NA,NA,NA,NA,NA,NA,NA,NA,NA,NA,0,108,7.7,"2818265","CBS","13299","CBS","TE",75,60,742,53,12.4,7,NA,NA,NA,NA,NA,NA,NA,NA,NA,NA,NA,NA,NA,NA,NA,NA,NA,NA,NA,NA,NA,NA,NA,NA,NA,NA,NA,NA,NA,NA,NA,NA,NA,NA,NA,NA,NA,NA,NA,NA,NA,NA,NA,NA
"Juwan Johnson","TE","NO",14,NA,NA,NA,NA,NA,NA,NA,NA,NA,NA,NA,2,98,7,"2186637","CBS","14861","CBS","TE",80,62,752,53.7,12.1,6,NA,NA,NA,NA,NA,NA,NA,NA,NA,NA,NA,NA,NA,NA,NA,NA,NA,NA,NA,NA,NA,NA,NA,NA,NA,NA,NA,NA,NA,NA,NA,NA,NA,NA,NA,NA,NA,NA,NA,NA,NA,NA,NA,NA
"Dalton Kincaid","TE","BUF",14,NA,NA,NA,NA,NA,NA,NA,NA,NA,NA,NA,1,98,7,"2982991","CBS","16213","CBS","TE",74,56,795,56.8,14.2,5,NA,NA,NA,NA,NA,NA,NA,NA,NA,NA,NA,NA,NA,NA,NA,NA,NA,NA,NA,NA,NA,NA,NA,NA,NA,NA,NA,NA,NA,NA,NA,NA,NA,NA,NA,NA,NA,NA,NA,NA,NA,NA,NA,NA
"Sam LaPorta","TE","DET",14,NA,NA,NA,NA,NA,NA,NA,NA,NA,NA,NA,0,95,6.8,"3124197","CBS","16214","CBS","TE",80,61,737,52.6,12.1,5,NA,NA,NA,NA,NA,NA,NA,NA,NA,NA,NA,NA,NA,NA,NA,NA,NA,NA,NA,NA,NA,NA,NA,NA,NA,NA,NA,NA,NA,NA,NA,NA,NA,NA,NA,NA,NA,NA,NA,NA,NA,NA,NA,NA
"Travis Kelce","TE","KC",14,NA,NA,NA,NA,NA,NA,NA,NA,NA,NA,NA,0,91,6.5,"1725130","CBS","11244","CBS","TE",84,61,690,49.3,11.3,5,NA,NA,NA,NA,NA,NA,NA,NA,NA,NA,NA,NA,NA,NA,NA,NA,NA,NA,NA,NA,NA,NA,NA,NA,NA,NA,NA,NA,NA,NA,NA,NA,NA,NA,NA,NA,NA,NA,NA,NA,NA,NA,NA,NA
"Tucker Kraft","TE","GB",14,NA,NA,NA,NA,NA,NA,NA,NA,NA,NA,NA,0,88,6.3,"3133332","CBS","16222","CBS","TE",72,46,608,43.4,13.2,6,NA,NA,NA,NA,NA,NA,NA,NA,NA,NA,NA,NA,NA,NA,NA,NA,NA,NA,NA,NA,NA,NA,NA,NA,NA,NA,NA,NA,NA,NA,NA,NA,NA,NA,NA,NA,NA,NA,NA,NA,NA,NA,NA,NA
"Dalton Schultz","TE","HOU",14,NA,NA,NA,NA,NA,NA,NA,NA,NA,NA,NA,0,85,6.1,"2136748","CBS","13772","CBS","TE",88,66,693,49.5,10.5,4,NA,NA,NA,NA,NA,NA,NA,NA,NA,NA,NA,NA,NA,NA,NA,NA,NA,NA,NA,NA,NA,NA,NA,NA,NA,NA,NA,NA,NA,NA,NA,NA,NA,NA,NA,NA,NA,NA,NA,NA,NA,NA,NA,NA
"Isaiah Likely","TE","NYG",14,NA,NA,NA,NA,NA,NA,NA,NA,NA,NA,NA,1,84,6,"2961906","CBS","15798","CBS","TE",89,62,584,41.7,9.4,6,NA,NA,NA,NA,NA,NA,NA,NA,NA,NA,NA,NA,NA,NA,NA,NA,NA,NA,NA,NA,NA,NA,NA,NA,NA,NA,NA,NA,NA,NA,NA,NA,NA,NA,NA,NA,NA,NA,NA,NA,NA,NA,NA,NA
"Colston Loveland","TE","CHI",14,NA,NA,NA,NA,NA,NA,NA,NA,NA,NA,NA,0,83,5.9,"28874696","CBS","17104","CBS","TE",83,54,617,44.1,11.4,5,NA,NA,NA,NA,NA,NA,NA,NA,NA,NA,NA,NA,NA,NA,NA,NA,NA,NA,NA,NA,NA,NA,NA,NA,NA,NA,NA,NA,NA,NA,NA,NA,NA,NA,NA,NA,NA,NA,NA,NA,NA,NA,NA,NA
"Kenyon Sadiq","TE","NYJ",14,NA,NA,NA,NA,NA,NA,NA,NA,NA,NA,NA,1,83,5.9,"29125433","CBS","17543","CBS","TE",61,44,561,40.1,12.8,6,NA,NA,NA,NA,NA,NA,NA,NA,NA,NA,NA,NA,NA,NA,NA,NA,NA,NA,NA,NA,NA,NA,NA,NA,NA,NA,NA,NA,NA,NA,NA,NA,NA,NA,NA,NA,NA,NA,NA,NA,NA,NA,NA,NA
"Jake Ferguson","TE","DAL",14,NA,NA,NA,NA,NA,NA,NA,NA,NA,NA,NA,3,78,5.6,"2867159","CBS","15799","CBS","TE",70,53,439,31.4,8.3,8,NA,NA,NA,NA,NA,NA,NA,NA,NA,NA,NA,NA,NA,NA,NA,NA,NA,NA,NA,NA,NA,NA,NA,NA,NA,NA,NA,NA,NA,NA,NA,NA,NA,NA,NA,NA,NA,NA,NA,NA,NA,NA,NA,NA
"Mike Gesicki","TE","CIN",14,NA,NA,NA,NA,NA,NA,NA,NA,NA,NA,NA,0,75,5.4,"2139298","CBS","13672","CBS","TE",60,45,545,38.9,12.1,5,NA,NA,NA,NA,NA,NA,NA,NA,NA,NA,NA,NA,NA,NA,NA,NA,NA,NA,NA,NA,NA,NA,NA,NA,NA,NA,NA,NA,NA,NA,NA,NA,NA,NA,NA,NA,NA,NA,NA,NA,NA,NA,NA,NA
"Brenton Strange","TE","JAC",14,NA,NA,NA,NA,NA,NA,NA,NA,NA,NA,NA,0,75,5.4,"3121696","CBS","16269","CBS","TE",65,46,534,38.1,11.6,5,NA,NA,NA,NA,NA,NA,NA,NA,NA,NA,NA,NA,NA,NA,NA,NA,NA,NA,NA,NA,NA,NA,NA,NA,NA,NA,NA,NA,NA,NA,NA,NA,NA,NA,NA,NA,NA,NA,NA,NA,NA,NA,NA,NA
"Kyle Pitts","TE","ATL",14,NA,NA,NA,NA,NA,NA,NA,NA,NA,NA,NA,0,71,5.1,"2964514","CBS","15329","CBS","TE",72,49,546,39,11.1,4,NA,NA,NA,NA,NA,NA,NA,NA,NA,NA,NA,NA,NA,NA,NA,NA,NA,NA,NA,NA,NA,NA,NA,NA,NA,NA,NA,NA,NA,NA,NA,NA,NA,NA,NA,NA,NA,NA,NA,NA,NA,NA,NA,NA
"Cade Otton","TE","TB",14,NA,NA,NA,NA,NA,NA,NA,NA,NA,NA,NA,0,70,5,"2815179","CBS","15802","CBS","TE",80,57,609,43.5,10.7,3,NA,NA,NA,NA,NA,NA,NA,NA,NA,NA,NA,NA,NA,NA,NA,NA,NA,NA,NA,NA,NA,NA,NA,NA,NA,NA,NA,NA,NA,NA,NA,NA,NA,NA,NA,NA,NA,NA,NA,NA,NA,NA,NA,NA
"Hunter Henry","TE","NE",14,NA,NA,NA,NA,NA,NA,NA,NA,NA,NA,NA,0,69,4.9,"2079848","CBS","12676","CBS","TE",65,45,539,38.5,12,4,NA,NA,NA,NA,NA,NA,NA,NA,NA,NA,NA,NA,NA,NA,NA,NA,NA,NA,NA,NA,NA,NA,NA,NA,NA,NA,NA,NA,NA,NA,NA,NA,NA,NA,NA,NA,NA,NA,NA,NA,NA,NA,NA,NA
"Pat Freiermuth","TE","PIT",14,NA,NA,NA,NA,NA,NA,NA,NA,NA,NA,NA,0,68,4.9,"2961270","CBS","15331","CBS","TE",54,42,462,33,11,5,NA,NA,NA,NA,NA,NA,NA,NA,NA,NA,NA,NA,NA,NA,NA,NA,NA,NA,NA,NA,NA,NA,NA,NA,NA,NA,NA,NA,NA,NA,NA,NA,NA,NA,NA,NA,NA,NA,NA,NA,NA,NA,NA,NA
"AJ Barner","TE","SEA",14,NA,NA,NA,NA,NA,NA,NA,NA,NA,NA,NA,0,67,4.8,"3169283","CBS","16723","CBS","TE",52,39,396,28.3,10.2,4,NA,NA,NA,NA,NA,NA,NA,NA,NA,NA,NA,NA,NA,NA,NA,NA,NA,NA,NA,NA,NA,NA,NA,NA,NA,NA,NA,NA,NA,NA,NA,NA,NA,NA,NA,NA,NA,NA,NA,NA,NA,NA,NA,NA
"Mark Andrews","TE","BAL",14,NA,NA,NA,NA,NA,NA,NA,NA,NA,NA,NA,0,66,4.7,"2131121","CBS","13671","CBS","TE",64,45,446,31.9,9.9,5,NA,NA,NA,NA,NA,NA,NA,NA,NA,NA,NA,NA,NA,NA,NA,NA,NA,NA,NA,NA,NA,NA,NA,NA,NA,NA,NA,NA,NA,NA,NA,NA,NA,NA,NA,NA,NA,NA,NA,NA,NA,NA,NA,NA
"Terrance Ferguson","TE","LAR",14,NA,NA,NA,NA,NA,NA,NA,NA,NA,NA,NA,0,63,4.5,"26701481","CBS","17107","CBS","TE",63,32,418,29.9,13.1,5,NA,NA,NA,NA,NA,NA,NA,NA,NA,NA,NA,NA,NA,NA,NA,NA,NA,NA,NA,NA,NA,NA,NA,NA,NA,NA,NA,NA,NA,NA,NA,NA,NA,NA,NA,NA,NA,NA,NA,NA,NA,NA,NA,NA
"T.J. Hockenson","TE","MIN",14,NA,NA,NA,NA,NA,NA,NA,NA,NA,NA,NA,0,61,4.4,"2251097","CBS","14138","CBS","TE",65,48,453,32.4,9.4,4,NA,NA,NA,NA,NA,NA,NA,NA,NA,NA,NA,NA,NA,NA,NA,NA,NA,NA,NA,NA,NA,NA,NA,NA,NA,NA,NA,NA,NA,NA,NA,NA,NA,NA,NA,NA,NA,NA,NA,NA,NA,NA,NA,NA
"Darren Waller","TE","CAR",14,NA,NA,NA,NA,NA,NA,NA,NA,NA,NA,NA,0,60,4.3,"1850793","CBS","12263","CBS","TE",52,38,388,27.7,10.2,5,NA,NA,NA,NA,NA,NA,NA,NA,NA,NA,NA,NA,NA,NA,NA,NA,NA,NA,NA,NA,NA,NA,NA,NA,NA,NA,NA,NA,NA,NA,NA,NA,NA,NA,NA,NA,NA,NA,NA,NA,NA,NA,NA,NA
"Chigoziem Okonkwo","TE","WAS",14,NA,NA,NA,NA,NA,NA,NA,NA,NA,NA,NA,0,55,3.9,"2965208","CBS","15889","CBS","TE",54,39,448,32,11.5,3,NA,NA,NA,NA,NA,NA,NA,NA,NA,NA,NA,NA,NA,NA,NA,NA,NA,NA,NA,NA,NA,NA,NA,NA,NA,NA,NA,NA,NA,NA,NA,NA,NA,NA,NA,NA,NA,NA,NA,NA,NA,NA,NA,NA
"Noah Fant","TE","NO",14,NA,NA,NA,NA,NA,NA,NA,NA,NA,NA,NA,2,54,3.9,"2251095","CBS","14137","CBS","TE",52,39,373,26.6,9.6,5,NA,NA,NA,NA,NA,NA,NA,NA,NA,NA,NA,NA,NA,NA,NA,NA,NA,NA,NA,NA,NA,NA,NA,NA,NA,NA,NA,NA,NA,NA,NA,NA,NA,NA,NA,NA,NA,NA,NA,NA,NA,NA,NA,NA
"Greg Dulcich","TE","MIA",14,NA,NA,NA,NA,NA,NA,NA,NA,NA,NA,NA,1,49,3.5,"2964274","CBS","15797","CBS","TE",63,47,480,34.3,10.2,2,NA,NA,NA,NA,NA,NA,NA,NA,NA,NA,NA,NA,NA,NA,NA,NA,NA,NA,NA,NA,NA,NA,NA,NA,NA,NA,NA,NA,NA,NA,NA,NA,NA,NA,NA,NA,NA,NA,NA,NA,NA,NA,NA,NA
"Tyler Higbee","TE","LAR",14,NA,NA,NA,NA,NA,NA,NA,NA,NA,NA,NA,1,49,3.5,"1853103","CBS","12678","CBS","TE",47,35,363,25.9,10.4,4,NA,NA,NA,NA,NA,NA,NA,NA,NA,NA,NA,NA,NA,NA,NA,NA,NA,NA,NA,NA,NA,NA,NA,NA,NA,NA,NA,NA,NA,NA,NA,NA,NA,NA,NA,NA,NA,NA,NA,NA,NA,NA,NA,NA
"Colby Parkinson","TE","LAR",14,NA,NA,NA,NA,NA,NA,NA,NA,NA,NA,NA,0,48,3.4,"2867522","CBS","14871","CBS","TE",45,31,326,23.3,10.5,4,NA,NA,NA,NA,NA,NA,NA,NA,NA,NA,NA,NA,NA,NA,NA,NA,NA,NA,NA,NA,NA,NA,NA,NA,NA,NA,NA,NA,NA,NA,NA,NA,NA,NA,NA,NA,NA,NA,NA,NA,NA,NA,NA,NA
"Oronde Gadsden II","TE","LAC",14,NA,NA,NA,NA,NA,NA,NA,NA,NA,NA,NA,0,46,3.3,"26727374","CBS","17099","CBS","TE",39,27,370,26.4,13.7,3,NA,NA,NA,NA,NA,NA,NA,NA,NA,NA,NA,NA,NA,NA,NA,NA,NA,NA,NA,NA,NA,NA,NA,NA,NA,NA,NA,NA,NA,NA,NA,NA,NA,NA,NA,NA,NA,NA,NA,NA,NA,NA,NA,NA
"Mason Taylor","TE","NYJ",14,NA,NA,NA,NA,NA,NA,NA,NA,NA,NA,NA,0,45,3.2,"28878064","CBS","17106","CBS","TE",69,47,356,25.4,7.6,3,NA,NA,NA,NA,NA,NA,NA,NA,NA,NA,NA,NA,NA,NA,NA,NA,NA,NA,NA,NA,NA,NA,NA,NA,NA,NA,NA,NA,NA,NA,NA,NA,NA,NA,NA,NA,NA,NA,NA,NA,NA,NA,NA,NA
"Evan Engram","TE","DEN",14,NA,NA,NA,NA,NA,NA,NA,NA,NA,NA,NA,0,42,3,"2079887","CBS","13189","CBS","TE",64,42,378,27,9,2,NA,NA,NA,NA,NA,NA,NA,NA,NA,NA,NA,NA,NA,NA,NA,NA,NA,NA,NA,NA,NA,NA,NA,NA,NA,NA,NA,NA,NA,NA,NA,NA,NA,NA,NA,NA,NA,NA,NA,NA,NA,NA,NA,NA
"Darnell Washington","TE","PIT",14,NA,NA,NA,NA,NA,NA,NA,NA,NA,NA,NA,1,38,2.7,"3163963","CBS","16216","CBS","TE",40,29,365,26.1,12.6,2,NA,NA,NA,NA,NA,NA,NA,NA,NA,NA,NA,NA,NA,NA,NA,NA,NA,NA,NA,NA,NA,NA,NA,NA,NA,NA,NA,NA,NA,NA,NA,NA,NA,NA,NA,NA,NA,NA,NA,NA,NA,NA,NA,NA
"Gunnar Helm","TE","TEN",14,NA,NA,NA,NA,NA,NA,NA,NA,NA,NA,NA,0,37,2.6,"26696189","CBS","17105","CBS","TE",53,41,339,24.2,8.3,2,NA,NA,NA,NA,NA,NA,NA,NA,NA,NA,NA,NA,NA,NA,NA,NA,NA,NA,NA,NA,NA,NA,NA,NA,NA,NA,NA,NA,NA,NA,NA,NA,NA,NA,NA,NA,NA,NA,NA,NA,NA,NA,NA,NA
"Dawson Knox","TE","BUF",14,NA,NA,NA,NA,NA,NA,NA,NA,NA,NA,NA,0,37,2.6,"2186345","CBS","14143","CBS","TE",36,28,270,19.3,9.6,3,NA,NA,NA,NA,NA,NA,NA,NA,NA,NA,NA,NA,NA,NA,NA,NA,NA,NA,NA,NA,NA,NA,NA,NA,NA,NA,NA,NA,NA,NA,NA,NA,NA,NA,NA,NA,NA,NA,NA,NA,NA,NA,NA,NA
"Michael Mayer","TE","LV",14,NA,NA,NA,NA,NA,NA,NA,NA,NA,NA,NA,0,36,2.6,"3171673","CBS","16212","CBS","TE",55,41,327,23.4,8,2,NA,NA,NA,NA,NA,NA,NA,NA,NA,NA,NA,NA,NA,NA,NA,NA,NA,NA,NA,NA,NA,NA,NA,NA,NA,NA,NA,NA,NA,NA,NA,NA,NA,NA,NA,NA,NA,NA,NA,NA,NA,NA,NA,NA
"Eli Raridon","TE","NE",14,NA,NA,NA,NA,NA,NA,NA,NA,NA,NA,NA,1,35,2.5,"28924611","CBS","17607","CBS","TE",32,23,270,19.3,11.7,3,NA,NA,NA,NA,NA,NA,NA,NA,NA,NA,NA,NA,NA,NA,NA,NA,NA,NA,NA,NA,NA,NA,NA,NA,NA,NA,NA,NA,NA,NA,NA,NA,NA,NA,NA,NA,NA,NA,NA,NA,NA,NA,NA,NA
"Zach Ertz","TE","PHI",14,NA,NA,NA,NA,NA,NA,NA,NA,NA,NA,NA,0,35,2.5,"1685963","CBS","11247","CBS","TE",37,26,261,18.6,10,3,NA,NA,NA,NA,NA,NA,NA,NA,NA,NA,NA,NA,NA,NA,NA,NA,NA,NA,NA,NA,NA,NA,NA,NA,NA,NA,NA,NA,NA,NA,NA,NA,NA,NA,NA,NA,NA,NA,NA,NA,NA,NA,NA,NA
"Jonnu Smith","TE","GB",14,NA,NA,NA,NA,NA,NA,NA,NA,NA,NA,NA,0,35,2.5,"2081506","CBS","13193","CBS","TE",36,26,261,18.6,10,2,NA,NA,NA,NA,NA,NA,NA,NA,NA,NA,NA,NA,NA,NA,NA,NA,NA,NA,NA,NA,NA,NA,NA,NA,NA,NA,NA,NA,NA,NA,NA,NA,NA,NA,NA,NA,NA,NA,NA,NA,NA,NA,NA,NA
"Nate Adkins","TE","DEN",14,NA,NA,NA,NA,NA,NA,NA,NA,NA,NA,NA,0,34,2.4,"2977285","CBS","16474","CBS","TE",21,16,125,8.9,7.8,5,NA,NA,NA,NA,NA,NA,NA,NA,NA,NA,NA,NA,NA,NA,NA,NA,NA,NA,NA,NA,NA,NA,NA,NA,NA,NA,NA,NA,NA,NA,NA,NA,NA,NA,NA,NA,NA,NA,NA,NA,NA,NA,NA,NA
"Matthew Hibner","TE","BAL",14,NA,NA,NA,NA,NA,NA,NA,NA,NA,NA,NA,1,30,2.1,"3169490","CBS","17627","CBS","TE",29,21,237,16.9,11.3,3,NA,NA,NA,NA,NA,NA,NA,NA,NA,NA,NA,NA,NA,NA,NA,NA,NA,NA,NA,NA,NA,NA,NA,NA,NA,NA,NA,NA,NA,NA,NA,NA,NA,NA,NA,NA,NA,NA,NA,NA,NA,NA,NA,NA
"Daniel Bellinger","TE","TEN",14,NA,NA,NA,NA,NA,NA,NA,NA,NA,NA,NA,0,29,2.1,"2963615","CBS","15873","CBS","TE",29,21,258,18.4,12.3,2,NA,NA,NA,NA,NA,NA,NA,NA,NA,NA,NA,NA,NA,NA,NA,NA,NA,NA,NA,NA,NA,NA,NA,NA,NA,NA,NA,NA,NA,NA,NA,NA,NA,NA,NA,NA,NA,NA,NA,NA,NA,NA,NA,NA
"Foster Moreau","TE","HOU",14,NA,NA,NA,NA,NA,NA,NA,NA,NA,NA,NA,0,28,2,"2180634","CBS","14239","CBS","TE",24,18,194,13.9,10.8,3,NA,NA,NA,NA,NA,NA,NA,NA,NA,NA,NA,NA,NA,NA,NA,NA,NA,NA,NA,NA,NA,NA,NA,NA,NA,NA,NA,NA,NA,NA,NA,NA,NA,NA,NA,NA,NA,NA,NA,NA,NA,NA,NA,NA
"Erick All","TE","CIN",14,NA,NA,NA,NA,NA,NA,NA,NA,NA,NA,NA,0,26,1.9,"3121555","CBS","16645","CBS","TE",38,29,227,16.2,7.8,2,NA,NA,NA,NA,NA,NA,NA,NA,NA,NA,NA,NA,NA,NA,NA,NA,NA,NA,NA,NA,NA,NA,NA,NA,NA,NA,NA,NA,NA,NA,NA,NA,NA,NA,NA,NA,NA,NA,NA,NA,NA,NA,NA,NA
"Charlie Kolar","TE","LAC",14,NA,NA,NA,NA,NA,NA,NA,NA,NA,NA,NA,0,25,1.8,"2866273","CBS","15795","CBS","TE",25,20,212,15.1,10.6,2,NA,NA,NA,NA,NA,NA,NA,NA,NA,NA,NA,NA,NA,NA,NA,NA,NA,NA,NA,NA,NA,NA,NA,NA,NA,NA,NA,NA,NA,NA,NA,NA,NA,NA,NA,NA,NA,NA,NA,NA,NA,NA,NA,NA
"Jeremy Ruckert","TE","NYJ",14,NA,NA,NA,NA,NA,NA,NA,NA,NA,NA,NA,0,23,1.6,"2965446","CBS","15796","CBS","TE",31,26,196,14,7.5,2,NA,NA,NA,NA,NA,NA,NA,NA,NA,NA,NA,NA,NA,NA,NA,NA,NA,NA,NA,NA,NA,NA,NA,NA,NA,NA,NA,NA,NA,NA,NA,NA,NA,NA,NA,NA,NA,NA,NA,NA,NA,NA,NA,NA
"Brock Wright","TE","DET",14,NA,NA,NA,NA,NA,NA,NA,NA,NA,NA,NA,0,23,1.6,"2807423","CBS","15626","CBS","TE",32,23,201,14.4,8.7,2,NA,NA,NA,NA,NA,NA,NA,NA,NA,NA,NA,NA,NA,NA,NA,NA,NA,NA,NA,NA,NA,NA,NA,NA,NA,NA,NA,NA,NA,NA,NA,NA,NA,NA,NA,NA,NA,NA,NA,NA,NA,NA,NA,NA
"Austin Hooper","TE","ATL",14,NA,NA,NA,NA,NA,NA,NA,NA,NA,NA,NA,0,22,1.6,"2067004","CBS","12677","CBS","TE",27,19,195,13.9,10.3,2,NA,NA,NA,NA,NA,NA,NA,NA,NA,NA,NA,NA,NA,NA,NA,NA,NA,NA,NA,NA,NA,NA,NA,NA,NA,NA,NA,NA,NA,NA,NA,NA,NA,NA,NA,NA,NA,NA,NA,NA,NA,NA,NA,NA
"Theo Johnson","TE","NYG",14,NA,NA,NA,NA,NA,NA,NA,NA,NA,NA,NA,0,22,1.6,"3162129","CBS","16649","CBS","TE",29,17,194,13.9,11.4,2,NA,NA,NA,NA,NA,NA,NA,NA,NA,NA,NA,NA,NA,NA,NA,NA,NA,NA,NA,NA,NA,NA,NA,NA,NA,NA,NA,NA,NA,NA,NA,NA,NA,NA,NA,NA,NA,NA,NA,NA,NA,NA,NA,NA
"David Njoku","TE","LAC",11,NA,NA,NA,NA,NA,NA,NA,NA,NA,NA,NA,0,21,1.9,"2136474","CBS","13192","CBS","TE",28,20,185,16.8,9.3,2,NA,NA,NA,NA,NA,NA,NA,NA,NA,NA,NA,NA,NA,NA,NA,NA,NA,NA,NA,NA,NA,NA,NA,NA,NA,NA,NA,NA,NA,NA,NA,NA,NA,NA,NA,NA,NA,NA,NA,NA,NA,NA,NA,NA
"Nate Boerkircher","TE","JAC",14,NA,NA,NA,NA,NA,NA,NA,NA,NA,NA,NA,0,21,1.5,"3162867","CBS","17591","CBS","TE",25,16,174,12.4,10.9,2,NA,NA,NA,NA,NA,NA,NA,NA,NA,NA,NA,NA,NA,NA,NA,NA,NA,NA,NA,NA,NA,NA,NA,NA,NA,NA,NA,NA,NA,NA,NA,NA,NA,NA,NA,NA,NA,NA,NA,NA,NA,NA,NA,NA
"Durham Smythe","TE","BAL",14,NA,NA,NA,NA,NA,NA,NA,NA,NA,NA,NA,0,20,1.4,"2082845","CBS","13676","CBS","TE",28,17,159,11.4,9.4,2,NA,NA,NA,NA,NA,NA,NA,NA,NA,NA,NA,NA,NA,NA,NA,NA,NA,NA,NA,NA,NA,NA,NA,NA,NA,NA,NA,NA,NA,NA,NA,NA,NA,NA,NA,NA,NA,NA,NA,NA,NA,NA,NA,NA
"Adam Trautman","TE","DEN",14,NA,NA,NA,NA,NA,NA,NA,NA,NA,NA,NA,0,20,1.4,"2182228","CBS","14870","CBS","TE",30,22,227,16.2,10.3,1,NA,NA,NA,NA,NA,NA,NA,NA,NA,NA,NA,NA,NA,NA,NA,NA,NA,NA,NA,NA,NA,NA,NA,NA,NA,NA,NA,NA,NA,NA,NA,NA,NA,NA,NA,NA,NA,NA,NA,NA,NA,NA,NA,NA
"Connor Heyward","FB","LV",14,NA,NA,NA,NA,NA,NA,NA,NA,NA,NA,NA,0,20,1.4,"2867599","CBS","15800","CBS","TE",17,12,85,6.1,7.1,2,NA,NA,NA,NA,NA,NA,NA,NA,NA,NA,NA,NA,NA,NA,NA,NA,NA,NA,NA,NA,NA,NA,NA,NA,NA,NA,NA,NA,NA,NA,NA,NA,NA,NA,NA,NA,NA,NA,NA,NA,NA,NA,NA,NA
"Cole Kmet","TE","CHI",14,NA,NA,NA,NA,NA,NA,NA,NA,NA,NA,NA,0,20,1.4,"2868619","CBS","14867","CBS","TE",23,15,165,11.8,11,2,NA,NA,NA,NA,NA,NA,NA,NA,NA,NA,NA,NA,NA,NA,NA,NA,NA,NA,NA,NA,NA,NA,NA,NA,NA,NA,NA,NA,NA,NA,NA,NA,NA,NA,NA,NA,NA,NA,NA,NA,NA,NA,NA,NA
"Luke Musgrave","TE","GB",12,NA,NA,NA,NA,NA,NA,NA,NA,NA,NA,NA,0,18,1.5,"3129283","CBS","16215","CBS","TE",29,21,211,17.6,10.1,1,NA,NA,NA,NA,NA,NA,NA,NA,NA,NA,NA,NA,NA,NA,NA,NA,NA,NA,NA,NA,NA,NA,NA,NA,NA,NA,NA,NA,NA,NA,NA,NA,NA,NA,NA,NA,NA,NA,NA,NA,NA,NA,NA,NA
"Davis Allen","TE","LAR",14,NA,NA,NA,NA,NA,NA,NA,NA,NA,NA,NA,0,16,1.1,"3123267","CBS","16219","CBS","TE",30,21,193,13.8,9.2,1,NA,NA,NA,NA,NA,NA,NA,NA,NA,NA,NA,NA,NA,NA,NA,NA,NA,NA,NA,NA,NA,NA,NA,NA,NA,NA,NA,NA,NA,NA,NA,NA,NA,NA,NA,NA,NA,NA,NA,NA,NA,NA,NA,NA
"Tommy Tremble","TE","CAR",14,NA,NA,NA,NA,NA,NA,NA,NA,NA,NA,NA,0,15,1.1,"2969027","CBS","15332","CBS","TE",27,19,174,12.4,9.2,1,NA,NA,NA,NA,NA,NA,NA,NA,NA,NA,NA,NA,NA,NA,NA,NA,NA,NA,NA,NA,NA,NA,NA,NA,NA,NA,NA,NA,NA,NA,NA,NA,NA,NA,NA,NA,NA,NA,NA,NA,NA,NA,NA,NA
"Charlie Woerner","TE","ATL",14,NA,NA,NA,NA,NA,NA,NA,NA,NA,NA,NA,0,14,1,"2248629","CBS","14984","CBS","TE",28,18,159,11.4,8.8,1,NA,NA,NA,NA,NA,NA,NA,NA,NA,NA,NA,NA,NA,NA,NA,NA,NA,NA,NA,NA,NA,NA,NA,NA,NA,NA,NA,NA,NA,NA,NA,NA,NA,NA,NA,NA,NA,NA,NA,NA,NA,NA,NA,NA
"Ja'Tavion Sanders","TE","CAR",14,NA,NA,NA,NA,NA,NA,NA,NA,NA,NA,NA,0,14,1,"26731381","CBS","16643","CBS","TE",25,21,166,11.9,7.9,1,NA,NA,NA,NA,NA,NA,NA,NA,NA,NA,NA,NA,NA,NA,NA,NA,NA,NA,NA,NA,NA,NA,NA,NA,NA,NA,NA,NA,NA,NA,NA,NA,NA,NA,NA,NA,NA,NA,NA,NA,NA,NA,NA,NA
"John Bates","TE","WAS",14,NA,NA,NA,NA,NA,NA,NA,NA,NA,NA,NA,0,14,1,"2257291","CBS","15344","CBS","TE",25,18,164,11.7,9.1,1,NA,NA,NA,NA,NA,NA,NA,NA,NA,NA,NA,NA,NA,NA,NA,NA,NA,NA,NA,NA,NA,NA,NA,NA,NA,NA,NA,NA,NA,NA,NA,NA,NA,NA,NA,NA,NA,NA,NA,NA,NA,NA,NA,NA
"Will Kacmarek","TE","MIA",14,NA,NA,NA,NA,NA,NA,NA,NA,NA,NA,NA,0,13,0.9,"26717403","CBS","17605","CBS","TE",25,16,146,10.4,9.1,1,NA,NA,NA,NA,NA,NA,NA,NA,NA,NA,NA,NA,NA,NA,NA,NA,NA,NA,NA,NA,NA,NA,NA,NA,NA,NA,NA,NA,NA,NA,NA,NA,NA,NA,NA,NA,NA,NA,NA,NA,NA,NA,NA,NA
"Elijah Higgins","TE","ARI",14,NA,NA,NA,NA,NA,NA,NA,NA,NA,NA,NA,1,13,0.9,"3122914","CBS","16333","CBS","TE",24,21,172,12.3,8.2,1,NA,NA,NA,NA,NA,NA,NA,NA,NA,NA,NA,NA,NA,NA,NA,NA,NA,NA,NA,NA,NA,NA,NA,NA,NA,NA,NA,NA,NA,NA,NA,NA,NA,NA,NA,NA,NA,NA,NA,NA,NA,NA,NA,NA
"Mitchell Evans","TE","CAR",14,NA,NA,NA,NA,NA,NA,NA,NA,NA,NA,NA,0,11,0.8,"26693662","CBS","17109","CBS","TE",18,14,132,9.4,9.4,1,NA,NA,NA,NA,NA,NA,NA,NA,NA,NA,NA,NA,NA,NA,NA,NA,NA,NA,NA,NA,NA,NA,NA,NA,NA,NA,NA,NA,NA,NA,NA,NA,NA,NA,NA,NA,NA,NA,NA,NA,NA,NA,NA,NA
"Noah Gray","TE","KC",14,NA,NA,NA,NA,NA,NA,NA,NA,NA,NA,NA,0,11,0.8,"2866903","CBS","15337","CBS","TE",19,14,132,9.4,9.4,1,NA,NA,NA,NA,NA,NA,NA,NA,NA,NA,NA,NA,NA,NA,NA,NA,NA,NA,NA,NA,NA,NA,NA,NA,NA,NA,NA,NA,NA,NA,NA,NA,NA,NA,NA,NA,NA,NA,NA,NA,NA,NA,NA,NA
"Luke Schoonmaker","TE","DAL",14,NA,NA,NA,NA,NA,NA,NA,NA,NA,NA,NA,0,10,0.7,"2968473","CBS","16221","CBS","TE",17,12,117,8.4,9.8,1,NA,NA,NA,NA,NA,NA,NA,NA,NA,NA,NA,NA,NA,NA,NA,NA,NA,NA,NA,NA,NA,NA,NA,NA,NA,NA,NA,NA,NA,NA,NA,NA,NA,NA,NA,NA,NA,NA,NA,NA,NA,NA,NA,NA
"Brevyn Spann-Ford","TE","DAL",14,NA,NA,NA,NA,NA,NA,NA,NA,NA,NA,NA,0,9,0.6,"2961760","CBS","16647","CBS","TE",13,10,108,7.7,10.8,1,NA,NA,NA,NA,NA,NA,NA,NA,NA,NA,NA,NA,NA,NA,NA,NA,NA,NA,NA,NA,NA,NA,NA,NA,NA,NA,NA,NA,NA,NA,NA,NA,NA,NA,NA,NA,NA,NA,NA,NA,NA,NA,NA,NA
"Jack Endries","TE","CIN",14,NA,NA,NA,NA,NA,NA,NA,NA,NA,NA,NA,0,9,0.6,"28916552","CBS","17545","CBS","TE",14,11,102,7.3,9.3,1,NA,NA,NA,NA,NA,NA,NA,NA,NA,NA,NA,NA,NA,NA,NA,NA,NA,NA,NA,NA,NA,NA,NA,NA,NA,NA,NA,NA,NA,NA,NA,NA,NA,NA,NA,NA,NA,NA,NA,NA,NA,NA,NA,NA
"Marlin Klein","TE","HOU",14,NA,NA,NA,NA,NA,NA,NA,NA,NA,NA,NA,0,9,0.6,"28927889","CBS","17593","CBS","TE",12,9,101,7.2,11.2,1,NA,NA,NA,NA,NA,NA,NA,NA,NA,NA,NA,NA,NA,NA,NA,NA,NA,NA,NA,NA,NA,NA,NA,NA,NA,NA,NA,NA,NA,NA,NA,NA,NA,NA,NA,NA,NA,NA,NA,NA,NA,NA,NA,NA
"Oscar Delp","TE","NO",14,NA,NA,NA,NA,NA,NA,NA,NA,NA,NA,NA,0,9,0.6,"28873644","CBS","17567","CBS","TE",14,10,104,7.4,10.4,1,NA,NA,NA,NA,NA,NA,NA,NA,NA,NA,NA,NA,NA,NA,NA,NA,NA,NA,NA,NA,NA,NA,NA,NA,NA,NA,NA,NA,NA,NA,NA,NA,NA,NA,NA,NA,NA,NA,NA,NA,NA,NA,NA,NA
"Sam Roush","TE","CHI",14,NA,NA,NA,NA,NA,NA,NA,NA,NA,NA,NA,0,9,0.6,"28877184","CBS","17549","CBS","TE",11,9,100,7.1,11.1,1,NA,NA,NA,NA,NA,NA,NA,NA,NA,NA,NA,NA,NA,NA,NA,NA,NA,NA,NA,NA,NA,NA,NA,NA,NA,NA,NA,NA,NA,NA,NA,NA,NA,NA,NA,NA,NA,NA,NA,NA,NA,NA,NA,NA
"Jackson Hawes","TE","BUF",14,NA,NA,NA,NA,NA,NA,NA,NA,NA,NA,NA,0,9,0.6,"3135324","CBS","17213","CBS","TE",12,8,98,7,12.3,1,NA,NA,NA,NA,NA,NA,NA,NA,NA,NA,NA,NA,NA,NA,NA,NA,NA,NA,NA,NA,NA,NA,NA,NA,NA,NA,NA,NA,NA,NA,NA,NA,NA,NA,NA,NA,NA,NA,NA,NA,NA,NA,NA,NA
"Max Klare","TE","LAR",14,NA,NA,NA,NA,NA,NA,NA,NA,NA,NA,NA,0,9,0.6,"28921209","CBS","17547","CBS","TE",12,10,107,7.6,10.7,1,NA,NA,NA,NA,NA,NA,NA,NA,NA,NA,NA,NA,NA,NA,NA,NA,NA,NA,NA,NA,NA,NA,NA,NA,NA,NA,NA,NA,NA,NA,NA,NA,NA,NA,NA,NA,NA,NA,NA,NA,NA,NA,NA,NA
"Elijah Arroyo","TE","SEA",14,NA,NA,NA,NA,NA,NA,NA,NA,NA,NA,NA,0,8,0.6,"26700496","CBS","17108","CBS","TE",14,9,95,6.8,10.6,1,NA,NA,NA,NA,NA,NA,NA,NA,NA,NA,NA,NA,NA,NA,NA,NA,NA,NA,NA,NA,NA,NA,NA,NA,NA,NA,NA,NA,NA,NA,NA,NA,NA,NA,NA,NA,NA,NA,NA,NA,NA,NA,NA,NA
"Josh Cuevas","TE","BAL",14,NA,NA,NA,NA,NA,NA,NA,NA,NA,NA,NA,0,8,0.6,"26706410","CBS","17651","CBS","TE",9,7,86,6.1,12.3,1,NA,NA,NA,NA,NA,NA,NA,NA,NA,NA,NA,NA,NA,NA,NA,NA,NA,NA,NA,NA,NA,NA,NA,NA,NA,NA,NA,NA,NA,NA,NA,NA,NA,NA,NA,NA,NA,NA,NA,NA,NA,NA,NA,NA
"Bauer Sharp","TE","TB",14,NA,NA,NA,NA,NA,NA,NA,NA,NA,NA,NA,0,8,0.6,"26730919","CBS","17660","CBS","TE",12,9,89,6.4,9.9,1,NA,NA,NA,NA,NA,NA,NA,NA,NA,NA,NA,NA,NA,NA,NA,NA,NA,NA,NA,NA,NA,NA,NA,NA,NA,NA,NA,NA,NA,NA,NA,NA,NA,NA,NA,NA,NA,NA,NA,NA,NA,NA,NA,NA
"Jared Wiley","TE","KC",14,NA,NA,NA,NA,NA,NA,NA,NA,NA,NA,NA,0,8,0.6,"3123819","CBS","16648","CBS","TE",12,9,85,6.1,9.4,1,NA,NA,NA,NA,NA,NA,NA,NA,NA,NA,NA,NA,NA,NA,NA,NA,NA,NA,NA,NA,NA,NA,NA,NA,NA,NA,NA,NA,NA,NA,NA,NA,NA,NA,NA,NA,NA,NA,NA,NA,NA,NA,NA,NA
"Dallen Bentley","TE","DEN",14,NA,NA,NA,NA,NA,NA,NA,NA,NA,NA,NA,0,8,0.6,"29164633","CBS","17699","CBS","TE",12,9,86,6.1,9.6,1,NA,NA,NA,NA,NA,NA,NA,NA,NA,NA,NA,NA,NA,NA,NA,NA,NA,NA,NA,NA,NA,NA,NA,NA,NA,NA,NA,NA,NA,NA,NA,NA,NA,NA,NA,NA,NA,NA,NA,NA,NA,NA,NA,NA
"Patrick Herbert","TE","LAC",14,NA,NA,NA,NA,NA,NA,NA,NA,NA,NA,NA,0,8,0.6,"3121535","CBS",NA,"CBS","TE",11,8,84,6,10.5,1,NA,NA,NA,NA,NA,NA,NA,NA,NA,NA,NA,NA,NA,NA,NA,NA,NA,NA,NA,NA,NA,NA,NA,NA,NA,NA,NA,NA,NA,NA,NA,NA,NA,NA,NA,NA,NA,NA,NA,NA,NA,NA,NA,NA
"Will Mallory","TE","IND",13,NA,NA,NA,NA,NA,NA,NA,NA,NA,NA,NA,0,8,0.6,"2962073","CBS","16220","CBS","TE",10,8,97,7.5,12.1,1,NA,NA,NA,NA,NA,NA,NA,NA,NA,NA,NA,NA,NA,NA,NA,NA,NA,NA,NA,NA,NA,NA,NA,NA,NA,NA,NA,NA,NA,NA,NA,NA,NA,NA,NA,NA,NA,NA,NA,NA,NA,NA,NA,NA
"Cade Stover","TE","HOU",14,NA,NA,NA,NA,NA,NA,NA,NA,NA,NA,NA,0,8,0.6,"3125978","CBS","16642","CBS","TE",15,11,91,6.5,8.3,1,NA,NA,NA,NA,NA,NA,NA,NA,NA,NA,NA,NA,NA,NA,NA,NA,NA,NA,NA,NA,NA,NA,NA,NA,NA,NA,NA,NA,NA,NA,NA,NA,NA,NA,NA,NA,NA,NA,NA,NA,NA,NA,NA,NA
"Josh Whyle","TE","GB",14,NA,NA,NA,NA,NA,NA,NA,NA,NA,NA,NA,0,8,0.6,"2962513","CBS","16312","CBS","TE",11,9,80,5.7,8.9,1,NA,NA,NA,NA,NA,NA,NA,NA,NA,NA,NA,NA,NA,NA,NA,NA,NA,NA,NA,NA,NA,NA,NA,NA,NA,NA,NA,NA,NA,NA,NA,NA,NA,NA,NA,NA,NA,NA,NA,NA,NA,NA,NA,NA
"Drew Sample","TE","CIN",14,NA,NA,NA,NA,NA,NA,NA,NA,NA,NA,NA,0,8,0.6,"2139646","CBS","14146","CBS","TE",13,11,83,5.9,7.6,1,NA,NA,NA,NA,NA,NA,NA,NA,NA,NA,NA,NA,NA,NA,NA,NA,NA,NA,NA,NA,NA,NA,NA,NA,NA,NA,NA,NA,NA,NA,NA,NA,NA,NA,NA,NA,NA,NA,NA,NA,NA,NA,NA,NA
"Thomas Fidone II","TE","NYG",14,NA,NA,NA,NA,NA,NA,NA,NA,NA,NA,NA,0,8,0.6,"26699695","CBS","17243","CBS","TE",9,7,72,5.1,10.3,1,NA,NA,NA,NA,NA,NA,NA,NA,NA,NA,NA,NA,NA,NA,NA,NA,NA,NA,NA,NA,NA,NA,NA,NA,NA,NA,NA,NA,NA,NA,NA,NA,NA,NA,NA,NA,NA,NA,NA,NA,NA,NA,NA,NA
"Hunter Long","TE","ARI",14,NA,NA,NA,NA,NA,NA,NA,NA,NA,NA,NA,0,8,0.6,"2867428","CBS","15334","CBS","TE",14,10,75,5.4,7.5,1,NA,NA,NA,NA,NA,NA,NA,NA,NA,NA,NA,NA,NA,NA,NA,NA,NA,NA,NA,NA,NA,NA,NA,NA,NA,NA,NA,NA,NA,NA,NA,NA,NA,NA,NA,NA,NA,NA,NA,NA,NA,NA,NA,NA
"Tanner Koziol","TE","JAC",14,NA,NA,NA,NA,NA,NA,NA,NA,NA,NA,NA,0,8,0.6,"28874303","CBS","17644","CBS","TE",11,8,93,6.6,11.6,1,NA,NA,NA,NA,NA,NA,NA,NA,NA,NA,NA,NA,NA,NA,NA,NA,NA,NA,NA,NA,NA,NA,NA,NA,NA,NA,NA,NA,NA,NA,NA,NA,NA,NA,NA,NA,NA,NA,NA,NA,NA,NA,NA,NA
"Hayden Rucci","TE","LAC",14,NA,NA,NA,NA,NA,NA,NA,NA,NA,NA,NA,0,8,0.6,"3131519","CBS","17407","CBS","TE",13,9,94,6.7,10.4,1,NA,NA,NA,NA,NA,NA,NA,NA,NA,NA,NA,NA,NA,NA,NA,NA,NA,NA,NA,NA,NA,NA,NA,NA,NA,NA,NA,NA,NA,NA,NA,NA,NA,NA,NA,NA,NA,NA,NA,NA,NA,NA,NA,NA
"E.J. Jenkins","TE","PHI",14,NA,NA,NA,NA,NA,NA,NA,NA,NA,NA,NA,0,8,0.6,"2820917","CBS","16919","CBS","TE",11,9,86,6.1,9.6,1,NA,NA,NA,NA,NA,NA,NA,NA,NA,NA,NA,NA,NA,NA,NA,NA,NA,NA,NA,NA,NA,NA,NA,NA,NA,NA,NA,NA,NA,NA,NA,NA,NA,NA,NA,NA,NA,NA,NA,NA,NA,NA,NA,NA
"Blake Whiteheart","TE","CLE",14,NA,NA,NA,NA,NA,NA,NA,NA,NA,NA,NA,0,8,0.6,"2964419","CBS","16940","CBS","TE",15,8,93,6.6,11.6,1,NA,NA,NA,NA,NA,NA,NA,NA,NA,NA,NA,NA,NA,NA,NA,NA,NA,NA,NA,NA,NA,NA,NA,NA,NA,NA,NA,NA,NA,NA,NA,NA,NA,NA,NA,NA,NA,NA,NA,NA,NA,NA,NA,NA
"Ian Thomas","TE","LV",14,NA,NA,NA,NA,NA,NA,NA,NA,NA,NA,NA,0,8,0.6,"2253359","CBS","13678","CBS","TE",9,9,73,5.2,8.1,1,NA,NA,NA,NA,NA,NA,NA,NA,NA,NA,NA,NA,NA,NA,NA,NA,NA,NA,NA,NA,NA,NA,NA,NA,NA,NA,NA,NA,NA,NA,NA,NA,NA,NA,NA,NA,NA,NA,NA,NA,NA,NA,NA,NA
"Ben Sinnott","TE","WAS",14,NA,NA,NA,NA,NA,NA,NA,NA,NA,NA,NA,0,8,0.6,"3168647","CBS","16644","CBS","TE",11,9,92,6.6,10.2,1,NA,NA,NA,NA,NA,NA,NA,NA,NA,NA,NA,NA,NA,NA,NA,NA,NA,NA,NA,NA,NA,NA,NA,NA,NA,NA,NA,NA,NA,NA,NA,NA,NA,NA,NA,NA,NA,NA,NA,NA,NA,NA,NA,NA
"Payne Durham","TE","TB",14,NA,NA,NA,NA,NA,NA,NA,NA,NA,NA,NA,0,7,0.5,"2968469","CBS","16218","CBS","TE",13,6,65,4.6,10.8,1,NA,NA,NA,NA,NA,NA,NA,NA,NA,NA,NA,NA,NA,NA,NA,NA,NA,NA,NA,NA,NA,NA,NA,NA,NA,NA,NA,NA,NA,NA,NA,NA,NA,NA,NA,NA,NA,NA,NA,NA,NA,NA,NA,NA
"Andrew Ogletree","TE","IND",14,NA,NA,NA,NA,NA,NA,NA,NA,NA,NA,NA,0,7,0.5,"26725942","CBS","15916","CBS","TE",12,6,58,4.1,9.7,1,NA,NA,NA,NA,NA,NA,NA,NA,NA,NA,NA,NA,NA,NA,NA,NA,NA,NA,NA,NA,NA,NA,NA,NA,NA,NA,NA,NA,NA,NA,NA,NA,NA,NA,NA,NA,NA,NA,NA,NA,NA,NA,NA,NA
"Chris Manhertz","TE","NYG",14,NA,NA,NA,NA,NA,NA,NA,NA,NA,NA,NA,0,7,0.5,"2167520","CBS","12955","CBS","TE",9,6,57,4.1,9.5,1,NA,NA,NA,NA,NA,NA,NA,NA,NA,NA,NA,NA,NA,NA,NA,NA,NA,NA,NA,NA,NA,NA,NA,NA,NA,NA,NA,NA,NA,NA,NA,NA,NA,NA,NA,NA,NA,NA,NA,NA,NA,NA,NA,NA
"Joe Royer","TE","CLE",13,NA,NA,NA,NA,NA,NA,NA,NA,NA,NA,NA,0,7,0.5,"3169621","CBS","17566","CBS","TE",10,8,78,6,9.8,1,NA,NA,NA,NA,NA,NA,NA,NA,NA,NA,NA,NA,NA,NA,NA,NA,NA,NA,NA,NA,NA,NA,NA,NA,NA,NA,NA,NA,NA,NA,NA,NA,NA,NA,NA,NA,NA,NA,NA,NA,NA,NA,NA,NA
"Grant Calcaterra","TE","PHI",13,NA,NA,NA,NA,NA,NA,NA,NA,NA,NA,NA,0,7,0.5,"2804129","CBS","15804","CBS","TE",10,8,76,5.8,9.5,1,NA,NA,NA,NA,NA,NA,NA,NA,NA,NA,NA,NA,NA,NA,NA,NA,NA,NA,NA,NA,NA,NA,NA,NA,NA,NA,NA,NA,NA,NA,NA,NA,NA,NA,NA,NA,NA,NA,NA,NA,NA,NA,NA,NA
"Carter Runyon","TE","LV",13,NA,NA,NA,NA,NA,NA,NA,NA,NA,NA,NA,0,7,0.5,"29184228","CBS","17385","CBS","TE",11,8,67,5.2,8.4,1,NA,NA,NA,NA,NA,NA,NA,NA,NA,NA,NA,NA,NA,NA,NA,NA,NA,NA,NA,NA,NA,NA,NA,NA,NA,NA,NA,NA,NA,NA,NA,NA,NA,NA,NA,NA,NA,NA,NA,NA,NA,NA,NA,NA
"Spencer Shrader","K","IND",14,NA,NA,NA,NA,NA,NA,NA,NA,NA,NA,NA,NA,130,9.3,"3131541","CBS","16896","CBS","K",NA,NA,NA,NA,NA,NA,31,34,0.244,0.246,6.7,6.8,11.1,11.7,7.4,8.2,5.2,5.2,37,41,NA,NA,NA,NA,NA,NA,NA,NA,NA,NA,NA,NA,NA,NA,NA,NA,NA,NA,NA,NA,NA,NA,NA,NA,NA,NA,NA,NA,NA,NA
"Jason Myers","K","SEA",14,NA,NA,NA,NA,NA,NA,NA,NA,NA,NA,NA,NA,130,9.3,"2169640","CBS","12437","CBS","K",NA,NA,NA,NA,NA,NA,30,33,0.236,0.236,6.5,7,10.5,10.6,7.4,8.5,5,5,40,40,NA,NA,NA,NA,NA,NA,NA,NA,NA,NA,NA,NA,NA,NA,NA,NA,NA,NA,NA,NA,NA,NA,NA,NA,NA,NA,NA,NA,NA,NA
"Ka'imi Fairbairn","K","HOU",14,NA,NA,NA,NA,NA,NA,NA,NA,NA,NA,NA,NA,126,9,"1996562","CBS","12860","CBS","K",NA,NA,NA,NA,NA,NA,31,35,0.261,0.262,7.2,7.5,8.6,8.8,9.1,10.1,5.6,5.6,33,34,NA,NA,NA,NA,NA,NA,NA,NA,NA,NA,NA,NA,NA,NA,NA,NA,NA,NA,NA,NA,NA,NA,NA,NA,NA,NA,NA,NA,NA,NA
"Will Reichard","K","MIN",14,NA,NA,NA,NA,NA,NA,NA,NA,NA,NA,NA,NA,126,9,"3121084","CBS","16681","CBS","K",NA,NA,NA,NA,NA,NA,29,31,0.241,0.241,6.6,6.7,9.4,9.6,7.3,8.1,5.1,5.1,39,39,NA,NA,NA,NA,NA,NA,NA,NA,NA,NA,NA,NA,NA,NA,NA,NA,NA,NA,NA,NA,NA,NA,NA,NA,NA,NA,NA,NA,NA,NA
"Evan McPherson","K","CIN",14,NA,NA,NA,NA,NA,NA,NA,NA,NA,NA,NA,NA,126,9,"2962681","CBS","15368","CBS","K",NA,NA,NA,NA,NA,NA,28,30,0.25,0.251,6.9,7,8.1,8.2,7.2,8,5.3,5.3,42,44,NA,NA,NA,NA,NA,NA,NA,NA,NA,NA,NA,NA,NA,NA,NA,NA,NA,NA,NA,NA,NA,NA,NA,NA,NA,NA,NA,NA,NA,NA
"Brandon Aubrey","K","DAL",14,NA,NA,NA,NA,NA,NA,NA,NA,NA,NA,NA,NA,123,8.8,"2815718","CBS","16414","CBS","K",NA,NA,NA,NA,NA,NA,28,33,0.225,0.225,8.6,8.7,7.3,7.8,7.3,8.2,4.77,4.77,39,41,NA,NA,NA,NA,NA,NA,NA,NA,NA,NA,NA,NA,NA,NA,NA,NA,NA,NA,NA,NA,NA,NA,NA,NA,NA,NA,NA,NA,NA,NA
"Cairo Santos","K","CHI",14,NA,NA,NA,NA,NA,NA,NA,NA,NA,NA,NA,NA,121,8.6,"2132690","CBS","11945","CBS","K",NA,NA,NA,NA,NA,NA,26,31,0.212,0.212,5.8,6.5,6.9,7.6,9,10.8,4.5,4.5,43,43,NA,NA,NA,NA,NA,NA,NA,NA,NA,NA,NA,NA,NA,NA,NA,NA,NA,NA,NA,NA,NA,NA,NA,NA,NA,NA,NA,NA,NA,NA
"Jake Bates","K","DET",14,NA,NA,NA,NA,NA,NA,NA,NA,NA,NA,NA,NA,120,8.6,"3173439","CBS","16846","CBS","K",NA,NA,NA,NA,NA,NA,25,29,0.194,0.195,5.6,5.7,9.1,9.3,6.2,7.7,3.32,3.32,45,46,NA,NA,NA,NA,NA,NA,NA,NA,NA,NA,NA,NA,NA,NA,NA,NA,NA,NA,NA,NA,NA,NA,NA,NA,NA,NA,NA,NA,NA,NA
"Harrison Butker","K","KC",14,NA,NA,NA,NA,NA,NA,NA,NA,NA,NA,NA,NA,119,8.5,"2078888","CBS","13354","CBS","K",NA,NA,NA,NA,NA,NA,28,33,0.429,0.429,8.4,8.6,8.8,8.9,8.4,9.4,2.15,2.15,35,37,NA,NA,NA,NA,NA,NA,NA,NA,NA,NA,NA,NA,NA,NA,NA,NA,NA,NA,NA,NA,NA,NA,NA,NA,NA,NA,NA,NA,NA,NA
"Tyler Loop","K","BAL",14,NA,NA,NA,NA,NA,NA,NA,NA,NA,NA,NA,NA,118,8.4,"3174704","CBS","17222","CBS","K",NA,NA,NA,NA,NA,NA,25,29,0.198,0.198,7.9,8,6.5,6.6,6.7,8.9,3.34,3.34,43,44,NA,NA,NA,NA,NA,NA,NA,NA,NA,NA,NA,NA,NA,NA,NA,NA,NA,NA,NA,NA,NA,NA,NA,NA,NA,NA,NA,NA,NA,NA
"Chase McLaughlin","K","TB",14,NA,NA,NA,NA,NA,NA,NA,NA,NA,NA,NA,NA,118,8.4,"2165272","CBS","14717","CBS","K",NA,NA,NA,NA,NA,NA,28,31,0.229,0.229,6.3,6.4,9.8,10.4,6.6,7.9,4.86,4.86,34,35,NA,NA,NA,NA,NA,NA,NA,NA,NA,NA,NA,NA,NA,NA,NA,NA,NA,NA,NA,NA,NA,NA,NA,NA,NA,NA,NA,NA,NA,NA
"Cam Little","K","JAC",14,NA,NA,NA,NA,NA,NA,NA,NA,NA,NA,NA,NA,114,8.1,"26702477","CBS","16680","CBS","K",NA,NA,NA,NA,NA,NA,24,29,0.194,0.194,5.3,5.4,6.3,6.4,8.3,9.2,4.13,4.13,42,43,NA,NA,NA,NA,NA,NA,NA,NA,NA,NA,NA,NA,NA,NA,NA,NA,NA,NA,NA,NA,NA,NA,NA,NA,NA,NA,NA,NA,NA,NA
"Nick Folk","K","ATL",14,NA,NA,NA,NA,NA,NA,NA,NA,NA,NA,NA,NA,109,7.8,"410721","CBS","8851","CBS","K",NA,NA,NA,NA,NA,NA,25,29,0.198,0.198,5.4,5.5,6.4,6.5,8.4,9.8,4.2,4.2,34,34,NA,NA,NA,NA,NA,NA,NA,NA,NA,NA,NA,NA,NA,NA,NA,NA,NA,NA,NA,NA,NA,NA,NA,NA,NA,NA,NA,NA,NA,NA
"Harrison Mevis","K","LAR",14,NA,NA,NA,NA,NA,NA,NA,NA,NA,NA,NA,NA,109,7.8,"3162619","CBS","16843","CBS","K",NA,NA,NA,NA,NA,NA,22,25,0.186,0.188,5.1,5.2,7.4,7.7,7.9,9.8,1.7,1.7,43,43,NA,NA,NA,NA,NA,NA,NA,NA,NA,NA,NA,NA,NA,NA,NA,NA,NA,NA,NA,NA,NA,NA,NA,NA,NA,NA,NA,NA,NA,NA
"Wil Lutz","K","DEN",14,NA,NA,NA,NA,NA,NA,NA,NA,NA,NA,NA,NA,107,7.6,"2008545","CBS","12956","CBS","K",NA,NA,NA,NA,NA,NA,24,29,0.181,0.181,7,7,8.4,8.6,5.2,7.8,3.23,3.23,35,36,NA,NA,NA,NA,NA,NA,NA,NA,NA,NA,NA,NA,NA,NA,NA,NA,NA,NA,NA,NA,NA,NA,NA,NA,NA,NA,NA,NA,NA,NA
"Eddy Pineiro","K","SF",14,NA,NA,NA,NA,NA,NA,NA,NA,NA,NA,NA,NA,106,7.6,"2221833","CBS","13719","CBS","K",NA,NA,NA,NA,NA,NA,25,27,0.207,0.208,5.7,5.8,6.7,7,7.4,8.3,4.41,4.41,31,35,NA,NA,NA,NA,NA,NA,NA,NA,NA,NA,NA,NA,NA,NA,NA,NA,NA,NA,NA,NA,NA,NA,NA,NA,NA,NA,NA,NA,NA,NA
"Tyler Bass","K","BUF",14,NA,NA,NA,NA,NA,NA,NA,NA,NA,NA,NA,NA,105,7.5,"2188356","CBS","14983","CBS","K",NA,NA,NA,NA,NA,NA,22,24,0.171,0.171,5.9,6.3,8.1,8.2,5.2,6.6,2.21,2.21,39,42,NA,NA,NA,NA,NA,NA,NA,NA,NA,NA,NA,NA,NA,NA,NA,NA,NA,NA,NA,NA,NA,NA,NA,NA,NA,NA,NA,NA,NA,NA
"Daniel Carlson","K","NO",14,NA,NA,NA,NA,NA,NA,NA,NA,NA,NA,NA,NA,104,7.4,"2079862","CBS","13718","CBS","K",NA,NA,NA,NA,NA,NA,25,30,0.202,0.202,8.1,8.2,6.6,6.7,6,7.8,4.3,4.3,29,32,NA,NA,NA,NA,NA,NA,NA,NA,NA,NA,NA,NA,NA,NA,NA,NA,NA,NA,NA,NA,NA,NA,NA,NA,NA,NA,NA,NA,NA,NA
"Cameron Dicker","K","LAC",14,NA,NA,NA,NA,NA,NA,NA,NA,NA,NA,NA,NA,102,7.3,"2961997","CBS","15979","CBS","K",NA,NA,NA,NA,NA,NA,25,29,0.198,0.198,5.5,5.5,9,9.4,6.5,8.2,3.65,3.65,27,29,NA,NA,NA,NA,NA,NA,NA,NA,NA,NA,NA,NA,NA,NA,NA,NA,NA,NA,NA,NA,NA,NA,NA,NA,NA,NA,NA,NA,NA,NA
"Chad Ryland","K","ARI",14,NA,NA,NA,NA,NA,NA,NA,NA,NA,NA,NA,NA,100,7.1,"2964074","CBS","16292","CBS","K",NA,NA,NA,NA,NA,NA,23,28,0.187,0.187,5.3,5.4,6.1,6.6,8,9.6,3.1,3.1,31,31,NA,NA,NA,NA,NA,NA,NA,NA,NA,NA,NA,NA,NA,NA,NA,NA,NA,NA,NA,NA,NA,NA,NA,NA,NA,NA,NA,NA,NA,NA
"Drew Stevens","K","WAS",14,NA,NA,NA,NA,NA,NA,NA,NA,NA,NA,NA,NA,100,7.1,"28873746","CBS","17726","CBS","K",NA,NA,NA,NA,NA,NA,23,28,0.227,0.229,6.3,6.5,7.3,8,6.4,8,3.03,3.03,31,36,NA,NA,NA,NA,NA,NA,NA,NA,NA,NA,NA,NA,NA,NA,NA,NA,NA,NA,NA,NA,NA,NA,NA,NA,NA,NA,NA,NA,NA,NA
"Jason Sanders","K","NYJ",14,NA,NA,NA,NA,NA,NA,NA,NA,NA,NA,NA,NA,100,7.1,"2131909","CBS","13832","CBS","K",NA,NA,NA,NA,NA,NA,23,26,0.184,0.184,5.1,5.1,8.6,8.7,5.3,6.2,3.91,3.91,31,32,NA,NA,NA,NA,NA,NA,NA,NA,NA,NA,NA,NA,NA,NA,NA,NA,NA,NA,NA,NA,NA,NA,NA,NA,NA,NA,NA,NA,NA,NA
"Jake Elliott","K","PHI",14,NA,NA,NA,NA,NA,NA,NA,NA,NA,NA,NA,NA,99,7.1,"2080295","CBS","13303","CBS","K",NA,NA,NA,NA,NA,NA,21,27,0.161,0.161,4.43,4.47,7.3,7.5,6.4,8.2,2.75,2.75,36,38,NA,NA,NA,NA,NA,NA,NA,NA,NA,NA,NA,NA,NA,NA,NA,NA,NA,NA,NA,NA,NA,NA,NA,NA,NA,NA,NA,NA,NA,NA
"Trey Smack","K","GB",14,NA,NA,NA,NA,NA,NA,NA,NA,NA,NA,NA,NA,99,7.1,"28899321","CBS","17668","CBS","K",NA,NA,NA,NA,NA,NA,23,27,0.218,0.22,6.6,6.8,7,7.7,6.1,8.2,2.87,2.87,30,34,NA,NA,NA,NA,NA,NA,NA,NA,NA,NA,NA,NA,NA,NA,NA,NA,NA,NA,NA,NA,NA,NA,NA,NA,NA,NA,NA,NA,NA,NA
"Andres Borregales","K","NE",14,NA,NA,NA,NA,NA,NA,NA,NA,NA,NA,NA,NA,97,6.9,"26699665","CBS","17220","CBS","K",NA,NA,NA,NA,NA,NA,21,26,0.309,0.31,4.54,4.58,7.2,8.6,5.7,8.5,2.92,2.92,34,34,NA,NA,NA,NA,NA,NA,NA,NA,NA,NA,NA,NA,NA,NA,NA,NA,NA,NA,NA,NA,NA,NA,NA,NA,NA,NA,NA,NA,NA,NA
"Andre Szmyt","K","CLE",14,NA,NA,NA,NA,NA,NA,NA,NA,NA,NA,NA,NA,96,6.9,"2868551","CBS","16419","CBS","K",NA,NA,NA,NA,NA,NA,22,24,0.171,0.171,4.71,4.76,7.8,8,5.6,6.2,3.64,3.64,30,31,NA,NA,NA,NA,NA,NA,NA,NA,NA,NA,NA,NA,NA,NA,NA,NA,NA,NA,NA,NA,NA,NA,NA,NA,NA,NA,NA,NA,NA,NA
"Chris Boswell","K","PIT",14,NA,NA,NA,NA,NA,NA,NA,NA,NA,NA,NA,NA,96,6.9,"1724930","CBS","11936","CBS","K",NA,NA,NA,NA,NA,NA,22,26,0.187,0.187,5.1,5.3,6.1,6.9,6.6,7.4,3.97,3.97,30,30,NA,NA,NA,NA,NA,NA,NA,NA,NA,NA,NA,NA,NA,NA,NA,NA,NA,NA,NA,NA,NA,NA,NA,NA,NA,NA,NA,NA,NA,NA
"Matt Gay","K","LV",14,NA,NA,NA,NA,NA,NA,NA,NA,NA,NA,NA,NA,96,6.9,"2870511","CBS","14244","CBS","K",NA,NA,NA,NA,NA,NA,21,25,0.164,0.165,5.2,5.3,6.5,6.7,5.8,6.4,2.99,2.99,33,33,NA,NA,NA,NA,NA,NA,NA,NA,NA,NA,NA,NA,NA,NA,NA,NA,NA,NA,NA,NA,NA,NA,NA,NA,NA,NA,NA,NA,NA,NA
"Ryan Fitzgerald","K","CAR",14,NA,NA,NA,NA,NA,NA,NA,NA,NA,NA,NA,NA,95,6.8,"3126649","CBS","17277","CBS","K",NA,NA,NA,NA,NA,NA,22,25,0.17,0.171,4.69,4.74,8,8.6,6.9,7.7,2.06,2.06,29,32,NA,NA,NA,NA,NA,NA,NA,NA,NA,NA,NA,NA,NA,NA,NA,NA,NA,NA,NA,NA,NA,NA,NA,NA,NA,NA,NA,NA,NA,NA
"Joey Slye","K","TEN",14,NA,NA,NA,NA,NA,NA,NA,NA,NA,NA,NA,NA,94,6.7,"3116871","CBS","14600","CBS","K",NA,NA,NA,NA,NA,NA,22,27,0.183,0.184,5,5.3,7,7.2,6,6.8,3.9,3.9,28,28,NA,NA,NA,NA,NA,NA,NA,NA,NA,NA,NA,NA,NA,NA,NA,NA,NA,NA,NA,NA,NA,NA,NA,NA,NA,NA,NA,NA,NA,NA
"Dominic Zvada","K","NYG",14,NA,NA,NA,NA,NA,NA,NA,NA,NA,NA,NA,NA,88,6.3,"28876817","CBS","17736","CBS","K",NA,NA,NA,NA,NA,NA,20,24,0.188,0.19,5.7,5.9,6.6,7.2,5.3,7.1,2.43,2.43,28,29,NA,NA,NA,NA,NA,NA,NA,NA,NA,NA,NA,NA,NA,NA,NA,NA,NA,NA,NA,NA,NA,NA,NA,NA,NA,NA,NA,NA,NA,NA
"Riley Patterson","K","MIA",14,NA,NA,NA,NA,NA,NA,NA,NA,NA,NA,NA,NA,82,5.9,"2865368","CBS","15369","CBS","K",NA,NA,NA,NA,NA,NA,19,23,0.152,0.152,4.76,4.81,6.7,7.2,5.9,7.2,1.64,1.64,25,26,NA,NA,NA,NA,NA,NA,NA,NA,NA,NA,NA,NA,NA,NA,NA,NA,NA,NA,NA,NA,NA,NA,NA,NA,NA,NA,NA,NA,NA,NA
NA,"DST","MIN",NA,NA,NA,NA,NA,NA,NA,NA,NA,NA,NA,NA,NA,203,14.5,"1916","CBS","0524","CBS","DST",NA,NA,NA,NA,NA,NA,NA,NA,NA,NA,NA,NA,NA,NA,NA,NA,NA,NA,NA,NA,11,0,53.6,537,13,18,2.9,271,19.4,0,1379,3654,261,NA,NA,NA,NA,NA,NA,NA,NA,NA,NA,NA,NA,NA,NA,NA,NA,NA
NA,"DST","DEN",NA,NA,NA,NA,NA,NA,NA,NA,NA,NA,NA,NA,NA,197.4,14.1,"1909","CBS","0511","CBS","DST",NA,NA,NA,NA,NA,NA,NA,NA,NA,NA,NA,NA,NA,NA,NA,NA,NA,NA,NA,NA,13,0,57,538,8,11,2.4,261,18.6,0,1489,3634,259.6,NA,NA,NA,NA,NA,NA,NA,NA,NA,NA,NA,NA,NA,NA,NA,NA,NA
NA,"DST","HOU",NA,NA,NA,NA,NA,NA,NA,NA,NA,NA,NA,NA,NA,196.1,14,"1932","CBS","0532","CBS","DST",NA,NA,NA,NA,NA,NA,NA,NA,NA,NA,NA,NA,NA,NA,NA,NA,NA,NA,NA,NA,12,0,50.5,539,11,16,2.6,275,19.6,0,1409,3776,269.7,NA,NA,NA,NA,NA,NA,NA,NA,NA,NA,NA,NA,NA,NA,NA,NA,NA
NA,"DST","NE",NA,NA,NA,NA,NA,NA,NA,NA,NA,NA,NA,NA,NA,183.1,13.1,"1931","CBS","0504","CBS","DST",NA,NA,NA,NA,NA,NA,NA,NA,NA,NA,NA,NA,NA,NA,NA,NA,NA,NA,NA,NA,11,0,40.9,578,10,13,2.7,290,20.7,0,1590,4069,290.6,NA,NA,NA,NA,NA,NA,NA,NA,NA,NA,NA,NA,NA,NA,NA,NA,NA
NA,"DST","SEA",NA,NA,NA,NA,NA,NA,NA,NA,NA,NA,NA,NA,NA,180.3,12.9,"1926","CBS","0515","CBS","DST",NA,NA,NA,NA,NA,NA,NA,NA,NA,NA,NA,NA,NA,NA,NA,NA,NA,NA,NA,NA,12,0,38.3,579,8,11,3,257,18.4,0,1416,3806,271.9,NA,NA,NA,NA,NA,NA,NA,NA,NA,NA,NA,NA,NA,NA,NA,NA,NA
NA,"DST","PHI",NA,NA,NA,NA,NA,NA,NA,NA,NA,NA,NA,NA,NA,175.6,12.5,"1921","CBS","0518","CBS","DST",NA,NA,NA,NA,NA,NA,NA,NA,NA,NA,NA,NA,NA,NA,NA,NA,NA,NA,NA,NA,13,0,33.2,551,9,13,2.4,277,19.8,0,1505,4093,292.4,NA,NA,NA,NA,NA,NA,NA,NA,NA,NA,NA,NA,NA,NA,NA,NA,NA
NA,"DST","KC",NA,NA,NA,NA,NA,NA,NA,NA,NA,NA,NA,NA,NA,167.7,12,"1914","CBS","0512","CBS","DST",NA,NA,NA,NA,NA,NA,NA,NA,NA,NA,NA,NA,NA,NA,NA,NA,NA,NA,NA,NA,10,0,32.5,570,9,12,2.2,284,20.3,0,1373,4049,289.2,NA,NA,NA,NA,NA,NA,NA,NA,NA,NA,NA,NA,NA,NA,NA,NA,NA
NA,"DST","NO",NA,NA,NA,NA,NA,NA,NA,NA,NA,NA,NA,NA,NA,155,11.1,"1917","CBS","0529","CBS","DST",NA,NA,NA,NA,NA,NA,NA,NA,NA,NA,NA,NA,NA,NA,NA,NA,NA,NA,NA,NA,11,0,43.2,568,10,14,2.3,360,25.7,0,1478,4136,295.4,NA,NA,NA,NA,NA,NA,NA,NA,NA,NA,NA,NA,NA,NA,NA,NA,NA
NA,"DST","LAR",NA,NA,NA,NA,NA,NA,NA,NA,NA,NA,NA,NA,NA,148.7,10.6,"1923","CBS","0528","CBS","DST",NA,NA,NA,NA,NA,NA,NA,NA,NA,NA,NA,NA,NA,NA,NA,NA,NA,NA,NA,NA,12,0,36.9,572,9,12,2.3,296,21.1,0,1521,4107,293.4,NA,NA,NA,NA,NA,NA,NA,NA,NA,NA,NA,NA,NA,NA,NA,NA,NA
NA,"DST","BAL",NA,NA,NA,NA,NA,NA,NA,NA,NA,NA,NA,NA,NA,148.4,10.6,"1903","CBS","0531","CBS","DST",NA,NA,NA,NA,NA,NA,NA,NA,NA,NA,NA,NA,NA,NA,NA,NA,NA,NA,NA,NA,10,0,38.6,566,10,14,2.3,317,22.6,0,1446,4128,294.9,NA,NA,NA,NA,NA,NA,NA,NA,NA,NA,NA,NA,NA,NA,NA,NA,NA
NA,"DST","CLE",NA,NA,NA,NA,NA,NA,NA,NA,NA,NA,NA,NA,NA,141.7,10.1,"1930","CBS","0507","CBS","DST",NA,NA,NA,NA,NA,NA,NA,NA,NA,NA,NA,NA,NA,NA,NA,NA,NA,NA,NA,NA,10,0,37.7,537,8,11,2,340,24.3,0,1484,3944,281.7,NA,NA,NA,NA,NA,NA,NA,NA,NA,NA,NA,NA,NA,NA,NA,NA,NA
NA,"DST","PIT",NA,NA,NA,NA,NA,NA,NA,NA,NA,NA,NA,NA,NA,138.6,9.9,"1922","CBS","0510","CBS","DST",NA,NA,NA,NA,NA,NA,NA,NA,NA,NA,NA,NA,NA,NA,NA,NA,NA,NA,NA,NA,11,0,45,570,14,20,2.6,306,21.9,0,1510,4372,312.3,NA,NA,NA,NA,NA,NA,NA,NA,NA,NA,NA,NA,NA,NA,NA,NA,NA
NA,"DST","CIN",NA,NA,NA,NA,NA,NA,NA,NA,NA,NA,NA,NA,NA,138.1,9.9,"1907","CBS","0506","CBS","DST",NA,NA,NA,NA,NA,NA,NA,NA,NA,NA,NA,NA,NA,NA,NA,NA,NA,NA,NA,NA,11,0,43.3,557,14,19,2.8,341,24.4,0,1861,4684,334.6,NA,NA,NA,NA,NA,NA,NA,NA,NA,NA,NA,NA,NA,NA,NA,NA,NA
NA,"DST","DET",NA,NA,NA,NA,NA,NA,NA,NA,NA,NA,NA,NA,NA,135,9.6,"1910","CBS","0522","CBS","DST",NA,NA,NA,NA,NA,NA,NA,NA,NA,NA,NA,NA,NA,NA,NA,NA,NA,NA,NA,NA,11,0,51.4,554,9,12,2.6,333,23.8,0,1613,4277,305.5,NA,NA,NA,NA,NA,NA,NA,NA,NA,NA,NA,NA,NA,NA,NA,NA,NA
NA,"DST","CHI",NA,NA,NA,NA,NA,NA,NA,NA,NA,NA,NA,NA,NA,132.9,9.5,"1906","CBS","0521","CBS","DST",NA,NA,NA,NA,NA,NA,NA,NA,NA,NA,NA,NA,NA,NA,NA,NA,NA,NA,NA,NA,13,0,38.7,582,12,17,2.7,322,23,0,1845,4931,352.2,NA,NA,NA,NA,NA,NA,NA,NA,NA,NA,NA,NA,NA,NA,NA,NA,NA
NA,"DST","LAC",NA,NA,NA,NA,NA,NA,NA,NA,NA,NA,NA,NA,NA,130.4,9.3,"1924","CBS","0514","CBS","DST",NA,NA,NA,NA,NA,NA,NA,NA,NA,NA,NA,NA,NA,NA,NA,NA,NA,NA,NA,NA,13,0,44.6,568,9,12,2.3,333,23.8,0,1655,4388,313.4,NA,NA,NA,NA,NA,NA,NA,NA,NA,NA,NA,NA,NA,NA,NA,NA,NA
NA,"DST","BUF",NA,NA,NA,NA,NA,NA,NA,NA,NA,NA,NA,NA,NA,128.8,9.2,"1904","CBS","0501","CBS","DST",NA,NA,NA,NA,NA,NA,NA,NA,NA,NA,NA,NA,NA,NA,NA,NA,NA,NA,NA,NA,12,0,41.8,560,10,13,2.5,320,22.9,0,1818,4365,311.8,NA,NA,NA,NA,NA,NA,NA,NA,NA,NA,NA,NA,NA,NA,NA,NA,NA
NA,"DST","LV",NA,NA,NA,NA,NA,NA,NA,NA,NA,NA,NA,NA,NA,128.4,9.2,"1920","CBS","0513","CBS","DST",NA,NA,NA,NA,NA,NA,NA,NA,NA,NA,NA,NA,NA,NA,NA,NA,NA,NA,NA,NA,10,0,43.2,591,12,17,2.2,367,26.2,0,1533,4492,320.9,NA,NA,NA,NA,NA,NA,NA,NA,NA,NA,NA,NA,NA,NA,NA,NA,NA
NA,"DST","ATL",NA,NA,NA,NA,NA,NA,NA,NA,NA,NA,NA,NA,NA,127.6,9.1,"1902","CBS","0526","CBS","DST",NA,NA,NA,NA,NA,NA,NA,NA,NA,NA,NA,NA,NA,NA,NA,NA,NA,NA,NA,NA,12,0,44.4,576,9,12,2.2,373,26.6,0,1617,4411,315.1,NA,NA,NA,NA,NA,NA,NA,NA,NA,NA,NA,NA,NA,NA,NA,NA,NA
NA,"DST","CAR",NA,NA,NA,NA,NA,NA,NA,NA,NA,NA,NA,NA,NA,126.1,9,"1905","CBS","0527","CBS","DST",NA,NA,NA,NA,NA,NA,NA,NA,NA,NA,NA,NA,NA,NA,NA,NA,NA,NA,NA,NA,11,0,40.9,586,11,15,2.2,348,24.9,0,1742,4617,329.8,NA,NA,NA,NA,NA,NA,NA,NA,NA,NA,NA,NA,NA,NA,NA,NA,NA
NA,"DST","JAC",NA,NA,NA,NA,NA,NA,NA,NA,NA,NA,NA,NA,NA,118.4,8.5,"1913","CBS","0509","CBS","DST",NA,NA,NA,NA,NA,NA,NA,NA,NA,NA,NA,NA,NA,NA,NA,NA,NA,NA,NA,NA,10,0,31.6,579,11,15,2.8,312,22.3,0,1500,4310,307.9,NA,NA,NA,NA,NA,NA,NA,NA,NA,NA,NA,NA,NA,NA,NA,NA,NA
NA,"DST","NYJ",NA,NA,NA,NA,NA,NA,NA,NA,NA,NA,NA,NA,NA,116.7,8.3,"1919","CBS","0505","CBS","DST",NA,NA,NA,NA,NA,NA,NA,NA,NA,NA,NA,NA,NA,NA,NA,NA,NA,NA,NA,NA,10,0,37.1,559,8,11,2.6,370,26.4,0,1559,4249,303.5,NA,NA,NA,NA,NA,NA,NA,NA,NA,NA,NA,NA,NA,NA,NA,NA,NA
NA,"DST","TB",NA,NA,NA,NA,NA,NA,NA,NA,NA,NA,NA,NA,NA,113.5,8.1,"1927","CBS","0525","CBS","DST",NA,NA,NA,NA,NA,NA,NA,NA,NA,NA,NA,NA,NA,NA,NA,NA,NA,NA,NA,NA,9,0,32.3,582,11,15,2.2,369,26.4,0,1503,4666,333.3,NA,NA,NA,NA,NA,NA,NA,NA,NA,NA,NA,NA,NA,NA,NA,NA,NA
NA,"DST","GB",NA,NA,NA,NA,NA,NA,NA,NA,NA,NA,NA,NA,NA,112.6,8,"1911","CBS","0523","CBS","DST",NA,NA,NA,NA,NA,NA,NA,NA,NA,NA,NA,NA,NA,NA,NA,NA,NA,NA,NA,NA,10,0,34.6,600,9,12,2,335,23.9,0,1483,4396,314,NA,NA,NA,NA,NA,NA,NA,NA,NA,NA,NA,NA,NA,NA,NA,NA,NA
NA,"DST","WAS",NA,NA,NA,NA,NA,NA,NA,NA,NA,NA,NA,NA,NA,110.7,7.9,"1929","CBS","0520","CBS","DST",NA,NA,NA,NA,NA,NA,NA,NA,NA,NA,NA,NA,NA,NA,NA,NA,NA,NA,NA,NA,10,0,34.9,583,7,10,2.3,373,26.6,0,1686,4938,352.7,NA,NA,NA,NA,NA,NA,NA,NA,NA,NA,NA,NA,NA,NA,NA,NA,NA
NA,"DST","SF",NA,NA,NA,NA,NA,NA,NA,NA,NA,NA,NA,NA,NA,110.6,7.9,"1925","CBS","0530","CBS","DST",NA,NA,NA,NA,NA,NA,NA,NA,NA,NA,NA,NA,NA,NA,NA,NA,NA,NA,NA,NA,10,0,29.4,595,10,14,2.2,311,22.2,0,1572,4327,309.1,NA,NA,NA,NA,NA,NA,NA,NA,NA,NA,NA,NA,NA,NA,NA,NA,NA
NA,"DST","IND",NA,NA,NA,NA,NA,NA,NA,NA,NA,NA,NA,NA,NA,110,7.9,"1912","CBS","0502","CBS","DST",NA,NA,NA,NA,NA,NA,NA,NA,NA,NA,NA,NA,NA,NA,NA,NA,NA,NA,NA,NA,9,0,35.4,559,8,12,2.1,341,24.4,0,1474,4346,310.4,NA,NA,NA,NA,NA,NA,NA,NA,NA,NA,NA,NA,NA,NA,NA,NA,NA
NA,"DST","NYG",NA,NA,NA,NA,NA,NA,NA,NA,NA,NA,NA,NA,NA,103.9,7.4,"1918","CBS","0517","CBS","DST",NA,NA,NA,NA,NA,NA,NA,NA,NA,NA,NA,NA,NA,NA,NA,NA,NA,NA,NA,NA,9,0,25.3,611,10,13,2.1,383,27.4,0,2052,5238,374.1,NA,NA,NA,NA,NA,NA,NA,NA,NA,NA,NA,NA,NA,NA,NA,NA,NA
NA,"DST","TEN",NA,NA,NA,NA,NA,NA,NA,NA,NA,NA,NA,NA,NA,84.6,6,"1928","CBS","0508","CBS","DST",NA,NA,NA,NA,NA,NA,NA,NA,NA,NA,NA,NA,NA,NA,NA,NA,NA,NA,NA,NA,7,0,40,605,9,12,2.1,449,32.1,0,1588,4875,348.2,NA,NA,NA,NA,NA,NA,NA,NA,NA,NA,NA,NA,NA,NA,NA,NA,NA
NA,"DST","MIA",NA,NA,NA,NA,NA,NA,NA,NA,NA,NA,NA,NA,NA,83.7,6,"1915","CBS","0503","CBS","DST",NA,NA,NA,NA,NA,NA,NA,NA,NA,NA,NA,NA,NA,NA,NA,NA,NA,NA,NA,NA,8,0,33.1,623,11,15,2.1,425,30.4,0,1727,5103,364.5,NA,NA,NA,NA,NA,NA,NA,NA,NA,NA,NA,NA,NA,NA,NA,NA,NA
NA,"DST","ARI",NA,NA,NA,NA,NA,NA,NA,NA,NA,NA,NA,NA,NA,80.2,5.7,"1901","CBS","0519","CBS","DST",NA,NA,NA,NA,NA,NA,NA,NA,NA,NA,NA,NA,NA,NA,NA,NA,NA,NA,NA,NA,9,0,27.6,609,11,15,2.1,409,29.2,0,1720,5081,362.9,NA,NA,NA,NA,NA,NA,NA,NA,NA,NA,NA,NA,NA,NA,NA,NA,NA
NA,"DST","DAL",NA,NA,NA,NA,NA,NA,NA,NA,NA,NA,NA,NA,NA,70.9,5.1,"1908","CBS","0516","CBS","DST",NA,NA,NA,NA,NA,NA,NA,NA,NA,NA,NA,NA,NA,NA,NA,NA,NA,NA,NA,NA,7,0,27.5,601,9,12,1.9,406,29,0,1686,5026,359,NA,NA,NA,NA,NA,NA,NA,NA,NA,NA,NA,NA,NA,NA,NA,NA,NA
"Josh Allen","QB","BUF",NA,423,282,3403,NA,22,10,NA,103,472,NA,11,NA,NA,NA,"3918298","ESPN","13589","ESPN","QB",NA,NA,NA,NA,NA,NA,NA,NA,NA,NA,NA,NA,NA,NA,NA,NA,NA,NA,NA,NA,NA,NA,NA,NA,NA,NA,NA,NA,NA,NA,NA,NA,NA,NA,NA,NA,NA,NA,NA,NA,NA,NA,NA,NA,NA,NA,NA,NA,NA,NA
"Lamar Jackson","QB","BAL",NA,389,260,3384,NA,22,7,NA,96,590,NA,4,NA,NA,NA,"3916387","ESPN","13593","ESPN","QB",NA,NA,NA,NA,NA,NA,NA,NA,NA,NA,NA,NA,NA,NA,NA,NA,NA,NA,NA,NA,NA,NA,NA,NA,NA,NA,NA,NA,NA,NA,NA,NA,NA,NA,NA,NA,NA,NA,NA,NA,NA,NA,NA,NA,NA,NA,NA,NA,NA,NA
"Jayden Daniels","QB","WAS",NA,362,238,2724,NA,16,6,NA,101,586,NA,3,NA,NA,NA,"4426348","ESPN","16581","ESPN","QB",NA,NA,NA,NA,NA,NA,NA,NA,NA,NA,NA,NA,NA,NA,NA,NA,NA,NA,NA,NA,NA,NA,NA,NA,NA,NA,NA,NA,NA,NA,NA,NA,NA,NA,NA,NA,NA,NA,NA,NA,NA,NA,NA,NA,NA,NA,NA,NA,NA,NA
"Drake Maye","QB","NE",NA,424,290,3386,NA,19,13,NA,83,458,NA,2,NA,NA,NA,"4431452","ESPN","16580","ESPN","QB",NA,NA,NA,NA,NA,NA,NA,NA,NA,NA,NA,NA,NA,NA,NA,NA,NA,NA,NA,NA,NA,NA,NA,NA,NA,NA,NA,NA,NA,NA,NA,NA,NA,NA,NA,NA,NA,NA,NA,NA,NA,NA,NA,NA,NA,NA,NA,NA,NA,NA
"Joe Burrow","QB","CIN",NA,501,349,3600,NA,29,8,NA,43,165,NA,1,NA,NA,NA,"3915511","ESPN","14777","ESPN","QB",NA,NA,NA,NA,NA,NA,NA,NA,NA,NA,NA,NA,NA,NA,NA,NA,NA,NA,NA,NA,NA,NA,NA,NA,NA,NA,NA,NA,NA,NA,NA,NA,NA,NA,NA,NA,NA,NA,NA,NA,NA,NA,NA,NA,NA,NA,NA,NA,NA,NA
"Jalen Hurts","QB","PHI",NA,425,282,3260,NA,21,9,NA,88,381,NA,7,NA,NA,NA,"4040715","ESPN","14783","ESPN","QB",NA,NA,NA,NA,NA,NA,NA,NA,NA,NA,NA,NA,NA,NA,NA,NA,NA,NA,NA,NA,NA,NA,NA,NA,NA,NA,NA,NA,NA,NA,NA,NA,NA,NA,NA,NA,NA,NA,NA,NA,NA,NA,NA,NA,NA,NA,NA,NA,NA,NA
"Dak Prescott","QB","DAL",NA,478,326,3537,NA,27,9,NA,48,205,NA,2,NA,NA,NA,"2577417","ESPN","12620","ESPN","QB",NA,NA,NA,NA,NA,NA,NA,NA,NA,NA,NA,NA,NA,NA,NA,NA,NA,NA,NA,NA,NA,NA,NA,NA,NA,NA,NA,NA,NA,NA,NA,NA,NA,NA,NA,NA,NA,NA,NA,NA,NA,NA,NA,NA,NA,NA,NA,NA,NA,NA
"Jaxson Dart","QB","NYG",NA,NA,NA,NA,NA,NA,NA,NA,NA,NA,NA,NA,NA,NA,NA,"4689114","ESPN","17032","ESPN","QB",NA,NA,NA,NA,NA,NA,NA,NA,NA,NA,NA,NA,NA,NA,NA,NA,NA,NA,NA,NA,NA,NA,NA,NA,NA,NA,NA,NA,NA,NA,NA,NA,NA,NA,NA,NA,NA,NA,NA,NA,NA,NA,NA,NA,NA,NA,NA,NA,NA,NA
"Justin Herbert","QB","LAC",NA,445,283,3180,NA,15,11,NA,63,302,NA,2,NA,NA,NA,"4038941","ESPN","14779","ESPN","QB",NA,NA,NA,NA,NA,NA,NA,NA,NA,NA,NA,NA,NA,NA,NA,NA,NA,NA,NA,NA,NA,NA,NA,NA,NA,NA,NA,NA,NA,NA,NA,NA,NA,NA,NA,NA,NA,NA,NA,NA,NA,NA,NA,NA,NA,NA,NA,NA,NA,NA
"Caleb Williams","QB","CHI",NA,381,239,2812,NA,17,7,NA,58,336,NA,2,NA,NA,NA,"4431611","ESPN","16579","ESPN","QB",NA,NA,NA,NA,NA,NA,NA,NA,NA,NA,NA,NA,NA,NA,NA,NA,NA,NA,NA,NA,NA,NA,NA,NA,NA,NA,NA,NA,NA,NA,NA,NA,NA,NA,NA,NA,NA,NA,NA,NA,NA,NA,NA,NA,NA,NA,NA,NA,NA,NA
"Trevor Lawrence","QB","JAC",NA,451,289,3434,NA,27,11,NA,56,259,NA,3,NA,NA,NA,"4360310","ESPN","15237","ESPN","QB",NA,NA,NA,NA,NA,NA,NA,NA,NA,NA,NA,NA,NA,NA,NA,NA,NA,NA,NA,NA,NA,NA,NA,NA,NA,NA,NA,NA,NA,NA,NA,NA,NA,NA,NA,NA,NA,NA,NA,NA,NA,NA,NA,NA,NA,NA,NA,NA,NA,NA
"Brock Purdy","QB","SF",NA,459,311,3732,NA,25,11,NA,57,284,NA,3,NA,NA,NA,"4361741","ESPN","15698","ESPN","QB",NA,NA,NA,NA,NA,NA,NA,NA,NA,NA,NA,NA,NA,NA,NA,NA,NA,NA,NA,NA,NA,NA,NA,NA,NA,NA,NA,NA,NA,NA,NA,NA,NA,NA,NA,NA,NA,NA,NA,NA,NA,NA,NA,NA,NA,NA,NA,NA,NA,NA
"Patrick Mahomes","QB","KCC",NA,455,303,3428,NA,26,10,NA,52,273,NA,2,NA,NA,NA,"3139477","ESPN","13116","ESPN","QB",NA,NA,NA,NA,NA,NA,NA,NA,NA,NA,NA,NA,NA,NA,NA,NA,NA,NA,NA,NA,NA,NA,NA,NA,NA,NA,NA,NA,NA,NA,NA,NA,NA,NA,NA,NA,NA,NA,NA,NA,NA,NA,NA,NA,NA,NA,NA,NA,NA,NA
"Bo Nix","QB","DEN",NA,473,306,3275,NA,19,10,NA,68,271,NA,3,NA,NA,NA,"4426338","ESPN","16582","ESPN","QB",NA,NA,NA,NA,NA,NA,NA,NA,NA,NA,NA,NA,NA,NA,NA,NA,NA,NA,NA,NA,NA,NA,NA,NA,NA,NA,NA,NA,NA,NA,NA,NA,NA,NA,NA,NA,NA,NA,NA,NA,NA,NA,NA,NA,NA,NA,NA,NA,NA,NA
"Matthew Stafford","QB","LAR",NA,495,313,3722,NA,28,11,NA,26,40,NA,1,NA,NA,NA,"12483","ESPN","9431","ESPN","QB",NA,NA,NA,NA,NA,NA,NA,NA,NA,NA,NA,NA,NA,NA,NA,NA,NA,NA,NA,NA,NA,NA,NA,NA,NA,NA,NA,NA,NA,NA,NA,NA,NA,NA,NA,NA,NA,NA,NA,NA,NA,NA,NA,NA,NA,NA,NA,NA,NA,NA
"Kyler Murray","QB","MIN",NA,434,290,3157,NA,21,10,NA,67,431,NA,3,NA,NA,NA,"3917315","ESPN","14056","ESPN","QB",NA,NA,NA,NA,NA,NA,NA,NA,NA,NA,NA,NA,NA,NA,NA,NA,NA,NA,NA,NA,NA,NA,NA,NA,NA,NA,NA,NA,NA,NA,NA,NA,NA,NA,NA,NA,NA,NA,NA,NA,NA,NA,NA,NA,NA,NA,NA,NA,NA,NA
"Tyler Shough","QB","NO",NA,472,320,3456,NA,24,10,NA,60,264,NA,3,NA,NA,NA,"4360689","ESPN","17039","ESPN","QB",NA,NA,NA,NA,NA,NA,NA,NA,NA,NA,NA,NA,NA,NA,NA,NA,NA,NA,NA,NA,NA,NA,NA,NA,NA,NA,NA,NA,NA,NA,NA,NA,NA,NA,NA,NA,NA,NA,NA,NA,NA,NA,NA,NA,NA,NA,NA,NA,NA,NA
"Jared Goff","QB","DET",NA,469,325,3640,NA,28,8,NA,27,40,NA,1,NA,NA,NA,"3046779","ESPN","12611","ESPN","QB",NA,NA,NA,NA,NA,NA,NA,NA,NA,NA,NA,NA,NA,NA,NA,NA,NA,NA,NA,NA,NA,NA,NA,NA,NA,NA,NA,NA,NA,NA,NA,NA,NA,NA,NA,NA,NA,NA,NA,NA,NA,NA,NA,NA,NA,NA,NA,NA,NA,NA
"Baker Mayfield","QB","TB",NA,339,221,2443,NA,12,8,NA,40,211,NA,1,NA,NA,NA,"3052587","ESPN","13590","ESPN","QB",NA,NA,NA,NA,NA,NA,NA,NA,NA,NA,NA,NA,NA,NA,NA,NA,NA,NA,NA,NA,NA,NA,NA,NA,NA,NA,NA,NA,NA,NA,NA,NA,NA,NA,NA,NA,NA,NA,NA,NA,NA,NA,NA,NA,NA,NA,NA,NA,NA,NA
"Daniel Jones","QB","IND",NA,452,301,3157,NA,16,11,NA,47,189,NA,2,NA,NA,NA,"3917792","ESPN","14059","ESPN","QB",NA,NA,NA,NA,NA,NA,NA,NA,NA,NA,NA,NA,NA,NA,NA,NA,NA,NA,NA,NA,NA,NA,NA,NA,NA,NA,NA,NA,NA,NA,NA,NA,NA,NA,NA,NA,NA,NA,NA,NA,NA,NA,NA,NA,NA,NA,NA,NA,NA,NA
"Jordan Love","QB","GB",NA,522,315,3638,NA,23,10,NA,29,119,NA,1,NA,NA,NA,"4036378","ESPN","14782","ESPN","QB",NA,NA,NA,NA,NA,NA,NA,NA,NA,NA,NA,NA,NA,NA,NA,NA,NA,NA,NA,NA,NA,NA,NA,NA,NA,NA,NA,NA,NA,NA,NA,NA,NA,NA,NA,NA,NA,NA,NA,NA,NA,NA,NA,NA,NA,NA,NA,NA,NA,NA
"Malik Willis","QB","MIA",NA,418,259,3124,NA,10,9,NA,77,407,NA,3,NA,NA,NA,"4242512","ESPN","15694","ESPN","QB",NA,NA,NA,NA,NA,NA,NA,NA,NA,NA,NA,NA,NA,NA,NA,NA,NA,NA,NA,NA,NA,NA,NA,NA,NA,NA,NA,NA,NA,NA,NA,NA,NA,NA,NA,NA,NA,NA,NA,NA,NA,NA,NA,NA,NA,NA,NA,NA,NA,NA
"C.J. Stroud","QB","HOU",NA,461,292,3333,NA,19,7,NA,42,200,NA,1,NA,NA,NA,"4432577","ESPN","16150","ESPN","QB",NA,NA,NA,NA,NA,NA,NA,NA,NA,NA,NA,NA,NA,NA,NA,NA,NA,NA,NA,NA,NA,NA,NA,NA,NA,NA,NA,NA,NA,NA,NA,NA,NA,NA,NA,NA,NA,NA,NA,NA,NA,NA,NA,NA,NA,NA,NA,NA,NA,NA
"Sam Darnold","QB","SEA",NA,439,289,3451,NA,22,11,NA,36,100,NA,1,NA,NA,NA,"3912547","ESPN","13592","ESPN","QB",NA,NA,NA,NA,NA,NA,NA,NA,NA,NA,NA,NA,NA,NA,NA,NA,NA,NA,NA,NA,NA,NA,NA,NA,NA,NA,NA,NA,NA,NA,NA,NA,NA,NA,NA,NA,NA,NA,NA,NA,NA,NA,NA,NA,NA,NA,NA,NA,NA,NA
"Bryce Young","QB","CAR",NA,491,303,3430,NA,22,10,NA,43,229,NA,2,NA,NA,NA,"4685720","ESPN","16148","ESPN","QB",NA,NA,NA,NA,NA,NA,NA,NA,NA,NA,NA,NA,NA,NA,NA,NA,NA,NA,NA,NA,NA,NA,NA,NA,NA,NA,NA,NA,NA,NA,NA,NA,NA,NA,NA,NA,NA,NA,NA,NA,NA,NA,NA,NA,NA,NA,NA,NA,NA,NA
"Cam Ward","QB","TEN",NA,456,289,3089,NA,14,7,NA,41,173,NA,2,NA,NA,NA,"4688380","ESPN","17030","ESPN","QB",NA,NA,NA,NA,NA,NA,NA,NA,NA,NA,NA,NA,NA,NA,NA,NA,NA,NA,NA,NA,NA,NA,NA,NA,NA,NA,NA,NA,NA,NA,NA,NA,NA,NA,NA,NA,NA,NA,NA,NA,NA,NA,NA,NA,NA,NA,NA,NA,NA,NA
"Jacoby Brissett","QB","ARI",NA,492,324,3201,NA,20,7,NA,39,163,NA,2,NA,NA,NA,"2578570","ESPN","12616","ESPN","QB",NA,NA,NA,NA,NA,NA,NA,NA,NA,NA,NA,NA,NA,NA,NA,NA,NA,NA,NA,NA,NA,NA,NA,NA,NA,NA,NA,NA,NA,NA,NA,NA,NA,NA,NA,NA,NA,NA,NA,NA,NA,NA,NA,NA,NA,NA,NA,NA,NA,NA
"Geno Smith","QB","NYJ",NA,455,319,3338,NA,18,9,NA,52,200,NA,2,NA,NA,NA,"15864","ESPN","11150","ESPN","QB",NA,NA,NA,NA,NA,NA,NA,NA,NA,NA,NA,NA,NA,NA,NA,NA,NA,NA,NA,NA,NA,NA,NA,NA,NA,NA,NA,NA,NA,NA,NA,NA,NA,NA,NA,NA,NA,NA,NA,NA,NA,NA,NA,NA,NA,NA,NA,NA,NA,NA
"Fernando Mendoza","QB","LV",NA,255,163,1829,NA,11,6,NA,31,134,NA,1,NA,NA,NA,"4837248","ESPN","17462","ESPN","QB",NA,NA,NA,NA,NA,NA,NA,NA,NA,NA,NA,NA,NA,NA,NA,NA,NA,NA,NA,NA,NA,NA,NA,NA,NA,NA,NA,NA,NA,NA,NA,NA,NA,NA,NA,NA,NA,NA,NA,NA,NA,NA,NA,NA,NA,NA,NA,NA,NA,NA
"Aaron Rodgers","QB","PIT",NA,491,305,3251,NA,19,9,NA,26,103,NA,1,NA,NA,NA,"8439","ESPN","7836","ESPN","QB",NA,NA,NA,NA,NA,NA,NA,NA,NA,NA,NA,NA,NA,NA,NA,NA,NA,NA,NA,NA,NA,NA,NA,NA,NA,NA,NA,NA,NA,NA,NA,NA,NA,NA,NA,NA,NA,NA,NA,NA,NA,NA,NA,NA,NA,NA,NA,NA,NA,NA
"Deshaun Watson","QB","CLE",NA,436,282,2994,NA,16,8,NA,84,423,NA,2,NA,NA,NA,"3122840","ESPN","13113","ESPN","QB",NA,NA,NA,NA,NA,NA,NA,NA,NA,NA,NA,NA,NA,NA,NA,NA,NA,NA,NA,NA,NA,NA,NA,NA,NA,NA,NA,NA,NA,NA,NA,NA,NA,NA,NA,NA,NA,NA,NA,NA,NA,NA,NA,NA,NA,NA,NA,NA,NA,NA
"Tua Tagovailoa","QB","ATL",NA,NA,NA,NA,NA,NA,NA,NA,NA,NA,NA,NA,NA,NA,NA,"4241479","ESPN","14778","ESPN","QB",NA,NA,NA,NA,NA,NA,NA,NA,NA,NA,NA,NA,NA,NA,NA,NA,NA,NA,NA,NA,NA,NA,NA,NA,NA,NA,NA,NA,NA,NA,NA,NA,NA,NA,NA,NA,NA,NA,NA,NA,NA,NA,NA,NA,NA,NA,NA,NA,NA,NA
"Shedeur Sanders","QB","CLE",NA,NA,NA,NA,NA,NA,NA,NA,NA,NA,NA,NA,NA,NA,NA,"4432762","ESPN","17031","ESPN","QB",NA,NA,NA,NA,NA,NA,NA,NA,NA,NA,NA,NA,NA,NA,NA,NA,NA,NA,NA,NA,NA,NA,NA,NA,NA,NA,NA,NA,NA,NA,NA,NA,NA,NA,NA,NA,NA,NA,NA,NA,NA,NA,NA,NA,NA,NA,NA,NA,NA,NA
"Kirk Cousins","QB","LV",NA,208,138,1453,NA,8,5,NA,14,19,NA,0,NA,NA,NA,"14880","ESPN","10700","ESPN","QB",NA,NA,NA,NA,NA,NA,NA,NA,NA,NA,NA,NA,NA,NA,NA,NA,NA,NA,NA,NA,NA,NA,NA,NA,NA,NA,NA,NA,NA,NA,NA,NA,NA,NA,NA,NA,NA,NA,NA,NA,NA,NA,NA,NA,NA,NA,NA,NA,NA,NA
"Michael Penix Jr.","QB","ATL",NA,447,283,3341,NA,17,8,NA,31,117,NA,1,NA,NA,NA,"4360423","ESPN","16583","ESPN","QB",NA,NA,NA,NA,NA,NA,NA,NA,NA,NA,NA,NA,NA,NA,NA,NA,NA,NA,NA,NA,NA,NA,NA,NA,NA,NA,NA,NA,NA,NA,NA,NA,NA,NA,NA,NA,NA,NA,NA,NA,NA,NA,NA,NA,NA,NA,NA,NA,NA,NA
"J.J. McCarthy","QB","NYG",NA,311,189,2257,NA,11,11,NA,39,169,NA,2,NA,NA,NA,"4433970","ESPN","16584","ESPN","QB",NA,NA,NA,NA,NA,NA,NA,NA,NA,NA,NA,NA,NA,NA,NA,NA,NA,NA,NA,NA,NA,NA,NA,NA,NA,NA,NA,NA,NA,NA,NA,NA,NA,NA,NA,NA,NA,NA,NA,NA,NA,NA,NA,NA,NA,NA,NA,NA,NA,NA
"Carson Beck","QB","ARI",NA,NA,NA,NA,NA,NA,NA,NA,NA,NA,NA,NA,NA,NA,NA,"4430841","ESPN","17466","ESPN","QB",NA,NA,NA,NA,NA,NA,NA,NA,NA,NA,NA,NA,NA,NA,NA,NA,NA,NA,NA,NA,NA,NA,NA,NA,NA,NA,NA,NA,NA,NA,NA,NA,NA,NA,NA,NA,NA,NA,NA,NA,NA,NA,NA,NA,NA,NA,NA,NA,NA,NA
"Justin Fields","QB","KCC",NA,NA,NA,NA,NA,NA,NA,NA,NA,NA,NA,NA,NA,NA,NA,"4362887","ESPN","15238","ESPN","QB",NA,NA,NA,NA,NA,NA,NA,NA,NA,NA,NA,NA,NA,NA,NA,NA,NA,NA,NA,NA,NA,NA,NA,NA,NA,NA,NA,NA,NA,NA,NA,NA,NA,NA,NA,NA,NA,NA,NA,NA,NA,NA,NA,NA,NA,NA,NA,NA,NA,NA
"Joe Flacco","QB","CIN",NA,NA,NA,NA,NA,NA,NA,NA,NA,NA,NA,NA,NA,NA,NA,"11252","ESPN","9064","ESPN","QB",NA,NA,NA,NA,NA,NA,NA,NA,NA,NA,NA,NA,NA,NA,NA,NA,NA,NA,NA,NA,NA,NA,NA,NA,NA,NA,NA,NA,NA,NA,NA,NA,NA,NA,NA,NA,NA,NA,NA,NA,NA,NA,NA,NA,NA,NA,NA,NA,NA,NA
"Mac Jones","QB","SF",NA,NA,NA,NA,NA,NA,NA,NA,NA,NA,NA,NA,NA,NA,NA,"4241464","ESPN","15241","ESPN","QB",NA,NA,NA,NA,NA,NA,NA,NA,NA,NA,NA,NA,NA,NA,NA,NA,NA,NA,NA,NA,NA,NA,NA,NA,NA,NA,NA,NA,NA,NA,NA,NA,NA,NA,NA,NA,NA,NA,NA,NA,NA,NA,NA,NA,NA,NA,NA,NA,NA,NA
"Ty Simpson","QB","LAR",NA,NA,NA,NA,NA,NA,NA,NA,NA,NA,NA,NA,NA,NA,NA,"4685522","ESPN","17463","ESPN","QB",NA,NA,NA,NA,NA,NA,NA,NA,NA,NA,NA,NA,NA,NA,NA,NA,NA,NA,NA,NA,NA,NA,NA,NA,NA,NA,NA,NA,NA,NA,NA,NA,NA,NA,NA,NA,NA,NA,NA,NA,NA,NA,NA,NA,NA,NA,NA,NA,NA,NA
"Jameis Winston","QB","NYG",NA,127,76,915,NA,5,4,NA,11,38,NA,0,NA,NA,NA,"2969939","ESPN","12140","ESPN","QB",NA,NA,NA,NA,NA,NA,NA,NA,NA,NA,NA,NA,NA,NA,NA,NA,NA,NA,NA,NA,NA,NA,NA,NA,NA,NA,NA,NA,NA,NA,NA,NA,NA,NA,NA,NA,NA,NA,NA,NA,NA,NA,NA,NA,NA,NA,NA,NA,NA,NA
"Jahmyr Gibbs","RB","DET",NA,NA,NA,NA,NA,NA,NA,NA,289,1391,NA,15,NA,NA,NA,"4429795","ESPN","16162","ESPN","RB",81,66,537,NA,NA,3,NA,NA,NA,NA,NA,NA,NA,NA,NA,NA,NA,NA,NA,NA,NA,NA,NA,NA,NA,NA,NA,NA,NA,NA,NA,NA,NA,NA,NA,NA,NA,NA,NA,NA,NA,NA,NA,NA,NA,NA,NA,NA,NA,NA
"Bijan Robinson","RB","ATL",NA,NA,NA,NA,NA,NA,NA,NA,253,1207,NA,9,NA,NA,NA,"4430807","ESPN","16161","ESPN","RB",73,55,519,NA,NA,3,NA,NA,NA,NA,NA,NA,NA,NA,NA,NA,NA,NA,NA,NA,NA,NA,NA,NA,NA,NA,NA,NA,NA,NA,NA,NA,NA,NA,NA,NA,NA,NA,NA,NA,NA,NA,NA,NA,NA,NA,NA,NA,NA,NA
"Jonathan Taylor","RB","IND",NA,NA,NA,NA,NA,NA,NA,NA,281,1234,NA,12,NA,NA,NA,"4242335","ESPN","14802","ESPN","RB",52,41,328,NA,NA,1,NA,NA,NA,NA,NA,NA,NA,NA,NA,NA,NA,NA,NA,NA,NA,NA,NA,NA,NA,NA,NA,NA,NA,NA,NA,NA,NA,NA,NA,NA,NA,NA,NA,NA,NA,NA,NA,NA,NA,NA,NA,NA,NA,NA
"Christian McCaffrey","RB","SF",NA,NA,NA,NA,NA,NA,NA,NA,205,890,NA,8,NA,NA,NA,"3117251","ESPN","13130","ESPN","RB",88,68,581,NA,NA,3,NA,NA,NA,NA,NA,NA,NA,NA,NA,NA,NA,NA,NA,NA,NA,NA,NA,NA,NA,NA,NA,NA,NA,NA,NA,NA,NA,NA,NA,NA,NA,NA,NA,NA,NA,NA,NA,NA,NA,NA,NA,NA,NA,NA
"James Cook III","RB","BUF",NA,NA,NA,NA,NA,NA,NA,NA,266,1256,NA,10,NA,NA,NA,"4379399","ESPN","15715","ESPN","RB",37,28,225,NA,NA,1,NA,NA,NA,NA,NA,NA,NA,NA,NA,NA,NA,NA,NA,NA,NA,NA,NA,NA,NA,NA,NA,NA,NA,NA,NA,NA,NA,NA,NA,NA,NA,NA,NA,NA,NA,NA,NA,NA,NA,NA,NA,NA,NA,NA
"De'Von Achane","RB","MIA",NA,NA,NA,NA,NA,NA,NA,NA,NA,NA,NA,NA,NA,NA,NA,"4429160","ESPN","16167","ESPN","RB",NA,NA,NA,NA,NA,NA,NA,NA,NA,NA,NA,NA,NA,NA,NA,NA,NA,NA,NA,NA,NA,NA,NA,NA,NA,NA,NA,NA,NA,NA,NA,NA,NA,NA,NA,NA,NA,NA,NA,NA,NA,NA,NA,NA,NA,NA,NA,NA,NA,NA
"Omarion Hampton","RB","LAC",NA,NA,NA,NA,NA,NA,NA,NA,235,984,NA,7,NA,NA,NA,"4685382","ESPN","17044","ESPN","RB",26,20,136,NA,NA,1,NA,NA,NA,NA,NA,NA,NA,NA,NA,NA,NA,NA,NA,NA,NA,NA,NA,NA,NA,NA,NA,NA,NA,NA,NA,NA,NA,NA,NA,NA,NA,NA,NA,NA,NA,NA,NA,NA,NA,NA,NA,NA,NA,NA
"Chase Brown","RB","CIN",NA,NA,NA,NA,NA,NA,NA,NA,237,1011,NA,7,NA,NA,NA,"4362238","ESPN","16181","ESPN","RB",63,52,317,NA,NA,2,NA,NA,NA,NA,NA,NA,NA,NA,NA,NA,NA,NA,NA,NA,NA,NA,NA,NA,NA,NA,NA,NA,NA,NA,NA,NA,NA,NA,NA,NA,NA,NA,NA,NA,NA,NA,NA,NA,NA,NA,NA,NA,NA,NA
"Saquon Barkley","RB","PHI",NA,NA,NA,NA,NA,NA,NA,NA,246,1134,NA,8,NA,NA,NA,"3929630","ESPN","13604","ESPN","RB",47,35,294,NA,NA,2,NA,NA,NA,NA,NA,NA,NA,NA,NA,NA,NA,NA,NA,NA,NA,NA,NA,NA,NA,NA,NA,NA,NA,NA,NA,NA,NA,NA,NA,NA,NA,NA,NA,NA,NA,NA,NA,NA,NA,NA,NA,NA,NA,NA
"Derrick Henry","RB","BAL",NA,NA,NA,NA,NA,NA,NA,NA,297,1380,NA,14,NA,NA,NA,"3043078","ESPN","12626","ESPN","RB",26,20,180,NA,NA,1,NA,NA,NA,NA,NA,NA,NA,NA,NA,NA,NA,NA,NA,NA,NA,NA,NA,NA,NA,NA,NA,NA,NA,NA,NA,NA,NA,NA,NA,NA,NA,NA,NA,NA,NA,NA,NA,NA,NA,NA,NA,NA,NA,NA
"Ashton Jeanty","RB","LV",NA,NA,NA,NA,NA,NA,NA,NA,250,966,NA,7,NA,NA,NA,"4890973","ESPN","17042","ESPN","RB",80,59,472,NA,NA,2,NA,NA,NA,NA,NA,NA,NA,NA,NA,NA,NA,NA,NA,NA,NA,NA,NA,NA,NA,NA,NA,NA,NA,NA,NA,NA,NA,NA,NA,NA,NA,NA,NA,NA,NA,NA,NA,NA,NA,NA,NA,NA,NA,NA
"Jeremiyah Love","RB","ARI",NA,NA,NA,NA,NA,NA,NA,NA,218,924,NA,6,NA,NA,NA,"4870808","ESPN","17472","ESPN","RB",52,39,281,NA,NA,2,NA,NA,NA,NA,NA,NA,NA,NA,NA,NA,NA,NA,NA,NA,NA,NA,NA,NA,NA,NA,NA,NA,NA,NA,NA,NA,NA,NA,NA,NA,NA,NA,NA,NA,NA,NA,NA,NA,NA,NA,NA,NA,NA,NA
"Kenneth Walker III","RB","KCC",NA,NA,NA,NA,NA,NA,NA,NA,264,1197,NA,10,NA,NA,NA,"4567048","ESPN","15711","ESPN","RB",60,45,383,NA,NA,3,NA,NA,NA,NA,NA,NA,NA,NA,NA,NA,NA,NA,NA,NA,NA,NA,NA,NA,NA,NA,NA,NA,NA,NA,NA,NA,NA,NA,NA,NA,NA,NA,NA,NA,NA,NA,NA,NA,NA,NA,NA,NA,NA,NA
"Breece Hall","RB","NYJ",NA,NA,NA,NA,NA,NA,NA,NA,216,905,NA,7,NA,NA,NA,"4427366","ESPN","15708","ESPN","RB",44,38,304,NA,NA,1,NA,NA,NA,NA,NA,NA,NA,NA,NA,NA,NA,NA,NA,NA,NA,NA,NA,NA,NA,NA,NA,NA,NA,NA,NA,NA,NA,NA,NA,NA,NA,NA,NA,NA,NA,NA,NA,NA,NA,NA,NA,NA,NA,NA
"Javonte Williams","RB","DAL",NA,NA,NA,NA,NA,NA,NA,NA,240,979,NA,10,NA,NA,NA,"4361579","ESPN","15256","ESPN","RB",47,36,218,NA,NA,1,NA,NA,NA,NA,NA,NA,NA,NA,NA,NA,NA,NA,NA,NA,NA,NA,NA,NA,NA,NA,NA,NA,NA,NA,NA,NA,NA,NA,NA,NA,NA,NA,NA,NA,NA,NA,NA,NA,NA,NA,NA,NA,NA,NA
"Kyren Williams","RB","LAR",NA,NA,NA,NA,NA,NA,NA,NA,177,810,NA,8,NA,NA,NA,"4430737","ESPN","15710","ESPN","RB",43,33,208,NA,NA,2,NA,NA,NA,NA,NA,NA,NA,NA,NA,NA,NA,NA,NA,NA,NA,NA,NA,NA,NA,NA,NA,NA,NA,NA,NA,NA,NA,NA,NA,NA,NA,NA,NA,NA,NA,NA,NA,NA,NA,NA,NA,NA,NA,NA
"Travis Etienne Jr.","RB","NO",NA,NA,NA,NA,NA,NA,NA,NA,169,714,NA,4,NA,NA,NA,"4239996","ESPN","15253","ESPN","RB",35,27,207,NA,NA,1,NA,NA,NA,NA,NA,NA,NA,NA,NA,NA,NA,NA,NA,NA,NA,NA,NA,NA,NA,NA,NA,NA,NA,NA,NA,NA,NA,NA,NA,NA,NA,NA,NA,NA,NA,NA,NA,NA,NA,NA,NA,NA,NA,NA
"Quinshon Judkins","RB","CLE",NA,NA,NA,NA,NA,NA,NA,NA,234,904,NA,6,NA,NA,NA,"4685702","ESPN","17051","ESPN","RB",38,30,209,NA,NA,1,NA,NA,NA,NA,NA,NA,NA,NA,NA,NA,NA,NA,NA,NA,NA,NA,NA,NA,NA,NA,NA,NA,NA,NA,NA,NA,NA,NA,NA,NA,NA,NA,NA,NA,NA,NA,NA,NA,NA,NA,NA,NA,NA,NA
"Cam Skattebo","RB","NYG",NA,NA,NA,NA,NA,NA,NA,NA,228,934,NA,7,NA,NA,NA,"4696981","ESPN","17045","ESPN","RB",47,35,273,NA,NA,1,NA,NA,NA,NA,NA,NA,NA,NA,NA,NA,NA,NA,NA,NA,NA,NA,NA,NA,NA,NA,NA,NA,NA,NA,NA,NA,NA,NA,NA,NA,NA,NA,NA,NA,NA,NA,NA,NA,NA,NA,NA,NA,NA,NA
"D'Andre Swift","RB","CHI",NA,NA,NA,NA,NA,NA,NA,NA,205,893,NA,6,NA,NA,NA,"4259545","ESPN","14797","ESPN","RB",37,30,252,NA,NA,1,NA,NA,NA,NA,NA,NA,NA,NA,NA,NA,NA,NA,NA,NA,NA,NA,NA,NA,NA,NA,NA,NA,NA,NA,NA,NA,NA,NA,NA,NA,NA,NA,NA,NA,NA,NA,NA,NA,NA,NA,NA,NA,NA,NA
"Bhayshul Tuten","RB","JAC",NA,NA,NA,NA,NA,NA,NA,NA,215,929,NA,7,NA,NA,NA,"4882093","ESPN","17052","ESPN","RB",30,23,184,NA,NA,1,NA,NA,NA,NA,NA,NA,NA,NA,NA,NA,NA,NA,NA,NA,NA,NA,NA,NA,NA,NA,NA,NA,NA,NA,NA,NA,NA,NA,NA,NA,NA,NA,NA,NA,NA,NA,NA,NA,NA,NA,NA,NA,NA,NA
"Bucky Irving","RB","TB",NA,NA,NA,NA,NA,NA,NA,NA,257,1156,NA,6,NA,NA,NA,"4596448","ESPN","16598","ESPN","RB",46,38,277,NA,NA,1,NA,NA,NA,NA,NA,NA,NA,NA,NA,NA,NA,NA,NA,NA,NA,NA,NA,NA,NA,NA,NA,NA,NA,NA,NA,NA,NA,NA,NA,NA,NA,NA,NA,NA,NA,NA,NA,NA,NA,NA,NA,NA,NA,NA
"David Montgomery","RB","HOU",NA,NA,NA,NA,NA,NA,NA,NA,201,851,NA,7,NA,NA,NA,"4035538","ESPN","14071","ESPN","RB",30,25,180,NA,NA,1,NA,NA,NA,NA,NA,NA,NA,NA,NA,NA,NA,NA,NA,NA,NA,NA,NA,NA,NA,NA,NA,NA,NA,NA,NA,NA,NA,NA,NA,NA,NA,NA,NA,NA,NA,NA,NA,NA,NA,NA,NA,NA,NA,NA
"Jadarian Price","RB","SEA",NA,NA,NA,NA,NA,NA,NA,NA,158,683,NA,5,NA,NA,NA,"4685512","ESPN","17473","ESPN","RB",29,22,182,NA,NA,1,NA,NA,NA,NA,NA,NA,NA,NA,NA,NA,NA,NA,NA,NA,NA,NA,NA,NA,NA,NA,NA,NA,NA,NA,NA,NA,NA,NA,NA,NA,NA,NA,NA,NA,NA,NA,NA,NA,NA,NA,NA,NA,NA,NA
"TreVeyon Henderson","RB","NE",NA,NA,NA,NA,NA,NA,NA,NA,163,714,NA,5,NA,NA,NA,"4432710","ESPN","17043","ESPN","RB",24,20,140,NA,NA,1,NA,NA,NA,NA,NA,NA,NA,NA,NA,NA,NA,NA,NA,NA,NA,NA,NA,NA,NA,NA,NA,NA,NA,NA,NA,NA,NA,NA,NA,NA,NA,NA,NA,NA,NA,NA,NA,NA,NA,NA,NA,NA,NA,NA
"Rhamondre Stevenson","RB","NE",NA,NA,NA,NA,NA,NA,NA,NA,152,622,NA,5,NA,NA,NA,"4569173","ESPN","15259","ESPN","RB",45,37,287,NA,NA,2,NA,NA,NA,NA,NA,NA,NA,NA,NA,NA,NA,NA,NA,NA,NA,NA,NA,NA,NA,NA,NA,NA,NA,NA,NA,NA,NA,NA,NA,NA,NA,NA,NA,NA,NA,NA,NA,NA,NA,NA,NA,NA,NA,NA
"Tony Pollard","RB","TEN",NA,NA,NA,NA,NA,NA,NA,NA,232,999,NA,5,NA,NA,NA,"3916148","ESPN","14085","ESPN","RB",34,27,161,NA,NA,0,NA,NA,NA,NA,NA,NA,NA,NA,NA,NA,NA,NA,NA,NA,NA,NA,NA,NA,NA,NA,NA,NA,NA,NA,NA,NA,NA,NA,NA,NA,NA,NA,NA,NA,NA,NA,NA,NA,NA,NA,NA,NA,NA,NA
"Jaylen Warren","RB","PIT",NA,NA,NA,NA,NA,NA,NA,NA,178,826,NA,4,NA,NA,NA,"4569987","ESPN","15742","ESPN","RB",56,45,347,NA,NA,2,NA,NA,NA,NA,NA,NA,NA,NA,NA,NA,NA,NA,NA,NA,NA,NA,NA,NA,NA,NA,NA,NA,NA,NA,NA,NA,NA,NA,NA,NA,NA,NA,NA,NA,NA,NA,NA,NA,NA,NA,NA,NA,NA,NA
"Kenny Gainwell","RB","TB",NA,NA,NA,NA,NA,NA,NA,NA,66,283,NA,2,NA,NA,NA,"4371733","ESPN","15255","ESPN","RB",50,39,271,NA,NA,2,NA,NA,NA,NA,NA,NA,NA,NA,NA,NA,NA,NA,NA,NA,NA,NA,NA,NA,NA,NA,NA,NA,NA,NA,NA,NA,NA,NA,NA,NA,NA,NA,NA,NA,NA,NA,NA,NA,NA,NA,NA,NA,NA,NA
"Josh Jacobs","RB","GB",NA,NA,NA,NA,NA,NA,NA,NA,142,577,NA,5,NA,NA,NA,"4047365","ESPN","14073","ESPN","RB",32,24,172,NA,NA,1,NA,NA,NA,NA,NA,NA,NA,NA,NA,NA,NA,NA,NA,NA,NA,NA,NA,NA,NA,NA,NA,NA,NA,NA,NA,NA,NA,NA,NA,NA,NA,NA,NA,NA,NA,NA,NA,NA,NA,NA,NA,NA,NA,NA
"Jonathon Brooks","RB","CAR",NA,NA,NA,NA,NA,NA,NA,NA,NA,NA,NA,NA,NA,NA,NA,"4678008","ESPN","16597","ESPN","RB",NA,NA,NA,NA,NA,NA,NA,NA,NA,NA,NA,NA,NA,NA,NA,NA,NA,NA,NA,NA,NA,NA,NA,NA,NA,NA,NA,NA,NA,NA,NA,NA,NA,NA,NA,NA,NA,NA,NA,NA,NA,NA,NA,NA,NA,NA,NA,NA,NA,NA
"MarShawn Lloyd","RB","GB",NA,NA,NA,NA,NA,NA,NA,NA,33,139,NA,1,NA,NA,NA,"4429023","ESPN","16604","ESPN","RB",6,4,28,NA,NA,0,NA,NA,NA,NA,NA,NA,NA,NA,NA,NA,NA,NA,NA,NA,NA,NA,NA,NA,NA,NA,NA,NA,NA,NA,NA,NA,NA,NA,NA,NA,NA,NA,NA,NA,NA,NA,NA,NA,NA,NA,NA,NA,NA,NA
"Rico Dowdle","RB","PIT",NA,NA,NA,NA,NA,NA,NA,NA,147,648,NA,3,NA,NA,NA,"4038815","ESPN","14823","ESPN","RB",28,20,148,NA,NA,1,NA,NA,NA,NA,NA,NA,NA,NA,NA,NA,NA,NA,NA,NA,NA,NA,NA,NA,NA,NA,NA,NA,NA,NA,NA,NA,NA,NA,NA,NA,NA,NA,NA,NA,NA,NA,NA,NA,NA,NA,NA,NA,NA,NA
"Chuba Hubbard","RB","CAR",NA,NA,NA,NA,NA,NA,NA,NA,225,950,NA,6,NA,NA,NA,"4241416","ESPN","15261","ESPN","RB",49,41,274,NA,NA,2,NA,NA,NA,NA,NA,NA,NA,NA,NA,NA,NA,NA,NA,NA,NA,NA,NA,NA,NA,NA,NA,NA,NA,NA,NA,NA,NA,NA,NA,NA,NA,NA,NA,NA,NA,NA,NA,NA,NA,NA,NA,NA,NA,NA
"Aaron Jones Sr.","RB","MIN",NA,NA,NA,NA,NA,NA,NA,NA,162,696,NA,5,NA,NA,NA,"3042519","ESPN","13319","ESPN","RB",41,31,251,NA,NA,2,NA,NA,NA,NA,NA,NA,NA,NA,NA,NA,NA,NA,NA,NA,NA,NA,NA,NA,NA,NA,NA,NA,NA,NA,NA,NA,NA,NA,NA,NA,NA,NA,NA,NA,NA,NA,NA,NA,NA,NA,NA,NA,NA,NA
"Rachaad White","RB","WAS",NA,NA,NA,NA,NA,NA,NA,NA,90,375,NA,2,NA,NA,NA,"4697815","ESPN","15721","ESPN","RB",32,30,197,NA,NA,1,NA,NA,NA,NA,NA,NA,NA,NA,NA,NA,NA,NA,NA,NA,NA,NA,NA,NA,NA,NA,NA,NA,NA,NA,NA,NA,NA,NA,NA,NA,NA,NA,NA,NA,NA,NA,NA,NA,NA,NA,NA,NA,NA,NA
"J.K. Dobbins","RB","DEN",NA,NA,NA,NA,NA,NA,NA,NA,218,965,NA,6,NA,NA,NA,"4241985","ESPN","14800","ESPN","RB",18,14,87,NA,NA,0,NA,NA,NA,NA,NA,NA,NA,NA,NA,NA,NA,NA,NA,NA,NA,NA,NA,NA,NA,NA,NA,NA,NA,NA,NA,NA,NA,NA,NA,NA,NA,NA,NA,NA,NA,NA,NA,NA,NA,NA,NA,NA,NA,NA
"Kyle Monangai","RB","CHI",NA,NA,NA,NA,NA,NA,NA,NA,130,564,NA,4,NA,NA,NA,"4608686","ESPN","17066","ESPN","RB",29,21,176,NA,NA,1,NA,NA,NA,NA,NA,NA,NA,NA,NA,NA,NA,NA,NA,NA,NA,NA,NA,NA,NA,NA,NA,NA,NA,NA,NA,NA,NA,NA,NA,NA,NA,NA,NA,NA,NA,NA,NA,NA,NA,NA,NA,NA,NA,NA
"RJ Harvey","RB","DEN",NA,NA,NA,NA,NA,NA,NA,NA,70,286,NA,2,NA,NA,NA,"4568490","ESPN","17068","ESPN","RB",63,51,384,NA,NA,3,NA,NA,NA,NA,NA,NA,NA,NA,NA,NA,NA,NA,NA,NA,NA,NA,NA,NA,NA,NA,NA,NA,NA,NA,NA,NA,NA,NA,NA,NA,NA,NA,NA,NA,NA,NA,NA,NA,NA,NA,NA,NA,NA,NA
"Blake Corum","RB","LAR",NA,NA,NA,NA,NA,NA,NA,NA,145,653,NA,5,NA,NA,NA,"4429096","ESPN","16593","ESPN","RB",19,14,96,NA,NA,0,NA,NA,NA,NA,NA,NA,NA,NA,NA,NA,NA,NA,NA,NA,NA,NA,NA,NA,NA,NA,NA,NA,NA,NA,NA,NA,NA,NA,NA,NA,NA,NA,NA,NA,NA,NA,NA,NA,NA,NA,NA,NA,NA,NA
"Jacory Croskey-Merritt","RB","WAS",NA,NA,NA,NA,NA,NA,NA,NA,180,762,NA,5,NA,NA,NA,"4575131","ESPN","17256","ESPN","RB",8,6,44,NA,NA,0,NA,NA,NA,NA,NA,NA,NA,NA,NA,NA,NA,NA,NA,NA,NA,NA,NA,NA,NA,NA,NA,NA,NA,NA,NA,NA,NA,NA,NA,NA,NA,NA,NA,NA,NA,NA,NA,NA,NA,NA,NA,NA,NA,NA
"Tyjae Spears","RB","TEN",NA,NA,NA,NA,NA,NA,NA,NA,82,353,NA,2,NA,NA,NA,"4428557","ESPN","16165","ESPN","RB",42,34,273,NA,NA,1,NA,NA,NA,NA,NA,NA,NA,NA,NA,NA,NA,NA,NA,NA,NA,NA,NA,NA,NA,NA,NA,NA,NA,NA,NA,NA,NA,NA,NA,NA,NA,NA,NA,NA,NA,NA,NA,NA,NA,NA,NA,NA,NA,NA
"Woody Marks","RB","HOU",NA,NA,NA,NA,NA,NA,NA,NA,120,472,NA,3,NA,NA,NA,"4429059","ESPN","17053","ESPN","RB",30,23,177,NA,NA,1,NA,NA,NA,NA,NA,NA,NA,NA,NA,NA,NA,NA,NA,NA,NA,NA,NA,NA,NA,NA,NA,NA,NA,NA,NA,NA,NA,NA,NA,NA,NA,NA,NA,NA,NA,NA,NA,NA,NA,NA,NA,NA,NA,NA
"Jordan Mason","RB","MIN",NA,NA,NA,NA,NA,NA,NA,NA,160,740,NA,6,NA,NA,NA,"4360569","ESPN","15972","ESPN","RB",14,12,79,NA,NA,0,NA,NA,NA,NA,NA,NA,NA,NA,NA,NA,NA,NA,NA,NA,NA,NA,NA,NA,NA,NA,NA,NA,NA,NA,NA,NA,NA,NA,NA,NA,NA,NA,NA,NA,NA,NA,NA,NA,NA,NA,NA,NA,NA,NA
"Zach Charbonnet","RB","SEA",NA,NA,NA,NA,NA,NA,NA,NA,144,607,NA,7,NA,NA,NA,"4426385","ESPN","16169","ESPN","RB",29,23,169,NA,NA,1,NA,NA,NA,NA,NA,NA,NA,NA,NA,NA,NA,NA,NA,NA,NA,NA,NA,NA,NA,NA,NA,NA,NA,NA,NA,NA,NA,NA,NA,NA,NA,NA,NA,NA,NA,NA,NA,NA,NA,NA,NA,NA,NA,NA
"Isiah Pacheco","RB","DET",NA,NA,NA,NA,NA,NA,NA,NA,NA,NA,NA,NA,NA,NA,NA,"4361529","ESPN","15749","ESPN","RB",NA,NA,NA,NA,NA,NA,NA,NA,NA,NA,NA,NA,NA,NA,NA,NA,NA,NA,NA,NA,NA,NA,NA,NA,NA,NA,NA,NA,NA,NA,NA,NA,NA,NA,NA,NA,NA,NA,NA,NA,NA,NA,NA,NA,NA,NA,NA,NA,NA,NA
"Jonah Coleman","RB","DEN",NA,NA,NA,NA,NA,NA,NA,NA,NA,NA,NA,NA,NA,NA,NA,"4702555","ESPN","17477","ESPN","RB",NA,NA,NA,NA,NA,NA,NA,NA,NA,NA,NA,NA,NA,NA,NA,NA,NA,NA,NA,NA,NA,NA,NA,NA,NA,NA,NA,NA,NA,NA,NA,NA,NA,NA,NA,NA,NA,NA,NA,NA,NA,NA,NA,NA,NA,NA,NA,NA,NA,NA
"Chris Rodriguez Jr.","RB","JAC",NA,NA,NA,NA,NA,NA,NA,NA,100,436,NA,3,NA,NA,NA,"4362619","ESPN","16174","ESPN","RB",4,3,26,NA,NA,0,NA,NA,NA,NA,NA,NA,NA,NA,NA,NA,NA,NA,NA,NA,NA,NA,NA,NA,NA,NA,NA,NA,NA,NA,NA,NA,NA,NA,NA,NA,NA,NA,NA,NA,NA,NA,NA,NA,NA,NA,NA,NA,NA,NA
"Alvin Kamara","RB","NO",NA,NA,NA,NA,NA,NA,NA,NA,106,430,NA,3,NA,NA,NA,"3054850","ESPN","13132","ESPN","RB",34,28,178,NA,NA,1,NA,NA,NA,NA,NA,NA,NA,NA,NA,NA,NA,NA,NA,NA,NA,NA,NA,NA,NA,NA,NA,NA,NA,NA,NA,NA,NA,NA,NA,NA,NA,NA,NA,NA,NA,NA,NA,NA,NA,NA,NA,NA,NA,NA
"Tyler Allgeier","RB","ARI",NA,NA,NA,NA,NA,NA,NA,NA,88,356,NA,3,NA,NA,NA,"4373626","ESPN","15712","ESPN","RB",38,30,216,NA,NA,1,NA,NA,NA,NA,NA,NA,NA,NA,NA,NA,NA,NA,NA,NA,NA,NA,NA,NA,NA,NA,NA,NA,NA,NA,NA,NA,NA,NA,NA,NA,NA,NA,NA,NA,NA,NA,NA,NA,NA,NA,NA,NA,NA,NA
"Dylan Sampson","RB","CLE",NA,NA,NA,NA,NA,NA,NA,NA,NA,NA,NA,NA,NA,NA,NA,"5081397","ESPN","17047","ESPN","RB",NA,NA,NA,NA,NA,NA,NA,NA,NA,NA,NA,NA,NA,NA,NA,NA,NA,NA,NA,NA,NA,NA,NA,NA,NA,NA,NA,NA,NA,NA,NA,NA,NA,NA,NA,NA,NA,NA,NA,NA,NA,NA,NA,NA,NA,NA,NA,NA,NA,NA
"Keaton Mitchell","RB","LAC",NA,NA,NA,NA,NA,NA,NA,NA,69,328,NA,2,NA,NA,NA,"4596334","ESPN","16178","ESPN","RB",22,17,117,NA,NA,1,NA,NA,NA,NA,NA,NA,NA,NA,NA,NA,NA,NA,NA,NA,NA,NA,NA,NA,NA,NA,NA,NA,NA,NA,NA,NA,NA,NA,NA,NA,NA,NA,NA,NA,NA,NA,NA,NA,NA,NA,NA,NA,NA,NA
"Mike Washington Jr.","RB","LV",NA,NA,NA,NA,NA,NA,NA,NA,64,275,NA,2,NA,NA,NA,"4686658","ESPN","17482","ESPN","RB",4,3,25,NA,NA,0,NA,NA,NA,NA,NA,NA,NA,NA,NA,NA,NA,NA,NA,NA,NA,NA,NA,NA,NA,NA,NA,NA,NA,NA,NA,NA,NA,NA,NA,NA,NA,NA,NA,NA,NA,NA,NA,NA,NA,NA,NA,NA,NA,NA
"Samaje Perine","RB","CIN",NA,NA,NA,NA,NA,NA,NA,NA,55,239,NA,2,NA,NA,NA,"3116389","ESPN","13133","ESPN","RB",24,20,153,NA,NA,1,NA,NA,NA,NA,NA,NA,NA,NA,NA,NA,NA,NA,NA,NA,NA,NA,NA,NA,NA,NA,NA,NA,NA,NA,NA,NA,NA,NA,NA,NA,NA,NA,NA,NA,NA,NA,NA,NA,NA,NA,NA,NA,NA,NA
"Brian Robinson Jr.","RB","ATL",NA,NA,NA,NA,NA,NA,NA,NA,115,491,NA,3,NA,NA,NA,"4241474","ESPN","15716","ESPN","RB",9,7,50,NA,NA,0,NA,NA,NA,NA,NA,NA,NA,NA,NA,NA,NA,NA,NA,NA,NA,NA,NA,NA,NA,NA,NA,NA,NA,NA,NA,NA,NA,NA,NA,NA,NA,NA,NA,NA,NA,NA,NA,NA,NA,NA,NA,NA,NA,NA
"Braelon Allen","RB","NYJ",NA,NA,NA,NA,NA,NA,NA,NA,98,405,NA,4,NA,NA,NA,"4685247","ESPN","16596","ESPN","RB",22,18,126,NA,NA,1,NA,NA,NA,NA,NA,NA,NA,NA,NA,NA,NA,NA,NA,NA,NA,NA,NA,NA,NA,NA,NA,NA,NA,NA,NA,NA,NA,NA,NA,NA,NA,NA,NA,NA,NA,NA,NA,NA,NA,NA,NA,NA,NA,NA
"Tank Bigsby","RB","PHI",NA,NA,NA,NA,NA,NA,NA,NA,57,247,NA,2,NA,NA,NA,"4429013","ESPN","16164","ESPN","RB",4,3,23,NA,NA,0,NA,NA,NA,NA,NA,NA,NA,NA,NA,NA,NA,NA,NA,NA,NA,NA,NA,NA,NA,NA,NA,NA,NA,NA,NA,NA,NA,NA,NA,NA,NA,NA,NA,NA,NA,NA,NA,NA,NA,NA,NA,NA,NA,NA
"Ray Davis","RB","BUF",NA,NA,NA,NA,NA,NA,NA,NA,20,83,NA,1,NA,NA,NA,"4429501","ESPN","16603","ESPN","RB",4,3,24,NA,NA,0,NA,NA,NA,NA,NA,NA,NA,NA,NA,NA,NA,NA,NA,NA,NA,NA,NA,NA,NA,NA,NA,NA,NA,NA,NA,NA,NA,NA,NA,NA,NA,NA,NA,NA,NA,NA,NA,NA,NA,NA,NA,NA,NA,NA
"Najee Harris","RB","NYG",NA,NA,NA,NA,NA,NA,NA,NA,103,417,NA,3,NA,NA,NA,"4241457","ESPN","15254","ESPN","RB",17,13,95,NA,NA,0,NA,NA,NA,NA,NA,NA,NA,NA,NA,NA,NA,NA,NA,NA,NA,NA,NA,NA,NA,NA,NA,NA,NA,NA,NA,NA,NA,NA,NA,NA,NA,NA,NA,NA,NA,NA,NA,NA,NA,NA,NA,NA,NA,NA
"Justice Hill","RB","BAL",NA,NA,NA,NA,NA,NA,NA,NA,58,257,NA,2,NA,NA,NA,"4038441","ESPN","14086","ESPN","RB",22,17,153,NA,NA,1,NA,NA,NA,NA,NA,NA,NA,NA,NA,NA,NA,NA,NA,NA,NA,NA,NA,NA,NA,NA,NA,NA,NA,NA,NA,NA,NA,NA,NA,NA,NA,NA,NA,NA,NA,NA,NA,NA,NA,NA,NA,NA,NA,NA
"Kaelon Black","RB","SF",NA,NA,NA,NA,NA,NA,NA,NA,103,433,NA,3,NA,NA,NA,"4696044","ESPN","17485","ESPN","RB",9,7,52,NA,NA,0,NA,NA,NA,NA,NA,NA,NA,NA,NA,NA,NA,NA,NA,NA,NA,NA,NA,NA,NA,NA,NA,NA,NA,NA,NA,NA,NA,NA,NA,NA,NA,NA,NA,NA,NA,NA,NA,NA,NA,NA,NA,NA,NA,NA
"Kimani Vidal","RB","LAC",NA,NA,NA,NA,NA,NA,NA,NA,7,28,NA,0,NA,NA,NA,"4430968","ESPN","16757","ESPN","RB",22,15,132,NA,NA,1,NA,NA,NA,NA,NA,NA,NA,NA,NA,NA,NA,NA,NA,NA,NA,NA,NA,NA,NA,NA,NA,NA,NA,NA,NA,NA,NA,NA,NA,NA,NA,NA,NA,NA,NA,NA,NA,NA,NA,NA,NA,NA,NA,NA
"Jaylen Wright","RB","MIA",NA,NA,NA,NA,NA,NA,NA,NA,127,535,NA,3,NA,NA,NA,"4682745","ESPN","16610","ESPN","RB",33,24,184,NA,NA,1,NA,NA,NA,NA,NA,NA,NA,NA,NA,NA,NA,NA,NA,NA,NA,NA,NA,NA,NA,NA,NA,NA,NA,NA,NA,NA,NA,NA,NA,NA,NA,NA,NA,NA,NA,NA,NA,NA,NA,NA,NA,NA,NA,NA
"Ollie Gordon II","RB","MIA",NA,NA,NA,NA,NA,NA,NA,NA,180,733,NA,5,NA,NA,NA,"4711533","ESPN","17059","ESPN","RB",37,27,201,NA,NA,1,NA,NA,NA,NA,NA,NA,NA,NA,NA,NA,NA,NA,NA,NA,NA,NA,NA,NA,NA,NA,NA,NA,NA,NA,NA,NA,NA,NA,NA,NA,NA,NA,NA,NA,NA,NA,NA,NA,NA,NA,NA,NA,NA,NA
"Ty Johnson","RB","BUF",NA,NA,NA,NA,NA,NA,NA,NA,31,134,NA,1,NA,NA,NA,"3915411","ESPN","14095","ESPN","RB",24,18,168,NA,NA,1,NA,NA,NA,NA,NA,NA,NA,NA,NA,NA,NA,NA,NA,NA,NA,NA,NA,NA,NA,NA,NA,NA,NA,NA,NA,NA,NA,NA,NA,NA,NA,NA,NA,NA,NA,NA,NA,NA,NA,NA,NA,NA,NA,NA
"Chris Brooks","RB","GB",NA,NA,NA,NA,NA,NA,NA,NA,32,140,NA,1,NA,NA,NA,"3149687","ESPN","16387","ESPN","RB",18,13,87,NA,NA,0,NA,NA,NA,NA,NA,NA,NA,NA,NA,NA,NA,NA,NA,NA,NA,NA,NA,NA,NA,NA,NA,NA,NA,NA,NA,NA,NA,NA,NA,NA,NA,NA,NA,NA,NA,NA,NA,NA,NA,NA,NA,NA,NA,NA
"Brashard Smith","RB","KCC",NA,NA,NA,NA,NA,NA,NA,NA,NA,NA,NA,NA,NA,NA,NA,"4596602","ESPN","17049","ESPN","RB",4,3,24,NA,NA,0,NA,NA,NA,NA,NA,NA,NA,NA,NA,NA,NA,NA,NA,NA,NA,NA,NA,NA,NA,NA,NA,NA,NA,NA,NA,NA,NA,NA,NA,NA,NA,NA,NA,NA,NA,NA,NA,NA,NA,NA,NA,NA,NA,NA
"Malik Davis","RB","DAL",NA,NA,NA,NA,NA,NA,NA,NA,NA,NA,NA,NA,NA,NA,NA,"4240603","ESPN","15738","ESPN","RB",NA,NA,NA,NA,NA,NA,NA,NA,NA,NA,NA,NA,NA,NA,NA,NA,NA,NA,NA,NA,NA,NA,NA,NA,NA,NA,NA,NA,NA,NA,NA,NA,NA,NA,NA,NA,NA,NA,NA,NA,NA,NA,NA,NA,NA,NA,NA,NA,NA,NA
"Emmett Johnson","RB","KCC",NA,NA,NA,NA,NA,NA,NA,NA,68,288,NA,2,NA,NA,NA,"4832955","ESPN","17474","ESPN","RB",17,13,105,NA,NA,1,NA,NA,NA,NA,NA,NA,NA,NA,NA,NA,NA,NA,NA,NA,NA,NA,NA,NA,NA,NA,NA,NA,NA,NA,NA,NA,NA,NA,NA,NA,NA,NA,NA,NA,NA,NA,NA,NA,NA,NA,NA,NA,NA,NA
"Isaiah Davis","RB","NYJ",NA,NA,NA,NA,NA,NA,NA,NA,8,36,NA,0,NA,NA,NA,"4695404","ESPN","16752","ESPN","RB",2,2,16,NA,NA,0,NA,NA,NA,NA,NA,NA,NA,NA,NA,NA,NA,NA,NA,NA,NA,NA,NA,NA,NA,NA,NA,NA,NA,NA,NA,NA,NA,NA,NA,NA,NA,NA,NA,NA,NA,NA,NA,NA,NA,NA,NA,NA,NA,NA
"Jacob Saylors","RB","DET",NA,NA,NA,NA,NA,NA,NA,NA,NA,NA,NA,NA,NA,NA,NA,"4383429","ESPN","16850","ESPN","RB",NA,NA,NA,NA,NA,NA,NA,NA,NA,NA,NA,NA,NA,NA,NA,NA,NA,NA,NA,NA,NA,NA,NA,NA,NA,NA,NA,NA,NA,NA,NA,NA,NA,NA,NA,NA,NA,NA,NA,NA,NA,NA,NA,NA,NA,NA,NA,NA,NA,NA
"LeQuint Allen Jr.","RB","JAC",NA,NA,NA,NA,NA,NA,NA,NA,4,16,NA,0,NA,NA,NA,"4911851","ESPN","17061","ESPN","RB",17,13,98,NA,NA,1,NA,NA,NA,NA,NA,NA,NA,NA,NA,NA,NA,NA,NA,NA,NA,NA,NA,NA,NA,NA,NA,NA,NA,NA,NA,NA,NA,NA,NA,NA,NA,NA,NA,NA,NA,NA,NA,NA,NA,NA,NA,NA,NA,NA
"George Holani","RB","SEA",NA,NA,NA,NA,NA,NA,NA,NA,10,41,NA,0,NA,NA,NA,"4429835","ESPN","16608","ESPN","RB",5,4,32,NA,NA,0,NA,NA,NA,NA,NA,NA,NA,NA,NA,NA,NA,NA,NA,NA,NA,NA,NA,NA,NA,NA,NA,NA,NA,NA,NA,NA,NA,NA,NA,NA,NA,NA,NA,NA,NA,NA,NA,NA,NA,NA,NA,NA,NA,NA
"Tyrone Tracy Jr.","RB","NYG",NA,NA,NA,NA,NA,NA,NA,NA,7,32,NA,0,NA,NA,NA,"4360516","ESPN","16747","ESPN","RB",4,3,24,NA,NA,0,NA,NA,NA,NA,NA,NA,NA,NA,NA,NA,NA,NA,NA,NA,NA,NA,NA,NA,NA,NA,NA,NA,NA,NA,NA,NA,NA,NA,NA,NA,NA,NA,NA,NA,NA,NA,NA,NA,NA,NA,NA,NA,NA,NA
"Sean Tucker","RB","TB",NA,NA,NA,NA,NA,NA,NA,NA,11,48,NA,0,NA,NA,NA,"4430871","ESPN","16166","ESPN","RB",NA,NA,NA,NA,NA,NA,NA,NA,NA,NA,NA,NA,NA,NA,NA,NA,NA,NA,NA,NA,NA,NA,NA,NA,NA,NA,NA,NA,NA,NA,NA,NA,NA,NA,NA,NA,NA,NA,NA,NA,NA,NA,NA,NA,NA,NA,NA,NA,NA,NA
"Seth McGowan","RB","IND",NA,NA,NA,NA,NA,NA,NA,NA,44,185,NA,2,NA,NA,NA,"4686468","ESPN","17475","ESPN","RB",4,4,24,NA,NA,0,NA,NA,NA,NA,NA,NA,NA,NA,NA,NA,NA,NA,NA,NA,NA,NA,NA,NA,NA,NA,NA,NA,NA,NA,NA,NA,NA,NA,NA,NA,NA,NA,NA,NA,NA,NA,NA,NA,NA,NA,NA,NA,NA,NA
"Jordan James","RB","SF",NA,NA,NA,NA,NA,NA,NA,NA,NA,NA,NA,NA,NA,NA,NA,"4685397","ESPN","17055","ESPN","RB",NA,NA,NA,NA,NA,NA,NA,NA,NA,NA,NA,NA,NA,NA,NA,NA,NA,NA,NA,NA,NA,NA,NA,NA,NA,NA,NA,NA,NA,NA,NA,NA,NA,NA,NA,NA,NA,NA,NA,NA,NA,NA,NA,NA,NA,NA,NA,NA,NA,NA
"Will Shipley","RB","PHI",NA,NA,NA,NA,NA,NA,NA,NA,19,81,NA,1,NA,NA,NA,"4431545","ESPN","16601","ESPN","RB",12,10,68,NA,NA,0,NA,NA,NA,NA,NA,NA,NA,NA,NA,NA,NA,NA,NA,NA,NA,NA,NA,NA,NA,NA,NA,NA,NA,NA,NA,NA,NA,NA,NA,NA,NA,NA,NA,NA,NA,NA,NA,NA,NA,NA,NA,NA,NA,NA
"Emanuel Wilson","RB","SEA",NA,NA,NA,NA,NA,NA,NA,NA,36,153,NA,1,NA,NA,NA,"4887558","ESPN","16432","ESPN","RB",3,2,15,NA,NA,0,NA,NA,NA,NA,NA,NA,NA,NA,NA,NA,NA,NA,NA,NA,NA,NA,NA,NA,NA,NA,NA,NA,NA,NA,NA,NA,NA,NA,NA,NA,NA,NA,NA,NA,NA,NA,NA,NA,NA,NA,NA,NA,NA,NA
"Emari Demercado","RB","DAL",NA,NA,NA,NA,NA,NA,NA,NA,NA,NA,NA,NA,NA,NA,NA,"4362478","ESPN","16385","ESPN","RB",NA,NA,NA,NA,NA,NA,NA,NA,NA,NA,NA,NA,NA,NA,NA,NA,NA,NA,NA,NA,NA,NA,NA,NA,NA,NA,NA,NA,NA,NA,NA,NA,NA,NA,NA,NA,NA,NA,NA,NA,NA,NA,NA,NA,NA,NA,NA,NA,NA,NA
"Kaleb Johnson","RB","GB",NA,NA,NA,NA,NA,NA,NA,NA,66,276,NA,2,NA,NA,NA,"4819231","ESPN","17048","ESPN","RB",14,11,69,NA,NA,0,NA,NA,NA,NA,NA,NA,NA,NA,NA,NA,NA,NA,NA,NA,NA,NA,NA,NA,NA,NA,NA,NA,NA,NA,NA,NA,NA,NA,NA,NA,NA,NA,NA,NA,NA,NA,NA,NA,NA,NA,NA,NA,NA,NA
"Nicholas Singleton","RB","TEN",NA,NA,NA,NA,NA,NA,NA,NA,18,76,NA,0,NA,NA,NA,"4685555","ESPN","17476","ESPN","RB",NA,NA,NA,NA,NA,NA,NA,NA,NA,NA,NA,NA,NA,NA,NA,NA,NA,NA,NA,NA,NA,NA,NA,NA,NA,NA,NA,NA,NA,NA,NA,NA,NA,NA,NA,NA,NA,NA,NA,NA,NA,NA,NA,NA,NA,NA,NA,NA,NA,NA
"Kendre Miller","RB","NO",NA,NA,NA,NA,NA,NA,NA,NA,28,109,NA,1,NA,NA,NA,"4599739","ESPN","16171","ESPN","RB",15,12,88,NA,NA,0,NA,NA,NA,NA,NA,NA,NA,NA,NA,NA,NA,NA,NA,NA,NA,NA,NA,NA,NA,NA,NA,NA,NA,NA,NA,NA,NA,NA,NA,NA,NA,NA,NA,NA,NA,NA,NA,NA,NA,NA,NA,NA,NA,NA
"Tahj Brooks","RB","CIN",NA,NA,NA,NA,NA,NA,NA,NA,NA,NA,NA,NA,NA,NA,NA,"4429299","ESPN","17058","ESPN","RB",NA,NA,NA,NA,NA,NA,NA,NA,NA,NA,NA,NA,NA,NA,NA,NA,NA,NA,NA,NA,NA,NA,NA,NA,NA,NA,NA,NA,NA,NA,NA,NA,NA,NA,NA,NA,NA,NA,NA,NA,NA,NA,NA,NA,NA,NA,NA,NA,NA,NA
"Demond Claiborne","RB","MIN",NA,NA,NA,NA,NA,NA,NA,NA,6,25,NA,0,NA,NA,NA,"4832846","ESPN","17481","ESPN","RB",1,0,3,NA,NA,0,NA,NA,NA,NA,NA,NA,NA,NA,NA,NA,NA,NA,NA,NA,NA,NA,NA,NA,NA,NA,NA,NA,NA,NA,NA,NA,NA,NA,NA,NA,NA,NA,NA,NA,NA,NA,NA,NA,NA,NA,NA,NA,NA,NA
"Rasheen Ali","RB","BAL",NA,NA,NA,NA,NA,NA,NA,NA,NA,NA,NA,NA,NA,NA,NA,"4690013","ESPN","16746","ESPN","RB",NA,NA,NA,NA,NA,NA,NA,NA,NA,NA,NA,NA,NA,NA,NA,NA,NA,NA,NA,NA,NA,NA,NA,NA,NA,NA,NA,NA,NA,NA,NA,NA,NA,NA,NA,NA,NA,NA,NA,NA,NA,NA,NA,NA,NA,NA,NA,NA,NA,NA
"Kaytron Allen","RB","WAS",NA,NA,NA,NA,NA,NA,NA,NA,NA,NA,NA,NA,NA,NA,NA,"4685246","ESPN","17478","ESPN","RB",NA,NA,NA,NA,NA,NA,NA,NA,NA,NA,NA,NA,NA,NA,NA,NA,NA,NA,NA,NA,NA,NA,NA,NA,NA,NA,NA,NA,NA,NA,NA,NA,NA,NA,NA,NA,NA,NA,NA,NA,NA,NA,NA,NA,NA,NA,NA,NA,NA,NA
"DJ Giddens","RB","IND",NA,NA,NA,NA,NA,NA,NA,NA,NA,NA,NA,NA,NA,NA,NA,"4874509","ESPN","17060","ESPN","RB",NA,NA,NA,NA,NA,NA,NA,NA,NA,NA,NA,NA,NA,NA,NA,NA,NA,NA,NA,NA,NA,NA,NA,NA,NA,NA,NA,NA,NA,NA,NA,NA,NA,NA,NA,NA,NA,NA,NA,NA,NA,NA,NA,NA,NA,NA,NA,NA,NA,NA
"Sione Vaki","RB","DET",NA,NA,NA,NA,NA,NA,NA,NA,64,270,NA,2,NA,NA,NA,"4912274","ESPN","16678","ESPN","RB",14,11,79,NA,NA,0,NA,NA,NA,NA,NA,NA,NA,NA,NA,NA,NA,NA,NA,NA,NA,NA,NA,NA,NA,NA,NA,NA,NA,NA,NA,NA,NA,NA,NA,NA,NA,NA,NA,NA,NA,NA,NA,NA,NA,NA,NA,NA,NA,NA
"Kene Nwangwu","RB","NYJ",NA,NA,NA,NA,NA,NA,NA,NA,NA,NA,NA,NA,NA,NA,NA,"4035537","ESPN","15414","ESPN","RB",NA,NA,NA,NA,NA,NA,NA,NA,NA,NA,NA,NA,NA,NA,NA,NA,NA,NA,NA,NA,NA,NA,NA,NA,NA,NA,NA,NA,NA,NA,NA,NA,NA,NA,NA,NA,NA,NA,NA,NA,NA,NA,NA,NA,NA,NA,NA,NA,NA,NA
"Bam Knight","RB","ARI",NA,NA,NA,NA,NA,NA,NA,NA,NA,NA,NA,NA,NA,NA,NA,"4427728","ESPN","15727","ESPN","RB",NA,NA,NA,NA,NA,NA,NA,NA,NA,NA,NA,NA,NA,NA,NA,NA,NA,NA,NA,NA,NA,NA,NA,NA,NA,NA,NA,NA,NA,NA,NA,NA,NA,NA,NA,NA,NA,NA,NA,NA,NA,NA,NA,NA,NA,NA,NA,NA,NA,NA
"Dylan Laube","RB","LV",NA,NA,NA,NA,NA,NA,NA,NA,NA,NA,NA,NA,NA,NA,NA,"4366963","ESPN","16613","ESPN","RB",NA,NA,NA,NA,NA,NA,NA,NA,NA,NA,NA,NA,NA,NA,NA,NA,NA,NA,NA,NA,NA,NA,NA,NA,NA,NA,NA,NA,NA,NA,NA,NA,NA,NA,NA,NA,NA,NA,NA,NA,NA,NA,NA,NA,NA,NA,NA,NA,NA,NA
"Tyler Badie","RB","DEN",NA,NA,NA,NA,NA,NA,NA,NA,11,45,NA,0,NA,NA,NA,"4362748","ESPN","15718","ESPN","RB",14,10,80,NA,NA,0,NA,NA,NA,NA,NA,NA,NA,NA,NA,NA,NA,NA,NA,NA,NA,NA,NA,NA,NA,NA,NA,NA,NA,NA,NA,NA,NA,NA,NA,NA,NA,NA,NA,NA,NA,NA,NA,NA,NA,NA,NA,NA,NA,NA
"Ameer Abdullah","RB","JAC",NA,NA,NA,NA,NA,NA,NA,NA,11,49,NA,0,NA,NA,NA,"2576336","ESPN","12155","ESPN","RB",9,7,45,NA,NA,0,NA,NA,NA,NA,NA,NA,NA,NA,NA,NA,NA,NA,NA,NA,NA,NA,NA,NA,NA,NA,NA,NA,NA,NA,NA,NA,NA,NA,NA,NA,NA,NA,NA,NA,NA,NA,NA,NA,NA,NA,NA,NA,NA,NA
"Adam Randall","RB","BAL",NA,NA,NA,NA,NA,NA,NA,NA,NA,NA,NA,NA,NA,NA,NA,"4685526","ESPN","17652","ESPN","RB",NA,NA,NA,NA,NA,NA,NA,NA,NA,NA,NA,NA,NA,NA,NA,NA,NA,NA,NA,NA,NA,NA,NA,NA,NA,NA,NA,NA,NA,NA,NA,NA,NA,NA,NA,NA,NA,NA,NA,NA,NA,NA,NA,NA,NA,NA,NA,NA,NA,NA
"James Conner","RB","ARI",NA,NA,NA,NA,NA,NA,NA,NA,NA,NA,NA,NA,NA,NA,NA,"3045147","ESPN","13146","ESPN","RB",NA,NA,NA,NA,NA,NA,NA,NA,NA,NA,NA,NA,NA,NA,NA,NA,NA,NA,NA,NA,NA,NA,NA,NA,NA,NA,NA,NA,NA,NA,NA,NA,NA,NA,NA,NA,NA,NA,NA,NA,NA,NA,NA,NA,NA,NA,NA,NA,NA,NA
"Eli Heidenreich","RB","PIT",NA,NA,NA,NA,NA,NA,NA,NA,NA,NA,NA,NA,NA,NA,NA,"5081508","ESPN","17685","ESPN","RB",NA,NA,NA,NA,NA,NA,NA,NA,NA,NA,NA,NA,NA,NA,NA,NA,NA,NA,NA,NA,NA,NA,NA,NA,NA,NA,NA,NA,NA,NA,NA,NA,NA,NA,NA,NA,NA,NA,NA,NA,NA,NA,NA,NA,NA,NA,NA,NA,NA,NA
"Trey Benson","RB","ARI",NA,NA,NA,NA,NA,NA,NA,NA,NA,NA,NA,NA,NA,NA,NA,"4429275","ESPN","16594","ESPN","RB",NA,NA,NA,NA,NA,NA,NA,NA,NA,NA,NA,NA,NA,NA,NA,NA,NA,NA,NA,NA,NA,NA,NA,NA,NA,NA,NA,NA,NA,NA,NA,NA,NA,NA,NA,NA,NA,NA,NA,NA,NA,NA,NA,NA,NA,NA,NA,NA,NA,NA
"Riley Nowakowski","RB","PIT",NA,NA,NA,NA,NA,NA,NA,NA,NA,NA,NA,NA,NA,NA,NA,"4693370","ESPN","17648","ESPN","RB",NA,NA,NA,NA,NA,NA,NA,NA,NA,NA,NA,NA,NA,NA,NA,NA,NA,NA,NA,NA,NA,NA,NA,NA,NA,NA,NA,NA,NA,NA,NA,NA,NA,NA,NA,NA,NA,NA,NA,NA,NA,NA,NA,NA,NA,NA,NA,NA,NA,NA
"Ja'Marr Chase","WR","CIN",NA,NA,NA,NA,NA,NA,NA,NA,3,17,NA,0,NA,NA,NA,"4362628","ESPN","15281","ESPN","WR",146,106,1214,NA,NA,10,NA,NA,NA,NA,NA,NA,NA,NA,NA,NA,NA,NA,NA,NA,NA,NA,NA,NA,NA,NA,NA,NA,NA,NA,NA,NA,NA,NA,NA,NA,NA,NA,NA,NA,NA,NA,NA,NA,NA,NA,NA,NA,NA,NA
"Puka Nacua","WR","LAR",NA,NA,NA,NA,NA,NA,NA,NA,11,63,NA,1,NA,NA,NA,"4426515","ESPN","16211","ESPN","WR",147,99,1333,NA,NA,8,NA,NA,NA,NA,NA,NA,NA,NA,NA,NA,NA,NA,NA,NA,NA,NA,NA,NA,NA,NA,NA,NA,NA,NA,NA,NA,NA,NA,NA,NA,NA,NA,NA,NA,NA,NA,NA,NA,NA,NA,NA,NA,NA,NA
"Jaxon Smith-Njigba","WR","SEA",NA,NA,NA,NA,NA,NA,NA,NA,4,21,NA,0,NA,NA,NA,"4430878","ESPN","16185","ESPN","WR",142,103,1349,NA,NA,9,NA,NA,NA,NA,NA,NA,NA,NA,NA,NA,NA,NA,NA,NA,NA,NA,NA,NA,NA,NA,NA,NA,NA,NA,NA,NA,NA,NA,NA,NA,NA,NA,NA,NA,NA,NA,NA,NA,NA,NA,NA,NA,NA,NA
"Amon-Ra St. Brown","WR","DET",NA,NA,NA,NA,NA,NA,NA,NA,2,10,NA,0,NA,NA,NA,"4374302","ESPN","15287","ESPN","WR",145,103,1228,NA,NA,10,NA,NA,NA,NA,NA,NA,NA,NA,NA,NA,NA,NA,NA,NA,NA,NA,NA,NA,NA,NA,NA,NA,NA,NA,NA,NA,NA,NA,NA,NA,NA,NA,NA,NA,NA,NA,NA,NA,NA,NA,NA,NA,NA,NA
"CeeDee Lamb","WR","DAL",NA,NA,NA,NA,NA,NA,NA,NA,2,10,NA,0,NA,NA,NA,"4241389","ESPN","14832","ESPN","WR",121,90,1074,NA,NA,8,NA,NA,NA,NA,NA,NA,NA,NA,NA,NA,NA,NA,NA,NA,NA,NA,NA,NA,NA,NA,NA,NA,NA,NA,NA,NA,NA,NA,NA,NA,NA,NA,NA,NA,NA,NA,NA,NA,NA,NA,NA,NA,NA,NA
"Justin Jefferson","WR","MIN",NA,NA,NA,NA,NA,NA,NA,NA,2,10,NA,0,NA,NA,NA,"4262921","ESPN","14836","ESPN","WR",128,91,1120,NA,NA,8,NA,NA,NA,NA,NA,NA,NA,NA,NA,NA,NA,NA,NA,NA,NA,NA,NA,NA,NA,NA,NA,NA,NA,NA,NA,NA,NA,NA,NA,NA,NA,NA,NA,NA,NA,NA,NA,NA,NA,NA,NA,NA,NA,NA
"Drake London","WR","ATL",NA,NA,NA,NA,NA,NA,NA,NA,4,20,NA,0,NA,NA,NA,"4426502","ESPN","15751","ESPN","WR",125,82,1127,NA,NA,5,NA,NA,NA,NA,NA,NA,NA,NA,NA,NA,NA,NA,NA,NA,NA,NA,NA,NA,NA,NA,NA,NA,NA,NA,NA,NA,NA,NA,NA,NA,NA,NA,NA,NA,NA,NA,NA,NA,NA,NA,NA,NA,NA,NA
"A.J. Brown","WR","NE",NA,NA,NA,NA,NA,NA,NA,NA,NA,NA,NA,NA,NA,NA,NA,"4047646","ESPN","14104","ESPN","WR",72,50,690,NA,NA,4,NA,NA,NA,NA,NA,NA,NA,NA,NA,NA,NA,NA,NA,NA,NA,NA,NA,NA,NA,NA,NA,NA,NA,NA,NA,NA,NA,NA,NA,NA,NA,NA,NA,NA,NA,NA,NA,NA,NA,NA,NA,NA,NA,NA
"Nico Collins","WR","HOU",NA,NA,NA,NA,NA,NA,NA,NA,2,10,NA,0,NA,NA,NA,"4258173","ESPN","15290","ESPN","WR",108,74,965,NA,NA,6,NA,NA,NA,NA,NA,NA,NA,NA,NA,NA,NA,NA,NA,NA,NA,NA,NA,NA,NA,NA,NA,NA,NA,NA,NA,NA,NA,NA,NA,NA,NA,NA,NA,NA,NA,NA,NA,NA,NA,NA,NA,NA,NA,NA
"Chris Olave","WR","NO",NA,NA,NA,NA,NA,NA,NA,NA,NA,NA,NA,NA,NA,NA,NA,"4361370","ESPN","15754","ESPN","WR",118,83,1036,NA,NA,7,NA,NA,NA,NA,NA,NA,NA,NA,NA,NA,NA,NA,NA,NA,NA,NA,NA,NA,NA,NA,NA,NA,NA,NA,NA,NA,NA,NA,NA,NA,NA,NA,NA,NA,NA,NA,NA,NA,NA,NA,NA,NA,NA,NA
"Rashee Rice","WR","KCC",NA,NA,NA,NA,NA,NA,NA,NA,4,18,NA,0,NA,NA,NA,"4428331","ESPN","16194","ESPN","WR",103,77,895,NA,NA,7,NA,NA,NA,NA,NA,NA,NA,NA,NA,NA,NA,NA,NA,NA,NA,NA,NA,NA,NA,NA,NA,NA,NA,NA,NA,NA,NA,NA,NA,NA,NA,NA,NA,NA,NA,NA,NA,NA,NA,NA,NA,NA,NA,NA
"George Pickens","WR","DAL",NA,NA,NA,NA,NA,NA,NA,NA,NA,NA,NA,NA,NA,NA,NA,"4426354","ESPN","15762","ESPN","WR",107,69,913,NA,NA,7,NA,NA,NA,NA,NA,NA,NA,NA,NA,NA,NA,NA,NA,NA,NA,NA,NA,NA,NA,NA,NA,NA,NA,NA,NA,NA,NA,NA,NA,NA,NA,NA,NA,NA,NA,NA,NA,NA,NA,NA,NA,NA,NA,NA
"Garrett Wilson","WR","NYJ",NA,NA,NA,NA,NA,NA,NA,NA,2,9,NA,0,NA,NA,NA,"4569618","ESPN","15753","ESPN","WR",117,87,950,NA,NA,5,NA,NA,NA,NA,NA,NA,NA,NA,NA,NA,NA,NA,NA,NA,NA,NA,NA,NA,NA,NA,NA,NA,NA,NA,NA,NA,NA,NA,NA,NA,NA,NA,NA,NA,NA,NA,NA,NA,NA,NA,NA,NA,NA,NA
"Malik Nabers","WR","NYG",NA,NA,NA,NA,NA,NA,NA,NA,NA,NA,NA,NA,NA,NA,NA,"4595348","ESPN","16615","ESPN","WR",111,65,880,NA,NA,5,NA,NA,NA,NA,NA,NA,NA,NA,NA,NA,NA,NA,NA,NA,NA,NA,NA,NA,NA,NA,NA,NA,NA,NA,NA,NA,NA,NA,NA,NA,NA,NA,NA,NA,NA,NA,NA,NA,NA,NA,NA,NA,NA,NA
"DeVonta Smith","WR","PHI",NA,NA,NA,NA,NA,NA,NA,NA,NA,NA,NA,NA,NA,NA,NA,"4241478","ESPN","15282","ESPN","WR",111,82,992,NA,NA,6,NA,NA,NA,NA,NA,NA,NA,NA,NA,NA,NA,NA,NA,NA,NA,NA,NA,NA,NA,NA,NA,NA,NA,NA,NA,NA,NA,NA,NA,NA,NA,NA,NA,NA,NA,NA,NA,NA,NA,NA,NA,NA,NA,NA
"Tetairoa McMillan","WR","CAR",NA,NA,NA,NA,NA,NA,NA,NA,NA,NA,NA,NA,NA,NA,NA,"4685472","ESPN","17071","ESPN","WR",107,60,938,NA,NA,6,NA,NA,NA,NA,NA,NA,NA,NA,NA,NA,NA,NA,NA,NA,NA,NA,NA,NA,NA,NA,NA,NA,NA,NA,NA,NA,NA,NA,NA,NA,NA,NA,NA,NA,NA,NA,NA,NA,NA,NA,NA,NA,NA,NA
"Zay Flowers","WR","BAL",NA,NA,NA,NA,NA,NA,NA,NA,8,50,NA,0,NA,NA,NA,"4429615","ESPN","16190","ESPN","WR",97,70,1070,NA,NA,5,NA,NA,NA,NA,NA,NA,NA,NA,NA,NA,NA,NA,NA,NA,NA,NA,NA,NA,NA,NA,NA,NA,NA,NA,NA,NA,NA,NA,NA,NA,NA,NA,NA,NA,NA,NA,NA,NA,NA,NA,NA,NA,NA,NA
"Emeka Egbuka","WR","TB",NA,NA,NA,NA,NA,NA,NA,NA,2,10,NA,0,NA,NA,NA,"4567750","ESPN","17081","ESPN","WR",96,53,818,NA,NA,4,NA,NA,NA,NA,NA,NA,NA,NA,NA,NA,NA,NA,NA,NA,NA,NA,NA,NA,NA,NA,NA,NA,NA,NA,NA,NA,NA,NA,NA,NA,NA,NA,NA,NA,NA,NA,NA,NA,NA,NA,NA,NA,NA,NA
"Ladd McConkey","WR","LAC",NA,NA,NA,NA,NA,NA,NA,NA,NA,NA,NA,NA,NA,NA,NA,"4612826","ESPN","16627","ESPN","WR",91,63,726,NA,NA,4,NA,NA,NA,NA,NA,NA,NA,NA,NA,NA,NA,NA,NA,NA,NA,NA,NA,NA,NA,NA,NA,NA,NA,NA,NA,NA,NA,NA,NA,NA,NA,NA,NA,NA,NA,NA,NA,NA,NA,NA,NA,NA,NA,NA
"Tee Higgins","WR","CIN",NA,NA,NA,NA,NA,NA,NA,NA,NA,NA,NA,NA,NA,NA,NA,"4239993","ESPN","14835","ESPN","WR",102,65,891,NA,NA,6,NA,NA,NA,NA,NA,NA,NA,NA,NA,NA,NA,NA,NA,NA,NA,NA,NA,NA,NA,NA,NA,NA,NA,NA,NA,NA,NA,NA,NA,NA,NA,NA,NA,NA,NA,NA,NA,NA,NA,NA,NA,NA,NA,NA
"Davante Adams","WR","LAR",NA,NA,NA,NA,NA,NA,NA,NA,NA,NA,NA,NA,NA,NA,NA,"16800","ESPN","11675","ESPN","WR",109,65,984,NA,NA,8,NA,NA,NA,NA,NA,NA,NA,NA,NA,NA,NA,NA,NA,NA,NA,NA,NA,NA,NA,NA,NA,NA,NA,NA,NA,NA,NA,NA,NA,NA,NA,NA,NA,NA,NA,NA,NA,NA,NA,NA,NA,NA,NA,NA
"Jaylen Waddle","WR","DEN",NA,NA,NA,NA,NA,NA,NA,NA,2,10,NA,0,NA,NA,NA,"4372016","ESPN","15284","ESPN","WR",99,64,841,NA,NA,3,NA,NA,NA,NA,NA,NA,NA,NA,NA,NA,NA,NA,NA,NA,NA,NA,NA,NA,NA,NA,NA,NA,NA,NA,NA,NA,NA,NA,NA,NA,NA,NA,NA,NA,NA,NA,NA,NA,NA,NA,NA,NA,NA,NA
"Terry McLaurin","WR","WAS",NA,NA,NA,NA,NA,NA,NA,NA,NA,NA,NA,NA,NA,NA,NA,"3121422","ESPN","14109","ESPN","WR",92,56,836,NA,NA,5,NA,NA,NA,NA,NA,NA,NA,NA,NA,NA,NA,NA,NA,NA,NA,NA,NA,NA,NA,NA,NA,NA,NA,NA,NA,NA,NA,NA,NA,NA,NA,NA,NA,NA,NA,NA,NA,NA,NA,NA,NA,NA,NA,NA
"DJ Moore","WR","BUF",NA,NA,NA,NA,NA,NA,NA,NA,6,30,NA,0,NA,NA,NA,"3915416","ESPN","13635","ESPN","WR",93,61,877,NA,NA,5,NA,NA,NA,NA,NA,NA,NA,NA,NA,NA,NA,NA,NA,NA,NA,NA,NA,NA,NA,NA,NA,NA,NA,NA,NA,NA,NA,NA,NA,NA,NA,NA,NA,NA,NA,NA,NA,NA,NA,NA,NA,NA,NA,NA
"Jameson Williams","WR","DET",NA,NA,NA,NA,NA,NA,NA,NA,6,36,NA,1,NA,NA,NA,"4426388","ESPN","15756","ESPN","WR",72,46,690,NA,NA,4,NA,NA,NA,NA,NA,NA,NA,NA,NA,NA,NA,NA,NA,NA,NA,NA,NA,NA,NA,NA,NA,NA,NA,NA,NA,NA,NA,NA,NA,NA,NA,NA,NA,NA,NA,NA,NA,NA,NA,NA,NA,NA,NA,NA
"Rome Odunze","WR","CHI",NA,NA,NA,NA,NA,NA,NA,NA,NA,NA,NA,NA,NA,NA,NA,"4431299","ESPN","16616","ESPN","WR",79,42,717,NA,NA,5,NA,NA,NA,NA,NA,NA,NA,NA,NA,NA,NA,NA,NA,NA,NA,NA,NA,NA,NA,NA,NA,NA,NA,NA,NA,NA,NA,NA,NA,NA,NA,NA,NA,NA,NA,NA,NA,NA,NA,NA,NA,NA,NA,NA
"Luther Burden III","WR","CHI",NA,NA,NA,NA,NA,NA,NA,NA,7,39,NA,0,NA,NA,NA,"4685278","ESPN","17070","ESPN","WR",91,61,776,NA,NA,3,NA,NA,NA,NA,NA,NA,NA,NA,NA,NA,NA,NA,NA,NA,NA,NA,NA,NA,NA,NA,NA,NA,NA,NA,NA,NA,NA,NA,NA,NA,NA,NA,NA,NA,NA,NA,NA,NA,NA,NA,NA,NA,NA,NA
"Carnell Tate","WR","TEN",NA,NA,NA,NA,NA,NA,NA,NA,NA,NA,NA,NA,NA,NA,NA,"4871023","ESPN","17497","ESPN","WR",98,61,863,NA,NA,4,NA,NA,NA,NA,NA,NA,NA,NA,NA,NA,NA,NA,NA,NA,NA,NA,NA,NA,NA,NA,NA,NA,NA,NA,NA,NA,NA,NA,NA,NA,NA,NA,NA,NA,NA,NA,NA,NA,NA,NA,NA,NA,NA,NA
"Mike Evans","WR","SF",NA,NA,NA,NA,NA,NA,NA,NA,NA,NA,NA,NA,NA,NA,NA,"16737","ESPN","11671","ESPN","WR",93,60,857,NA,NA,6,NA,NA,NA,NA,NA,NA,NA,NA,NA,NA,NA,NA,NA,NA,NA,NA,NA,NA,NA,NA,NA,NA,NA,NA,NA,NA,NA,NA,NA,NA,NA,NA,NA,NA,NA,NA,NA,NA,NA,NA,NA,NA,NA,NA
"Marvin Harrison Jr.","WR","ARI",NA,NA,NA,NA,NA,NA,NA,NA,NA,NA,NA,NA,NA,NA,NA,"4432708","ESPN","16614","ESPN","WR",56,30,423,NA,NA,3,NA,NA,NA,NA,NA,NA,NA,NA,NA,NA,NA,NA,NA,NA,NA,NA,NA,NA,NA,NA,NA,NA,NA,NA,NA,NA,NA,NA,NA,NA,NA,NA,NA,NA,NA,NA,NA,NA,NA,NA,NA,NA,NA,NA
"Michael Pittman Jr.","WR","PIT",NA,NA,NA,NA,NA,NA,NA,NA,NA,NA,NA,NA,NA,NA,NA,"4035687","ESPN","14842","ESPN","WR",93,61,635,NA,NA,3,NA,NA,NA,NA,NA,NA,NA,NA,NA,NA,NA,NA,NA,NA,NA,NA,NA,NA,NA,NA,NA,NA,NA,NA,NA,NA,NA,NA,NA,NA,NA,NA,NA,NA,NA,NA,NA,NA,NA,NA,NA,NA,NA,NA
"DK Metcalf","WR","PIT",NA,NA,NA,NA,NA,NA,NA,NA,NA,NA,NA,NA,NA,NA,NA,"4047650","ESPN","14102","ESPN","WR",89,46,699,NA,NA,5,NA,NA,NA,NA,NA,NA,NA,NA,NA,NA,NA,NA,NA,NA,NA,NA,NA,NA,NA,NA,NA,NA,NA,NA,NA,NA,NA,NA,NA,NA,NA,NA,NA,NA,NA,NA,NA,NA,NA,NA,NA,NA,NA,NA
"Courtland Sutton","WR","DEN",NA,NA,NA,NA,NA,NA,NA,NA,NA,NA,NA,NA,NA,NA,NA,"3128429","ESPN","13630","ESPN","WR",86,50,653,NA,NA,6,NA,NA,NA,NA,NA,NA,NA,NA,NA,NA,NA,NA,NA,NA,NA,NA,NA,NA,NA,NA,NA,NA,NA,NA,NA,NA,NA,NA,NA,NA,NA,NA,NA,NA,NA,NA,NA,NA,NA,NA,NA,NA,NA,NA
"Christian Watson","WR","GB",NA,NA,NA,NA,NA,NA,NA,NA,2,8,NA,0,NA,NA,NA,"4248528","ESPN","15789","ESPN","WR",115,65,961,NA,NA,8,NA,NA,NA,NA,NA,NA,NA,NA,NA,NA,NA,NA,NA,NA,NA,NA,NA,NA,NA,NA,NA,NA,NA,NA,NA,NA,NA,NA,NA,NA,NA,NA,NA,NA,NA,NA,NA,NA,NA,NA,NA,NA,NA,NA
"Parker Washington","WR","JAC",NA,NA,NA,NA,NA,NA,NA,NA,2,9,NA,0,NA,NA,NA,"4432620","ESPN","16192","ESPN","WR",113,71,972,NA,NA,7,NA,NA,NA,NA,NA,NA,NA,NA,NA,NA,NA,NA,NA,NA,NA,NA,NA,NA,NA,NA,NA,NA,NA,NA,NA,NA,NA,NA,NA,NA,NA,NA,NA,NA,NA,NA,NA,NA,NA,NA,NA,NA,NA,NA
"Wan'Dale Robinson","WR","TEN",NA,NA,NA,NA,NA,NA,NA,NA,4,21,NA,0,NA,NA,NA,"4569587","ESPN","15757","ESPN","WR",85,60,583,NA,NA,1,NA,NA,NA,NA,NA,NA,NA,NA,NA,NA,NA,NA,NA,NA,NA,NA,NA,NA,NA,NA,NA,NA,NA,NA,NA,NA,NA,NA,NA,NA,NA,NA,NA,NA,NA,NA,NA,NA,NA,NA,NA,NA,NA,NA
"Michael Wilson","WR","ARI",NA,NA,NA,NA,NA,NA,NA,NA,NA,NA,NA,NA,NA,NA,NA,"4360761","ESPN","16206","ESPN","WR",117,71,884,NA,NA,4,NA,NA,NA,NA,NA,NA,NA,NA,NA,NA,NA,NA,NA,NA,NA,NA,NA,NA,NA,NA,NA,NA,NA,NA,NA,NA,NA,NA,NA,NA,NA,NA,NA,NA,NA,NA,NA,NA,NA,NA,NA,NA,NA,NA
"Stefon Diggs","WR","WAS",NA,NA,NA,NA,NA,NA,NA,NA,NA,NA,NA,NA,NA,NA,NA,"2976212","ESPN","12186","ESPN","WR",88,62,695,NA,NA,3,NA,NA,NA,NA,NA,NA,NA,NA,NA,NA,NA,NA,NA,NA,NA,NA,NA,NA,NA,NA,NA,NA,NA,NA,NA,NA,NA,NA,NA,NA,NA,NA,NA,NA,NA,NA,NA,NA,NA,NA,NA,NA,NA,NA
"Alec Pierce","WR","IND",NA,NA,NA,NA,NA,NA,NA,NA,NA,NA,NA,NA,NA,NA,NA,"4360078","ESPN","15768","ESPN","WR",65,38,568,NA,NA,3,NA,NA,NA,NA,NA,NA,NA,NA,NA,NA,NA,NA,NA,NA,NA,NA,NA,NA,NA,NA,NA,NA,NA,NA,NA,NA,NA,NA,NA,NA,NA,NA,NA,NA,NA,NA,NA,NA,NA,NA,NA,NA,NA,NA
"Jakobi Meyers","WR","JAC",NA,NA,NA,NA,NA,NA,NA,NA,4,20,NA,0,NA,NA,NA,"3916433","ESPN","14127","ESPN","WR",78,55,615,NA,NA,6,NA,NA,NA,NA,NA,NA,NA,NA,NA,NA,NA,NA,NA,NA,NA,NA,NA,NA,NA,NA,NA,NA,NA,NA,NA,NA,NA,NA,NA,NA,NA,NA,NA,NA,NA,NA,NA,NA,NA,NA,NA,NA,NA,NA
"Brian Thomas Jr.","WR","JAC",NA,NA,NA,NA,NA,NA,NA,NA,2,11,NA,0,NA,NA,NA,"4432773","ESPN","16618","ESPN","WR",61,36,554,NA,NA,4,NA,NA,NA,NA,NA,NA,NA,NA,NA,NA,NA,NA,NA,NA,NA,NA,NA,NA,NA,NA,NA,NA,NA,NA,NA,NA,NA,NA,NA,NA,NA,NA,NA,NA,NA,NA,NA,NA,NA,NA,NA,NA,NA,NA
"Matthew Golden","WR","GB",NA,NA,NA,NA,NA,NA,NA,NA,5,24,NA,0,NA,NA,NA,"4701936","ESPN","17075","ESPN","WR",110,62,891,NA,NA,5,NA,NA,NA,NA,NA,NA,NA,NA,NA,NA,NA,NA,NA,NA,NA,NA,NA,NA,NA,NA,NA,NA,NA,NA,NA,NA,NA,NA,NA,NA,NA,NA,NA,NA,NA,NA,NA,NA,NA,NA,NA,NA,NA,NA
"Chris Godwin Jr.","WR","TB",NA,NA,NA,NA,NA,NA,NA,NA,6,32,NA,0,NA,NA,NA,"3116165","ESPN","13163","ESPN","WR",54,37,409,NA,NA,2,NA,NA,NA,NA,NA,NA,NA,NA,NA,NA,NA,NA,NA,NA,NA,NA,NA,NA,NA,NA,NA,NA,NA,NA,NA,NA,NA,NA,NA,NA,NA,NA,NA,NA,NA,NA,NA,NA,NA,NA,NA,NA,NA,NA
"Jordan Addison","WR","MIN",NA,NA,NA,NA,NA,NA,NA,NA,2,12,NA,0,NA,NA,NA,"4429205","ESPN","16186","ESPN","WR",87,53,722,NA,NA,5,NA,NA,NA,NA,NA,NA,NA,NA,NA,NA,NA,NA,NA,NA,NA,NA,NA,NA,NA,NA,NA,NA,NA,NA,NA,NA,NA,NA,NA,NA,NA,NA,NA,NA,NA,NA,NA,NA,NA,NA,NA,NA,NA,NA
"Josh Downs","WR","IND",NA,NA,NA,NA,NA,NA,NA,NA,2,9,NA,0,NA,NA,NA,"4688813","ESPN","16187","ESPN","WR",93,62,727,NA,NA,3,NA,NA,NA,NA,NA,NA,NA,NA,NA,NA,NA,NA,NA,NA,NA,NA,NA,NA,NA,NA,NA,NA,NA,NA,NA,NA,NA,NA,NA,NA,NA,NA,NA,NA,NA,NA,NA,NA,NA,NA,NA,NA,NA,NA
"Khalil Shakir","WR","BUF",NA,NA,NA,NA,NA,NA,NA,NA,2,11,NA,0,NA,NA,NA,"4373678","ESPN","15761","ESPN","WR",73,53,622,NA,NA,4,NA,NA,NA,NA,NA,NA,NA,NA,NA,NA,NA,NA,NA,NA,NA,NA,NA,NA,NA,NA,NA,NA,NA,NA,NA,NA,NA,NA,NA,NA,NA,NA,NA,NA,NA,NA,NA,NA,NA,NA,NA,NA,NA,NA
"Makai Lemon","WR","PHI",NA,NA,NA,NA,NA,NA,NA,NA,4,20,NA,0,NA,NA,NA,"4870795","ESPN","17499","ESPN","WR",40,26,360,NA,NA,2,NA,NA,NA,NA,NA,NA,NA,NA,NA,NA,NA,NA,NA,NA,NA,NA,NA,NA,NA,NA,NA,NA,NA,NA,NA,NA,NA,NA,NA,NA,NA,NA,NA,NA,NA,NA,NA,NA,NA,NA,NA,NA,NA,NA
"Quentin Johnston","WR","LAC",NA,NA,NA,NA,NA,NA,NA,NA,3,18,NA,0,NA,NA,NA,"4429025","ESPN","16188","ESPN","WR",78,41,663,NA,NA,3,NA,NA,NA,NA,NA,NA,NA,NA,NA,NA,NA,NA,NA,NA,NA,NA,NA,NA,NA,NA,NA,NA,NA,NA,NA,NA,NA,NA,NA,NA,NA,NA,NA,NA,NA,NA,NA,NA,NA,NA,NA,NA,NA,NA
"Jayden Reed","WR","GB",NA,NA,NA,NA,NA,NA,NA,NA,4,30,NA,0,NA,NA,NA,"4362249","ESPN","16184","ESPN","WR",57,38,397,NA,NA,2,NA,NA,NA,NA,NA,NA,NA,NA,NA,NA,NA,NA,NA,NA,NA,NA,NA,NA,NA,NA,NA,NA,NA,NA,NA,NA,NA,NA,NA,NA,NA,NA,NA,NA,NA,NA,NA,NA,NA,NA,NA,NA,NA,NA
"De'Zhaun Stribling","WR","SF",NA,NA,NA,NA,NA,NA,NA,NA,NA,NA,NA,NA,NA,NA,NA,"4710714","ESPN","17514","ESPN","WR",NA,NA,NA,NA,NA,NA,NA,NA,NA,NA,NA,NA,NA,NA,NA,NA,NA,NA,NA,NA,NA,NA,NA,NA,NA,NA,NA,NA,NA,NA,NA,NA,NA,NA,NA,NA,NA,NA,NA,NA,NA,NA,NA,NA,NA,NA,NA,NA,NA,NA
"Xavier Worthy","WR","KCC",NA,NA,NA,NA,NA,NA,NA,NA,7,40,NA,0,NA,NA,NA,"4683062","ESPN","16620","ESPN","WR",69,43,584,NA,NA,5,NA,NA,NA,NA,NA,NA,NA,NA,NA,NA,NA,NA,NA,NA,NA,NA,NA,NA,NA,NA,NA,NA,NA,NA,NA,NA,NA,NA,NA,NA,NA,NA,NA,NA,NA,NA,NA,NA,NA,NA,NA,NA,NA,NA
"Romeo Doubs","WR","NE",NA,NA,NA,NA,NA,NA,NA,NA,NA,NA,NA,NA,NA,NA,NA,"4361432","ESPN","15779","ESPN","WR",57,38,527,NA,NA,3,NA,NA,NA,NA,NA,NA,NA,NA,NA,NA,NA,NA,NA,NA,NA,NA,NA,NA,NA,NA,NA,NA,NA,NA,NA,NA,NA,NA,NA,NA,NA,NA,NA,NA,NA,NA,NA,NA,NA,NA,NA,NA,NA,NA
"Jalen Coker","WR","CAR",NA,NA,NA,NA,NA,NA,NA,NA,NA,NA,NA,NA,NA,NA,NA,"4695883","ESPN","16809","ESPN","WR",98,72,837,NA,NA,5,NA,NA,NA,NA,NA,NA,NA,NA,NA,NA,NA,NA,NA,NA,NA,NA,NA,NA,NA,NA,NA,NA,NA,NA,NA,NA,NA,NA,NA,NA,NA,NA,NA,NA,NA,NA,NA,NA,NA,NA,NA,NA,NA,NA
"Deebo Samuel Sr.","WR","SF",NA,NA,NA,NA,NA,NA,NA,NA,18,90,NA,1,NA,NA,NA,"3126486","ESPN","14136","ESPN","WR",71,49,655,NA,NA,4,NA,NA,NA,NA,NA,NA,NA,NA,NA,NA,NA,NA,NA,NA,NA,NA,NA,NA,NA,NA,NA,NA,NA,NA,NA,NA,NA,NA,NA,NA,NA,NA,NA,NA,NA,NA,NA,NA,NA,NA,NA,NA,NA,NA
"KC Concepcion","WR","CLE",NA,NA,NA,NA,NA,NA,NA,NA,14,72,NA,0,NA,NA,NA,"4870653","ESPN","17501","ESPN","WR",85,52,599,NA,NA,2,NA,NA,NA,NA,NA,NA,NA,NA,NA,NA,NA,NA,NA,NA,NA,NA,NA,NA,NA,NA,NA,NA,NA,NA,NA,NA,NA,NA,NA,NA,NA,NA,NA,NA,NA,NA,NA,NA,NA,NA,NA,NA,NA,NA
"Jalen McMillan","WR","TB",NA,NA,NA,NA,NA,NA,NA,NA,4,21,NA,0,NA,NA,NA,"4430834","ESPN","16628","ESPN","WR",29,18,217,NA,NA,1,NA,NA,NA,NA,NA,NA,NA,NA,NA,NA,NA,NA,NA,NA,NA,NA,NA,NA,NA,NA,NA,NA,NA,NA,NA,NA,NA,NA,NA,NA,NA,NA,NA,NA,NA,NA,NA,NA,NA,NA,NA,NA,NA,NA
"Tank Dell","WR","HOU",NA,NA,NA,NA,NA,NA,NA,NA,NA,NA,NA,NA,NA,NA,NA,"4366031","ESPN","16204","ESPN","WR",NA,NA,NA,NA,NA,NA,NA,NA,NA,NA,NA,NA,NA,NA,NA,NA,NA,NA,NA,NA,NA,NA,NA,NA,NA,NA,NA,NA,NA,NA,NA,NA,NA,NA,NA,NA,NA,NA,NA,NA,NA,NA,NA,NA,NA,NA,NA,NA,NA,NA
"Travis Hunter","WR","JAC",NA,NA,NA,NA,NA,NA,NA,NA,4,20,NA,0,NA,NA,NA,"4685415","ESPN","17074","ESPN","WR",4,3,33,NA,NA,0,NA,NA,NA,NA,NA,NA,NA,NA,NA,NA,NA,NA,NA,NA,1,NA,0,49,0,NA,NA,NA,NA,NA,NA,NA,NA,0,NA,NA,NA,NA,NA,NA,NA,NA,NA,NA,NA,NA,NA,NA,NA,NA
"Keenan Allen","WR","IND",NA,NA,NA,NA,NA,NA,NA,NA,NA,NA,NA,NA,NA,NA,NA,"15818","ESPN","11222","ESPN","WR",83,58,554,NA,NA,3,NA,NA,NA,NA,NA,NA,NA,NA,NA,NA,NA,NA,NA,NA,NA,NA,NA,NA,NA,NA,NA,NA,NA,NA,NA,NA,NA,NA,NA,NA,NA,NA,NA,NA,NA,NA,NA,NA,NA,NA,NA,NA,NA,NA
"Rashid Shaheed","WR","SEA",NA,NA,NA,NA,NA,NA,NA,NA,8,44,NA,0,NA,NA,NA,"4032473","ESPN","16080","ESPN","WR",58,33,543,NA,NA,3,NA,NA,NA,NA,NA,NA,NA,NA,NA,NA,NA,NA,NA,NA,NA,NA,NA,NA,NA,NA,NA,NA,NA,NA,NA,NA,NA,NA,NA,NA,NA,NA,NA,NA,NA,NA,NA,NA,NA,NA,NA,NA,NA,NA
"Denzel Boston","WR","CLE",NA,NA,NA,NA,NA,NA,NA,NA,NA,NA,NA,NA,NA,NA,NA,"4832800","ESPN","17500","ESPN","WR",89,55,731,NA,NA,4,NA,NA,NA,NA,NA,NA,NA,NA,NA,NA,NA,NA,NA,NA,NA,NA,NA,NA,NA,NA,NA,NA,NA,NA,NA,NA,NA,NA,NA,NA,NA,NA,NA,NA,NA,NA,NA,NA,NA,NA,NA,NA,NA,NA
"Jerry Jeudy","WR","CLE",NA,NA,NA,NA,NA,NA,NA,NA,NA,NA,NA,NA,NA,NA,NA,"4241463","ESPN","14833","ESPN","WR",42,24,326,NA,NA,2,NA,NA,NA,NA,NA,NA,NA,NA,NA,NA,NA,NA,NA,NA,NA,NA,NA,NA,NA,NA,NA,NA,NA,NA,NA,NA,NA,NA,NA,NA,NA,NA,NA,NA,NA,NA,NA,NA,NA,NA,NA,NA,NA,NA
"Calvin Ridley","WR","TEN",NA,NA,NA,NA,NA,NA,NA,NA,NA,NA,NA,NA,NA,NA,NA,"3925357","ESPN","13629","ESPN","WR",21,12,169,NA,NA,1,NA,NA,NA,NA,NA,NA,NA,NA,NA,NA,NA,NA,NA,NA,NA,NA,NA,NA,NA,NA,NA,NA,NA,NA,NA,NA,NA,NA,NA,NA,NA,NA,NA,NA,NA,NA,NA,NA,NA,NA,NA,NA,NA,NA
"Adonai Mitchell","WR","NYJ",NA,NA,NA,NA,NA,NA,NA,NA,2,9,NA,0,NA,NA,NA,"4597500","ESPN","16626","ESPN","WR",82,46,748,NA,NA,4,NA,NA,NA,NA,NA,NA,NA,NA,NA,NA,NA,NA,NA,NA,NA,NA,NA,NA,NA,NA,NA,NA,NA,NA,NA,NA,NA,NA,NA,NA,NA,NA,NA,NA,NA,NA,NA,NA,NA,NA,NA,NA,NA,NA
"Caleb Douglas","WR","MIA",NA,NA,NA,NA,NA,NA,NA,NA,NA,NA,NA,NA,NA,NA,NA,"4869645","ESPN","17599","ESPN","WR",74,44,625,NA,NA,2,NA,NA,NA,NA,NA,NA,NA,NA,NA,NA,NA,NA,NA,NA,NA,NA,NA,NA,NA,NA,NA,NA,NA,NA,NA,NA,NA,NA,NA,NA,NA,NA,NA,NA,NA,NA,NA,NA,NA,NA,NA,NA,NA,NA
"Jordyn Tyson","WR","NO",NA,NA,NA,NA,NA,NA,NA,NA,NA,NA,NA,NA,NA,NA,NA,"4880281","ESPN","17498","ESPN","WR",55,34,485,NA,NA,4,NA,NA,NA,NA,NA,NA,NA,NA,NA,NA,NA,NA,NA,NA,NA,NA,NA,NA,NA,NA,NA,NA,NA,NA,NA,NA,NA,NA,NA,NA,NA,NA,NA,NA,NA,NA,NA,NA,NA,NA,NA,NA,NA,NA
"Tre Tucker","WR","LV",NA,NA,NA,NA,NA,NA,NA,NA,4,20,NA,0,NA,NA,NA,"4428718","ESPN","16287","ESPN","WR",73,45,611,NA,NA,3,NA,NA,NA,NA,NA,NA,NA,NA,NA,NA,NA,NA,NA,NA,NA,NA,NA,NA,NA,NA,NA,NA,NA,NA,NA,NA,NA,NA,NA,NA,NA,NA,NA,NA,NA,NA,NA,NA,NA,NA,NA,NA,NA,NA
"Jalen Nailor","WR","LV",NA,NA,NA,NA,NA,NA,NA,NA,2,9,NA,0,NA,NA,NA,"4382466","ESPN","15786","ESPN","WR",55,31,443,NA,NA,3,NA,NA,NA,NA,NA,NA,NA,NA,NA,NA,NA,NA,NA,NA,NA,NA,NA,NA,NA,NA,NA,NA,NA,NA,NA,NA,NA,NA,NA,NA,NA,NA,NA,NA,NA,NA,NA,NA,NA,NA,NA,NA,NA,NA
"Rashod Bateman","WR","BAL",NA,NA,NA,NA,NA,NA,NA,NA,NA,NA,NA,NA,NA,NA,NA,"4360939","ESPN","15293","ESPN","WR",56,35,525,NA,NA,4,NA,NA,NA,NA,NA,NA,NA,NA,NA,NA,NA,NA,NA,NA,NA,NA,NA,NA,NA,NA,NA,NA,NA,NA,NA,NA,NA,NA,NA,NA,NA,NA,NA,NA,NA,NA,NA,NA,NA,NA,NA,NA,NA,NA
"Dontayvion Wicks","WR","PHI",NA,NA,NA,NA,NA,NA,NA,NA,NA,NA,NA,NA,NA,NA,NA,"4428850","ESPN","16195","ESPN","WR",71,46,640,NA,NA,4,NA,NA,NA,NA,NA,NA,NA,NA,NA,NA,NA,NA,NA,NA,NA,NA,NA,NA,NA,NA,NA,NA,NA,NA,NA,NA,NA,NA,NA,NA,NA,NA,NA,NA,NA,NA,NA,NA,NA,NA,NA,NA,NA,NA
"Devaughn Vele","WR","NO",NA,NA,NA,NA,NA,NA,NA,NA,NA,NA,NA,NA,NA,NA,NA,"4569559","ESPN","16788","ESPN","WR",59,39,438,NA,NA,4,NA,NA,NA,NA,NA,NA,NA,NA,NA,NA,NA,NA,NA,NA,NA,NA,NA,NA,NA,NA,NA,NA,NA,NA,NA,NA,NA,NA,NA,NA,NA,NA,NA,NA,NA,NA,NA,NA,NA,NA,NA,NA,NA,NA
"Jaylin Noel","WR","HOU",NA,NA,NA,NA,NA,NA,NA,NA,7,39,NA,0,NA,NA,NA,"4586312","ESPN","17080","ESPN","WR",26,17,194,NA,NA,1,NA,NA,NA,NA,NA,NA,NA,NA,NA,NA,NA,NA,NA,NA,NA,NA,NA,NA,NA,NA,NA,NA,NA,NA,NA,NA,NA,NA,NA,NA,NA,NA,NA,NA,NA,NA,NA,NA,NA,NA,NA,NA,NA,NA
"Ja'Kobi Lane","WR","BAL",NA,NA,NA,NA,NA,NA,NA,NA,NA,NA,NA,NA,NA,NA,NA,"4870847","ESPN","17517","ESPN","WR",NA,NA,NA,NA,NA,NA,NA,NA,NA,NA,NA,NA,NA,NA,NA,NA,NA,NA,NA,NA,NA,NA,NA,NA,NA,NA,NA,NA,NA,NA,NA,NA,NA,NA,NA,NA,NA,NA,NA,NA,NA,NA,NA,NA,NA,NA,NA,NA,NA,NA
"Jauan Jennings","WR","MIN",NA,NA,NA,NA,NA,NA,NA,NA,NA,NA,NA,NA,NA,NA,NA,"3886598","ESPN","14860","ESPN","WR",46,30,316,NA,NA,2,NA,NA,NA,NA,NA,NA,NA,NA,NA,NA,NA,NA,NA,NA,NA,NA,NA,NA,NA,NA,NA,NA,NA,NA,NA,NA,NA,NA,NA,NA,NA,NA,NA,NA,NA,NA,NA,NA,NA,NA,NA,NA,NA,NA
"Malachi Fields","WR","NYG",NA,NA,NA,NA,NA,NA,NA,NA,NA,NA,NA,NA,NA,NA,NA,"4682648","ESPN","17511","ESPN","WR",64,37,528,NA,NA,2,NA,NA,NA,NA,NA,NA,NA,NA,NA,NA,NA,NA,NA,NA,NA,NA,NA,NA,NA,NA,NA,NA,NA,NA,NA,NA,NA,NA,NA,NA,NA,NA,NA,NA,NA,NA,NA,NA,NA,NA,NA,NA,NA,NA
"Germie Bernard","WR","PIT",NA,NA,NA,NA,NA,NA,NA,NA,NA,NA,NA,NA,NA,NA,NA,"4685261","ESPN","17503","ESPN","WR",14,8,97,NA,NA,1,NA,NA,NA,NA,NA,NA,NA,NA,NA,NA,NA,NA,NA,NA,NA,NA,NA,NA,NA,NA,NA,NA,NA,NA,NA,NA,NA,NA,NA,NA,NA,NA,NA,NA,NA,NA,NA,NA,NA,NA,NA,NA,NA,NA
"Tre' Harris","WR","LAC",NA,NA,NA,NA,NA,NA,NA,NA,NA,NA,NA,NA,NA,NA,NA,"4686612","ESPN","17072","ESPN","WR",73,45,585,NA,NA,2,NA,NA,NA,NA,NA,NA,NA,NA,NA,NA,NA,NA,NA,NA,NA,NA,NA,NA,NA,NA,NA,NA,NA,NA,NA,NA,NA,NA,NA,NA,NA,NA,NA,NA,NA,NA,NA,NA,NA,NA,NA,NA,NA,NA
"Ryan Flournoy","WR","DAL",NA,NA,NA,NA,NA,NA,NA,NA,2,10,NA,0,NA,NA,NA,"5083754","ESPN","16778","ESPN","WR",79,50,613,NA,NA,4,NA,NA,NA,NA,NA,NA,NA,NA,NA,NA,NA,NA,NA,NA,NA,NA,NA,NA,NA,NA,NA,NA,NA,NA,NA,NA,NA,NA,NA,NA,NA,NA,NA,NA,NA,NA,NA,NA,NA,NA,NA,NA,NA,NA
"Zachariah Branch","WR","ATL",NA,NA,NA,NA,NA,NA,NA,NA,NA,NA,NA,NA,NA,NA,NA,"4870612","ESPN","17507","ESPN","WR",22,13,173,NA,NA,1,NA,NA,NA,NA,NA,NA,NA,NA,NA,NA,NA,NA,NA,NA,NA,NA,NA,NA,NA,NA,NA,NA,NA,NA,NA,NA,NA,NA,NA,NA,NA,NA,NA,NA,NA,NA,NA,NA,NA,NA,NA,NA,NA,NA
"Omar Cooper Jr.","WR","NYJ",NA,NA,NA,NA,NA,NA,NA,NA,NA,NA,NA,NA,NA,NA,NA,"4723820","ESPN","17502","ESPN","WR",NA,NA,NA,NA,NA,NA,NA,NA,NA,NA,NA,NA,NA,NA,NA,NA,NA,NA,NA,NA,NA,NA,NA,NA,NA,NA,NA,NA,NA,NA,NA,NA,NA,NA,NA,NA,NA,NA,NA,NA,NA,NA,NA,NA,NA,NA,NA,NA,NA,NA
"Kayshon Boutte","WR","HOU",NA,NA,NA,NA,NA,NA,NA,NA,NA,NA,NA,NA,NA,NA,NA,"4429022","ESPN","16193","ESPN","WR",39,24,317,NA,NA,2,NA,NA,NA,NA,NA,NA,NA,NA,NA,NA,NA,NA,NA,NA,NA,NA,NA,NA,NA,NA,NA,NA,NA,NA,NA,NA,NA,NA,NA,NA,NA,NA,NA,NA,NA,NA,NA,NA,NA,NA,NA,NA,NA,NA
"Malik Washington","WR","MIA",NA,NA,NA,NA,NA,NA,NA,NA,11,59,NA,0,NA,NA,NA,"4569603","ESPN","16684","ESPN","WR",90,54,757,NA,NA,2,NA,NA,NA,NA,NA,NA,NA,NA,NA,NA,NA,NA,NA,NA,NA,NA,NA,NA,NA,NA,NA,NA,NA,NA,NA,NA,NA,NA,NA,NA,NA,NA,NA,NA,NA,NA,NA,NA,NA,NA,NA,NA,NA,NA
"Cooper Kupp","WR","SEA",NA,NA,NA,NA,NA,NA,NA,NA,NA,NA,NA,NA,NA,NA,NA,"2977187","ESPN","13164","ESPN","WR",50,33,413,NA,NA,3,NA,NA,NA,NA,NA,NA,NA,NA,NA,NA,NA,NA,NA,NA,NA,NA,NA,NA,NA,NA,NA,NA,NA,NA,NA,NA,NA,NA,NA,NA,NA,NA,NA,NA,NA,NA,NA,NA,NA,NA,NA,NA,NA,NA
"Xavier Legette","WR","CAR",NA,NA,NA,NA,NA,NA,NA,NA,3,17,NA,0,NA,NA,NA,"4430034","ESPN","16639","ESPN","WR",49,28,363,NA,NA,3,NA,NA,NA,NA,NA,NA,NA,NA,NA,NA,NA,NA,NA,NA,NA,NA,NA,NA,NA,NA,NA,NA,NA,NA,NA,NA,NA,NA,NA,NA,NA,NA,NA,NA,NA,NA,NA,NA,NA,NA,NA,NA,NA,NA
"Jahan Dotson","WR","ATL",NA,NA,NA,NA,NA,NA,NA,NA,NA,NA,NA,NA,NA,NA,NA,"4361409","ESPN","15755","ESPN","WR",56,30,422,NA,NA,2,NA,NA,NA,NA,NA,NA,NA,NA,NA,NA,NA,NA,NA,NA,NA,NA,NA,NA,NA,NA,NA,NA,NA,NA,NA,NA,NA,NA,NA,NA,NA,NA,NA,NA,NA,NA,NA,NA,NA,NA,NA,NA,NA,NA
"Xavier Hutchinson","WR","HOU",NA,NA,NA,NA,NA,NA,NA,NA,2,10,NA,0,NA,NA,NA,"4686422","ESPN","16201","ESPN","WR",65,34,517,NA,NA,2,NA,NA,NA,NA,NA,NA,NA,NA,NA,NA,NA,NA,NA,NA,NA,NA,NA,NA,NA,NA,NA,NA,NA,NA,NA,NA,NA,NA,NA,NA,NA,NA,NA,NA,NA,NA,NA,NA,NA,NA,NA,NA,NA,NA
"Jalen Tolbert","WR","MIA",NA,NA,NA,NA,NA,NA,NA,NA,NA,NA,NA,NA,NA,NA,NA,"4249417","ESPN","15788","ESPN","WR",NA,NA,NA,NA,NA,NA,NA,NA,NA,NA,NA,NA,NA,NA,NA,NA,NA,NA,NA,NA,NA,NA,NA,NA,NA,NA,NA,NA,NA,NA,NA,NA,NA,NA,NA,NA,NA,NA,NA,NA,NA,NA,NA,NA,NA,NA,NA,NA,NA,NA
"Chris Bell","WR","MIA",NA,NA,NA,NA,NA,NA,NA,NA,NA,NA,NA,NA,NA,NA,NA,"4869961","ESPN","17506","ESPN","WR",61,36,514,NA,NA,2,NA,NA,NA,NA,NA,NA,NA,NA,NA,NA,NA,NA,NA,NA,NA,NA,NA,NA,NA,NA,NA,NA,NA,NA,NA,NA,NA,NA,NA,NA,NA,NA,NA,NA,NA,NA,NA,NA,NA,NA,NA,NA,NA,NA
"DeMario Douglas","WR","NE",NA,NA,NA,NA,NA,NA,NA,NA,4,18,NA,0,NA,NA,NA,"4427095","ESPN","16342","ESPN","WR",47,33,427,NA,NA,2,NA,NA,NA,NA,NA,NA,NA,NA,NA,NA,NA,NA,NA,NA,NA,NA,NA,NA,NA,NA,NA,NA,NA,NA,NA,NA,NA,NA,NA,NA,NA,NA,NA,NA,NA,NA,NA,NA,NA,NA,NA,NA,NA,NA
"Antonio Williams","WR","WAS",NA,NA,NA,NA,NA,NA,NA,NA,NA,NA,NA,NA,NA,NA,NA,"5081432","ESPN","17512","ESPN","WR",40,26,342,NA,NA,2,NA,NA,NA,NA,NA,NA,NA,NA,NA,NA,NA,NA,NA,NA,NA,NA,NA,NA,NA,NA,NA,NA,NA,NA,NA,NA,NA,NA,NA,NA,NA,NA,NA,NA,NA,NA,NA,NA,NA,NA,NA,NA,NA,NA
"Tyquan Thornton","WR","KCC",NA,NA,NA,NA,NA,NA,NA,NA,NA,NA,NA,NA,NA,NA,NA,"4362921","ESPN","15787","ESPN","WR",39,23,335,NA,NA,3,NA,NA,NA,NA,NA,NA,NA,NA,NA,NA,NA,NA,NA,NA,NA,NA,NA,NA,NA,NA,NA,NA,NA,NA,NA,NA,NA,NA,NA,NA,NA,NA,NA,NA,NA,NA,NA,NA,NA,NA,NA,NA,NA,NA
"Keon Coleman","WR","BUF",NA,NA,NA,NA,NA,NA,NA,NA,NA,NA,NA,NA,NA,NA,NA,"4635008","ESPN","16617","ESPN","WR",45,27,392,NA,NA,3,NA,NA,NA,NA,NA,NA,NA,NA,NA,NA,NA,NA,NA,NA,NA,NA,NA,NA,NA,NA,NA,NA,NA,NA,NA,NA,NA,NA,NA,NA,NA,NA,NA,NA,NA,NA,NA,NA,NA,NA,NA,NA,NA,NA
"Isaac TeSlaa","WR","DET",NA,NA,NA,NA,NA,NA,NA,NA,NA,NA,NA,NA,NA,NA,NA,"5123663","ESPN","17157","ESPN","WR",45,28,395,NA,NA,4,NA,NA,NA,NA,NA,NA,NA,NA,NA,NA,NA,NA,NA,NA,NA,NA,NA,NA,NA,NA,NA,NA,NA,NA,NA,NA,NA,NA,NA,NA,NA,NA,NA,NA,NA,NA,NA,NA,NA,NA,NA,NA,NA,NA
"Pat Bryant","WR","DEN",NA,NA,NA,NA,NA,NA,NA,NA,2,10,NA,0,NA,NA,NA,"4600981","ESPN","17082","ESPN","WR",45,29,340,NA,NA,2,NA,NA,NA,NA,NA,NA,NA,NA,NA,NA,NA,NA,NA,NA,NA,NA,NA,NA,NA,NA,NA,NA,NA,NA,NA,NA,NA,NA,NA,NA,NA,NA,NA,NA,NA,NA,NA,NA,NA,NA,NA,NA,NA,NA
"Marvin Mims Jr.","WR","DEN",NA,NA,NA,NA,NA,NA,NA,NA,5,26,NA,0,NA,NA,NA,"4686472","ESPN","16189","ESPN","WR",18,13,153,NA,NA,1,NA,NA,NA,NA,NA,NA,NA,NA,NA,NA,NA,NA,NA,NA,NA,NA,NA,NA,NA,NA,NA,NA,NA,NA,NA,NA,NA,NA,NA,NA,NA,NA,NA,NA,NA,NA,NA,NA,NA,NA,NA,NA,NA,NA
"Andrei Iosivas","WR","CIN",NA,NA,NA,NA,NA,NA,NA,NA,1,7,NA,0,NA,NA,NA,"4368003","ESPN","16207","ESPN","WR",27,16,172,NA,NA,2,NA,NA,NA,NA,NA,NA,NA,NA,NA,NA,NA,NA,NA,NA,NA,NA,NA,NA,NA,NA,NA,NA,NA,NA,NA,NA,NA,NA,NA,NA,NA,NA,NA,NA,NA,NA,NA,NA,NA,NA,NA,NA,NA,NA
"Kevin Coleman Jr.","WR","MIA",NA,NA,NA,NA,NA,NA,NA,NA,NA,NA,NA,NA,NA,NA,NA,"4685307","ESPN","17528","ESPN","WR",29,16,224,NA,NA,0,NA,NA,NA,NA,NA,NA,NA,NA,NA,NA,NA,NA,NA,NA,NA,NA,NA,NA,NA,NA,NA,NA,NA,NA,NA,NA,NA,NA,NA,NA,NA,NA,NA,NA,NA,NA,NA,NA,NA,NA,NA,NA,NA,NA
"KaVontae Turpin","WR","DAL",NA,NA,NA,NA,NA,NA,NA,NA,14,85,NA,1,NA,NA,NA,"3676833","ESPN","15981","ESPN","WR",9,6,76,NA,NA,1,NA,NA,NA,NA,NA,NA,NA,NA,NA,NA,NA,NA,NA,NA,NA,NA,NA,NA,NA,NA,NA,NA,NA,NA,NA,NA,NA,NA,NA,NA,NA,NA,NA,NA,NA,NA,NA,NA,NA,NA,NA,NA,NA,NA
"Jack Bech","WR","LV",NA,NA,NA,NA,NA,NA,NA,NA,NA,NA,NA,NA,NA,NA,NA,"4603186","ESPN","17078","ESPN","WR",28,18,212,NA,NA,1,NA,NA,NA,NA,NA,NA,NA,NA,NA,NA,NA,NA,NA,NA,NA,NA,NA,NA,NA,NA,NA,NA,NA,NA,NA,NA,NA,NA,NA,NA,NA,NA,NA,NA,NA,NA,NA,NA,NA,NA,NA,NA,NA,NA
"Tory Horton","WR","SEA",NA,NA,NA,NA,NA,NA,NA,NA,NA,NA,NA,NA,NA,NA,NA,"4597703","ESPN","17098","ESPN","WR",17,10,138,NA,NA,1,NA,NA,NA,NA,NA,NA,NA,NA,NA,NA,NA,NA,NA,NA,NA,NA,NA,NA,NA,NA,NA,NA,NA,NA,NA,NA,NA,NA,NA,NA,NA,NA,NA,NA,NA,NA,NA,NA,NA,NA,NA,NA,NA,NA
"Ted Hurst III","WR","TB",NA,NA,NA,NA,NA,NA,NA,NA,NA,NA,NA,NA,NA,NA,NA,"5220680","ESPN","17520","ESPN","WR",50,30,400,NA,NA,2,NA,NA,NA,NA,NA,NA,NA,NA,NA,NA,NA,NA,NA,NA,NA,NA,NA,NA,NA,NA,NA,NA,NA,NA,NA,NA,NA,NA,NA,NA,NA,NA,NA,NA,NA,NA,NA,NA,NA,NA,NA,NA,NA,NA
"Darnell Mooney","WR","NYG",NA,NA,NA,NA,NA,NA,NA,NA,4,20,NA,0,NA,NA,NA,"4040655","ESPN","14974","ESPN","WR",51,27,414,NA,NA,2,NA,NA,NA,NA,NA,NA,NA,NA,NA,NA,NA,NA,NA,NA,NA,NA,NA,NA,NA,NA,NA,NA,NA,NA,NA,NA,NA,NA,NA,NA,NA,NA,NA,NA,NA,NA,NA,NA,NA,NA,NA,NA,NA,NA
"Mack Hollins","WR","NE",NA,NA,NA,NA,NA,NA,NA,NA,NA,NA,NA,NA,NA,NA,NA,"2991662","ESPN","13289","ESPN","WR",46,33,396,NA,NA,2,NA,NA,NA,NA,NA,NA,NA,NA,NA,NA,NA,NA,NA,NA,NA,NA,NA,NA,NA,NA,NA,NA,NA,NA,NA,NA,NA,NA,NA,NA,NA,NA,NA,NA,NA,NA,NA,NA,NA,NA,NA,NA,NA,NA
"Cyrus Allen","WR","KCC",NA,NA,NA,NA,NA,NA,NA,NA,NA,NA,NA,NA,NA,NA,NA,"4912218","ESPN","17518","ESPN","WR",NA,NA,NA,NA,NA,NA,NA,NA,NA,NA,NA,NA,NA,NA,NA,NA,NA,NA,NA,NA,NA,NA,NA,NA,NA,NA,NA,NA,NA,NA,NA,NA,NA,NA,NA,NA,NA,NA,NA,NA,NA,NA,NA,NA,NA,NA,NA,NA,NA,NA
"Odell Beckham Jr.","WR","NYG",NA,NA,NA,NA,NA,NA,NA,NA,NA,NA,NA,NA,NA,NA,NA,"16733","ESPN","11679","ESPN","WR",9,4,63,NA,NA,0,NA,NA,NA,NA,NA,NA,NA,NA,NA,NA,NA,NA,NA,NA,NA,NA,NA,NA,NA,NA,NA,NA,NA,NA,NA,NA,NA,NA,NA,NA,NA,NA,NA,NA,NA,NA,NA,NA,NA,NA,NA,NA,NA,NA
"Malik Benson","WR","LV",NA,NA,NA,NA,NA,NA,NA,NA,2,9,NA,0,NA,NA,NA,"5150247","ESPN","17706","ESPN","WR",17,10,135,NA,NA,1,NA,NA,NA,NA,NA,NA,NA,NA,NA,NA,NA,NA,NA,NA,NA,NA,NA,NA,NA,NA,NA,NA,NA,NA,NA,NA,NA,NA,NA,NA,NA,NA,NA,NA,NA,NA,NA,NA,NA,NA,NA,NA,NA,NA
"Kyle Williams","WR","NE",NA,NA,NA,NA,NA,NA,NA,NA,4,19,NA,0,NA,NA,NA,"4613202","ESPN","17134","ESPN","WR",25,15,229,NA,NA,1,NA,NA,NA,NA,NA,NA,NA,NA,NA,NA,NA,NA,NA,NA,NA,NA,NA,NA,NA,NA,NA,NA,NA,NA,NA,NA,NA,NA,NA,NA,NA,NA,NA,NA,NA,NA,NA,NA,NA,NA,NA,NA,NA,NA
"Troy Franklin","WR","DEN",NA,NA,NA,NA,NA,NA,NA,NA,2,9,NA,0,NA,NA,NA,"4431280","ESPN","16619","ESPN","WR",23,13,191,NA,NA,1,NA,NA,NA,NA,NA,NA,NA,NA,NA,NA,NA,NA,NA,NA,NA,NA,NA,NA,NA,NA,NA,NA,NA,NA,NA,NA,NA,NA,NA,NA,NA,NA,NA,NA,NA,NA,NA,NA,NA,NA,NA,NA,NA,NA
"Joshua Palmer","WR","BUF",NA,NA,NA,NA,NA,NA,NA,NA,NA,NA,NA,NA,NA,NA,NA,"4242433","ESPN","15319","ESPN","WR",20,12,171,NA,NA,1,NA,NA,NA,NA,NA,NA,NA,NA,NA,NA,NA,NA,NA,NA,NA,NA,NA,NA,NA,NA,NA,NA,NA,NA,NA,NA,NA,NA,NA,NA,NA,NA,NA,NA,NA,NA,NA,NA,NA,NA,NA,NA,NA,NA
"Kendrick Bourne","WR","ARI",NA,NA,NA,NA,NA,NA,NA,NA,NA,NA,NA,NA,NA,NA,NA,"3045523","ESPN","13418","ESPN","WR",47,33,336,NA,NA,2,NA,NA,NA,NA,NA,NA,NA,NA,NA,NA,NA,NA,NA,NA,NA,NA,NA,NA,NA,NA,NA,NA,NA,NA,NA,NA,NA,NA,NA,NA,NA,NA,NA,NA,NA,NA,NA,NA,NA,NA,NA,NA,NA,NA
"Kalif Raymond","WR","CHI",NA,NA,NA,NA,NA,NA,NA,NA,4,22,NA,0,NA,NA,NA,"2973405","ESPN","13066","ESPN","WR",58,45,453,NA,NA,2,NA,NA,NA,NA,NA,NA,NA,NA,NA,NA,NA,NA,NA,NA,NA,NA,NA,NA,NA,NA,NA,NA,NA,NA,NA,NA,NA,NA,NA,NA,NA,NA,NA,NA,NA,NA,NA,NA,NA,NA,NA,NA,NA,NA
"Dyami Brown","WR","WAS",NA,NA,NA,NA,NA,NA,NA,NA,NA,NA,NA,NA,NA,NA,NA,"4361577","ESPN","15292","ESPN","WR",16,10,134,NA,NA,1,NA,NA,NA,NA,NA,NA,NA,NA,NA,NA,NA,NA,NA,NA,NA,NA,NA,NA,NA,NA,NA,NA,NA,NA,NA,NA,NA,NA,NA,NA,NA,NA,NA,NA,NA,NA,NA,NA,NA,NA,NA,NA,NA,NA
"Treylon Burks","WR","WAS",NA,NA,NA,NA,NA,NA,NA,NA,NA,NA,NA,NA,NA,NA,NA,"4567156","ESPN","15752","ESPN","WR",32,20,273,NA,NA,2,NA,NA,NA,NA,NA,NA,NA,NA,NA,NA,NA,NA,NA,NA,NA,NA,NA,NA,NA,NA,NA,NA,NA,NA,NA,NA,NA,NA,NA,NA,NA,NA,NA,NA,NA,NA,NA,NA,NA,NA,NA,NA,NA,NA
"Devontez Walker","WR","BAL",NA,NA,NA,NA,NA,NA,NA,NA,NA,NA,NA,NA,NA,NA,NA,"4696882","ESPN","16621","ESPN","WR",15,9,142,NA,NA,1,NA,NA,NA,NA,NA,NA,NA,NA,NA,NA,NA,NA,NA,NA,NA,NA,NA,NA,NA,NA,NA,NA,NA,NA,NA,NA,NA,NA,NA,NA,NA,NA,NA,NA,NA,NA,NA,NA,NA,NA,NA,NA,NA,NA
"Bryce Lance","WR","NO",NA,NA,NA,NA,NA,NA,NA,NA,NA,NA,NA,NA,NA,NA,NA,"4879276","ESPN","17519","ESPN","WR",19,11,149,NA,NA,1,NA,NA,NA,NA,NA,NA,NA,NA,NA,NA,NA,NA,NA,NA,NA,NA,NA,NA,NA,NA,NA,NA,NA,NA,NA,NA,NA,NA,NA,NA,NA,NA,NA,NA,NA,NA,NA,NA,NA,NA,NA,NA,NA,NA
"Savion Williams","WR","GB",NA,NA,NA,NA,NA,NA,NA,NA,NA,NA,NA,NA,NA,NA,NA,"4431487","ESPN","17096","ESPN","WR",11,7,67,NA,NA,1,NA,NA,NA,NA,NA,NA,NA,NA,NA,NA,NA,NA,NA,NA,NA,NA,NA,NA,NA,NA,NA,NA,NA,NA,NA,NA,NA,NA,NA,NA,NA,NA,NA,NA,NA,NA,NA,NA,NA,NA,NA,NA,NA,NA
"Chimere Dike","WR","TEN",NA,NA,NA,NA,NA,NA,NA,NA,4,18,NA,0,NA,NA,NA,"4431268","ESPN","17171","ESPN","WR",8,6,59,NA,NA,0,NA,NA,NA,NA,NA,NA,NA,NA,NA,NA,NA,NA,NA,NA,NA,NA,NA,NA,NA,NA,NA,NA,NA,NA,NA,NA,NA,NA,NA,NA,NA,NA,NA,NA,NA,NA,NA,NA,NA,NA,NA,NA,NA,NA
"Zavion Thomas","WR","CHI",NA,NA,NA,NA,NA,NA,NA,NA,NA,NA,NA,NA,NA,NA,NA,"4869748","ESPN","17521","ESPN","WR",NA,NA,NA,NA,NA,NA,NA,NA,NA,NA,NA,NA,NA,NA,NA,NA,NA,NA,NA,NA,NA,NA,NA,NA,NA,NA,NA,NA,NA,NA,NA,NA,NA,NA,NA,NA,NA,NA,NA,NA,NA,NA,NA,NA,NA,NA,NA,NA,NA,NA
"Isaiah Bond","WR","CLE",NA,NA,NA,NA,NA,NA,NA,NA,NA,NA,NA,NA,NA,NA,NA,"4808839","ESPN","17076","ESPN","WR",2,1,15,NA,NA,0,NA,NA,NA,NA,NA,NA,NA,NA,NA,NA,NA,NA,NA,NA,NA,NA,NA,NA,NA,NA,NA,NA,NA,NA,NA,NA,NA,NA,NA,NA,NA,NA,NA,NA,NA,NA,NA,NA,NA,NA,NA,NA,NA,NA
"Hollywood Brown","WR","PHI",NA,NA,NA,NA,NA,NA,NA,NA,4,21,NA,0,NA,NA,NA,"4241372","ESPN","14105","ESPN","WR",4,2,30,NA,NA,0,NA,NA,NA,NA,NA,NA,NA,NA,NA,NA,NA,NA,NA,NA,NA,NA,NA,NA,NA,NA,NA,NA,NA,NA,NA,NA,NA,NA,NA,NA,NA,NA,NA,NA,NA,NA,NA,NA,NA,NA,NA,NA,NA,NA
"Skyler Bell","WR","BUF",NA,NA,NA,NA,NA,NA,NA,NA,NA,NA,NA,NA,NA,NA,NA,"4683153","ESPN","17508","ESPN","WR",NA,NA,NA,NA,NA,NA,NA,NA,NA,NA,NA,NA,NA,NA,NA,NA,NA,NA,NA,NA,NA,NA,NA,NA,NA,NA,NA,NA,NA,NA,NA,NA,NA,NA,NA,NA,NA,NA,NA,NA,NA,NA,NA,NA,NA,NA,NA,NA,NA,NA
"Olamide Zaccheaus","WR","ATL",NA,NA,NA,NA,NA,NA,NA,NA,NA,NA,NA,NA,NA,NA,NA,"3917914","ESPN","14592","ESPN","WR",35,22,238,NA,NA,1,NA,NA,NA,NA,NA,NA,NA,NA,NA,NA,NA,NA,NA,NA,NA,NA,NA,NA,NA,NA,NA,NA,NA,NA,NA,NA,NA,NA,NA,NA,NA,NA,NA,NA,NA,NA,NA,NA,NA,NA,NA,NA,NA,NA
"Ashton Dulin","WR","IND",NA,NA,NA,NA,NA,NA,NA,NA,4,22,NA,0,NA,NA,NA,"4061956","ESPN","14315","ESPN","WR",8,5,64,NA,NA,0,NA,NA,NA,NA,NA,NA,NA,NA,NA,NA,NA,NA,NA,NA,NA,NA,NA,NA,NA,NA,NA,NA,NA,NA,NA,NA,NA,NA,NA,NA,NA,NA,NA,NA,NA,NA,NA,NA,NA,NA,NA,NA,NA,NA
"Isaiah Williams","WR","NYJ",NA,NA,NA,NA,NA,NA,NA,NA,2,10,NA,0,NA,NA,NA,"4569371","ESPN","16630","ESPN","WR",39,29,301,NA,NA,1,NA,NA,NA,NA,NA,NA,NA,NA,NA,NA,NA,NA,NA,NA,NA,NA,NA,NA,NA,NA,NA,NA,NA,NA,NA,NA,NA,NA,NA,NA,NA,NA,NA,NA,NA,NA,NA,NA,NA,NA,NA,NA,NA,NA
"Tutu Atwell","WR","LAR",NA,NA,NA,NA,NA,NA,NA,NA,NA,NA,NA,NA,NA,NA,NA,"4360797","ESPN","15301","ESPN","WR",NA,NA,NA,NA,NA,NA,NA,NA,NA,NA,NA,NA,NA,NA,NA,NA,NA,NA,NA,NA,NA,NA,NA,NA,NA,NA,NA,NA,NA,NA,NA,NA,NA,NA,NA,NA,NA,NA,NA,NA,NA,NA,NA,NA,NA,NA,NA,NA,NA,NA
"Colbie Young","WR","CIN",NA,NA,NA,NA,NA,NA,NA,NA,NA,NA,NA,NA,NA,NA,NA,"5092508","ESPN","17542","ESPN","WR",7,4,53,NA,NA,0,NA,NA,NA,NA,NA,NA,NA,NA,NA,NA,NA,NA,NA,NA,NA,NA,NA,NA,NA,NA,NA,NA,NA,NA,NA,NA,NA,NA,NA,NA,NA,NA,NA,NA,NA,NA,NA,NA,NA,NA,NA,NA,NA,NA
"Roman Wilson","WR","PIT",NA,NA,NA,NA,NA,NA,NA,NA,NA,NA,NA,NA,NA,NA,NA,"4431492","ESPN","16629","ESPN","WR",75,44,543,NA,NA,3,NA,NA,NA,NA,NA,NA,NA,NA,NA,NA,NA,NA,NA,NA,NA,NA,NA,NA,NA,NA,NA,NA,NA,NA,NA,NA,NA,NA,NA,NA,NA,NA,NA,NA,NA,NA,NA,NA,NA,NA,NA,NA,NA,NA
"Jaylin Lane","WR","WAS",NA,NA,NA,NA,NA,NA,NA,NA,NA,NA,NA,NA,NA,NA,NA,"4602667","ESPN","17184","ESPN","WR",4,3,31,NA,NA,0,NA,NA,NA,NA,NA,NA,NA,NA,NA,NA,NA,NA,NA,NA,NA,NA,NA,NA,NA,NA,NA,NA,NA,NA,NA,NA,NA,NA,NA,NA,NA,NA,NA,NA,NA,NA,NA,NA,NA,NA,NA,NA,NA,NA
"Brenen Thompson","WR","LAC",NA,NA,NA,NA,NA,NA,NA,NA,NA,NA,NA,NA,NA,NA,NA,"4685553","ESPN","17529","ESPN","WR",17,10,126,NA,NA,0,NA,NA,NA,NA,NA,NA,NA,NA,NA,NA,NA,NA,NA,NA,NA,NA,NA,NA,NA,NA,NA,NA,NA,NA,NA,NA,NA,NA,NA,NA,NA,NA,NA,NA,NA,NA,NA,NA,NA,NA,NA,NA,NA,NA
"Elijah Sarratt","WR","BAL",NA,NA,NA,NA,NA,NA,NA,NA,NA,NA,NA,NA,NA,NA,NA,"5088338","ESPN","17505","ESPN","WR",NA,NA,NA,NA,NA,NA,NA,NA,NA,NA,NA,NA,NA,NA,NA,NA,NA,NA,NA,NA,NA,NA,NA,NA,NA,NA,NA,NA,NA,NA,NA,NA,NA,NA,NA,NA,NA,NA,NA,NA,NA,NA,NA,NA,NA,NA,NA,NA,NA,NA
"Elic Ayomanor","WR","TEN",NA,NA,NA,NA,NA,NA,NA,NA,NA,NA,NA,NA,NA,NA,NA,"4883647","ESPN","17073","ESPN","WR",55,29,426,NA,NA,3,NA,NA,NA,NA,NA,NA,NA,NA,NA,NA,NA,NA,NA,NA,NA,NA,NA,NA,NA,NA,NA,NA,NA,NA,NA,NA,NA,NA,NA,NA,NA,NA,NA,NA,NA,NA,NA,NA,NA,NA,NA,NA,NA,NA
"Jordan Whittington","WR","LAR",NA,NA,NA,NA,NA,NA,NA,NA,4,19,NA,0,NA,NA,NA,"4569382","ESPN","16633","ESPN","WR",14,10,104,NA,NA,1,NA,NA,NA,NA,NA,NA,NA,NA,NA,NA,NA,NA,NA,NA,NA,NA,NA,NA,NA,NA,NA,NA,NA,NA,NA,NA,NA,NA,NA,NA,NA,NA,NA,NA,NA,NA,NA,NA,NA,NA,NA,NA,NA,NA
"Tez Johnson","WR","TB",NA,NA,NA,NA,NA,NA,NA,NA,4,19,NA,0,NA,NA,NA,"4608810","ESPN","17079","ESPN","WR",17,10,128,NA,NA,1,NA,NA,NA,NA,NA,NA,NA,NA,NA,NA,NA,NA,NA,NA,NA,NA,NA,NA,NA,NA,NA,NA,NA,NA,NA,NA,NA,NA,NA,NA,NA,NA,NA,NA,NA,NA,NA,NA,NA,NA,NA,NA,NA,NA
"Jimmy Horn Jr.","WR","FA",NA,NA,NA,NA,NA,NA,NA,NA,NA,NA,NA,NA,NA,NA,NA,"4708486","ESPN","17234","ESPN","WR",NA,NA,NA,NA,NA,NA,NA,NA,NA,NA,NA,NA,NA,NA,NA,NA,NA,NA,NA,NA,NA,NA,NA,NA,NA,NA,NA,NA,NA,NA,NA,NA,NA,NA,NA,NA,NA,NA,NA,NA,NA,NA,NA,NA,NA,NA,NA,NA,NA,NA
"Barion Brown","WR","NO",NA,NA,NA,NA,NA,NA,NA,NA,4,19,NA,0,NA,NA,NA,"4698597","ESPN","17541","ESPN","WR",NA,NA,NA,NA,NA,NA,NA,NA,NA,NA,NA,NA,NA,NA,NA,NA,NA,NA,NA,NA,NA,NA,NA,NA,NA,NA,NA,NA,NA,NA,NA,NA,NA,NA,NA,NA,NA,NA,NA,NA,NA,NA,NA,NA,NA,NA,NA,NA,NA,NA
"Konata Mumpfield","WR","LAR",NA,NA,NA,NA,NA,NA,NA,NA,NA,NA,NA,NA,NA,NA,NA,"4710855","ESPN","17254","ESPN","WR",19,11,144,NA,NA,1,NA,NA,NA,NA,NA,NA,NA,NA,NA,NA,NA,NA,NA,NA,NA,NA,NA,NA,NA,NA,NA,NA,NA,NA,NA,NA,NA,NA,NA,NA,NA,NA,NA,NA,NA,NA,NA,NA,NA,NA,NA,NA,NA,NA
"Demarcus Robinson","WR","SF",NA,NA,NA,NA,NA,NA,NA,NA,NA,NA,NA,NA,NA,NA,NA,"3043116","ESPN","12785","ESPN","WR",NA,NA,NA,NA,NA,NA,NA,NA,NA,NA,NA,NA,NA,NA,NA,NA,NA,NA,NA,NA,NA,NA,NA,NA,NA,NA,NA,NA,NA,NA,NA,NA,NA,NA,NA,NA,NA,NA,NA,NA,NA,NA,NA,NA,NA,NA,NA,NA,NA,NA
"Luke McCaffrey","WR","WAS",NA,NA,NA,NA,NA,NA,NA,NA,NA,NA,NA,NA,NA,NA,NA,"4426948","ESPN","16635","ESPN","WR",NA,NA,NA,NA,NA,NA,NA,NA,NA,NA,NA,NA,NA,NA,NA,NA,NA,NA,NA,NA,NA,NA,NA,NA,NA,NA,NA,NA,NA,NA,NA,NA,NA,NA,NA,NA,NA,NA,NA,NA,NA,NA,NA,NA,NA,NA,NA,NA,NA,NA
"Jalen Royals","WR","KCC",NA,NA,NA,NA,NA,NA,NA,NA,NA,NA,NA,NA,NA,NA,NA,"5082630","ESPN","17086","ESPN","WR",17,11,128,NA,NA,1,NA,NA,NA,NA,NA,NA,NA,NA,NA,NA,NA,NA,NA,NA,NA,NA,NA,NA,NA,NA,NA,NA,NA,NA,NA,NA,NA,NA,NA,NA,NA,NA,NA,NA,NA,NA,NA,NA,NA,NA,NA,NA,NA,NA
"KeAndre Lambert-Smith","WR","LAC",NA,NA,NA,NA,NA,NA,NA,NA,NA,NA,NA,NA,NA,NA,NA,"4430870","ESPN","17205","ESPN","WR",NA,NA,NA,NA,NA,NA,NA,NA,NA,NA,NA,NA,NA,NA,NA,NA,NA,NA,NA,NA,NA,NA,NA,NA,NA,NA,NA,NA,NA,NA,NA,NA,NA,NA,NA,NA,NA,NA,NA,NA,NA,NA,NA,NA,NA,NA,NA,NA,NA,NA
"Laquon Treadwell","WR","IND",NA,NA,NA,NA,NA,NA,NA,NA,NA,NA,NA,NA,NA,NA,NA,"3051889","ESPN","12645","ESPN","WR",18,12,139,NA,NA,1,NA,NA,NA,NA,NA,NA,NA,NA,NA,NA,NA,NA,NA,NA,NA,NA,NA,NA,NA,NA,NA,NA,NA,NA,NA,NA,NA,NA,NA,NA,NA,NA,NA,NA,NA,NA,NA,NA,NA,NA,NA,NA,NA,NA
"Bo Melton","WR","GB",NA,NA,NA,NA,NA,NA,NA,NA,NA,NA,NA,NA,NA,NA,NA,"4259305","ESPN","15785","ESPN","WR",6,3,37,NA,NA,0,NA,NA,NA,NA,NA,NA,NA,NA,NA,NA,NA,NA,NA,NA,NA,NA,NA,NA,NA,NA,NA,NA,NA,NA,NA,NA,NA,NA,NA,NA,NA,NA,NA,NA,NA,NA,NA,NA,NA,NA,NA,NA,NA,NA
"Malachi Corley","WR","CLE",NA,NA,NA,NA,NA,NA,NA,NA,NA,NA,NA,NA,NA,NA,NA,"4613104","ESPN","16636","ESPN","WR",NA,NA,NA,NA,NA,NA,NA,NA,NA,NA,NA,NA,NA,NA,NA,NA,NA,NA,NA,NA,NA,NA,NA,NA,NA,NA,NA,NA,NA,NA,NA,NA,NA,NA,NA,NA,NA,NA,NA,NA,NA,NA,NA,NA,NA,NA,NA,NA,NA,NA
"Tay Martin","WR","DET",NA,NA,NA,NA,NA,NA,NA,NA,NA,NA,NA,NA,NA,NA,NA,"4245144","ESPN","15771","ESPN","WR",NA,NA,NA,NA,NA,NA,NA,NA,NA,NA,NA,NA,NA,NA,NA,NA,NA,NA,NA,NA,NA,NA,NA,NA,NA,NA,NA,NA,NA,NA,NA,NA,NA,NA,NA,NA,NA,NA,NA,NA,NA,NA,NA,NA,NA,NA,NA,NA,NA,NA
"Derius Davis","WR","LAC",NA,NA,NA,NA,NA,NA,NA,NA,2,9,NA,0,NA,NA,NA,"4362477","ESPN","16299","ESPN","WR",13,8,91,NA,NA,0,NA,NA,NA,NA,NA,NA,NA,NA,NA,NA,NA,NA,NA,NA,NA,NA,NA,NA,NA,NA,NA,NA,NA,NA,NA,NA,NA,NA,NA,NA,NA,NA,NA,NA,NA,NA,NA,NA,NA,NA,NA,NA,NA,NA
"Xavier Smith","WR","LAR",NA,NA,NA,NA,NA,NA,NA,NA,NA,NA,NA,NA,NA,NA,NA,"4386544","ESPN","16428","ESPN","WR",5,3,35,NA,NA,0,NA,NA,NA,NA,NA,NA,NA,NA,NA,NA,NA,NA,NA,NA,NA,NA,NA,NA,NA,NA,NA,NA,NA,NA,NA,NA,NA,NA,NA,NA,NA,NA,NA,NA,NA,NA,NA,NA,NA,NA,NA,NA,NA,NA
"Jacob Cowing","WR","SF",NA,NA,NA,NA,NA,NA,NA,NA,NA,NA,NA,NA,NA,NA,NA,"4575665","ESPN","16640","ESPN","WR",22,13,192,NA,NA,1,NA,NA,NA,NA,NA,NA,NA,NA,NA,NA,NA,NA,NA,NA,NA,NA,NA,NA,NA,NA,NA,NA,NA,NA,NA,NA,NA,NA,NA,NA,NA,NA,NA,NA,NA,NA,NA,NA,NA,NA,NA,NA,NA,NA
"Dohnte Meyers","WR","CIN",NA,NA,NA,NA,NA,NA,NA,NA,2,11,NA,0,NA,NA,NA,"4384852","ESPN","17752","ESPN","WR",20,13,151,NA,NA,1,NA,NA,NA,NA,NA,NA,NA,NA,NA,NA,NA,NA,NA,NA,NA,NA,NA,NA,NA,NA,NA,NA,NA,NA,NA,NA,NA,NA,NA,NA,NA,NA,NA,NA,NA,NA,NA,NA,NA,NA,NA,NA,NA,NA
"Efton Chism III","WR","NE",NA,NA,NA,NA,NA,NA,NA,NA,NA,NA,NA,NA,NA,NA,NA,"4695193","ESPN","17269","ESPN","WR",3,2,28,NA,NA,0,NA,NA,NA,NA,NA,NA,NA,NA,NA,NA,NA,NA,NA,NA,NA,NA,NA,NA,NA,NA,NA,NA,NA,NA,NA,NA,NA,NA,NA,NA,NA,NA,NA,NA,NA,NA,NA,NA,NA,NA,NA,NA,NA,NA
"Tai Felton","WR","MIN",NA,NA,NA,NA,NA,NA,NA,NA,NA,NA,NA,NA,NA,NA,NA,"4565185","ESPN","17097","ESPN","WR",8,5,58,NA,NA,0,NA,NA,NA,NA,NA,NA,NA,NA,NA,NA,NA,NA,NA,NA,NA,NA,NA,NA,NA,NA,NA,NA,NA,NA,NA,NA,NA,NA,NA,NA,NA,NA,NA,NA,NA,NA,NA,NA,NA,NA,NA,NA,NA,NA
"Trey McBride","TE","ARI",NA,NA,NA,NA,NA,NA,NA,NA,NA,NA,NA,NA,NA,NA,NA,"4361307","ESPN","15794","ESPN","TE",136,104,907,NA,NA,8,NA,NA,NA,NA,NA,NA,NA,NA,NA,NA,NA,NA,NA,NA,NA,NA,NA,NA,NA,NA,NA,NA,NA,NA,NA,NA,NA,NA,NA,NA,NA,NA,NA,NA,NA,NA,NA,NA,NA,NA,NA,NA,NA,NA
"Brock Bowers","TE","LV",NA,NA,NA,NA,NA,NA,NA,NA,4,8,NA,0,NA,NA,NA,"4432665","ESPN","16641","ESPN","TE",116,85,878,NA,NA,7,NA,NA,NA,NA,NA,NA,NA,NA,NA,NA,NA,NA,NA,NA,NA,NA,NA,NA,NA,NA,NA,NA,NA,NA,NA,NA,NA,NA,NA,NA,NA,NA,NA,NA,NA,NA,NA,NA,NA,NA,NA,NA,NA,NA
"Colston Loveland","TE","CHI",NA,NA,NA,NA,NA,NA,NA,NA,NA,NA,NA,NA,NA,NA,NA,"4723086","ESPN","17104","ESPN","TE",79,51,604,NA,NA,5,NA,NA,NA,NA,NA,NA,NA,NA,NA,NA,NA,NA,NA,NA,NA,NA,NA,NA,NA,NA,NA,NA,NA,NA,NA,NA,NA,NA,NA,NA,NA,NA,NA,NA,NA,NA,NA,NA,NA,NA,NA,NA,NA,NA
"Tyler Warren","TE","IND",NA,NA,NA,NA,NA,NA,NA,NA,5,19,NA,0,NA,NA,NA,"4431459","ESPN","17102","ESPN","TE",96,74,662,NA,NA,4,NA,NA,NA,NA,NA,NA,NA,NA,NA,NA,NA,NA,NA,NA,NA,NA,NA,NA,NA,NA,NA,NA,NA,NA,NA,NA,NA,NA,NA,NA,NA,NA,NA,NA,NA,NA,NA,NA,NA,NA,NA,NA,NA,NA
"Harold Fannin Jr.","TE","CLE",NA,NA,NA,NA,NA,NA,NA,NA,3,7,NA,0,NA,NA,NA,"5083076","ESPN","17103","ESPN","TE",93,65,670,NA,NA,5,NA,NA,NA,NA,NA,NA,NA,NA,NA,NA,NA,NA,NA,NA,NA,NA,NA,NA,NA,NA,NA,NA,NA,NA,NA,NA,NA,NA,NA,NA,NA,NA,NA,NA,NA,NA,NA,NA,NA,NA,NA,NA,NA,NA
"Kyle Pitts Sr.","TE","ATL",NA,NA,NA,NA,NA,NA,NA,NA,NA,NA,NA,NA,NA,NA,NA,"4360248","ESPN","15329","ESPN","TE",65,41,488,NA,NA,2,NA,NA,NA,NA,NA,NA,NA,NA,NA,NA,NA,NA,NA,NA,NA,NA,NA,NA,NA,NA,NA,NA,NA,NA,NA,NA,NA,NA,NA,NA,NA,NA,NA,NA,NA,NA,NA,NA,NA,NA,NA,NA,NA,NA
"George Kittle","TE","SF",NA,NA,NA,NA,NA,NA,NA,NA,NA,NA,NA,NA,NA,NA,NA,"3040151","ESPN","13299","ESPN","TE",93,70,889,NA,NA,7,NA,NA,NA,NA,NA,NA,NA,NA,NA,NA,NA,NA,NA,NA,NA,NA,NA,NA,NA,NA,NA,NA,NA,NA,NA,NA,NA,NA,NA,NA,NA,NA,NA,NA,NA,NA,NA,NA,NA,NA,NA,NA,NA,NA
"Sam LaPorta","TE","DET",NA,NA,NA,NA,NA,NA,NA,NA,NA,NA,NA,NA,NA,NA,NA,"4430027","ESPN","16214","ESPN","TE",81,62,621,NA,NA,6,NA,NA,NA,NA,NA,NA,NA,NA,NA,NA,NA,NA,NA,NA,NA,NA,NA,NA,NA,NA,NA,NA,NA,NA,NA,NA,NA,NA,NA,NA,NA,NA,NA,NA,NA,NA,NA,NA,NA,NA,NA,NA,NA,NA
"Tucker Kraft","TE","GB",NA,NA,NA,NA,NA,NA,NA,NA,2,3,NA,0,NA,NA,NA,"4572680","ESPN","16222","ESPN","TE",80,54,593,NA,NA,2,NA,NA,NA,NA,NA,NA,NA,NA,NA,NA,NA,NA,NA,NA,NA,NA,NA,NA,NA,NA,NA,NA,NA,NA,NA,NA,NA,NA,NA,NA,NA,NA,NA,NA,NA,NA,NA,NA,NA,NA,NA,NA,NA,NA
"Travis Kelce","TE","KCC",NA,NA,NA,NA,NA,NA,NA,NA,NA,NA,NA,NA,NA,NA,NA,"15847","ESPN","11244","ESPN","TE",86,63,737,NA,NA,5,NA,NA,NA,NA,NA,NA,NA,NA,NA,NA,NA,NA,NA,NA,NA,NA,NA,NA,NA,NA,NA,NA,NA,NA,NA,NA,NA,NA,NA,NA,NA,NA,NA,NA,NA,NA,NA,NA,NA,NA,NA,NA,NA,NA
"Dallas Goedert","TE","PHI",NA,NA,NA,NA,NA,NA,NA,NA,NA,NA,NA,NA,NA,NA,NA,"3121023","ESPN","13674","ESPN","TE",73,57,609,NA,NA,4,NA,NA,NA,NA,NA,NA,NA,NA,NA,NA,NA,NA,NA,NA,NA,NA,NA,NA,NA,NA,NA,NA,NA,NA,NA,NA,NA,NA,NA,NA,NA,NA,NA,NA,NA,NA,NA,NA,NA,NA,NA,NA,NA,NA
"Jake Ferguson","TE","DAL",NA,NA,NA,NA,NA,NA,NA,NA,NA,NA,NA,NA,NA,NA,NA,"4242355","ESPN","15799","ESPN","TE",65,49,410,NA,NA,5,NA,NA,NA,NA,NA,NA,NA,NA,NA,NA,NA,NA,NA,NA,NA,NA,NA,NA,NA,NA,NA,NA,NA,NA,NA,NA,NA,NA,NA,NA,NA,NA,NA,NA,NA,NA,NA,NA,NA,NA,NA,NA,NA,NA
"Isaiah Likely","TE","NYG",NA,NA,NA,NA,NA,NA,NA,NA,NA,NA,NA,NA,NA,NA,NA,"4361050","ESPN","15798","ESPN","TE",94,63,680,NA,NA,5,NA,NA,NA,NA,NA,NA,NA,NA,NA,NA,NA,NA,NA,NA,NA,NA,NA,NA,NA,NA,NA,NA,NA,NA,NA,NA,NA,NA,NA,NA,NA,NA,NA,NA,NA,NA,NA,NA,NA,NA,NA,NA,NA,NA
"Mark Andrews","TE","BAL",NA,NA,NA,NA,NA,NA,NA,NA,NA,NA,NA,NA,NA,NA,NA,"3116365","ESPN","13671","ESPN","TE",74,55,573,NA,NA,5,NA,NA,NA,NA,NA,NA,NA,NA,NA,NA,NA,NA,NA,NA,NA,NA,NA,NA,NA,NA,NA,NA,NA,NA,NA,NA,NA,NA,NA,NA,NA,NA,NA,NA,NA,NA,NA,NA,NA,NA,NA,NA,NA,NA
"Dalton Kincaid","TE","BUF",NA,NA,NA,NA,NA,NA,NA,NA,NA,NA,NA,NA,NA,NA,NA,"4385690","ESPN","16213","ESPN","TE",81,59,721,NA,NA,4,NA,NA,NA,NA,NA,NA,NA,NA,NA,NA,NA,NA,NA,NA,NA,NA,NA,NA,NA,NA,NA,NA,NA,NA,NA,NA,NA,NA,NA,NA,NA,NA,NA,NA,NA,NA,NA,NA,NA,NA,NA,NA,NA,NA
"Juwan Johnson","TE","NO",NA,NA,NA,NA,NA,NA,NA,NA,NA,NA,NA,NA,NA,NA,NA,"3929645","ESPN","14861","ESPN","TE",73,55,574,NA,NA,5,NA,NA,NA,NA,NA,NA,NA,NA,NA,NA,NA,NA,NA,NA,NA,NA,NA,NA,NA,NA,NA,NA,NA,NA,NA,NA,NA,NA,NA,NA,NA,NA,NA,NA,NA,NA,NA,NA,NA,NA,NA,NA,NA,NA
"Hunter Henry","TE","NE",NA,NA,NA,NA,NA,NA,NA,NA,NA,NA,NA,NA,NA,NA,NA,"3046439","ESPN","12676","ESPN","TE",65,47,517,NA,NA,4,NA,NA,NA,NA,NA,NA,NA,NA,NA,NA,NA,NA,NA,NA,NA,NA,NA,NA,NA,NA,NA,NA,NA,NA,NA,NA,NA,NA,NA,NA,NA,NA,NA,NA,NA,NA,NA,NA,NA,NA,NA,NA,NA,NA
"T.J. Hockenson","TE","MIN",NA,NA,NA,NA,NA,NA,NA,NA,NA,NA,NA,NA,NA,NA,NA,"4036133","ESPN","14138","ESPN","TE",66,51,450,NA,NA,2,NA,NA,NA,NA,NA,NA,NA,NA,NA,NA,NA,NA,NA,NA,NA,NA,NA,NA,NA,NA,NA,NA,NA,NA,NA,NA,NA,NA,NA,NA,NA,NA,NA,NA,NA,NA,NA,NA,NA,NA,NA,NA,NA,NA
"Terrance Ferguson","TE","LAR",NA,NA,NA,NA,NA,NA,NA,NA,NA,NA,NA,NA,NA,NA,NA,"4570037","ESPN","17107","ESPN","TE",61,39,444,NA,NA,4,NA,NA,NA,NA,NA,NA,NA,NA,NA,NA,NA,NA,NA,NA,NA,NA,NA,NA,NA,NA,NA,NA,NA,NA,NA,NA,NA,NA,NA,NA,NA,NA,NA,NA,NA,NA,NA,NA,NA,NA,NA,NA,NA,NA
"Kenyon Sadiq","TE","NYJ",NA,NA,NA,NA,NA,NA,NA,NA,2,5,NA,0,NA,NA,NA,"5083315","ESPN","17543","ESPN","TE",69,56,539,NA,NA,3,NA,NA,NA,NA,NA,NA,NA,NA,NA,NA,NA,NA,NA,NA,NA,NA,NA,NA,NA,NA,NA,NA,NA,NA,NA,NA,NA,NA,NA,NA,NA,NA,NA,NA,NA,NA,NA,NA,NA,NA,NA,NA,NA,NA
"Brenton Strange","TE","JAC",NA,NA,NA,NA,NA,NA,NA,NA,NA,NA,NA,NA,NA,NA,NA,"4430539","ESPN","16269","ESPN","TE",61,43,465,NA,NA,4,NA,NA,NA,NA,NA,NA,NA,NA,NA,NA,NA,NA,NA,NA,NA,NA,NA,NA,NA,NA,NA,NA,NA,NA,NA,NA,NA,NA,NA,NA,NA,NA,NA,NA,NA,NA,NA,NA,NA,NA,NA,NA,NA,NA
"Pat Freiermuth","TE","PIT",NA,NA,NA,NA,NA,NA,NA,NA,3,9,NA,0,NA,NA,NA,"4361411","ESPN","15331","ESPN","TE",65,48,466,NA,NA,3,NA,NA,NA,NA,NA,NA,NA,NA,NA,NA,NA,NA,NA,NA,NA,NA,NA,NA,NA,NA,NA,NA,NA,NA,NA,NA,NA,NA,NA,NA,NA,NA,NA,NA,NA,NA,NA,NA,NA,NA,NA,NA,NA,NA
"Dalton Schultz","TE","HOU",NA,NA,NA,NA,NA,NA,NA,NA,NA,NA,NA,NA,NA,NA,NA,"3117256","ESPN","13772","ESPN","TE",74,55,532,NA,NA,2,NA,NA,NA,NA,NA,NA,NA,NA,NA,NA,NA,NA,NA,NA,NA,NA,NA,NA,NA,NA,NA,NA,NA,NA,NA,NA,NA,NA,NA,NA,NA,NA,NA,NA,NA,NA,NA,NA,NA,NA,NA,NA,NA,NA
"Gunnar Helm","TE","TEN",NA,NA,NA,NA,NA,NA,NA,NA,NA,NA,NA,NA,NA,NA,NA,"4686728","ESPN","17105","ESPN","TE",59,44,401,NA,NA,3,NA,NA,NA,NA,NA,NA,NA,NA,NA,NA,NA,NA,NA,NA,NA,NA,NA,NA,NA,NA,NA,NA,NA,NA,NA,NA,NA,NA,NA,NA,NA,NA,NA,NA,NA,NA,NA,NA,NA,NA,NA,NA,NA,NA
"Chig Okonkwo","TE","WAS",NA,NA,NA,NA,NA,NA,NA,NA,NA,NA,NA,NA,NA,NA,NA,"4360635","ESPN","15889","ESPN","TE",52,38,398,NA,NA,2,NA,NA,NA,NA,NA,NA,NA,NA,NA,NA,NA,NA,NA,NA,NA,NA,NA,NA,NA,NA,NA,NA,NA,NA,NA,NA,NA,NA,NA,NA,NA,NA,NA,NA,NA,NA,NA,NA,NA,NA,NA,NA,NA,NA
"AJ Barner","TE","SEA",NA,NA,NA,NA,NA,NA,NA,NA,4,13,NA,0,NA,NA,NA,"4576297","ESPN","16723","ESPN","TE",58,42,441,NA,NA,4,NA,NA,NA,NA,NA,NA,NA,NA,NA,NA,NA,NA,NA,NA,NA,NA,NA,NA,NA,NA,NA,NA,NA,NA,NA,NA,NA,NA,NA,NA,NA,NA,NA,NA,NA,NA,NA,NA,NA,NA,NA,NA,NA,NA
"Greg Dulcich","TE","MIA",NA,NA,NA,NA,NA,NA,NA,NA,NA,NA,NA,NA,NA,NA,NA,"4367209","ESPN","15797","ESPN","TE",61,42,438,NA,NA,2,NA,NA,NA,NA,NA,NA,NA,NA,NA,NA,NA,NA,NA,NA,NA,NA,NA,NA,NA,NA,NA,NA,NA,NA,NA,NA,NA,NA,NA,NA,NA,NA,NA,NA,NA,NA,NA,NA,NA,NA,NA,NA,NA,NA
"Darren Waller","TE","CAR",NA,NA,NA,NA,NA,NA,NA,NA,NA,NA,NA,NA,NA,NA,NA,"2576925","ESPN","12263","ESPN","TE",49,36,361,NA,NA,3,NA,NA,NA,NA,NA,NA,NA,NA,NA,NA,NA,NA,NA,NA,NA,NA,NA,NA,NA,NA,NA,NA,NA,NA,NA,NA,NA,NA,NA,NA,NA,NA,NA,NA,NA,NA,NA,NA,NA,NA,NA,NA,NA,NA
"Cade Otton","TE","TB",NA,NA,NA,NA,NA,NA,NA,NA,NA,NA,NA,NA,NA,NA,NA,"4243331","ESPN","15802","ESPN","TE",71,48,539,NA,NA,2,NA,NA,NA,NA,NA,NA,NA,NA,NA,NA,NA,NA,NA,NA,NA,NA,NA,NA,NA,NA,NA,NA,NA,NA,NA,NA,NA,NA,NA,NA,NA,NA,NA,NA,NA,NA,NA,NA,NA,NA,NA,NA,NA,NA
"Evan Engram","TE","DEN",NA,NA,NA,NA,NA,NA,NA,NA,NA,NA,NA,NA,NA,NA,NA,"3051876","ESPN","13189","ESPN","TE",50,37,317,NA,NA,1,NA,NA,NA,NA,NA,NA,NA,NA,NA,NA,NA,NA,NA,NA,NA,NA,NA,NA,NA,NA,NA,NA,NA,NA,NA,NA,NA,NA,NA,NA,NA,NA,NA,NA,NA,NA,NA,NA,NA,NA,NA,NA,NA,NA
"David Njoku","TE","LAC",NA,NA,NA,NA,NA,NA,NA,NA,NA,NA,NA,NA,NA,NA,NA,"3123076","ESPN","13192","ESPN","TE",NA,NA,NA,NA,NA,NA,NA,NA,NA,NA,NA,NA,NA,NA,NA,NA,NA,NA,NA,NA,NA,NA,NA,NA,NA,NA,NA,NA,NA,NA,NA,NA,NA,NA,NA,NA,NA,NA,NA,NA,NA,NA,NA,NA,NA,NA,NA,NA,NA,NA
"Oronde Gadsden","TE","LAC",NA,NA,NA,NA,NA,NA,NA,NA,NA,NA,NA,NA,NA,NA,NA,"4595342","ESPN","17099","ESPN","TE",52,36,372,NA,NA,3,NA,NA,NA,NA,NA,NA,NA,NA,NA,NA,NA,NA,NA,NA,NA,NA,NA,NA,NA,NA,NA,NA,NA,NA,NA,NA,NA,NA,NA,NA,NA,NA,NA,NA,NA,NA,NA,NA,NA,NA,NA,NA,NA,NA
"Mike Gesicki","TE","CIN",NA,NA,NA,NA,NA,NA,NA,NA,NA,NA,NA,NA,NA,NA,NA,"3116164","ESPN","13672","ESPN","TE",54,40,370,NA,NA,4,NA,NA,NA,NA,NA,NA,NA,NA,NA,NA,NA,NA,NA,NA,NA,NA,NA,NA,NA,NA,NA,NA,NA,NA,NA,NA,NA,NA,NA,NA,NA,NA,NA,NA,NA,NA,NA,NA,NA,NA,NA,NA,NA,NA
"Michael Mayer","TE","LV",NA,NA,NA,NA,NA,NA,NA,NA,NA,NA,NA,NA,NA,NA,NA,"4429086","ESPN","16212","ESPN","TE",49,35,334,NA,NA,2,NA,NA,NA,NA,NA,NA,NA,NA,NA,NA,NA,NA,NA,NA,NA,NA,NA,NA,NA,NA,NA,NA,NA,NA,NA,NA,NA,NA,NA,NA,NA,NA,NA,NA,NA,NA,NA,NA,NA,NA,NA,NA,NA,NA
"Jake Tonges","TE","SF",NA,NA,NA,NA,NA,NA,NA,NA,NA,NA,NA,NA,NA,NA,NA,"4259147","ESPN","16036","ESPN","TE",NA,NA,NA,NA,NA,NA,NA,NA,NA,NA,NA,NA,NA,NA,NA,NA,NA,NA,NA,NA,NA,NA,NA,NA,NA,NA,NA,NA,NA,NA,NA,NA,NA,NA,NA,NA,NA,NA,NA,NA,NA,NA,NA,NA,NA,NA,NA,NA,NA,NA
"Colby Parkinson","TE","LAR",NA,NA,NA,NA,NA,NA,NA,NA,NA,NA,NA,NA,NA,NA,NA,"4242557","ESPN","14871","ESPN","TE",28,20,191,NA,NA,2,NA,NA,NA,NA,NA,NA,NA,NA,NA,NA,NA,NA,NA,NA,NA,NA,NA,NA,NA,NA,NA,NA,NA,NA,NA,NA,NA,NA,NA,NA,NA,NA,NA,NA,NA,NA,NA,NA,NA,NA,NA,NA,NA,NA
"Erick All Jr.","TE","CIN",NA,NA,NA,NA,NA,NA,NA,NA,NA,NA,NA,NA,NA,NA,NA,"4427834","ESPN","16645","ESPN","TE",15,11,91,NA,NA,1,NA,NA,NA,NA,NA,NA,NA,NA,NA,NA,NA,NA,NA,NA,NA,NA,NA,NA,NA,NA,NA,NA,NA,NA,NA,NA,NA,NA,NA,NA,NA,NA,NA,NA,NA,NA,NA,NA,NA,NA,NA,NA,NA,NA
"Darnell Washington","TE","PIT",NA,NA,NA,NA,NA,NA,NA,NA,NA,NA,NA,NA,NA,NA,NA,"4430802","ESPN","16216","ESPN","TE",37,26,259,NA,NA,2,NA,NA,NA,NA,NA,NA,NA,NA,NA,NA,NA,NA,NA,NA,NA,NA,NA,NA,NA,NA,NA,NA,NA,NA,NA,NA,NA,NA,NA,NA,NA,NA,NA,NA,NA,NA,NA,NA,NA,NA,NA,NA,NA,NA
"Dawson Knox","TE","BUF",NA,NA,NA,NA,NA,NA,NA,NA,NA,NA,NA,NA,NA,NA,NA,"3930086","ESPN","14143","ESPN","TE",24,17,175,NA,NA,2,NA,NA,NA,NA,NA,NA,NA,NA,NA,NA,NA,NA,NA,NA,NA,NA,NA,NA,NA,NA,NA,NA,NA,NA,NA,NA,NA,NA,NA,NA,NA,NA,NA,NA,NA,NA,NA,NA,NA,NA,NA,NA,NA,NA
"Elijah Arroyo","TE","SEA",NA,NA,NA,NA,NA,NA,NA,NA,NA,NA,NA,NA,NA,NA,NA,"4678006","ESPN","17108","ESPN","TE",12,8,90,NA,NA,1,NA,NA,NA,NA,NA,NA,NA,NA,NA,NA,NA,NA,NA,NA,NA,NA,NA,NA,NA,NA,NA,NA,NA,NA,NA,NA,NA,NA,NA,NA,NA,NA,NA,NA,NA,NA,NA,NA,NA,NA,NA,NA,NA,NA
"Mason Taylor","TE","NYJ",NA,NA,NA,NA,NA,NA,NA,NA,NA,NA,NA,NA,NA,NA,NA,"4808766","ESPN","17106","ESPN","TE",35,25,218,NA,NA,1,NA,NA,NA,NA,NA,NA,NA,NA,NA,NA,NA,NA,NA,NA,NA,NA,NA,NA,NA,NA,NA,NA,NA,NA,NA,NA,NA,NA,NA,NA,NA,NA,NA,NA,NA,NA,NA,NA,NA,NA,NA,NA,NA,NA
"Theo Johnson","TE","NYG",NA,NA,NA,NA,NA,NA,NA,NA,NA,NA,NA,NA,NA,NA,NA,"4429148","ESPN","16649","ESPN","TE",26,15,190,NA,NA,1,NA,NA,NA,NA,NA,NA,NA,NA,NA,NA,NA,NA,NA,NA,NA,NA,NA,NA,NA,NA,NA,NA,NA,NA,NA,NA,NA,NA,NA,NA,NA,NA,NA,NA,NA,NA,NA,NA,NA,NA,NA,NA,NA,NA
"Cole Kmet","TE","CHI",NA,NA,NA,NA,NA,NA,NA,NA,NA,NA,NA,NA,NA,NA,NA,"4258595","ESPN","14867","ESPN","TE",29,22,207,NA,NA,2,NA,NA,NA,NA,NA,NA,NA,NA,NA,NA,NA,NA,NA,NA,NA,NA,NA,NA,NA,NA,NA,NA,NA,NA,NA,NA,NA,NA,NA,NA,NA,NA,NA,NA,NA,NA,NA,NA,NA,NA,NA,NA,NA,NA
"Ja'Tavion Sanders","TE","CAR",NA,NA,NA,NA,NA,NA,NA,NA,NA,NA,NA,NA,NA,NA,NA,"4431588","ESPN","16643","ESPN","TE",NA,NA,NA,NA,NA,NA,NA,NA,NA,NA,NA,NA,NA,NA,NA,NA,NA,NA,NA,NA,NA,NA,NA,NA,NA,NA,NA,NA,NA,NA,NA,NA,NA,NA,NA,NA,NA,NA,NA,NA,NA,NA,NA,NA,NA,NA,NA,NA,NA,NA
"Noah Gray","TE","KCC",NA,NA,NA,NA,NA,NA,NA,NA,NA,NA,NA,NA,NA,NA,NA,"4240472","ESPN","15337","ESPN","TE",26,18,181,NA,NA,1,NA,NA,NA,NA,NA,NA,NA,NA,NA,NA,NA,NA,NA,NA,NA,NA,NA,NA,NA,NA,NA,NA,NA,NA,NA,NA,NA,NA,NA,NA,NA,NA,NA,NA,NA,NA,NA,NA,NA,NA,NA,NA,NA,NA
"Eli Stowers","TE","PHI",NA,NA,NA,NA,NA,NA,NA,NA,NA,NA,NA,NA,NA,NA,NA,"4431574","ESPN","17544","ESPN","TE",NA,NA,NA,NA,NA,NA,NA,NA,NA,NA,NA,NA,NA,NA,NA,NA,NA,NA,NA,NA,NA,NA,NA,NA,NA,NA,NA,NA,NA,NA,NA,NA,NA,NA,NA,NA,NA,NA,NA,NA,NA,NA,NA,NA,NA,NA,NA,NA,NA,NA
"Tyler Higbee","TE","LAR",NA,NA,NA,NA,NA,NA,NA,NA,NA,NA,NA,NA,NA,NA,NA,"2573401","ESPN","12678","ESPN","TE",14,10,90,NA,NA,1,NA,NA,NA,NA,NA,NA,NA,NA,NA,NA,NA,NA,NA,NA,NA,NA,NA,NA,NA,NA,NA,NA,NA,NA,NA,NA,NA,NA,NA,NA,NA,NA,NA,NA,NA,NA,NA,NA,NA,NA,NA,NA,NA,NA
"Max Klare","TE","LAR",NA,NA,NA,NA,NA,NA,NA,NA,NA,NA,NA,NA,NA,NA,NA,"4833029","ESPN","17547","ESPN","TE",NA,NA,NA,NA,NA,NA,NA,NA,NA,NA,NA,NA,NA,NA,NA,NA,NA,NA,NA,NA,NA,NA,NA,NA,NA,NA,NA,NA,NA,NA,NA,NA,NA,NA,NA,NA,NA,NA,NA,NA,NA,NA,NA,NA,NA,NA,NA,NA,NA,NA
"Drew Sample","TE","CIN",NA,NA,NA,NA,NA,NA,NA,NA,NA,NA,NA,NA,NA,NA,NA,"3127310","ESPN","14146","ESPN","TE",29,22,187,NA,NA,1,NA,NA,NA,NA,NA,NA,NA,NA,NA,NA,NA,NA,NA,NA,NA,NA,NA,NA,NA,NA,NA,NA,NA,NA,NA,NA,NA,NA,NA,NA,NA,NA,NA,NA,NA,NA,NA,NA,NA,NA,NA,NA,NA,NA
"Eli Raridon","TE","NE",NA,NA,NA,NA,NA,NA,NA,NA,NA,NA,NA,NA,NA,NA,NA,"4831959","ESPN","17607","ESPN","TE",16,12,121,NA,NA,1,NA,NA,NA,NA,NA,NA,NA,NA,NA,NA,NA,NA,NA,NA,NA,NA,NA,NA,NA,NA,NA,NA,NA,NA,NA,NA,NA,NA,NA,NA,NA,NA,NA,NA,NA,NA,NA,NA,NA,NA,NA,NA,NA,NA
"Tommy Tremble","TE","CAR",NA,NA,NA,NA,NA,NA,NA,NA,NA,NA,NA,NA,NA,NA,NA,"4372780","ESPN","15332","ESPN","TE",40,29,291,NA,NA,2,NA,NA,NA,NA,NA,NA,NA,NA,NA,NA,NA,NA,NA,NA,NA,NA,NA,NA,NA,NA,NA,NA,NA,NA,NA,NA,NA,NA,NA,NA,NA,NA,NA,NA,NA,NA,NA,NA,NA,NA,NA,NA,NA,NA
"Austin Hooper","TE","ATL",NA,NA,NA,NA,NA,NA,NA,NA,NA,NA,NA,NA,NA,NA,NA,"3043275","ESPN","12677","ESPN","TE",35,25,234,NA,NA,2,NA,NA,NA,NA,NA,NA,NA,NA,NA,NA,NA,NA,NA,NA,NA,NA,NA,NA,NA,NA,NA,NA,NA,NA,NA,NA,NA,NA,NA,NA,NA,NA,NA,NA,NA,NA,NA,NA,NA,NA,NA,NA,NA,NA
"Elijah Higgins","TE","ARI",NA,NA,NA,NA,NA,NA,NA,NA,NA,NA,NA,NA,NA,NA,NA,"4426844","ESPN","16333","ESPN","TE",14,10,94,NA,NA,1,NA,NA,NA,NA,NA,NA,NA,NA,NA,NA,NA,NA,NA,NA,NA,NA,NA,NA,NA,NA,NA,NA,NA,NA,NA,NA,NA,NA,NA,NA,NA,NA,NA,NA,NA,NA,NA,NA,NA,NA,NA,NA,NA,NA
"Jonnu Smith","TE","GB",NA,NA,NA,NA,NA,NA,NA,NA,2,4,NA,0,NA,NA,NA,"3054212","ESPN","13193","ESPN","TE",27,19,166,NA,NA,1,NA,NA,NA,NA,NA,NA,NA,NA,NA,NA,NA,NA,NA,NA,NA,NA,NA,NA,NA,NA,NA,NA,NA,NA,NA,NA,NA,NA,NA,NA,NA,NA,NA,NA,NA,NA,NA,NA,NA,NA,NA,NA,NA,NA
"Will Kacmarek","TE","MIA",NA,NA,NA,NA,NA,NA,NA,NA,NA,NA,NA,NA,NA,NA,NA,"4880236","ESPN","17605","ESPN","TE",12,8,85,NA,NA,0,NA,NA,NA,NA,NA,NA,NA,NA,NA,NA,NA,NA,NA,NA,NA,NA,NA,NA,NA,NA,NA,NA,NA,NA,NA,NA,NA,NA,NA,NA,NA,NA,NA,NA,NA,NA,NA,NA,NA,NA,NA,NA,NA,NA
"Noah Fant","TE","NO",NA,NA,NA,NA,NA,NA,NA,NA,NA,NA,NA,NA,NA,NA,NA,"4036131","ESPN","14137","ESPN","TE",33,24,236,NA,NA,2,NA,NA,NA,NA,NA,NA,NA,NA,NA,NA,NA,NA,NA,NA,NA,NA,NA,NA,NA,NA,NA,NA,NA,NA,NA,NA,NA,NA,NA,NA,NA,NA,NA,NA,NA,NA,NA,NA,NA,NA,NA,NA,NA,NA
"Josh Oliver","TE","MIN",NA,NA,NA,NA,NA,NA,NA,NA,NA,NA,NA,NA,NA,NA,NA,"3921690","ESPN","14209","ESPN","TE",19,15,136,NA,NA,1,NA,NA,NA,NA,NA,NA,NA,NA,NA,NA,NA,NA,NA,NA,NA,NA,NA,NA,NA,NA,NA,NA,NA,NA,NA,NA,NA,NA,NA,NA,NA,NA,NA,NA,NA,NA,NA,NA,NA,NA,NA,NA,NA,NA
"Adam Trautman","TE","DEN",NA,NA,NA,NA,NA,NA,NA,NA,NA,NA,NA,NA,NA,NA,NA,"3911853","ESPN","14870","ESPN","TE",18,12,120,NA,NA,1,NA,NA,NA,NA,NA,NA,NA,NA,NA,NA,NA,NA,NA,NA,NA,NA,NA,NA,NA,NA,NA,NA,NA,NA,NA,NA,NA,NA,NA,NA,NA,NA,NA,NA,NA,NA,NA,NA,NA,NA,NA,NA,NA,NA
"Charlie Kolar","TE","LAC",NA,NA,NA,NA,NA,NA,NA,NA,NA,NA,NA,NA,NA,NA,NA,"4241263","ESPN","15795","ESPN","TE",24,17,157,NA,NA,1,NA,NA,NA,NA,NA,NA,NA,NA,NA,NA,NA,NA,NA,NA,NA,NA,NA,NA,NA,NA,NA,NA,NA,NA,NA,NA,NA,NA,NA,NA,NA,NA,NA,NA,NA,NA,NA,NA,NA,NA,NA,NA,NA,NA
"Cade Stover","TE","HOU",NA,NA,NA,NA,NA,NA,NA,NA,NA,NA,NA,NA,NA,NA,NA,"4426496","ESPN","16642","ESPN","TE",2,2,14,NA,NA,0,NA,NA,NA,NA,NA,NA,NA,NA,NA,NA,NA,NA,NA,NA,NA,NA,NA,NA,NA,NA,NA,NA,NA,NA,NA,NA,NA,NA,NA,NA,NA,NA,NA,NA,NA,NA,NA,NA,NA,NA,NA,NA,NA,NA
"Brandon Aubrey","K","DAL",NA,NA,NA,NA,NA,NA,NA,NA,NA,NA,NA,NA,NA,NA,NA,"3953687","ESPN","16414","ESPN","K",NA,NA,NA,NA,NA,NA,29,33,NA,NA,NA,NA,NA,NA,7,NA,6,NA,39,40,NA,NA,NA,NA,NA,NA,NA,NA,NA,NA,NA,NA,NA,NA,8,9,16,16,NA,NA,NA,NA,NA,NA,NA,NA,NA,NA,NA,NA
"Cameron Dicker","K","LAC",NA,NA,NA,NA,NA,NA,NA,NA,NA,NA,NA,NA,NA,NA,NA,"4362081","ESPN","15979","ESPN","K",NA,NA,NA,NA,NA,NA,27,31,NA,NA,NA,NA,NA,NA,7,NA,5,NA,25,25,NA,NA,NA,NA,NA,NA,NA,NA,NA,NA,NA,NA,NA,NA,7,8,15,15,NA,NA,NA,NA,NA,NA,NA,NA,NA,NA,NA,NA
"Jason Myers","K","SEA",NA,NA,NA,NA,NA,NA,NA,NA,NA,NA,NA,NA,NA,NA,NA,"2473037","ESPN","12437","ESPN","K",NA,NA,NA,NA,NA,NA,27,31,NA,NA,NA,NA,NA,NA,7,NA,5,NA,36,37,NA,NA,NA,NA,NA,NA,NA,NA,NA,NA,NA,NA,NA,NA,7,8,15,15,NA,NA,NA,NA,NA,NA,NA,NA,NA,NA,NA,NA
"Harrison Mevis","K","LAR",NA,NA,NA,NA,NA,NA,NA,NA,NA,NA,NA,NA,NA,NA,NA,"4574716","ESPN","16843","ESPN","K",NA,NA,NA,NA,NA,NA,25,28,NA,NA,NA,NA,NA,NA,6,NA,5,NA,40,41,NA,NA,NA,NA,NA,NA,NA,NA,NA,NA,NA,NA,NA,NA,7,8,13,14,NA,NA,NA,NA,NA,NA,NA,NA,NA,NA,NA,NA
"Ka'imi Fairbairn","K","HOU",NA,NA,NA,NA,NA,NA,NA,NA,NA,NA,NA,NA,NA,NA,NA,"2971573","ESPN","12860","ESPN","K",NA,NA,NA,NA,NA,NA,29,33,NA,NA,NA,NA,NA,NA,8,NA,6,NA,29,29,NA,NA,NA,NA,NA,NA,NA,NA,NA,NA,NA,NA,NA,NA,8,9,16,16,NA,NA,NA,NA,NA,NA,NA,NA,NA,NA,NA,NA
"Eddy Pineiro","K","SF",NA,NA,NA,NA,NA,NA,NA,NA,NA,NA,NA,NA,NA,NA,NA,"4034949","ESPN","13719","ESPN","K",NA,NA,NA,NA,NA,NA,26,30,NA,NA,NA,NA,NA,NA,7,NA,5,NA,39,39,NA,NA,NA,NA,NA,NA,NA,NA,NA,NA,NA,NA,NA,NA,7,8,14,15,NA,NA,NA,NA,NA,NA,NA,NA,NA,NA,NA,NA
"Harrison Butker","K","KCC",NA,NA,NA,NA,NA,NA,NA,NA,NA,NA,NA,NA,NA,NA,NA,"3055899","ESPN","13354","ESPN","K",NA,NA,NA,NA,NA,NA,25,29,NA,NA,NA,NA,NA,NA,6,NA,5,NA,38,40,NA,NA,NA,NA,NA,NA,NA,NA,NA,NA,NA,NA,NA,NA,7,8,14,14,NA,NA,NA,NA,NA,NA,NA,NA,NA,NA,NA,NA
"Cam Little","K","JAC",NA,NA,NA,NA,NA,NA,NA,NA,NA,NA,NA,NA,NA,NA,NA,"4686361","ESPN","16680","ESPN","K",NA,NA,NA,NA,NA,NA,25,28,NA,NA,NA,NA,NA,NA,6,NA,5,NA,39,40,NA,NA,NA,NA,NA,NA,NA,NA,NA,NA,NA,NA,NA,NA,7,8,14,14,NA,NA,NA,NA,NA,NA,NA,NA,NA,NA,NA,NA
"Jake Bates","K","DET",NA,NA,NA,NA,NA,NA,NA,NA,NA,NA,NA,NA,NA,NA,NA,"4689936","ESPN","16846","ESPN","K",NA,NA,NA,NA,NA,NA,23,27,NA,NA,NA,NA,NA,NA,6,NA,4,NA,43,44,NA,NA,NA,NA,NA,NA,NA,NA,NA,NA,NA,NA,NA,NA,6,7,13,13,NA,NA,NA,NA,NA,NA,NA,NA,NA,NA,NA,NA
"Tyler Loop","K","BAL",NA,NA,NA,NA,NA,NA,NA,NA,NA,NA,NA,NA,NA,NA,NA,"4697745","ESPN","17222","ESPN","K",NA,NA,NA,NA,NA,NA,24,28,NA,NA,NA,NA,NA,NA,6,NA,5,NA,39,40,NA,NA,NA,NA,NA,NA,NA,NA,NA,NA,NA,NA,NA,NA,7,8,13,14,NA,NA,NA,NA,NA,NA,NA,NA,NA,NA,NA,NA
"Cairo Santos","K","CHI",NA,NA,NA,NA,NA,NA,NA,NA,NA,NA,NA,NA,NA,NA,NA,"17427","ESPN","11945","ESPN","K",NA,NA,NA,NA,NA,NA,24,28,NA,NA,NA,NA,NA,NA,6,NA,5,NA,30,32,NA,NA,NA,NA,NA,NA,NA,NA,NA,NA,NA,NA,NA,NA,7,8,13,14,NA,NA,NA,NA,NA,NA,NA,NA,NA,NA,NA,NA
"Will Reichard","K","MIN",NA,NA,NA,NA,NA,NA,NA,NA,NA,NA,NA,NA,NA,NA,NA,"4567104","ESPN","16681","ESPN","K",NA,NA,NA,NA,NA,NA,25,28,NA,NA,NA,NA,NA,NA,7,NA,5,NA,32,33,NA,NA,NA,NA,NA,NA,NA,NA,NA,NA,NA,NA,NA,NA,7,8,14,14,NA,NA,NA,NA,NA,NA,NA,NA,NA,NA,NA,NA
"Chris Boswell","K","PIT",NA,NA,NA,NA,NA,NA,NA,NA,NA,NA,NA,NA,NA,NA,NA,"17372","ESPN","11936","ESPN","K",NA,NA,NA,NA,NA,NA,25,29,NA,NA,NA,NA,NA,NA,7,NA,5,NA,26,27,NA,NA,NA,NA,NA,NA,NA,NA,NA,NA,NA,NA,NA,NA,7,8,14,14,NA,NA,NA,NA,NA,NA,NA,NA,NA,NA,NA,NA
"Chase McLaughlin","K","TB",NA,NA,NA,NA,NA,NA,NA,NA,NA,NA,NA,NA,NA,NA,NA,"3150744","ESPN","14717","ESPN","K",NA,NA,NA,NA,NA,NA,25,28,NA,NA,NA,NA,NA,NA,6,NA,5,NA,25,26,NA,NA,NA,NA,NA,NA,NA,NA,NA,NA,NA,NA,NA,NA,7,8,14,14,NA,NA,NA,NA,NA,NA,NA,NA,NA,NA,NA,NA
"Evan McPherson","K","CIN",NA,NA,NA,NA,NA,NA,NA,NA,NA,NA,NA,NA,NA,NA,NA,"4360234","ESPN","15368","ESPN","K",NA,NA,NA,NA,NA,NA,24,27,NA,NA,NA,NA,NA,NA,6,NA,5,NA,37,38,NA,NA,NA,NA,NA,NA,NA,NA,NA,NA,NA,NA,NA,NA,6,7,13,13,NA,NA,NA,NA,NA,NA,NA,NA,NA,NA,NA,NA
"Nick Folk","K","ATL",NA,NA,NA,NA,NA,NA,NA,NA,NA,NA,NA,NA,NA,NA,NA,"10621","ESPN","8851","ESPN","K",NA,NA,NA,NA,NA,NA,25,28,NA,NA,NA,NA,NA,NA,6,NA,5,NA,28,29,NA,NA,NA,NA,NA,NA,NA,NA,NA,NA,NA,NA,NA,NA,7,8,14,14,NA,NA,NA,NA,NA,NA,NA,NA,NA,NA,NA,NA
"Trey Smack","K","GB",NA,NA,NA,NA,NA,NA,NA,NA,NA,NA,NA,NA,NA,NA,NA,"4869461","ESPN","17668","ESPN","K",NA,NA,NA,NA,NA,NA,26,30,NA,NA,NA,NA,NA,NA,7,NA,5,NA,31,32,NA,NA,NA,NA,NA,NA,NA,NA,NA,NA,NA,NA,NA,NA,7,8,14,15,NA,NA,NA,NA,NA,NA,NA,NA,NA,NA,NA,NA
"Spencer Shrader","K","IND",NA,NA,NA,NA,NA,NA,NA,NA,NA,NA,NA,NA,NA,NA,NA,"4571557","ESPN","16896","ESPN","K",NA,NA,NA,NA,NA,NA,25,28,NA,NA,NA,NA,NA,NA,6,NA,5,NA,32,32,NA,NA,NA,NA,NA,NA,NA,NA,NA,NA,NA,NA,NA,NA,7,8,14,14,NA,NA,NA,NA,NA,NA,NA,NA,NA,NA,NA,NA
"Jake Elliott","K","PHI",NA,NA,NA,NA,NA,NA,NA,NA,NA,NA,NA,NA,NA,NA,NA,"3050478","ESPN","13303","ESPN","K",NA,NA,NA,NA,NA,NA,23,27,NA,NA,NA,NA,NA,NA,6,NA,4,NA,36,38,NA,NA,NA,NA,NA,NA,NA,NA,NA,NA,NA,NA,NA,NA,6,7,12,13,NA,NA,NA,NA,NA,NA,NA,NA,NA,NA,NA,NA
"Daniel Carlson","K","NO",NA,NA,NA,NA,NA,NA,NA,NA,NA,NA,NA,NA,NA,NA,NA,"3051909","ESPN","13718","ESPN","K",NA,NA,NA,NA,NA,NA,26,30,NA,NA,NA,NA,NA,NA,7,NA,5,NA,33,34,NA,NA,NA,NA,NA,NA,NA,NA,NA,NA,NA,NA,NA,NA,7,8,14,15,NA,NA,NA,NA,NA,NA,NA,NA,NA,NA,NA,NA
"Wil Lutz","K","DEN",NA,NA,NA,NA,NA,NA,NA,NA,NA,NA,NA,NA,NA,NA,NA,"2985659","ESPN","12956","ESPN","K",NA,NA,NA,NA,NA,NA,23,27,NA,NA,NA,NA,NA,NA,6,NA,4,NA,28,29,NA,NA,NA,NA,NA,NA,NA,NA,NA,NA,NA,NA,NA,NA,6,7,12,13,NA,NA,NA,NA,NA,NA,NA,NA,NA,NA,NA,NA
"Tyler Bass","K","BUF",NA,NA,NA,NA,NA,NA,NA,NA,NA,NA,NA,NA,NA,NA,NA,"3917232","ESPN","14983","ESPN","K",NA,NA,NA,NA,NA,NA,22,25,NA,NA,NA,NA,NA,NA,6,NA,4,NA,42,43,NA,NA,NA,NA,NA,NA,NA,NA,NA,NA,NA,NA,NA,NA,6,7,12,12,NA,NA,NA,NA,NA,NA,NA,NA,NA,NA,NA,NA
"Dominic Zvada","K","NYG",NA,NA,NA,NA,NA,NA,NA,NA,NA,NA,NA,NA,NA,NA,NA,"5082424","ESPN","17736","ESPN","K",NA,NA,NA,NA,NA,NA,25,28,NA,NA,NA,NA,NA,NA,6,NA,5,NA,27,27,NA,NA,NA,NA,NA,NA,NA,NA,NA,NA,NA,NA,NA,NA,7,8,14,14,NA,NA,NA,NA,NA,NA,NA,NA,NA,NA,NA,NA
"Drew Stevens","K","WAS",NA,NA,NA,NA,NA,NA,NA,NA,NA,NA,NA,NA,NA,NA,NA,"5081335","ESPN","17726","ESPN","K",NA,NA,NA,NA,NA,NA,24,28,NA,NA,NA,NA,NA,NA,6,NA,5,NA,29,30,NA,NA,NA,NA,NA,NA,NA,NA,NA,NA,NA,NA,NA,NA,7,8,13,14,NA,NA,NA,NA,NA,NA,NA,NA,NA,NA,NA,NA
"Andy Borregales","K","NE",NA,NA,NA,NA,NA,NA,NA,NA,NA,NA,NA,NA,NA,NA,NA,"4569923","ESPN","17220","ESPN","K",NA,NA,NA,NA,NA,NA,21,25,NA,NA,NA,NA,NA,NA,5,NA,4,NA,29,31,NA,NA,NA,NA,NA,NA,NA,NA,NA,NA,NA,NA,NA,NA,6,7,12,12,NA,NA,NA,NA,NA,NA,NA,NA,NA,NA,NA,NA
"Riley Patterson","K","MIA",NA,NA,NA,NA,NA,NA,NA,NA,NA,NA,NA,NA,NA,NA,NA,"4243371","ESPN","15369","ESPN","K",NA,NA,NA,NA,NA,NA,24,28,NA,NA,NA,NA,NA,NA,6,NA,5,NA,21,22,NA,NA,NA,NA,NA,NA,NA,NA,NA,NA,NA,NA,NA,NA,7,8,13,14,NA,NA,NA,NA,NA,NA,NA,NA,NA,NA,NA,NA
"Matt Gay","K","LV",NA,NA,NA,NA,NA,NA,NA,NA,NA,NA,NA,NA,NA,NA,NA,"4249087","ESPN","14244","ESPN","K",NA,NA,NA,NA,NA,NA,24,28,NA,NA,NA,NA,NA,NA,6,NA,5,NA,28,29,NA,NA,NA,NA,NA,NA,NA,NA,NA,NA,NA,NA,NA,NA,7,8,13,14,NA,NA,NA,NA,NA,NA,NA,NA,NA,NA,NA,NA
"Ryan Fitzgerald","K","CAR",NA,NA,NA,NA,NA,NA,NA,NA,NA,NA,NA,NA,NA,NA,NA,"4568263","ESPN","17277","ESPN","K",NA,NA,NA,NA,NA,NA,23,27,NA,NA,NA,NA,NA,NA,6,NA,4,NA,30,30,NA,NA,NA,NA,NA,NA,NA,NA,NA,NA,NA,NA,NA,NA,6,7,13,13,NA,NA,NA,NA,NA,NA,NA,NA,NA,NA,NA,NA
"Joey Slye","K","TEN",NA,NA,NA,NA,NA,NA,NA,NA,NA,NA,NA,NA,NA,NA,NA,"3124084","ESPN","14600","ESPN","K",NA,NA,NA,NA,NA,NA,23,27,NA,NA,NA,NA,NA,NA,6,NA,4,NA,23,24,NA,NA,NA,NA,NA,NA,NA,NA,NA,NA,NA,NA,NA,NA,6,7,12,13,NA,NA,NA,NA,NA,NA,NA,NA,NA,NA,NA,NA
"Chad Ryland","K","ARI",NA,NA,NA,NA,NA,NA,NA,NA,NA,NA,NA,NA,NA,NA,NA,"4363538","ESPN","16292","ESPN","K",NA,NA,NA,NA,NA,NA,24,28,NA,NA,NA,NA,NA,NA,6,NA,5,NA,29,30,NA,NA,NA,NA,NA,NA,NA,NA,NA,NA,NA,NA,NA,NA,7,8,13,14,NA,NA,NA,NA,NA,NA,NA,NA,NA,NA,NA,NA
"Andre Szmyt","K","CLE",NA,NA,NA,NA,NA,NA,NA,NA,NA,NA,NA,NA,NA,NA,NA,"4258620","ESPN","16419","ESPN","K",NA,NA,NA,NA,NA,NA,23,27,NA,NA,NA,NA,NA,NA,6,NA,5,NA,24,24,NA,NA,NA,NA,NA,NA,NA,NA,NA,NA,NA,NA,NA,NA,6,7,13,13,NA,NA,NA,NA,NA,NA,NA,NA,NA,NA,NA,NA
"Blake Grupe","K","NYJ",NA,NA,NA,NA,NA,NA,NA,NA,NA,NA,NA,NA,NA,NA,NA,"4259619","ESPN","16444","ESPN","K",NA,NA,NA,NA,NA,NA,NA,NA,NA,NA,NA,NA,NA,NA,NA,NA,NA,NA,NA,NA,NA,NA,NA,NA,NA,NA,NA,NA,NA,NA,NA,NA,NA,NA,NA,NA,NA,NA,NA,NA,NA,NA,NA,NA,NA,NA,NA,NA,NA,NA
"Texans D/ST","DST","HOU",NA,NA,NA,NA,NA,NA,NA,NA,NA,NA,NA,NA,NA,NA,NA,"-16034","ESPN","0532","ESPN","DST",NA,NA,NA,NA,NA,NA,NA,NA,NA,NA,NA,NA,NA,NA,NA,NA,NA,NA,NA,NA,10,NA,36,854,8,NA,3,330,NA,NA,NA,4620,NA,12,NA,NA,NA,NA,NA,NA,NA,NA,NA,NA,NA,NA,NA,NA,NA,NA
"Broncos D/ST","DST","DEN",NA,NA,NA,NA,NA,NA,NA,NA,NA,NA,NA,NA,NA,NA,NA,"-16007","ESPN","0511","ESPN","DST",NA,NA,NA,NA,NA,NA,NA,NA,NA,NA,NA,NA,NA,NA,NA,NA,NA,NA,NA,NA,10,NA,37,855,5,NA,3,338,NA,NA,NA,4727,NA,8,NA,NA,NA,NA,NA,NA,NA,NA,NA,NA,NA,NA,NA,NA,NA,NA
"Steelers D/ST","DST","PIT",NA,NA,NA,NA,NA,NA,NA,NA,NA,NA,NA,NA,NA,NA,NA,"-16023","ESPN","0510","ESPN","DST",NA,NA,NA,NA,NA,NA,NA,NA,NA,NA,NA,NA,NA,NA,NA,NA,NA,NA,NA,NA,9,NA,35,867,10,NA,2,341,NA,NA,NA,4773,NA,15,NA,NA,NA,NA,NA,NA,NA,NA,NA,NA,NA,NA,NA,NA,NA,NA
"Seahawks D/ST","DST","SEA",NA,NA,NA,NA,NA,NA,NA,NA,NA,NA,NA,NA,NA,NA,NA,"-16026","ESPN","0515","ESPN","DST",NA,NA,NA,NA,NA,NA,NA,NA,NA,NA,NA,NA,NA,NA,NA,NA,NA,NA,NA,NA,11,NA,34,895,6,NA,2,327,NA,NA,NA,4584,NA,9,NA,NA,NA,NA,NA,NA,NA,NA,NA,NA,NA,NA,NA,NA,NA,NA
"Rams D/ST","DST","LAR",NA,NA,NA,NA,NA,NA,NA,NA,NA,NA,NA,NA,NA,NA,NA,"-16014","ESPN","0528","ESPN","DST",NA,NA,NA,NA,NA,NA,NA,NA,NA,NA,NA,NA,NA,NA,NA,NA,NA,NA,NA,NA,10,NA,35,862,7,NA,3,329,NA,NA,NA,4603,NA,11,NA,NA,NA,NA,NA,NA,NA,NA,NA,NA,NA,NA,NA,NA,NA,NA
"Ravens D/ST","DST","BAL",NA,NA,NA,NA,NA,NA,NA,NA,NA,NA,NA,NA,NA,NA,NA,"-16033","ESPN","0531","ESPN","DST",NA,NA,NA,NA,NA,NA,NA,NA,NA,NA,NA,NA,NA,NA,NA,NA,NA,NA,NA,NA,9,NA,37,832,7,NA,3,332,NA,NA,NA,4647,NA,11,NA,NA,NA,NA,NA,NA,NA,NA,NA,NA,NA,NA,NA,NA,NA,NA
"Eagles D/ST","DST","PHI",NA,NA,NA,NA,NA,NA,NA,NA,NA,NA,NA,NA,NA,NA,NA,"-16021","ESPN","0518","ESPN","DST",NA,NA,NA,NA,NA,NA,NA,NA,NA,NA,NA,NA,NA,NA,NA,NA,NA,NA,NA,NA,10,NA,32,802,8,NA,3,319,NA,NA,NA,4781,NA,12,NA,NA,NA,NA,NA,NA,NA,NA,NA,NA,NA,NA,NA,NA,NA,NA
"Browns D/ST","DST","CLE",NA,NA,NA,NA,NA,NA,NA,NA,NA,NA,NA,NA,NA,NA,NA,"-16005","ESPN","0507","ESPN","DST",NA,NA,NA,NA,NA,NA,NA,NA,NA,NA,NA,NA,NA,NA,NA,NA,NA,NA,NA,NA,9,NA,34,850,7,NA,3,342,NA,NA,NA,4784,NA,10,NA,NA,NA,NA,NA,NA,NA,NA,NA,NA,NA,NA,NA,NA,NA,NA
"Patriots D/ST","DST","NE",NA,NA,NA,NA,NA,NA,NA,NA,NA,NA,NA,NA,NA,NA,NA,"-16017","ESPN","0504","ESPN","DST",NA,NA,NA,NA,NA,NA,NA,NA,NA,NA,NA,NA,NA,NA,NA,NA,NA,NA,NA,NA,10,NA,35,852,5,NA,3,339,NA,NA,NA,4747,NA,8,NA,NA,NA,NA,NA,NA,NA,NA,NA,NA,NA,NA,NA,NA,NA,NA
"Lions D/ST","DST","DET",NA,NA,NA,NA,NA,NA,NA,NA,NA,NA,NA,NA,NA,NA,NA,"-16008","ESPN","0522","ESPN","DST",NA,NA,NA,NA,NA,NA,NA,NA,NA,NA,NA,NA,NA,NA,NA,NA,NA,NA,NA,NA,10,NA,36,838,7,NA,4,350,NA,NA,NA,4893,NA,11,NA,NA,NA,NA,NA,NA,NA,NA,NA,NA,NA,NA,NA,NA,NA,NA
"Chiefs D/ST","DST","KCC",NA,NA,NA,NA,NA,NA,NA,NA,NA,NA,NA,NA,NA,NA,NA,"-16012","ESPN","0512","ESPN","DST",NA,NA,NA,NA,NA,NA,NA,NA,NA,NA,NA,NA,NA,NA,NA,NA,NA,NA,NA,NA,11,NA,34,861,6,NA,3,335,NA,NA,NA,4686,NA,9,NA,NA,NA,NA,NA,NA,NA,NA,NA,NA,NA,NA,NA,NA,NA,NA
"Chargers D/ST","DST","LAC",NA,NA,NA,NA,NA,NA,NA,NA,NA,NA,NA,NA,NA,NA,NA,"-16024","ESPN","0514","ESPN","DST",NA,NA,NA,NA,NA,NA,NA,NA,NA,NA,NA,NA,NA,NA,NA,NA,NA,NA,NA,NA,10,NA,31,833,7,NA,3,354,NA,NA,NA,4951,NA,11,NA,NA,NA,NA,NA,NA,NA,NA,NA,NA,NA,NA,NA,NA,NA,NA
"Buccaneers D/ST","DST","TB",NA,NA,NA,NA,NA,NA,NA,NA,NA,NA,NA,NA,NA,NA,NA,"-16027","ESPN","0525","ESPN","DST",NA,NA,NA,NA,NA,NA,NA,NA,NA,NA,NA,NA,NA,NA,NA,NA,NA,NA,NA,NA,9,NA,31,849,5,NA,3,344,NA,NA,NA,4820,NA,7,NA,NA,NA,NA,NA,NA,NA,NA,NA,NA,NA,NA,NA,NA,NA,NA
"Packers D/ST","DST","GB",NA,NA,NA,NA,NA,NA,NA,NA,NA,NA,NA,NA,NA,NA,NA,"-16009","ESPN","0523","ESPN","DST",NA,NA,NA,NA,NA,NA,NA,NA,NA,NA,NA,NA,NA,NA,NA,NA,NA,NA,NA,NA,9,NA,34,867,7,NA,4,359,NA,NA,NA,5027,NA,10,NA,NA,NA,NA,NA,NA,NA,NA,NA,NA,NA,NA,NA,NA,NA,NA
"Jaguars D/ST","DST","JAC",NA,NA,NA,NA,NA,NA,NA,NA,NA,NA,NA,NA,NA,NA,NA,"-16030","ESPN","0509","ESPN","DST",NA,NA,NA,NA,NA,NA,NA,NA,NA,NA,NA,NA,NA,NA,NA,NA,NA,NA,NA,NA,10,NA,34,863,6,NA,3,338,NA,NA,NA,4737,NA,9,NA,NA,NA,NA,NA,NA,NA,NA,NA,NA,NA,NA,NA,NA,NA,NA
"Saints D/ST","DST","NO",NA,NA,NA,NA,NA,NA,NA,NA,NA,NA,NA,NA,NA,NA,NA,"-16018","ESPN","0529","ESPN","DST",NA,NA,NA,NA,NA,NA,NA,NA,NA,NA,NA,NA,NA,NA,NA,NA,NA,NA,NA,NA,9,NA,32,826,5,NA,3,344,NA,NA,NA,4811,NA,8,NA,NA,NA,NA,NA,NA,NA,NA,NA,NA,NA,NA,NA,NA,NA,NA
"Jets D/ST","DST","NYJ",NA,NA,NA,NA,NA,NA,NA,NA,NA,NA,NA,NA,NA,NA,NA,"-16020","ESPN","0505","ESPN","DST",NA,NA,NA,NA,NA,NA,NA,NA,NA,NA,NA,NA,NA,NA,NA,NA,NA,NA,NA,NA,10,NA,35,887,8,NA,3,340,NA,NA,NA,4763,NA,12,NA,NA,NA,NA,NA,NA,NA,NA,NA,NA,NA,NA,NA,NA,NA,NA
"49ers D/ST","DST","SF",NA,NA,NA,NA,NA,NA,NA,NA,NA,NA,NA,NA,NA,NA,NA,"-16025","ESPN","0530","ESPN","DST",NA,NA,NA,NA,NA,NA,NA,NA,NA,NA,NA,NA,NA,NA,NA,NA,NA,NA,NA,NA,10,NA,30,907,7,NA,3,338,NA,NA,NA,4731,NA,11,NA,NA,NA,NA,NA,NA,NA,NA,NA,NA,NA,NA,NA,NA,NA,NA
"Cowboys D/ST","DST","DAL",NA,NA,NA,NA,NA,NA,NA,NA,NA,NA,NA,NA,NA,NA,NA,"-16006","ESPN","0516","ESPN","DST",NA,NA,NA,NA,NA,NA,NA,NA,NA,NA,NA,NA,NA,NA,NA,NA,NA,NA,NA,NA,9,NA,31,846,7,NA,4,353,NA,NA,NA,4939,NA,11,NA,NA,NA,NA,NA,NA,NA,NA,NA,NA,NA,NA,NA,NA,NA,NA
"Colts D/ST","DST","IND",NA,NA,NA,NA,NA,NA,NA,NA,NA,NA,NA,NA,NA,NA,NA,"-16011","ESPN","0502","ESPN","DST",NA,NA,NA,NA,NA,NA,NA,NA,NA,NA,NA,NA,NA,NA,NA,NA,NA,NA,NA,NA,9,NA,34,848,6,NA,3,345,NA,NA,NA,4836,NA,8,NA,NA,NA,NA,NA,NA,NA,NA,NA,NA,NA,NA,NA,NA,NA,NA
"Vikings D/ST","DST","MIN",NA,NA,NA,NA,NA,NA,NA,NA,NA,NA,NA,NA,NA,NA,NA,"-16016","ESPN","0524","ESPN","DST",NA,NA,NA,NA,NA,NA,NA,NA,NA,NA,NA,NA,NA,NA,NA,NA,NA,NA,NA,NA,10,NA,40,864,7,NA,2,330,NA,NA,NA,4617,NA,11,NA,NA,NA,NA,NA,NA,NA,NA,NA,NA,NA,NA,NA,NA,NA,NA
"Bengals D/ST","DST","CIN",NA,NA,NA,NA,NA,NA,NA,NA,NA,NA,NA,NA,NA,NA,NA,"-16004","ESPN","0506","ESPN","DST",NA,NA,NA,NA,NA,NA,NA,NA,NA,NA,NA,NA,NA,NA,NA,NA,NA,NA,NA,NA,10,NA,35,845,6,NA,3,350,NA,NA,NA,4906,NA,10,NA,NA,NA,NA,NA,NA,NA,NA,NA,NA,NA,NA,NA,NA,NA,NA
"Giants D/ST","DST","NYG",NA,NA,NA,NA,NA,NA,NA,NA,NA,NA,NA,NA,NA,NA,NA,"-16019","ESPN","0517","ESPN","DST",NA,NA,NA,NA,NA,NA,NA,NA,NA,NA,NA,NA,NA,NA,NA,NA,NA,NA,NA,NA,10,NA,32,819,6,NA,4,354,NA,NA,NA,4960,NA,9,NA,NA,NA,NA,NA,NA,NA,NA,NA,NA,NA,NA,NA,NA,NA,NA
"Bears D/ST","DST","CHI",NA,NA,NA,NA,NA,NA,NA,NA,NA,NA,NA,NA,NA,NA,NA,"-16003","ESPN","0521","ESPN","DST",NA,NA,NA,NA,NA,NA,NA,NA,NA,NA,NA,NA,NA,NA,NA,NA,NA,NA,NA,NA,10,NA,33,857,7,NA,3,337,NA,NA,NA,5055,NA,11,NA,NA,NA,NA,NA,NA,NA,NA,NA,NA,NA,NA,NA,NA,NA,NA
"Titans D/ST","DST","TEN",NA,NA,NA,NA,NA,NA,NA,NA,NA,NA,NA,NA,NA,NA,NA,"-16010","ESPN","0508","ESPN","DST",NA,NA,NA,NA,NA,NA,NA,NA,NA,NA,NA,NA,NA,NA,NA,NA,NA,NA,NA,NA,8,NA,32,885,6,NA,3,346,NA,NA,NA,4838,NA,9,NA,NA,NA,NA,NA,NA,NA,NA,NA,NA,NA,NA,NA,NA,NA,NA
"Panthers D/ST","DST","CAR",NA,NA,NA,NA,NA,NA,NA,NA,NA,NA,NA,NA,NA,NA,NA,"-16029","ESPN","0527","ESPN","DST",NA,NA,NA,NA,NA,NA,NA,NA,NA,NA,NA,NA,NA,NA,NA,NA,NA,NA,NA,NA,9,NA,30,838,5,NA,3,351,NA,NA,NA,4917,NA,8,NA,NA,NA,NA,NA,NA,NA,NA,NA,NA,NA,NA,NA,NA,NA,NA
"Commanders D/ST","DST","WAS",NA,NA,NA,NA,NA,NA,NA,NA,NA,NA,NA,NA,NA,NA,NA,"-16028","ESPN","0520","ESPN","DST",NA,NA,NA,NA,NA,NA,NA,NA,NA,NA,NA,NA,NA,NA,NA,NA,NA,NA,NA,NA,10,NA,34,840,9,NA,4,346,NA,NA,NA,4838,NA,14,NA,NA,NA,NA,NA,NA,NA,NA,NA,NA,NA,NA,NA,NA,NA,NA
"Falcons D/ST","DST","ATL",NA,NA,NA,NA,NA,NA,NA,NA,NA,NA,NA,NA,NA,NA,NA,"-16001","ESPN","0526","ESPN","DST",NA,NA,NA,NA,NA,NA,NA,NA,NA,NA,NA,NA,NA,NA,NA,NA,NA,NA,NA,NA,10,NA,35,825,6,NA,3,339,NA,NA,NA,4745,NA,9,NA,NA,NA,NA,NA,NA,NA,NA,NA,NA,NA,NA,NA,NA,NA,NA
"Bills D/ST","DST","BUF",NA,NA,NA,NA,NA,NA,NA,NA,NA,NA,NA,NA,NA,NA,NA,"-16002","ESPN","0501","ESPN","DST",NA,NA,NA,NA,NA,NA,NA,NA,NA,NA,NA,NA,NA,NA,NA,NA,NA,NA,NA,NA,10,NA,35,842,7,NA,3,350,NA,NA,NA,4896,NA,11,NA,NA,NA,NA,NA,NA,NA,NA,NA,NA,NA,NA,NA,NA,NA,NA
"Raiders D/ST","DST","LV",NA,NA,NA,NA,NA,NA,NA,NA,NA,NA,NA,NA,NA,NA,NA,"-16013","ESPN","0513","ESPN","DST",NA,NA,NA,NA,NA,NA,NA,NA,NA,NA,NA,NA,NA,NA,NA,NA,NA,NA,NA,NA,9,NA,32,886,9,NA,3,348,NA,NA,NA,4868,NA,14,NA,NA,NA,NA,NA,NA,NA,NA,NA,NA,NA,NA,NA,NA,NA,NA
"Cardinals D/ST","DST","ARI",NA,NA,NA,NA,NA,NA,NA,NA,NA,NA,NA,NA,NA,NA,NA,"-16022","ESPN","0519","ESPN","DST",NA,NA,NA,NA,NA,NA,NA,NA,NA,NA,NA,NA,NA,NA,NA,NA,NA,NA,NA,NA,10,NA,29,882,6,NA,4,371,NA,NA,NA,5193,NA,9,NA,NA,NA,NA,NA,NA,NA,NA,NA,NA,NA,NA,NA,NA,NA,NA
"Dolphins D/ST","DST","MIA",NA,NA,NA,NA,NA,NA,NA,NA,NA,NA,NA,NA,NA,NA,NA,"-16015","ESPN","0503","ESPN","DST",NA,NA,NA,NA,NA,NA,NA,NA,NA,NA,NA,NA,NA,NA,NA,NA,NA,NA,NA,NA,9,NA,29,930,5,NA,4,362,NA,NA,NA,5074,NA,7,NA,NA,NA,NA,NA,NA,NA,NA,NA,NA,NA,NA,NA,NA,NA,NA
"Josh Allen","QB","BUF",NA,504.5,341.7,3889,NA,26.8,11.7,NA,115.5,577.8,NA,11.1,4.1,367.1,NA,"17298","FantasyPros","13589","FantasyPros","QB",NA,NA,NA,NA,NA,NA,NA,NA,NA,NA,NA,NA,NA,NA,NA,NA,NA,NA,NA,NA,NA,NA,NA,NA,NA,NA,NA,NA,NA,NA,NA,NA,NA,NA,NA,NA,NA,NA,7,NA,NA,NA,NA,NA,NA,NA,NA,NA,NA,NA
"Lamar Jackson","QB","BAL",NA,459.1,297,3715.1,NA,28.2,9.5,NA,119.2,655,NA,3.2,4.2,328.1,NA,"17233","FantasyPros","13593","FantasyPros","QB",NA,NA,NA,NA,NA,NA,NA,NA,NA,NA,NA,NA,NA,NA,NA,NA,NA,NA,NA,NA,NA,NA,NA,NA,NA,NA,NA,NA,NA,NA,NA,NA,NA,NA,NA,NA,NA,NA,13,NA,NA,NA,NA,NA,NA,NA,NA,NA,NA,NA
"Drake Maye","QB","NE",NA,512.1,352.3,4142.7,NA,27.6,10.7,NA,98.2,480.6,NA,3.8,5.6,324.8,NA,"23046","FantasyPros","16580","FantasyPros","QB",NA,NA,NA,NA,NA,NA,NA,NA,NA,NA,NA,NA,NA,NA,NA,NA,NA,NA,NA,NA,NA,NA,NA,NA,NA,NA,NA,NA,NA,NA,NA,NA,NA,NA,NA,NA,NA,NA,11,NA,NA,NA,NA,NA,NA,NA,NA,NA,NA,NA
"Jalen Hurts","QB","PHI",NA,500.5,325.1,3638.4,NA,24,8.1,NA,109.7,463.4,NA,8.3,4,321.8,NA,"19275","FantasyPros","14783","FantasyPros","QB",NA,NA,NA,NA,NA,NA,NA,NA,NA,NA,NA,NA,NA,NA,NA,NA,NA,NA,NA,NA,NA,NA,NA,NA,NA,NA,NA,NA,NA,NA,NA,NA,NA,NA,NA,NA,NA,NA,10,NA,NA,NA,NA,NA,NA,NA,NA,NA,NA,NA
"Dak Prescott","QB","DAL",NA,586.9,387.3,4328.3,NA,31.2,11.7,NA,54.4,207.9,NA,2.4,2.8,315.8,NA,"15600","FantasyPros","12620","FantasyPros","QB",NA,NA,NA,NA,NA,NA,NA,NA,NA,NA,NA,NA,NA,NA,NA,NA,NA,NA,NA,NA,NA,NA,NA,NA,NA,NA,NA,NA,NA,NA,NA,NA,NA,NA,NA,NA,NA,NA,14,NA,NA,NA,NA,NA,NA,NA,NA,NA,NA,NA
"Joe Burrow","QB","CIN",NA,595,396.9,4215.6,NA,33.4,11.5,NA,47.2,179.6,NA,1.5,1.9,313.7,NA,"19196","FantasyPros","14777","FantasyPros","QB",NA,NA,NA,NA,NA,NA,NA,NA,NA,NA,NA,NA,NA,NA,NA,NA,NA,NA,NA,NA,NA,NA,NA,NA,NA,NA,NA,NA,NA,NA,NA,NA,NA,NA,NA,NA,NA,NA,6,NA,NA,NA,NA,NA,NA,NA,NA,NA,NA,NA
"Jayden Daniels","QB","WAS",NA,497,320.8,3620.4,NA,22.9,11.3,NA,126.4,649.8,NA,4.7,2.8,312.6,NA,"22902","FantasyPros","16581","FantasyPros","QB",NA,NA,NA,NA,NA,NA,NA,NA,NA,NA,NA,NA,NA,NA,NA,NA,NA,NA,NA,NA,NA,NA,NA,NA,NA,NA,NA,NA,NA,NA,NA,NA,NA,NA,NA,NA,NA,NA,7,NA,NA,NA,NA,NA,NA,NA,NA,NA,NA,NA
"Trevor Lawrence","QB","JAC",NA,556.7,343.9,3992.1,NA,26.3,12.9,NA,81,361,NA,5.1,3.4,311.7,NA,"19780","FantasyPros","15237","FantasyPros","QB",NA,NA,NA,NA,NA,NA,NA,NA,NA,NA,NA,NA,NA,NA,NA,NA,NA,NA,NA,NA,NA,NA,NA,NA,NA,NA,NA,NA,NA,NA,NA,NA,NA,NA,NA,NA,NA,NA,7,NA,NA,NA,NA,NA,NA,NA,NA,NA,NA,NA
"Brock Purdy","QB","SF",NA,555.5,374.9,4219.5,NA,28.1,14.2,NA,70.8,304,NA,3.7,4.3,310.8,NA,"19797","FantasyPros","15698","FantasyPros","QB",NA,NA,NA,NA,NA,NA,NA,NA,NA,NA,NA,NA,NA,NA,NA,NA,NA,NA,NA,NA,NA,NA,NA,NA,NA,NA,NA,NA,NA,NA,NA,NA,NA,NA,NA,NA,NA,NA,8,NA,NA,NA,NA,NA,NA,NA,NA,NA,NA,NA
"Patrick Mahomes II","QB","KC",NA,559.8,356.5,3888.9,NA,27.4,11.7,NA,63.9,361.2,NA,3.4,2,305.8,NA,"16413","FantasyPros","13116","FantasyPros","QB",NA,NA,NA,NA,NA,NA,NA,NA,NA,NA,NA,NA,NA,NA,NA,NA,NA,NA,NA,NA,NA,NA,NA,NA,NA,NA,NA,NA,NA,NA,NA,NA,NA,NA,NA,NA,NA,NA,5,NA,NA,NA,NA,NA,NA,NA,NA,NA,NA,NA
"Jahmyr Gibbs","RB","DET",NA,NA,NA,NA,NA,NA,NA,NA,268.5,1419.3,NA,13.2,1.1,335.2,NA,"22968","FantasyPros","16162","FantasyPros","RB",NA,70.4,566.5,NA,NA,4.1,NA,NA,NA,NA,NA,NA,NA,NA,NA,NA,NA,NA,NA,NA,NA,NA,NA,NA,NA,NA,NA,NA,NA,NA,NA,NA,NA,NA,NA,NA,NA,NA,6,NA,NA,NA,NA,NA,NA,NA,NA,NA,NA,NA
"Bijan Robinson","RB","ATL",NA,NA,NA,NA,NA,NA,NA,NA,295.7,1426.1,NA,9,1.8,316.3,NA,"23133","FantasyPros","16161","FantasyPros","RB",NA,73.8,663.6,NA,NA,3.4,NA,NA,NA,NA,NA,NA,NA,NA,NA,NA,NA,NA,NA,NA,NA,NA,NA,NA,NA,NA,NA,NA,NA,NA,NA,NA,NA,NA,NA,NA,NA,NA,11,NA,NA,NA,NA,NA,NA,NA,NA,NA,NA,NA
"Christian McCaffrey","RB","SF",NA,NA,NA,NA,NA,NA,NA,NA,261.3,1087.8,NA,8.4,1.1,292,NA,"16393","FantasyPros","13130","FantasyPros","RB",NA,78.4,686.6,NA,NA,4.5,NA,NA,NA,NA,NA,NA,NA,NA,NA,NA,NA,NA,NA,NA,NA,NA,NA,NA,NA,NA,NA,NA,NA,NA,NA,NA,NA,NA,NA,NA,NA,NA,8,NA,NA,NA,NA,NA,NA,NA,NA,NA,NA,NA
"Jonathan Taylor","RB","IND",NA,NA,NA,NA,NA,NA,NA,NA,317.9,1465.4,NA,12.7,1.7,286.7,NA,"19217","FantasyPros","14802","FantasyPros","RB",NA,45.2,353.7,NA,NA,1.6,NA,NA,NA,NA,NA,NA,NA,NA,NA,NA,NA,NA,NA,NA,NA,NA,NA,NA,NA,NA,NA,NA,NA,NA,NA,NA,NA,NA,NA,NA,NA,NA,13,NA,NA,NA,NA,NA,NA,NA,NA,NA,NA,NA
"Derrick Henry","RB","BAL",NA,NA,NA,NA,NA,NA,NA,NA,319.5,1541.5,NA,13.2,1.7,267.7,NA,"15514","FantasyPros","12626","FantasyPros","RB",NA,21.6,210.8,NA,NA,1,NA,NA,NA,NA,NA,NA,NA,NA,NA,NA,NA,NA,NA,NA,NA,NA,NA,NA,NA,NA,NA,NA,NA,NA,NA,NA,NA,NA,NA,NA,NA,NA,13,NA,NA,NA,NA,NA,NA,NA,NA,NA,NA,NA
"De'Von Achane","RB","MIA",NA,NA,NA,NA,NA,NA,NA,NA,237.2,1200.2,NA,6.1,1,265.7,NA,"23136","FantasyPros","16167","FantasyPros","RB",NA,69.8,531.9,NA,NA,3.8,NA,NA,NA,NA,NA,NA,NA,NA,NA,NA,NA,NA,NA,NA,NA,NA,NA,NA,NA,NA,NA,NA,NA,NA,NA,NA,NA,NA,NA,NA,NA,NA,6,NA,NA,NA,NA,NA,NA,NA,NA,NA,NA,NA
"James Cook III","RB","BUF",NA,NA,NA,NA,NA,NA,NA,NA,297.7,1451.1,NA,10.5,2.4,255.1,NA,"22958","FantasyPros","15715","FantasyPros","RB",NA,30.7,260.2,NA,NA,1.7,NA,NA,NA,NA,NA,NA,NA,NA,NA,NA,NA,NA,NA,NA,NA,NA,NA,NA,NA,NA,NA,NA,NA,NA,NA,NA,NA,NA,NA,NA,NA,NA,7,NA,NA,NA,NA,NA,NA,NA,NA,NA,NA,NA
"Chase Brown","RB","CIN",NA,NA,NA,NA,NA,NA,NA,NA,249.9,1085.8,NA,7.7,1.1,253.2,NA,"25324","FantasyPros","16181","FantasyPros","RB",NA,65.2,444.3,NA,NA,4,NA,NA,NA,NA,NA,NA,NA,NA,NA,NA,NA,NA,NA,NA,NA,NA,NA,NA,NA,NA,NA,NA,NA,NA,NA,NA,NA,NA,NA,NA,NA,NA,6,NA,NA,NA,NA,NA,NA,NA,NA,NA,NA,NA
"Saquon Barkley","RB","PHI",NA,NA,NA,NA,NA,NA,NA,NA,295.7,1327.4,NA,8.3,1,251.7,NA,"17240","FantasyPros","13604","FantasyPros","RB",NA,45,353.3,NA,NA,2.2,NA,NA,NA,NA,NA,NA,NA,NA,NA,NA,NA,NA,NA,NA,NA,NA,NA,NA,NA,NA,NA,NA,NA,NA,NA,NA,NA,NA,NA,NA,NA,NA,10,NA,NA,NA,NA,NA,NA,NA,NA,NA,NA,NA
"Kenneth Walker III","RB","KC",NA,NA,NA,NA,NA,NA,NA,NA,264.5,1174.1,NA,8.7,0.9,234.4,NA,"23021","FantasyPros","15711","FantasyPros","RB",NA,45.3,346.9,NA,NA,1.5,NA,NA,NA,NA,NA,NA,NA,NA,NA,NA,NA,NA,NA,NA,NA,NA,NA,NA,NA,NA,NA,NA,NA,NA,NA,NA,NA,NA,NA,NA,NA,NA,5,NA,NA,NA,NA,NA,NA,NA,NA,NA,NA,NA
"Puka Nacua","WR","LAR",NA,NA,NA,NA,NA,NA,NA,NA,13,85,NA,1.1,1,279.8,NA,"23180","FantasyPros","16211","FantasyPros","WR",NA,117,1539,NA,NA,9,NA,NA,NA,NA,NA,NA,NA,NA,NA,NA,NA,NA,NA,NA,NA,NA,NA,NA,NA,NA,NA,NA,NA,NA,NA,NA,NA,NA,NA,NA,NA,NA,11,NA,NA,NA,NA,NA,NA,NA,NA,NA,NA,NA
"Ja'Marr Chase","WR","CIN",NA,NA,NA,NA,NA,NA,NA,NA,2.3,12.7,NA,0,1,277.1,NA,"19788","FantasyPros","15281","FantasyPros","WR",NA,122.5,1505.5,NA,NA,11,NA,NA,NA,NA,NA,NA,NA,NA,NA,NA,NA,NA,NA,NA,NA,NA,NA,NA,NA,NA,NA,NA,NA,NA,NA,NA,NA,NA,NA,NA,NA,NA,6,NA,NA,NA,NA,NA,NA,NA,NA,NA,NA,NA
"Amon-Ra St. Brown","WR","DET",NA,NA,NA,NA,NA,NA,NA,NA,4.6,19.6,NA,0.1,0.4,272.2,NA,"19799","FantasyPros","15287","FantasyPros","WR",NA,122.4,1451.8,NA,NA,10.7,NA,NA,NA,NA,NA,NA,NA,NA,NA,NA,NA,NA,NA,NA,NA,NA,NA,NA,NA,NA,NA,NA,NA,NA,NA,NA,NA,NA,NA,NA,NA,NA,6,NA,NA,NA,NA,NA,NA,NA,NA,NA,NA,NA
"Jaxon Smith-Njigba","WR","SEA",NA,NA,NA,NA,NA,NA,NA,NA,6.6,34.1,NA,0.1,1.1,269.2,NA,"23070","FantasyPros","16185","FantasyPros","WR",NA,109.9,1566,NA,NA,9.3,NA,NA,NA,NA,NA,NA,NA,NA,NA,NA,NA,NA,NA,NA,NA,NA,NA,NA,NA,NA,NA,NA,NA,NA,NA,NA,NA,NA,NA,NA,NA,NA,11,NA,NA,NA,NA,NA,NA,NA,NA,NA,NA,NA
"CeeDee Lamb","WR","DAL",NA,NA,NA,NA,NA,NA,NA,NA,4.1,20.6,NA,0.1,0.3,234.7,NA,"19202","FantasyPros","14832","FantasyPros","WR",NA,101.1,1345.2,NA,NA,7.9,NA,NA,NA,NA,NA,NA,NA,NA,NA,NA,NA,NA,NA,NA,NA,NA,NA,NA,NA,NA,NA,NA,NA,NA,NA,NA,NA,NA,NA,NA,NA,NA,14,NA,NA,NA,NA,NA,NA,NA,NA,NA,NA,NA
"Rashee Rice","WR","KC",NA,NA,NA,NA,NA,NA,NA,NA,4.3,19.5,NA,0.6,0.6,224.2,NA,"23113","FantasyPros","16194","FantasyPros","WR",NA,99.9,1134.1,NA,NA,9.3,NA,NA,NA,NA,NA,NA,NA,NA,NA,NA,NA,NA,NA,NA,NA,NA,NA,NA,NA,NA,NA,NA,NA,NA,NA,NA,NA,NA,NA,NA,NA,NA,5,NA,NA,NA,NA,NA,NA,NA,NA,NA,NA,NA
"Justin Jefferson","WR","MIN",NA,NA,NA,NA,NA,NA,NA,NA,1,4.2,NA,0,0.3,223.3,NA,"19236","FantasyPros","14836","FantasyPros","WR",NA,101.1,1296.8,NA,NA,7.2,NA,NA,NA,NA,NA,NA,NA,NA,NA,NA,NA,NA,NA,NA,NA,NA,NA,NA,NA,NA,NA,NA,NA,NA,NA,NA,NA,NA,NA,NA,NA,NA,6,NA,NA,NA,NA,NA,NA,NA,NA,NA,NA,NA
"Drake London","WR","ATL",NA,NA,NA,NA,NA,NA,NA,NA,0,0,NA,0,1,222.4,NA,"23163","FantasyPros","15751","FantasyPros","WR",NA,97.7,1263.4,NA,NA,8.2,NA,NA,NA,NA,NA,NA,NA,NA,NA,NA,NA,NA,NA,NA,NA,NA,NA,NA,NA,NA,NA,NA,NA,NA,NA,NA,NA,NA,NA,NA,NA,NA,11,NA,NA,NA,NA,NA,NA,NA,NA,NA,NA,NA
"A.J. Brown","WR","NE",NA,NA,NA,NA,NA,NA,NA,NA,0,0,NA,0,0.3,220,NA,"18218","FantasyPros","14104","FantasyPros","WR",NA,91.6,1272.8,NA,NA,7.9,NA,NA,NA,NA,NA,NA,NA,NA,NA,NA,NA,NA,NA,NA,NA,NA,NA,NA,NA,NA,NA,NA,NA,NA,NA,NA,NA,NA,NA,NA,NA,NA,11,NA,NA,NA,NA,NA,NA,NA,NA,NA,NA,NA
"Chris Olave","WR","NO",NA,NA,NA,NA,NA,NA,NA,NA,1.4,5.6,NA,0,0.3,213,NA,"20111","FantasyPros","15754","FantasyPros","WR",NA,96.1,1183.7,NA,NA,7.7,NA,NA,NA,NA,NA,NA,NA,NA,NA,NA,NA,NA,NA,NA,NA,NA,NA,NA,NA,NA,NA,NA,NA,NA,NA,NA,NA,NA,NA,NA,NA,NA,8,NA,NA,NA,NA,NA,NA,NA,NA,NA,NA,NA
"Trey McBride","TE","ARI",NA,NA,NA,NA,NA,NA,NA,NA,NA,NA,NA,NA,0.2,204.7,NA,"22936","FantasyPros","15794","FantasyPros","TE",NA,111.4,1100.2,NA,NA,6.6,NA,NA,NA,NA,NA,NA,NA,NA,NA,NA,NA,NA,NA,NA,NA,NA,NA,NA,NA,NA,NA,NA,NA,NA,NA,NA,NA,NA,NA,NA,NA,NA,14,NA,NA,NA,NA,NA,NA,NA,NA,NA,NA,NA
"Brock Bowers","TE","LV",NA,NA,NA,NA,NA,NA,NA,NA,NA,NA,NA,NA,0.2,192.4,NA,"22955","FantasyPros","16641","FantasyPros","TE",NA,93.9,991.4,NA,NA,6.8,NA,NA,NA,NA,NA,NA,NA,NA,NA,NA,NA,NA,NA,NA,NA,NA,NA,NA,NA,NA,NA,NA,NA,NA,NA,NA,NA,NA,NA,NA,NA,NA,13,NA,NA,NA,NA,NA,NA,NA,NA,NA,NA,NA
"Colston Loveland","TE","CHI",NA,NA,NA,NA,NA,NA,NA,NA,NA,NA,NA,NA,0.2,171.1,NA,"26006","FantasyPros","17104","FantasyPros","TE",NA,79.6,913.6,NA,NA,6.7,NA,NA,NA,NA,NA,NA,NA,NA,NA,NA,NA,NA,NA,NA,NA,NA,NA,NA,NA,NA,NA,NA,NA,NA,NA,NA,NA,NA,NA,NA,NA,NA,10,NA,NA,NA,NA,NA,NA,NA,NA,NA,NA,NA
"Tyler Warren","TE","IND",NA,NA,NA,NA,NA,NA,NA,NA,NA,NA,NA,NA,0.3,161.8,NA,"26434","FantasyPros","17102","FantasyPros","TE",NA,77.8,846.2,NA,NA,5.2,NA,NA,NA,NA,NA,NA,NA,NA,NA,NA,NA,NA,NA,NA,NA,NA,NA,NA,NA,NA,NA,NA,NA,NA,NA,NA,NA,NA,NA,NA,NA,NA,13,NA,NA,NA,NA,NA,NA,NA,NA,NA,NA,NA
"Harold Fannin Jr.","TE","CLE",NA,NA,NA,NA,NA,NA,NA,NA,NA,NA,NA,NA,0.8,158.6,NA,"27050","FantasyPros","17103","FantasyPros","TE",NA,79.5,790.5,NA,NA,5.2,NA,NA,NA,NA,NA,NA,NA,NA,NA,NA,NA,NA,NA,NA,NA,NA,NA,NA,NA,NA,NA,NA,NA,NA,NA,NA,NA,NA,NA,NA,NA,NA,11,NA,NA,NA,NA,NA,NA,NA,NA,NA,NA,NA
"George Kittle","TE","SF",NA,NA,NA,NA,NA,NA,NA,NA,NA,NA,NA,NA,0.2,156.2,NA,"16499","FantasyPros","13299","FantasyPros","TE",NA,72.1,829.1,NA,NA,6.3,NA,NA,NA,NA,NA,NA,NA,NA,NA,NA,NA,NA,NA,NA,NA,NA,NA,NA,NA,NA,NA,NA,NA,NA,NA,NA,NA,NA,NA,NA,NA,NA,8,NA,NA,NA,NA,NA,NA,NA,NA,NA,NA,NA
"Sam LaPorta","TE","DET",NA,NA,NA,NA,NA,NA,NA,NA,NA,NA,NA,NA,0.2,155.9,NA,"22978","FantasyPros","16214","FantasyPros","TE",NA,73.4,842.4,NA,NA,5.9,NA,NA,NA,NA,NA,NA,NA,NA,NA,NA,NA,NA,NA,NA,NA,NA,NA,NA,NA,NA,NA,NA,NA,NA,NA,NA,NA,NA,NA,NA,NA,NA,6,NA,NA,NA,NA,NA,NA,NA,NA,NA,NA,NA
"Dallas Goedert","TE","PHI",NA,NA,NA,NA,NA,NA,NA,NA,NA,NA,NA,NA,0.2,150.3,NA,"17270","FantasyPros","13674","FantasyPros","TE",NA,69.6,730.3,NA,NA,7.1,NA,NA,NA,NA,NA,NA,NA,NA,NA,NA,NA,NA,NA,NA,NA,NA,NA,NA,NA,NA,NA,NA,NA,NA,NA,NA,NA,NA,NA,NA,NA,NA,10,NA,NA,NA,NA,NA,NA,NA,NA,NA,NA,NA
"Travis Kelce","TE","KC",NA,NA,NA,NA,NA,NA,NA,NA,NA,NA,NA,NA,0.3,148,NA,"11594","FantasyPros","11244","FantasyPros","TE",NA,75.4,796.7,NA,NA,5.2,NA,NA,NA,NA,NA,NA,NA,NA,NA,NA,NA,NA,NA,NA,NA,NA,NA,NA,NA,NA,NA,NA,NA,NA,NA,NA,NA,NA,NA,NA,NA,NA,5,NA,NA,NA,NA,NA,NA,NA,NA,NA,NA,NA
"Tucker Kraft","TE","GB",NA,NA,NA,NA,NA,NA,NA,NA,NA,NA,NA,NA,0.2,143.8,NA,"25298","FantasyPros","16222","FantasyPros","TE",NA,59.9,777,NA,NA,6.1,NA,NA,NA,NA,NA,NA,NA,NA,NA,NA,NA,NA,NA,NA,NA,NA,NA,NA,NA,NA,NA,NA,NA,NA,NA,NA,NA,NA,NA,NA,NA,NA,11,NA,NA,NA,NA,NA,NA,NA,NA,NA,NA,NA
"Brandon Aubrey","K","DAL",NA,NA,NA,NA,NA,NA,NA,NA,NA,NA,NA,NA,NA,151.4,NA,"26068","FantasyPros","16414","FantasyPros","K",NA,NA,NA,NA,NA,NA,34.8,39.5,NA,NA,NA,NA,NA,NA,NA,NA,NA,NA,47,NA,NA,NA,NA,NA,NA,NA,NA,NA,NA,NA,NA,NA,NA,NA,NA,NA,NA,NA,14,NA,NA,NA,NA,NA,NA,NA,NA,NA,NA,NA
"Jason Myers","K","SEA",NA,NA,NA,NA,NA,NA,NA,NA,NA,NA,NA,NA,NA,150.4,NA,"14003","FantasyPros","12437","FantasyPros","K",NA,NA,NA,NA,NA,NA,34.7,39.6,NA,NA,NA,NA,NA,NA,NA,NA,NA,NA,46.3,NA,NA,NA,NA,NA,NA,NA,NA,NA,NA,NA,NA,NA,NA,NA,NA,NA,NA,NA,11,NA,NA,NA,NA,NA,NA,NA,NA,NA,NA,NA
"Ka'imi Fairbairn","K","HOU",NA,NA,NA,NA,NA,NA,NA,NA,NA,NA,NA,NA,NA,144.5,NA,"15756","FantasyPros","12860","FantasyPros","K",NA,NA,NA,NA,NA,NA,36.3,40.5,NA,NA,NA,NA,NA,NA,NA,NA,NA,NA,35.6,NA,NA,NA,NA,NA,NA,NA,NA,NA,NA,NA,NA,NA,NA,NA,NA,NA,NA,NA,8,NA,NA,NA,NA,NA,NA,NA,NA,NA,NA,NA
"Cameron Dicker","K","LAC",NA,NA,NA,NA,NA,NA,NA,NA,NA,NA,NA,NA,NA,142.7,NA,"23901","FantasyPros","15979","FantasyPros","K",NA,NA,NA,NA,NA,NA,34.3,37.6,NA,NA,NA,NA,NA,NA,NA,NA,NA,NA,39.8,NA,NA,NA,NA,NA,NA,NA,NA,NA,NA,NA,NA,NA,NA,NA,NA,NA,NA,NA,7,NA,NA,NA,NA,NA,NA,NA,NA,NA,NA,NA
"Jake Bates","K","DET",NA,NA,NA,NA,NA,NA,NA,NA,NA,NA,NA,NA,NA,135.9,NA,"26075","FantasyPros","16846","FantasyPros","K",NA,NA,NA,NA,NA,NA,28.3,33.8,NA,NA,NA,NA,NA,NA,NA,NA,NA,NA,51.1,NA,NA,NA,NA,NA,NA,NA,NA,NA,NA,NA,NA,NA,NA,NA,NA,NA,NA,NA,6,NA,NA,NA,NA,NA,NA,NA,NA,NA,NA,NA
"Harrison Mevis","K","LAR",NA,NA,NA,NA,NA,NA,NA,NA,NA,NA,NA,NA,NA,135.3,NA,"26638","FantasyPros","16843","FantasyPros","K",NA,NA,NA,NA,NA,NA,27,30.2,NA,NA,NA,NA,NA,NA,NA,NA,NA,NA,54.4,NA,NA,NA,NA,NA,NA,NA,NA,NA,NA,NA,NA,NA,NA,NA,NA,NA,NA,NA,11,NA,NA,NA,NA,NA,NA,NA,NA,NA,NA,NA
"Spencer Shrader","K","IND",NA,NA,NA,NA,NA,NA,NA,NA,NA,NA,NA,NA,NA,135.2,NA,"26763","FantasyPros","16896","FantasyPros","K",NA,NA,NA,NA,NA,NA,30.6,35.2,NA,NA,NA,NA,NA,NA,NA,NA,NA,NA,43.4,NA,NA,NA,NA,NA,NA,NA,NA,NA,NA,NA,NA,NA,NA,NA,NA,NA,NA,NA,13,NA,NA,NA,NA,NA,NA,NA,NA,NA,NA,NA
"Cairo Santos","K","CHI",NA,NA,NA,NA,NA,NA,NA,NA,NA,NA,NA,NA,NA,133.2,NA,"13731","FantasyPros","11945","FantasyPros","K",NA,NA,NA,NA,NA,NA,30,34.5,NA,NA,NA,NA,NA,NA,NA,NA,NA,NA,43.2,NA,NA,NA,NA,NA,NA,NA,NA,NA,NA,NA,NA,NA,NA,NA,NA,NA,NA,NA,10,NA,NA,NA,NA,NA,NA,NA,NA,NA,NA,NA
"Chase McLaughlin","K","TB",NA,NA,NA,NA,NA,NA,NA,NA,NA,NA,NA,NA,NA,132.8,NA,"19058","FantasyPros","14717","FantasyPros","K",NA,NA,NA,NA,NA,NA,31.5,36.2,NA,NA,NA,NA,NA,NA,NA,NA,NA,NA,38.2,NA,NA,NA,NA,NA,NA,NA,NA,NA,NA,NA,NA,NA,NA,NA,NA,NA,NA,NA,10,NA,NA,NA,NA,NA,NA,NA,NA,NA,NA,NA
"Eddy Pineiro","K","SF",NA,NA,NA,NA,NA,NA,NA,NA,NA,NA,NA,NA,NA,132.5,NA,"17575","FantasyPros","13719","FantasyPros","K",NA,NA,NA,NA,NA,NA,31,34.7,NA,NA,NA,NA,NA,NA,NA,NA,NA,NA,39.4,NA,NA,NA,NA,NA,NA,NA,NA,NA,NA,NA,NA,NA,NA,NA,NA,NA,NA,NA,8,NA,NA,NA,NA,NA,NA,NA,NA,NA,NA,NA
"Houston Texans","DST",NA,NA,NA,NA,NA,NA,NA,NA,NA,NA,NA,NA,NA,NA,120.3,NA,"8120","FantasyPros","0532","FantasyPros","DST",NA,NA,NA,NA,NA,NA,NA,NA,NA,NA,NA,NA,NA,NA,NA,NA,NA,NA,NA,NA,14.4,1,49.6,NA,11.6,18.3,2.8,322.2,NA,NA,NA,5060,NA,NA,NA,NA,NA,NA,8,NA,NA,NA,NA,NA,NA,NA,NA,NA,NA,NA
"Denver Broncos","DST",NA,NA,NA,NA,NA,NA,NA,NA,NA,NA,NA,NA,NA,NA,116.9,NA,"8090","FantasyPros","0511","FantasyPros","DST",NA,NA,NA,NA,NA,NA,NA,NA,NA,NA,NA,NA,NA,NA,NA,NA,NA,NA,NA,NA,13.3,0.5,58.4,NA,8.3,12.3,2.4,318.5,NA,NA,NA,4836.6,NA,NA,NA,NA,NA,NA,10,NA,NA,NA,NA,NA,NA,NA,NA,NA,NA,NA
"Minnesota Vikings","DST",NA,NA,NA,NA,NA,NA,NA,NA,NA,NA,NA,NA,NA,NA,113.1,NA,"8170","FantasyPros","0524","FantasyPros","DST",NA,NA,NA,NA,NA,NA,NA,NA,NA,NA,NA,NA,NA,NA,NA,NA,NA,NA,NA,NA,12.7,0,49.4,NA,12.1,18.2,2.3,356.4,NA,NA,NA,5241.6,NA,NA,NA,NA,NA,NA,6,NA,NA,NA,NA,NA,NA,NA,NA,NA,NA,NA
"Pittsburgh Steelers","DST",NA,NA,NA,NA,NA,NA,NA,NA,NA,NA,NA,NA,NA,NA,112.4,NA,"8240","FantasyPros","0510","FantasyPros","DST",NA,NA,NA,NA,NA,NA,NA,NA,NA,NA,NA,NA,NA,NA,NA,NA,NA,NA,NA,NA,13.3,0,45.8,NA,12.9,18.9,2.4,346.1,NA,NA,NA,5429.1,NA,NA,NA,NA,NA,NA,9,NA,NA,NA,NA,NA,NA,NA,NA,NA,NA,NA
"Seattle Seahawks","DST",NA,NA,NA,NA,NA,NA,NA,NA,NA,NA,NA,NA,NA,NA,110.6,NA,"8260","FantasyPros","0515","FantasyPros","DST",NA,NA,NA,NA,NA,NA,NA,NA,NA,NA,NA,NA,NA,NA,NA,NA,NA,NA,NA,NA,13.6,0.5,46.4,NA,8.4,13.6,3.2,313.6,NA,NA,NA,5115,NA,NA,NA,NA,NA,NA,11,NA,NA,NA,NA,NA,NA,NA,NA,NA,NA,NA
"Los Angeles Rams","DST",NA,NA,NA,NA,NA,NA,NA,NA,NA,NA,NA,NA,NA,NA,109.3,NA,"8280","FantasyPros","0528","FantasyPros","DST",NA,NA,NA,NA,NA,NA,NA,NA,NA,NA,NA,NA,NA,NA,NA,NA,NA,NA,NA,NA,13.4,0.5,48.4,NA,9.5,14.5,2.4,341.5,NA,NA,NA,5155.7,NA,NA,NA,NA,NA,NA,11,NA,NA,NA,NA,NA,NA,NA,NA,NA,NA,NA
"Los Angeles Chargers","DST",NA,NA,NA,NA,NA,NA,NA,NA,NA,NA,NA,NA,NA,NA,108.8,NA,"8250","FantasyPros","0514","FantasyPros","DST",NA,NA,NA,NA,NA,NA,NA,NA,NA,NA,NA,NA,NA,NA,NA,NA,NA,NA,NA,NA,15.3,0,48.9,NA,8.7,12.8,2,366.1,NA,NA,NA,5465.8,NA,NA,NA,NA,NA,NA,7,NA,NA,NA,NA,NA,NA,NA,NA,NA,NA,NA
"Buffalo Bills","DST",NA,NA,NA,NA,NA,NA,NA,NA,NA,NA,NA,NA,NA,NA,107,NA,"8030","FantasyPros","0501","FantasyPros","DST",NA,NA,NA,NA,NA,NA,NA,NA,NA,NA,NA,NA,NA,NA,NA,NA,NA,NA,NA,NA,14.6,0.5,42.7,NA,9.7,12.8,2.5,392.1,NA,NA,NA,5726.6,NA,NA,NA,NA,NA,NA,7,NA,NA,NA,NA,NA,NA,NA,NA,NA,NA,NA
"Detroit Lions","DST",NA,NA,NA,NA,NA,NA,NA,NA,NA,NA,NA,NA,NA,NA,106.9,NA,"8100","FantasyPros","0522","FantasyPros","DST",NA,NA,NA,NA,NA,NA,NA,NA,NA,NA,NA,NA,NA,NA,NA,NA,NA,NA,NA,NA,13.4,0.5,48.1,NA,9,13.9,2.2,373.4,NA,NA,NA,5442.8,NA,NA,NA,NA,NA,NA,6,NA,NA,NA,NA,NA,NA,NA,NA,NA,NA,NA
"Atlanta Falcons","DST",NA,NA,NA,NA,NA,NA,NA,NA,NA,NA,NA,NA,NA,NA,105,NA,"8010","FantasyPros","0526","FantasyPros","DST",NA,NA,NA,NA,NA,NA,NA,NA,NA,NA,NA,NA,NA,NA,NA,NA,NA,NA,NA,NA,12.6,0.5,49.3,NA,7.9,12.1,2.3,419.2,NA,NA,NA,5670.7,NA,NA,NA,NA,NA,NA,11,NA,NA,NA,NA,NA,NA,NA,NA,NA,NA,NA
"Josh Allen","QB","BUF",NA,479,326,3787,NA,26,9,NA,113,567,NA,12,NA,422.1,NA,"16228","FFToday","13589","FFToday","QB",NA,NA,NA,NA,NA,NA,NA,NA,NA,NA,NA,NA,NA,NA,NA,NA,NA,NA,NA,NA,NA,NA,NA,NA,NA,NA,NA,NA,NA,NA,NA,NA,NA,NA,NA,NA,NA,NA,NA,7,NA,NA,NA,NA,NA,NA,NA,NA,NA,NA
"Drake Maye","QB","NE",NA,494,341,4049,NA,28,9,NA,96,433,NA,3,NA,375.8,NA,"19046","FFToday","16580","FFToday","QB",NA,NA,NA,NA,NA,NA,NA,NA,NA,NA,NA,NA,NA,NA,NA,NA,NA,NA,NA,NA,NA,NA,NA,NA,NA,NA,NA,NA,NA,NA,NA,NA,NA,NA,NA,NA,NA,NA,NA,11,NA,NA,NA,NA,NA,NA,NA,NA,NA,NA
"Lamar Jackson","QB","BAL",NA,475,304,3704,NA,26,8,NA,127,646,NA,3,NA,371.8,NA,"16255","FFToday","13593","FFToday","QB",NA,NA,NA,NA,NA,NA,NA,NA,NA,NA,NA,NA,NA,NA,NA,NA,NA,NA,NA,NA,NA,NA,NA,NA,NA,NA,NA,NA,NA,NA,NA,NA,NA,NA,NA,NA,NA,NA,NA,13,NA,NA,NA,NA,NA,NA,NA,NA,NA,NA
"Jayden Daniels","QB","WAS",NA,496,327,3770,NA,23,11,NA,119,642,NA,4,NA,368.7,NA,"18946","FFToday","16581","FFToday","QB",NA,NA,NA,NA,NA,NA,NA,NA,NA,NA,NA,NA,NA,NA,NA,NA,NA,NA,NA,NA,NA,NA,NA,NA,NA,NA,NA,NA,NA,NA,NA,NA,NA,NA,NA,NA,NA,NA,NA,7,NA,NA,NA,NA,NA,NA,NA,NA,NA,NA
"Jalen Hurts","QB","PHI",NA,494,321,3556,NA,23,7,NA,111,456,NA,8,NA,363.4,NA,"17116","FFToday","14783","FFToday","QB",NA,NA,NA,NA,NA,NA,NA,NA,NA,NA,NA,NA,NA,NA,NA,NA,NA,NA,NA,NA,NA,NA,NA,NA,NA,NA,NA,NA,NA,NA,NA,NA,NA,NA,NA,NA,NA,NA,NA,10,NA,NA,NA,NA,NA,NA,NA,NA,NA,NA
"Joe Burrow","QB","CIN",NA,581,390,4128,NA,33,10,NA,61,182,NA,1,NA,362.6,NA,"17028","FFToday","14777","FFToday","QB",NA,NA,NA,NA,NA,NA,NA,NA,NA,NA,NA,NA,NA,NA,NA,NA,NA,NA,NA,NA,NA,NA,NA,NA,NA,NA,NA,NA,NA,NA,NA,NA,NA,NA,NA,NA,NA,NA,NA,6,NA,NA,NA,NA,NA,NA,NA,NA,NA,NA
"Bo Nix","QB","DEN",NA,527,338,3850,NA,27,12,NA,82,362,NA,4,NA,360.7,NA,"19071","FFToday","16582","FFToday","QB",NA,NA,NA,NA,NA,NA,NA,NA,NA,NA,NA,NA,NA,NA,NA,NA,NA,NA,NA,NA,NA,NA,NA,NA,NA,NA,NA,NA,NA,NA,NA,NA,NA,NA,NA,NA,NA,NA,NA,10,NA,NA,NA,NA,NA,NA,NA,NA,NA,NA
"Brock Purdy","QB","SF",NA,555,377,4159,NA,26,13,NA,65,286,NA,3,NA,358.6,NA,"18184","FFToday","15698","FFToday","QB",NA,NA,NA,NA,NA,NA,NA,NA,NA,NA,NA,NA,NA,NA,NA,NA,NA,NA,NA,NA,NA,NA,NA,NA,NA,NA,NA,NA,NA,NA,NA,NA,NA,NA,NA,NA,NA,NA,NA,8,NA,NA,NA,NA,NA,NA,NA,NA,NA,NA
"Dak Prescott","QB","DAL",NA,572,377,4289,NA,30,10,NA,45,161,NA,1,NA,356.6,NA,"15681","FFToday","12620","FFToday","QB",NA,NA,NA,NA,NA,NA,NA,NA,NA,NA,NA,NA,NA,NA,NA,NA,NA,NA,NA,NA,NA,NA,NA,NA,NA,NA,NA,NA,NA,NA,NA,NA,NA,NA,NA,NA,NA,NA,NA,14,NA,NA,NA,NA,NA,NA,NA,NA,NA,NA
"Jared Goff","QB","DET",NA,572,383,4459,NA,32,10,NA,23,50,NA,0,NA,356,NA,"15589","FFToday","12611","FFToday","QB",NA,NA,NA,NA,NA,NA,NA,NA,NA,NA,NA,NA,NA,NA,NA,NA,NA,NA,NA,NA,NA,NA,NA,NA,NA,NA,NA,NA,NA,NA,NA,NA,NA,NA,NA,NA,NA,NA,NA,6,NA,NA,NA,NA,NA,NA,NA,NA,NA,NA
"Caleb Williams","QB","CHI",NA,538,333,3871,NA,27,8,NA,88,412,NA,2,NA,354.8,NA,"19147","FFToday","16579","FFToday","QB",NA,NA,NA,NA,NA,NA,NA,NA,NA,NA,NA,NA,NA,NA,NA,NA,NA,NA,NA,NA,NA,NA,NA,NA,NA,NA,NA,NA,NA,NA,NA,NA,NA,NA,NA,NA,NA,NA,NA,10,NA,NA,NA,NA,NA,NA,NA,NA,NA,NA
"Justin Herbert","QB","LAC",NA,534,352,3952,NA,25,11,NA,74,427,NA,2,NA,352.3,NA,"17102","FFToday","14779","FFToday","QB",NA,NA,NA,NA,NA,NA,NA,NA,NA,NA,NA,NA,NA,NA,NA,NA,NA,NA,NA,NA,NA,NA,NA,NA,NA,NA,NA,NA,NA,NA,NA,NA,NA,NA,NA,NA,NA,NA,NA,7,NA,NA,NA,NA,NA,NA,NA,NA,NA,NA
"Trevor Lawrence","QB","JAC",NA,541,335,3948,NA,25,11,NA,67,301,NA,4,NA,351.5,NA,"17624","FFToday","15237","FFToday","QB",NA,NA,NA,NA,NA,NA,NA,NA,NA,NA,NA,NA,NA,NA,NA,NA,NA,NA,NA,NA,NA,NA,NA,NA,NA,NA,NA,NA,NA,NA,NA,NA,NA,NA,NA,NA,NA,NA,NA,7,NA,NA,NA,NA,NA,NA,NA,NA,NA,NA
"Jaxson Dart","QB","NYG",NA,517,331,3570,NA,20,9,NA,103,564,NA,6,NA,350.9,NA,"19347","FFToday","17032","FFToday","QB",NA,NA,NA,NA,NA,NA,NA,NA,NA,NA,NA,NA,NA,NA,NA,NA,NA,NA,NA,NA,NA,NA,NA,NA,NA,NA,NA,NA,NA,NA,NA,NA,NA,NA,NA,NA,NA,NA,NA,8,NA,NA,NA,NA,NA,NA,NA,NA,NA,NA
"Tyler Shough","QB","NO",NA,549,362,3951,NA,22,10,NA,94,377,NA,4,NA,347.3,NA,"19502","FFToday","17039","FFToday","QB",NA,NA,NA,NA,NA,NA,NA,NA,NA,NA,NA,NA,NA,NA,NA,NA,NA,NA,NA,NA,NA,NA,NA,NA,NA,NA,NA,NA,NA,NA,NA,NA,NA,NA,NA,NA,NA,NA,NA,8,NA,NA,NA,NA,NA,NA,NA,NA,NA,NA
"Matthew Stafford","QB","LAR",NA,544,359,4242,NA,33,9,NA,17,22,NA,0,NA,346.3,NA,"11001","FFToday","9431","FFToday","QB",NA,NA,NA,NA,NA,NA,NA,NA,NA,NA,NA,NA,NA,NA,NA,NA,NA,NA,NA,NA,NA,NA,NA,NA,NA,NA,NA,NA,NA,NA,NA,NA,NA,NA,NA,NA,NA,NA,NA,11,NA,NA,NA,NA,NA,NA,NA,NA,NA,NA
"Patrick Mahomes","QB","KC",NA,547,350,3831,NA,26,11,NA,57,315,NA,3,NA,345.1,NA,"15946","FFToday","13116","FFToday","QB",NA,NA,NA,NA,NA,NA,NA,NA,NA,NA,NA,NA,NA,NA,NA,NA,NA,NA,NA,NA,NA,NA,NA,NA,NA,NA,NA,NA,NA,NA,NA,NA,NA,NA,NA,NA,NA,NA,NA,5,NA,NA,NA,NA,NA,NA,NA,NA,NA,NA
"Kyler Murray","QB","MIN",NA,525,346,3672,NA,23,12,NA,85,494,NA,3,NA,343,NA,"16663","FFToday","14056","FFToday","QB",NA,NA,NA,NA,NA,NA,NA,NA,NA,NA,NA,NA,NA,NA,NA,NA,NA,NA,NA,NA,NA,NA,NA,NA,NA,NA,NA,NA,NA,NA,NA,NA,NA,NA,NA,NA,NA,NA,NA,6,NA,NA,NA,NA,NA,NA,NA,NA,NA,NA
"Jordan Love","QB","GB",NA,516,336,4026,NA,26,10,NA,52,217,NA,1,NA,333,NA,"17146","FFToday","14782","FFToday","QB",NA,NA,NA,NA,NA,NA,NA,NA,NA,NA,NA,NA,NA,NA,NA,NA,NA,NA,NA,NA,NA,NA,NA,NA,NA,NA,NA,NA,NA,NA,NA,NA,NA,NA,NA,NA,NA,NA,NA,11,NA,NA,NA,NA,NA,NA,NA,NA,NA,NA
"Sam Darnold","QB","SEA",NA,510,337,4130,NA,26,13,NA,40,125,NA,1,NA,329,NA,"16316","FFToday","13592","FFToday","QB",NA,NA,NA,NA,NA,NA,NA,NA,NA,NA,NA,NA,NA,NA,NA,NA,NA,NA,NA,NA,NA,NA,NA,NA,NA,NA,NA,NA,NA,NA,NA,NA,NA,NA,NA,NA,NA,NA,NA,11,NA,NA,NA,NA,NA,NA,NA,NA,NA,NA
"Baker Mayfield","QB","TB",NA,543,353,3750,NA,24,12,NA,60,366,NA,1,NA,326.1,NA,"16116","FFToday","13590","FFToday","QB",NA,NA,NA,NA,NA,NA,NA,NA,NA,NA,NA,NA,NA,NA,NA,NA,NA,NA,NA,NA,NA,NA,NA,NA,NA,NA,NA,NA,NA,NA,NA,NA,NA,NA,NA,NA,NA,NA,NA,10,NA,NA,NA,NA,NA,NA,NA,NA,NA,NA
"Malik Willis","QB","MIA",NA,515,319,3450,NA,15,10,NA,124,657,NA,4,NA,322.2,NA,"18247","FFToday","15694","FFToday","QB",NA,NA,NA,NA,NA,NA,NA,NA,NA,NA,NA,NA,NA,NA,NA,NA,NA,NA,NA,NA,NA,NA,NA,NA,NA,NA,NA,NA,NA,NA,NA,NA,NA,NA,NA,NA,NA,NA,NA,6,NA,NA,NA,NA,NA,NA,NA,NA,NA,NA
"Daniel Jones","QB","IND",NA,492,329,3688,NA,21,12,NA,73,278,NA,3,NA,314.2,NA,"16624","FFToday","14059","FFToday","QB",NA,NA,NA,NA,NA,NA,NA,NA,NA,NA,NA,NA,NA,NA,NA,NA,NA,NA,NA,NA,NA,NA,NA,NA,NA,NA,NA,NA,NA,NA,NA,NA,NA,NA,NA,NA,NA,NA,NA,13,NA,NA,NA,NA,NA,NA,NA,NA,NA,NA
"C.J. Stroud","QB","HOU",NA,529,339,3759,NA,21,10,NA,51,218,NA,1,NA,299.8,NA,"18666","FFToday","16150","FFToday","QB",NA,NA,NA,NA,NA,NA,NA,NA,NA,NA,NA,NA,NA,NA,NA,NA,NA,NA,NA,NA,NA,NA,NA,NA,NA,NA,NA,NA,NA,NA,NA,NA,NA,NA,NA,NA,NA,NA,NA,8,NA,NA,NA,NA,NA,NA,NA,NA,NA,NA
"Bryce Young","QB","CAR",NA,524,336,3355,NA,22,10,NA,55,229,NA,3,NA,296.7,NA,"18704","FFToday","16148","FFToday","QB",NA,NA,NA,NA,NA,NA,NA,NA,NA,NA,NA,NA,NA,NA,NA,NA,NA,NA,NA,NA,NA,NA,NA,NA,NA,NA,NA,NA,NA,NA,NA,NA,NA,NA,NA,NA,NA,NA,NA,5,NA,NA,NA,NA,NA,NA,NA,NA,NA,NA
"Geno Smith","QB","NYJ",NA,540,351,3619,NA,21,14,NA,56,157,NA,1,NA,286.7,NA,"13362","FFToday","11150","FFToday","QB",NA,NA,NA,NA,NA,NA,NA,NA,NA,NA,NA,NA,NA,NA,NA,NA,NA,NA,NA,NA,NA,NA,NA,NA,NA,NA,NA,NA,NA,NA,NA,NA,NA,NA,NA,NA,NA,NA,NA,13,NA,NA,NA,NA,NA,NA,NA,NA,NA,NA
"Cam Ward","QB","TEN",NA,572,349,3662,NA,19,11,NA,49,207,NA,1,NA,285.8,NA,"19538","FFToday","17030","FFToday","QB",NA,NA,NA,NA,NA,NA,NA,NA,NA,NA,NA,NA,NA,NA,NA,NA,NA,NA,NA,NA,NA,NA,NA,NA,NA,NA,NA,NA,NA,NA,NA,NA,NA,NA,NA,NA,NA,NA,NA,9,NA,NA,NA,NA,NA,NA,NA,NA,NA,NA
"Aaron Rodgers","QB","PIT",NA,537,354,3649,NA,23,8,NA,29,80,NA,0,NA,282.5,NA,"2480","FFToday","7836","FFToday","QB",NA,NA,NA,NA,NA,NA,NA,NA,NA,NA,NA,NA,NA,NA,NA,NA,NA,NA,NA,NA,NA,NA,NA,NA,NA,NA,NA,NA,NA,NA,NA,NA,NA,NA,NA,NA,NA,NA,NA,9,NA,NA,NA,NA,NA,NA,NA,NA,NA,NA
"Jacoby Brissett","QB","ARI",NA,521,338,3645,NA,19,10,NA,43,178,NA,1,NA,282.1,NA,"15522","FFToday","12616","FFToday","QB",NA,NA,NA,NA,NA,NA,NA,NA,NA,NA,NA,NA,NA,NA,NA,NA,NA,NA,NA,NA,NA,NA,NA,NA,NA,NA,NA,NA,NA,NA,NA,NA,NA,NA,NA,NA,NA,NA,NA,14,NA,NA,NA,NA,NA,NA,NA,NA,NA,NA
"Fernando Mendoza","QB","LV",NA,426,264,2979,NA,15,10,NA,48,217,NA,1,NA,236.7,NA,"19797","FFToday","17462","FFToday","QB",NA,NA,NA,NA,NA,NA,NA,NA,NA,NA,NA,NA,NA,NA,NA,NA,NA,NA,NA,NA,NA,NA,NA,NA,NA,NA,NA,NA,NA,NA,NA,NA,NA,NA,NA,NA,NA,NA,NA,13,NA,NA,NA,NA,NA,NA,NA,NA,NA,NA
"Tua Tagovailoa","QB","ATL",NA,369,243,2544,NA,13,7,NA,18,42,NA,0,NA,183.4,NA,"17221","FFToday","14778","FFToday","QB",NA,NA,NA,NA,NA,NA,NA,NA,NA,NA,NA,NA,NA,NA,NA,NA,NA,NA,NA,NA,NA,NA,NA,NA,NA,NA,NA,NA,NA,NA,NA,NA,NA,NA,NA,NA,NA,NA,NA,11,NA,NA,NA,NA,NA,NA,NA,NA,NA,NA
"Deshaun Watson","QB","CLE",NA,288,184,2045,NA,10,7,NA,47,189,NA,1,NA,167.2,NA,"16031","FFToday","13113","FFToday","QB",NA,NA,NA,NA,NA,NA,NA,NA,NA,NA,NA,NA,NA,NA,NA,NA,NA,NA,NA,NA,NA,NA,NA,NA,NA,NA,NA,NA,NA,NA,NA,NA,NA,NA,NA,NA,NA,NA,NA,11,NA,NA,NA,NA,NA,NA,NA,NA,NA,NA
"Shedeur Sanders","QB","CLE",NA,268,156,1798,NA,10,8,NA,32,182,NA,1,NA,154.1,NA,"19495","FFToday","17031","FFToday","QB",NA,NA,NA,NA,NA,NA,NA,NA,NA,NA,NA,NA,NA,NA,NA,NA,NA,NA,NA,NA,NA,NA,NA,NA,NA,NA,NA,NA,NA,NA,NA,NA,NA,NA,NA,NA,NA,NA,NA,11,NA,NA,NA,NA,NA,NA,NA,NA,NA,NA
"Michael Penix Jr.","QB","ATL",NA,219,136,1555,NA,8,4,NA,15,46,NA,0,NA,114.4,NA,"19080","FFToday","16583","FFToday","QB",NA,NA,NA,NA,NA,NA,NA,NA,NA,NA,NA,NA,NA,NA,NA,NA,NA,NA,NA,NA,NA,NA,NA,NA,NA,NA,NA,NA,NA,NA,NA,NA,NA,NA,NA,NA,NA,NA,NA,11,NA,NA,NA,NA,NA,NA,NA,NA,NA,NA
"Kirk Cousins","QB","LV",NA,121,75,844,NA,6,5,NA,3,7,NA,0,NA,66.9,NA,"12376","FFToday","10700","FFToday","QB",NA,NA,NA,NA,NA,NA,NA,NA,NA,NA,NA,NA,NA,NA,NA,NA,NA,NA,NA,NA,NA,NA,NA,NA,NA,NA,NA,NA,NA,NA,NA,NA,NA,NA,NA,NA,NA,NA,NA,13,NA,NA,NA,NA,NA,NA,NA,NA,NA,NA
"Carson Beck","QB","ARI",NA,63,40,449,NA,3,2,NA,7,24,NA,0,NA,36.9,NA,"19741","FFToday","17466","FFToday","QB",NA,NA,NA,NA,NA,NA,NA,NA,NA,NA,NA,NA,NA,NA,NA,NA,NA,NA,NA,NA,NA,NA,NA,NA,NA,NA,NA,NA,NA,NA,NA,NA,NA,NA,NA,NA,NA,NA,NA,14,NA,NA,NA,NA,NA,NA,NA,NA,NA,NA
"Jameis Winston","QB","NYG",NA,35,20,277,NA,2,2,NA,2,8,NA,0,NA,22.7,NA,"15353","FFToday","12140","FFToday","QB",NA,NA,NA,NA,NA,NA,NA,NA,NA,NA,NA,NA,NA,NA,NA,NA,NA,NA,NA,NA,NA,NA,NA,NA,NA,NA,NA,NA,NA,NA,NA,NA,NA,NA,NA,NA,NA,NA,NA,8,NA,NA,NA,NA,NA,NA,NA,NA,NA,NA
"Riley Leonard","QB","IND",NA,37,23,259,NA,2,1,NA,2,9,NA,0,NA,21.9,NA,"19423","FFToday","17035","FFToday","QB",NA,NA,NA,NA,NA,NA,NA,NA,NA,NA,NA,NA,NA,NA,NA,NA,NA,NA,NA,NA,NA,NA,NA,NA,NA,NA,NA,NA,NA,NA,NA,NA,NA,NA,NA,NA,NA,NA,NA,13,NA,NA,NA,NA,NA,NA,NA,NA,NA,NA
"J.J. McCarthy","QB","MIN",NA,41,24,286,NA,1,1,NA,4,18,NA,0,NA,20.1,NA,"19048","FFToday","16584","FFToday","QB",NA,NA,NA,NA,NA,NA,NA,NA,NA,NA,NA,NA,NA,NA,NA,NA,NA,NA,NA,NA,NA,NA,NA,NA,NA,NA,NA,NA,NA,NA,NA,NA,NA,NA,NA,NA,NA,NA,NA,6,NA,NA,NA,NA,NA,NA,NA,NA,NA,NA
"Justin Fields","QB","KC",NA,35,22,237,NA,1,1,NA,4,19,NA,0,NA,17.8,NA,"17568","FFToday","15238","FFToday","QB",NA,NA,NA,NA,NA,NA,NA,NA,NA,NA,NA,NA,NA,NA,NA,NA,NA,NA,NA,NA,NA,NA,NA,NA,NA,NA,NA,NA,NA,NA,NA,NA,NA,NA,NA,NA,NA,NA,NA,5,NA,NA,NA,NA,NA,NA,NA,NA,NA,NA
"Davis Mills","QB","HOU",NA,32,20,221,NA,1,1,NA,2,4,NA,0,NA,15.5,NA,"17646","FFToday","15252","FFToday","QB",NA,NA,NA,NA,NA,NA,NA,NA,NA,NA,NA,NA,NA,NA,NA,NA,NA,NA,NA,NA,NA,NA,NA,NA,NA,NA,NA,NA,NA,NA,NA,NA,NA,NA,NA,NA,NA,NA,NA,8,NA,NA,NA,NA,NA,NA,NA,NA,NA,NA
"Joe Milton III","QB","DAL",NA,24,15,177,NA,1,1,NA,4,22,NA,0,NA,15.1,NA,"19059","FFToday","16585","FFToday","QB",NA,NA,NA,NA,NA,NA,NA,NA,NA,NA,NA,NA,NA,NA,NA,NA,NA,NA,NA,NA,NA,NA,NA,NA,NA,NA,NA,NA,NA,NA,NA,NA,NA,NA,NA,NA,NA,NA,NA,14,NA,NA,NA,NA,NA,NA,NA,NA,NA,NA
"Tyson Bagent","QB","CHI",NA,26,17,195,NA,1,0,NA,2,6,NA,0,NA,14.4,NA,"18718","FFToday","16384","FFToday","QB",NA,NA,NA,NA,NA,NA,NA,NA,NA,NA,NA,NA,NA,NA,NA,NA,NA,NA,NA,NA,NA,NA,NA,NA,NA,NA,NA,NA,NA,NA,NA,NA,NA,NA,NA,NA,NA,NA,NA,10,NA,NA,NA,NA,NA,NA,NA,NA,NA,NA
"Will Howard","QB","PIT",NA,26,16,186,NA,1,1,NA,2,7,NA,0,NA,14,NA,"19394","FFToday","17036","FFToday","QB",NA,NA,NA,NA,NA,NA,NA,NA,NA,NA,NA,NA,NA,NA,NA,NA,NA,NA,NA,NA,NA,NA,NA,NA,NA,NA,NA,NA,NA,NA,NA,NA,NA,NA,NA,NA,NA,NA,NA,9,NA,NA,NA,NA,NA,NA,NA,NA,NA,NA
"Kenny Pickett","QB","CAR",NA,25,16,185,NA,1,1,NA,3,6,NA,0,NA,13.9,NA,"18180","FFToday","15692","FFToday","QB",NA,NA,NA,NA,NA,NA,NA,NA,NA,NA,NA,NA,NA,NA,NA,NA,NA,NA,NA,NA,NA,NA,NA,NA,NA,NA,NA,NA,NA,NA,NA,NA,NA,NA,NA,NA,NA,NA,NA,5,NA,NA,NA,NA,NA,NA,NA,NA,NA,NA
"Cade Klubnik","QB","NYJ",NA,25,16,177,NA,1,1,NA,2,9,NA,0,NA,13.8,NA,"19732","FFToday","17467","FFToday","QB",NA,NA,NA,NA,NA,NA,NA,NA,NA,NA,NA,NA,NA,NA,NA,NA,NA,NA,NA,NA,NA,NA,NA,NA,NA,NA,NA,NA,NA,NA,NA,NA,NA,NA,NA,NA,NA,NA,NA,13,NA,NA,NA,NA,NA,NA,NA,NA,NA,NA
"Kyle Allen","QB","BUF",NA,26,16,181,NA,1,1,NA,2,6,NA,0,NA,13.7,NA,"16473","FFToday","13879","FFToday","QB",NA,NA,NA,NA,NA,NA,NA,NA,NA,NA,NA,NA,NA,NA,NA,NA,NA,NA,NA,NA,NA,NA,NA,NA,NA,NA,NA,NA,NA,NA,NA,NA,NA,NA,NA,NA,NA,NA,NA,7,NA,NA,NA,NA,NA,NA,NA,NA,NA,NA
"Mac Jones","QB","SF",NA,22,15,168,NA,1,0,NA,2,5,NA,0,NA,12.9,NA,"17617","FFToday","15241","FFToday","QB",NA,NA,NA,NA,NA,NA,NA,NA,NA,NA,NA,NA,NA,NA,NA,NA,NA,NA,NA,NA,NA,NA,NA,NA,NA,NA,NA,NA,NA,NA,NA,NA,NA,NA,NA,NA,NA,NA,NA,8,NA,NA,NA,NA,NA,NA,NA,NA,NA,NA
"Mitchell Trubisky","QB","TEN",NA,18,12,134,NA,1,1,NA,2,8,NA,0,NA,11.5,NA,"16022","FFToday","13115","FFToday","QB",NA,NA,NA,NA,NA,NA,NA,NA,NA,NA,NA,NA,NA,NA,NA,NA,NA,NA,NA,NA,NA,NA,NA,NA,NA,NA,NA,NA,NA,NA,NA,NA,NA,NA,NA,NA,NA,NA,NA,9,NA,NA,NA,NA,NA,NA,NA,NA,NA,NA
"Ty Simpson","QB","LAR",NA,19,11,132,NA,1,0,NA,1,5,NA,0,NA,11.1,NA,"19942","FFToday","17463","FFToday","QB",NA,NA,NA,NA,NA,NA,NA,NA,NA,NA,NA,NA,NA,NA,NA,NA,NA,NA,NA,NA,NA,NA,NA,NA,NA,NA,NA,NA,NA,NA,NA,NA,NA,NA,NA,NA,NA,NA,NA,11,NA,NA,NA,NA,NA,NA,NA,NA,NA,NA
"Jahmyr Gibbs","RB","DET",NA,NA,NA,NA,NA,NA,NA,NA,279,1422,NA,12,NA,295.4,NA,"18522","FFToday","16162","FFToday","RB",NA,72,572,NA,NA,4,NA,NA,NA,NA,NA,NA,NA,NA,NA,NA,NA,NA,NA,NA,NA,NA,NA,NA,NA,NA,NA,NA,NA,NA,NA,NA,NA,NA,NA,NA,NA,NA,NA,6,NA,NA,NA,NA,NA,NA,NA,NA,NA,NA
"Bijan Robinson","RB","ATL",NA,NA,NA,NA,NA,NA,NA,NA,280,1402,NA,9,NA,282.9,NA,"18630","FFToday","16161","FFToday","RB",NA,84,707,NA,NA,3,NA,NA,NA,NA,NA,NA,NA,NA,NA,NA,NA,NA,NA,NA,NA,NA,NA,NA,NA,NA,NA,NA,NA,NA,NA,NA,NA,NA,NA,NA,NA,NA,NA,11,NA,NA,NA,NA,NA,NA,NA,NA,NA,NA
"Christian McCaffrey","RB","SF",NA,NA,NA,NA,NA,NA,NA,NA,279,1144,NA,9,NA,263.9,NA,"15950","FFToday","13130","FFToday","RB",NA,82,715,NA,NA,4,NA,NA,NA,NA,NA,NA,NA,NA,NA,NA,NA,NA,NA,NA,NA,NA,NA,NA,NA,NA,NA,NA,NA,NA,NA,NA,NA,NA,NA,NA,NA,NA,NA,8,NA,NA,NA,NA,NA,NA,NA,NA,NA,NA
"Jonathan Taylor","RB","IND",NA,NA,NA,NA,NA,NA,NA,NA,299,1436,NA,12,NA,252.6,NA,"17224","FFToday","14802","FFToday","RB",NA,39,310,NA,NA,1,NA,NA,NA,NA,NA,NA,NA,NA,NA,NA,NA,NA,NA,NA,NA,NA,NA,NA,NA,NA,NA,NA,NA,NA,NA,NA,NA,NA,NA,NA,NA,NA,NA,13,NA,NA,NA,NA,NA,NA,NA,NA,NA,NA
"Derrick Henry","RB","BAL",NA,NA,NA,NA,NA,NA,NA,NA,321,1572,NA,12,NA,243.6,NA,"15602","FFToday","12626","FFToday","RB",NA,16,144,NA,NA,0,NA,NA,NA,NA,NA,NA,NA,NA,NA,NA,NA,NA,NA,NA,NA,NA,NA,NA,NA,NA,NA,NA,NA,NA,NA,NA,NA,NA,NA,NA,NA,NA,NA,13,NA,NA,NA,NA,NA,NA,NA,NA,NA,NA
"James Cook","RB","BUF",NA,NA,NA,NA,NA,NA,NA,NA,275,1377,NA,11,NA,243.2,NA,"18046","FFToday","15715","FFToday","RB",NA,32,275,NA,NA,2,NA,NA,NA,NA,NA,NA,NA,NA,NA,NA,NA,NA,NA,NA,NA,NA,NA,NA,NA,NA,NA,NA,NA,NA,NA,NA,NA,NA,NA,NA,NA,NA,NA,7,NA,NA,NA,NA,NA,NA,NA,NA,NA,NA
"Saquon Barkley","RB","PHI",NA,NA,NA,NA,NA,NA,NA,NA,281,1236,NA,9,NA,220.3,NA,"16319","FFToday","13604","FFToday","RB",NA,42,307,NA,NA,2,NA,NA,NA,NA,NA,NA,NA,NA,NA,NA,NA,NA,NA,NA,NA,NA,NA,NA,NA,NA,NA,NA,NA,NA,NA,NA,NA,NA,NA,NA,NA,NA,NA,10,NA,NA,NA,NA,NA,NA,NA,NA,NA,NA
"Kenneth Walker","RB","KC",NA,NA,NA,NA,NA,NA,NA,NA,262,1177,NA,9,NA,215.9,NA,"18234","FFToday","15711","FFToday","RB",NA,42,322,NA,NA,2,NA,NA,NA,NA,NA,NA,NA,NA,NA,NA,NA,NA,NA,NA,NA,NA,NA,NA,NA,NA,NA,NA,NA,NA,NA,NA,NA,NA,NA,NA,NA,NA,NA,5,NA,NA,NA,NA,NA,NA,NA,NA,NA,NA
"Omarion Hampton","RB","LAC",NA,NA,NA,NA,NA,NA,NA,NA,257,1129,NA,9,NA,215.5,NA,"19379","FFToday","17044","FFToday","RB",NA,52,366,NA,NA,2,NA,NA,NA,NA,NA,NA,NA,NA,NA,NA,NA,NA,NA,NA,NA,NA,NA,NA,NA,NA,NA,NA,NA,NA,NA,NA,NA,NA,NA,NA,NA,NA,NA,7,NA,NA,NA,NA,NA,NA,NA,NA,NA,NA
"Kyren Williams","RB","LAR",NA,NA,NA,NA,NA,NA,NA,NA,249,1171,NA,10,NA,213.6,NA,"18245","FFToday","15710","FFToday","RB",NA,34,245,NA,NA,2,NA,NA,NA,NA,NA,NA,NA,NA,NA,NA,NA,NA,NA,NA,NA,NA,NA,NA,NA,NA,NA,NA,NA,NA,NA,NA,NA,NA,NA,NA,NA,NA,NA,11,NA,NA,NA,NA,NA,NA,NA,NA,NA,NA
"De'Von Achane","RB","MIA",NA,NA,NA,NA,NA,NA,NA,NA,228,1161,NA,6,NA,211.2,NA,"18452","FFToday","16167","FFToday","RB",NA,56,411,NA,NA,3,NA,NA,NA,NA,NA,NA,NA,NA,NA,NA,NA,NA,NA,NA,NA,NA,NA,NA,NA,NA,NA,NA,NA,NA,NA,NA,NA,NA,NA,NA,NA,NA,NA,6,NA,NA,NA,NA,NA,NA,NA,NA,NA,NA
"Chase Brown","RB","CIN",NA,NA,NA,NA,NA,NA,NA,NA,242,1066,NA,7,NA,210.3,NA,"18488","FFToday","16181","FFToday","RB",NA,55,377,NA,NA,4,NA,NA,NA,NA,NA,NA,NA,NA,NA,NA,NA,NA,NA,NA,NA,NA,NA,NA,NA,NA,NA,NA,NA,NA,NA,NA,NA,NA,NA,NA,NA,NA,NA,6,NA,NA,NA,NA,NA,NA,NA,NA,NA,NA
"Javonte Williams","RB","DAL",NA,NA,NA,NA,NA,NA,NA,NA,258,1186,NA,10,NA,207.3,NA,"17753","FFToday","15256","FFToday","RB",NA,34,227,NA,NA,1,NA,NA,NA,NA,NA,NA,NA,NA,NA,NA,NA,NA,NA,NA,NA,NA,NA,NA,NA,NA,NA,NA,NA,NA,NA,NA,NA,NA,NA,NA,NA,NA,NA,14,NA,NA,NA,NA,NA,NA,NA,NA,NA,NA
"Ashton Jeanty","RB","LV",NA,NA,NA,NA,NA,NA,NA,NA,266,1117,NA,7,NA,206.3,NA,"19405","FFToday","17042","FFToday","RB",NA,56,406,NA,NA,2,NA,NA,NA,NA,NA,NA,NA,NA,NA,NA,NA,NA,NA,NA,NA,NA,NA,NA,NA,NA,NA,NA,NA,NA,NA,NA,NA,NA,NA,NA,NA,NA,NA,13,NA,NA,NA,NA,NA,NA,NA,NA,NA,NA
"Jeremiyah Love","RB","ARI",NA,NA,NA,NA,NA,NA,NA,NA,246,1082,NA,7,NA,203.9,NA,"19832","FFToday","17472","FFToday","RB",NA,56,417,NA,NA,2,NA,NA,NA,NA,NA,NA,NA,NA,NA,NA,NA,NA,NA,NA,NA,NA,NA,NA,NA,NA,NA,NA,NA,NA,NA,NA,NA,NA,NA,NA,NA,NA,NA,14,NA,NA,NA,NA,NA,NA,NA,NA,NA,NA
"Breece Hall","RB","NYJ",NA,NA,NA,NA,NA,NA,NA,NA,258,1162,NA,5,NA,198.5,NA,"18087","FFToday","15708","FFToday","RB",NA,47,403,NA,NA,2,NA,NA,NA,NA,NA,NA,NA,NA,NA,NA,NA,NA,NA,NA,NA,NA,NA,NA,NA,NA,NA,NA,NA,NA,NA,NA,NA,NA,NA,NA,NA,NA,NA,13,NA,NA,NA,NA,NA,NA,NA,NA,NA,NA
"Cam Skattebo","RB","NYG",NA,NA,NA,NA,NA,NA,NA,NA,260,1038,NA,8,NA,191.4,NA,"19506","FFToday","17045","FFToday","RB",NA,43,336,NA,NA,1,NA,NA,NA,NA,NA,NA,NA,NA,NA,NA,NA,NA,NA,NA,NA,NA,NA,NA,NA,NA,NA,NA,NA,NA,NA,NA,NA,NA,NA,NA,NA,NA,NA,8,NA,NA,NA,NA,NA,NA,NA,NA,NA,NA
"Bhayshul Tuten","RB","JAC",NA,NA,NA,NA,NA,NA,NA,NA,257,1055,NA,7,NA,188.3,NA,"19531","FFToday","17052","FFToday","RB",NA,38,288,NA,NA,2,NA,NA,NA,NA,NA,NA,NA,NA,NA,NA,NA,NA,NA,NA,NA,NA,NA,NA,NA,NA,NA,NA,NA,NA,NA,NA,NA,NA,NA,NA,NA,NA,NA,7,NA,NA,NA,NA,NA,NA,NA,NA,NA,NA
"Travis Etienne","RB","NO",NA,NA,NA,NA,NA,NA,NA,NA,253,1112,NA,5,NA,185.9,NA,"17561","FFToday","15253","FFToday","RB",NA,44,327,NA,NA,2,NA,NA,NA,NA,NA,NA,NA,NA,NA,NA,NA,NA,NA,NA,NA,NA,NA,NA,NA,NA,NA,NA,NA,NA,NA,NA,NA,NA,NA,NA,NA,NA,NA,8,NA,NA,NA,NA,NA,NA,NA,NA,NA,NA
"D'Andre Swift","RB","CHI",NA,NA,NA,NA,NA,NA,NA,NA,233,1049,NA,7,NA,184.5,NA,"17220","FFToday","14797","FFToday","RB",NA,39,316,NA,NA,1,NA,NA,NA,NA,NA,NA,NA,NA,NA,NA,NA,NA,NA,NA,NA,NA,NA,NA,NA,NA,NA,NA,NA,NA,NA,NA,NA,NA,NA,NA,NA,NA,NA,10,NA,NA,NA,NA,NA,NA,NA,NA,NA,NA
"Quinshon Judkins","RB","CLE",NA,NA,NA,NA,NA,NA,NA,NA,275,1098,NA,7,NA,178.3,NA,"19411","FFToday","17051","FFToday","RB",NA,30,205,NA,NA,1,NA,NA,NA,NA,NA,NA,NA,NA,NA,NA,NA,NA,NA,NA,NA,NA,NA,NA,NA,NA,NA,NA,NA,NA,NA,NA,NA,NA,NA,NA,NA,NA,NA,11,NA,NA,NA,NA,NA,NA,NA,NA,NA,NA
"Bucky Irving","RB","TB",NA,NA,NA,NA,NA,NA,NA,NA,249,995,NA,6,NA,178,NA,"18997","FFToday","16598","FFToday","RB",NA,38,305,NA,NA,2,NA,NA,NA,NA,NA,NA,NA,NA,NA,NA,NA,NA,NA,NA,NA,NA,NA,NA,NA,NA,NA,NA,NA,NA,NA,NA,NA,NA,NA,NA,NA,NA,NA,10,NA,NA,NA,NA,NA,NA,NA,NA,NA,NA
"David Montgomery","RB","HOU",NA,NA,NA,NA,NA,NA,NA,NA,217,935,NA,7,NA,165.9,NA,"16658","FFToday","14071","FFToday","RB",NA,34,244,NA,NA,1,NA,NA,NA,NA,NA,NA,NA,NA,NA,NA,NA,NA,NA,NA,NA,NA,NA,NA,NA,NA,NA,NA,NA,NA,NA,NA,NA,NA,NA,NA,NA,NA,NA,8,NA,NA,NA,NA,NA,NA,NA,NA,NA,NA
"Tony Pollard","RB","TEN",NA,NA,NA,NA,NA,NA,NA,NA,242,1065,NA,5,NA,165.2,NA,"16676","FFToday","14085","FFToday","RB",NA,32,227,NA,NA,1,NA,NA,NA,NA,NA,NA,NA,NA,NA,NA,NA,NA,NA,NA,NA,NA,NA,NA,NA,NA,NA,NA,NA,NA,NA,NA,NA,NA,NA,NA,NA,NA,NA,9,NA,NA,NA,NA,NA,NA,NA,NA,NA,NA
"Jaylen Warren","RB","PIT",NA,NA,NA,NA,NA,NA,NA,NA,190,854,NA,5,NA,160.3,NA,"18267","FFToday","15742","FFToday","RB",NA,41,329,NA,NA,2,NA,NA,NA,NA,NA,NA,NA,NA,NA,NA,NA,NA,NA,NA,NA,NA,NA,NA,NA,NA,NA,NA,NA,NA,NA,NA,NA,NA,NA,NA,NA,NA,NA,9,NA,NA,NA,NA,NA,NA,NA,NA,NA,NA
"J.K. Dobbins","RB","DEN",NA,NA,NA,NA,NA,NA,NA,NA,206,988,NA,7,NA,157.2,NA,"17062","FFToday","14800","FFToday","RB",NA,16,104,NA,NA,1,NA,NA,NA,NA,NA,NA,NA,NA,NA,NA,NA,NA,NA,NA,NA,NA,NA,NA,NA,NA,NA,NA,NA,NA,NA,NA,NA,NA,NA,NA,NA,NA,NA,10,NA,NA,NA,NA,NA,NA,NA,NA,NA,NA
"Rhamondre Stevenson","RB","NE",NA,NA,NA,NA,NA,NA,NA,NA,168,757,NA,7,NA,156.9,NA,"17716","FFToday","15259","FFToday","RB",NA,44,332,NA,NA,1,NA,NA,NA,NA,NA,NA,NA,NA,NA,NA,NA,NA,NA,NA,NA,NA,NA,NA,NA,NA,NA,NA,NA,NA,NA,NA,NA,NA,NA,NA,NA,NA,NA,11,NA,NA,NA,NA,NA,NA,NA,NA,NA,NA
"Jadarian Price","RB","SEA",NA,NA,NA,NA,NA,NA,NA,NA,195,837,NA,7,NA,154.3,NA,"19817","FFToday","17473","FFToday","RB",NA,31,226,NA,NA,1,NA,NA,NA,NA,NA,NA,NA,NA,NA,NA,NA,NA,NA,NA,NA,NA,NA,NA,NA,NA,NA,NA,NA,NA,NA,NA,NA,NA,NA,NA,NA,NA,NA,11,NA,NA,NA,NA,NA,NA,NA,NA,NA,NA
"TreVeyon Henderson","RB","NE",NA,NA,NA,NA,NA,NA,NA,NA,169,796,NA,7,NA,152.3,NA,"19389","FFToday","17043","FFToday","RB",NA,33,247,NA,NA,1,NA,NA,NA,NA,NA,NA,NA,NA,NA,NA,NA,NA,NA,NA,NA,NA,NA,NA,NA,NA,NA,NA,NA,NA,NA,NA,NA,NA,NA,NA,NA,NA,NA,11,NA,NA,NA,NA,NA,NA,NA,NA,NA,NA
"MarShawn Lloyd","RB","GB",NA,NA,NA,NA,NA,NA,NA,NA,191,822,NA,7,NA,149.9,NA,"19041","FFToday","16604","FFToday","RB",NA,27,197,NA,NA,1,NA,NA,NA,NA,NA,NA,NA,NA,NA,NA,NA,NA,NA,NA,NA,NA,NA,NA,NA,NA,NA,NA,NA,NA,NA,NA,NA,NA,NA,NA,NA,NA,NA,11,NA,NA,NA,NA,NA,NA,NA,NA,NA,NA
"Chuba Hubbard","RB","CAR",NA,NA,NA,NA,NA,NA,NA,NA,192,767,NA,6,NA,144.5,NA,"17603","FFToday","15261","FFToday","RB",NA,34,258,NA,NA,1,NA,NA,NA,NA,NA,NA,NA,NA,NA,NA,NA,NA,NA,NA,NA,NA,NA,NA,NA,NA,NA,NA,NA,NA,NA,NA,NA,NA,NA,NA,NA,NA,NA,5,NA,NA,NA,NA,NA,NA,NA,NA,NA,NA
"Rico Dowdle","RB","PIT",NA,NA,NA,NA,NA,NA,NA,NA,186,801,NA,5,NA,136.4,NA,"17262","FFToday","14823","FFToday","RB",NA,30,203,NA,NA,1,NA,NA,NA,NA,NA,NA,NA,NA,NA,NA,NA,NA,NA,NA,NA,NA,NA,NA,NA,NA,NA,NA,NA,NA,NA,NA,NA,NA,NA,NA,NA,NA,NA,9,NA,NA,NA,NA,NA,NA,NA,NA,NA,NA
"Jacory Croskey-Merritt","RB","WAS",NA,NA,NA,NA,NA,NA,NA,NA,179,788,NA,7,NA,129.2,NA,"19346","FFToday","17256","FFToday","RB",NA,12,84,NA,NA,0,NA,NA,NA,NA,NA,NA,NA,NA,NA,NA,NA,NA,NA,NA,NA,NA,NA,NA,NA,NA,NA,NA,NA,NA,NA,NA,NA,NA,NA,NA,NA,NA,NA,7,NA,NA,NA,NA,NA,NA,NA,NA,NA,NA
"Rachaad White","RB","WAS",NA,NA,NA,NA,NA,NA,NA,NA,131,539,NA,5,NA,126.9,NA,"18240","FFToday","15721","FFToday","RB",NA,42,310,NA,NA,2,NA,NA,NA,NA,NA,NA,NA,NA,NA,NA,NA,NA,NA,NA,NA,NA,NA,NA,NA,NA,NA,NA,NA,NA,NA,NA,NA,NA,NA,NA,NA,NA,NA,7,NA,NA,NA,NA,NA,NA,NA,NA,NA,NA
"Blake Corum","RB","LAR",NA,NA,NA,NA,NA,NA,NA,NA,159,745,NA,6,NA,119.4,NA,"18942","FFToday","16593","FFToday","RB",NA,13,89,NA,NA,0,NA,NA,NA,NA,NA,NA,NA,NA,NA,NA,NA,NA,NA,NA,NA,NA,NA,NA,NA,NA,NA,NA,NA,NA,NA,NA,NA,NA,NA,NA,NA,NA,NA,11,NA,NA,NA,NA,NA,NA,NA,NA,NA,NA
"Jordan Mason","RB","MIN",NA,NA,NA,NA,NA,NA,NA,NA,189,831,NA,5,NA,119.3,NA,"18282","FFToday","15972","FFToday","RB",NA,12,62,NA,NA,0,NA,NA,NA,NA,NA,NA,NA,NA,NA,NA,NA,NA,NA,NA,NA,NA,NA,NA,NA,NA,NA,NA,NA,NA,NA,NA,NA,NA,NA,NA,NA,NA,NA,6,NA,NA,NA,NA,NA,NA,NA,NA,NA,NA
"Kyle Monangai","RB","CHI",NA,NA,NA,NA,NA,NA,NA,NA,176,775,NA,4,NA,117.7,NA,"19453","FFToday","17066","FFToday","RB",NA,20,162,NA,NA,0,NA,NA,NA,NA,NA,NA,NA,NA,NA,NA,NA,NA,NA,NA,NA,NA,NA,NA,NA,NA,NA,NA,NA,NA,NA,NA,NA,NA,NA,NA,NA,NA,NA,10,NA,NA,NA,NA,NA,NA,NA,NA,NA,NA
"Jonathon Brooks","RB","CAR",NA,NA,NA,NA,NA,NA,NA,NA,158,646,NA,4,NA,117.5,NA,"18926","FFToday","16597","FFToday","RB",NA,32,229,NA,NA,1,NA,NA,NA,NA,NA,NA,NA,NA,NA,NA,NA,NA,NA,NA,NA,NA,NA,NA,NA,NA,NA,NA,NA,NA,NA,NA,NA,NA,NA,NA,NA,NA,NA,5,NA,NA,NA,NA,NA,NA,NA,NA,NA,NA
"Kenneth Gainwell","RB","TB",NA,NA,NA,NA,NA,NA,NA,NA,109,479,NA,4,NA,111.4,NA,"17578","FFToday","15255","FFToday","RB",NA,37,275,NA,NA,2,NA,NA,NA,NA,NA,NA,NA,NA,NA,NA,NA,NA,NA,NA,NA,NA,NA,NA,NA,NA,NA,NA,NA,NA,NA,NA,NA,NA,NA,NA,NA,NA,NA,10,NA,NA,NA,NA,NA,NA,NA,NA,NA,NA
"Aaron Jones","RB","MIN",NA,NA,NA,NA,NA,NA,NA,NA,143,602,NA,3,NA,111,NA,"15916","FFToday","13319","FFToday","RB",NA,37,268,NA,NA,1,NA,NA,NA,NA,NA,NA,NA,NA,NA,NA,NA,NA,NA,NA,NA,NA,NA,NA,NA,NA,NA,NA,NA,NA,NA,NA,NA,NA,NA,NA,NA,NA,NA,6,NA,NA,NA,NA,NA,NA,NA,NA,NA,NA
"RJ Harvey","RB","DEN",NA,NA,NA,NA,NA,NA,NA,NA,96,373,NA,3,NA,105.9,NA,"19384","FFToday","17068","FFToday","RB",NA,44,326,NA,NA,3,NA,NA,NA,NA,NA,NA,NA,NA,NA,NA,NA,NA,NA,NA,NA,NA,NA,NA,NA,NA,NA,NA,NA,NA,NA,NA,NA,NA,NA,NA,NA,NA,NA,10,NA,NA,NA,NA,NA,NA,NA,NA,NA,NA
"Josh Jacobs","RB","GB",NA,NA,NA,NA,NA,NA,NA,NA,152,622,NA,4,NA,104.3,NA,"16611","FFToday","14073","FFToday","RB",NA,15,121,NA,NA,1,NA,NA,NA,NA,NA,NA,NA,NA,NA,NA,NA,NA,NA,NA,NA,NA,NA,NA,NA,NA,NA,NA,NA,NA,NA,NA,NA,NA,NA,NA,NA,NA,NA,11,NA,NA,NA,NA,NA,NA,NA,NA,NA,NA
"Woody Marks","RB","HOU",NA,NA,NA,NA,NA,NA,NA,NA,135,527,NA,2,NA,92.1,NA,"19432","FFToday","17053","FFToday","RB",NA,27,214,NA,NA,1,NA,NA,NA,NA,NA,NA,NA,NA,NA,NA,NA,NA,NA,NA,NA,NA,NA,NA,NA,NA,NA,NA,NA,NA,NA,NA,NA,NA,NA,NA,NA,NA,NA,8,NA,NA,NA,NA,NA,NA,NA,NA,NA,NA
"Zach Charbonnet","RB","SEA",NA,NA,NA,NA,NA,NA,NA,NA,128,537,NA,3,NA,91.2,NA,"18495","FFToday","16169","FFToday","RB",NA,19,135,NA,NA,1,NA,NA,NA,NA,NA,NA,NA,NA,NA,NA,NA,NA,NA,NA,NA,NA,NA,NA,NA,NA,NA,NA,NA,NA,NA,NA,NA,NA,NA,NA,NA,NA,NA,11,NA,NA,NA,NA,NA,NA,NA,NA,NA,NA
"Chris Rodriguez Jr.","RB","JAC",NA,NA,NA,NA,NA,NA,NA,NA,129,556,NA,4,NA,87.2,NA,"18633","FFToday","16174","FFToday","RB",NA,10,76,NA,NA,0,NA,NA,NA,NA,NA,NA,NA,NA,NA,NA,NA,NA,NA,NA,NA,NA,NA,NA,NA,NA,NA,NA,NA,NA,NA,NA,NA,NA,NA,NA,NA,NA,NA,7,NA,NA,NA,NA,NA,NA,NA,NA,NA,NA
"Tyjae Spears","RB","TEN",NA,NA,NA,NA,NA,NA,NA,NA,86,344,NA,2,NA,77.9,NA,"18659","FFToday","16165","FFToday","RB",NA,38,255,NA,NA,1,NA,NA,NA,NA,NA,NA,NA,NA,NA,NA,NA,NA,NA,NA,NA,NA,NA,NA,NA,NA,NA,NA,NA,NA,NA,NA,NA,NA,NA,NA,NA,NA,NA,9,NA,NA,NA,NA,NA,NA,NA,NA,NA,NA
"Brian Robinson Jr.","RB","ATL",NA,NA,NA,NA,NA,NA,NA,NA,107,462,NA,4,NA,76,NA,"18194","FFToday","15716","FFToday","RB",NA,9,58,NA,NA,0,NA,NA,NA,NA,NA,NA,NA,NA,NA,NA,NA,NA,NA,NA,NA,NA,NA,NA,NA,NA,NA,NA,NA,NA,NA,NA,NA,NA,NA,NA,NA,NA,NA,11,NA,NA,NA,NA,NA,NA,NA,NA,NA,NA
"Dylan Sampson","RB","CLE",NA,NA,NA,NA,NA,NA,NA,NA,61,245,NA,1,NA,74.1,NA,"19494","FFToday","17047","FFToday","RB",NA,40,316,NA,NA,2,NA,NA,NA,NA,NA,NA,NA,NA,NA,NA,NA,NA,NA,NA,NA,NA,NA,NA,NA,NA,NA,NA,NA,NA,NA,NA,NA,NA,NA,NA,NA,NA,NA,11,NA,NA,NA,NA,NA,NA,NA,NA,NA,NA
"Alvin Kamara","RB","NO",NA,NA,NA,NA,NA,NA,NA,NA,84,318,NA,2,NA,70.3,NA,"15924","FFToday","13132","FFToday","RB",NA,29,205,NA,NA,1,NA,NA,NA,NA,NA,NA,NA,NA,NA,NA,NA,NA,NA,NA,NA,NA,NA,NA,NA,NA,NA,NA,NA,NA,NA,NA,NA,NA,NA,NA,NA,NA,NA,8,NA,NA,NA,NA,NA,NA,NA,NA,NA,NA
"Tyler Allgeier","RB","ARI",NA,NA,NA,NA,NA,NA,NA,NA,98,391,NA,3,NA,69.5,NA,"18000","FFToday","15712","FFToday","RB",NA,18,124,NA,NA,0,NA,NA,NA,NA,NA,NA,NA,NA,NA,NA,NA,NA,NA,NA,NA,NA,NA,NA,NA,NA,NA,NA,NA,NA,NA,NA,NA,NA,NA,NA,NA,NA,NA,14,NA,NA,NA,NA,NA,NA,NA,NA,NA,NA
"Justice Hill","RB","BAL",NA,NA,NA,NA,NA,NA,NA,NA,51,241,NA,2,NA,64.2,NA,"16598","FFToday","14086","FFToday","RB",NA,28,221,NA,NA,1,NA,NA,NA,NA,NA,NA,NA,NA,NA,NA,NA,NA,NA,NA,NA,NA,NA,NA,NA,NA,NA,NA,NA,NA,NA,NA,NA,NA,NA,NA,NA,NA,NA,13,NA,NA,NA,NA,NA,NA,NA,NA,NA,NA
"Braelon Allen","RB","NYJ",NA,NA,NA,NA,NA,NA,NA,NA,91,372,NA,3,NA,63.2,NA,"18905","FFToday","16596","FFToday","RB",NA,10,80,NA,NA,0,NA,NA,NA,NA,NA,NA,NA,NA,NA,NA,NA,NA,NA,NA,NA,NA,NA,NA,NA,NA,NA,NA,NA,NA,NA,NA,NA,NA,NA,NA,NA,NA,NA,13,NA,NA,NA,NA,NA,NA,NA,NA,NA,NA
"Tank Bigsby","RB","PHI",NA,NA,NA,NA,NA,NA,NA,NA,87,375,NA,3,NA,58.6,NA,"18475","FFToday","16164","FFToday","RB",NA,5,31,NA,NA,0,NA,NA,NA,NA,NA,NA,NA,NA,NA,NA,NA,NA,NA,NA,NA,NA,NA,NA,NA,NA,NA,NA,NA,NA,NA,NA,NA,NA,NA,NA,NA,NA,NA,10,NA,NA,NA,NA,NA,NA,NA,NA,NA,NA
"Samaje Perine","RB","CIN",NA,NA,NA,NA,NA,NA,NA,NA,72,304,NA,2,NA,58.2,NA,"15976","FFToday","13133","FFToday","RB",NA,16,98,NA,NA,1,NA,NA,NA,NA,NA,NA,NA,NA,NA,NA,NA,NA,NA,NA,NA,NA,NA,NA,NA,NA,NA,NA,NA,NA,NA,NA,NA,NA,NA,NA,NA,NA,NA,6,NA,NA,NA,NA,NA,NA,NA,NA,NA,NA
"Najee Harris","RB","NYG",NA,NA,NA,NA,NA,NA,NA,NA,95,380,NA,2,NA,57.1,NA,"17592","FFToday","15254","FFToday","RB",NA,9,71,NA,NA,0,NA,NA,NA,NA,NA,NA,NA,NA,NA,NA,NA,NA,NA,NA,NA,NA,NA,NA,NA,NA,NA,NA,NA,NA,NA,NA,NA,NA,NA,NA,NA,NA,NA,8,NA,NA,NA,NA,NA,NA,NA,NA,NA,NA
"Ty Johnson","RB","BUF",NA,NA,NA,NA,NA,NA,NA,NA,51,211,NA,1,NA,56.1,NA,"16623","FFToday","14095","FFToday","RB",NA,25,230,NA,NA,1,NA,NA,NA,NA,NA,NA,NA,NA,NA,NA,NA,NA,NA,NA,NA,NA,NA,NA,NA,NA,NA,NA,NA,NA,NA,NA,NA,NA,NA,NA,NA,NA,NA,7,NA,NA,NA,NA,NA,NA,NA,NA,NA,NA
"Ray Davis","RB","BUF",NA,NA,NA,NA,NA,NA,NA,NA,62,281,NA,2,NA,55.5,NA,"18949","FFToday","16603","FFToday","RB",NA,12,94,NA,NA,1,NA,NA,NA,NA,NA,NA,NA,NA,NA,NA,NA,NA,NA,NA,NA,NA,NA,NA,NA,NA,NA,NA,NA,NA,NA,NA,NA,NA,NA,NA,NA,NA,NA,7,NA,NA,NA,NA,NA,NA,NA,NA,NA,NA
"Keaton Mitchell","RB","LAC",NA,NA,NA,NA,NA,NA,NA,NA,43,214,NA,2,NA,54.1,NA,"18710","FFToday","16178","FFToday","RB",NA,19,147,NA,NA,1,NA,NA,NA,NA,NA,NA,NA,NA,NA,NA,NA,NA,NA,NA,NA,NA,NA,NA,NA,NA,NA,NA,NA,NA,NA,NA,NA,NA,NA,NA,NA,NA,NA,7,NA,NA,NA,NA,NA,NA,NA,NA,NA,NA
"Mike Washington Jr.","RB","LV",NA,NA,NA,NA,NA,NA,NA,NA,90,359,NA,2,NA,53.6,NA,"19896","FFToday","17482","FFToday","RB",NA,9,57,NA,NA,0,NA,NA,NA,NA,NA,NA,NA,NA,NA,NA,NA,NA,NA,NA,NA,NA,NA,NA,NA,NA,NA,NA,NA,NA,NA,NA,NA,NA,NA,NA,NA,NA,NA,13,NA,NA,NA,NA,NA,NA,NA,NA,NA,NA
"Tyrone Tracy Jr.","RB","NYG",NA,NA,NA,NA,NA,NA,NA,NA,55,233,NA,2,NA,52.8,NA,"19125","FFToday","16747","FFToday","RB",NA,15,115,NA,NA,1,NA,NA,NA,NA,NA,NA,NA,NA,NA,NA,NA,NA,NA,NA,NA,NA,NA,NA,NA,NA,NA,NA,NA,NA,NA,NA,NA,NA,NA,NA,NA,NA,NA,8,NA,NA,NA,NA,NA,NA,NA,NA,NA,NA
"Malik Davis","RB","DAL",NA,NA,NA,NA,NA,NA,NA,NA,69,317,NA,2,NA,51.5,NA,"18345","FFToday","15738","FFToday","RB",NA,10,78,NA,NA,0,NA,NA,NA,NA,NA,NA,NA,NA,NA,NA,NA,NA,NA,NA,NA,NA,NA,NA,NA,NA,NA,NA,NA,NA,NA,NA,NA,NA,NA,NA,NA,NA,NA,14,NA,NA,NA,NA,NA,NA,NA,NA,NA,NA
"Emmett Johnson","RB","KC",NA,NA,NA,NA,NA,NA,NA,NA,65,266,NA,2,NA,51.1,NA,"19790","FFToday","17474","FFToday","RB",NA,18,125,NA,NA,0,NA,NA,NA,NA,NA,NA,NA,NA,NA,NA,NA,NA,NA,NA,NA,NA,NA,NA,NA,NA,NA,NA,NA,NA,NA,NA,NA,NA,NA,NA,NA,NA,NA,5,NA,NA,NA,NA,NA,NA,NA,NA,NA,NA
"Isiah Pacheco","RB","DET",NA,NA,NA,NA,NA,NA,NA,NA,85,339,NA,1,NA,48.1,NA,"18172","FFToday","15749","FFToday","RB",NA,12,82,NA,NA,0,NA,NA,NA,NA,NA,NA,NA,NA,NA,NA,NA,NA,NA,NA,NA,NA,NA,NA,NA,NA,NA,NA,NA,NA,NA,NA,NA,NA,NA,NA,NA,NA,NA,6,NA,NA,NA,NA,NA,NA,NA,NA,NA,NA
"Kimani Vidal","RB","LAC",NA,NA,NA,NA,NA,NA,NA,NA,66,272,NA,2,NA,47.9,NA,"19135","FFToday","16757","FFToday","RB",NA,11,87,NA,NA,0,NA,NA,NA,NA,NA,NA,NA,NA,NA,NA,NA,NA,NA,NA,NA,NA,NA,NA,NA,NA,NA,NA,NA,NA,NA,NA,NA,NA,NA,NA,NA,NA,NA,7,NA,NA,NA,NA,NA,NA,NA,NA,NA,NA
"Sean Tucker","RB","TB",NA,NA,NA,NA,NA,NA,NA,NA,60,227,NA,3,NA,47.4,NA,"18709","FFToday","16166","FFToday","RB",NA,9,67,NA,NA,0,NA,NA,NA,NA,NA,NA,NA,NA,NA,NA,NA,NA,NA,NA,NA,NA,NA,NA,NA,NA,NA,NA,NA,NA,NA,NA,NA,NA,NA,NA,NA,NA,NA,10,NA,NA,NA,NA,NA,NA,NA,NA,NA,NA
"Jonah Coleman","RB","DEN",NA,NA,NA,NA,NA,NA,NA,NA,66,277,NA,2,NA,46.5,NA,"19836","FFToday","17477","FFToday","RB",NA,11,68,NA,NA,0,NA,NA,NA,NA,NA,NA,NA,NA,NA,NA,NA,NA,NA,NA,NA,NA,NA,NA,NA,NA,NA,NA,NA,NA,NA,NA,NA,NA,NA,NA,NA,NA,NA,10,NA,NA,NA,NA,NA,NA,NA,NA,NA,NA
"Jaylen Wright","RB","MIA",NA,NA,NA,NA,NA,NA,NA,NA,61,256,NA,2,NA,44.7,NA,"19155","FFToday","16610","FFToday","RB",NA,9,71,NA,NA,0,NA,NA,NA,NA,NA,NA,NA,NA,NA,NA,NA,NA,NA,NA,NA,NA,NA,NA,NA,NA,NA,NA,NA,NA,NA,NA,NA,NA,NA,NA,NA,NA,NA,6,NA,NA,NA,NA,NA,NA,NA,NA,NA,NA
"George Holani","RB","SEA",NA,NA,NA,NA,NA,NA,NA,NA,58,233,NA,2,NA,43.1,NA,"19262","FFToday","16608","FFToday","RB",NA,11,78,NA,NA,0,NA,NA,NA,NA,NA,NA,NA,NA,NA,NA,NA,NA,NA,NA,NA,NA,NA,NA,NA,NA,NA,NA,NA,NA,NA,NA,NA,NA,NA,NA,NA,NA,NA,11,NA,NA,NA,NA,NA,NA,NA,NA,NA,NA
"Kaelon Black","RB","SF",NA,NA,NA,NA,NA,NA,NA,NA,61,249,NA,1,NA,35.6,NA,"19849","FFToday","17485","FFToday","RB",NA,7,47,NA,NA,0,NA,NA,NA,NA,NA,NA,NA,NA,NA,NA,NA,NA,NA,NA,NA,NA,NA,NA,NA,NA,NA,NA,NA,NA,NA,NA,NA,NA,NA,NA,NA,NA,NA,8,NA,NA,NA,NA,NA,NA,NA,NA,NA,NA
"Jacob Saylors","RB","DET",NA,NA,NA,NA,NA,NA,NA,NA,57,234,NA,1,NA,33.5,NA,"19582","FFToday","16850","FFToday","RB",NA,6,41,NA,NA,0,NA,NA,NA,NA,NA,NA,NA,NA,NA,NA,NA,NA,NA,NA,NA,NA,NA,NA,NA,NA,NA,NA,NA,NA,NA,NA,NA,NA,NA,NA,NA,NA,NA,6,NA,NA,NA,NA,NA,NA,NA,NA,NA,NA
"Jordan James","RB","SF",NA,NA,NA,NA,NA,NA,NA,NA,51,224,NA,1,NA,32,NA,"19403","FFToday","17055","FFToday","RB",NA,5,36,NA,NA,0,NA,NA,NA,NA,NA,NA,NA,NA,NA,NA,NA,NA,NA,NA,NA,NA,NA,NA,NA,NA,NA,NA,NA,NA,NA,NA,NA,NA,NA,NA,NA,NA,NA,8,NA,NA,NA,NA,NA,NA,NA,NA,NA,NA
"Isaiah Davis","RB","NYJ",NA,NA,NA,NA,NA,NA,NA,NA,36,145,NA,1,NA,31.2,NA,"18947","FFToday","16752","FFToday","RB",NA,14,107,NA,NA,0,NA,NA,NA,NA,NA,NA,NA,NA,NA,NA,NA,NA,NA,NA,NA,NA,NA,NA,NA,NA,NA,NA,NA,NA,NA,NA,NA,NA,NA,NA,NA,NA,NA,13,NA,NA,NA,NA,NA,NA,NA,NA,NA,NA
"Seth McGowan","RB","IND",NA,NA,NA,NA,NA,NA,NA,NA,42,168,NA,1,NA,30.5,NA,"19922","FFToday","17475","FFToday","RB",NA,11,77,NA,NA,0,NA,NA,NA,NA,NA,NA,NA,NA,NA,NA,NA,NA,NA,NA,NA,NA,NA,NA,NA,NA,NA,NA,NA,NA,NA,NA,NA,NA,NA,NA,NA,NA,NA,13,NA,NA,NA,NA,NA,NA,NA,NA,NA,NA
"Chris Brooks","RB","GB",NA,NA,NA,NA,NA,NA,NA,NA,33,131,NA,1,NA,29.3,NA,"18750","FFToday","16387","FFToday","RB",NA,15,102,NA,NA,0,NA,NA,NA,NA,NA,NA,NA,NA,NA,NA,NA,NA,NA,NA,NA,NA,NA,NA,NA,NA,NA,NA,NA,NA,NA,NA,NA,NA,NA,NA,NA,NA,NA,11,NA,NA,NA,NA,NA,NA,NA,NA,NA,NA
"Ollie Gordon II","RB","MIA",NA,NA,NA,NA,NA,NA,NA,NA,46,181,NA,1,NA,28.9,NA,"19371","FFToday","17059","FFToday","RB",NA,8,48,NA,NA,0,NA,NA,NA,NA,NA,NA,NA,NA,NA,NA,NA,NA,NA,NA,NA,NA,NA,NA,NA,NA,NA,NA,NA,NA,NA,NA,NA,NA,NA,NA,NA,NA,NA,6,NA,NA,NA,NA,NA,NA,NA,NA,NA,NA
"LeQuint Allen","RB","JAC",NA,NA,NA,NA,NA,NA,NA,NA,21,82,NA,0,NA,27.7,NA,"19302","FFToday","17061","FFToday","RB",NA,20,135,NA,NA,1,NA,NA,NA,NA,NA,NA,NA,NA,NA,NA,NA,NA,NA,NA,NA,NA,NA,NA,NA,NA,NA,NA,NA,NA,NA,NA,NA,NA,NA,NA,NA,NA,NA,7,NA,NA,NA,NA,NA,NA,NA,NA,NA,NA
"Will Shipley","RB","PHI",NA,NA,NA,NA,NA,NA,NA,NA,34,135,NA,1,NA,27.5,NA,"19104","FFToday","16601","FFToday","RB",NA,11,80,NA,NA,0,NA,NA,NA,NA,NA,NA,NA,NA,NA,NA,NA,NA,NA,NA,NA,NA,NA,NA,NA,NA,NA,NA,NA,NA,NA,NA,NA,NA,NA,NA,NA,NA,NA,10,NA,NA,NA,NA,NA,NA,NA,NA,NA,NA
"James Conner","RB","ARI",NA,NA,NA,NA,NA,NA,NA,NA,36,142,NA,1,NA,27,NA,"15840","FFToday","13146","FFToday","RB",NA,8,68,NA,NA,0,NA,NA,NA,NA,NA,NA,NA,NA,NA,NA,NA,NA,NA,NA,NA,NA,NA,NA,NA,NA,NA,NA,NA,NA,NA,NA,NA,NA,NA,NA,NA,NA,NA,14,NA,NA,NA,NA,NA,NA,NA,NA,NA,NA
"Kendre Miller","RB","NO",NA,NA,NA,NA,NA,NA,NA,NA,43,165,NA,1,NA,25.7,NA,"18594","FFToday","16171","FFToday","RB",NA,5,32,NA,NA,0,NA,NA,NA,NA,NA,NA,NA,NA,NA,NA,NA,NA,NA,NA,NA,NA,NA,NA,NA,NA,NA,NA,NA,NA,NA,NA,NA,NA,NA,NA,NA,NA,NA,8,NA,NA,NA,NA,NA,NA,NA,NA,NA,NA
"Kaytron Allen","RB","WAS",NA,NA,NA,NA,NA,NA,NA,NA,37,148,NA,1,NA,25.3,NA,"19857","FFToday","17478","FFToday","RB",NA,7,45,NA,NA,0,NA,NA,NA,NA,NA,NA,NA,NA,NA,NA,NA,NA,NA,NA,NA,NA,NA,NA,NA,NA,NA,NA,NA,NA,NA,NA,NA,NA,NA,NA,NA,NA,NA,7,NA,NA,NA,NA,NA,NA,NA,NA,NA,NA
"Kyle Juszczyk","RB","SF",NA,NA,NA,NA,NA,NA,NA,NA,8,15,NA,0,NA,24.9,NA,"13213","FFToday","11367","FFToday","RB",NA,22,174,NA,NA,1,NA,NA,NA,NA,NA,NA,NA,NA,NA,NA,NA,NA,NA,NA,NA,NA,NA,NA,NA,NA,NA,NA,NA,NA,NA,NA,NA,NA,NA,NA,NA,NA,NA,8,NA,NA,NA,NA,NA,NA,NA,NA,NA,NA
"Demond Claiborne","RB","MIN",NA,NA,NA,NA,NA,NA,NA,NA,36,145,NA,1,NA,23.4,NA,"19771","FFToday","17481","FFToday","RB",NA,4,29,NA,NA,0,NA,NA,NA,NA,NA,NA,NA,NA,NA,NA,NA,NA,NA,NA,NA,NA,NA,NA,NA,NA,NA,NA,NA,NA,NA,NA,NA,NA,NA,NA,NA,NA,NA,6,NA,NA,NA,NA,NA,NA,NA,NA,NA,NA
"Raheim Sanders","RB","CLE",NA,NA,NA,NA,NA,NA,NA,NA,34,131,NA,1,NA,21.7,NA,"19559","FFToday","17062","FFToday","RB",NA,4,26,NA,NA,0,NA,NA,NA,NA,NA,NA,NA,NA,NA,NA,NA,NA,NA,NA,NA,NA,NA,NA,NA,NA,NA,NA,NA,NA,NA,NA,NA,NA,NA,NA,NA,NA,NA,11,NA,NA,NA,NA,NA,NA,NA,NA,NA,NA
"Emari Demercado","RB","DAL",NA,NA,NA,NA,NA,NA,NA,NA,25,113,NA,1,NA,20.6,NA,"18741","FFToday","16385","FFToday","RB",NA,5,33,NA,NA,0,NA,NA,NA,NA,NA,NA,NA,NA,NA,NA,NA,NA,NA,NA,NA,NA,NA,NA,NA,NA,NA,NA,NA,NA,NA,NA,NA,NA,NA,NA,NA,NA,NA,14,NA,NA,NA,NA,NA,NA,NA,NA,NA,NA
"DJ Giddens","RB","IND",NA,NA,NA,NA,NA,NA,NA,NA,23,88,NA,1,NA,16.5,NA,"19368","FFToday","17060","FFToday","RB",NA,2,17,NA,NA,0,NA,NA,NA,NA,NA,NA,NA,NA,NA,NA,NA,NA,NA,NA,NA,NA,NA,NA,NA,NA,NA,NA,NA,NA,NA,NA,NA,NA,NA,NA,NA,NA,NA,13,NA,NA,NA,NA,NA,NA,NA,NA,NA,NA
"Rasheen Ali","RB","BAL",NA,NA,NA,NA,NA,NA,NA,NA,20,81,NA,0,NA,12.6,NA,"18903","FFToday","16746","FFToday","RB",NA,6,45,NA,NA,0,NA,NA,NA,NA,NA,NA,NA,NA,NA,NA,NA,NA,NA,NA,NA,NA,NA,NA,NA,NA,NA,NA,NA,NA,NA,NA,NA,NA,NA,NA,NA,NA,NA,13,NA,NA,NA,NA,NA,NA,NA,NA,NA,NA
"Trevor Etienne","RB","CAR",NA,NA,NA,NA,NA,NA,NA,NA,18,82,NA,0,NA,10.7,NA,"19354","FFToday","17056","FFToday","RB",NA,4,25,NA,NA,0,NA,NA,NA,NA,NA,NA,NA,NA,NA,NA,NA,NA,NA,NA,NA,NA,NA,NA,NA,NA,NA,NA,NA,NA,NA,NA,NA,NA,NA,NA,NA,NA,NA,5,NA,NA,NA,NA,NA,NA,NA,NA,NA,NA
"Roschon Johnson","RB","CHI",NA,NA,NA,NA,NA,NA,NA,NA,19,81,NA,0,NA,9.3,NA,"18559","FFToday","16175","FFToday","RB",NA,2,12,NA,NA,0,NA,NA,NA,NA,NA,NA,NA,NA,NA,NA,NA,NA,NA,NA,NA,NA,NA,NA,NA,NA,NA,NA,NA,NA,NA,NA,NA,NA,NA,NA,NA,NA,NA,10,NA,NA,NA,NA,NA,NA,NA,NA,NA,NA
"Emanuel Wilson","RB","SEA",NA,NA,NA,NA,NA,NA,NA,NA,19,74,NA,0,NA,9.1,NA,"18737","FFToday","16432","FFToday","RB",NA,2,17,NA,NA,0,NA,NA,NA,NA,NA,NA,NA,NA,NA,NA,NA,NA,NA,NA,NA,NA,NA,NA,NA,NA,NA,NA,NA,NA,NA,NA,NA,NA,NA,NA,NA,NA,NA,11,NA,NA,NA,NA,NA,NA,NA,NA,NA,NA
"Tahj Brooks","RB","CIN",NA,NA,NA,NA,NA,NA,NA,NA,21,82,NA,0,NA,8.9,NA,"19324","FFToday","17058","FFToday","RB",NA,1,7,NA,NA,0,NA,NA,NA,NA,NA,NA,NA,NA,NA,NA,NA,NA,NA,NA,NA,NA,NA,NA,NA,NA,NA,NA,NA,NA,NA,NA,NA,NA,NA,NA,NA,NA,NA,6,NA,NA,NA,NA,NA,NA,NA,NA,NA,NA
"Nicholas Singleton","RB","TEN",NA,NA,NA,NA,NA,NA,NA,NA,16,64,NA,0,NA,7.5,NA,"19901","FFToday","17476","FFToday","RB",NA,2,11,NA,NA,0,NA,NA,NA,NA,NA,NA,NA,NA,NA,NA,NA,NA,NA,NA,NA,NA,NA,NA,NA,NA,NA,NA,NA,NA,NA,NA,NA,NA,NA,NA,NA,NA,NA,9,NA,NA,NA,NA,NA,NA,NA,NA,NA,NA
"Puka Nacua","WR","LAR",NA,NA,NA,NA,NA,NA,NA,NA,10,72,NA,1,NA,219.3,NA,"18605","FFToday","16211","FFToday","WR",NA,113,1521,NA,NA,9,NA,NA,NA,NA,NA,NA,NA,NA,NA,NA,NA,NA,NA,NA,NA,NA,NA,NA,NA,NA,NA,NA,NA,NA,NA,NA,NA,NA,NA,NA,NA,NA,NA,11,NA,NA,NA,NA,NA,NA,NA,NA,NA,NA
"Ja'Marr Chase","WR","CIN",NA,NA,NA,NA,NA,NA,NA,NA,2,11,NA,0,NA,214.5,NA,"17533","FFToday","15281","FFToday","WR",NA,116,1474,NA,NA,11,NA,NA,NA,NA,NA,NA,NA,NA,NA,NA,NA,NA,NA,NA,NA,NA,NA,NA,NA,NA,NA,NA,NA,NA,NA,NA,NA,NA,NA,NA,NA,NA,NA,6,NA,NA,NA,NA,NA,NA,NA,NA,NA,NA
"Jaxon Smith-Njigba","WR","SEA",NA,NA,NA,NA,NA,NA,NA,NA,5,30,NA,0,NA,203.1,NA,"18656","FFToday","16185","FFToday","WR",NA,105,1521,NA,NA,8,NA,NA,NA,NA,NA,NA,NA,NA,NA,NA,NA,NA,NA,NA,NA,NA,NA,NA,NA,NA,NA,NA,NA,NA,NA,NA,NA,NA,NA,NA,NA,NA,NA,11,NA,NA,NA,NA,NA,NA,NA,NA,NA,NA
"Amon-Ra St. Brown","WR","DET",NA,NA,NA,NA,NA,NA,NA,NA,4,14,NA,0,NA,199.1,NA,"17712","FFToday","15287","FFToday","WR",NA,119,1377,NA,NA,10,NA,NA,NA,NA,NA,NA,NA,NA,NA,NA,NA,NA,NA,NA,NA,NA,NA,NA,NA,NA,NA,NA,NA,NA,NA,NA,NA,NA,NA,NA,NA,NA,NA,6,NA,NA,NA,NA,NA,NA,NA,NA,NA,NA
"Drake London","WR","ATL",NA,NA,NA,NA,NA,NA,NA,NA,0,0,NA,0,NA,173.2,NA,"18137","FFToday","15751","FFToday","WR",NA,99,1312,NA,NA,7,NA,NA,NA,NA,NA,NA,NA,NA,NA,NA,NA,NA,NA,NA,NA,NA,NA,NA,NA,NA,NA,NA,NA,NA,NA,NA,NA,NA,NA,NA,NA,NA,NA,11,NA,NA,NA,NA,NA,NA,NA,NA,NA,NA
"Justin Jefferson","WR","MIN",NA,NA,NA,NA,NA,NA,NA,NA,0,0,NA,0,NA,170.8,NA,"17123","FFToday","14836","FFToday","WR",NA,95,1288,NA,NA,7,NA,NA,NA,NA,NA,NA,NA,NA,NA,NA,NA,NA,NA,NA,NA,NA,NA,NA,NA,NA,NA,NA,NA,NA,NA,NA,NA,NA,NA,NA,NA,NA,NA,6,NA,NA,NA,NA,NA,NA,NA,NA,NA,NA
"CeeDee Lamb","WR","DAL",NA,NA,NA,NA,NA,NA,NA,NA,0,0,NA,0,NA,165.7,NA,"17141","FFToday","14832","FFToday","WR",NA,87,1177,NA,NA,8,NA,NA,NA,NA,NA,NA,NA,NA,NA,NA,NA,NA,NA,NA,NA,NA,NA,NA,NA,NA,NA,NA,NA,NA,NA,NA,NA,NA,NA,NA,NA,NA,NA,14,NA,NA,NA,NA,NA,NA,NA,NA,NA,NA
"Nico Collins","WR","HOU",NA,NA,NA,NA,NA,NA,NA,NA,0,0,NA,0,NA,160.6,NA,"17540","FFToday","15290","FFToday","WR",NA,79,1186,NA,NA,7,NA,NA,NA,NA,NA,NA,NA,NA,NA,NA,NA,NA,NA,NA,NA,NA,NA,NA,NA,NA,NA,NA,NA,NA,NA,NA,NA,NA,NA,NA,NA,NA,NA,8,NA,NA,NA,NA,NA,NA,NA,NA,NA,NA
"A.J. Brown","WR","NE",NA,NA,NA,NA,NA,NA,NA,NA,0,0,NA,0,NA,157.5,NA,"16527","FFToday","14104","FFToday","WR",NA,86,1155,NA,NA,7,NA,NA,NA,NA,NA,NA,NA,NA,NA,NA,NA,NA,NA,NA,NA,NA,NA,NA,NA,NA,NA,NA,NA,NA,NA,NA,NA,NA,NA,NA,NA,NA,NA,11,NA,NA,NA,NA,NA,NA,NA,NA,NA,NA
"Chris Olave","WR","NO",NA,NA,NA,NA,NA,NA,NA,NA,0,0,NA,0,NA,156.7,NA,"18169","FFToday","15754","FFToday","WR",NA,97,1147,NA,NA,7,NA,NA,NA,NA,NA,NA,NA,NA,NA,NA,NA,NA,NA,NA,NA,NA,NA,NA,NA,NA,NA,NA,NA,NA,NA,NA,NA,NA,NA,NA,NA,NA,NA,8,NA,NA,NA,NA,NA,NA,NA,NA,NA,NA
"Jameson Williams","WR","DET",NA,NA,NA,NA,NA,NA,NA,NA,8,42,NA,0,NA,155,NA,"18242","FFToday","15756","FFToday","WR",NA,66,1088,NA,NA,7,NA,NA,NA,NA,NA,NA,NA,NA,NA,NA,NA,NA,NA,NA,NA,NA,NA,NA,NA,NA,NA,NA,NA,NA,NA,NA,NA,NA,NA,NA,NA,NA,NA,6,NA,NA,NA,NA,NA,NA,NA,NA,NA,NA
"Zay Flowers","WR","BAL",NA,NA,NA,NA,NA,NA,NA,NA,10,59,NA,0,NA,153.6,NA,"18516","FFToday","16190","FFToday","WR",NA,79,1117,NA,NA,6,NA,NA,NA,NA,NA,NA,NA,NA,NA,NA,NA,NA,NA,NA,NA,NA,NA,NA,NA,NA,NA,NA,NA,NA,NA,NA,NA,NA,NA,NA,NA,NA,NA,13,NA,NA,NA,NA,NA,NA,NA,NA,NA,NA
"George Pickens","WR","DAL",NA,NA,NA,NA,NA,NA,NA,NA,0,0,NA,0,NA,152.2,NA,"18179","FFToday","15762","FFToday","WR",NA,74,1102,NA,NA,7,NA,NA,NA,NA,NA,NA,NA,NA,NA,NA,NA,NA,NA,NA,NA,NA,NA,NA,NA,NA,NA,NA,NA,NA,NA,NA,NA,NA,NA,NA,NA,NA,NA,14,NA,NA,NA,NA,NA,NA,NA,NA,NA,NA
"Davante Adams","WR","LAR",NA,NA,NA,NA,NA,NA,NA,NA,0,0,NA,0,NA,151.1,NA,"14102","FFToday","11675","FFToday","WR",NA,70,911,NA,NA,10,NA,NA,NA,NA,NA,NA,NA,NA,NA,NA,NA,NA,NA,NA,NA,NA,NA,NA,NA,NA,NA,NA,NA,NA,NA,NA,NA,NA,NA,NA,NA,NA,NA,11,NA,NA,NA,NA,NA,NA,NA,NA,NA,NA
"Rashee Rice","WR","KC",NA,NA,NA,NA,NA,NA,NA,NA,0,0,NA,0,NA,149.7,NA,"18624","FFToday","16194","FFToday","WR",NA,93,1077,NA,NA,7,NA,NA,NA,NA,NA,NA,NA,NA,NA,NA,NA,NA,NA,NA,NA,NA,NA,NA,NA,NA,NA,NA,NA,NA,NA,NA,NA,NA,NA,NA,NA,NA,NA,5,NA,NA,NA,NA,NA,NA,NA,NA,NA,NA
"Malik Nabers","WR","NYG",NA,NA,NA,NA,NA,NA,NA,NA,0,0,NA,0,NA,149.7,NA,"19068","FFToday","16615","FFToday","WR",NA,81,1077,NA,NA,7,NA,NA,NA,NA,NA,NA,NA,NA,NA,NA,NA,NA,NA,NA,NA,NA,NA,NA,NA,NA,NA,NA,NA,NA,NA,NA,NA,NA,NA,NA,NA,NA,NA,8,NA,NA,NA,NA,NA,NA,NA,NA,NA,NA
"DeVonta Smith","WR","PHI",NA,NA,NA,NA,NA,NA,NA,NA,0,0,NA,0,NA,148.2,NA,"17708","FFToday","15282","FFToday","WR",NA,83,1122,NA,NA,6,NA,NA,NA,NA,NA,NA,NA,NA,NA,NA,NA,NA,NA,NA,NA,NA,NA,NA,NA,NA,NA,NA,NA,NA,NA,NA,NA,NA,NA,NA,NA,NA,NA,10,NA,NA,NA,NA,NA,NA,NA,NA,NA,NA
"Emeka Egbuka","WR","TB",NA,NA,NA,NA,NA,NA,NA,NA,0,0,NA,0,NA,146.6,NA,"19351","FFToday","17081","FFToday","WR",NA,78,1046,NA,NA,7,NA,NA,NA,NA,NA,NA,NA,NA,NA,NA,NA,NA,NA,NA,NA,NA,NA,NA,NA,NA,NA,NA,NA,NA,NA,NA,NA,NA,NA,NA,NA,NA,NA,10,NA,NA,NA,NA,NA,NA,NA,NA,NA,NA
"Garrett Wilson","WR","NYJ",NA,NA,NA,NA,NA,NA,NA,NA,0,0,NA,0,NA,145.5,NA,"18248","FFToday","15753","FFToday","WR",NA,100,1155,NA,NA,5,NA,NA,NA,NA,NA,NA,NA,NA,NA,NA,NA,NA,NA,NA,NA,NA,NA,NA,NA,NA,NA,NA,NA,NA,NA,NA,NA,NA,NA,NA,NA,NA,NA,13,NA,NA,NA,NA,NA,NA,NA,NA,NA,NA
"Tetairoa McMillan","WR","CAR",NA,NA,NA,NA,NA,NA,NA,NA,0,0,NA,0,NA,144.1,NA,"19441","FFToday","17071","FFToday","WR",NA,78,1081,NA,NA,6,NA,NA,NA,NA,NA,NA,NA,NA,NA,NA,NA,NA,NA,NA,NA,NA,NA,NA,NA,NA,NA,NA,NA,NA,NA,NA,NA,NA,NA,NA,NA,NA,NA,5,NA,NA,NA,NA,NA,NA,NA,NA,NA,NA
"Christian Watson","WR","GB",NA,NA,NA,NA,NA,NA,NA,NA,0,0,NA,0,NA,140.2,NA,"18237","FFToday","15789","FFToday","WR",NA,65,982,NA,NA,7,NA,NA,NA,NA,NA,NA,NA,NA,NA,NA,NA,NA,NA,NA,NA,NA,NA,NA,NA,NA,NA,NA,NA,NA,NA,NA,NA,NA,NA,NA,NA,NA,NA,11,NA,NA,NA,NA,NA,NA,NA,NA,NA,NA
"Tee Higgins","WR","CIN",NA,NA,NA,NA,NA,NA,NA,NA,0,0,NA,0,NA,138.6,NA,"17104","FFToday","14835","FFToday","WR",NA,65,906,NA,NA,8,NA,NA,NA,NA,NA,NA,NA,NA,NA,NA,NA,NA,NA,NA,NA,NA,NA,NA,NA,NA,NA,NA,NA,NA,NA,NA,NA,NA,NA,NA,NA,NA,NA,6,NA,NA,NA,NA,NA,NA,NA,NA,NA,NA
"Mike Evans","WR","SF",NA,NA,NA,NA,NA,NA,NA,NA,0,0,NA,0,NA,137.5,NA,"14172","FFToday","11671","FFToday","WR",NA,69,955,NA,NA,7,NA,NA,NA,NA,NA,NA,NA,NA,NA,NA,NA,NA,NA,NA,NA,NA,NA,NA,NA,NA,NA,NA,NA,NA,NA,NA,NA,NA,NA,NA,NA,NA,NA,8,NA,NA,NA,NA,NA,NA,NA,NA,NA,NA
"Rome Odunze","WR","CHI",NA,NA,NA,NA,NA,NA,NA,NA,0,0,NA,0,NA,136.5,NA,"19074","FFToday","16616","FFToday","WR",NA,65,945,NA,NA,7,NA,NA,NA,NA,NA,NA,NA,NA,NA,NA,NA,NA,NA,NA,NA,NA,NA,NA,NA,NA,NA,NA,NA,NA,NA,NA,NA,NA,NA,NA,NA,NA,NA,10,NA,NA,NA,NA,NA,NA,NA,NA,NA,NA
"D.J. Moore","WR","BUF",NA,NA,NA,NA,NA,NA,NA,NA,8,45,NA,0,NA,136,NA,"16146","FFToday","13635","FFToday","WR",NA,71,955,NA,NA,6,NA,NA,NA,NA,NA,NA,NA,NA,NA,NA,NA,NA,NA,NA,NA,NA,NA,NA,NA,NA,NA,NA,NA,NA,NA,NA,NA,NA,NA,NA,NA,NA,NA,7,NA,NA,NA,NA,NA,NA,NA,NA,NA,NA
"Jaylen Waddle","WR","DEN",NA,NA,NA,NA,NA,NA,NA,NA,0,0,NA,0,NA,134.7,NA,"17740","FFToday","15284","FFToday","WR",NA,72,987,NA,NA,6,NA,NA,NA,NA,NA,NA,NA,NA,NA,NA,NA,NA,NA,NA,NA,NA,NA,NA,NA,NA,NA,NA,NA,NA,NA,NA,NA,NA,NA,NA,NA,NA,NA,10,NA,NA,NA,NA,NA,NA,NA,NA,NA,NA
"Luther Burden III","WR","CHI",NA,NA,NA,NA,NA,NA,NA,NA,6,33,NA,0,NA,131.9,NA,"19331","FFToday","17070","FFToday","WR",NA,70,926,NA,NA,6,NA,NA,NA,NA,NA,NA,NA,NA,NA,NA,NA,NA,NA,NA,NA,NA,NA,NA,NA,NA,NA,NA,NA,NA,NA,NA,NA,NA,NA,NA,NA,NA,NA,10,NA,NA,NA,NA,NA,NA,NA,NA,NA,NA
"Ladd McConkey","WR","LAC",NA,NA,NA,NA,NA,NA,NA,NA,0,0,NA,0,NA,131.6,NA,"19050","FFToday","16627","FFToday","WR",NA,76,956,NA,NA,6,NA,NA,NA,NA,NA,NA,NA,NA,NA,NA,NA,NA,NA,NA,NA,NA,NA,NA,NA,NA,NA,NA,NA,NA,NA,NA,NA,NA,NA,NA,NA,NA,NA,7,NA,NA,NA,NA,NA,NA,NA,NA,NA,NA
"DK Metcalf","WR","PIT",NA,NA,NA,NA,NA,NA,NA,NA,0,0,NA,0,NA,130.4,NA,"16650","FFToday","14102","FFToday","WR",NA,67,944,NA,NA,6,NA,NA,NA,NA,NA,NA,NA,NA,NA,NA,NA,NA,NA,NA,NA,NA,NA,NA,NA,NA,NA,NA,NA,NA,NA,NA,NA,NA,NA,NA,NA,NA,NA,9,NA,NA,NA,NA,NA,NA,NA,NA,NA,NA
"Terry McLaurin","WR","WAS",NA,NA,NA,NA,NA,NA,NA,NA,0,0,NA,0,NA,129.7,NA,"16648","FFToday","14109","FFToday","WR",NA,65,937,NA,NA,6,NA,NA,NA,NA,NA,NA,NA,NA,NA,NA,NA,NA,NA,NA,NA,NA,NA,NA,NA,NA,NA,NA,NA,NA,NA,NA,NA,NA,NA,NA,NA,NA,NA,7,NA,NA,NA,NA,NA,NA,NA,NA,NA,NA
"Marvin Harrison Jr.","WR","ARI",NA,NA,NA,NA,NA,NA,NA,NA,0,0,NA,0,NA,129.3,NA,"18989","FFToday","16614","FFToday","WR",NA,64,933,NA,NA,6,NA,NA,NA,NA,NA,NA,NA,NA,NA,NA,NA,NA,NA,NA,NA,NA,NA,NA,NA,NA,NA,NA,NA,NA,NA,NA,NA,NA,NA,NA,NA,NA,NA,14,NA,NA,NA,NA,NA,NA,NA,NA,NA,NA
"Courtland Sutton","WR","DEN",NA,NA,NA,NA,NA,NA,NA,NA,0,0,NA,0,NA,126.8,NA,"16144","FFToday","13630","FFToday","WR",NA,63,848,NA,NA,7,NA,NA,NA,NA,NA,NA,NA,NA,NA,NA,NA,NA,NA,NA,NA,NA,NA,NA,NA,NA,NA,NA,NA,NA,NA,NA,NA,NA,NA,NA,NA,NA,NA,10,NA,NA,NA,NA,NA,NA,NA,NA,NA,NA
"Alec Pierce","WR","IND",NA,NA,NA,NA,NA,NA,NA,NA,0,0,NA,0,NA,121.7,NA,"18181","FFToday","15768","FFToday","WR",NA,60,917,NA,NA,5,NA,NA,NA,NA,NA,NA,NA,NA,NA,NA,NA,NA,NA,NA,NA,NA,NA,NA,NA,NA,NA,NA,NA,NA,NA,NA,NA,NA,NA,NA,NA,NA,NA,13,NA,NA,NA,NA,NA,NA,NA,NA,NA,NA
"Jayden Reed","WR","GB",NA,NA,NA,NA,NA,NA,NA,NA,11,68,NA,0,NA,118.3,NA,"18622","FFToday","16184","FFToday","WR",NA,66,815,NA,NA,5,NA,NA,NA,NA,NA,NA,NA,NA,NA,NA,NA,NA,NA,NA,NA,NA,NA,NA,NA,NA,NA,NA,NA,NA,NA,NA,NA,NA,NA,NA,NA,NA,NA,11,NA,NA,NA,NA,NA,NA,NA,NA,NA,NA
"Michael Pittman Jr.","WR","PIT",NA,NA,NA,NA,NA,NA,NA,NA,0,0,NA,0,NA,117.7,NA,"17183","FFToday","14842","FFToday","WR",NA,76,877,NA,NA,5,NA,NA,NA,NA,NA,NA,NA,NA,NA,NA,NA,NA,NA,NA,NA,NA,NA,NA,NA,NA,NA,NA,NA,NA,NA,NA,NA,NA,NA,NA,NA,NA,NA,9,NA,NA,NA,NA,NA,NA,NA,NA,NA,NA
"Carnell Tate","WR","TEN",NA,NA,NA,NA,NA,NA,NA,NA,0,0,NA,0,NA,116.7,NA,"19739","FFToday","17497","FFToday","WR",NA,65,867,NA,NA,5,NA,NA,NA,NA,NA,NA,NA,NA,NA,NA,NA,NA,NA,NA,NA,NA,NA,NA,NA,NA,NA,NA,NA,NA,NA,NA,NA,NA,NA,NA,NA,NA,NA,9,NA,NA,NA,NA,NA,NA,NA,NA,NA,NA
"Parker Washington","WR","JAC",NA,NA,NA,NA,NA,NA,NA,NA,0,0,NA,0,NA,111.4,NA,"18688","FFToday","16192","FFToday","WR",NA,62,814,NA,NA,5,NA,NA,NA,NA,NA,NA,NA,NA,NA,NA,NA,NA,NA,NA,NA,NA,NA,NA,NA,NA,NA,NA,NA,NA,NA,NA,NA,NA,NA,NA,NA,NA,NA,7,NA,NA,NA,NA,NA,NA,NA,NA,NA,NA
"Brian Thomas Jr.","WR","JAC",NA,NA,NA,NA,NA,NA,NA,NA,0,0,NA,0,NA,111.2,NA,"19123","FFToday","16618","FFToday","WR",NA,56,812,NA,NA,5,NA,NA,NA,NA,NA,NA,NA,NA,NA,NA,NA,NA,NA,NA,NA,NA,NA,NA,NA,NA,NA,NA,NA,NA,NA,NA,NA,NA,NA,NA,NA,NA,NA,7,NA,NA,NA,NA,NA,NA,NA,NA,NA,NA
"Xavier Worthy","WR","KC",NA,NA,NA,NA,NA,NA,NA,NA,12,76,NA,1,NA,109.1,NA,"19154","FFToday","16620","FFToday","WR",NA,56,715,NA,NA,4,NA,NA,NA,NA,NA,NA,NA,NA,NA,NA,NA,NA,NA,NA,NA,NA,NA,NA,NA,NA,NA,NA,NA,NA,NA,NA,NA,NA,NA,NA,NA,NA,NA,5,NA,NA,NA,NA,NA,NA,NA,NA,NA,NA
"Jordan Addison","WR","MIN",NA,NA,NA,NA,NA,NA,NA,NA,3,19,NA,0,NA,108.8,NA,"18453","FFToday","16186","FFToday","WR",NA,55,769,NA,NA,5,NA,NA,NA,NA,NA,NA,NA,NA,NA,NA,NA,NA,NA,NA,NA,NA,NA,NA,NA,NA,NA,NA,NA,NA,NA,NA,NA,NA,NA,NA,NA,NA,NA,6,NA,NA,NA,NA,NA,NA,NA,NA,NA,NA
"Quentin Johnston","WR","LAC",NA,NA,NA,NA,NA,NA,NA,NA,0,0,NA,0,NA,108.7,NA,"18561","FFToday","16188","FFToday","WR",NA,51,727,NA,NA,6,NA,NA,NA,NA,NA,NA,NA,NA,NA,NA,NA,NA,NA,NA,NA,NA,NA,NA,NA,NA,NA,NA,NA,NA,NA,NA,NA,NA,NA,NA,NA,NA,NA,7,NA,NA,NA,NA,NA,NA,NA,NA,NA,NA
"Chris Godwin","WR","TB",NA,NA,NA,NA,NA,NA,NA,NA,0,0,NA,0,NA,107.9,NA,"15881","FFToday","13163","FFToday","WR",NA,68,779,NA,NA,5,NA,NA,NA,NA,NA,NA,NA,NA,NA,NA,NA,NA,NA,NA,NA,NA,NA,NA,NA,NA,NA,NA,NA,NA,NA,NA,NA,NA,NA,NA,NA,NA,NA,10,NA,NA,NA,NA,NA,NA,NA,NA,NA,NA
"Stefon Diggs","WR","WAS",NA,NA,NA,NA,NA,NA,NA,NA,0,0,NA,0,NA,106.6,NA,"15156","FFToday","12186","FFToday","WR",NA,62,766,NA,NA,5,NA,NA,NA,NA,NA,NA,NA,NA,NA,NA,NA,NA,NA,NA,NA,NA,NA,NA,NA,NA,NA,NA,NA,NA,NA,NA,NA,NA,NA,NA,NA,NA,NA,7,NA,NA,NA,NA,NA,NA,NA,NA,NA,NA
"Michael Wilson","WR","ARI",NA,NA,NA,NA,NA,NA,NA,NA,0,0,NA,0,NA,106.2,NA,"18696","FFToday","16206","FFToday","WR",NA,66,822,NA,NA,4,NA,NA,NA,NA,NA,NA,NA,NA,NA,NA,NA,NA,NA,NA,NA,NA,NA,NA,NA,NA,NA,NA,NA,NA,NA,NA,NA,NA,NA,NA,NA,NA,NA,14,NA,NA,NA,NA,NA,NA,NA,NA,NA,NA
"Romeo Doubs","WR","NE",NA,NA,NA,NA,NA,NA,NA,NA,0,0,NA,0,NA,105.9,NA,"18058","FFToday","15779","FFToday","WR",NA,58,759,NA,NA,5,NA,NA,NA,NA,NA,NA,NA,NA,NA,NA,NA,NA,NA,NA,NA,NA,NA,NA,NA,NA,NA,NA,NA,NA,NA,NA,NA,NA,NA,NA,NA,NA,NA,11,NA,NA,NA,NA,NA,NA,NA,NA,NA,NA
"Jakobi Meyers","WR","JAC",NA,NA,NA,NA,NA,NA,NA,NA,3,19,NA,0,NA,105.1,NA,"16762","FFToday","14127","FFToday","WR",NA,63,732,NA,NA,5,NA,NA,NA,NA,NA,NA,NA,NA,NA,NA,NA,NA,NA,NA,NA,NA,NA,NA,NA,NA,NA,NA,NA,NA,NA,NA,NA,NA,NA,NA,NA,NA,NA,7,NA,NA,NA,NA,NA,NA,NA,NA,NA,NA
"Khalil Shakir","WR","BUF",NA,NA,NA,NA,NA,NA,NA,NA,0,0,NA,0,NA,100.6,NA,"18200","FFToday","15761","FFToday","WR",NA,72,766,NA,NA,4,NA,NA,NA,NA,NA,NA,NA,NA,NA,NA,NA,NA,NA,NA,NA,NA,NA,NA,NA,NA,NA,NA,NA,NA,NA,NA,NA,NA,NA,NA,NA,NA,NA,7,NA,NA,NA,NA,NA,NA,NA,NA,NA,NA
"Matthew Golden","WR","GB",NA,NA,NA,NA,NA,NA,NA,NA,0,0,NA,0,NA,100.2,NA,"19370","FFToday","17075","FFToday","WR",NA,54,702,NA,NA,5,NA,NA,NA,NA,NA,NA,NA,NA,NA,NA,NA,NA,NA,NA,NA,NA,NA,NA,NA,NA,NA,NA,NA,NA,NA,NA,NA,NA,NA,NA,NA,NA,NA,11,NA,NA,NA,NA,NA,NA,NA,NA,NA,NA
"Wan'Dale Robinson","WR","TEN",NA,NA,NA,NA,NA,NA,NA,NA,0,0,NA,0,NA,97.6,NA,"18191","FFToday","15757","FFToday","WR",NA,77,796,NA,NA,3,NA,NA,NA,NA,NA,NA,NA,NA,NA,NA,NA,NA,NA,NA,NA,NA,NA,NA,NA,NA,NA,NA,NA,NA,NA,NA,NA,NA,NA,NA,NA,NA,NA,9,NA,NA,NA,NA,NA,NA,NA,NA,NA,NA
"KC Concepcion","WR","CLE",NA,NA,NA,NA,NA,NA,NA,NA,5,24,NA,0,NA,95.6,NA,"19858","FFToday","17501","FFToday","WR",NA,58,752,NA,NA,3,NA,NA,NA,NA,NA,NA,NA,NA,NA,NA,NA,NA,NA,NA,NA,NA,NA,NA,NA,NA,NA,NA,NA,NA,NA,NA,NA,NA,NA,NA,NA,NA,NA,11,NA,NA,NA,NA,NA,NA,NA,NA,NA,NA
"Josh Downs","WR","IND",NA,NA,NA,NA,NA,NA,NA,NA,0,0,NA,0,NA,94.7,NA,"18508","FFToday","16187","FFToday","WR",NA,68,707,NA,NA,4,NA,NA,NA,NA,NA,NA,NA,NA,NA,NA,NA,NA,NA,NA,NA,NA,NA,NA,NA,NA,NA,NA,NA,NA,NA,NA,NA,NA,NA,NA,NA,NA,NA,13,NA,NA,NA,NA,NA,NA,NA,NA,NA,NA
"Rashid Shaheed","WR","SEA",NA,NA,NA,NA,NA,NA,NA,NA,7,45,NA,0,NA,94.4,NA,"18326","FFToday","16080","FFToday","WR",NA,49,659,NA,NA,4,NA,NA,NA,NA,NA,NA,NA,NA,NA,NA,NA,NA,NA,NA,NA,NA,NA,NA,NA,NA,NA,NA,NA,NA,NA,NA,NA,NA,NA,NA,NA,NA,NA,11,NA,NA,NA,NA,NA,NA,NA,NA,NA,NA
"Makai Lemon","WR","PHI",NA,NA,NA,NA,NA,NA,NA,NA,4,19,NA,0,NA,91.7,NA,"19879","FFToday","17499","FFToday","WR",NA,56,658,NA,NA,4,NA,NA,NA,NA,NA,NA,NA,NA,NA,NA,NA,NA,NA,NA,NA,NA,NA,NA,NA,NA,NA,NA,NA,NA,NA,NA,NA,NA,NA,NA,NA,NA,NA,10,NA,NA,NA,NA,NA,NA,NA,NA,NA,NA
"De'Zhaun Stribling","WR","SF",NA,NA,NA,NA,NA,NA,NA,NA,0,0,NA,0,NA,91.7,NA,"19769","FFToday","17514","FFToday","WR",NA,56,677,NA,NA,4,NA,NA,NA,NA,NA,NA,NA,NA,NA,NA,NA,NA,NA,NA,NA,NA,NA,NA,NA,NA,NA,NA,NA,NA,NA,NA,NA,NA,NA,NA,NA,NA,NA,8,NA,NA,NA,NA,NA,NA,NA,NA,NA,NA
"Jordyn Tyson","WR","NO",NA,NA,NA,NA,NA,NA,NA,NA,0,0,NA,0,NA,87.3,NA,"19838","FFToday","17498","FFToday","WR",NA,49,633,NA,NA,4,NA,NA,NA,NA,NA,NA,NA,NA,NA,NA,NA,NA,NA,NA,NA,NA,NA,NA,NA,NA,NA,NA,NA,NA,NA,NA,NA,NA,NA,NA,NA,NA,NA,8,NA,NA,NA,NA,NA,NA,NA,NA,NA,NA
"Deebo Samuel","WR","SF",NA,NA,NA,NA,NA,NA,NA,NA,14,68,NA,1,NA,84.5,NA,"16688","FFToday","14136","FFToday","WR",NA,47,537,NA,NA,3,NA,NA,NA,NA,NA,NA,NA,NA,NA,NA,NA,NA,NA,NA,NA,NA,NA,NA,NA,NA,NA,NA,NA,NA,NA,NA,NA,NA,NA,NA,NA,NA,NA,8,NA,NA,NA,NA,NA,NA,NA,NA,NA,NA
"Tre Tucker","WR","LV",NA,NA,NA,NA,NA,NA,NA,NA,0,0,NA,0,NA,83.5,NA,"18675","FFToday","16287","FFToday","WR",NA,52,655,NA,NA,3,NA,NA,NA,NA,NA,NA,NA,NA,NA,NA,NA,NA,NA,NA,NA,NA,NA,NA,NA,NA,NA,NA,NA,NA,NA,NA,NA,NA,NA,NA,NA,NA,NA,13,NA,NA,NA,NA,NA,NA,NA,NA,NA,NA
"Jerry Jeudy","WR","CLE",NA,NA,NA,NA,NA,NA,NA,NA,0,0,NA,0,NA,82.5,NA,"17127","FFToday","14833","FFToday","WR",NA,51,645,NA,NA,3,NA,NA,NA,NA,NA,NA,NA,NA,NA,NA,NA,NA,NA,NA,NA,NA,NA,NA,NA,NA,NA,NA,NA,NA,NA,NA,NA,NA,NA,NA,NA,NA,NA,11,NA,NA,NA,NA,NA,NA,NA,NA,NA,NA
"Rashod Bateman","WR","BAL",NA,NA,NA,NA,NA,NA,NA,NA,0,0,NA,0,NA,81.2,NA,"17509","FFToday","15293","FFToday","WR",NA,44,572,NA,NA,4,NA,NA,NA,NA,NA,NA,NA,NA,NA,NA,NA,NA,NA,NA,NA,NA,NA,NA,NA,NA,NA,NA,NA,NA,NA,NA,NA,NA,NA,NA,NA,NA,NA,13,NA,NA,NA,NA,NA,NA,NA,NA,NA,NA
"Jalen Coker","WR","CAR",NA,NA,NA,NA,NA,NA,NA,NA,0,0,NA,0,NA,80.1,NA,"19207","FFToday","16809","FFToday","WR",NA,50,621,NA,NA,3,NA,NA,NA,NA,NA,NA,NA,NA,NA,NA,NA,NA,NA,NA,NA,NA,NA,NA,NA,NA,NA,NA,NA,NA,NA,NA,NA,NA,NA,NA,NA,NA,NA,5,NA,NA,NA,NA,NA,NA,NA,NA,NA,NA
"Jalen McMillan","WR","TB",NA,NA,NA,NA,NA,NA,NA,NA,0,0,NA,0,NA,79.5,NA,"19055","FFToday","16628","FFToday","WR",NA,39,555,NA,NA,4,NA,NA,NA,NA,NA,NA,NA,NA,NA,NA,NA,NA,NA,NA,NA,NA,NA,NA,NA,NA,NA,NA,NA,NA,NA,NA,NA,NA,NA,NA,NA,NA,NA,10,NA,NA,NA,NA,NA,NA,NA,NA,NA,NA
"Calvin Ridley","WR","TEN",NA,NA,NA,NA,NA,NA,NA,NA,0,0,NA,0,NA,74.8,NA,"16129","FFToday","13629","FFToday","WR",NA,39,568,NA,NA,3,NA,NA,NA,NA,NA,NA,NA,NA,NA,NA,NA,NA,NA,NA,NA,NA,NA,NA,NA,NA,NA,NA,NA,NA,NA,NA,NA,NA,NA,NA,NA,NA,NA,9,NA,NA,NA,NA,NA,NA,NA,NA,NA,NA
"Keenan Allen","WR","IND",NA,NA,NA,NA,NA,NA,NA,NA,0,0,NA,0,NA,74.6,NA,"13003","FFToday","11222","FFToday","WR",NA,55,566,NA,NA,3,NA,NA,NA,NA,NA,NA,NA,NA,NA,NA,NA,NA,NA,NA,NA,NA,NA,NA,NA,NA,NA,NA,NA,NA,NA,NA,NA,NA,NA,NA,NA,NA,NA,13,NA,NA,NA,NA,NA,NA,NA,NA,NA,NA
"Adonai Mitchell","WR","NYJ",NA,NA,NA,NA,NA,NA,NA,NA,0,0,NA,0,NA,72.2,NA,"19061","FFToday","16626","FFToday","WR",NA,36,482,NA,NA,4,NA,NA,NA,NA,NA,NA,NA,NA,NA,NA,NA,NA,NA,NA,NA,NA,NA,NA,NA,NA,NA,NA,NA,NA,NA,NA,NA,NA,NA,NA,NA,NA,NA,13,NA,NA,NA,NA,NA,NA,NA,NA,NA,NA
"Germie Bernard","WR","PIT",NA,NA,NA,NA,NA,NA,NA,NA,4,19,NA,0,NA,72.2,NA,"19806","FFToday","17503","FFToday","WR",NA,43,523,NA,NA,3,NA,NA,NA,NA,NA,NA,NA,NA,NA,NA,NA,NA,NA,NA,NA,NA,NA,NA,NA,NA,NA,NA,NA,NA,NA,NA,NA,NA,NA,NA,NA,NA,NA,9,NA,NA,NA,NA,NA,NA,NA,NA,NA,NA
"Jalen Nailor","WR","LV",NA,NA,NA,NA,NA,NA,NA,NA,0,0,NA,0,NA,69.7,NA,"18162","FFToday","15786","FFToday","WR",NA,44,577,NA,NA,2,NA,NA,NA,NA,NA,NA,NA,NA,NA,NA,NA,NA,NA,NA,NA,NA,NA,NA,NA,NA,NA,NA,NA,NA,NA,NA,NA,NA,NA,NA,NA,NA,NA,13,NA,NA,NA,NA,NA,NA,NA,NA,NA,NA
"Malik Washington","WR","MIA",NA,NA,NA,NA,NA,NA,NA,NA,8,46,NA,0,NA,68.1,NA,"19140","FFToday","16684","FFToday","WR",NA,43,455,NA,NA,3,NA,NA,NA,NA,NA,NA,NA,NA,NA,NA,NA,NA,NA,NA,NA,NA,NA,NA,NA,NA,NA,NA,NA,NA,NA,NA,NA,NA,NA,NA,NA,NA,NA,6,NA,NA,NA,NA,NA,NA,NA,NA,NA,NA
"Ryan Flournoy","WR","DAL",NA,NA,NA,NA,NA,NA,NA,NA,0,0,NA,0,NA,65.7,NA,"18965","FFToday","16778","FFToday","WR",NA,36,417,NA,NA,4,NA,NA,NA,NA,NA,NA,NA,NA,NA,NA,NA,NA,NA,NA,NA,NA,NA,NA,NA,NA,NA,NA,NA,NA,NA,NA,NA,NA,NA,NA,NA,NA,NA,14,NA,NA,NA,NA,NA,NA,NA,NA,NA,NA
"Jauan Jennings","WR","MIN",NA,NA,NA,NA,NA,NA,NA,NA,0,0,NA,0,NA,64.6,NA,"17126","FFToday","14860","FFToday","WR",NA,37,466,NA,NA,3,NA,NA,NA,NA,NA,NA,NA,NA,NA,NA,NA,NA,NA,NA,NA,NA,NA,NA,NA,NA,NA,NA,NA,NA,NA,NA,NA,NA,NA,NA,NA,NA,NA,6,NA,NA,NA,NA,NA,NA,NA,NA,NA,NA
"Denzel Boston","WR","CLE",NA,NA,NA,NA,NA,NA,NA,NA,0,0,NA,0,NA,64.6,NA,"19773","FFToday","17500","FFToday","WR",NA,40,526,NA,NA,2,NA,NA,NA,NA,NA,NA,NA,NA,NA,NA,NA,NA,NA,NA,NA,NA,NA,NA,NA,NA,NA,NA,NA,NA,NA,NA,NA,NA,NA,NA,NA,NA,NA,11,NA,NA,NA,NA,NA,NA,NA,NA,NA,NA
"Caleb Douglas","WR","MIA",NA,NA,NA,NA,NA,NA,NA,NA,0,0,NA,0,NA,63.7,NA,"19735","FFToday","17599","FFToday","WR",NA,42,517,NA,NA,2,NA,NA,NA,NA,NA,NA,NA,NA,NA,NA,NA,NA,NA,NA,NA,NA,NA,NA,NA,NA,NA,NA,NA,NA,NA,NA,NA,NA,NA,NA,NA,NA,NA,6,NA,NA,NA,NA,NA,NA,NA,NA,NA,NA
"Cooper Kupp","WR","SEA",NA,NA,NA,NA,NA,NA,NA,NA,0,0,NA,0,NA,62.5,NA,"15932","FFToday","13164","FFToday","WR",NA,36,445,NA,NA,3,NA,NA,NA,NA,NA,NA,NA,NA,NA,NA,NA,NA,NA,NA,NA,NA,NA,NA,NA,NA,NA,NA,NA,NA,NA,NA,NA,NA,NA,NA,NA,NA,NA,11,NA,NA,NA,NA,NA,NA,NA,NA,NA,NA
"Devaughn Vele","WR","NO",NA,NA,NA,NA,NA,NA,NA,NA,0,0,NA,0,NA,62.4,NA,"19133","FFToday","16788","FFToday","WR",NA,38,444,NA,NA,3,NA,NA,NA,NA,NA,NA,NA,NA,NA,NA,NA,NA,NA,NA,NA,NA,NA,NA,NA,NA,NA,NA,NA,NA,NA,NA,NA,NA,NA,NA,NA,NA,NA,8,NA,NA,NA,NA,NA,NA,NA,NA,NA,NA
"Isaac TeSlaa","WR","DET",NA,NA,NA,NA,NA,NA,NA,NA,0,0,NA,0,NA,61.1,NA,"19522","FFToday","17157","FFToday","WR",NA,29,371,NA,NA,4,NA,NA,NA,NA,NA,NA,NA,NA,NA,NA,NA,NA,NA,NA,NA,NA,NA,NA,NA,NA,NA,NA,NA,NA,NA,NA,NA,NA,NA,NA,NA,NA,NA,6,NA,NA,NA,NA,NA,NA,NA,NA,NA,NA
"Xavier Legette","WR","CAR",NA,NA,NA,NA,NA,NA,NA,NA,0,0,NA,0,NA,60.7,NA,"19036","FFToday","16639","FFToday","WR",NA,38,427,NA,NA,3,NA,NA,NA,NA,NA,NA,NA,NA,NA,NA,NA,NA,NA,NA,NA,NA,NA,NA,NA,NA,NA,NA,NA,NA,NA,NA,NA,NA,NA,NA,NA,NA,NA,5,NA,NA,NA,NA,NA,NA,NA,NA,NA,NA
"Jaylin Noel","WR","HOU",NA,NA,NA,NA,NA,NA,NA,NA,0,0,NA,0,NA,57.5,NA,"19464","FFToday","17080","FFToday","WR",NA,34,395,NA,NA,3,NA,NA,NA,NA,NA,NA,NA,NA,NA,NA,NA,NA,NA,NA,NA,NA,NA,NA,NA,NA,NA,NA,NA,NA,NA,NA,NA,NA,NA,NA,NA,NA,NA,8,NA,NA,NA,NA,NA,NA,NA,NA,NA,NA
"Antonio Williams","WR","WAS",NA,NA,NA,NA,NA,NA,NA,NA,0,0,NA,0,NA,56.8,NA,"19711","FFToday","17512","FFToday","WR",NA,27,388,NA,NA,3,NA,NA,NA,NA,NA,NA,NA,NA,NA,NA,NA,NA,NA,NA,NA,NA,NA,NA,NA,NA,NA,NA,NA,NA,NA,NA,NA,NA,NA,NA,NA,NA,NA,7,NA,NA,NA,NA,NA,NA,NA,NA,NA,NA
"Kayshon Boutte","WR","HOU",NA,NA,NA,NA,NA,NA,NA,NA,0,0,NA,0,NA,56.6,NA,"18479","FFToday","16193","FFToday","WR",NA,31,446,NA,NA,2,NA,NA,NA,NA,NA,NA,NA,NA,NA,NA,NA,NA,NA,NA,NA,NA,NA,NA,NA,NA,NA,NA,NA,NA,NA,NA,NA,NA,NA,NA,NA,NA,NA,8,NA,NA,NA,NA,NA,NA,NA,NA,NA,NA
"Dontayvion Wicks","WR","PHI",NA,NA,NA,NA,NA,NA,NA,NA,0,0,NA,0,NA,56.6,NA,"18691","FFToday","16195","FFToday","WR",NA,34,446,NA,NA,2,NA,NA,NA,NA,NA,NA,NA,NA,NA,NA,NA,NA,NA,NA,NA,NA,NA,NA,NA,NA,NA,NA,NA,NA,NA,NA,NA,NA,NA,NA,NA,NA,NA,10,NA,NA,NA,NA,NA,NA,NA,NA,NA,NA
"Ja'Kobi Lane","WR","BAL",NA,NA,NA,NA,NA,NA,NA,NA,0,0,NA,0,NA,55.4,NA,"19811","FFToday","17517","FFToday","WR",NA,30,374,NA,NA,3,NA,NA,NA,NA,NA,NA,NA,NA,NA,NA,NA,NA,NA,NA,NA,NA,NA,NA,NA,NA,NA,NA,NA,NA,NA,NA,NA,NA,NA,NA,NA,NA,NA,13,NA,NA,NA,NA,NA,NA,NA,NA,NA,NA
"KaVontae Turpin","WR","DAL",NA,NA,NA,NA,NA,NA,NA,NA,16,93,NA,0,NA,53.8,NA,"18290","FFToday","15981","FFToday","WR",NA,21,325,NA,NA,2,NA,NA,NA,NA,NA,NA,NA,NA,NA,NA,NA,NA,NA,NA,NA,NA,NA,NA,NA,NA,NA,NA,NA,NA,NA,NA,NA,NA,NA,NA,NA,NA,NA,14,NA,NA,NA,NA,NA,NA,NA,NA,NA,NA
"Omar Cooper Jr.","WR","NYJ",NA,NA,NA,NA,NA,NA,NA,NA,0,0,NA,0,NA,53.5,NA,"19904","FFToday","17502","FFToday","WR",NA,28,355,NA,NA,3,NA,NA,NA,NA,NA,NA,NA,NA,NA,NA,NA,NA,NA,NA,NA,NA,NA,NA,NA,NA,NA,NA,NA,NA,NA,NA,NA,NA,NA,NA,NA,NA,NA,13,NA,NA,NA,NA,NA,NA,NA,NA,NA,NA
"Tre Harris","WR","LAC",NA,NA,NA,NA,NA,NA,NA,NA,0,0,NA,0,NA,53.5,NA,"19383","FFToday","17072","FFToday","WR",NA,32,415,NA,NA,2,NA,NA,NA,NA,NA,NA,NA,NA,NA,NA,NA,NA,NA,NA,NA,NA,NA,NA,NA,NA,NA,NA,NA,NA,NA,NA,NA,NA,NA,NA,NA,NA,NA,7,NA,NA,NA,NA,NA,NA,NA,NA,NA,NA
"Tyquan Thornton","WR","KC",NA,NA,NA,NA,NA,NA,NA,NA,0,0,NA,0,NA,53.5,NA,"18222","FFToday","15787","FFToday","WR",NA,21,355,NA,NA,3,NA,NA,NA,NA,NA,NA,NA,NA,NA,NA,NA,NA,NA,NA,NA,NA,NA,NA,NA,NA,NA,NA,NA,NA,NA,NA,NA,NA,NA,NA,NA,NA,NA,5,NA,NA,NA,NA,NA,NA,NA,NA,NA,NA
"Travis Hunter","WR","JAC",NA,NA,NA,NA,NA,NA,NA,NA,0,0,NA,0,NA,51.1,NA,"19396","FFToday","17074","FFToday","WR",NA,34,391,NA,NA,2,NA,NA,NA,NA,NA,NA,NA,NA,NA,NA,NA,NA,NA,NA,NA,NA,NA,NA,NA,NA,NA,NA,NA,NA,NA,NA,NA,NA,NA,NA,NA,NA,NA,7,NA,NA,NA,NA,NA,NA,NA,NA,NA,NA
"Xavier Hutchinson","WR","HOU",NA,NA,NA,NA,NA,NA,NA,NA,0,0,NA,0,NA,51.1,NA,"18550","FFToday","16201","FFToday","WR",NA,27,331,NA,NA,3,NA,NA,NA,NA,NA,NA,NA,NA,NA,NA,NA,NA,NA,NA,NA,NA,NA,NA,NA,NA,NA,NA,NA,NA,NA,NA,NA,NA,NA,NA,NA,NA,NA,8,NA,NA,NA,NA,NA,NA,NA,NA,NA,NA
"Pat Bryant","WR","DEN",NA,NA,NA,NA,NA,NA,NA,NA,0,0,NA,0,NA,50.6,NA,"19328","FFToday","17082","FFToday","WR",NA,31,386,NA,NA,2,NA,NA,NA,NA,NA,NA,NA,NA,NA,NA,NA,NA,NA,NA,NA,NA,NA,NA,NA,NA,NA,NA,NA,NA,NA,NA,NA,NA,NA,NA,NA,NA,NA,10,NA,NA,NA,NA,NA,NA,NA,NA,NA,NA
"Jalen Tolbert","WR","MIA",NA,NA,NA,NA,NA,NA,NA,NA,0,0,NA,0,NA,50.6,NA,"18224","FFToday","15788","FFToday","WR",NA,34,446,NA,NA,1,NA,NA,NA,NA,NA,NA,NA,NA,NA,NA,NA,NA,NA,NA,NA,NA,NA,NA,NA,NA,NA,NA,NA,NA,NA,NA,NA,NA,NA,NA,NA,NA,NA,6,NA,NA,NA,NA,NA,NA,NA,NA,NA,NA
"Dyami Brown","WR","WAS",NA,NA,NA,NA,NA,NA,NA,NA,0,0,NA,0,NA,49.7,NA,"17523","FFToday","15292","FFToday","WR",NA,29,377,NA,NA,2,NA,NA,NA,NA,NA,NA,NA,NA,NA,NA,NA,NA,NA,NA,NA,NA,NA,NA,NA,NA,NA,NA,NA,NA,NA,NA,NA,NA,NA,NA,NA,NA,NA,7,NA,NA,NA,NA,NA,NA,NA,NA,NA,NA
"Olamide Zaccheaus","WR","ATL",NA,NA,NA,NA,NA,NA,NA,NA,0,0,NA,0,NA,47.7,NA,"16859","FFToday","14592","FFToday","WR",NA,27,357,NA,NA,2,NA,NA,NA,NA,NA,NA,NA,NA,NA,NA,NA,NA,NA,NA,NA,NA,NA,NA,NA,NA,NA,NA,NA,NA,NA,NA,NA,NA,NA,NA,NA,NA,NA,11,NA,NA,NA,NA,NA,NA,NA,NA,NA,NA
"Darius Slayton","WR","NYG",NA,NA,NA,NA,NA,NA,NA,NA,0,0,NA,0,NA,46.6,NA,"16702","FFToday","14122","FFToday","WR",NA,25,346,NA,NA,2,NA,NA,NA,NA,NA,NA,NA,NA,NA,NA,NA,NA,NA,NA,NA,NA,NA,NA,NA,NA,NA,NA,NA,NA,NA,NA,NA,NA,NA,NA,NA,NA,NA,8,NA,NA,NA,NA,NA,NA,NA,NA,NA,NA
"Demario Douglas","WR","NE",NA,NA,NA,NA,NA,NA,NA,NA,0,0,NA,0,NA,46.5,NA,"18506","FFToday","16342","FFToday","WR",NA,28,345,NA,NA,2,NA,NA,NA,NA,NA,NA,NA,NA,NA,NA,NA,NA,NA,NA,NA,NA,NA,NA,NA,NA,NA,NA,NA,NA,NA,NA,NA,NA,NA,NA,NA,NA,NA,11,NA,NA,NA,NA,NA,NA,NA,NA,NA,NA
"Malachi Fields","WR","NYG",NA,NA,NA,NA,NA,NA,NA,NA,0,0,NA,0,NA,46.5,NA,"19880","FFToday","17511","FFToday","WR",NA,30,345,NA,NA,2,NA,NA,NA,NA,NA,NA,NA,NA,NA,NA,NA,NA,NA,NA,NA,NA,NA,NA,NA,NA,NA,NA,NA,NA,NA,NA,NA,NA,NA,NA,NA,NA,NA,8,NA,NA,NA,NA,NA,NA,NA,NA,NA,NA
"Jack Bech","WR","LV",NA,NA,NA,NA,NA,NA,NA,NA,0,0,NA,0,NA,45.6,NA,"19312","FFToday","17078","FFToday","WR",NA,29,336,NA,NA,2,NA,NA,NA,NA,NA,NA,NA,NA,NA,NA,NA,NA,NA,NA,NA,NA,NA,NA,NA,NA,NA,NA,NA,NA,NA,NA,NA,NA,NA,NA,NA,NA,NA,13,NA,NA,NA,NA,NA,NA,NA,NA,NA,NA
"Darnell Mooney","WR","NYG",NA,NA,NA,NA,NA,NA,NA,NA,0,0,NA,0,NA,44.7,NA,"17159","FFToday","14974","FFToday","WR",NA,24,327,NA,NA,2,NA,NA,NA,NA,NA,NA,NA,NA,NA,NA,NA,NA,NA,NA,NA,NA,NA,NA,NA,NA,NA,NA,NA,NA,NA,NA,NA,NA,NA,NA,NA,NA,NA,8,NA,NA,NA,NA,NA,NA,NA,NA,NA,NA
"Troy Franklin","WR","DEN",NA,NA,NA,NA,NA,NA,NA,NA,0,0,NA,0,NA,42.8,NA,"18968","FFToday","16619","FFToday","WR",NA,27,308,NA,NA,2,NA,NA,NA,NA,NA,NA,NA,NA,NA,NA,NA,NA,NA,NA,NA,NA,NA,NA,NA,NA,NA,NA,NA,NA,NA,NA,NA,NA,NA,NA,NA,NA,NA,10,NA,NA,NA,NA,NA,NA,NA,NA,NA,NA
"Keon Coleman","WR","BUF",NA,NA,NA,NA,NA,NA,NA,NA,0,0,NA,0,NA,42.7,NA,"18938","FFToday","16617","FFToday","WR",NA,21,307,NA,NA,2,NA,NA,NA,NA,NA,NA,NA,NA,NA,NA,NA,NA,NA,NA,NA,NA,NA,NA,NA,NA,NA,NA,NA,NA,NA,NA,NA,NA,NA,NA,NA,NA,NA,7,NA,NA,NA,NA,NA,NA,NA,NA,NA,NA
"Kendrick Bourne","WR","ARI",NA,NA,NA,NA,NA,NA,NA,NA,0,0,NA,0,NA,42.7,NA,"14994","FFToday","13418","FFToday","WR",NA,23,307,NA,NA,2,NA,NA,NA,NA,NA,NA,NA,NA,NA,NA,NA,NA,NA,NA,NA,NA,NA,NA,NA,NA,NA,NA,NA,NA,NA,NA,NA,NA,NA,NA,NA,NA,NA,14,NA,NA,NA,NA,NA,NA,NA,NA,NA,NA
"Cyrus Allen","WR","KC",NA,NA,NA,NA,NA,NA,NA,NA,0,0,NA,0,NA,42.5,NA,"19759","FFToday","17518","FFToday","WR",NA,25,305,NA,NA,2,NA,NA,NA,NA,NA,NA,NA,NA,NA,NA,NA,NA,NA,NA,NA,NA,NA,NA,NA,NA,NA,NA,NA,NA,NA,NA,NA,NA,NA,NA,NA,NA,NA,5,NA,NA,NA,NA,NA,NA,NA,NA,NA,NA
"Andrei Iosivas","WR","CIN",NA,NA,NA,NA,NA,NA,NA,NA,0,0,NA,0,NA,42.1,NA,"18553","FFToday","16207","FFToday","WR",NA,24,301,NA,NA,2,NA,NA,NA,NA,NA,NA,NA,NA,NA,NA,NA,NA,NA,NA,NA,NA,NA,NA,NA,NA,NA,NA,NA,NA,NA,NA,NA,NA,NA,NA,NA,NA,NA,6,NA,NA,NA,NA,NA,NA,NA,NA,NA,NA
"Mack Hollins","WR","NE",NA,NA,NA,NA,NA,NA,NA,NA,0,0,NA,0,NA,39.2,NA,"15900","FFToday","13289","FFToday","WR",NA,22,272,NA,NA,2,NA,NA,NA,NA,NA,NA,NA,NA,NA,NA,NA,NA,NA,NA,NA,NA,NA,NA,NA,NA,NA,NA,NA,NA,NA,NA,NA,NA,NA,NA,NA,NA,NA,11,NA,NA,NA,NA,NA,NA,NA,NA,NA,NA
"Jahan Dotson","WR","ATL",NA,NA,NA,NA,NA,NA,NA,NA,0,0,NA,0,NA,38.4,NA,"18057","FFToday","15755","FFToday","WR",NA,19,264,NA,NA,2,NA,NA,NA,NA,NA,NA,NA,NA,NA,NA,NA,NA,NA,NA,NA,NA,NA,NA,NA,NA,NA,NA,NA,NA,NA,NA,NA,NA,NA,NA,NA,NA,NA,11,NA,NA,NA,NA,NA,NA,NA,NA,NA,NA
"Tory Horton","WR","SEA",NA,NA,NA,NA,NA,NA,NA,NA,0,0,NA,0,NA,36.5,NA,"19393","FFToday","17098","FFToday","WR",NA,18,245,NA,NA,2,NA,NA,NA,NA,NA,NA,NA,NA,NA,NA,NA,NA,NA,NA,NA,NA,NA,NA,NA,NA,NA,NA,NA,NA,NA,NA,NA,NA,NA,NA,NA,NA,NA,11,NA,NA,NA,NA,NA,NA,NA,NA,NA,NA
"Kalif Raymond","WR","CHI",NA,NA,NA,NA,NA,NA,NA,NA,0,0,NA,0,NA,35.1,NA,"14879","FFToday","13066","FFToday","WR",NA,20,231,NA,NA,2,NA,NA,NA,NA,NA,NA,NA,NA,NA,NA,NA,NA,NA,NA,NA,NA,NA,NA,NA,NA,NA,NA,NA,NA,NA,NA,NA,NA,NA,NA,NA,NA,NA,10,NA,NA,NA,NA,NA,NA,NA,NA,NA,NA
"Isaiah Bond","WR","CLE",NA,NA,NA,NA,NA,NA,NA,NA,0,0,NA,0,NA,33.5,NA,"19557","FFToday","17076","FFToday","WR",NA,19,275,NA,NA,1,NA,NA,NA,NA,NA,NA,NA,NA,NA,NA,NA,NA,NA,NA,NA,NA,NA,NA,NA,NA,NA,NA,NA,NA,NA,NA,NA,NA,NA,NA,NA,NA,NA,11,NA,NA,NA,NA,NA,NA,NA,NA,NA,NA
"Malik Benson","WR","LV",NA,NA,NA,NA,NA,NA,NA,NA,0,0,NA,0,NA,28.7,NA,"19882","FFToday","17706","FFToday","WR",NA,18,227,NA,NA,1,NA,NA,NA,NA,NA,NA,NA,NA,NA,NA,NA,NA,NA,NA,NA,NA,NA,NA,NA,NA,NA,NA,NA,NA,NA,NA,NA,NA,NA,NA,NA,NA,NA,13,NA,NA,NA,NA,NA,NA,NA,NA,NA,NA
"Chris Bell","WR","MIA",NA,NA,NA,NA,NA,NA,NA,NA,0,0,NA,0,NA,28.6,NA,"19747","FFToday","17506","FFToday","WR",NA,17,226,NA,NA,1,NA,NA,NA,NA,NA,NA,NA,NA,NA,NA,NA,NA,NA,NA,NA,NA,NA,NA,NA,NA,NA,NA,NA,NA,NA,NA,NA,NA,NA,NA,NA,NA,NA,6,NA,NA,NA,NA,NA,NA,NA,NA,NA,NA
"Zachariah Branch","WR","ATL",NA,NA,NA,NA,NA,NA,NA,NA,0,0,NA,0,NA,27.2,NA,"19952","FFToday","17507","FFToday","WR",NA,18,212,NA,NA,1,NA,NA,NA,NA,NA,NA,NA,NA,NA,NA,NA,NA,NA,NA,NA,NA,NA,NA,NA,NA,NA,NA,NA,NA,NA,NA,NA,NA,NA,NA,NA,NA,NA,11,NA,NA,NA,NA,NA,NA,NA,NA,NA,NA
"Isaiah Williams","WR","NYJ",NA,NA,NA,NA,NA,NA,NA,NA,0,0,NA,0,NA,26.6,NA,"19233","FFToday","16630","FFToday","WR",NA,16,206,NA,NA,1,NA,NA,NA,NA,NA,NA,NA,NA,NA,NA,NA,NA,NA,NA,NA,NA,NA,NA,NA,NA,NA,NA,NA,NA,NA,NA,NA,NA,NA,NA,NA,NA,NA,13,NA,NA,NA,NA,NA,NA,NA,NA,NA,NA
"Josh Palmer","WR","BUF",NA,NA,NA,NA,NA,NA,NA,NA,0,0,NA,0,NA,26.4,NA,"17676","FFToday","15319","FFToday","WR",NA,16,204,NA,NA,1,NA,NA,NA,NA,NA,NA,NA,NA,NA,NA,NA,NA,NA,NA,NA,NA,NA,NA,NA,NA,NA,NA,NA,NA,NA,NA,NA,NA,NA,NA,NA,NA,NA,7,NA,NA,NA,NA,NA,NA,NA,NA,NA,NA
"Devontez Walker","WR","BAL",NA,NA,NA,NA,NA,NA,NA,NA,0,0,NA,0,NA,24.7,NA,"19136","FFToday","16621","FFToday","WR",NA,12,187,NA,NA,1,NA,NA,NA,NA,NA,NA,NA,NA,NA,NA,NA,NA,NA,NA,NA,NA,NA,NA,NA,NA,NA,NA,NA,NA,NA,NA,NA,NA,NA,NA,NA,NA,NA,13,NA,NA,NA,NA,NA,NA,NA,NA,NA,NA
"Jordan Whittington","WR","LAR",NA,NA,NA,NA,NA,NA,NA,NA,0,0,NA,0,NA,24.7,NA,"19144","FFToday","16633","FFToday","WR",NA,17,187,NA,NA,1,NA,NA,NA,NA,NA,NA,NA,NA,NA,NA,NA,NA,NA,NA,NA,NA,NA,NA,NA,NA,NA,NA,NA,NA,NA,NA,NA,NA,NA,NA,NA,NA,NA,11,NA,NA,NA,NA,NA,NA,NA,NA,NA,NA
"Marquise Brown","WR","PHI",NA,NA,NA,NA,NA,NA,NA,NA,0,0,NA,0,NA,23.7,NA,"16529","FFToday","14105","FFToday","WR",NA,15,177,NA,NA,1,NA,NA,NA,NA,NA,NA,NA,NA,NA,NA,NA,NA,NA,NA,NA,NA,NA,NA,NA,NA,NA,NA,NA,NA,NA,NA,NA,NA,NA,NA,NA,NA,NA,10,NA,NA,NA,NA,NA,NA,NA,NA,NA,NA
"Konata Mumpfield","WR","LAR",NA,NA,NA,NA,NA,NA,NA,NA,0,0,NA,0,NA,23.6,NA,"19460","FFToday","17254","FFToday","WR",NA,15,176,NA,NA,1,NA,NA,NA,NA,NA,NA,NA,NA,NA,NA,NA,NA,NA,NA,NA,NA,NA,NA,NA,NA,NA,NA,NA,NA,NA,NA,NA,NA,NA,NA,NA,NA,NA,11,NA,NA,NA,NA,NA,NA,NA,NA,NA,NA
"Elic Ayomanor","WR","TEN",NA,NA,NA,NA,NA,NA,NA,NA,0,0,NA,0,NA,23.5,NA,"19306","FFToday","17073","FFToday","WR",NA,14,175,NA,NA,1,NA,NA,NA,NA,NA,NA,NA,NA,NA,NA,NA,NA,NA,NA,NA,NA,NA,NA,NA,NA,NA,NA,NA,NA,NA,NA,NA,NA,NA,NA,NA,NA,NA,9,NA,NA,NA,NA,NA,NA,NA,NA,NA,NA
"Treylon Burks","WR","WAS",NA,NA,NA,NA,NA,NA,NA,NA,0,0,NA,0,NA,22.9,NA,"18029","FFToday","15752","FFToday","WR",NA,13,169,NA,NA,1,NA,NA,NA,NA,NA,NA,NA,NA,NA,NA,NA,NA,NA,NA,NA,NA,NA,NA,NA,NA,NA,NA,NA,NA,NA,NA,NA,NA,NA,NA,NA,NA,NA,7,NA,NA,NA,NA,NA,NA,NA,NA,NA,NA
"Savion Williams","WR","GB",NA,NA,NA,NA,NA,NA,NA,NA,0,0,NA,0,NA,21.9,NA,"19550","FFToday","17096","FFToday","WR",NA,13,159,NA,NA,1,NA,NA,NA,NA,NA,NA,NA,NA,NA,NA,NA,NA,NA,NA,NA,NA,NA,NA,NA,NA,NA,NA,NA,NA,NA,NA,NA,NA,NA,NA,NA,NA,NA,11,NA,NA,NA,NA,NA,NA,NA,NA,NA,NA
"Tank Dell","WR","HOU",NA,NA,NA,NA,NA,NA,NA,NA,0,0,NA,0,NA,21,NA,"18502","FFToday","16204","FFToday","WR",NA,13,150,NA,NA,1,NA,NA,NA,NA,NA,NA,NA,NA,NA,NA,NA,NA,NA,NA,NA,NA,NA,NA,NA,NA,NA,NA,NA,NA,NA,NA,NA,NA,NA,NA,NA,NA,NA,8,NA,NA,NA,NA,NA,NA,NA,NA,NA,NA
"Ted Hurst","WR","TB",NA,NA,NA,NA,NA,NA,NA,NA,0,0,NA,0,NA,19.7,NA,"19932","FFToday","17520","FFToday","WR",NA,13,137,NA,NA,1,NA,NA,NA,NA,NA,NA,NA,NA,NA,NA,NA,NA,NA,NA,NA,NA,NA,NA,NA,NA,NA,NA,NA,NA,NA,NA,NA,NA,NA,NA,NA,NA,NA,10,NA,NA,NA,NA,NA,NA,NA,NA,NA,NA
"KeAndre Lambert-Smith","WR","LAC",NA,NA,NA,NA,NA,NA,NA,NA,0,0,NA,0,NA,19.5,NA,"19420","FFToday","17205","FFToday","WR",NA,12,135,NA,NA,1,NA,NA,NA,NA,NA,NA,NA,NA,NA,NA,NA,NA,NA,NA,NA,NA,NA,NA,NA,NA,NA,NA,NA,NA,NA,NA,NA,NA,NA,NA,NA,NA,NA,7,NA,NA,NA,NA,NA,NA,NA,NA,NA,NA
"Chimere Dike","WR","TEN",NA,NA,NA,NA,NA,NA,NA,NA,0,0,NA,0,NA,18.9,NA,"19350","FFToday","17171","FFToday","WR",NA,13,129,NA,NA,1,NA,NA,NA,NA,NA,NA,NA,NA,NA,NA,NA,NA,NA,NA,NA,NA,NA,NA,NA,NA,NA,NA,NA,NA,NA,NA,NA,NA,NA,NA,NA,NA,NA,9,NA,NA,NA,NA,NA,NA,NA,NA,NA,NA
"Jahdae Walker","WR","CHI",NA,NA,NA,NA,NA,NA,NA,NA,0,0,NA,0,NA,17.7,NA,"19670","FFToday","17353","FFToday","WR",NA,10,117,NA,NA,1,NA,NA,NA,NA,NA,NA,NA,NA,NA,NA,NA,NA,NA,NA,NA,NA,NA,NA,NA,NA,NA,NA,NA,NA,NA,NA,NA,NA,NA,NA,NA,NA,NA,10,NA,NA,NA,NA,NA,NA,NA,NA,NA,NA
"Tai Felton","WR","MIN",NA,NA,NA,NA,NA,NA,NA,NA,0,0,NA,0,NA,8.8,NA,"19361","FFToday","17097","FFToday","WR",NA,7,88,NA,NA,0,NA,NA,NA,NA,NA,NA,NA,NA,NA,NA,NA,NA,NA,NA,NA,NA,NA,NA,NA,NA,NA,NA,NA,NA,NA,NA,NA,NA,NA,NA,NA,NA,NA,6,NA,NA,NA,NA,NA,NA,NA,NA,NA,NA
"Devin Duvernay","WR","ARI",NA,NA,NA,NA,NA,NA,NA,NA,0,0,NA,0,NA,0,NA,"17066","FFToday","14847","FFToday","WR",NA,0,0,NA,NA,0,NA,NA,NA,NA,NA,NA,NA,NA,NA,NA,NA,NA,NA,NA,NA,NA,NA,NA,NA,NA,NA,NA,NA,NA,NA,NA,NA,NA,NA,NA,NA,NA,NA,14,NA,NA,NA,NA,NA,NA,NA,NA,NA,NA
"Roman Wilson","WR","PIT",NA,NA,NA,NA,NA,NA,NA,NA,0,0,NA,0,NA,0,NA,"19152","FFToday","16629","FFToday","WR",NA,0,0,NA,NA,0,NA,NA,NA,NA,NA,NA,NA,NA,NA,NA,NA,NA,NA,NA,NA,NA,NA,NA,NA,NA,NA,NA,NA,NA,NA,NA,NA,NA,NA,NA,NA,NA,NA,9,NA,NA,NA,NA,NA,NA,NA,NA,NA,NA
"Brock Bowers","TE","LV",NA,NA,NA,NA,NA,NA,NA,NA,NA,NA,NA,NA,NA,150.8,NA,"18922","FFToday","16641","FFToday","TE",NA,103,1088,NA,NA,7,NA,NA,NA,NA,NA,NA,NA,NA,NA,NA,NA,NA,NA,NA,NA,NA,NA,NA,NA,NA,NA,NA,NA,NA,NA,NA,NA,NA,NA,NA,NA,NA,NA,13,NA,NA,NA,NA,NA,NA,NA,NA,NA,NA
"Trey McBride","TE","ARI",NA,NA,NA,NA,NA,NA,NA,NA,NA,NA,NA,NA,NA,146.9,NA,"18148","FFToday","15794","FFToday","TE",NA,104,1049,NA,NA,7,NA,NA,NA,NA,NA,NA,NA,NA,NA,NA,NA,NA,NA,NA,NA,NA,NA,NA,NA,NA,NA,NA,NA,NA,NA,NA,NA,NA,NA,NA,NA,NA,NA,14,NA,NA,NA,NA,NA,NA,NA,NA,NA,NA
"Colston Loveland","TE","CHI",NA,NA,NA,NA,NA,NA,NA,NA,NA,NA,NA,NA,NA,120.8,NA,"19428","FFToday","17104","FFToday","TE",NA,73,848,NA,NA,6,NA,NA,NA,NA,NA,NA,NA,NA,NA,NA,NA,NA,NA,NA,NA,NA,NA,NA,NA,NA,NA,NA,NA,NA,NA,NA,NA,NA,NA,NA,NA,NA,NA,10,NA,NA,NA,NA,NA,NA,NA,NA,NA,NA
"Tyler Warren","TE","IND",NA,NA,NA,NA,NA,NA,NA,NA,NA,NA,NA,NA,NA,113.6,NA,"19539","FFToday","17102","FFToday","TE",NA,78,836,NA,NA,5,NA,NA,NA,NA,NA,NA,NA,NA,NA,NA,NA,NA,NA,NA,NA,NA,NA,NA,NA,NA,NA,NA,NA,NA,NA,NA,NA,NA,NA,NA,NA,NA,NA,13,NA,NA,NA,NA,NA,NA,NA,NA,NA,NA
"Harold Fannin Jr.","TE","CLE",NA,NA,NA,NA,NA,NA,NA,NA,NA,NA,NA,NA,NA,110.1,NA,"19359","FFToday","17103","FFToday","TE",NA,77,801,NA,NA,5,NA,NA,NA,NA,NA,NA,NA,NA,NA,NA,NA,NA,NA,NA,NA,NA,NA,NA,NA,NA,NA,NA,NA,NA,NA,NA,NA,NA,NA,NA,NA,NA,NA,11,NA,NA,NA,NA,NA,NA,NA,NA,NA,NA
"Kyle Pitts","TE","ATL",NA,NA,NA,NA,NA,NA,NA,NA,NA,NA,NA,NA,NA,109.6,NA,"17682","FFToday","15329","FFToday","TE",NA,76,856,NA,NA,4,NA,NA,NA,NA,NA,NA,NA,NA,NA,NA,NA,NA,NA,NA,NA,NA,NA,NA,NA,NA,NA,NA,NA,NA,NA,NA,NA,NA,NA,NA,NA,NA,NA,11,NA,NA,NA,NA,NA,NA,NA,NA,NA,NA
"George Kittle","TE","SF",NA,NA,NA,NA,NA,NA,NA,NA,NA,NA,NA,NA,NA,109.5,NA,"15929","FFToday","13299","FFToday","TE",NA,64,735,NA,NA,6,NA,NA,NA,NA,NA,NA,NA,NA,NA,NA,NA,NA,NA,NA,NA,NA,NA,NA,NA,NA,NA,NA,NA,NA,NA,NA,NA,NA,NA,NA,NA,NA,NA,8,NA,NA,NA,NA,NA,NA,NA,NA,NA,NA
"Sam LaPorta","TE","DET",NA,NA,NA,NA,NA,NA,NA,NA,NA,NA,NA,NA,NA,106.5,NA,"18573","FFToday","16214","FFToday","TE",NA,63,765,NA,NA,5,NA,NA,NA,NA,NA,NA,NA,NA,NA,NA,NA,NA,NA,NA,NA,NA,NA,NA,NA,NA,NA,NA,NA,NA,NA,NA,NA,NA,NA,NA,NA,NA,NA,6,NA,NA,NA,NA,NA,NA,NA,NA,NA,NA
"Tucker Kraft","TE","GB",NA,NA,NA,NA,NA,NA,NA,NA,NA,NA,NA,NA,NA,102.4,NA,"18570","FFToday","16222","FFToday","TE",NA,57,724,NA,NA,5,NA,NA,NA,NA,NA,NA,NA,NA,NA,NA,NA,NA,NA,NA,NA,NA,NA,NA,NA,NA,NA,NA,NA,NA,NA,NA,NA,NA,NA,NA,NA,NA,NA,11,NA,NA,NA,NA,NA,NA,NA,NA,NA,NA
"Travis Kelce","TE","KC",NA,NA,NA,NA,NA,NA,NA,NA,NA,NA,NA,NA,NA,101.1,NA,"13217","FFToday","11244","FFToday","TE",NA,73,771,NA,NA,4,NA,NA,NA,NA,NA,NA,NA,NA,NA,NA,NA,NA,NA,NA,NA,NA,NA,NA,NA,NA,NA,NA,NA,NA,NA,NA,NA,NA,NA,NA,NA,NA,NA,5,NA,NA,NA,NA,NA,NA,NA,NA,NA,NA
"Mark Andrews","TE","BAL",NA,NA,NA,NA,NA,NA,NA,NA,NA,NA,NA,NA,NA,100.5,NA,"16268","FFToday","13671","FFToday","TE",NA,61,645,NA,NA,6,NA,NA,NA,NA,NA,NA,NA,NA,NA,NA,NA,NA,NA,NA,NA,NA,NA,NA,NA,NA,NA,NA,NA,NA,NA,NA,NA,NA,NA,NA,NA,NA,NA,13,NA,NA,NA,NA,NA,NA,NA,NA,NA,NA
"Dallas Goedert","TE","PHI",NA,NA,NA,NA,NA,NA,NA,NA,NA,NA,NA,NA,NA,98.5,NA,"16151","FFToday","13674","FFToday","TE",NA,58,625,NA,NA,6,NA,NA,NA,NA,NA,NA,NA,NA,NA,NA,NA,NA,NA,NA,NA,NA,NA,NA,NA,NA,NA,NA,NA,NA,NA,NA,NA,NA,NA,NA,NA,NA,NA,10,NA,NA,NA,NA,NA,NA,NA,NA,NA,NA
"Dalton Kincaid","TE","BUF",NA,NA,NA,NA,NA,NA,NA,NA,NA,NA,NA,NA,NA,97.5,NA,"18569","FFToday","16213","FFToday","TE",NA,55,675,NA,NA,5,NA,NA,NA,NA,NA,NA,NA,NA,NA,NA,NA,NA,NA,NA,NA,NA,NA,NA,NA,NA,NA,NA,NA,NA,NA,NA,NA,NA,NA,NA,NA,NA,NA,7,NA,NA,NA,NA,NA,NA,NA,NA,NA,NA
"Hunter Henry","TE","NE",NA,NA,NA,NA,NA,NA,NA,NA,NA,NA,NA,NA,NA,92.4,NA,"15603","FFToday","12676","FFToday","TE",NA,55,624,NA,NA,5,NA,NA,NA,NA,NA,NA,NA,NA,NA,NA,NA,NA,NA,NA,NA,NA,NA,NA,NA,NA,NA,NA,NA,NA,NA,NA,NA,NA,NA,NA,NA,NA,NA,11,NA,NA,NA,NA,NA,NA,NA,NA,NA,NA
"Isaiah Likely","TE","NYG",NA,NA,NA,NA,NA,NA,NA,NA,NA,NA,NA,NA,NA,89.6,NA,"18134","FFToday","15798","FFToday","TE",NA,56,656,NA,NA,4,NA,NA,NA,NA,NA,NA,NA,NA,NA,NA,NA,NA,NA,NA,NA,NA,NA,NA,NA,NA,NA,NA,NA,NA,NA,NA,NA,NA,NA,NA,NA,NA,NA,8,NA,NA,NA,NA,NA,NA,NA,NA,NA,NA
"Jake Ferguson","TE","DAL",NA,NA,NA,NA,NA,NA,NA,NA,NA,NA,NA,NA,NA,88.5,NA,"18072","FFToday","15799","FFToday","TE",NA,71,585,NA,NA,5,NA,NA,NA,NA,NA,NA,NA,NA,NA,NA,NA,NA,NA,NA,NA,NA,NA,NA,NA,NA,NA,NA,NA,NA,NA,NA,NA,NA,NA,NA,NA,NA,NA,14,NA,NA,NA,NA,NA,NA,NA,NA,NA,NA
"Pat Freiermuth","TE","PIT",NA,NA,NA,NA,NA,NA,NA,NA,NA,NA,NA,NA,NA,86.6,NA,"17574","FFToday","15331","FFToday","TE",NA,53,566,NA,NA,5,NA,NA,NA,NA,NA,NA,NA,NA,NA,NA,NA,NA,NA,NA,NA,NA,NA,NA,NA,NA,NA,NA,NA,NA,NA,NA,NA,NA,NA,NA,NA,NA,NA,9,NA,NA,NA,NA,NA,NA,NA,NA,NA,NA
"Juwan Johnson","TE","NO",NA,NA,NA,NA,NA,NA,NA,NA,NA,NA,NA,NA,NA,85.6,NA,"17335","FFToday","14861","FFToday","TE",NA,60,676,NA,NA,3,NA,NA,NA,NA,NA,NA,NA,NA,NA,NA,NA,NA,NA,NA,NA,NA,NA,NA,NA,NA,NA,NA,NA,NA,NA,NA,NA,NA,NA,NA,NA,NA,NA,8,NA,NA,NA,NA,NA,NA,NA,NA,NA,NA
"Greg Dulcich","TE","MIA",NA,NA,NA,NA,NA,NA,NA,NA,NA,NA,NA,NA,NA,84.6,NA,"18059","FFToday","15797","FFToday","TE",NA,54,606,NA,NA,4,NA,NA,NA,NA,NA,NA,NA,NA,NA,NA,NA,NA,NA,NA,NA,NA,NA,NA,NA,NA,NA,NA,NA,NA,NA,NA,NA,NA,NA,NA,NA,NA,NA,6,NA,NA,NA,NA,NA,NA,NA,NA,NA,NA
"Dalton Schultz","TE","HOU",NA,NA,NA,NA,NA,NA,NA,NA,NA,NA,NA,NA,NA,82.6,NA,"16152","FFToday","13772","FFToday","TE",NA,67,646,NA,NA,3,NA,NA,NA,NA,NA,NA,NA,NA,NA,NA,NA,NA,NA,NA,NA,NA,NA,NA,NA,NA,NA,NA,NA,NA,NA,NA,NA,NA,NA,NA,NA,NA,NA,8,NA,NA,NA,NA,NA,NA,NA,NA,NA,NA
"Brenton Strange","TE","JAC",NA,NA,NA,NA,NA,NA,NA,NA,NA,NA,NA,NA,NA,81.1,NA,"18664","FFToday","16269","FFToday","TE",NA,51,571,NA,NA,4,NA,NA,NA,NA,NA,NA,NA,NA,NA,NA,NA,NA,NA,NA,NA,NA,NA,NA,NA,NA,NA,NA,NA,NA,NA,NA,NA,NA,NA,NA,NA,NA,NA,7,NA,NA,NA,NA,NA,NA,NA,NA,NA,NA
"Terrance Ferguson","TE","LAR",NA,NA,NA,NA,NA,NA,NA,NA,NA,NA,NA,NA,NA,79,NA,"19362","FFToday","17107","FFToday","TE",NA,42,490,NA,NA,5,NA,NA,NA,NA,NA,NA,NA,NA,NA,NA,NA,NA,NA,NA,NA,NA,NA,NA,NA,NA,NA,NA,NA,NA,NA,NA,NA,NA,NA,NA,NA,NA,NA,11,NA,NA,NA,NA,NA,NA,NA,NA,NA,NA
"T.J. Hockenson","TE","MIN",NA,NA,NA,NA,NA,NA,NA,NA,NA,NA,NA,NA,NA,74.8,NA,"16600","FFToday","14138","FFToday","TE",NA,59,568,NA,NA,3,NA,NA,NA,NA,NA,NA,NA,NA,NA,NA,NA,NA,NA,NA,NA,NA,NA,NA,NA,NA,NA,NA,NA,NA,NA,NA,NA,NA,NA,NA,NA,NA,NA,6,NA,NA,NA,NA,NA,NA,NA,NA,NA,NA
"AJ Barner","TE","SEA",NA,NA,NA,NA,NA,NA,NA,NA,NA,NA,NA,NA,NA,74.4,NA,"18911","FFToday","16723","FFToday","TE",NA,54,504,NA,NA,4,NA,NA,NA,NA,NA,NA,NA,NA,NA,NA,NA,NA,NA,NA,NA,NA,NA,NA,NA,NA,NA,NA,NA,NA,NA,NA,NA,NA,NA,NA,NA,NA,NA,11,NA,NA,NA,NA,NA,NA,NA,NA,NA,NA
"Kenyon Sadiq","TE","NYJ",NA,NA,NA,NA,NA,NA,NA,NA,NA,NA,NA,NA,NA,70.7,NA,"19865","FFToday","17543","FFToday","TE",NA,45,527,NA,NA,3,NA,NA,NA,NA,NA,NA,NA,NA,NA,NA,NA,NA,NA,NA,NA,NA,NA,NA,NA,NA,NA,NA,NA,NA,NA,NA,NA,NA,NA,NA,NA,NA,NA,13,NA,NA,NA,NA,NA,NA,NA,NA,NA,NA
"Cade Otton","TE","TB",NA,NA,NA,NA,NA,NA,NA,NA,NA,NA,NA,NA,NA,70.5,NA,"18171","FFToday","15802","FFToday","TE",NA,53,525,NA,NA,3,NA,NA,NA,NA,NA,NA,NA,NA,NA,NA,NA,NA,NA,NA,NA,NA,NA,NA,NA,NA,NA,NA,NA,NA,NA,NA,NA,NA,NA,NA,NA,NA,NA,10,NA,NA,NA,NA,NA,NA,NA,NA,NA,NA
"Chigoziem Okonkwo","TE","WAS",NA,NA,NA,NA,NA,NA,NA,NA,NA,NA,NA,NA,NA,69.9,NA,"18167","FFToday","15889","FFToday","TE",NA,54,519,NA,NA,3,NA,NA,NA,NA,NA,NA,NA,NA,NA,NA,NA,NA,NA,NA,NA,NA,NA,NA,NA,NA,NA,NA,NA,NA,NA,NA,NA,NA,NA,NA,NA,NA,NA,7,NA,NA,NA,NA,NA,NA,NA,NA,NA,NA
"Mike Gesicki","TE","CIN",NA,NA,NA,NA,NA,NA,NA,NA,NA,NA,NA,NA,NA,69,NA,"16281","FFToday","13672","FFToday","TE",NA,43,450,NA,NA,4,NA,NA,NA,NA,NA,NA,NA,NA,NA,NA,NA,NA,NA,NA,NA,NA,NA,NA,NA,NA,NA,NA,NA,NA,NA,NA,NA,NA,NA,NA,NA,NA,NA,6,NA,NA,NA,NA,NA,NA,NA,NA,NA,NA
"Evan Engram","TE","DEN",NA,NA,NA,NA,NA,NA,NA,NA,NA,NA,NA,NA,NA,66.4,NA,"15862","FFToday","13189","FFToday","TE",NA,57,484,NA,NA,3,NA,NA,NA,NA,NA,NA,NA,NA,NA,NA,NA,NA,NA,NA,NA,NA,NA,NA,NA,NA,NA,NA,NA,NA,NA,NA,NA,NA,NA,NA,NA,NA,NA,10,NA,NA,NA,NA,NA,NA,NA,NA,NA,NA
"Darren Waller","TE","CAR",NA,NA,NA,NA,NA,NA,NA,NA,NA,NA,NA,NA,NA,63.7,NA,"15340","FFToday","12263","FFToday","TE",NA,41,397,NA,NA,4,NA,NA,NA,NA,NA,NA,NA,NA,NA,NA,NA,NA,NA,NA,NA,NA,NA,NA,NA,NA,NA,NA,NA,NA,NA,NA,NA,NA,NA,NA,NA,NA,NA,5,NA,NA,NA,NA,NA,NA,NA,NA,NA,NA
"Gunnar Helm","TE","TEN",NA,NA,NA,NA,NA,NA,NA,NA,NA,NA,NA,NA,NA,63.5,NA,"19387","FFToday","17105","FFToday","TE",NA,45,455,NA,NA,3,NA,NA,NA,NA,NA,NA,NA,NA,NA,NA,NA,NA,NA,NA,NA,NA,NA,NA,NA,NA,NA,NA,NA,NA,NA,NA,NA,NA,NA,NA,NA,NA,NA,9,NA,NA,NA,NA,NA,NA,NA,NA,NA,NA
"Michael Mayer","TE","LV",NA,NA,NA,NA,NA,NA,NA,NA,NA,NA,NA,NA,NA,60,NA,"18586","FFToday","16212","FFToday","TE",NA,43,420,NA,NA,3,NA,NA,NA,NA,NA,NA,NA,NA,NA,NA,NA,NA,NA,NA,NA,NA,NA,NA,NA,NA,NA,NA,NA,NA,NA,NA,NA,NA,NA,NA,NA,NA,NA,13,NA,NA,NA,NA,NA,NA,NA,NA,NA,NA
"Cole Kmet","TE","CHI",NA,NA,NA,NA,NA,NA,NA,NA,NA,NA,NA,NA,NA,55.4,NA,"17140","FFToday","14867","FFToday","TE",NA,35,374,NA,NA,3,NA,NA,NA,NA,NA,NA,NA,NA,NA,NA,NA,NA,NA,NA,NA,NA,NA,NA,NA,NA,NA,NA,NA,NA,NA,NA,NA,NA,NA,NA,NA,NA,NA,10,NA,NA,NA,NA,NA,NA,NA,NA,NA,NA
"David Njoku","TE","LAC",NA,NA,NA,NA,NA,NA,NA,NA,NA,NA,NA,NA,NA,54.9,NA,"15971","FFToday","13192","FFToday","TE",NA,45,369,NA,NA,3,NA,NA,NA,NA,NA,NA,NA,NA,NA,NA,NA,NA,NA,NA,NA,NA,NA,NA,NA,NA,NA,NA,NA,NA,NA,NA,NA,NA,NA,NA,NA,NA,NA,7,NA,NA,NA,NA,NA,NA,NA,NA,NA,NA
"Mason Taylor","TE","NYJ",NA,NA,NA,NA,NA,NA,NA,NA,NA,NA,NA,NA,NA,53.5,NA,"19521","FFToday","17106","FFToday","TE",NA,43,415,NA,NA,2,NA,NA,NA,NA,NA,NA,NA,NA,NA,NA,NA,NA,NA,NA,NA,NA,NA,NA,NA,NA,NA,NA,NA,NA,NA,NA,NA,NA,NA,NA,NA,NA,NA,13,NA,NA,NA,NA,NA,NA,NA,NA,NA,NA
"Oronde Gadsden","TE","LAC",NA,NA,NA,NA,NA,NA,NA,NA,NA,NA,NA,NA,NA,50.4,NA,"19367","FFToday","17099","FFToday","TE",NA,31,384,NA,NA,2,NA,NA,NA,NA,NA,NA,NA,NA,NA,NA,NA,NA,NA,NA,NA,NA,NA,NA,NA,NA,NA,NA,NA,NA,NA,NA,NA,NA,NA,NA,NA,NA,NA,7,NA,NA,NA,NA,NA,NA,NA,NA,NA,NA
"Dawson Knox","TE","BUF",NA,NA,NA,NA,NA,NA,NA,NA,NA,NA,NA,NA,NA,48.9,NA,"16629","FFToday","14143","FFToday","TE",NA,25,309,NA,NA,3,NA,NA,NA,NA,NA,NA,NA,NA,NA,NA,NA,NA,NA,NA,NA,NA,NA,NA,NA,NA,NA,NA,NA,NA,NA,NA,NA,NA,NA,NA,NA,NA,NA,7,NA,NA,NA,NA,NA,NA,NA,NA,NA,NA
"Colby Parkinson","TE","LAR",NA,NA,NA,NA,NA,NA,NA,NA,NA,NA,NA,NA,NA,48.1,NA,"17173","FFToday","14871","FFToday","TE",NA,31,301,NA,NA,3,NA,NA,NA,NA,NA,NA,NA,NA,NA,NA,NA,NA,NA,NA,NA,NA,NA,NA,NA,NA,NA,NA,NA,NA,NA,NA,NA,NA,NA,NA,NA,NA,NA,11,NA,NA,NA,NA,NA,NA,NA,NA,NA,NA
"Darnell Washington","TE","PIT",NA,NA,NA,NA,NA,NA,NA,NA,NA,NA,NA,NA,NA,41.9,NA,"18687","FFToday","16216","FFToday","TE",NA,26,299,NA,NA,2,NA,NA,NA,NA,NA,NA,NA,NA,NA,NA,NA,NA,NA,NA,NA,NA,NA,NA,NA,NA,NA,NA,NA,NA,NA,NA,NA,NA,NA,NA,NA,NA,NA,9,NA,NA,NA,NA,NA,NA,NA,NA,NA,NA
"Theo Johnson","TE","NYG",NA,NA,NA,NA,NA,NA,NA,NA,NA,NA,NA,NA,NA,40.2,NA,"19010","FFToday","16649","FFToday","TE",NA,24,282,NA,NA,2,NA,NA,NA,NA,NA,NA,NA,NA,NA,NA,NA,NA,NA,NA,NA,NA,NA,NA,NA,NA,NA,NA,NA,NA,NA,NA,NA,NA,NA,NA,NA,NA,NA,8,NA,NA,NA,NA,NA,NA,NA,NA,NA,NA
"Noah Fant","TE","NO",NA,NA,NA,NA,NA,NA,NA,NA,NA,NA,NA,NA,NA,37.5,NA,"16564","FFToday","14137","FFToday","TE",NA,27,255,NA,NA,2,NA,NA,NA,NA,NA,NA,NA,NA,NA,NA,NA,NA,NA,NA,NA,NA,NA,NA,NA,NA,NA,NA,NA,NA,NA,NA,NA,NA,NA,NA,NA,NA,NA,8,NA,NA,NA,NA,NA,NA,NA,NA,NA,NA
"Austin Hooper","TE","ATL",NA,NA,NA,NA,NA,NA,NA,NA,NA,NA,NA,NA,NA,36.5,NA,"15610","FFToday","12677","FFToday","TE",NA,22,245,NA,NA,2,NA,NA,NA,NA,NA,NA,NA,NA,NA,NA,NA,NA,NA,NA,NA,NA,NA,NA,NA,NA,NA,NA,NA,NA,NA,NA,NA,NA,NA,NA,NA,NA,NA,11,NA,NA,NA,NA,NA,NA,NA,NA,NA,NA
"Tyler Higbee","TE","LAR",NA,NA,NA,NA,NA,NA,NA,NA,NA,NA,NA,NA,NA,35.6,NA,"15605","FFToday","12678","FFToday","TE",NA,20,236,NA,NA,2,NA,NA,NA,NA,NA,NA,NA,NA,NA,NA,NA,NA,NA,NA,NA,NA,NA,NA,NA,NA,NA,NA,NA,NA,NA,NA,NA,NA,NA,NA,NA,NA,NA,11,NA,NA,NA,NA,NA,NA,NA,NA,NA,NA
"Noah Gray","TE","KC",NA,NA,NA,NA,NA,NA,NA,NA,NA,NA,NA,NA,NA,35.4,NA,"17587","FFToday","15337","FFToday","TE",NA,22,234,NA,NA,2,NA,NA,NA,NA,NA,NA,NA,NA,NA,NA,NA,NA,NA,NA,NA,NA,NA,NA,NA,NA,NA,NA,NA,NA,NA,NA,NA,NA,NA,NA,NA,NA,NA,5,NA,NA,NA,NA,NA,NA,NA,NA,NA,NA
"Elijah Arroyo","TE","SEA",NA,NA,NA,NA,NA,NA,NA,NA,NA,NA,NA,NA,NA,33.6,NA,"19304","FFToday","17108","FFToday","TE",NA,23,216,NA,NA,2,NA,NA,NA,NA,NA,NA,NA,NA,NA,NA,NA,NA,NA,NA,NA,NA,NA,NA,NA,NA,NA,NA,NA,NA,NA,NA,NA,NA,NA,NA,NA,NA,NA,11,NA,NA,NA,NA,NA,NA,NA,NA,NA,NA
"Tommy Tremble","TE","CAR",NA,NA,NA,NA,NA,NA,NA,NA,NA,NA,NA,NA,NA,33.5,NA,"17731","FFToday","15332","FFToday","TE",NA,22,215,NA,NA,2,NA,NA,NA,NA,NA,NA,NA,NA,NA,NA,NA,NA,NA,NA,NA,NA,NA,NA,NA,NA,NA,NA,NA,NA,NA,NA,NA,NA,NA,NA,NA,NA,NA,5,NA,NA,NA,NA,NA,NA,NA,NA,NA,NA
"Charlie Kolar","TE","LAC",NA,NA,NA,NA,NA,NA,NA,NA,NA,NA,NA,NA,NA,30.9,NA,"18129","FFToday","15795","FFToday","TE",NA,25,249,NA,NA,1,NA,NA,NA,NA,NA,NA,NA,NA,NA,NA,NA,NA,NA,NA,NA,NA,NA,NA,NA,NA,NA,NA,NA,NA,NA,NA,NA,NA,NA,NA,NA,NA,NA,7,NA,NA,NA,NA,NA,NA,NA,NA,NA,NA
"Josh Oliver","TE","MIN",NA,NA,NA,NA,NA,NA,NA,NA,NA,NA,NA,NA,NA,30.8,NA,"16668","FFToday","14209","FFToday","TE",NA,17,188,NA,NA,2,NA,NA,NA,NA,NA,NA,NA,NA,NA,NA,NA,NA,NA,NA,NA,NA,NA,NA,NA,NA,NA,NA,NA,NA,NA,NA,NA,NA,NA,NA,NA,NA,NA,6,NA,NA,NA,NA,NA,NA,NA,NA,NA,NA
"Luke Musgrave","TE","GB",NA,NA,NA,NA,NA,NA,NA,NA,NA,NA,NA,NA,NA,27.9,NA,"18604","FFToday","16215","FFToday","TE",NA,23,219,NA,NA,1,NA,NA,NA,NA,NA,NA,NA,NA,NA,NA,NA,NA,NA,NA,NA,NA,NA,NA,NA,NA,NA,NA,NA,NA,NA,NA,NA,NA,NA,NA,NA,NA,NA,11,NA,NA,NA,NA,NA,NA,NA,NA,NA,NA
"Adam Trautman","TE","DEN",NA,NA,NA,NA,NA,NA,NA,NA,NA,NA,NA,NA,NA,25,NA,"17231","FFToday","14870","FFToday","TE",NA,16,190,NA,NA,1,NA,NA,NA,NA,NA,NA,NA,NA,NA,NA,NA,NA,NA,NA,NA,NA,NA,NA,NA,NA,NA,NA,NA,NA,NA,NA,NA,NA,NA,NA,NA,NA,NA,10,NA,NA,NA,NA,NA,NA,NA,NA,NA,NA
"Brandon Aubrey","K","DAL",NA,NA,NA,NA,NA,NA,NA,NA,NA,NA,NA,NA,NA,150,NA,"18715","FFToday","16414","FFToday","K",NA,NA,NA,NA,NA,NA,35,40,NA,NA,NA,NA,NA,NA,NA,NA,NA,NA,45,46,NA,NA,NA,NA,NA,NA,NA,NA,NA,NA,NA,NA,NA,NA,NA,NA,NA,NA,NA,14,87.5,NA,NA,NA,NA,NA,NA,NA,NA,NA
"Cameron Dicker","K","LAC",NA,NA,NA,NA,NA,NA,NA,NA,NA,NA,NA,NA,NA,143,NA,"18318","FFToday","15979","FFToday","K",NA,NA,NA,NA,NA,NA,34,37,NA,NA,NA,NA,NA,NA,NA,NA,NA,NA,41,41,NA,NA,NA,NA,NA,NA,NA,NA,NA,NA,NA,NA,NA,NA,NA,NA,NA,NA,NA,7,91.9,NA,NA,NA,NA,NA,NA,NA,NA,NA
"Ka'imi Fairbairn","K","HOU",NA,NA,NA,NA,NA,NA,NA,NA,NA,NA,NA,NA,NA,138,NA,"14904","FFToday","12860","FFToday","K",NA,NA,NA,NA,NA,NA,34,38,NA,NA,NA,NA,NA,NA,NA,NA,NA,NA,36,37,NA,NA,NA,NA,NA,NA,NA,NA,NA,NA,NA,NA,NA,NA,NA,NA,NA,NA,NA,8,89.5,NA,NA,NA,NA,NA,NA,NA,NA,NA
"Jason Myers","K","SEA",NA,NA,NA,NA,NA,NA,NA,NA,NA,NA,NA,NA,NA,138,NA,"14584","FFToday","12437","FFToday","K",NA,NA,NA,NA,NA,NA,32,37,NA,NA,NA,NA,NA,NA,NA,NA,NA,NA,42,43,NA,NA,NA,NA,NA,NA,NA,NA,NA,NA,NA,NA,NA,NA,NA,NA,NA,NA,NA,11,86.5,NA,NA,NA,NA,NA,NA,NA,NA,NA
"Wil Lutz","K","DEN",NA,NA,NA,NA,NA,NA,NA,NA,NA,NA,NA,NA,NA,133,NA,"14750","FFToday","12956","FFToday","K",NA,NA,NA,NA,NA,NA,29,32,NA,NA,NA,NA,NA,NA,NA,NA,NA,NA,46,46,NA,NA,NA,NA,NA,NA,NA,NA,NA,NA,NA,NA,NA,NA,NA,NA,NA,NA,NA,10,90.6,NA,NA,NA,NA,NA,NA,NA,NA,NA
"Chase McLaughlin","K","TB",NA,NA,NA,NA,NA,NA,NA,NA,NA,NA,NA,NA,NA,131,NA,"16824","FFToday","14717","FFToday","K",NA,NA,NA,NA,NA,NA,31,35,NA,NA,NA,NA,NA,NA,NA,NA,NA,NA,38,39,NA,NA,NA,NA,NA,NA,NA,NA,NA,NA,NA,NA,NA,NA,NA,NA,NA,NA,NA,10,88.6,NA,NA,NA,NA,NA,NA,NA,NA,NA
"Harrison Butker","K","KC",NA,NA,NA,NA,NA,NA,NA,NA,NA,NA,NA,NA,NA,130,NA,"15827","FFToday","13354","FFToday","K",NA,NA,NA,NA,NA,NA,30,35,NA,NA,NA,NA,NA,NA,NA,NA,NA,NA,40,42,NA,NA,NA,NA,NA,NA,NA,NA,NA,NA,NA,NA,NA,NA,NA,NA,NA,NA,NA,5,85.7,NA,NA,NA,NA,NA,NA,NA,NA,NA
"Eddy Pineiro","K","SF",NA,NA,NA,NA,NA,NA,NA,NA,NA,NA,NA,NA,NA,130,NA,"16055","FFToday","13719","FFToday","K",NA,NA,NA,NA,NA,NA,30,34,NA,NA,NA,NA,NA,NA,NA,NA,NA,NA,40,42,NA,NA,NA,NA,NA,NA,NA,NA,NA,NA,NA,NA,NA,NA,NA,NA,NA,NA,NA,8,88.2,NA,NA,NA,NA,NA,NA,NA,NA,NA
"Tyler Bass","K","BUF",NA,NA,NA,NA,NA,NA,NA,NA,NA,NA,NA,NA,NA,126,NA,"17010","FFToday","14983","FFToday","K",NA,NA,NA,NA,NA,NA,25,30,NA,NA,NA,NA,NA,NA,NA,NA,NA,NA,51,54,NA,NA,NA,NA,NA,NA,NA,NA,NA,NA,NA,NA,NA,NA,NA,NA,NA,NA,NA,7,83.3,NA,NA,NA,NA,NA,NA,NA,NA,NA
"Tyler Loop","K","BAL",NA,NA,NA,NA,NA,NA,NA,NA,NA,NA,NA,NA,NA,125,NA,"19427","FFToday","17222","FFToday","K",NA,NA,NA,NA,NA,NA,27,31,NA,NA,NA,NA,NA,NA,NA,NA,NA,NA,44,46,NA,NA,NA,NA,NA,NA,NA,NA,NA,NA,NA,NA,NA,NA,NA,NA,NA,NA,NA,13,87.1,NA,NA,NA,NA,NA,NA,NA,NA,NA
"Jake Bates","K","DET",NA,NA,NA,NA,NA,NA,NA,NA,NA,NA,NA,NA,NA,125,NA,"19160","FFToday","16846","FFToday","K",NA,NA,NA,NA,NA,NA,26,31,NA,NA,NA,NA,NA,NA,NA,NA,NA,NA,47,49,NA,NA,NA,NA,NA,NA,NA,NA,NA,NA,NA,NA,NA,NA,NA,NA,NA,NA,NA,6,83.9,NA,NA,NA,NA,NA,NA,NA,NA,NA
"Cam Little","K","JAC",NA,NA,NA,NA,NA,NA,NA,NA,NA,NA,NA,NA,NA,125,NA,"19039","FFToday","16680","FFToday","K",NA,NA,NA,NA,NA,NA,28,31,NA,NA,NA,NA,NA,NA,NA,NA,NA,NA,41,42,NA,NA,NA,NA,NA,NA,NA,NA,NA,NA,NA,NA,NA,NA,NA,NA,NA,NA,NA,7,90.3,NA,NA,NA,NA,NA,NA,NA,NA,NA
"Will Reichard","K","MIN",NA,NA,NA,NA,NA,NA,NA,NA,NA,NA,NA,NA,NA,125,NA,"19090","FFToday","16681","FFToday","K",NA,NA,NA,NA,NA,NA,29,32,NA,NA,NA,NA,NA,NA,NA,NA,NA,NA,38,39,NA,NA,NA,NA,NA,NA,NA,NA,NA,NA,NA,NA,NA,NA,NA,NA,NA,NA,NA,6,90.6,NA,NA,NA,NA,NA,NA,NA,NA,NA
"Andres Borregales","K","NE",NA,NA,NA,NA,NA,NA,NA,NA,NA,NA,NA,NA,NA,124,NA,"19320","FFToday","17220","FFToday","K",NA,NA,NA,NA,NA,NA,26,31,NA,NA,NA,NA,NA,NA,NA,NA,NA,NA,46,48,NA,NA,NA,NA,NA,NA,NA,NA,NA,NA,NA,NA,NA,NA,NA,NA,NA,NA,NA,11,83.9,NA,NA,NA,NA,NA,NA,NA,NA,NA
"Cairo Santos","K","CHI",NA,NA,NA,NA,NA,NA,NA,NA,NA,NA,NA,NA,NA,124,NA,"14392","FFToday","11945","FFToday","K",NA,NA,NA,NA,NA,NA,28,32,NA,NA,NA,NA,NA,NA,NA,NA,NA,NA,40,41,NA,NA,NA,NA,NA,NA,NA,NA,NA,NA,NA,NA,NA,NA,NA,NA,NA,NA,NA,10,87.5,NA,NA,NA,NA,NA,NA,NA,NA,NA
"Trey Smack","K","GB",NA,NA,NA,NA,NA,NA,NA,NA,NA,NA,NA,NA,NA,124,NA,"19939","FFToday","17668","FFToday","K",NA,NA,NA,NA,NA,NA,28,33,NA,NA,NA,NA,NA,NA,NA,NA,NA,NA,40,42,NA,NA,NA,NA,NA,NA,NA,NA,NA,NA,NA,NA,NA,NA,NA,NA,NA,NA,NA,11,84.8,NA,NA,NA,NA,NA,NA,NA,NA,NA
"Spencer Shrader","K","IND",NA,NA,NA,NA,NA,NA,NA,NA,NA,NA,NA,NA,NA,123,NA,"19171","FFToday","16896","FFToday","K",NA,NA,NA,NA,NA,NA,28,33,NA,NA,NA,NA,NA,NA,NA,NA,NA,NA,39,41,NA,NA,NA,NA,NA,NA,NA,NA,NA,NA,NA,NA,NA,NA,NA,NA,NA,NA,NA,13,84.8,NA,NA,NA,NA,NA,NA,NA,NA,NA
"Evan McPherson","K","CIN",NA,NA,NA,NA,NA,NA,NA,NA,NA,NA,NA,NA,NA,121,NA,"17642","FFToday","15368","FFToday","K",NA,NA,NA,NA,NA,NA,26,30,NA,NA,NA,NA,NA,NA,NA,NA,NA,NA,43,45,NA,NA,NA,NA,NA,NA,NA,NA,NA,NA,NA,NA,NA,NA,NA,NA,NA,NA,NA,6,86.7,NA,NA,NA,NA,NA,NA,NA,NA,NA
"Chris Boswell","K","PIT",NA,NA,NA,NA,NA,NA,NA,NA,NA,NA,NA,NA,NA,120,NA,"14644","FFToday","11936","FFToday","K",NA,NA,NA,NA,NA,NA,28,33,NA,NA,NA,NA,NA,NA,NA,NA,NA,NA,36,37,NA,NA,NA,NA,NA,NA,NA,NA,NA,NA,NA,NA,NA,NA,NA,NA,NA,NA,NA,9,84.8,NA,NA,NA,NA,NA,NA,NA,NA,NA
"Harrison Mevis","K","LAR",NA,NA,NA,NA,NA,NA,NA,NA,NA,NA,NA,NA,NA,120,NA,"19640","FFToday","16843","FFToday","K",NA,NA,NA,NA,NA,NA,23,25,NA,NA,NA,NA,NA,NA,NA,NA,NA,NA,51,53,NA,NA,NA,NA,NA,NA,NA,NA,NA,NA,NA,NA,NA,NA,NA,NA,NA,NA,NA,11,92,NA,NA,NA,NA,NA,NA,NA,NA,NA
"Jake Elliott","K","PHI",NA,NA,NA,NA,NA,NA,NA,NA,NA,NA,NA,NA,NA,120,NA,"15860","FFToday","13303","FFToday","K",NA,NA,NA,NA,NA,NA,25,30,NA,NA,NA,NA,NA,NA,NA,NA,NA,NA,45,46,NA,NA,NA,NA,NA,NA,NA,NA,NA,NA,NA,NA,NA,NA,NA,NA,NA,NA,NA,10,83.3,NA,NA,NA,NA,NA,NA,NA,NA,NA
"Daniel Carlson","K","NO",NA,NA,NA,NA,NA,NA,NA,NA,NA,NA,NA,NA,NA,120,NA,"16155","FFToday","13718","FFToday","K",NA,NA,NA,NA,NA,NA,28,33,NA,NA,NA,NA,NA,NA,NA,NA,NA,NA,36,38,NA,NA,NA,NA,NA,NA,NA,NA,NA,NA,NA,NA,NA,NA,NA,NA,NA,NA,NA,8,84.8,NA,NA,NA,NA,NA,NA,NA,NA,NA
"Dominic Zvada","K","NYG",NA,NA,NA,NA,NA,NA,NA,NA,NA,NA,NA,NA,NA,119,NA,"19960","FFToday","17736","FFToday","K",NA,NA,NA,NA,NA,NA,26,30,NA,NA,NA,NA,NA,NA,NA,NA,NA,NA,41,42,NA,NA,NA,NA,NA,NA,NA,NA,NA,NA,NA,NA,NA,NA,NA,NA,NA,NA,NA,8,86.7,NA,NA,NA,NA,NA,NA,NA,NA,NA
"Chad Ryland","K","ARI",NA,NA,NA,NA,NA,NA,NA,NA,NA,NA,NA,NA,NA,112,NA,"18636","FFToday","16292","FFToday","K",NA,NA,NA,NA,NA,NA,26,32,NA,NA,NA,NA,NA,NA,NA,NA,NA,NA,34,35,NA,NA,NA,NA,NA,NA,NA,NA,NA,NA,NA,NA,NA,NA,NA,NA,NA,NA,NA,14,81.3,NA,NA,NA,NA,NA,NA,NA,NA,NA
"Drew Stevens","K","WAS",NA,NA,NA,NA,NA,NA,NA,NA,NA,NA,NA,NA,NA,112,NA,"19959","FFToday","17726","FFToday","K",NA,NA,NA,NA,NA,NA,24,30,NA,NA,NA,NA,NA,NA,NA,NA,NA,NA,40,43,NA,NA,NA,NA,NA,NA,NA,NA,NA,NA,NA,NA,NA,NA,NA,NA,NA,NA,NA,7,80,NA,NA,NA,NA,NA,NA,NA,NA,NA
"Riley Patterson","K","MIA",NA,NA,NA,NA,NA,NA,NA,NA,NA,NA,NA,NA,NA,111,NA,"17860","FFToday","15369","FFToday","K",NA,NA,NA,NA,NA,NA,27,31,NA,NA,NA,NA,NA,NA,NA,NA,NA,NA,30,32,NA,NA,NA,NA,NA,NA,NA,NA,NA,NA,NA,NA,NA,NA,NA,NA,NA,NA,NA,6,87.1,NA,NA,NA,NA,NA,NA,NA,NA,NA
"Ryan Fitzgerald","K","CAR",NA,NA,NA,NA,NA,NA,NA,NA,NA,NA,NA,NA,NA,110,NA,"19563","FFToday","17277","FFToday","K",NA,NA,NA,NA,NA,NA,25,29,NA,NA,NA,NA,NA,NA,NA,NA,NA,NA,35,37,NA,NA,NA,NA,NA,NA,NA,NA,NA,NA,NA,NA,NA,NA,NA,NA,NA,NA,NA,5,86.2,NA,NA,NA,NA,NA,NA,NA,NA,NA
"Nick Folk","K","ATL",NA,NA,NA,NA,NA,NA,NA,NA,NA,NA,NA,NA,NA,109,NA,"3188","FFToday","8851","FFToday","K",NA,NA,NA,NA,NA,NA,24,26,NA,NA,NA,NA,NA,NA,NA,NA,NA,NA,37,37,NA,NA,NA,NA,NA,NA,NA,NA,NA,NA,NA,NA,NA,NA,NA,NA,NA,NA,NA,11,92.3,NA,NA,NA,NA,NA,NA,NA,NA,NA
"Matt Gay","K","LV",NA,NA,NA,NA,NA,NA,NA,NA,NA,NA,NA,NA,NA,109,NA,"16578","FFToday","14244","FFToday","K",NA,NA,NA,NA,NA,NA,26,32,NA,NA,NA,NA,NA,NA,NA,NA,NA,NA,31,32,NA,NA,NA,NA,NA,NA,NA,NA,NA,NA,NA,NA,NA,NA,NA,NA,NA,NA,NA,13,81.3,NA,NA,NA,NA,NA,NA,NA,NA,NA
"Joey Slye","K","TEN",NA,NA,NA,NA,NA,NA,NA,NA,NA,NA,NA,NA,NA,106,NA,"16763","FFToday","14600","FFToday","K",NA,NA,NA,NA,NA,NA,26,32,NA,NA,NA,NA,NA,NA,NA,NA,NA,NA,28,30,NA,NA,NA,NA,NA,NA,NA,NA,NA,NA,NA,NA,NA,NA,NA,NA,NA,NA,NA,9,81.3,NA,NA,NA,NA,NA,NA,NA,NA,NA
"Blake Grupe","K","NYJ",NA,NA,NA,NA,NA,NA,NA,NA,NA,NA,NA,NA,NA,102,NA,"18719","FFToday","16444","FFToday","K",NA,NA,NA,NA,NA,NA,24,30,NA,NA,NA,NA,NA,NA,NA,NA,NA,NA,30,33,NA,NA,NA,NA,NA,NA,NA,NA,NA,NA,NA,NA,NA,NA,NA,NA,NA,NA,NA,13,80,NA,NA,NA,NA,NA,NA,NA,NA,NA
"Andre Szmyt","K","CLE",NA,NA,NA,NA,NA,NA,NA,NA,NA,NA,NA,NA,NA,101,NA,"19565","FFToday","16419","FFToday","K",NA,NA,NA,NA,NA,NA,23,26,NA,NA,NA,NA,NA,NA,NA,NA,NA,NA,32,33,NA,NA,NA,NA,NA,NA,NA,NA,NA,NA,NA,NA,NA,NA,NA,NA,NA,NA,NA,11,88.5,NA,NA,NA,NA,NA,NA,NA,NA,NA
NA,"DST","Houston Texans",NA,NA,NA,NA,NA,NA,NA,NA,NA,NA,NA,NA,NA,126,NA,"9031","FFToday","0532","FFToday","DST",NA,NA,NA,NA,NA,NA,NA,NA,NA,NA,NA,NA,NA,NA,NA,NA,NA,NA,NA,NA,16,1,48,NA,10,NA,3,325,NA,NA,NA,NA,NA,NA,NA,NA,NA,NA,NA,8,NA,220.9,107.5,1,NA,NA,NA,NA,NA,NA
NA,"DST","Pittsburgh Steelers",NA,NA,NA,NA,NA,NA,NA,NA,NA,NA,NA,NA,NA,118,NA,"9008","FFToday","0510","FFToday","DST",NA,NA,NA,NA,NA,NA,NA,NA,NA,NA,NA,NA,NA,NA,NA,NA,NA,NA,NA,NA,16,0,44,NA,12,NA,2,359,NA,NA,NA,NA,NA,NA,NA,NA,NA,NA,NA,9,NA,259.1,118,1,NA,NA,NA,NA,NA,NA
NA,"DST","Denver Broncos",NA,NA,NA,NA,NA,NA,NA,NA,NA,NA,NA,NA,NA,117,NA,"9009","FFToday","0511","FFToday","DST",NA,NA,NA,NA,NA,NA,NA,NA,NA,NA,NA,NA,NA,NA,NA,NA,NA,NA,NA,NA,12,1,57,NA,8,NA,2,326,NA,NA,NA,NA,NA,NA,NA,NA,NA,NA,NA,10,NA,230.5,109.4,1,NA,NA,NA,NA,NA,NA
NA,"DST","Minnesota Vikings",NA,NA,NA,NA,NA,NA,NA,NA,NA,NA,NA,NA,NA,116,NA,"9022","FFToday","0524","FFToday","DST",NA,NA,NA,NA,NA,NA,NA,NA,NA,NA,NA,NA,NA,NA,NA,NA,NA,NA,NA,NA,14,0,48,NA,11,NA,2,346,NA,NA,NA,NA,NA,NA,NA,NA,NA,NA,NA,6,NA,229.2,117.9,1,NA,NA,NA,NA,NA,NA
NA,"DST","Seattle Seahawks",NA,NA,NA,NA,NA,NA,NA,NA,NA,NA,NA,NA,NA,112,NA,"9013","FFToday","0515","FFToday","DST",NA,NA,NA,NA,NA,NA,NA,NA,NA,NA,NA,NA,NA,NA,NA,NA,NA,NA,NA,NA,14,1,46,NA,6,NA,3,313,NA,NA,NA,NA,NA,NA,NA,NA,NA,NA,NA,11,NA,229.1,111,1,NA,NA,NA,NA,NA,NA
NA,"DST","Los Angeles Chargers",NA,NA,NA,NA,NA,NA,NA,NA,NA,NA,NA,NA,NA,111,NA,"9033","FFToday","0514","FFToday","DST",NA,NA,NA,NA,NA,NA,NA,NA,NA,NA,NA,NA,NA,NA,NA,NA,NA,NA,NA,NA,17,0,47,NA,9,NA,1,350,NA,NA,NA,NA,NA,NA,NA,NA,NA,NA,NA,7,NA,216.6,116.2,1,NA,NA,NA,NA,NA,NA
NA,"DST","Buffalo Bills",NA,NA,NA,NA,NA,NA,NA,NA,NA,NA,NA,NA,NA,110,NA,"9000","FFToday","0501","FFToday","DST",NA,NA,NA,NA,NA,NA,NA,NA,NA,NA,NA,NA,NA,NA,NA,NA,NA,NA,NA,NA,17,1,40,NA,11,NA,2,367,NA,NA,NA,NA,NA,NA,NA,NA,NA,NA,NA,7,NA,213.8,134.1,0,NA,NA,NA,NA,NA,NA
NA,"DST","Jacksonville Jaguars",NA,NA,NA,NA,NA,NA,NA,NA,NA,NA,NA,NA,NA,107,NA,"9029","FFToday","0509","FFToday","DST",NA,NA,NA,NA,NA,NA,NA,NA,NA,NA,NA,NA,NA,NA,NA,NA,NA,NA,NA,NA,16,0,37,NA,10,NA,2,388,NA,NA,NA,NA,NA,NA,NA,NA,NA,NA,NA,7,NA,264.8,117.3,1,NA,NA,NA,NA,NA,NA
NA,"DST","Los Angeles Rams",NA,NA,NA,NA,NA,NA,NA,NA,NA,NA,NA,NA,NA,106,NA,"9032","FFToday","0528","FFToday","DST",NA,NA,NA,NA,NA,NA,NA,NA,NA,NA,NA,NA,NA,NA,NA,NA,NA,NA,NA,NA,13,1,44,NA,8,NA,2,368,NA,NA,NA,NA,NA,NA,NA,NA,NA,NA,NA,11,NA,242.9,122.3,1,NA,NA,NA,NA,NA,NA
NA,"DST","Philadelphia Eagles",NA,NA,NA,NA,NA,NA,NA,NA,NA,NA,NA,NA,NA,104,NA,"9016","FFToday","0518","FFToday","DST",NA,NA,NA,NA,NA,NA,NA,NA,NA,NA,NA,NA,NA,NA,NA,NA,NA,NA,NA,NA,12,0,42,NA,10,NA,2,317,NA,NA,NA,NA,NA,NA,NA,NA,NA,NA,NA,10,NA,218.9,122.3,1,NA,NA,NA,NA,NA,NA
NA,"DST","Detroit Lions",NA,NA,NA,NA,NA,NA,NA,NA,NA,NA,NA,NA,NA,103,NA,"9020","FFToday","0522","FFToday","DST",NA,NA,NA,NA,NA,NA,NA,NA,NA,NA,NA,NA,NA,NA,NA,NA,NA,NA,NA,NA,14,1,45,NA,8,NA,1,388,NA,NA,NA,NA,NA,NA,NA,NA,NA,NA,NA,6,NA,259.8,119.1,1,NA,NA,NA,NA,NA,NA
NA,"DST","New England Patriots",NA,NA,NA,NA,NA,NA,NA,NA,NA,NA,NA,NA,NA,99,NA,"9003","FFToday","0504","FFToday","DST",NA,NA,NA,NA,NA,NA,NA,NA,NA,NA,NA,NA,NA,NA,NA,NA,NA,NA,NA,NA,9,1,37,NA,9,NA,2,355,NA,NA,NA,NA,NA,NA,NA,NA,NA,NA,NA,11,NA,221.8,121.4,2,NA,NA,NA,NA,NA,NA
NA,"DST","Baltimore Ravens",NA,NA,NA,NA,NA,NA,NA,NA,NA,NA,NA,NA,NA,99,NA,"9030","FFToday","0531","FFToday","DST",NA,NA,NA,NA,NA,NA,NA,NA,NA,NA,NA,NA,NA,NA,NA,NA,NA,NA,NA,NA,13,0,45,NA,8,NA,1,374,NA,NA,NA,NA,NA,NA,NA,NA,NA,NA,NA,13,NA,256.7,106.1,1,NA,NA,NA,NA,NA,NA
NA,"DST","Cincinnati Bengals",NA,NA,NA,NA,NA,NA,NA,NA,NA,NA,NA,NA,NA,98,NA,"9005","FFToday","0506","FFToday","DST",NA,NA,NA,NA,NA,NA,NA,NA,NA,NA,NA,NA,NA,NA,NA,NA,NA,NA,NA,NA,14,0,38,NA,10,NA,1,429,NA,NA,NA,NA,NA,NA,NA,NA,NA,NA,NA,6,NA,249.4,134.6,1,NA,NA,NA,NA,NA,NA
NA,"DST","Cleveland Browns",NA,NA,NA,NA,NA,NA,NA,NA,NA,NA,NA,NA,NA,97,NA,"9006","FFToday","0507","FFToday","DST",NA,NA,NA,NA,NA,NA,NA,NA,NA,NA,NA,NA,NA,NA,NA,NA,NA,NA,NA,NA,12,0,45,NA,8,NA,2,412,NA,NA,NA,NA,NA,NA,NA,NA,NA,NA,NA,11,NA,215.9,124.1,0,NA,NA,NA,NA,NA,NA
NA,"DST","Green Bay Packers",NA,NA,NA,NA,NA,NA,NA,NA,NA,NA,NA,NA,NA,95,NA,"9021","FFToday","0523","FFToday","DST",NA,NA,NA,NA,NA,NA,NA,NA,NA,NA,NA,NA,NA,NA,NA,NA,NA,NA,NA,NA,11,0,41,NA,10,NA,1,356,NA,NA,NA,NA,NA,NA,NA,NA,NA,NA,NA,11,NA,223.1,123.9,1,NA,NA,NA,NA,NA,NA
NA,"DST","New Orleans Saints",NA,NA,NA,NA,NA,NA,NA,NA,NA,NA,NA,NA,NA,94,NA,"9026","FFToday","0529","FFToday","DST",NA,NA,NA,NA,NA,NA,NA,NA,NA,NA,NA,NA,NA,NA,NA,NA,NA,NA,NA,NA,12,0,42,NA,8,NA,2,390,NA,NA,NA,NA,NA,NA,NA,NA,NA,NA,NA,8,NA,228.6,132.5,0,NA,NA,NA,NA,NA,NA
NA,"DST","Chicago Bears",NA,NA,NA,NA,NA,NA,NA,NA,NA,NA,NA,NA,NA,94,NA,"9019","FFToday","0521","FFToday","DST",NA,NA,NA,NA,NA,NA,NA,NA,NA,NA,NA,NA,NA,NA,NA,NA,NA,NA,NA,NA,14,0,36,NA,9,NA,1,399,NA,NA,NA,NA,NA,NA,NA,NA,NA,NA,NA,10,NA,246.6,143.4,1,NA,NA,NA,NA,NA,NA
NA,"DST","Tampa Bay Buccaneers",NA,NA,NA,NA,NA,NA,NA,NA,NA,NA,NA,NA,NA,93,NA,"9023","FFToday","0525","FFToday","DST",NA,NA,NA,NA,NA,NA,NA,NA,NA,NA,NA,NA,NA,NA,NA,NA,NA,NA,NA,NA,11,1,41,NA,11,NA,1,396,NA,NA,NA,NA,NA,NA,NA,NA,NA,NA,NA,10,NA,263.8,104.8,0,NA,NA,NA,NA,NA,NA
NA,"DST","Indianapolis Colts",NA,NA,NA,NA,NA,NA,NA,NA,NA,NA,NA,NA,NA,92,NA,"9001","FFToday","0502","FFToday","DST",NA,NA,NA,NA,NA,NA,NA,NA,NA,NA,NA,NA,NA,NA,NA,NA,NA,NA,NA,NA,15,0,38,NA,9,NA,1,415,NA,NA,NA,NA,NA,NA,NA,NA,NA,NA,NA,13,NA,260.4,124.9,0,NA,NA,NA,NA,NA,NA
NA,"DST","New York Giants",NA,NA,NA,NA,NA,NA,NA,NA,NA,NA,NA,NA,NA,91,NA,"9015","FFToday","0517","FFToday","DST",NA,NA,NA,NA,NA,NA,NA,NA,NA,NA,NA,NA,NA,NA,NA,NA,NA,NA,NA,NA,10,0,41,NA,9,NA,1,390,NA,NA,NA,NA,NA,NA,NA,NA,NA,NA,NA,8,NA,238.4,135.4,1,NA,NA,NA,NA,NA,NA
NA,"DST","Dallas Cowboys",NA,NA,NA,NA,NA,NA,NA,NA,NA,NA,NA,NA,NA,91,NA,"9014","FFToday","0516","FFToday","DST",NA,NA,NA,NA,NA,NA,NA,NA,NA,NA,NA,NA,NA,NA,NA,NA,NA,NA,NA,NA,11,0,43,NA,7,NA,1,430,NA,NA,NA,NA,NA,NA,NA,NA,NA,NA,NA,14,NA,252.5,136.2,1,NA,NA,NA,NA,NA,NA
NA,"DST","Atlanta Falcons",NA,NA,NA,NA,NA,NA,NA,NA,NA,NA,NA,NA,NA,90,NA,"9024","FFToday","0526","FFToday","DST",NA,NA,NA,NA,NA,NA,NA,NA,NA,NA,NA,NA,NA,NA,NA,NA,NA,NA,NA,NA,11,1,40,NA,7,NA,2,412,NA,NA,NA,NA,NA,NA,NA,NA,NA,NA,NA,11,NA,236.9,131.9,0,NA,NA,NA,NA,NA,NA
NA,"DST","Washington Commanders",NA,NA,NA,NA,NA,NA,NA,NA,NA,NA,NA,NA,NA,86,NA,"9018","FFToday","0520","FFToday","DST",NA,NA,NA,NA,NA,NA,NA,NA,NA,NA,NA,NA,NA,NA,NA,NA,NA,NA,NA,NA,7,1,42,NA,8,NA,1,422,NA,NA,NA,NA,NA,NA,NA,NA,NA,NA,NA,7,NA,249.4,145,1,NA,NA,NA,NA,NA,NA
NA,"DST","Tennessee Titans",NA,NA,NA,NA,NA,NA,NA,NA,NA,NA,NA,NA,NA,84,NA,"9007","FFToday","0508","FFToday","DST",NA,NA,NA,NA,NA,NA,NA,NA,NA,NA,NA,NA,NA,NA,NA,NA,NA,NA,NA,NA,8,1,40,NA,7,NA,1,466,NA,NA,NA,NA,NA,NA,NA,NA,NA,NA,NA,9,NA,256.6,128.2,1,NA,NA,NA,NA,NA,NA
NA,"DST","Kansas City Chiefs",NA,NA,NA,NA,NA,NA,NA,NA,NA,NA,NA,NA,NA,83,NA,"9010","FFToday","0512","FFToday","DST",NA,NA,NA,NA,NA,NA,NA,NA,NA,NA,NA,NA,NA,NA,NA,NA,NA,NA,NA,NA,11,0,41,NA,7,NA,1,327,NA,NA,NA,NA,NA,NA,NA,NA,NA,NA,NA,5,NA,243.4,113.7,0,NA,NA,NA,NA,NA,NA
NA,"DST","Arizona Cardinals",NA,NA,NA,NA,NA,NA,NA,NA,NA,NA,NA,NA,NA,82,NA,"9017","FFToday","0519","FFToday","DST",NA,NA,NA,NA,NA,NA,NA,NA,NA,NA,NA,NA,NA,NA,NA,NA,NA,NA,NA,NA,11,1,36,NA,8,NA,1,427,NA,NA,NA,NA,NA,NA,NA,NA,NA,NA,NA,14,NA,242.5,135.9,0,NA,NA,NA,NA,NA,NA
NA,"DST","San Francisco 49ers",NA,NA,NA,NA,NA,NA,NA,NA,NA,NA,NA,NA,NA,79,NA,"9027","FFToday","0530","FFToday","DST",NA,NA,NA,NA,NA,NA,NA,NA,NA,NA,NA,NA,NA,NA,NA,NA,NA,NA,NA,NA,11,0,37,NA,7,NA,1,395,NA,NA,NA,NA,NA,NA,NA,NA,NA,NA,NA,8,NA,242.8,122.3,0,NA,NA,NA,NA,NA,NA
NA,"DST","Carolina Panthers",NA,NA,NA,NA,NA,NA,NA,NA,NA,NA,NA,NA,NA,77,NA,"9028","FFToday","0527","FFToday","DST",NA,NA,NA,NA,NA,NA,NA,NA,NA,NA,NA,NA,NA,NA,NA,NA,NA,NA,NA,NA,11,0,35,NA,7,NA,1,405,NA,NA,NA,NA,NA,NA,NA,NA,NA,NA,NA,5,NA,230.6,140.3,0,NA,NA,NA,NA,NA,NA
NA,"DST","New York Jets",NA,NA,NA,NA,NA,NA,NA,NA,NA,NA,NA,NA,NA,75,NA,"9004","FFToday","0505","FFToday","DST",NA,NA,NA,NA,NA,NA,NA,NA,NA,NA,NA,NA,NA,NA,NA,NA,NA,NA,NA,NA,8,1,37,NA,7,NA,0,435,NA,NA,NA,NA,NA,NA,NA,NA,NA,NA,NA,13,NA,246.6,137.9,1,NA,NA,NA,NA,NA,NA
NA,"DST","Las Vegas Raiders",NA,NA,NA,NA,NA,NA,NA,NA,NA,NA,NA,NA,NA,75,NA,"9011","FFToday","0513","FFToday","DST",NA,NA,NA,NA,NA,NA,NA,NA,NA,NA,NA,NA,NA,NA,NA,NA,NA,NA,NA,NA,9,1,37,NA,6,NA,1,431,NA,NA,NA,NA,NA,NA,NA,NA,NA,NA,NA,13,NA,229.1,124.7,0,NA,NA,NA,NA,NA,NA
NA,"DST","Miami Dolphins",NA,NA,NA,NA,NA,NA,NA,NA,NA,NA,NA,NA,NA,71,NA,"9002","FFToday","0503","FFToday","DST",NA,NA,NA,NA,NA,NA,NA,NA,NA,NA,NA,NA,NA,NA,NA,NA,NA,NA,NA,NA,9,0,37,NA,8,NA,0,417,NA,NA,NA,NA,NA,NA,NA,NA,NA,NA,NA,6,NA,240,136.1,0,NA,NA,NA,NA,NA,NA
"Josh Allen","QB","BUF",NA,502.91,340.22,3883.72,NA,24.42,11.98,NA,97.34,499.94,NA,9.73,NA,345.58,NA,"53775","FanDuel","13589","NumberFire","QB",0,0,0,NA,NA,0,NA,NA,NA,NA,NA,NA,NA,NA,NA,NA,NA,NA,NA,NA,NA,NA,NA,NA,NA,NA,NA,NA,NA,NA,NA,NA,NA,NA,NA,NA,NA,NA,NA,NA,NA,NA,NA,NA,1,1,4,"Buffalo Bills","REMAINING",NA
"Lamar Jackson","QB","BAL",NA,469.25,302.73,3801.56,NA,27.15,9.15,NA,74.85,436.08,NA,2.08,NA,302.44,NA,"53773","FanDuel","13593","NumberFire","QB",0,0,0,NA,NA,0,NA,NA,NA,NA,NA,NA,NA,NA,NA,NA,NA,NA,NA,NA,NA,NA,NA,NA,NA,NA,NA,NA,NA,NA,NA,NA,NA,NA,NA,NA,NA,NA,NA,NA,NA,NA,NA,NA,2,3,3,"Baltimore Ravens","REMAINING",NA
"Dak Prescott","QB","DAL",NA,537.76,357.77,3939.94,NA,27.98,11.25,NA,51.86,230.57,NA,3.15,NA,297.22,NA,"53101","FanDuel","12620","NumberFire","QB",0,0,0,NA,NA,0,NA,NA,NA,NA,NA,NA,NA,NA,NA,NA,NA,NA,NA,NA,NA,NA,NA,NA,NA,NA,NA,NA,NA,NA,NA,NA,NA,NA,NA,NA,NA,NA,NA,NA,NA,NA,NA,NA,3,6,9,"Dallas Cowboys","REMAINING",NA
"Brock Purdy","QB","SF",NA,510.24,348.77,3899.9,NA,27.22,12.39,NA,62.78,270.39,NA,2.87,NA,293.67,NA,"55455","FanDuel","15698","NumberFire","QB",0,0,0,NA,NA,0,NA,NA,NA,NA,NA,NA,NA,NA,NA,NA,NA,NA,NA,NA,NA,NA,NA,NA,NA,NA,NA,NA,NA,NA,NA,NA,NA,NA,NA,NA,NA,NA,NA,NA,NA,NA,NA,NA,4,7,27,"San Francisco 49ers","REMAINING",NA
"Drake Maye","QB","NE",NA,491.12,337.82,3969.39,NA,23.61,10.91,NA,69.11,320.95,NA,2.83,NA,287.38,NA,"55921","FanDuel","16580","NumberFire","QB",0,0,0,NA,NA,0,NA,NA,NA,NA,NA,NA,NA,NA,NA,NA,NA,NA,NA,NA,NA,NA,NA,NA,NA,NA,NA,NA,NA,NA,NA,NA,NA,NA,NA,NA,NA,NA,NA,NA,NA,NA,NA,NA,5,8,19,"New England Patriots","REMAINING",NA
"Jalen Hurts","QB","PHI",NA,469.76,305.47,3369.65,NA,20.13,9.01,NA,88.85,403.37,NA,6.93,NA,284.23,NA,"54662","FanDuel","14783","NumberFire","QB",0,0,0,NA,NA,0,NA,NA,NA,NA,NA,NA,NA,NA,NA,NA,NA,NA,NA,NA,NA,NA,NA,NA,NA,NA,NA,NA,NA,NA,NA,NA,NA,NA,NA,NA,NA,NA,NA,NA,NA,NA,NA,NA,6,9,24,"Philadelphia Eagles","REMAINING",NA
"Patrick Mahomes","QB","KC",NA,512.64,326.42,3636.15,NA,24.92,9.99,NA,62.26,305.82,NA,2.58,NA,280.42,NA,"53432","FanDuel","13116","NumberFire","QB",0,0,0,NA,NA,0,NA,NA,NA,NA,NA,NA,NA,NA,NA,NA,NA,NA,NA,NA,NA,NA,NA,NA,NA,NA,NA,NA,NA,NA,NA,NA,NA,NA,NA,NA,NA,NA,NA,NA,NA,NA,NA,NA,7,10,16,"Kansas City Chiefs","REMAINING",NA
"Joe Burrow","QB","CIN",NA,516.15,343.08,3660.73,NA,30.13,9.72,NA,35.94,147.08,NA,1.59,NA,278.84,NA,"54499","FanDuel","14777","NumberFire","QB",0,0,0,NA,NA,0,NA,NA,NA,NA,NA,NA,NA,NA,NA,NA,NA,NA,NA,NA,NA,NA,NA,NA,NA,NA,NA,NA,NA,NA,NA,NA,NA,NA,NA,NA,NA,NA,NA,NA,NA,NA,NA,NA,8,11,7,"Cincinnati Bengals","REMAINING",NA
"Jayden Daniels","QB","WSH",NA,493.37,302.66,3304.3,NA,22.1,9.68,NA,95.41,452.39,NA,3.71,NA,276.55,NA,"55928","FanDuel","16581","NumberFire","QB",0,0,0,NA,NA,0,NA,NA,NA,NA,NA,NA,NA,NA,NA,NA,NA,NA,NA,NA,NA,NA,NA,NA,NA,NA,NA,NA,NA,NA,NA,NA,NA,NA,NA,NA,NA,NA,NA,NA,NA,NA,NA,NA,9,12,32,"Washington Commanders","REMAINING",NA
"Jared Goff","QB","DET",NA,508.42,341.2,3848.47,NA,27.26,8.28,NA,43.43,158.08,NA,1.59,NA,274.43,NA,"53082","FanDuel","12611","NumberFire","QB",0,0,0,NA,NA,0,NA,NA,NA,NA,NA,NA,NA,NA,NA,NA,NA,NA,NA,NA,NA,NA,NA,NA,NA,NA,NA,NA,NA,NA,NA,NA,NA,NA,NA,NA,NA,NA,NA,NA,NA,NA,NA,NA,10,13,11,"Detroit Lions","REMAINING",NA
"Matthew Stafford","QB","LA",NA,523.74,340.19,3960.51,NA,29.23,11.09,NA,8.68,31.06,NA,0.31,NA,268.3,NA,"46","FanDuel","9431","NumberFire","QB",0,0,0,NA,NA,0,NA,NA,NA,NA,NA,NA,NA,NA,NA,NA,NA,NA,NA,NA,NA,NA,NA,NA,NA,NA,NA,NA,NA,NA,NA,NA,NA,NA,NA,NA,NA,NA,NA,NA,NA,NA,NA,NA,11,14,33,"Los Angeles Rams","REMAINING",NA
"Caleb Williams","QB","CHI",NA,485.19,296.11,3363.95,NA,23.08,8.01,NA,70.01,326.38,NA,3.12,NA,265.53,NA,"55912","FanDuel","16579","NumberFire","QB",0,0,0,NA,NA,0,NA,NA,NA,NA,NA,NA,NA,NA,NA,NA,NA,NA,NA,NA,NA,NA,NA,NA,NA,NA,NA,NA,NA,NA,NA,NA,NA,NA,NA,NA,NA,NA,NA,NA,NA,NA,NA,NA,12,15,6,"Chicago Bears","REMAINING",NA
"Tyler Shough","QB","NO",NA,498.76,333.72,3624.55,NA,22.59,10.22,NA,61.8,267.45,NA,3.03,NA,265.53,NA,"56271","FanDuel","17039","NumberFire","QB",0,0,0,NA,NA,0,NA,NA,NA,NA,NA,NA,NA,NA,NA,NA,NA,NA,NA,NA,NA,NA,NA,NA,NA,NA,NA,NA,NA,NA,NA,NA,NA,NA,NA,NA,NA,NA,NA,NA,NA,NA,NA,NA,12,15,20,"New Orleans Saints","REMAINING",NA
"Trevor Lawrence","QB","JAC",NA,492.77,309.52,3598.87,NA,22.82,10.25,NA,53.31,239.89,NA,2.95,NA,263.53,NA,"54869","FanDuel","15237","NumberFire","QB",0,0,0,NA,NA,0,NA,NA,NA,NA,NA,NA,NA,NA,NA,NA,NA,NA,NA,NA,NA,NA,NA,NA,NA,NA,NA,NA,NA,NA,NA,NA,NA,NA,NA,NA,NA,NA,NA,NA,NA,NA,NA,NA,14,17,15,"Jacksonville Jaguars","REMAINING",NA
"Jordan Love","QB","GB",NA,500.09,323.01,3747.08,NA,26.48,10.14,NA,31.68,139.99,NA,1.31,NA,262.92,NA,"54886","FanDuel","14782","NumberFire","QB",0,0,0,NA,NA,0,NA,NA,NA,NA,NA,NA,NA,NA,NA,NA,NA,NA,NA,NA,NA,NA,NA,NA,NA,NA,NA,NA,NA,NA,NA,NA,NA,NA,NA,NA,NA,NA,NA,NA,NA,NA,NA,NA,15,18,12,"Green Bay Packers","REMAINING",NA
"Justin Herbert","QB","LAC",NA,487.71,318.9,3464.06,NA,19.91,8.38,NA,80.55,359.59,NA,3.08,NA,259.5,NA,"54537","FanDuel","14779","NumberFire","QB",0,0,0,NA,NA,0,NA,NA,NA,NA,NA,NA,NA,NA,NA,NA,NA,NA,NA,NA,NA,NA,NA,NA,NA,NA,NA,NA,NA,NA,NA,NA,NA,NA,NA,NA,NA,NA,NA,NA,NA,NA,NA,NA,16,19,34,"Los Angeles Chargers","REMAINING",NA
"Bo Nix","QB","DEN",NA,501.07,322.83,3324.19,NA,21.13,10.28,NA,75.97,328.84,NA,3.02,NA,255.65,NA,"55913","FanDuel","16582","NumberFire","QB",0,0,0,NA,NA,0,NA,NA,NA,NA,NA,NA,NA,NA,NA,NA,NA,NA,NA,NA,NA,NA,NA,NA,NA,NA,NA,NA,NA,NA,NA,NA,NA,NA,NA,NA,NA,NA,NA,NA,NA,NA,NA,NA,17,20,10,"Denver Broncos","REMAINING",NA
"Baker Mayfield","QB","TB",NA,509.74,327.59,3503.67,NA,24.03,11.91,NA,59.38,260.51,NA,2,NA,253.59,NA,"53777","FanDuel","13590","NumberFire","QB",0,0,0,NA,NA,0,NA,NA,NA,NA,NA,NA,NA,NA,NA,NA,NA,NA,NA,NA,NA,NA,NA,NA,NA,NA,NA,NA,NA,NA,NA,NA,NA,NA,NA,NA,NA,NA,NA,NA,NA,NA,NA,NA,18,21,30,"Tampa Bay Buccaneers","REMAINING",NA
"Bryce Young","QB","CAR",NA,516.62,328.95,3480.31,NA,21.73,10.85,NA,53.47,240.87,NA,2.63,NA,250.35,NA,"55588","FanDuel","16148","NumberFire","QB",0,0,0,NA,NA,0,NA,NA,NA,NA,NA,NA,NA,NA,NA,NA,NA,NA,NA,NA,NA,NA,NA,NA,NA,NA,NA,NA,NA,NA,NA,NA,NA,NA,NA,NA,NA,NA,NA,NA,NA,NA,NA,NA,19,22,5,"Carolina Panthers","REMAINING",NA
"Daniel Jones","QB","IND",NA,490.61,326.78,3727.83,NA,18.09,9.76,NA,48.24,234.26,NA,2.16,NA,244.82,NA,"54168","FanDuel","14059","NumberFire","QB",0,0,0,NA,NA,0,NA,NA,NA,NA,NA,NA,NA,NA,NA,NA,NA,NA,NA,NA,NA,NA,NA,NA,NA,NA,NA,NA,NA,NA,NA,NA,NA,NA,NA,NA,NA,NA,NA,NA,NA,NA,NA,NA,20,23,14,"Indianapolis Colts","REMAINING",NA
"Malik Willis","QB","MIA",NA,449.12,290.98,3365.14,NA,16.36,9.29,NA,90.81,411.83,NA,3.35,NA,244.58,NA,"55391","FanDuel","15694","NumberFire","QB",0,0,0,NA,NA,0,NA,NA,NA,NA,NA,NA,NA,NA,NA,NA,NA,NA,NA,NA,NA,NA,NA,NA,NA,NA,NA,NA,NA,NA,NA,NA,NA,NA,NA,NA,NA,NA,NA,NA,NA,NA,NA,NA,21,24,17,"Miami Dolphins","REMAINING",NA
"Sam Darnold","QB","SEA",NA,455.88,303.64,3617.57,NA,22.89,12.14,NA,26.63,107.17,NA,1.09,NA,238.02,NA,"53786","FanDuel","13592","NumberFire","QB",0,0,0,NA,NA,0,NA,NA,NA,NA,NA,NA,NA,NA,NA,NA,NA,NA,NA,NA,NA,NA,NA,NA,NA,NA,NA,NA,NA,NA,NA,NA,NA,NA,NA,NA,NA,NA,NA,NA,NA,NA,NA,NA,22,26,28,"Seattle Seahawks","REMAINING",NA
"C.J. Stroud","QB","HOU",NA,505.36,324.68,3606.31,NA,18.51,9.05,NA,42.5,185.65,NA,1.63,NA,235.35,NA,"55619","FanDuel","16150","NumberFire","QB",0,0,0,NA,NA,0,NA,NA,NA,NA,NA,NA,NA,NA,NA,NA,NA,NA,NA,NA,NA,NA,NA,NA,NA,NA,NA,NA,NA,NA,NA,NA,NA,NA,NA,NA,NA,NA,NA,NA,NA,NA,NA,NA,23,28,13,"Houston Texans","REMAINING",NA
"Deshaun Watson","QB","CLE",NA,462.19,303.54,3047.67,NA,15.28,9.62,NA,93.63,448.9,NA,3,NA,228.2,NA,"53433","FanDuel","13113","NumberFire","QB",0,0,0,NA,NA,0,NA,NA,NA,NA,NA,NA,NA,NA,NA,NA,NA,NA,NA,NA,NA,NA,NA,NA,NA,NA,NA,NA,NA,NA,NA,NA,NA,NA,NA,NA,NA,NA,NA,NA,NA,NA,NA,NA,24,33,8,"Cleveland Browns","REMAINING",NA
"Jacoby Brissett","QB","ARI",NA,496.51,323.07,3400.75,NA,18.35,7.35,NA,39.43,167.07,NA,1.74,NA,225.77,NA,"53222","FanDuel","12616","NumberFire","QB",0,0,0,NA,NA,0,NA,NA,NA,NA,NA,NA,NA,NA,NA,NA,NA,NA,NA,NA,NA,NA,NA,NA,NA,NA,NA,NA,NA,NA,NA,NA,NA,NA,NA,NA,NA,NA,NA,NA,NA,NA,NA,NA,25,34,1,"Arizona Cardinals","REMAINING",NA
"Michael Penix Jr.","QB","ATL",NA,496.09,308.54,3567.1,NA,19.11,12.3,NA,28.3,122.18,NA,1.33,NA,224.56,NA,"55991","FanDuel","16583","NumberFire","QB",0,0,0,NA,NA,0,NA,NA,NA,NA,NA,NA,NA,NA,NA,NA,NA,NA,NA,NA,NA,NA,NA,NA,NA,NA,NA,NA,NA,NA,NA,NA,NA,NA,NA,NA,NA,NA,NA,NA,NA,NA,NA,NA,26,36,2,"Atlanta Falcons","REMAINING",NA
"Jameis Winston","QB","NYG",NA,498.3,302.63,3531.75,NA,18.76,17.95,NA,41.5,175.14,NA,1.3,NA,219.55,NA,"52774","FanDuel","12140","NumberFire","QB",0,0,0,NA,NA,0,NA,NA,NA,NA,NA,NA,NA,NA,NA,NA,NA,NA,NA,NA,NA,NA,NA,NA,NA,NA,NA,NA,NA,NA,NA,NA,NA,NA,NA,NA,NA,NA,NA,NA,NA,NA,NA,NA,27,37,21,"New York Giants","REMAINING",NA
"Geno Smith","QB","NYJ",NA,478.09,319.18,3277.33,NA,17.32,11.66,NA,51.47,227.39,NA,1.8,NA,217.49,NA,"52081","FanDuel","11150","NumberFire","QB",0,0,0,NA,NA,0,NA,NA,NA,NA,NA,NA,NA,NA,NA,NA,NA,NA,NA,NA,NA,NA,NA,NA,NA,NA,NA,NA,NA,NA,NA,NA,NA,NA,NA,NA,NA,NA,NA,NA,NA,NA,NA,NA,28,38,22,"New York Jets","REMAINING",NA
"Kyler Murray","QB","MIN",NA,468.12,313.33,3138.85,NA,22.73,10.2,NA,6.49,34.82,NA,0.4,NA,211.06,NA,"54125","FanDuel","14056","NumberFire","QB",0,0,0,NA,NA,0,NA,NA,NA,NA,NA,NA,NA,NA,NA,NA,NA,NA,NA,NA,NA,NA,NA,NA,NA,NA,NA,NA,NA,NA,NA,NA,NA,NA,NA,NA,NA,NA,NA,NA,NA,NA,NA,NA,29,42,18,"Minnesota Vikings","REMAINING",NA
"Aaron Rodgers","QB","PIT",NA,489.89,316.37,3268.23,NA,19.09,7.4,NA,16.64,77.4,NA,0.62,NA,209.32,NA,"10","FanDuel","7836","NumberFire","QB",0.03,0.01,0.04,NA,NA,0,NA,NA,NA,NA,NA,NA,NA,NA,NA,NA,NA,NA,NA,NA,NA,NA,NA,NA,NA,NA,NA,NA,NA,NA,NA,NA,NA,NA,NA,NA,NA,NA,NA,NA,NA,NA,NA,NA,30,43,25,"Pittsburgh Steelers","REMAINING",NA
"Cam Ward","QB","TEN",NA,464.34,286.57,2953.88,NA,16.14,8.68,NA,39.44,171.77,NA,1.69,NA,197.23,NA,"56245","FanDuel","17030","NumberFire","QB",0,0,0,NA,NA,0,NA,NA,NA,NA,NA,NA,NA,NA,NA,NA,NA,NA,NA,NA,NA,NA,NA,NA,NA,NA,NA,NA,NA,NA,NA,NA,NA,NA,NA,NA,NA,NA,NA,NA,NA,NA,NA,NA,31,49,31,"Tennessee Titans","REMAINING",NA
"Kirk Cousins","QB","LV",NA,264.78,168.15,1783.22,NA,14.26,5.43,NA,6.45,23.82,NA,0.33,NA,125.48,NA,"4490","FanDuel","10700","NumberFire","QB",0,0,0,NA,NA,0,NA,NA,NA,NA,NA,NA,NA,NA,NA,NA,NA,NA,NA,NA,NA,NA,NA,NA,NA,NA,NA,NA,NA,NA,NA,NA,NA,NA,NA,NA,NA,NA,NA,NA,NA,NA,NA,NA,32,110,35,"Las Vegas Raiders","REMAINING",NA
"Fernando Mendoza","QB","LV",NA,235,57.74,577.46,NA,2.59,0,NA,18.02,13,NA,0.34,NA,37.08,NA,"56624","FanDuel","17462","NumberFire","QB",0,0,0,NA,NA,0,NA,NA,NA,NA,NA,NA,NA,NA,NA,NA,NA,NA,NA,NA,NA,NA,NA,NA,NA,NA,NA,NA,NA,NA,NA,NA,NA,NA,NA,NA,NA,NA,NA,NA,NA,NA,NA,NA,33,263,35,"Las Vegas Raiders","REMAINING",NA
"Carson Wentz","QB","MIN",NA,8.73,5.65,59.01,NA,0.49,0.14,NA,37.76,159.44,NA,1.62,NA,25.9,NA,"53077","FanDuel","12610","NumberFire","QB",0,0,0,NA,NA,0,NA,NA,NA,NA,NA,NA,NA,NA,NA,NA,NA,NA,NA,NA,NA,NA,NA,NA,NA,NA,NA,NA,NA,NA,NA,NA,NA,NA,NA,NA,NA,NA,NA,NA,NA,NA,NA,NA,34,306,18,"Minnesota Vikings","REMAINING",NA
"Tyson Bagent","QB","CHI",NA,44.32,27.9,283.36,NA,1.43,1.21,NA,3.83,16.91,NA,0.19,NA,18.4,NA,"55807","FanDuel","16384","NumberFire","QB",0,0,0,NA,NA,0,NA,NA,NA,NA,NA,NA,NA,NA,NA,NA,NA,NA,NA,NA,NA,NA,NA,NA,NA,NA,NA,NA,NA,NA,NA,NA,NA,NA,NA,NA,NA,NA,NA,NA,NA,NA,NA,NA,35,334,6,"Chicago Bears","REMAINING",NA
"Drew Lock","QB","SEA",NA,31.39,20.04,228.2,NA,1.34,0.84,NA,2.06,9.23,NA,0.09,NA,14.85,NA,"54167","FanDuel","14057","NumberFire","QB",0.01,0,0,NA,NA,0,NA,NA,NA,NA,NA,NA,NA,NA,NA,NA,NA,NA,NA,NA,NA,NA,NA,NA,NA,NA,NA,NA,NA,NA,NA,NA,NA,NA,NA,NA,NA,NA,NA,NA,NA,NA,NA,NA,36,351,28,"Seattle Seahawks","REMAINING",NA
"Joe Flacco","QB","CIN",NA,10.65,6.64,68.26,NA,0.45,0.3,NA,0,0,NA,0,NA,4.23,NA,"15","FanDuel","9064","NumberFire","QB",0,0,0,NA,NA,0,NA,NA,NA,NA,NA,NA,NA,NA,NA,NA,NA,NA,NA,NA,NA,NA,NA,NA,NA,NA,NA,NA,NA,NA,NA,NA,NA,NA,NA,NA,NA,NA,NA,NA,NA,NA,NA,NA,37,402,7,"Cincinnati Bengals","REMAINING",NA
"Tua Tagovailoa","QB","ATL",NA,9.31,6.22,65.21,NA,0.47,0.28,NA,0,0,NA,0,NA,4.19,NA,"54530","FanDuel","14778","NumberFire","QB",0,0,0,NA,NA,0,NA,NA,NA,NA,NA,NA,NA,NA,NA,NA,NA,NA,NA,NA,NA,NA,NA,NA,NA,NA,NA,NA,NA,NA,NA,NA,NA,NA,NA,NA,NA,NA,NA,NA,NA,NA,NA,NA,38,403,2,"Atlanta Falcons","REMAINING",NA
"Justin Fields","QB","KC",NA,10.05,6.31,68.26,NA,0.44,0.3,NA,0,0,NA,0,NA,4.19,NA,"54863","FanDuel","15238","NumberFire","QB",0,0,0,NA,NA,0,NA,NA,NA,NA,NA,NA,NA,NA,NA,NA,NA,NA,NA,NA,NA,NA,NA,NA,NA,NA,NA,NA,NA,NA,NA,NA,NA,NA,NA,NA,NA,NA,NA,NA,NA,NA,NA,NA,38,403,16,"Kansas City Chiefs","REMAINING",NA
"Marcus Mariota","QB","WSH",NA,9.44,6.02,68.14,NA,0.4,0.28,NA,0,0,NA,0,NA,4.05,NA,"52775","FanDuel","12141","NumberFire","QB",0,0,0,NA,NA,0,NA,NA,NA,NA,NA,NA,NA,NA,NA,NA,NA,NA,NA,NA,NA,NA,NA,NA,NA,NA,NA,NA,NA,NA,NA,NA,NA,NA,NA,NA,NA,NA,NA,NA,NA,NA,NA,NA,40,406,32,"Washington Commanders","REMAINING",NA
"Tyrod Taylor","QB","GB",NA,10.1,6.41,67.46,NA,0.37,0.15,NA,0,0,NA,0,NA,4.03,NA,"4371","FanDuel","10413","NumberFire","QB",0,0,0,NA,NA,0,NA,NA,NA,NA,NA,NA,NA,NA,NA,NA,NA,NA,NA,NA,NA,NA,NA,NA,NA,NA,NA,NA,NA,NA,NA,NA,NA,NA,NA,NA,NA,NA,NA,NA,NA,NA,NA,NA,41,408,12,"Green Bay Packers","REMAINING",NA
"Anthony Richardson","QB","IND",NA,10.03,5.43,69.81,NA,0.38,0.3,NA,0,0,NA,0,NA,4.01,NA,"55623","FanDuel","16152","NumberFire","QB",0,0,0,NA,NA,0,NA,NA,NA,NA,NA,NA,NA,NA,NA,NA,NA,NA,NA,NA,NA,NA,NA,NA,NA,NA,NA,NA,NA,NA,NA,NA,NA,NA,NA,NA,NA,NA,NA,NA,NA,NA,NA,NA,42,409,14,"Indianapolis Colts","REMAINING",NA
"Gardner Minshew","QB","ARI",NA,10.15,6.53,67.48,NA,0.36,0.21,NA,0,0,NA,0,NA,3.93,NA,"54214","FanDuel","14067","NumberFire","QB",0,0,0,NA,NA,0,NA,NA,NA,NA,NA,NA,NA,NA,NA,NA,NA,NA,NA,NA,NA,NA,NA,NA,NA,NA,NA,NA,NA,NA,NA,NA,NA,NA,NA,NA,NA,NA,NA,NA,NA,NA,NA,NA,43,410,1,"Arizona Cardinals","REMAINING",NA
"Kyle Allen","QB","BUF",NA,10.31,6.61,68.97,NA,0.35,0.3,NA,0,0,NA,0,NA,3.86,NA,"54111","FanDuel","13879","NumberFire","QB",0,0,0,NA,NA,0,NA,NA,NA,NA,NA,NA,NA,NA,NA,NA,NA,NA,NA,NA,NA,NA,NA,NA,NA,NA,NA,NA,NA,NA,NA,NA,NA,NA,NA,NA,NA,NA,NA,NA,NA,NA,NA,NA,44,411,4,"Buffalo Bills","REMAINING",NA
"Mac Jones","QB","SF",NA,9.6,6.49,68.5,NA,0.33,0.28,NA,0,0,NA,0,NA,3.78,NA,"54872","FanDuel","15241","NumberFire","QB",0,0,0,NA,NA,0,NA,NA,NA,NA,NA,NA,NA,NA,NA,NA,NA,NA,NA,NA,NA,NA,NA,NA,NA,NA,NA,NA,NA,NA,NA,NA,NA,NA,NA,NA,NA,NA,NA,NA,NA,NA,NA,NA,45,412,27,"San Francisco 49ers","REMAINING",NA
"Sam Howell","QB","DAL",NA,9.94,6,63.19,NA,0.38,0.28,NA,0,0,NA,0,NA,3.77,NA,"55563","FanDuel","15693","NumberFire","QB",0,0,0,NA,NA,0,NA,NA,NA,NA,NA,NA,NA,NA,NA,NA,NA,NA,NA,NA,NA,NA,NA,NA,NA,NA,NA,NA,NA,NA,NA,NA,NA,NA,NA,NA,NA,NA,NA,NA,NA,NA,NA,NA,46,413,9,"Dallas Cowboys","REMAINING",NA
"Spencer Rattler","QB","NO",NA,10.31,6.88,66.87,NA,0.35,0.3,NA,0,0,NA,0,NA,3.77,NA,"56128","FanDuel","16586","NumberFire","QB",0,0,0,NA,NA,0,NA,NA,NA,NA,NA,NA,NA,NA,NA,NA,NA,NA,NA,NA,NA,NA,NA,NA,NA,NA,NA,NA,NA,NA,NA,NA,NA,NA,NA,NA,NA,NA,NA,NA,NA,NA,NA,NA,46,413,20,"New Orleans Saints","REMAINING",NA
"Quinn Ewers","QB","JAC",NA,9.3,6.01,64.67,NA,0.36,0.28,NA,0,0,NA,0,NA,3.75,NA,"56528","FanDuel","17034","NumberFire","QB",0,0,0,NA,NA,0,NA,NA,NA,NA,NA,NA,NA,NA,NA,NA,NA,NA,NA,NA,NA,NA,NA,NA,NA,NA,NA,NA,NA,NA,NA,NA,NA,NA,NA,NA,NA,NA,NA,NA,NA,NA,NA,NA,48,415,15,"Jacksonville Jaguars","REMAINING",NA
"Davis Mills","QB","HOU",NA,10.33,6.12,65.46,NA,0.35,0.3,NA,0,0,NA,0,NA,3.72,NA,"54983","FanDuel","15252","NumberFire","QB",0,0,0,NA,NA,0,NA,NA,NA,NA,NA,NA,NA,NA,NA,NA,NA,NA,NA,NA,NA,NA,NA,NA,NA,NA,NA,NA,NA,NA,NA,NA,NA,NA,NA,NA,NA,NA,NA,NA,NA,NA,NA,NA,49,416,13,"Houston Texans","REMAINING",NA
"Jarrett Stidham","QB","DEN",NA,9.95,6.21,68.21,NA,0.31,0.3,NA,0,0,NA,0,NA,3.67,NA,"54313","FanDuel","14063","NumberFire","QB",0,0,0,NA,NA,0,NA,NA,NA,NA,NA,NA,NA,NA,NA,NA,NA,NA,NA,NA,NA,NA,NA,NA,NA,NA,NA,NA,NA,NA,NA,NA,NA,NA,NA,NA,NA,NA,NA,NA,NA,NA,NA,NA,50,417,10,"Denver Broncos","REMAINING",NA
"Shedeur Sanders","QB","CLE",NA,10.16,6.15,68.91,NA,0.29,0.31,NA,0,0,NA,0,NA,3.61,NA,"56274","FanDuel","17031","NumberFire","QB",0,0,0,NA,NA,0,NA,NA,NA,NA,NA,NA,NA,NA,NA,NA,NA,NA,NA,NA,NA,NA,NA,NA,NA,NA,NA,NA,NA,NA,NA,NA,NA,NA,NA,NA,NA,NA,NA,NA,NA,NA,NA,NA,51,419,8,"Cleveland Browns","REMAINING",NA
"Andy Dalton","QB","PHI",NA,8.94,5.8,63.93,NA,0.33,0.28,NA,0,0,NA,0,NA,3.6,NA,"4319","FanDuel","10313","NumberFire","QB",0,0,0,NA,NA,0,NA,NA,NA,NA,NA,NA,NA,NA,NA,NA,NA,NA,NA,NA,NA,NA,NA,NA,NA,NA,NA,NA,NA,NA,NA,NA,NA,NA,NA,NA,NA,NA,NA,NA,NA,NA,NA,NA,52,420,24,"Philadelphia Eagles","REMAINING",NA
"Joshua Dobbs","QB","DET",NA,10.37,6.69,67.43,NA,0.3,0.3,NA,0,0,NA,0,NA,3.6,NA,"53987","FanDuel","13119","NumberFire","QB",0,0,0,NA,NA,0,NA,NA,NA,NA,NA,NA,NA,NA,NA,NA,NA,NA,NA,NA,NA,NA,NA,NA,NA,NA,NA,NA,NA,NA,NA,NA,NA,NA,NA,NA,NA,NA,NA,NA,NA,NA,NA,NA,52,420,11,"Detroit Lions","REMAINING",NA
"Mason Rudolph","QB","PIT",NA,9.41,6.15,65.34,NA,0.31,0.28,NA,0,0,NA,0,NA,3.57,NA,"54276","FanDuel","13595","NumberFire","QB",0,0,0,NA,NA,0,NA,NA,NA,NA,NA,NA,NA,NA,NA,NA,NA,NA,NA,NA,NA,NA,NA,NA,NA,NA,NA,NA,NA,NA,NA,NA,NA,NA,NA,NA,NA,NA,NA,NA,NA,NA,NA,NA,54,422,25,"Pittsburgh Steelers","REMAINING",NA
"Kenny Pickett","QB","CAR",NA,10.29,6.51,66.48,NA,0.3,0.3,NA,0,0,NA,0,NA,3.56,NA,"55275","FanDuel","15692","NumberFire","QB",0,0,0,NA,NA,0,NA,NA,NA,NA,NA,NA,NA,NA,NA,NA,NA,NA,NA,NA,NA,NA,NA,NA,NA,NA,NA,NA,NA,NA,NA,NA,NA,NA,NA,NA,NA,NA,NA,NA,NA,NA,NA,NA,55,423,5,"Carolina Panthers","REMAINING",NA
"Tommy DeVito","QB","NE",NA,9.46,6.15,61.57,NA,0.34,0.29,NA,0,0,NA,0,NA,3.53,NA,"55831","FanDuel","16441","NumberFire","QB",0,0,0,NA,NA,0,NA,NA,NA,NA,NA,NA,NA,NA,NA,NA,NA,NA,NA,NA,NA,NA,NA,NA,NA,NA,NA,NA,NA,NA,NA,NA,NA,NA,NA,NA,NA,NA,NA,NA,NA,NA,NA,NA,56,424,19,"New England Patriots","REMAINING",NA
"Mitchell Trubisky","QB","TEN",NA,9.05,5.98,62.76,NA,0.32,0.28,NA,0,0,NA,0,NA,3.51,NA,"53426","FanDuel","13115","NumberFire","QB",0,0,0,NA,NA,0,NA,NA,NA,NA,NA,NA,NA,NA,NA,NA,NA,NA,NA,NA,NA,NA,NA,NA,NA,NA,NA,NA,NA,NA,NA,NA,NA,NA,NA,NA,NA,NA,NA,NA,NA,NA,NA,NA,57,425,31,"Tennessee Titans","REMAINING",NA
"Trey Lance","QB","LAC",NA,9.43,5.6,62.07,NA,0.32,0.28,NA,0,0,NA,0,NA,3.48,NA,"54879","FanDuel","15240","NumberFire","QB",0,0,0,NA,NA,0,NA,NA,NA,NA,NA,NA,NA,NA,NA,NA,NA,NA,NA,NA,NA,NA,NA,NA,NA,NA,NA,NA,NA,NA,NA,NA,NA,NA,NA,NA,NA,NA,NA,NA,NA,NA,NA,NA,58,426,34,"Los Angeles Chargers","REMAINING",NA
"Cade Klubnik","QB","NYJ",NA,9.29,5.96,61.41,NA,0.31,0.28,NA,0,0,NA,0,NA,3.42,NA,"56676","FanDuel","17467","NumberFire","QB",0,0,0,NA,NA,0,NA,NA,NA,NA,NA,NA,NA,NA,NA,NA,NA,NA,NA,NA,NA,NA,NA,NA,NA,NA,NA,NA,NA,NA,NA,NA,NA,NA,NA,NA,NA,NA,NA,NA,NA,NA,NA,NA,59,428,22,"New York Jets","REMAINING",NA
"Tyler Huntley","QB","BAL",NA,8.87,5.87,56.78,NA,0.27,0.24,NA,0,0,NA,0,NA,3.11,NA,"54818","FanDuel","14789","NumberFire","QB",0,0,0,NA,NA,0,NA,NA,NA,NA,NA,NA,NA,NA,NA,NA,NA,NA,NA,NA,NA,NA,NA,NA,NA,NA,NA,NA,NA,NA,NA,NA,NA,NA,NA,NA,NA,NA,NA,NA,NA,NA,NA,NA,60,431,3,"Baltimore Ravens","REMAINING",NA
"Kyle McCord","QB","MIA",NA,9.28,2.28,23.36,NA,0.07,0,NA,0,0,NA,0,NA,1.21,NA,"56861","FanDuel","17038","NumberFire","QB",0,0,0,NA,NA,0,NA,NA,NA,NA,NA,NA,NA,NA,NA,NA,NA,NA,NA,NA,NA,NA,NA,NA,NA,NA,NA,NA,NA,NA,NA,NA,NA,NA,NA,NA,NA,NA,NA,NA,NA,NA,NA,NA,61,462,17,"Miami Dolphins","REMAINING",NA
"J.J. McCarthy","QB","MIN",NA,0.62,0.38,4.31,NA,0.03,0.02,NA,0,0,NA,0,NA,0.27,NA,"55918","FanDuel","16584","NumberFire","QB",0,0,0,NA,NA,0,NA,NA,NA,NA,NA,NA,NA,NA,NA,NA,NA,NA,NA,NA,NA,NA,NA,NA,NA,NA,NA,NA,NA,NA,NA,NA,NA,NA,NA,NA,NA,NA,NA,NA,NA,NA,NA,NA,62,476,18,"Minnesota Vikings","REMAINING",NA
"Case Keenum","QB","CHI",NA,0,0,0,NA,0,0,NA,0,0,NA,0,NA,0,NA,"52350","FanDuel","10948","NumberFire","QB",0,0,0,NA,NA,0,NA,NA,NA,NA,NA,NA,NA,NA,NA,NA,NA,NA,NA,NA,NA,NA,NA,NA,NA,NA,NA,NA,NA,NA,NA,NA,NA,NA,NA,NA,NA,NA,NA,NA,NA,NA,NA,NA,63,480,6,"Chicago Bears","REMAINING",NA
"Cooper Rush","QB","ATL",NA,0,0,0,NA,0,0,NA,0,0,NA,0,NA,0,NA,"53672","FanDuel","13124","NumberFire","QB",0,0,0,NA,NA,0,NA,NA,NA,NA,NA,NA,NA,NA,NA,NA,NA,NA,NA,NA,NA,NA,NA,NA,NA,NA,NA,NA,NA,NA,NA,NA,NA,NA,NA,NA,NA,NA,NA,NA,NA,NA,NA,NA,63,480,2,"Atlanta Falcons","REMAINING",NA
"Zach Wilson","QB","NO",NA,0,0,0,NA,0,0,NA,0,0,NA,0,NA,0,NA,"54874","FanDuel","15239","NumberFire","QB",0,0,0,NA,NA,0,NA,NA,NA,NA,NA,NA,NA,NA,NA,NA,NA,NA,NA,NA,NA,NA,NA,NA,NA,NA,NA,NA,NA,NA,NA,NA,NA,NA,NA,NA,NA,NA,NA,NA,NA,NA,NA,NA,63,480,20,"New Orleans Saints","REMAINING",NA
"Sam Ehlinger","QB","DEN",NA,0,0,0,NA,0,0,NA,0,0,NA,0,NA,0,NA,"55122","FanDuel","15250","NumberFire","QB",0,0,0,NA,NA,0,NA,NA,NA,NA,NA,NA,NA,NA,NA,NA,NA,NA,NA,NA,NA,NA,NA,NA,NA,NA,NA,NA,NA,NA,NA,NA,NA,NA,NA,NA,NA,NA,NA,NA,NA,NA,NA,NA,63,480,10,"Denver Broncos","REMAINING",NA
"Aidan O'Connell","QB","LV",NA,0,0,0,NA,0,0,NA,0,0,NA,0,NA,0,NA,"55771","FanDuel","16159","NumberFire","QB",0,0,0,NA,NA,0,NA,NA,NA,NA,NA,NA,NA,NA,NA,NA,NA,NA,NA,NA,NA,NA,NA,NA,NA,NA,NA,NA,NA,NA,NA,NA,NA,NA,NA,NA,NA,NA,NA,NA,NA,NA,NA,NA,63,480,35,"Las Vegas Raiders","REMAINING",NA
"Tanner McKee","QB","PHI",NA,0,0,0,NA,0,0,NA,0,0,NA,0,NA,0,NA,"56228","FanDuel","15702","NumberFire","QB",0,0,0,NA,NA,0,NA,NA,NA,NA,NA,NA,NA,NA,NA,NA,NA,NA,NA,NA,NA,NA,NA,NA,NA,NA,NA,NA,NA,NA,NA,NA,NA,NA,NA,NA,NA,NA,NA,NA,NA,NA,NA,NA,63,480,24,"Philadelphia Eagles","REMAINING",NA
"Jaxson Dart","QB","NYG",NA,0,0,0,NA,0,0,NA,0,0,NA,0,NA,0,NA,"56263","FanDuel","17032","NumberFire","QB",0,0,0,NA,NA,0,NA,NA,NA,NA,NA,NA,NA,NA,NA,NA,NA,NA,NA,NA,NA,NA,NA,NA,NA,NA,NA,NA,NA,NA,NA,NA,NA,NA,NA,NA,NA,NA,NA,NA,NA,NA,NA,NA,63,480,21,"New York Giants","REMAINING",NA
"Jalen Milroe","QB","SEA",NA,0,0,0,NA,0,0,NA,0,0,NA,0,NA,0,NA,"56376","FanDuel","17033","NumberFire","QB",0,0,0,NA,NA,0,NA,NA,NA,NA,NA,NA,NA,NA,NA,NA,NA,NA,NA,NA,NA,NA,NA,NA,NA,NA,NA,NA,NA,NA,NA,NA,NA,NA,NA,NA,NA,NA,NA,NA,NA,NA,NA,NA,63,480,28,"Seattle Seahawks","REMAINING",NA
"Brady Cook","QB","MIA",NA,0,0,0,NA,0,0,NA,0,0,NA,0,NA,0,NA,"56461","FanDuel","17040","NumberFire","QB",0,0,0,NA,NA,0,NA,NA,NA,NA,NA,NA,NA,NA,NA,NA,NA,NA,NA,NA,NA,NA,NA,NA,NA,NA,NA,NA,NA,NA,NA,NA,NA,NA,NA,NA,NA,NA,NA,NA,NA,NA,NA,NA,63,480,17,"Miami Dolphins","REMAINING",NA
"Riley Leonard","QB","IND",NA,0,0,0,NA,0,0,NA,0,0,NA,0,NA,0,NA,"56511","FanDuel","17035","NumberFire","QB",0,0,0,NA,NA,0,NA,NA,NA,NA,NA,NA,NA,NA,NA,NA,NA,NA,NA,NA,NA,NA,NA,NA,NA,NA,NA,NA,NA,NA,NA,NA,NA,NA,NA,NA,NA,NA,NA,NA,NA,NA,NA,NA,63,480,14,"Indianapolis Colts","REMAINING",NA
"Stetson Bennett","QB","LA",NA,0,0,0,NA,0,0,NA,0,0,NA,0,NA,0,NA,"56548","FanDuel","16153","NumberFire","QB",0,0,0,NA,NA,0,NA,NA,NA,NA,NA,NA,NA,NA,NA,NA,NA,NA,NA,NA,NA,NA,NA,NA,NA,NA,NA,NA,NA,NA,NA,NA,NA,NA,NA,NA,NA,NA,NA,NA,NA,NA,NA,NA,63,480,33,"Los Angeles Rams","REMAINING",NA
"Ty Simpson","QB","LA",NA,0,0,0,NA,0,0,NA,0,0,NA,0,NA,0,NA,"56633","FanDuel","17463","NumberFire","QB",0,0,0,NA,NA,0,NA,NA,NA,NA,NA,NA,NA,NA,NA,NA,NA,NA,NA,NA,NA,NA,NA,NA,NA,NA,NA,NA,NA,NA,NA,NA,NA,NA,NA,NA,NA,NA,NA,NA,NA,NA,NA,NA,63,480,33,"Los Angeles Rams","REMAINING",NA
"Drew Allar","QB","PIT",NA,0,0,0,NA,0,0,NA,0,0,NA,0,NA,0,NA,"56679","FanDuel","17468","NumberFire","QB",0,0,0,NA,NA,0,NA,NA,NA,NA,NA,NA,NA,NA,NA,NA,NA,NA,NA,NA,NA,NA,NA,NA,NA,NA,NA,NA,NA,NA,NA,NA,NA,NA,NA,NA,NA,NA,NA,NA,NA,NA,NA,NA,63,480,25,"Pittsburgh Steelers","REMAINING",NA
"Jack Strand","QB","ATL",NA,0,0,0,NA,0,0,NA,0,0,NA,0,NA,0,NA,"56805","FanDuel","17743","NumberFire","QB",0,0,0,NA,NA,0,NA,NA,NA,NA,NA,NA,NA,NA,NA,NA,NA,NA,NA,NA,NA,NA,NA,NA,NA,NA,NA,NA,NA,NA,NA,NA,NA,NA,NA,NA,NA,NA,NA,NA,NA,NA,NA,NA,63,480,2,"Atlanta Falcons","REMAINING",NA
"Kurtis Rourke","QB","SF",NA,0,0,0,NA,0,0,NA,0,0,NA,0,NA,0,NA,"56859","FanDuel","17041","NumberFire","QB",0,0,0,NA,NA,0,NA,NA,NA,NA,NA,NA,NA,NA,NA,NA,NA,NA,NA,NA,NA,NA,NA,NA,NA,NA,NA,NA,NA,NA,NA,NA,NA,NA,NA,NA,NA,NA,NA,NA,NA,NA,NA,NA,63,480,27,"San Francisco 49ers","REMAINING",NA
"Jalon Daniels","QB","TB",NA,0,0,0,NA,0,0,NA,0,0,NA,0,NA,0,NA,"56865","FanDuel","17469","NumberFire","QB",0,0,0,NA,NA,0,NA,NA,NA,NA,NA,NA,NA,NA,NA,NA,NA,NA,NA,NA,NA,NA,NA,NA,NA,NA,NA,NA,NA,NA,NA,NA,NA,NA,NA,NA,NA,NA,NA,NA,NA,NA,NA,NA,63,480,30,"Tampa Bay Buccaneers","REMAINING",NA
"Jahmyr Gibbs","RB","DET",NA,0,0,0,NA,0,0,NA,288.37,1468.34,NA,13.04,NA,327.57,NA,"55609","FanDuel","16162","NumberFire","RB",87.49,65.15,503.05,NA,NA,3.72,NA,NA,NA,NA,NA,NA,NA,NA,NA,NA,NA,NA,NA,NA,NA,NA,NA,NA,NA,NA,NA,NA,NA,NA,NA,NA,NA,NA,NA,NA,NA,NA,NA,NA,NA,NA,NA,NA,1,2,11,"Detroit Lions","REMAINING",NA
"Jonathan Taylor","RB","IND",NA,0,0,0,NA,0,0,NA,302.07,1428.83,NA,13.46,NA,301.37,NA,"54525","FanDuel","14802","NumberFire","RB",65.4,48.94,438.99,NA,NA,1.97,NA,NA,NA,NA,NA,NA,NA,NA,NA,NA,NA,NA,NA,NA,NA,NA,NA,NA,NA,NA,NA,NA,NA,NA,NA,NA,NA,NA,NA,NA,NA,NA,NA,NA,NA,NA,NA,NA,2,4,14,"Indianapolis Colts","REMAINING",NA
"Bijan Robinson","RB","ATL",NA,0,0,0,NA,0,0,NA,258.41,1219.58,NA,8.07,NA,297.26,NA,"55582","FanDuel","16161","NumberFire","RB",105.15,75.05,728.94,NA,NA,3.55,NA,NA,NA,NA,NA,NA,NA,NA,NA,NA,NA,NA,NA,NA,NA,NA,NA,NA,NA,NA,NA,NA,NA,NA,NA,NA,NA,NA,NA,NA,NA,NA,NA,NA,NA,NA,NA,NA,3,5,2,"Atlanta Falcons","REMAINING",NA
"Chase Brown","RB","CIN",NA,0,0,0,NA,0,0,NA,264.69,1146.01,NA,7.18,NA,236.74,NA,"55640","FanDuel","16181","NumberFire","RB",69.73,52.68,348.74,NA,NA,3.24,NA,NA,NA,NA,NA,NA,NA,NA,NA,NA,NA,NA,NA,NA,NA,NA,NA,NA,NA,NA,NA,NA,NA,NA,NA,NA,NA,NA,NA,NA,NA,NA,NA,NA,NA,NA,NA,NA,4,27,7,"Cincinnati Bengals","REMAINING",NA
"Christian McCaffrey","RB","SF",NA,0,0,0,NA,0,0,NA,207.82,942.69,NA,6.78,NA,234.5,NA,"53425","FanDuel","13130","NumberFire","RB",80.53,59.5,507.79,NA,NA,3.32,NA,NA,NA,NA,NA,NA,NA,NA,NA,NA,NA,NA,NA,NA,NA,NA,NA,NA,NA,NA,NA,NA,NA,NA,NA,NA,NA,NA,NA,NA,NA,NA,NA,NA,NA,NA,NA,NA,5,29,27,"San Francisco 49ers","REMAINING",NA
"James Cook","RB","BUF",NA,0,0,0,NA,0,0,NA,270.9,1314.36,NA,9.34,NA,232.73,NA,"55236","FanDuel","15715","NumberFire","RB",40.4,30.05,254.31,NA,NA,1.79,NA,NA,NA,NA,NA,NA,NA,NA,NA,NA,NA,NA,NA,NA,NA,NA,NA,NA,NA,NA,NA,NA,NA,NA,NA,NA,NA,NA,NA,NA,NA,NA,NA,NA,NA,NA,NA,NA,6,31,4,"Buffalo Bills","REMAINING",NA
"Derrick Henry","RB","BAL",NA,0,0,0,NA,0,0,NA,259.79,1352.33,NA,10.3,NA,224.87,NA,"53086","FanDuel","12626","NumberFire","RB",23.56,16.98,166.07,NA,NA,0.99,NA,NA,NA,NA,NA,NA,NA,NA,NA,NA,NA,NA,NA,NA,NA,NA,NA,NA,NA,NA,NA,NA,NA,NA,NA,NA,NA,NA,NA,NA,NA,NA,NA,NA,NA,NA,NA,NA,7,35,3,"Baltimore Ravens","REMAINING",NA
"Aaron Jones","RB","MIN",NA,0,0,0,NA,0,0,NA,264.15,1191.37,NA,6.89,NA,212.86,NA,"53454","FanDuel","13319","NumberFire","RB",48.1,36.86,246.94,NA,NA,2.06,NA,NA,NA,NA,NA,NA,NA,NA,NA,NA,NA,NA,NA,NA,NA,NA,NA,NA,NA,NA,NA,NA,NA,NA,NA,NA,NA,NA,NA,NA,NA,NA,NA,NA,NA,NA,NA,NA,8,39,18,"Minnesota Vikings","REMAINING",NA
"Saquon Barkley","RB","PHI",NA,0,0,0,NA,0,0,NA,241.85,1155.01,NA,6.42,NA,206.82,NA,"53785","FanDuel","13604","NumberFire","RB",50.42,34.39,266.4,NA,NA,1.64,NA,NA,NA,NA,NA,NA,NA,NA,NA,NA,NA,NA,NA,NA,NA,NA,NA,NA,NA,NA,NA,NA,NA,NA,NA,NA,NA,NA,NA,NA,NA,NA,NA,NA,NA,NA,NA,NA,9,44,24,"Philadelphia Eagles","REMAINING",NA
"Kenneth Walker III","RB","KC",NA,0,0,0,NA,0,0,NA,226.13,978.12,NA,7.02,NA,205.27,NA,"55268","FanDuel","15711","NumberFire","RB",57.84,41.54,314.72,NA,NA,2.27,NA,NA,NA,NA,NA,NA,NA,NA,NA,NA,NA,NA,NA,NA,NA,NA,NA,NA,NA,NA,NA,NA,NA,NA,NA,NA,NA,NA,NA,NA,NA,NA,NA,NA,NA,NA,NA,NA,10,46,16,"Kansas City Chiefs","REMAINING",NA
"Jaylen Warren","RB","PIT",NA,0,0,0,NA,0,0,NA,206.46,946.98,NA,4.62,NA,197.21,NA,"55315","FanDuel","15742","NumberFire","RB",67.47,50.96,384.96,NA,NA,2.12,NA,NA,NA,NA,NA,NA,NA,NA,NA,NA,NA,NA,NA,NA,NA,NA,NA,NA,NA,NA,NA,NA,NA,NA,NA,NA,NA,NA,NA,NA,NA,NA,NA,NA,NA,NA,NA,NA,11,50,25,"Pittsburgh Steelers","REMAINING",NA
"Ashton Jeanty","RB","LV",NA,0,0,0,NA,0,0,NA,251.93,1040.92,NA,7.91,NA,196.83,NA,"56249","FanDuel","17042","NumberFire","RB",60.72,30.49,201.36,NA,NA,1.85,NA,NA,NA,NA,NA,NA,NA,NA,NA,NA,NA,NA,NA,NA,NA,NA,NA,NA,NA,NA,NA,NA,NA,NA,NA,NA,NA,NA,NA,NA,NA,NA,NA,NA,NA,NA,NA,NA,12,51,35,"Las Vegas Raiders","REMAINING",NA
"David Montgomery","RB","HOU",NA,0,0,0,NA,0,0,NA,202.19,863.94,NA,8.78,NA,195.09,NA,"54134","FanDuel","14071","NumberFire","RB",49.99,37.64,309.53,NA,NA,1.4,NA,NA,NA,NA,NA,NA,NA,NA,NA,NA,NA,NA,NA,NA,NA,NA,NA,NA,NA,NA,NA,NA,NA,NA,NA,NA,NA,NA,NA,NA,NA,NA,NA,NA,NA,NA,NA,NA,13,52,13,"Houston Texans","REMAINING",NA
"Breece Hall","RB","NYJ",NA,0,0,0,NA,0,0,NA,218.55,967.24,NA,4.91,NA,195.01,NA,"55235","FanDuel","15708","NumberFire","RB",59.48,43.89,371.6,NA,NA,1.87,NA,NA,NA,NA,NA,NA,NA,NA,NA,NA,NA,NA,NA,NA,NA,NA,NA,NA,NA,NA,NA,NA,NA,NA,NA,NA,NA,NA,NA,NA,NA,NA,NA,NA,NA,NA,NA,NA,14,53,22,"New York Jets","REMAINING",NA
"Omarion Hampton","RB","LAC",NA,0,0,0,NA,0,0,NA,224.06,979.89,NA,6.56,NA,188.26,NA,"56261","FanDuel","17044","NumberFire","RB",48.86,36.86,262.21,NA,NA,1.73,NA,NA,NA,NA,NA,NA,NA,NA,NA,NA,NA,NA,NA,NA,NA,NA,NA,NA,NA,NA,NA,NA,NA,NA,NA,NA,NA,NA,NA,NA,NA,NA,NA,NA,NA,NA,NA,NA,15,55,34,"Los Angeles Chargers","REMAINING",NA
"Kyren Williams","RB","LA",NA,0,0,0,NA,0,0,NA,202.44,933.48,NA,7.79,NA,187.83,NA,"55506","FanDuel","15710","NumberFire","RB",45.19,31.9,215.74,NA,NA,2.06,NA,NA,NA,NA,NA,NA,NA,NA,NA,NA,NA,NA,NA,NA,NA,NA,NA,NA,NA,NA,NA,NA,NA,NA,NA,NA,NA,NA,NA,NA,NA,NA,NA,NA,NA,NA,NA,NA,16,56,33,"Los Angeles Rams","REMAINING",NA
"Javonte Williams","RB","DAL",NA,0,0,0,NA,0,0,NA,238.75,974.76,NA,7.12,NA,187.5,NA,"54867","FanDuel","15256","NumberFire","RB",45.67,34.23,203.12,NA,NA,1.95,NA,NA,NA,NA,NA,NA,NA,NA,NA,NA,NA,NA,NA,NA,NA,NA,NA,NA,NA,NA,NA,NA,NA,NA,NA,NA,NA,NA,NA,NA,NA,NA,NA,NA,NA,NA,NA,NA,17,57,9,"Dallas Cowboys","REMAINING",NA
"Jeremiyah Love","RB","ARI",NA,0,0,0,NA,0,0,NA,211.71,934.23,NA,6.2,NA,185.06,NA,"56626","FanDuel","17472","NumberFire","RB",51.3,37.08,276.15,NA,NA,1.67,NA,NA,NA,NA,NA,NA,NA,NA,NA,NA,NA,NA,NA,NA,NA,NA,NA,NA,NA,NA,NA,NA,NA,NA,NA,NA,NA,NA,NA,NA,NA,NA,NA,NA,NA,NA,NA,NA,18,58,1,"Arizona Cardinals","REMAINING",NA
"Chuba Hubbard","RB","CAR",NA,0,0,0,NA,0,0,NA,238.09,1017.36,NA,6.48,NA,183,NA,"54896","FanDuel","15261","NumberFire","RB",42.03,31.76,188.67,NA,NA,1.47,NA,NA,NA,NA,NA,NA,NA,NA,NA,NA,NA,NA,NA,NA,NA,NA,NA,NA,NA,NA,NA,NA,NA,NA,NA,NA,NA,NA,NA,NA,NA,NA,NA,NA,NA,NA,NA,NA,19,59,5,"Carolina Panthers","REMAINING",NA
"Cam Skattebo","RB","NYG",NA,0,0,0,NA,0,0,NA,223.86,975.16,NA,5.64,NA,180.42,NA,"56288","FanDuel","17045","NumberFire","RB",48.28,33.67,277.09,NA,NA,1.52,NA,NA,NA,NA,NA,NA,NA,NA,NA,NA,NA,NA,NA,NA,NA,NA,NA,NA,NA,NA,NA,NA,NA,NA,NA,NA,NA,NA,NA,NA,NA,NA,NA,NA,NA,NA,NA,NA,20,60,21,"New York Giants","REMAINING",NA
"D'Andre Swift","RB","CHI",NA,0,0,0,NA,0,0,NA,203.97,898.48,NA,6.65,NA,174.16,NA,"54521","FanDuel","14797","NumberFire","RB",42.01,28.62,235.97,NA,NA,1.49,NA,NA,NA,NA,NA,NA,NA,NA,NA,NA,NA,NA,NA,NA,NA,NA,NA,NA,NA,NA,NA,NA,NA,NA,NA,NA,NA,NA,NA,NA,NA,NA,NA,NA,NA,NA,NA,NA,21,64,6,"Chicago Bears","REMAINING",NA
"J.K. Dobbins","RB","DEN",NA,0,0,0,NA,0,0,NA,223.78,1094.7,NA,7.07,NA,167.79,NA,"54503","FanDuel","14800","NumberFire","RB",15.69,11.56,66.44,NA,NA,0.58,NA,NA,NA,NA,NA,NA,NA,NA,NA,NA,NA,NA,NA,NA,NA,NA,NA,NA,NA,NA,NA,NA,NA,NA,NA,NA,NA,NA,NA,NA,NA,NA,NA,NA,NA,NA,NA,NA,22,67,10,"Denver Broncos","REMAINING",NA
"Quinshon Judkins","RB","CLE",NA,0,0,0,NA,0,0,NA,219.32,914.76,NA,4.6,NA,166.18,NA,"56272","FanDuel","17051","NumberFire","RB",43.14,33.61,226.77,NA,NA,1.27,NA,NA,NA,NA,NA,NA,NA,NA,NA,NA,NA,NA,NA,NA,NA,NA,NA,NA,NA,NA,NA,NA,NA,NA,NA,NA,NA,NA,NA,NA,NA,NA,NA,NA,NA,NA,NA,NA,23,68,8,"Cleveland Browns","REMAINING",NA
"MarShawn Lloyd","RB","GB",NA,0,0,0,NA,0,0,NA,198.83,842,NA,6.43,NA,163.23,NA,"55914","FanDuel","16604","NumberFire","RB",38.37,28.62,199.76,NA,NA,1.43,NA,NA,NA,NA,NA,NA,NA,NA,NA,NA,NA,NA,NA,NA,NA,NA,NA,NA,NA,NA,NA,NA,NA,NA,NA,NA,NA,NA,NA,NA,NA,NA,NA,NA,NA,NA,NA,NA,24,72,12,"Green Bay Packers","REMAINING",NA
"Bucky Irving","RB","TB",NA,0,0,0,NA,0,0,NA,178.33,799.12,NA,4.38,NA,158.78,NA,"55976","FanDuel","16598","NumberFire","RB",47.34,34.86,262.01,NA,NA,1.8,NA,NA,NA,NA,NA,NA,NA,NA,NA,NA,NA,NA,NA,NA,NA,NA,NA,NA,NA,NA,NA,NA,NA,NA,NA,NA,NA,NA,NA,NA,NA,NA,NA,NA,NA,NA,NA,NA,25,76,30,"Tampa Bay Buccaneers","REMAINING",NA
"Alvin Kamara","RB","NO",NA,0,0,0,NA,0,0,NA,163.75,658.33,NA,4.08,NA,142.88,NA,"53438","FanDuel","13132","NumberFire","RB",49.56,37.21,253.43,NA,NA,1.77,NA,NA,NA,NA,NA,NA,NA,NA,NA,NA,NA,NA,NA,NA,NA,NA,NA,NA,NA,NA,NA,NA,NA,NA,NA,NA,NA,NA,NA,NA,NA,NA,NA,NA,NA,NA,NA,NA,26,85,20,"New Orleans Saints","REMAINING",NA
"Rhamondre Stevenson","RB","NE",NA,0,0,0,NA,0,0,NA,126.98,557.06,NA,3.71,NA,139.86,NA,"54894","FanDuel","15259","NumberFire","RB",53.65,42.47,329.84,NA,NA,2.03,NA,NA,NA,NA,NA,NA,NA,NA,NA,NA,NA,NA,NA,NA,NA,NA,NA,NA,NA,NA,NA,NA,NA,NA,NA,NA,NA,NA,NA,NA,NA,NA,NA,NA,NA,NA,NA,NA,27,87,19,"New England Patriots","REMAINING",NA
"Ollie Gordon II","RB","MIA",NA,0,0,0,NA,0,0,NA,156.22,617.14,NA,3.18,NA,138.94,NA,"56294","FanDuel","17059","NumberFire","RB",55.9,40.27,301.28,NA,NA,1.46,NA,NA,NA,NA,NA,NA,NA,NA,NA,NA,NA,NA,NA,NA,NA,NA,NA,NA,NA,NA,NA,NA,NA,NA,NA,NA,NA,NA,NA,NA,NA,NA,NA,NA,NA,NA,NA,NA,28,89,17,"Miami Dolphins","REMAINING",NA
"Bhayshul Tuten","RB","JAC",NA,0,0,0,NA,0,0,NA,190.55,834.16,NA,6.18,NA,135.62,NA,"56292","FanDuel","17052","NumberFire","RB",14.8,11.09,86.44,NA,NA,0.61,NA,NA,NA,NA,NA,NA,NA,NA,NA,NA,NA,NA,NA,NA,NA,NA,NA,NA,NA,NA,NA,NA,NA,NA,NA,NA,NA,NA,NA,NA,NA,NA,NA,NA,NA,NA,NA,NA,29,92,15,"Jacksonville Jaguars","REMAINING",NA
"Blake Corum","RB","LA",NA,0,0,0,NA,0,0,NA,178.47,782.99,NA,5.72,NA,132,NA,"55929","FanDuel","16593","NumberFire","RB",18.12,13.04,96.56,NA,NA,0.68,NA,NA,NA,NA,NA,NA,NA,NA,NA,NA,NA,NA,NA,NA,NA,NA,NA,NA,NA,NA,NA,NA,NA,NA,NA,NA,NA,NA,NA,NA,NA,NA,NA,NA,NA,NA,NA,NA,30,95,33,"Los Angeles Rams","REMAINING",NA
"Tony Pollard","RB","TEN",NA,0,0,0,NA,0,0,NA,182.05,767.6,NA,3.91,NA,127.51,NA,"54185","FanDuel","14085","NumberFire","RB",33.65,23.39,131.98,NA,NA,0.87,NA,NA,NA,NA,NA,NA,NA,NA,NA,NA,NA,NA,NA,NA,NA,NA,NA,NA,NA,NA,NA,NA,NA,NA,NA,NA,NA,NA,NA,NA,NA,NA,NA,NA,NA,NA,NA,NA,31,106,31,"Tennessee Titans","REMAINING",NA
"Kyle Monangai","RB","CHI",NA,0,0,0,NA,0,0,NA,129.33,566.4,NA,4.7,NA,123,NA,"56347","FanDuel","17066","NumberFire","RB",35.67,24.62,185.26,NA,NA,1.19,NA,NA,NA,NA,NA,NA,NA,NA,NA,NA,NA,NA,NA,NA,NA,NA,NA,NA,NA,NA,NA,NA,NA,NA,NA,NA,NA,NA,NA,NA,NA,NA,NA,NA,NA,NA,NA,NA,32,111,6,"Chicago Bears","REMAINING",NA
"Woody Marks","RB","HOU",NA,0,0,0,NA,0,0,NA,142.03,580.93,NA,3.81,NA,119.01,NA,"56293","FanDuel","17053","NumberFire","RB",35.57,26.15,197.21,NA,NA,0.98,NA,NA,NA,NA,NA,NA,NA,NA,NA,NA,NA,NA,NA,NA,NA,NA,NA,NA,NA,NA,NA,NA,NA,NA,NA,NA,NA,NA,NA,NA,NA,NA,NA,NA,NA,NA,NA,NA,33,115,13,"Houston Texans","REMAINING",NA
"TreVeyon Henderson","RB","NE",NA,0,0,0,NA,0,0,NA,142.64,633.3,NA,5.08,NA,117.26,NA,"56276","FanDuel","17043","NumberFire","RB",20.03,16.01,117.85,NA,NA,0.71,NA,NA,NA,NA,NA,NA,NA,NA,NA,NA,NA,NA,NA,NA,NA,NA,NA,NA,NA,NA,NA,NA,NA,NA,NA,NA,NA,NA,NA,NA,NA,NA,NA,NA,NA,NA,NA,NA,34,117,19,"New England Patriots","REMAINING",NA
"Jacory Croskey-Merritt","RB","WSH",NA,0,0,0,NA,0,0,NA,162.71,725.56,NA,4.97,NA,114.2,NA,"56298","FanDuel","17256","NumberFire","RB",15.36,10.46,73.53,NA,NA,0.57,NA,NA,NA,NA,NA,NA,NA,NA,NA,NA,NA,NA,NA,NA,NA,NA,NA,NA,NA,NA,NA,NA,NA,NA,NA,NA,NA,NA,NA,NA,NA,NA,NA,NA,NA,NA,NA,NA,35,122,32,"Washington Commanders","REMAINING",NA
"RJ Harvey","RB","DEN",NA,0,0,0,NA,0,0,NA,76.31,318.23,NA,2.38,NA,112.13,NA,"56275","FanDuel","17068","NumberFire","RB",60.62,45.23,310.75,NA,NA,2.12,NA,NA,NA,NA,NA,NA,NA,NA,NA,NA,NA,NA,NA,NA,NA,NA,NA,NA,NA,NA,NA,NA,NA,NA,NA,NA,NA,NA,NA,NA,NA,NA,NA,NA,NA,NA,NA,NA,36,124,10,"Denver Broncos","REMAINING",NA
"Jadarian Price","RB","SEA",NA,0,0,0,NA,0,0,NA,147.66,658.45,NA,4.12,NA,106.54,NA,"56646","FanDuel","17473","NumberFire","RB",16.02,11.09,86.28,NA,NA,0.63,NA,NA,NA,NA,NA,NA,NA,NA,NA,NA,NA,NA,NA,NA,NA,NA,NA,NA,NA,NA,NA,NA,NA,NA,NA,NA,NA,NA,NA,NA,NA,NA,NA,NA,NA,NA,NA,NA,37,134,28,"Seattle Seahawks","REMAINING",NA
"Rico Dowdle","RB","PIT",NA,0,0,0,NA,0,0,NA,148.15,647.66,NA,3.19,NA,105.08,NA,"54728","FanDuel","14823","NumberFire","RB",21.15,15.38,108.63,NA,NA,0.64,NA,NA,NA,NA,NA,NA,NA,NA,NA,NA,NA,NA,NA,NA,NA,NA,NA,NA,NA,NA,NA,NA,NA,NA,NA,NA,NA,NA,NA,NA,NA,NA,NA,NA,NA,NA,NA,NA,38,136,25,"Pittsburgh Steelers","REMAINING",NA
"Travis Etienne","RB","NO",NA,0,0,0,NA,0,0,NA,87.02,360.04,NA,2.62,NA,102.19,NA,"54870","FanDuel","15253","NumberFire","RB",45.49,33.09,240.96,NA,NA,1.73,NA,NA,NA,NA,NA,NA,NA,NA,NA,NA,NA,NA,NA,NA,NA,NA,NA,NA,NA,NA,NA,NA,NA,NA,NA,NA,NA,NA,NA,NA,NA,NA,NA,NA,NA,NA,NA,NA,39,139,20,"New Orleans Saints","REMAINING",NA
"Kenneth Gainwell","RB","TB",NA,0,0,0,NA,0,0,NA,97.68,421.78,NA,3.14,NA,97.23,NA,"54895","FanDuel","15255","NumberFire","RB",37.39,26.79,170.56,NA,NA,1.2,NA,NA,NA,NA,NA,NA,NA,NA,NA,NA,NA,NA,NA,NA,NA,NA,NA,NA,NA,NA,NA,NA,NA,NA,NA,NA,NA,NA,NA,NA,NA,NA,NA,NA,NA,NA,NA,NA,40,147,30,"Tampa Bay Buccaneers","REMAINING",NA
"Tyjae Spears","RB","TEN",NA,0,0,0,NA,0,0,NA,111.65,471.85,NA,3.28,NA,93.85,NA,"55639","FanDuel","16165","NumberFire","RB",29.61,21.06,136.15,NA,NA,0.72,NA,NA,NA,NA,NA,NA,NA,NA,NA,NA,NA,NA,NA,NA,NA,NA,NA,NA,NA,NA,NA,NA,NA,NA,NA,NA,NA,NA,NA,NA,NA,NA,NA,NA,NA,NA,NA,NA,41,153,31,"Tennessee Titans","REMAINING",NA
"Chris Rodriguez Jr.","RB","JAC",NA,0,0,0,NA,0,0,NA,100.16,434.28,NA,3.62,NA,92.17,NA,"55710","FanDuel","16174","NumberFire","RB",23.43,17.86,136.69,NA,NA,0.84,NA,NA,NA,NA,NA,NA,NA,NA,NA,NA,NA,NA,NA,NA,NA,NA,NA,NA,NA,NA,NA,NA,NA,NA,NA,NA,NA,NA,NA,NA,NA,NA,NA,NA,NA,NA,NA,NA,42,157,15,"Jacksonville Jaguars","REMAINING",NA
"Zach Charbonnet","RB","SEA",NA,0,0,0,NA,0,0,NA,115.05,495.56,NA,4.02,NA,91.96,NA,"55596","FanDuel","16169","NumberFire","RB",15.82,11.39,86.47,NA,NA,0.62,NA,NA,NA,NA,NA,NA,NA,NA,NA,NA,NA,NA,NA,NA,NA,NA,NA,NA,NA,NA,NA,NA,NA,NA,NA,NA,NA,NA,NA,NA,NA,NA,NA,NA,NA,NA,NA,NA,43,158,28,"Seattle Seahawks","REMAINING",NA
"Tyler Allgeier","RB","ARI",NA,0,0,0,NA,0,0,NA,118.11,500.71,NA,3.03,NA,91.74,NA,"55270","FanDuel","15712","NumberFire","RB",20.9,15.6,120.86,NA,NA,0.6,NA,NA,NA,NA,NA,NA,NA,NA,NA,NA,NA,NA,NA,NA,NA,NA,NA,NA,NA,NA,NA,NA,NA,NA,NA,NA,NA,NA,NA,NA,NA,NA,NA,NA,NA,NA,NA,NA,44,159,1,"Arizona Cardinals","REMAINING",NA
"Rachaad White","RB","WSH",NA,0,0,0,NA,0,0,NA,100.5,405.78,NA,2.25,NA,80.97,NA,"55271","FanDuel","15721","NumberFire","RB",26.48,19.13,118.04,NA,NA,0.92,NA,NA,NA,NA,NA,NA,NA,NA,NA,NA,NA,NA,NA,NA,NA,NA,NA,NA,NA,NA,NA,NA,NA,NA,NA,NA,NA,NA,NA,NA,NA,NA,NA,NA,NA,NA,NA,NA,45,171,32,"Washington Commanders","REMAINING",NA
"Kaleb Johnson","RB","GB",NA,0,0,0,NA,0,0,NA,116,464.28,NA,2.64,NA,79.79,NA,"56277","FanDuel","17048","NumberFire","RB",19.4,14.21,92.14,NA,NA,0.65,NA,NA,NA,NA,NA,NA,NA,NA,NA,NA,NA,NA,NA,NA,NA,NA,NA,NA,NA,NA,NA,NA,NA,NA,NA,NA,NA,NA,NA,NA,NA,NA,NA,NA,NA,NA,NA,NA,46,174,12,"Green Bay Packers","REMAINING",NA
"Brian Robinson","RB","ATL",NA,0,0,0,NA,0,0,NA,114.08,475.05,NA,3.13,NA,76.57,NA,"55276","FanDuel","15716","NumberFire","RB",10.11,7.41,60.77,NA,NA,0.31,NA,NA,NA,NA,NA,NA,NA,NA,NA,NA,NA,NA,NA,NA,NA,NA,NA,NA,NA,NA,NA,NA,NA,NA,NA,NA,NA,NA,NA,NA,NA,NA,NA,NA,NA,NA,NA,NA,47,180,2,"Atlanta Falcons","REMAINING",NA
"Justice Hill","RB","BAL",NA,0,0,0,NA,0,0,NA,56.73,249.14,NA,1.55,NA,74.88,NA,"54173","FanDuel","14086","NumberFire","RB",33.47,24.42,210.55,NA,NA,1.33,NA,NA,NA,NA,NA,NA,NA,NA,NA,NA,NA,NA,NA,NA,NA,NA,NA,NA,NA,NA,NA,NA,NA,NA,NA,NA,NA,NA,NA,NA,NA,NA,NA,NA,NA,NA,NA,NA,48,181,3,"Baltimore Ravens","REMAINING",NA
"DJ Herman","RB","MIA",NA,0,0,0,NA,0,0,NA,42.26,187.64,NA,1.03,NA,74.69,NA,"56719","FanDuel","17784","NumberFire","RB",42.77,30.85,269.25,NA,NA,1.42,NA,NA,NA,NA,NA,NA,NA,NA,NA,NA,NA,NA,NA,NA,NA,NA,NA,NA,NA,NA,NA,NA,NA,NA,NA,NA,NA,NA,NA,NA,NA,NA,NA,NA,NA,NA,NA,NA,49,182,17,"Miami Dolphins","REMAINING",NA
"Braelon Allen","RB","NYJ",NA,0,0,0,NA,0,0,NA,93.6,391.73,NA,2.88,NA,72.82,NA,"55977","FanDuel","16596","NumberFire","RB",15.96,11.91,85.93,NA,NA,0.45,NA,NA,NA,NA,NA,NA,NA,NA,NA,NA,NA,NA,NA,NA,NA,NA,NA,NA,NA,NA,NA,NA,NA,NA,NA,NA,NA,NA,NA,NA,NA,NA,NA,NA,NA,NA,NA,NA,50,183,22,"New York Jets","REMAINING",NA
"Najee Harris","RB","NYG",NA,0,0,0,NA,0,0,NA,95.43,382.46,NA,2.12,NA,65.64,NA,"54878","FanDuel","15254","NumberFire","RB",14.33,9.95,74.14,NA,NA,0.38,NA,NA,NA,NA,NA,NA,NA,NA,NA,NA,NA,NA,NA,NA,NA,NA,NA,NA,NA,NA,NA,NA,NA,NA,NA,NA,NA,NA,NA,NA,NA,NA,NA,NA,NA,NA,NA,NA,51,193,21,"New York Giants","REMAINING",NA
"Tank Bigsby","RB","PHI",NA,0,0,0,NA,0,0,NA,86.53,375.07,NA,2.6,NA,65.22,NA,"55626","FanDuel","16164","NumberFire","RB",12.41,8.93,64.08,NA,NA,0.39,NA,NA,NA,NA,NA,NA,NA,NA,NA,NA,NA,NA,NA,NA,NA,NA,NA,NA,NA,NA,NA,NA,NA,NA,NA,NA,NA,NA,NA,NA,NA,NA,NA,NA,NA,NA,NA,NA,52,196,24,"Philadelphia Eagles","REMAINING",NA
"Kendre Miller","RB","NO",NA,0,0,0,NA,0,0,NA,85.61,346.48,NA,2.25,NA,64.24,NA,"55634","FanDuel","16171","NumberFire","RB",14.94,11,81.3,NA,NA,0.46,NA,NA,NA,NA,NA,NA,NA,NA,NA,NA,NA,NA,NA,NA,NA,NA,NA,NA,NA,NA,NA,NA,NA,NA,NA,NA,NA,NA,NA,NA,NA,NA,NA,NA,NA,NA,NA,NA,53,200,20,"New Orleans Saints","REMAINING",NA
"George Holani","RB","SEA",NA,0,0,0,NA,0,0,NA,65.11,276.56,NA,2.08,NA,62.3,NA,"56204","FanDuel","16608","NumberFire","RB",20.99,15.05,111.99,NA,NA,0.71,NA,NA,NA,NA,NA,NA,NA,NA,NA,NA,NA,NA,NA,NA,NA,NA,NA,NA,NA,NA,NA,NA,NA,NA,NA,NA,NA,NA,NA,NA,NA,NA,NA,NA,NA,NA,NA,NA,54,204,28,"Seattle Seahawks","REMAINING",NA
"Ty Johnson","RB","BUF",NA,0,0,0,NA,0,0,NA,17.28,74.8,NA,0.48,NA,62.12,NA,"54241","FanDuel","14095","NumberFire","RB",39.38,27.94,292.05,NA,NA,1.53,NA,NA,NA,NA,NA,NA,NA,NA,NA,NA,NA,NA,NA,NA,NA,NA,NA,NA,NA,NA,NA,NA,NA,NA,NA,NA,NA,NA,NA,NA,NA,NA,NA,NA,NA,NA,NA,NA,55,205,4,"Buffalo Bills","REMAINING",NA
"Samaje Perine","RB","CIN",NA,0,0,0,NA,0,0,NA,55.74,233.05,NA,1.43,NA,59.57,NA,"53446","FanDuel","13133","NumberFire","RB",22.12,17.12,152.43,NA,NA,0.85,NA,NA,NA,NA,NA,NA,NA,NA,NA,NA,NA,NA,NA,NA,NA,NA,NA,NA,NA,NA,NA,NA,NA,NA,NA,NA,NA,NA,NA,NA,NA,NA,NA,NA,NA,NA,NA,NA,56,210,7,"Cincinnati Bengals","REMAINING",NA
"Keaton Mitchell","RB","LAC",NA,0,0,0,NA,0,0,NA,66.75,300.6,NA,2.01,NA,59.07,NA,"55819","FanDuel","16178","NumberFire","RB",15.6,11.6,88.85,NA,NA,0.48,NA,NA,NA,NA,NA,NA,NA,NA,NA,NA,NA,NA,NA,NA,NA,NA,NA,NA,NA,NA,NA,NA,NA,NA,NA,NA,NA,NA,NA,NA,NA,NA,NA,NA,NA,NA,NA,NA,57,211,34,"Los Angeles Chargers","REMAINING",NA
"Kaelon Black","RB","SF",NA,0,0,0,NA,0,0,NA,80.93,326.85,NA,1.76,NA,58.39,NA,"56683","FanDuel","17485","NumberFire","RB",15.37,11.42,76.94,NA,NA,0.47,NA,NA,NA,NA,NA,NA,NA,NA,NA,NA,NA,NA,NA,NA,NA,NA,NA,NA,NA,NA,NA,NA,NA,NA,NA,NA,NA,NA,NA,NA,NA,NA,NA,NA,NA,NA,NA,NA,58,214,27,"San Francisco 49ers","REMAINING",NA
"Emmett Johnson","RB","KC",NA,0,0,0,NA,0,0,NA,80.06,341.04,NA,2.93,NA,57.76,NA,"56662","FanDuel","17474","NumberFire","RB",5.97,4.33,33.1,NA,NA,0.2,NA,NA,NA,NA,NA,NA,NA,NA,NA,NA,NA,NA,NA,NA,NA,NA,NA,NA,NA,NA,NA,NA,NA,NA,NA,NA,NA,NA,NA,NA,NA,NA,NA,NA,NA,NA,NA,NA,59,216,16,"Kansas City Chiefs","REMAINING",NA
"Chris Brooks","RB","GB",NA,0,0,0,NA,0,0,NA,42.31,189.34,NA,1.19,NA,54.78,NA,"55751","FanDuel","16387","NumberFire","RB",25.47,18.69,134.21,NA,NA,1.04,NA,NA,NA,NA,NA,NA,NA,NA,NA,NA,NA,NA,NA,NA,NA,NA,NA,NA,NA,NA,NA,NA,NA,NA,NA,NA,NA,NA,NA,NA,NA,NA,NA,NA,NA,NA,NA,NA,60,222,12,"Green Bay Packers","REMAINING",NA
"Mike Washington","RB","LV",NA,0,0,0,NA,0,0,NA,76.18,323.7,NA,3.09,NA,54.32,NA,"56666","FanDuel","17482","NumberFire","RB",5.03,2.57,18.28,NA,NA,0.15,NA,NA,NA,NA,NA,NA,NA,NA,NA,NA,NA,NA,NA,NA,NA,NA,NA,NA,NA,NA,NA,NA,NA,NA,NA,NA,NA,NA,NA,NA,NA,NA,NA,NA,NA,NA,NA,NA,61,223,35,"Las Vegas Raiders","REMAINING",NA
"Tyrone Tracy Jr.","RB","NYG",NA,0,0,0,NA,0,0,NA,43.87,187.44,NA,0.96,NA,49.71,NA,"55978","FanDuel","16747","NumberFire","RB",24,16.67,134.94,NA,NA,0.66,NA,NA,NA,NA,NA,NA,NA,NA,NA,NA,NA,NA,NA,NA,NA,NA,NA,NA,NA,NA,NA,NA,NA,NA,NA,NA,NA,NA,NA,NA,NA,NA,NA,NA,NA,NA,NA,NA,62,228,21,"New York Giants","REMAINING",NA
"A.J. Dillon","RB","CAR",NA,0,0,0,NA,0,0,NA,74.48,304.06,NA,2.04,NA,48.54,NA,"54522","FanDuel","14805","NumberFire","RB",5.71,4.27,33.54,NA,NA,0.16,NA,NA,NA,NA,NA,NA,NA,NA,NA,NA,NA,NA,NA,NA,NA,NA,NA,NA,NA,NA,NA,NA,NA,NA,NA,NA,NA,NA,NA,NA,NA,NA,NA,NA,NA,NA,NA,NA,63,233,5,"Carolina Panthers","REMAINING",NA
"Ameer Abdullah","RB","JAC",NA,0,0,0,NA,0,0,NA,51.87,212.6,NA,1.2,NA,44.51,NA,"52787","FanDuel","12155","NumberFire","RB",15.55,11.56,81.31,NA,NA,0.55,NA,NA,NA,NA,NA,NA,NA,NA,NA,NA,NA,NA,NA,NA,NA,NA,NA,NA,NA,NA,NA,NA,NA,NA,NA,NA,NA,NA,NA,NA,NA,NA,NA,NA,NA,NA,NA,NA,64,247,15,"Jacksonville Jaguars","REMAINING",NA
"Seth McGowan","RB","IND",NA,0,0,0,NA,0,0,NA,36.46,155.13,NA,1.3,NA,39.89,NA,"56660","FanDuel","17475","NumberFire","RB",14.38,10.91,90.18,NA,NA,0.4,NA,NA,NA,NA,NA,NA,NA,NA,NA,NA,NA,NA,NA,NA,NA,NA,NA,NA,NA,NA,NA,NA,NA,NA,NA,NA,NA,NA,NA,NA,NA,NA,NA,NA,NA,NA,NA,NA,65,256,14,"Indianapolis Colts","REMAINING",NA
"Sione Vaki","RB","DET",NA,0,0,0,NA,0,0,NA,50.93,206.19,NA,1.07,NA,37.42,NA,"56076","FanDuel","16678","NumberFire","RB",10.37,7.63,52.62,NA,NA,0.32,NA,NA,NA,NA,NA,NA,NA,NA,NA,NA,NA,NA,NA,NA,NA,NA,NA,NA,NA,NA,NA,NA,NA,NA,NA,NA,NA,NA,NA,NA,NA,NA,NA,NA,NA,NA,NA,NA,66,262,11,"Detroit Lions","REMAINING",NA
"Brashard Smith","RB","KC",NA,0,0,0,NA,0,0,NA,35.57,142.74,NA,0.91,NA,36.18,NA,"56299","FanDuel","17049","NumberFire","RB",16.54,11.63,79.3,NA,NA,0.55,NA,NA,NA,NA,NA,NA,NA,NA,NA,NA,NA,NA,NA,NA,NA,NA,NA,NA,NA,NA,NA,NA,NA,NA,NA,NA,NA,NA,NA,NA,NA,NA,NA,NA,NA,NA,NA,NA,67,265,16,"Kansas City Chiefs","REMAINING",NA
"Emari Demercado","RB","DAL",NA,0,0,0,NA,0,0,NA,51.01,223.01,NA,1.36,NA,35.36,NA,"55723","FanDuel","16385","NumberFire","RB",5.09,3.8,24.75,NA,NA,0.14,NA,NA,NA,NA,NA,NA,NA,NA,NA,NA,NA,NA,NA,NA,NA,NA,NA,NA,NA,NA,NA,NA,NA,NA,NA,NA,NA,NA,NA,NA,NA,NA,NA,NA,NA,NA,NA,NA,68,267,9,"Dallas Cowboys","REMAINING",NA
"Demond Claiborne","RB","MIN",NA,0,0,0,NA,0,0,NA,37.76,161.63,NA,1.57,NA,35.29,NA,"56807","FanDuel","17481","NumberFire","RB",8.93,6.95,45.36,NA,NA,0.33,NA,NA,NA,NA,NA,NA,NA,NA,NA,NA,NA,NA,NA,NA,NA,NA,NA,NA,NA,NA,NA,NA,NA,NA,NA,NA,NA,NA,NA,NA,NA,NA,NA,NA,NA,NA,NA,NA,69,268,18,"Minnesota Vikings","REMAINING",NA
"DeeJay Dallas","RB","MIN",NA,0,0,0,NA,0,0,NA,43.05,176.52,NA,1.26,NA,34.39,NA,"54553","FanDuel","14815","NumberFire","RB",10.17,7.92,47.79,NA,NA,0.32,NA,NA,NA,NA,NA,NA,NA,NA,NA,NA,NA,NA,NA,NA,NA,NA,NA,NA,NA,NA,NA,NA,NA,NA,NA,NA,NA,NA,NA,NA,NA,NA,NA,NA,NA,NA,NA,NA,70,272,18,"Minnesota Vikings","REMAINING",NA
"Corey Kiner","RB","NE",NA,0,0,0,NA,0,0,NA,61.24,247.31,NA,1.44,NA,33.14,NA,"56578","FanDuel","17274","NumberFire","RB",0.35,0.28,1.93,NA,NA,0.01,NA,NA,NA,NA,NA,NA,NA,NA,NA,NA,NA,NA,NA,NA,NA,NA,NA,NA,NA,NA,NA,NA,NA,NA,NA,NA,NA,NA,NA,NA,NA,NA,NA,NA,NA,NA,NA,NA,71,277,19,"New England Patriots","REMAINING",NA
"Kyle Juszczyk","RB","SF",NA,0,0,0,NA,0,0,NA,7.59,30.23,NA,0.17,NA,30.84,NA,"52158","FanDuel","11367","NumberFire","RB",21.96,15.71,145.65,NA,NA,0.78,NA,NA,NA,NA,NA,NA,NA,NA,NA,NA,NA,NA,NA,NA,NA,NA,NA,NA,NA,NA,NA,NA,NA,NA,NA,NA,NA,NA,NA,NA,NA,NA,NA,NA,NA,NA,NA,NA,72,286,27,"San Francisco 49ers","REMAINING",NA
"Kaytron Allen","RB","WSH",NA,0,0,0,NA,0,0,NA,41.21,167.4,NA,0.92,NA,30.75,NA,"56687","FanDuel","17478","NumberFire","RB",9.37,6.54,41.35,NA,NA,0.28,NA,NA,NA,NA,NA,NA,NA,NA,NA,NA,NA,NA,NA,NA,NA,NA,NA,NA,NA,NA,NA,NA,NA,NA,NA,NA,NA,NA,NA,NA,NA,NA,NA,NA,NA,NA,NA,NA,73,287,32,"Washington Commanders","REMAINING",NA
"Jaylen Wright","RB","MIA",NA,0,0,0,NA,0,0,NA,53.05,223.07,NA,1.32,NA,30.66,NA,"55982","FanDuel","16610","NumberFire","RB",1.23,0.92,7.36,NA,NA,0.03,NA,NA,NA,NA,NA,NA,NA,NA,NA,NA,NA,NA,NA,NA,NA,NA,NA,NA,NA,NA,NA,NA,NA,NA,NA,NA,NA,NA,NA,NA,NA,NA,NA,NA,NA,NA,NA,NA,74,288,17,"Miami Dolphins","REMAINING",NA
"Isaiah Davis","RB","NYJ",NA,0,0,0,NA,0,0,NA,22.19,92.95,NA,0.48,NA,29.47,NA,"56086","FanDuel","16752","NumberFire","RB",17.36,12.46,88,NA,NA,0.43,NA,NA,NA,NA,NA,NA,NA,NA,NA,NA,NA,NA,NA,NA,NA,NA,NA,NA,NA,NA,NA,NA,NA,NA,NA,NA,NA,NA,NA,NA,NA,NA,NA,NA,NA,NA,NA,NA,75,293,22,"New York Jets","REMAINING",NA
"Sean Tucker","RB","TB",NA,0,0,0,NA,0,0,NA,44.55,182.48,NA,1.1,NA,29.11,NA,"55641","FanDuel","16166","NumberFire","RB",5.29,3.75,24.67,NA,NA,0.15,NA,NA,NA,NA,NA,NA,NA,NA,NA,NA,NA,NA,NA,NA,NA,NA,NA,NA,NA,NA,NA,NA,NA,NA,NA,NA,NA,NA,NA,NA,NA,NA,NA,NA,NA,NA,NA,NA,76,296,30,"Tampa Bay Buccaneers","REMAINING",NA
"Travis Homer","RB","PIT",NA,0,0,0,NA,0,0,NA,18.13,75.68,NA,0.37,NA,28.34,NA,"54356","FanDuel","14083","NumberFire","RB",17.29,12.82,95.02,NA,NA,0.49,NA,NA,NA,NA,NA,NA,NA,NA,NA,NA,NA,NA,NA,NA,NA,NA,NA,NA,NA,NA,NA,NA,NA,NA,NA,NA,NA,NA,NA,NA,NA,NA,NA,NA,NA,NA,NA,NA,77,298,25,"Pittsburgh Steelers","REMAINING",NA
"Kimani Vidal","RB","LAC",NA,0,0,0,NA,0,0,NA,37.15,148.69,NA,0.79,NA,26.15,NA,"55986","FanDuel","16757","NumberFire","RB",7.1,4.8,34.24,NA,NA,0.18,NA,NA,NA,NA,NA,NA,NA,NA,NA,NA,NA,NA,NA,NA,NA,NA,NA,NA,NA,NA,NA,NA,NA,NA,NA,NA,NA,NA,NA,NA,NA,NA,NA,NA,NA,NA,NA,NA,78,304,34,"Los Angeles Chargers","REMAINING",NA
"Tahj Brooks","RB","CIN",NA,0,0,0,NA,0,0,NA,37.75,151.54,NA,0.9,NA,25.49,NA,"56297","FanDuel","17058","NumberFire","RB",5.28,3.9,26.61,NA,NA,0.15,NA,NA,NA,NA,NA,NA,NA,NA,NA,NA,NA,NA,NA,NA,NA,NA,NA,NA,NA,NA,NA,NA,NA,NA,NA,NA,NA,NA,NA,NA,NA,NA,NA,NA,NA,NA,NA,NA,79,308,7,"Cincinnati Bengals","REMAINING",NA
"LeQuint Allen Jr.","RB","JAC",NA,0,0,0,NA,0,0,NA,17.31,69.97,NA,0.4,NA,24.99,NA,"56345","FanDuel","17061","NumberFire","RB",14.8,11.07,75.39,NA,NA,0.47,NA,NA,NA,NA,NA,NA,NA,NA,NA,NA,NA,NA,NA,NA,NA,NA,NA,NA,NA,NA,NA,NA,NA,NA,NA,NA,NA,NA,NA,NA,NA,NA,NA,NA,NA,NA,NA,NA,80,310,15,"Jacksonville Jaguars","REMAINING",NA
"Nicholas Singleton","RB","TEN",NA,0,0,0,NA,0,0,NA,47.61,191.65,NA,1.04,NA,24.81,NA,"56685","FanDuel","17476","NumberFire","RB",0,0,0,NA,NA,0,NA,NA,NA,NA,NA,NA,NA,NA,NA,NA,NA,NA,NA,NA,NA,NA,NA,NA,NA,NA,NA,NA,NA,NA,NA,NA,NA,NA,NA,NA,NA,NA,NA,NA,NA,NA,NA,NA,81,311,31,"Tennessee Titans","REMAINING",NA
"Raheim Sanders","RB","CLE",NA,0,0,0,NA,0,0,NA,27.25,109.95,NA,0.48,NA,23.16,NA,"56332","FanDuel","17062","NumberFire","RB",9.44,7.34,46.12,NA,NA,0.22,NA,NA,NA,NA,NA,NA,NA,NA,NA,NA,NA,NA,NA,NA,NA,NA,NA,NA,NA,NA,NA,NA,NA,NA,NA,NA,NA,NA,NA,NA,NA,NA,NA,NA,NA,NA,NA,NA,82,316,8,"Cleveland Browns","REMAINING",NA
"Tyler Badie","RB","DEN",NA,0,0,0,NA,0,0,NA,19.18,77.89,NA,0.41,NA,22.37,NA,"55552","FanDuel","15718","NumberFire","RB",12.3,8.84,57.38,NA,NA,0.38,NA,NA,NA,NA,NA,NA,NA,NA,NA,NA,NA,NA,NA,NA,NA,NA,NA,NA,NA,NA,NA,NA,NA,NA,NA,NA,NA,NA,NA,NA,NA,NA,NA,NA,NA,NA,NA,NA,83,317,10,"Denver Broncos","REMAINING",NA
"Emanuel Wilson","RB","SEA",NA,0,0,0,NA,0,0,NA,30.43,127.12,NA,0.73,NA,22.21,NA,"55715","FanDuel","16432","NumberFire","RB",5.38,3.72,24.95,NA,NA,0.16,NA,NA,NA,NA,NA,NA,NA,NA,NA,NA,NA,NA,NA,NA,NA,NA,NA,NA,NA,NA,NA,NA,NA,NA,NA,NA,NA,NA,NA,NA,NA,NA,NA,NA,NA,NA,NA,NA,84,318,28,"Seattle Seahawks","REMAINING",NA
"Jaleel McLaughlin","RB","CLE",NA,0,0,0,NA,0,0,NA,17.63,75.23,NA,0.28,NA,21.6,NA,"55669","FanDuel","16390","NumberFire","RB",13.23,10.41,55.51,NA,NA,0.32,NA,NA,NA,NA,NA,NA,NA,NA,NA,NA,NA,NA,NA,NA,NA,NA,NA,NA,NA,NA,NA,NA,NA,NA,NA,NA,NA,NA,NA,NA,NA,NA,NA,NA,NA,NA,NA,NA,85,323,8,"Cleveland Browns","REMAINING",NA
"Ray Davis","RB","BUF",NA,0,0,0,NA,0,0,NA,17.55,71.33,NA,0.37,NA,20.7,NA,"55975","FanDuel","16603","NumberFire","RB",9.92,7.4,56.09,NA,NA,0.34,NA,NA,NA,NA,NA,NA,NA,NA,NA,NA,NA,NA,NA,NA,NA,NA,NA,NA,NA,NA,NA,NA,NA,NA,NA,NA,NA,NA,NA,NA,NA,NA,NA,NA,NA,NA,NA,NA,86,326,4,"Buffalo Bills","REMAINING",NA
"Zonovan Knight","RB","ARI",NA,0,0,0,NA,0,0,NA,23.65,93.57,NA,0.57,NA,17.62,NA,"55527","FanDuel","15727","NumberFire","RB",5.01,3.62,25.12,NA,NA,0.15,NA,NA,NA,NA,NA,NA,NA,NA,NA,NA,NA,NA,NA,NA,NA,NA,NA,NA,NA,NA,NA,NA,NA,NA,NA,NA,NA,NA,NA,NA,NA,NA,NA,NA,NA,NA,NA,NA,87,336,1,"Arizona Cardinals","REMAINING",NA
"Jordan James","RB","SF",NA,0,0,0,NA,0,0,NA,23.23,98.81,NA,0.7,NA,17.21,NA,"56491","FanDuel","17055","NumberFire","RB",2.98,2.09,15.62,NA,NA,0.14,NA,NA,NA,NA,NA,NA,NA,NA,NA,NA,NA,NA,NA,NA,NA,NA,NA,NA,NA,NA,NA,NA,NA,NA,NA,NA,NA,NA,NA,NA,NA,NA,NA,NA,NA,NA,NA,NA,88,338,27,"San Francisco 49ers","REMAINING",NA
"Reggie Gilliam","RB","NE",NA,0,0,0,NA,0,0,NA,0.26,1.01,NA,0.01,NA,17.1,NA,"54640","FanDuel","15103","NumberFire","RB",14.67,11.46,83.25,NA,NA,0.48,NA,NA,NA,NA,NA,NA,NA,NA,NA,NA,NA,NA,NA,NA,NA,NA,NA,NA,NA,NA,NA,NA,NA,NA,NA,NA,NA,NA,NA,NA,NA,NA,NA,NA,NA,NA,NA,NA,89,340,19,"New England Patriots","REMAINING",NA
"Hunter Luepke","RB","DAL",NA,0,0,0,NA,0,0,NA,7.66,30.79,NA,0.19,NA,15.91,NA,"55724","FanDuel","16391","NumberFire","RB",10.43,7.85,54.82,NA,NA,0.38,NA,NA,NA,NA,NA,NA,NA,NA,NA,NA,NA,NA,NA,NA,NA,NA,NA,NA,NA,NA,NA,NA,NA,NA,NA,NA,NA,NA,NA,NA,NA,NA,NA,NA,NA,NA,NA,NA,90,343,9,"Dallas Cowboys","REMAINING",NA
"De'Von Achane","RB","MIA",NA,0,0,0,NA,0,0,NA,13.05,65.67,NA,0.35,NA,15.29,NA,"55638","FanDuel","16167","NumberFire","RB",5.53,4.2,34.04,NA,NA,0.19,NA,NA,NA,NA,NA,NA,NA,NA,NA,NA,NA,NA,NA,NA,NA,NA,NA,NA,NA,NA,NA,NA,NA,NA,NA,NA,NA,NA,NA,NA,NA,NA,NA,NA,NA,NA,NA,NA,91,345,17,"Miami Dolphins","REMAINING",NA
"Michael Burton","RB","CLE",NA,0,0,0,NA,0,0,NA,3.52,13.93,NA,0.02,NA,15.05,NA,"52765","FanDuel","12325","NumberFire","RB",13.23,10.36,64.37,NA,NA,0.32,NA,NA,NA,NA,NA,NA,NA,NA,NA,NA,NA,NA,NA,NA,NA,NA,NA,NA,NA,NA,NA,NA,NA,NA,NA,NA,NA,NA,NA,NA,NA,NA,NA,NA,NA,NA,NA,NA,92,347,8,"Cleveland Browns","REMAINING",NA
"Dylan Laube","RB","LV",NA,0,0,0,NA,0,0,NA,14.19,56.49,NA,0.38,NA,15.02,NA,"55983","FanDuel","16613","NumberFire","RB",10.5,5.28,34.27,NA,NA,0.23,NA,NA,NA,NA,NA,NA,NA,NA,NA,NA,NA,NA,NA,NA,NA,NA,NA,NA,NA,NA,NA,NA,NA,NA,NA,NA,NA,NA,NA,NA,NA,NA,NA,NA,NA,NA,NA,NA,93,348,35,"Las Vegas Raiders","REMAINING",NA
"Brady Russell","RB","SEA",NA,0,0,0,NA,0,0,NA,3.9,15.93,NA,0.13,NA,14.95,NA,"55762","FanDuel","16496","NumberFire","RB",12.46,8.66,60.22,NA,NA,0.38,NA,NA,NA,NA,NA,NA,NA,NA,NA,NA,NA,NA,NA,NA,NA,NA,NA,NA,NA,NA,NA,NA,NA,NA,NA,NA,NA,NA,NA,NA,NA,NA,NA,NA,NA,NA,NA,NA,94,349,28,"Seattle Seahawks","REMAINING",NA
"Jacob Saylors","RB","DET",NA,0,0,0,NA,0,0,NA,24.49,104.79,NA,0.72,NA,14.93,NA,"56387","FanDuel","16850","NumberFire","RB",0.34,0.25,1.9,NA,NA,0.02,NA,NA,NA,NA,NA,NA,NA,NA,NA,NA,NA,NA,NA,NA,NA,NA,NA,NA,NA,NA,NA,NA,NA,NA,NA,NA,NA,NA,NA,NA,NA,NA,NA,NA,NA,NA,NA,NA,95,350,11,"Detroit Lions","REMAINING",NA
"Alec Ingold","RB","LAC",NA,0,0,0,NA,0,0,NA,3.9,15.28,NA,0.14,NA,14.03,NA,"54334","FanDuel","14420","NumberFire","RB",11.06,7.96,60.63,NA,NA,0.32,NA,NA,NA,NA,NA,NA,NA,NA,NA,NA,NA,NA,NA,NA,NA,NA,NA,NA,NA,NA,NA,NA,NA,NA,NA,NA,NA,NA,NA,NA,NA,NA,NA,NA,NA,NA,NA,NA,96,354,34,"Los Angeles Chargers","REMAINING",NA
"CJ Donaldson","RB","NO",NA,0,0,0,NA,0,0,NA,15.43,62.71,NA,0.37,NA,13.19,NA,"56690","FanDuel","17492","NumberFire","RB",4.76,3.46,24.13,NA,NA,0.14,NA,NA,NA,NA,NA,NA,NA,NA,NA,NA,NA,NA,NA,NA,NA,NA,NA,NA,NA,NA,NA,NA,NA,NA,NA,NA,NA,NA,NA,NA,NA,NA,NA,NA,NA,NA,NA,NA,97,359,20,"New Orleans Saints","REMAINING",NA
"C.J. Ham","RB","MIN",NA,0,0,0,NA,0,0,NA,3.78,15.13,NA,0.14,NA,11.93,NA,"53557","FanDuel","12923","NumberFire","RB",8.93,6.81,47.69,NA,NA,0.28,NA,NA,NA,NA,NA,NA,NA,NA,NA,NA,NA,NA,NA,NA,NA,NA,NA,NA,NA,NA,NA,NA,NA,NA,NA,NA,NA,NA,NA,NA,NA,NA,NA,NA,NA,NA,NA,NA,98,368,18,"Minnesota Vikings","REMAINING",NA
"Will Shipley","RB","PHI",NA,0,0,0,NA,0,0,NA,7.9,31.46,NA,0.2,NA,9.08,NA,"55988","FanDuel","16601","NumberFire","RB",4.94,3.3,21.85,NA,NA,0.16,NA,NA,NA,NA,NA,NA,NA,NA,NA,NA,NA,NA,NA,NA,NA,NA,NA,NA,NA,NA,NA,NA,NA,NA,NA,NA,NA,NA,NA,NA,NA,NA,NA,NA,NA,NA,NA,NA,99,375,24,"Philadelphia Eagles","REMAINING",NA
"Isaac Guerendo","RB","SF",NA,0,0,0,NA,0,0,NA,14.29,58.52,NA,0.29,NA,8.84,NA,"56046","FanDuel","16688","NumberFire","RB",2.59,1.04,7.66,NA,NA,0.05,NA,NA,NA,NA,NA,NA,NA,NA,NA,NA,NA,NA,NA,NA,NA,NA,NA,NA,NA,NA,NA,NA,NA,NA,NA,NA,NA,NA,NA,NA,NA,NA,NA,NA,NA,NA,NA,NA,100,376,27,"San Francisco 49ers","REMAINING",NA
"Julius Chestnut","RB","TEN",NA,0,0,0,NA,0,0,NA,5.48,22.04,NA,0.15,NA,7.81,NA,"55532","FanDuel","15965","NumberFire","RB",4.84,3.38,21.35,NA,NA,0.15,NA,NA,NA,NA,NA,NA,NA,NA,NA,NA,NA,NA,NA,NA,NA,NA,NA,NA,NA,NA,NA,NA,NA,NA,NA,NA,NA,NA,NA,NA,NA,NA,NA,NA,NA,NA,NA,NA,101,378,31,"Tennessee Titans","REMAINING",NA
"Rasheen Ali","RB","BAL",NA,0,0,0,NA,0,0,NA,12.39,49.99,NA,0.28,NA,7.03,NA,"56198","FanDuel","16746","NumberFire","RB",0.34,0.25,1.84,NA,NA,0.01,NA,NA,NA,NA,NA,NA,NA,NA,NA,NA,NA,NA,NA,NA,NA,NA,NA,NA,NA,NA,NA,NA,NA,NA,NA,NA,NA,NA,NA,NA,NA,NA,NA,NA,NA,NA,NA,NA,102,383,3,"Baltimore Ravens","REMAINING",NA
"Patrick Ricard","RB","NYG",NA,0,0,0,NA,0,0,NA,0.6,2.4,NA,0.01,NA,5.69,NA,"53546","FanDuel","13455","NumberFire","RB",5.3,3.63,26.32,NA,NA,0.16,NA,NA,NA,NA,NA,NA,NA,NA,NA,NA,NA,NA,NA,NA,NA,NA,NA,NA,NA,NA,NA,NA,NA,NA,NA,NA,NA,NA,NA,NA,NA,NA,NA,NA,NA,NA,NA,NA,103,389,21,"New York Giants","REMAINING",NA
"Velus Jones","RB","SEA",NA,0,0,0,NA,0,0,NA,8.06,33.58,NA,0.23,NA,5.41,NA,"55238","FanDuel","15767","NumberFire","RB",0.96,0.56,4.15,NA,NA,0.03,NA,NA,NA,NA,NA,NA,NA,NA,NA,NA,NA,NA,NA,NA,NA,NA,NA,NA,NA,NA,NA,NA,NA,NA,NA,NA,NA,NA,NA,NA,NA,NA,NA,NA,NA,NA,NA,NA,104,390,28,"Seattle Seahawks","REMAINING",NA
"Tyler Goodson","RB","DAL",NA,0,0,0,NA,0,0,NA,21.56,15.67,NA,0.38,NA,5.28,NA,"55869","FanDuel","15730","NumberFire","RB",5.09,0.86,1.67,NA,NA,0.14,NA,NA,NA,NA,NA,NA,NA,NA,NA,NA,NA,NA,NA,NA,NA,NA,NA,NA,NA,NA,NA,NA,NA,NA,NA,NA,NA,NA,NA,NA,NA,NA,NA,NA,NA,NA,NA,NA,105,391,9,"Dallas Cowboys","REMAINING",NA
"Ronnie Rivers","RB","LA",NA,0,0,0,NA,0,0,NA,9.05,36.37,NA,0.18,NA,5.25,NA,"55466","FanDuel","15726","NumberFire","RB",0.65,0.35,2.57,NA,NA,0.02,NA,NA,NA,NA,NA,NA,NA,NA,NA,NA,NA,NA,NA,NA,NA,NA,NA,NA,NA,NA,NA,NA,NA,NA,NA,NA,NA,NA,NA,NA,NA,NA,NA,NA,NA,NA,NA,NA,106,392,33,"Los Angeles Rams","REMAINING",NA
"Audric Estime","RB","NO",NA,0,0,0,NA,0,0,NA,0,0,NA,0,NA,5.12,NA,"55985","FanDuel","16595","NumberFire","RB",4.76,3.53,25.18,NA,NA,0.14,NA,NA,NA,NA,NA,NA,NA,NA,NA,NA,NA,NA,NA,NA,NA,NA,NA,NA,NA,NA,NA,NA,NA,NA,NA,NA,NA,NA,NA,NA,NA,NA,NA,NA,NA,NA,NA,NA,107,396,20,"New Orleans Saints","REMAINING",NA
"Devin Singletary","RB","NYG",NA,0,0,0,NA,0,0,NA,6,25.09,NA,0.15,NA,5,NA,"54171","FanDuel","14080","NumberFire","RB",1.54,1.1,8.04,NA,NA,0.04,NA,NA,NA,NA,NA,NA,NA,NA,NA,NA,NA,NA,NA,NA,NA,NA,NA,NA,NA,NA,NA,NA,NA,NA,NA,NA,NA,NA,NA,NA,NA,NA,NA,NA,NA,NA,NA,NA,108,397,21,"New York Giants","REMAINING",NA
"Jordan Mason","RB","MIN",NA,0,0,0,NA,0,0,NA,0,0,NA,0,NA,4.78,NA,"55328","FanDuel","15972","NumberFire","RB",4.45,3.48,22.03,NA,NA,0.14,NA,NA,NA,NA,NA,NA,NA,NA,NA,NA,NA,NA,NA,NA,NA,NA,NA,NA,NA,NA,NA,NA,NA,NA,NA,NA,NA,NA,NA,NA,NA,NA,NA,NA,NA,NA,NA,NA,109,398,18,"Minnesota Vikings","REMAINING",NA
"Adam Prentice","RB","DEN",NA,0,0,0,NA,0,0,NA,0,0,NA,0,NA,4.72,NA,"55159","FanDuel","15650","NumberFire","RB",4.77,3.47,21.42,NA,NA,0.14,NA,NA,NA,NA,NA,NA,NA,NA,NA,NA,NA,NA,NA,NA,NA,NA,NA,NA,NA,NA,NA,NA,NA,NA,NA,NA,NA,NA,NA,NA,NA,NA,NA,NA,NA,NA,NA,NA,110,399,10,"Denver Broncos","REMAINING",NA
"Kene Nwangwu","RB","NYJ",NA,0,0,0,NA,0,0,NA,7.3,29.7,NA,0.19,NA,4.34,NA,"55120","FanDuel","15414","NumberFire","RB",0.36,0.18,1.22,NA,NA,0.01,NA,NA,NA,NA,NA,NA,NA,NA,NA,NA,NA,NA,NA,NA,NA,NA,NA,NA,NA,NA,NA,NA,NA,NA,NA,NA,NA,NA,NA,NA,NA,NA,NA,NA,NA,NA,NA,NA,111,400,22,"New York Jets","REMAINING",NA
"DJ Giddens","RB","IND",NA,0,0,0,NA,0,0,NA,3.21,12.65,NA,0.07,NA,3.45,NA,"56296","FanDuel","17060","NumberFire","RB",1.71,1.24,9.44,NA,NA,0.04,NA,NA,NA,NA,NA,NA,NA,NA,NA,NA,NA,NA,NA,NA,NA,NA,NA,NA,NA,NA,NA,NA,NA,NA,NA,NA,NA,NA,NA,NA,NA,NA,NA,NA,NA,NA,NA,NA,112,427,14,"Indianapolis Colts","REMAINING",NA
"Josh Williams","RB","TB",NA,0,0,0,NA,0,0,NA,18.7,14.01,NA,0.28,NA,3.08,NA,"56501","FanDuel","17359","NumberFire","RB",0,0,0,NA,NA,0,NA,NA,NA,NA,NA,NA,NA,NA,NA,NA,NA,NA,NA,NA,NA,NA,NA,NA,NA,NA,NA,NA,NA,NA,NA,NA,NA,NA,NA,NA,NA,NA,NA,NA,NA,NA,NA,NA,113,432,30,"Tampa Bay Buccaneers","REMAINING",NA
"Amar Johnson","RB","LAC",NA,0,0,0,NA,0,0,NA,3.26,12.7,NA,0.06,NA,2.59,NA,"56544","FanDuel","17272","NumberFire","RB",1.37,0.76,4.99,NA,NA,0.02,NA,NA,NA,NA,NA,NA,NA,NA,NA,NA,NA,NA,NA,NA,NA,NA,NA,NA,NA,NA,NA,NA,NA,NA,NA,NA,NA,NA,NA,NA,NA,NA,NA,NA,NA,NA,NA,NA,114,435,34,"Los Angeles Chargers","REMAINING",NA
"Jeremy McNichols","RB","WSH",NA,0,0,0,NA,0,0,NA,1.21,4.99,NA,0.03,NA,2.48,NA,"53752","FanDuel","13143","NumberFire","RB",2.74,1.29,8.76,NA,NA,0.05,NA,NA,NA,NA,NA,NA,NA,NA,NA,NA,NA,NA,NA,NA,NA,NA,NA,NA,NA,NA,NA,NA,NA,NA,NA,NA,NA,NA,NA,NA,NA,NA,NA,NA,NA,NA,NA,NA,115,436,32,"Washington Commanders","REMAINING",NA
"Robbie Ouzts","RB","SEA",NA,0,0,0,NA,0,0,NA,0,0,NA,0,NA,1.37,NA,"56315","FanDuel","17215","NumberFire","RB",1.99,0.95,6.75,NA,NA,0.04,NA,NA,NA,NA,NA,NA,NA,NA,NA,NA,NA,NA,NA,NA,NA,NA,NA,NA,NA,NA,NA,NA,NA,NA,NA,NA,NA,NA,NA,NA,NA,NA,NA,NA,NA,NA,NA,NA,116,456,28,"Seattle Seahawks","REMAINING",NA
"Andrew Beck","RB","NYJ",NA,0,0,0,NA,0,0,NA,0.05,0.21,NA,0,NA,0.89,NA,"54321","FanDuel","14319","NumberFire","RB",1.22,0.6,4.44,NA,NA,0.02,NA,NA,NA,NA,NA,NA,NA,NA,NA,NA,NA,NA,NA,NA,NA,NA,NA,NA,NA,NA,NA,NA,NA,NA,NA,NA,NA,NA,NA,NA,NA,NA,NA,NA,NA,NA,NA,NA,117,465,22,"New York Jets","REMAINING",NA
"Josh Jacobs","RB","GB",NA,0,0,0,NA,0,0,NA,1.09,4.43,NA,0.04,NA,0.66,NA,"54151","FanDuel","14073","NumberFire","RB",0,0,0,NA,NA,0,NA,NA,NA,NA,NA,NA,NA,NA,NA,NA,NA,NA,NA,NA,NA,NA,NA,NA,NA,NA,NA,NA,NA,NA,NA,NA,NA,NA,NA,NA,NA,NA,NA,NA,NA,NA,NA,NA,118,470,12,"Green Bay Packers","REMAINING",NA
"British Brooks","RB","HOU",NA,0,0,0,NA,0,0,NA,0.84,3.38,NA,0.02,NA,0.46,NA,"56007","FanDuel","16816","NumberFire","RB",0,0,0,NA,NA,0,NA,NA,NA,NA,NA,NA,NA,NA,NA,NA,NA,NA,NA,NA,NA,NA,NA,NA,NA,NA,NA,NA,NA,NA,NA,NA,NA,NA,NA,NA,NA,NA,NA,NA,NA,NA,NA,NA,119,472,13,"Houston Texans","REMAINING",NA
"Kendall Milton","RB","CIN",NA,0,0,0,NA,0,0,NA,0.81,3.25,NA,0.02,NA,0.45,NA,"56556","FanDuel","16606","NumberFire","RB",0,0,0,NA,NA,0,NA,NA,NA,NA,NA,NA,NA,NA,NA,NA,NA,NA,NA,NA,NA,NA,NA,NA,NA,NA,NA,NA,NA,NA,NA,NA,NA,NA,NA,NA,NA,NA,NA,NA,NA,NA,NA,NA,120,473,7,"Cincinnati Bengals","REMAINING",NA
"Roschon Johnson","RB","CHI",NA,0,0,0,NA,0,0,NA,0.27,1.09,NA,0.01,NA,0.17,NA,"55635","FanDuel","16175","NumberFire","RB",0,0,0,NA,NA,0,NA,NA,NA,NA,NA,NA,NA,NA,NA,NA,NA,NA,NA,NA,NA,NA,NA,NA,NA,NA,NA,NA,NA,NA,NA,NA,NA,NA,NA,NA,NA,NA,NA,NA,NA,NA,NA,NA,121,477,6,"Chicago Bears","REMAINING",NA
"Terrell Jennings","RB","NE",NA,0,0,0,NA,0,0,NA,0.26,1,NA,0.01,NA,0.16,NA,"56138","FanDuel","16957","NumberFire","RB",0,0,0,NA,NA,0,NA,NA,NA,NA,NA,NA,NA,NA,NA,NA,NA,NA,NA,NA,NA,NA,NA,NA,NA,NA,NA,NA,NA,NA,NA,NA,NA,NA,NA,NA,NA,NA,NA,NA,NA,NA,NA,NA,122,478,19,"New England Patriots","REMAINING",NA
"James Conner","RB","ARI",NA,0,0,0,NA,0,0,NA,0,0,NA,0,NA,0,NA,"53421","FanDuel","13146","NumberFire","RB",0,0,0,NA,NA,0,NA,NA,NA,NA,NA,NA,NA,NA,NA,NA,NA,NA,NA,NA,NA,NA,NA,NA,NA,NA,NA,NA,NA,NA,NA,NA,NA,NA,NA,NA,NA,NA,NA,NA,NA,NA,NA,NA,123,480,1,"Arizona Cardinals","REMAINING",NA
"Jakob Johnson","RB","HOU",NA,0,0,0,NA,0,0,NA,0,0,NA,0,NA,0,NA,"54353","FanDuel","14359","NumberFire","RB",0,0,0,NA,NA,0,NA,NA,NA,NA,NA,NA,NA,NA,NA,NA,NA,NA,NA,NA,NA,NA,NA,NA,NA,NA,NA,NA,NA,NA,NA,NA,NA,NA,NA,NA,NA,NA,NA,NA,NA,NA,NA,NA,123,480,13,"Houston Texans","REMAINING",NA
"Isiah Pacheco","RB","DET",NA,0,0,0,NA,0,0,NA,0,0,NA,0,NA,0,NA,"55280","FanDuel","15749","NumberFire","RB",0,0,0,NA,NA,0,NA,NA,NA,NA,NA,NA,NA,NA,NA,NA,NA,NA,NA,NA,NA,NA,NA,NA,NA,NA,NA,NA,NA,NA,NA,NA,NA,NA,NA,NA,NA,NA,NA,NA,NA,NA,NA,NA,123,480,11,"Detroit Lions","REMAINING",NA
"Hassan Haskins","RB","NE",NA,0,0,0,NA,0,0,NA,0,0,NA,0,NA,0,NA,"55395","FanDuel","15720","NumberFire","RB",0,0,0,NA,NA,0,NA,NA,NA,NA,NA,NA,NA,NA,NA,NA,NA,NA,NA,NA,NA,NA,NA,NA,NA,NA,NA,NA,NA,NA,NA,NA,NA,NA,NA,NA,NA,NA,NA,NA,NA,NA,NA,NA,123,480,19,"New England Patriots","REMAINING",NA
"Ty Chandler","RB","NO",NA,0,0,0,NA,0,0,NA,0,0,NA,0,NA,0,NA,"55461","FanDuel","15723","NumberFire","RB",0,0,0,NA,NA,0,NA,NA,NA,NA,NA,NA,NA,NA,NA,NA,NA,NA,NA,NA,NA,NA,NA,NA,NA,NA,NA,NA,NA,NA,NA,NA,NA,NA,NA,NA,NA,NA,NA,NA,NA,NA,NA,NA,123,480,20,"New Orleans Saints","REMAINING",NA
"Malik Davis","RB","DAL",NA,0,0,0,NA,0,0,NA,0,0,NA,0,NA,0,NA,"55492","FanDuel","15738","NumberFire","RB",0,0,0,NA,NA,0,NA,NA,NA,NA,NA,NA,NA,NA,NA,NA,NA,NA,NA,NA,NA,NA,NA,NA,NA,NA,NA,NA,NA,NA,NA,NA,NA,NA,NA,NA,NA,NA,NA,NA,NA,NA,NA,NA,123,480,9,"Dallas Cowboys","REMAINING",NA
"Brittain Brown","RB","CHI",NA,0,0,0,NA,0,0,NA,0,0,NA,0,NA,0,NA,"55519","FanDuel","15953","NumberFire","RB",0,0,0,NA,NA,0,NA,NA,NA,NA,NA,NA,NA,NA,NA,NA,NA,NA,NA,NA,NA,NA,NA,NA,NA,NA,NA,NA,NA,NA,NA,NA,NA,NA,NA,NA,NA,NA,NA,NA,NA,NA,NA,NA,123,480,6,"Chicago Bears","REMAINING",NA
"Israel Abanikanda","RB","DAL",NA,0,0,0,NA,0,0,NA,0,0,NA,0,NA,0,NA,"55855","FanDuel","16168","NumberFire","RB",0,0,0,NA,NA,0,NA,NA,NA,NA,NA,NA,NA,NA,NA,NA,NA,NA,NA,NA,NA,NA,NA,NA,NA,NA,NA,NA,NA,NA,NA,NA,NA,NA,NA,NA,NA,NA,NA,NA,NA,NA,NA,NA,123,480,9,"Dallas Cowboys","REMAINING",NA
"Trey Benson","RB","ARI",NA,0,0,0,NA,0,0,NA,0,0,NA,0,NA,0,NA,"55907","FanDuel","16594","NumberFire","RB",0,0,0,NA,NA,0,NA,NA,NA,NA,NA,NA,NA,NA,NA,NA,NA,NA,NA,NA,NA,NA,NA,NA,NA,NA,NA,NA,NA,NA,NA,NA,NA,NA,NA,NA,NA,NA,NA,NA,NA,NA,NA,NA,123,480,1,"Arizona Cardinals","REMAINING",NA
"Jonathon Brooks","RB","CAR",NA,0,0,0,NA,0,0,NA,0,0,NA,0,NA,0,NA,"55910","FanDuel","16597","NumberFire","RB",0,0,0,NA,NA,0,NA,NA,NA,NA,NA,NA,NA,NA,NA,NA,NA,NA,NA,NA,NA,NA,NA,NA,NA,NA,NA,NA,NA,NA,NA,NA,NA,NA,NA,NA,NA,NA,NA,NA,NA,NA,NA,NA,123,480,5,"Carolina Panthers","REMAINING",NA
"Dylan Sampson","RB","CLE",NA,0,0,0,NA,0,0,NA,0,0,NA,0,NA,0,NA,"56273","FanDuel","17047","NumberFire","RB",0,0,0,NA,NA,0,NA,NA,NA,NA,NA,NA,NA,NA,NA,NA,NA,NA,NA,NA,NA,NA,NA,NA,NA,NA,NA,NA,NA,NA,NA,NA,NA,NA,NA,NA,NA,NA,NA,NA,NA,NA,NA,NA,123,480,8,"Cleveland Browns","REMAINING",NA
"Trevor Etienne","RB","CAR",NA,0,0,0,NA,0,0,NA,0,0,NA,0,NA,0,NA,"56371","FanDuel","17056","NumberFire","RB",0,0,0,NA,NA,0,NA,NA,NA,NA,NA,NA,NA,NA,NA,NA,NA,NA,NA,NA,NA,NA,NA,NA,NA,NA,NA,NA,NA,NA,NA,NA,NA,NA,NA,NA,NA,NA,NA,NA,NA,NA,NA,NA,123,480,5,"Carolina Panthers","REMAINING",NA
"Jonah Coleman","RB","DEN",NA,0,0,0,NA,0,0,NA,0,0,NA,0,NA,0,NA,"56658","FanDuel","17477","NumberFire","RB",0,0,0,NA,NA,0,NA,NA,NA,NA,NA,NA,NA,NA,NA,NA,NA,NA,NA,NA,NA,NA,NA,NA,NA,NA,NA,NA,NA,NA,NA,NA,NA,NA,NA,NA,NA,NA,NA,NA,NA,NA,NA,NA,123,480,10,"Denver Broncos","REMAINING",NA
"Eli Heidenreich","RB","PIT",NA,0,0,0,NA,0,0,NA,0,0,NA,0,NA,0,NA,"56693","FanDuel","17685","NumberFire","RB",0,0,0,NA,NA,0,NA,NA,NA,NA,NA,NA,NA,NA,NA,NA,NA,NA,NA,NA,NA,NA,NA,NA,NA,NA,NA,NA,NA,NA,NA,NA,NA,NA,NA,NA,NA,NA,NA,NA,NA,NA,NA,NA,123,480,25,"Pittsburgh Steelers","REMAINING",NA
"Max Bredeson","RB","MIN",NA,0,0,0,NA,0,0,NA,0,0,NA,0,NA,0,NA,"56745","FanDuel","17641","NumberFire","RB",0,0,0,NA,NA,0,NA,NA,NA,NA,NA,NA,NA,NA,NA,NA,NA,NA,NA,NA,NA,NA,NA,NA,NA,NA,NA,NA,NA,NA,NA,NA,NA,NA,NA,NA,NA,NA,NA,NA,NA,NA,NA,NA,123,480,18,"Minnesota Vikings","REMAINING",NA
"Roman Hemby","RB","LV",NA,0,0,0,NA,0,0,NA,0,0,NA,0,NA,0,NA,"56830","FanDuel","17483","NumberFire","RB",0,0,0,NA,NA,0,NA,NA,NA,NA,NA,NA,NA,NA,NA,NA,NA,NA,NA,NA,NA,NA,NA,NA,NA,NA,NA,NA,NA,NA,NA,NA,NA,NA,NA,NA,NA,NA,NA,NA,NA,NA,NA,NA,123,480,35,"Las Vegas Raiders","REMAINING",NA
"Dean Connors","RB","LA",NA,0,0,0,NA,0,0,NA,0,0,NA,0,NA,0,NA,"56877","FanDuel","17491","NumberFire","RB",0,0,0,NA,NA,0,NA,NA,NA,NA,NA,NA,NA,NA,NA,NA,NA,NA,NA,NA,NA,NA,NA,NA,NA,NA,NA,NA,NA,NA,NA,NA,NA,NA,NA,NA,NA,NA,NA,NA,NA,NA,NA,NA,123,480,33,"Los Angeles Rams","REMAINING",NA
"Puka Nacua","WR","LA",NA,0,0,0,NA,0,0,NA,9.49,43.9,NA,0.33,NA,242.3,NA,"55652","FanDuel","16211","NumberFire","WR",154.65,104.73,1381.84,NA,NA,7.61,NA,NA,NA,NA,NA,NA,NA,NA,NA,NA,NA,NA,NA,NA,NA,NA,NA,NA,NA,NA,NA,NA,NA,NA,NA,NA,NA,NA,NA,NA,NA,NA,NA,NA,NA,NA,NA,NA,1,25,33,"Los Angeles Rams","REMAINING",NA
"Jaxon Smith-Njigba","WR","SEA",NA,0,0,0,NA,0,0,NA,7.85,36.01,NA,0.27,NA,233.51,NA,"55595","FanDuel","16185","NumberFire","WR",143.52,94.21,1403.41,NA,NA,7.03,NA,NA,NA,NA,NA,NA,NA,NA,NA,NA,NA,NA,NA,NA,NA,NA,NA,NA,NA,NA,NA,NA,NA,NA,NA,NA,NA,NA,NA,NA,NA,NA,NA,NA,NA,NA,NA,NA,2,30,28,"Seattle Seahawks","REMAINING",NA
"Amon-Ra St. Brown","WR","DET",NA,0,0,0,NA,0,0,NA,4.43,20.74,NA,0.16,NA,230.81,NA,"54885","FanDuel","15287","NumberFire","WR",151.13,104.16,1251.15,NA,NA,8.58,NA,NA,NA,NA,NA,NA,NA,NA,NA,NA,NA,NA,NA,NA,NA,NA,NA,NA,NA,NA,NA,NA,NA,NA,NA,NA,NA,NA,NA,NA,NA,NA,NA,NA,NA,NA,NA,NA,3,32,11,"Detroit Lions","REMAINING",NA
"CeeDee Lamb","WR","DAL",NA,0,0,0,NA,0,0,NA,0.97,5.02,NA,0.04,NA,212.2,NA,"54517","FanDuel","14832","NumberFire","WR",138.01,91.41,1221.91,NA,NA,7.31,NA,NA,NA,NA,NA,NA,NA,NA,NA,NA,NA,NA,NA,NA,NA,NA,NA,NA,NA,NA,NA,NA,NA,NA,NA,NA,NA,NA,NA,NA,NA,NA,NA,NA,NA,NA,NA,NA,4,40,9,"Dallas Cowboys","REMAINING",NA
"Ja'Marr Chase","WR","CIN",NA,0,0,0,NA,0,0,NA,0,0,NA,0,NA,211.71,NA,"54864","FanDuel","15281","NumberFire","WR",141.77,92.41,1082.01,NA,NA,9.6,NA,NA,NA,NA,NA,NA,NA,NA,NA,NA,NA,NA,NA,NA,NA,NA,NA,NA,NA,NA,NA,NA,NA,NA,NA,NA,NA,NA,NA,NA,NA,NA,NA,NA,NA,NA,NA,NA,5,41,7,"Cincinnati Bengals","REMAINING",NA
"Rashee Rice","WR","KC",NA,0,0,0,NA,0,0,NA,0,0,NA,0,NA,206.82,NA,"55622","FanDuel","16194","NumberFire","WR",145.6,94.48,1164.82,NA,NA,7.49,NA,NA,NA,NA,NA,NA,NA,NA,NA,NA,NA,NA,NA,NA,NA,NA,NA,NA,NA,NA,NA,NA,NA,NA,NA,NA,NA,NA,NA,NA,NA,NA,NA,NA,NA,NA,NA,NA,6,44,16,"Kansas City Chiefs","REMAINING",NA
"Zay Flowers","WR","BAL",NA,0,0,0,NA,0,0,NA,8.25,38.37,NA,0.32,NA,203.86,NA,"55585","FanDuel","16190","NumberFire","WR",124.31,79.46,1205.69,NA,NA,6.48,NA,NA,NA,NA,NA,NA,NA,NA,NA,NA,NA,NA,NA,NA,NA,NA,NA,NA,NA,NA,NA,NA,NA,NA,NA,NA,NA,NA,NA,NA,NA,NA,NA,NA,NA,NA,NA,NA,7,47,3,"Baltimore Ravens","REMAINING",NA
"Chris Olave","WR","NO",NA,0,0,0,NA,0,0,NA,0.28,1.23,NA,0.01,NA,197.37,NA,"55261","FanDuel","15754","NumberFire","WR",142.56,90.29,1144.8,NA,NA,6.31,NA,NA,NA,NA,NA,NA,NA,NA,NA,NA,NA,NA,NA,NA,NA,NA,NA,NA,NA,NA,NA,NA,NA,NA,NA,NA,NA,NA,NA,NA,NA,NA,NA,NA,NA,NA,NA,NA,8,48,20,"New Orleans Saints","REMAINING",NA
"George Pickens","WR","DAL",NA,0,0,0,NA,0,0,NA,0,0,NA,0,NA,190.76,NA,"55267","FanDuel","15762","NumberFire","WR",131.13,82.92,1117.96,NA,NA,6.7,NA,NA,NA,NA,NA,NA,NA,NA,NA,NA,NA,NA,NA,NA,NA,NA,NA,NA,NA,NA,NA,NA,NA,NA,NA,NA,NA,NA,NA,NA,NA,NA,NA,NA,NA,NA,NA,NA,9,54,9,"Dallas Cowboys","REMAINING",NA
"Drake London","WR","ATL",NA,0,0,0,NA,0,0,NA,3.79,17.3,NA,0.15,NA,178.32,NA,"55233","FanDuel","15751","NumberFire","WR",131.4,76.1,1072.24,NA,NA,5.12,NA,NA,NA,NA,NA,NA,NA,NA,NA,NA,NA,NA,NA,NA,NA,NA,NA,NA,NA,NA,NA,NA,NA,NA,NA,NA,NA,NA,NA,NA,NA,NA,NA,NA,NA,NA,NA,NA,10,61,2,"Atlanta Falcons","REMAINING",NA
"Christian Watson","WR","GB",NA,0,0,0,NA,0,0,NA,4.24,19.88,NA,0.16,NA,177.57,NA,"55247","FanDuel","15789","NumberFire","WR",111.05,63.66,1028.37,NA,NA,6.71,NA,NA,NA,NA,NA,NA,NA,NA,NA,NA,NA,NA,NA,NA,NA,NA,NA,NA,NA,NA,NA,NA,NA,NA,NA,NA,NA,NA,NA,NA,NA,NA,NA,NA,NA,NA,NA,NA,11,62,12,"Green Bay Packers","REMAINING",NA
"DeVonta Smith","WR","PHI",NA,0,0,0,NA,0,0,NA,0,0,NA,0,NA,177.37,NA,"54877","FanDuel","15282","NumberFire","WR",126.94,82.1,1040.2,NA,NA,5.42,NA,NA,NA,NA,NA,NA,NA,NA,NA,NA,NA,NA,NA,NA,NA,NA,NA,NA,NA,NA,NA,NA,NA,NA,NA,NA,NA,NA,NA,NA,NA,NA,NA,NA,NA,NA,NA,NA,12,63,24,"Philadelphia Eagles","REMAINING",NA
"Garrett Wilson","WR","NYJ",NA,0,0,0,NA,0,0,NA,3.66,16.76,NA,0.14,NA,174.16,NA,"55264","FanDuel","15753","NumberFire","WR",145.37,88.93,993.21,NA,NA,4.93,NA,NA,NA,NA,NA,NA,NA,NA,NA,NA,NA,NA,NA,NA,NA,NA,NA,NA,NA,NA,NA,NA,NA,NA,NA,NA,NA,NA,NA,NA,NA,NA,NA,NA,NA,NA,NA,NA,13,64,22,"New York Jets","REMAINING",NA
"Mike Evans","WR","SF",NA,0,0,0,NA,0,0,NA,0,0,NA,0,NA,170.78,NA,"52418","FanDuel","11671","NumberFire","WR",114.32,67.01,877.59,NA,NA,8.25,NA,NA,NA,NA,NA,NA,NA,NA,NA,NA,NA,NA,NA,NA,NA,NA,NA,NA,NA,NA,NA,NA,NA,NA,NA,NA,NA,NA,NA,NA,NA,NA,NA,NA,NA,NA,NA,NA,14,66,27,"San Francisco 49ers","REMAINING",NA
"Parker Washington","WR","JAC",NA,0,0,0,NA,0,0,NA,1.13,5.7,NA,0.05,NA,164.56,NA,"55786","FanDuel","16192","NumberFire","WR",111.75,69.54,977.39,NA,NA,5.62,NA,NA,NA,NA,NA,NA,NA,NA,NA,NA,NA,NA,NA,NA,NA,NA,NA,NA,NA,NA,NA,NA,NA,NA,NA,NA,NA,NA,NA,NA,NA,NA,NA,NA,NA,NA,NA,NA,15,70,15,"Jacksonville Jaguars","REMAINING",NA
"Tee Higgins","WR","CIN",NA,0,0,0,NA,0,0,NA,0,0,NA,0,NA,163.74,NA,"54512","FanDuel","14835","NumberFire","WR",110.3,64.75,885.29,NA,NA,7.14,NA,NA,NA,NA,NA,NA,NA,NA,NA,NA,NA,NA,NA,NA,NA,NA,NA,NA,NA,NA,NA,NA,NA,NA,NA,NA,NA,NA,NA,NA,NA,NA,NA,NA,NA,NA,NA,NA,16,71,7,"Cincinnati Bengals","REMAINING",NA
"Justin Jefferson","WR","MIN",NA,0,0,0,NA,0,0,NA,3.78,17.52,NA,0.17,NA,162.29,NA,"54532","FanDuel","14836","NumberFire","WR",120.16,77.04,875.14,NA,NA,5.63,NA,NA,NA,NA,NA,NA,NA,NA,NA,NA,NA,NA,NA,NA,NA,NA,NA,NA,NA,NA,NA,NA,NA,NA,NA,NA,NA,NA,NA,NA,NA,NA,NA,NA,NA,NA,NA,NA,17,73,18,"Minnesota Vikings","REMAINING",NA
"Davante Adams","WR","LA",NA,0,0,0,NA,0,0,NA,0,0,NA,0,NA,161.03,NA,"52438","FanDuel","11675","NumberFire","WR",111.58,61.25,856.45,NA,NA,7.41,NA,NA,NA,NA,NA,NA,NA,NA,NA,NA,NA,NA,NA,NA,NA,NA,NA,NA,NA,NA,NA,NA,NA,NA,NA,NA,NA,NA,NA,NA,NA,NA,NA,NA,NA,NA,NA,NA,18,74,33,"Los Angeles Rams","REMAINING",NA
"Malik Nabers","WR","NYG",NA,0,0,0,NA,0,0,NA,0,0,NA,0,NA,158.94,NA,"55922","FanDuel","16615","NumberFire","WR",130.18,73.85,935.78,NA,NA,4.79,NA,NA,NA,NA,NA,NA,NA,NA,NA,NA,NA,NA,NA,NA,NA,NA,NA,NA,NA,NA,NA,NA,NA,NA,NA,NA,NA,NA,NA,NA,NA,NA,NA,NA,NA,NA,NA,NA,19,75,21,"New York Giants","REMAINING",NA
"Josh Downs","WR","IND",NA,0,0,0,NA,0,0,NA,3.75,17.25,NA,0.17,NA,157.57,NA,"55636","FanDuel","16187","NumberFire","WR",114.51,74.34,935.33,NA,NA,4.02,NA,NA,NA,NA,NA,NA,NA,NA,NA,NA,NA,NA,NA,NA,NA,NA,NA,NA,NA,NA,NA,NA,NA,NA,NA,NA,NA,NA,NA,NA,NA,NA,NA,NA,NA,NA,NA,NA,20,77,14,"Indianapolis Colts","REMAINING",NA
"Jaylen Waddle","WR","DEN",NA,0,0,0,NA,0,0,NA,0,0,NA,0,NA,156.35,NA,"54871","FanDuel","15284","NumberFire","WR",112.35,71.98,909.01,NA,NA,4.91,NA,NA,NA,NA,NA,NA,NA,NA,NA,NA,NA,NA,NA,NA,NA,NA,NA,NA,NA,NA,NA,NA,NA,NA,NA,NA,NA,NA,NA,NA,NA,NA,NA,NA,NA,NA,NA,NA,21,78,10,"Denver Broncos","REMAINING",NA
"Terry McLaurin","WR","WSH",NA,0,0,0,NA,0,0,NA,3.74,17.4,NA,0.15,NA,151.18,NA,"54162","FanDuel","14109","NumberFire","WR",115.89,64.44,854.81,NA,NA,5.14,NA,NA,NA,NA,NA,NA,NA,NA,NA,NA,NA,NA,NA,NA,NA,NA,NA,NA,NA,NA,NA,NA,NA,NA,NA,NA,NA,NA,NA,NA,NA,NA,NA,NA,NA,NA,NA,NA,22,80,32,"Washington Commanders","REMAINING",NA
"Stefon Diggs","WR","WSH",NA,0,0,0,NA,0,0,NA,0,0,NA,0,NA,150.74,NA,"52804","FanDuel","12186","NumberFire","WR",115.25,72.11,819.45,NA,NA,5.46,NA,NA,NA,NA,NA,NA,NA,NA,NA,NA,NA,NA,NA,NA,NA,NA,NA,NA,NA,NA,NA,NA,NA,NA,NA,NA,NA,NA,NA,NA,NA,NA,NA,NA,NA,NA,NA,NA,23,81,32,"Washington Commanders","REMAINING",NA
"Tetairoa McMillan","WR","CAR",NA,0,0,0,NA,0,0,NA,3.45,15.91,NA,0.15,NA,149.08,NA,"56250","FanDuel","17071","NumberFire","WR",111.28,65.97,866.65,NA,NA,4.64,NA,NA,NA,NA,NA,NA,NA,NA,NA,NA,NA,NA,NA,NA,NA,NA,NA,NA,NA,NA,NA,NA,NA,NA,NA,NA,NA,NA,NA,NA,NA,NA,NA,NA,NA,NA,NA,NA,24,82,5,"Carolina Panthers","REMAINING",NA
"Jordan Addison","WR","MIN",NA,0,0,0,NA,0,0,NA,7.87,37.33,NA,0.36,NA,143.37,NA,"55613","FanDuel","16186","NumberFire","WR",99.42,61.02,738.83,NA,NA,5.51,NA,NA,NA,NA,NA,NA,NA,NA,NA,NA,NA,NA,NA,NA,NA,NA,NA,NA,NA,NA,NA,NA,NA,NA,NA,NA,NA,NA,NA,NA,NA,NA,NA,NA,NA,NA,NA,NA,25,84,18,"Minnesota Vikings","REMAINING",NA
"Ladd McConkey","WR","LAC",NA,0,0,0,NA,0,0,NA,0,0,NA,0,NA,139.06,NA,"55930","FanDuel","16627","NumberFire","WR",102.4,65.74,811.08,NA,NA,4.28,NA,NA,NA,NA,NA,NA,NA,NA,NA,NA,NA,NA,NA,NA,NA,NA,NA,NA,NA,NA,NA,NA,NA,NA,NA,NA,NA,NA,NA,NA,NA,NA,NA,NA,NA,NA,NA,NA,26,88,34,"Los Angeles Chargers","REMAINING",NA
"Khalil Shakir","WR","BUF",NA,0,0,0,NA,0,0,NA,0,0,NA,0,NA,138.2,NA,"55390","FanDuel","15761","NumberFire","WR",101.62,70.5,751.34,NA,NA,4.78,NA,NA,NA,NA,NA,NA,NA,NA,NA,NA,NA,NA,NA,NA,NA,NA,NA,NA,NA,NA,NA,NA,NA,NA,NA,NA,NA,NA,NA,NA,NA,NA,NA,NA,NA,NA,NA,NA,27,90,4,"Buffalo Bills","REMAINING",NA
"Emeka Egbuka","WR","TB",NA,0,0,0,NA,0,0,NA,4.04,18.51,NA,0.15,NA,135.69,NA,"56258","FanDuel","17081","NumberFire","WR",103.22,56.91,747.05,NA,NA,5,NA,NA,NA,NA,NA,NA,NA,NA,NA,NA,NA,NA,NA,NA,NA,NA,NA,NA,NA,NA,NA,NA,NA,NA,NA,NA,NA,NA,NA,NA,NA,NA,NA,NA,NA,NA,NA,NA,28,91,30,"Tampa Bay Buccaneers","REMAINING",NA
"Chris Godwin","WR","TB",NA,0,0,0,NA,0,0,NA,0.44,2.04,NA,0.01,NA,134.78,NA,"53594","FanDuel","13163","NumberFire","WR",100.95,66.04,742.19,NA,NA,4.68,NA,NA,NA,NA,NA,NA,NA,NA,NA,NA,NA,NA,NA,NA,NA,NA,NA,NA,NA,NA,NA,NA,NA,NA,NA,NA,NA,NA,NA,NA,NA,NA,NA,NA,NA,NA,NA,NA,29,94,30,"Tampa Bay Buccaneers","REMAINING",NA
"Matthew Golden","WR","GB",NA,0,0,0,NA,0,0,NA,0.55,2.64,NA,0.02,NA,131.51,NA,"56262","FanDuel","17075","NumberFire","WR",96.45,58.53,734.85,NA,NA,4.78,NA,NA,NA,NA,NA,NA,NA,NA,NA,NA,NA,NA,NA,NA,NA,NA,NA,NA,NA,NA,NA,NA,NA,NA,NA,NA,NA,NA,NA,NA,NA,NA,NA,NA,NA,NA,NA,NA,30,97,12,"Green Bay Packers","REMAINING",NA
"Malik Washington","WR","MIA",NA,0,0,0,NA,0,0,NA,18.37,86.77,NA,0.63,NA,131.36,NA,"56117","FanDuel","16684","NumberFire","WR",99.62,61.68,678.62,NA,NA,3.61,NA,NA,NA,NA,NA,NA,NA,NA,NA,NA,NA,NA,NA,NA,NA,NA,NA,NA,NA,NA,NA,NA,NA,NA,NA,NA,NA,NA,NA,NA,NA,NA,NA,NA,NA,NA,NA,NA,31,98,17,"Miami Dolphins","REMAINING",NA
"D.J. Moore","WR","BUF",NA,0,0,0,NA,0,0,NA,4.4,21.04,NA,0.16,NA,129.49,NA,"53776","FanDuel","13635","NumberFire","WR",92.74,58.82,714.51,NA,NA,4.31,NA,NA,NA,NA,NA,NA,NA,NA,NA,NA,NA,NA,NA,NA,NA,NA,NA,NA,NA,NA,NA,NA,NA,NA,NA,NA,NA,NA,NA,NA,NA,NA,NA,NA,NA,NA,NA,NA,32,101,4,"Buffalo Bills","REMAINING",NA
"KC Concepcion","WR","CLE",NA,0,0,0,NA,0,0,NA,12.66,57.91,NA,0.39,NA,129.01,NA,"56640","FanDuel","17501","NumberFire","WR",94.78,61.87,711.83,NA,NA,3.28,NA,NA,NA,NA,NA,NA,NA,NA,NA,NA,NA,NA,NA,NA,NA,NA,NA,NA,NA,NA,NA,NA,NA,NA,NA,NA,NA,NA,NA,NA,NA,NA,NA,NA,NA,NA,NA,NA,33,102,8,"Cleveland Browns","REMAINING",NA
"D.K. Metcalf","WR","PIT",NA,0,0,0,NA,0,0,NA,0,0,NA,0,NA,127.91,NA,"54159","FanDuel","14102","NumberFire","WR",101.23,55.45,721.63,NA,NA,4.72,NA,NA,NA,NA,NA,NA,NA,NA,NA,NA,NA,NA,NA,NA,NA,NA,NA,NA,NA,NA,NA,NA,NA,NA,NA,NA,NA,NA,NA,NA,NA,NA,NA,NA,NA,NA,NA,NA,34,103,25,"Pittsburgh Steelers","REMAINING",NA
"Michael Wilson","WR","ARI",NA,0,0,0,NA,0,0,NA,0,0,NA,0,NA,127.87,NA,"55649","FanDuel","16206","NumberFire","WR",101,60.45,748.86,NA,NA,3.82,NA,NA,NA,NA,NA,NA,NA,NA,NA,NA,NA,NA,NA,NA,NA,NA,NA,NA,NA,NA,NA,NA,NA,NA,NA,NA,NA,NA,NA,NA,NA,NA,NA,NA,NA,NA,NA,NA,35,104,1,"Arizona Cardinals","REMAINING",NA
"Jameson Williams","WR","DET",NA,0,0,0,NA,0,0,NA,1.13,5.23,NA,0.04,NA,127.69,NA,"55245","FanDuel","15756","NumberFire","WR",83.7,49.08,758.23,NA,NA,4.43,NA,NA,NA,NA,NA,NA,NA,NA,NA,NA,NA,NA,NA,NA,NA,NA,NA,NA,NA,NA,NA,NA,NA,NA,NA,NA,NA,NA,NA,NA,NA,NA,NA,NA,NA,NA,NA,NA,36,105,11,"Detroit Lions","REMAINING",NA
"Jakobi Meyers","WR","JAC",NA,0,0,0,NA,0,0,NA,0.28,1.43,NA,0.01,NA,127.41,NA,"54193","FanDuel","14127","NumberFire","WR",92.25,60.24,741.89,NA,NA,3.82,NA,NA,NA,NA,NA,NA,NA,NA,NA,NA,NA,NA,NA,NA,NA,NA,NA,NA,NA,NA,NA,NA,NA,NA,NA,NA,NA,NA,NA,NA,NA,NA,NA,NA,NA,NA,NA,NA,37,107,15,"Jacksonville Jaguars","REMAINING",NA
"Keenan Allen","WR","IND",NA,0,0,0,NA,0,0,NA,0,0,NA,0,NA,126.71,NA,"52114","FanDuel","11222","NumberFire","WR",104.78,64.11,733.74,NA,NA,3.7,NA,NA,NA,NA,NA,NA,NA,NA,NA,NA,NA,NA,NA,NA,NA,NA,NA,NA,NA,NA,NA,NA,NA,NA,NA,NA,NA,NA,NA,NA,NA,NA,NA,NA,NA,NA,NA,NA,38,108,14,"Indianapolis Colts","REMAINING",NA
"Deebo Samuel","WR","SF",NA,0,0,0,NA,0,0,NA,20.3,98.61,NA,0.96,NA,126.62,NA,"54158","FanDuel","14136","NumberFire","WR",88.77,57.42,611.73,NA,NA,3.86,NA,NA,NA,NA,NA,NA,NA,NA,NA,NA,NA,NA,NA,NA,NA,NA,NA,NA,NA,NA,NA,NA,NA,NA,NA,NA,NA,NA,NA,NA,NA,NA,NA,NA,NA,NA,NA,NA,39,109,27,"San Francisco 49ers","REMAINING",NA
"Luther Burden III","WR","CHI",NA,0,0,0,NA,0,0,NA,8.34,38.74,NA,0.33,NA,120.21,NA,"56269","FanDuel","17070","NumberFire","WR",86.09,50.98,655.66,NA,NA,3.95,NA,NA,NA,NA,NA,NA,NA,NA,NA,NA,NA,NA,NA,NA,NA,NA,NA,NA,NA,NA,NA,NA,NA,NA,NA,NA,NA,NA,NA,NA,NA,NA,NA,NA,NA,NA,NA,NA,40,114,6,"Chicago Bears","REMAINING",NA
"Michael Pittman Jr.","WR","PIT",NA,0,0,0,NA,0,0,NA,0,0,NA,0,NA,116.65,NA,"54524","FanDuel","14842","NumberFire","WR",96.66,62.86,660.83,NA,NA,3.24,NA,NA,NA,NA,NA,NA,NA,NA,NA,NA,NA,NA,NA,NA,NA,NA,NA,NA,NA,NA,NA,NA,NA,NA,NA,NA,NA,NA,NA,NA,NA,NA,NA,NA,NA,NA,NA,NA,41,118,25,"Pittsburgh Steelers","REMAINING",NA
"Quentin Johnston","WR","LAC",NA,0,0,0,NA,0,0,NA,0.2,0.88,NA,0.01,NA,116.3,NA,"55579","FanDuel","16188","NumberFire","WR",91.57,52.62,662.46,NA,NA,3.94,NA,NA,NA,NA,NA,NA,NA,NA,NA,NA,NA,NA,NA,NA,NA,NA,NA,NA,NA,NA,NA,NA,NA,NA,NA,NA,NA,NA,NA,NA,NA,NA,NA,NA,NA,NA,NA,NA,42,119,34,"Los Angeles Chargers","REMAINING",NA
"Wan'Dale Robinson","WR","TEN",NA,0,0,0,NA,0,0,NA,3.66,16.87,NA,0.14,NA,115.64,NA,"55262","FanDuel","15757","NumberFire","WR",101.19,61.14,643.43,NA,NA,3.04,NA,NA,NA,NA,NA,NA,NA,NA,NA,NA,NA,NA,NA,NA,NA,NA,NA,NA,NA,NA,NA,NA,NA,NA,NA,NA,NA,NA,NA,NA,NA,NA,NA,NA,NA,NA,NA,NA,43,120,31,"Tennessee Titans","REMAINING",NA
"Brian Thomas Jr.","WR","JAC",NA,0,0,0,NA,0,0,NA,0,0,NA,0,NA,114.94,NA,"55916","FanDuel","16618","NumberFire","WR",81,48.53,667.53,NA,NA,3.99,NA,NA,NA,NA,NA,NA,NA,NA,NA,NA,NA,NA,NA,NA,NA,NA,NA,NA,NA,NA,NA,NA,NA,NA,NA,NA,NA,NA,NA,NA,NA,NA,NA,NA,NA,NA,NA,NA,44,121,15,"Jacksonville Jaguars","REMAINING",NA
"Courtland Sutton","WR","DEN",NA,0,0,0,NA,0,0,NA,0,0,NA,0,NA,109.58,NA,"53781","FanDuel","13630","NumberFire","WR",87.08,50.01,614.72,NA,NA,3.9,NA,NA,NA,NA,NA,NA,NA,NA,NA,NA,NA,NA,NA,NA,NA,NA,NA,NA,NA,NA,NA,NA,NA,NA,NA,NA,NA,NA,NA,NA,NA,NA,NA,NA,NA,NA,NA,NA,45,126,10,"Denver Broncos","REMAINING",NA
"Xavier Worthy","WR","KC",NA,0,0,0,NA,0,0,NA,0.27,1.19,NA,0.01,NA,109.29,NA,"55917","FanDuel","16620","NumberFire","WR",89.69,51.13,580.43,NA,NA,4.25,NA,NA,NA,NA,NA,NA,NA,NA,NA,NA,NA,NA,NA,NA,NA,NA,NA,NA,NA,NA,NA,NA,NA,NA,NA,NA,NA,NA,NA,NA,NA,NA,NA,NA,NA,NA,NA,NA,46,127,16,"Kansas City Chiefs","REMAINING",NA
"Xavier Hutchinson","WR","HOU",NA,0,0,0,NA,0,0,NA,16,75.04,NA,0.58,NA,108.85,NA,"55693","FanDuel","16201","NumberFire","WR",83.56,46.44,569.42,NA,NA,3,NA,NA,NA,NA,NA,NA,NA,NA,NA,NA,NA,NA,NA,NA,NA,NA,NA,NA,NA,NA,NA,NA,NA,NA,NA,NA,NA,NA,NA,NA,NA,NA,NA,NA,NA,NA,NA,NA,47,128,13,"Houston Texans","REMAINING",NA
"Carnell Tate","WR","TEN",NA,0,0,0,NA,0,0,NA,0,0,NA,0,NA,108.57,NA,"56627","FanDuel","17497","NumberFire","WR",92.17,53.18,626.61,NA,NA,3.27,NA,NA,NA,NA,NA,NA,NA,NA,NA,NA,NA,NA,NA,NA,NA,NA,NA,NA,NA,NA,NA,NA,NA,NA,NA,NA,NA,NA,NA,NA,NA,NA,NA,NA,NA,NA,NA,NA,48,129,31,"Tennessee Titans","REMAINING",NA
"Cooper Kupp","WR","SEA",NA,0,0,0,NA,0,0,NA,0,0,NA,0,NA,108.4,NA,"53448","FanDuel","13164","NumberFire","WR",77.83,48.07,606.06,NA,NA,4.05,NA,NA,NA,NA,NA,NA,NA,NA,NA,NA,NA,NA,NA,NA,NA,NA,NA,NA,NA,NA,NA,NA,NA,NA,NA,NA,NA,NA,NA,NA,NA,NA,NA,NA,NA,NA,NA,NA,49,130,28,"Seattle Seahawks","REMAINING",NA
"Romeo Doubs","WR","NE",NA,0,0,0,NA,0,0,NA,0,0,NA,0,NA,107.95,NA,"55278","FanDuel","15779","NumberFire","WR",72.54,45.99,641.78,NA,NA,3.62,NA,NA,NA,NA,NA,NA,NA,NA,NA,NA,NA,NA,NA,NA,NA,NA,NA,NA,NA,NA,NA,NA,NA,NA,NA,NA,NA,NA,NA,NA,NA,NA,NA,NA,NA,NA,NA,NA,50,132,19,"New England Patriots","REMAINING",NA
"Mack Hollins","WR","NE",NA,0,0,0,NA,0,0,NA,0,0,NA,0,NA,106.81,NA,"53538","FanDuel","13289","NumberFire","WR",75.45,48.67,618.95,NA,NA,3.48,NA,NA,NA,NA,NA,NA,NA,NA,NA,NA,NA,NA,NA,NA,NA,NA,NA,NA,NA,NA,NA,NA,NA,NA,NA,NA,NA,NA,NA,NA,NA,NA,NA,NA,NA,NA,NA,NA,51,133,19,"New England Patriots","REMAINING",NA
"Rome Odunze","WR","CHI",NA,0,0,0,NA,0,0,NA,0,0,NA,0,NA,104.82,NA,"55911","FanDuel","16616","NumberFire","WR",85.75,43.94,594.1,NA,NA,3.96,NA,NA,NA,NA,NA,NA,NA,NA,NA,NA,NA,NA,NA,NA,NA,NA,NA,NA,NA,NA,NA,NA,NA,NA,NA,NA,NA,NA,NA,NA,NA,NA,NA,NA,NA,NA,NA,NA,52,137,6,"Chicago Bears","REMAINING",NA
"Rashid Shaheed","WR","SEA",NA,0,0,0,NA,0,0,NA,15.99,74.44,NA,0.55,NA,101.68,NA,"55472","FanDuel","16080","NumberFire","WR",68.5,40.14,535.02,NA,NA,3.18,NA,NA,NA,NA,NA,NA,NA,NA,NA,NA,NA,NA,NA,NA,NA,NA,NA,NA,NA,NA,NA,NA,NA,NA,NA,NA,NA,NA,NA,NA,NA,NA,NA,NA,NA,NA,NA,NA,53,140,28,"Seattle Seahawks","REMAINING",NA
"Rashod Bateman","WR","BAL",NA,0,0,0,NA,0,0,NA,0,0,NA,0,NA,100.94,NA,"54860","FanDuel","15293","NumberFire","WR",68.28,39.27,581.43,NA,NA,3.86,NA,NA,NA,NA,NA,NA,NA,NA,NA,NA,NA,NA,NA,NA,NA,NA,NA,NA,NA,NA,NA,NA,NA,NA,NA,NA,NA,NA,NA,NA,NA,NA,NA,NA,NA,NA,NA,NA,54,141,3,"Baltimore Ravens","REMAINING",NA
"Dontayvion Wicks","WR","PHI",NA,0,0,0,NA,0,0,NA,0,0.01,NA,0,NA,99.04,NA,"55705","FanDuel","16195","NumberFire","WR",80.58,46.74,555.47,NA,NA,3.45,NA,NA,NA,NA,NA,NA,NA,NA,NA,NA,NA,NA,NA,NA,NA,NA,NA,NA,NA,NA,NA,NA,NA,NA,NA,NA,NA,NA,NA,NA,NA,NA,NA,NA,NA,NA,NA,NA,55,144,24,"Philadelphia Eagles","REMAINING",NA
"Makai Lemon","WR","PHI",NA,0,0,0,NA,0,0,NA,0.59,2.88,NA,0.02,NA,98.44,NA,"56637","FanDuel","17499","NumberFire","WR",76.83,45.95,561.6,NA,NA,3.2,NA,NA,NA,NA,NA,NA,NA,NA,NA,NA,NA,NA,NA,NA,NA,NA,NA,NA,NA,NA,NA,NA,NA,NA,NA,NA,NA,NA,NA,NA,NA,NA,NA,NA,NA,NA,NA,NA,56,145,24,"Philadelphia Eagles","REMAINING",NA
"Jalen McMillan","WR","TB",NA,0,0,0,NA,0,0,NA,0.11,0.53,NA,0,NA,97.01,NA,"55980","FanDuel","16628","NumberFire","WR",71.03,42.95,532.26,NA,NA,3.71,NA,NA,NA,NA,NA,NA,NA,NA,NA,NA,NA,NA,NA,NA,NA,NA,NA,NA,NA,NA,NA,NA,NA,NA,NA,NA,NA,NA,NA,NA,NA,NA,NA,NA,NA,NA,NA,NA,57,148,30,"Tampa Bay Buccaneers","REMAINING",NA
"Denzel Boston","WR","CLE",NA,0,0,0,NA,0,0,NA,0,0,NA,0,NA,96.46,NA,"56657","FanDuel","17500","NumberFire","WR",72.45,46.67,579.43,NA,NA,2.58,NA,NA,NA,NA,NA,NA,NA,NA,NA,NA,NA,NA,NA,NA,NA,NA,NA,NA,NA,NA,NA,NA,NA,NA,NA,NA,NA,NA,NA,NA,NA,NA,NA,NA,NA,NA,NA,NA,58,150,8,"Cleveland Browns","REMAINING",NA
"A.J. Brown","WR","NE",NA,0,0,0,NA,0,0,NA,0,0,NA,0,NA,94.95,NA,"54161","FanDuel","14104","NumberFire","WR",60.5,40.86,540.42,NA,NA,3.46,NA,NA,NA,NA,NA,NA,NA,NA,NA,NA,NA,NA,NA,NA,NA,NA,NA,NA,NA,NA,NA,NA,NA,NA,NA,NA,NA,NA,NA,NA,NA,NA,NA,NA,NA,NA,NA,NA,59,151,19,"New England Patriots","REMAINING",NA
"Marvin Harrison Jr.","WR","ARI",NA,0,0,0,NA,0,0,NA,0,0,NA,0,NA,94.42,NA,"55906","FanDuel","16614","NumberFire","WR",75.46,41.58,562.14,NA,NA,2.93,NA,NA,NA,NA,NA,NA,NA,NA,NA,NA,NA,NA,NA,NA,NA,NA,NA,NA,NA,NA,NA,NA,NA,NA,NA,NA,NA,NA,NA,NA,NA,NA,NA,NA,NA,NA,NA,NA,60,152,1,"Arizona Cardinals","REMAINING",NA
"Kalif Raymond","WR","CHI",NA,0,0,0,NA,0,0,NA,0,0,NA,0,NA,93.81,NA,"53362","FanDuel","13066","NumberFire","WR",68.83,43.8,544.48,NA,NA,3.01,NA,NA,NA,NA,NA,NA,NA,NA,NA,NA,NA,NA,NA,NA,NA,NA,NA,NA,NA,NA,NA,NA,NA,NA,NA,NA,NA,NA,NA,NA,NA,NA,NA,NA,NA,NA,NA,NA,61,154,6,"Chicago Bears","REMAINING",NA
"Demario Douglas","WR","NE",NA,0,0,0,NA,0,0,NA,0,0,NA,0,NA,92.8,NA,"55684","FanDuel","16342","NumberFire","WR",65.77,44.96,537.2,NA,NA,2.87,NA,NA,NA,NA,NA,NA,NA,NA,NA,NA,NA,NA,NA,NA,NA,NA,NA,NA,NA,NA,NA,NA,NA,NA,NA,NA,NA,NA,NA,NA,NA,NA,NA,NA,NA,NA,NA,NA,62,155,19,"New England Patriots","REMAINING",NA
"Devaughn Vele","WR","NO",NA,0,0,0,NA,0,0,NA,0,0,NA,0,NA,92.34,NA,"56005","FanDuel","16788","NumberFire","WR",66.86,42.14,521.34,NA,NA,3.19,NA,NA,NA,NA,NA,NA,NA,NA,NA,NA,NA,NA,NA,NA,NA,NA,NA,NA,NA,NA,NA,NA,NA,NA,NA,NA,NA,NA,NA,NA,NA,NA,NA,NA,NA,NA,NA,NA,63,156,20,"New Orleans Saints","REMAINING",NA
"Kayshon Boutte","WR","HOU",NA,0,0,0,NA,0,0,NA,0,0,NA,0,NA,91.45,NA,"55686","FanDuel","16193","NumberFire","WR",64.6,39.52,563.52,NA,NA,2.56,NA,NA,NA,NA,NA,NA,NA,NA,NA,NA,NA,NA,NA,NA,NA,NA,NA,NA,NA,NA,NA,NA,NA,NA,NA,NA,NA,NA,NA,NA,NA,NA,NA,NA,NA,NA,NA,NA,64,160,13,"Houston Texans","REMAINING",NA
"Ryan Flournoy","WR","DAL",NA,0,0,0,NA,0,0,NA,0,0,NA,0,NA,90.71,NA,"56139","FanDuel","16778","NumberFire","WR",66.66,42.78,485.65,NA,NA,3.51,NA,NA,NA,NA,NA,NA,NA,NA,NA,NA,NA,NA,NA,NA,NA,NA,NA,NA,NA,NA,NA,NA,NA,NA,NA,NA,NA,NA,NA,NA,NA,NA,NA,NA,NA,NA,NA,NA,65,162,9,"Dallas Cowboys","REMAINING",NA
"Calvin Ridley","WR","TEN",NA,0,0,0,NA,0,0,NA,0,0,NA,0,NA,89.9,NA,"53772","FanDuel","13629","NumberFire","WR",74.81,37.91,536.69,NA,NA,2.91,NA,NA,NA,NA,NA,NA,NA,NA,NA,NA,NA,NA,NA,NA,NA,NA,NA,NA,NA,NA,NA,NA,NA,NA,NA,NA,NA,NA,NA,NA,NA,NA,NA,NA,NA,NA,NA,NA,66,163,31,"Tennessee Titans","REMAINING",NA
"Demarcus Robinson","WR","SF",NA,0,0,0,NA,0,0,NA,0,0,NA,0,NA,88.58,NA,"53230","FanDuel","12785","NumberFire","WR",61.64,38.23,516.22,NA,NA,3.12,NA,NA,NA,NA,NA,NA,NA,NA,NA,NA,NA,NA,NA,NA,NA,NA,NA,NA,NA,NA,NA,NA,NA,NA,NA,NA,NA,NA,NA,NA,NA,NA,NA,NA,NA,NA,NA,NA,67,165,27,"San Francisco 49ers","REMAINING",NA
"Jauan Jennings","WR","MIN",NA,0,0,0,NA,0,0,NA,0,0,NA,0,NA,83.02,NA,"54987","FanDuel","14860","NumberFire","WR",63.06,40.54,429.5,NA,NA,3.4,NA,NA,NA,NA,NA,NA,NA,NA,NA,NA,NA,NA,NA,NA,NA,NA,NA,NA,NA,NA,NA,NA,NA,NA,NA,NA,NA,NA,NA,NA,NA,NA,NA,NA,NA,NA,NA,NA,68,169,18,"Minnesota Vikings","REMAINING",NA
"Antonio Williams","WR","WSH",NA,0,0,0,NA,0,0,NA,0,0,NA,0,NA,81.21,NA,"56686","FanDuel","17512","NumberFire","WR",65.02,37.24,450.66,NA,NA,2.92,NA,NA,NA,NA,NA,NA,NA,NA,NA,NA,NA,NA,NA,NA,NA,NA,NA,NA,NA,NA,NA,NA,NA,NA,NA,NA,NA,NA,NA,NA,NA,NA,NA,NA,NA,NA,NA,NA,69,170,32,"Washington Commanders","REMAINING",NA
"Jerry Jeudy","WR","CLE",NA,0,0,0,NA,0,0,NA,0,0,NA,0,NA,79.76,NA,"54518","FanDuel","14833","NumberFire","WR",70.87,40.75,474.42,NA,NA,1.99,NA,NA,NA,NA,NA,NA,NA,NA,NA,NA,NA,NA,NA,NA,NA,NA,NA,NA,NA,NA,NA,NA,NA,NA,NA,NA,NA,NA,NA,NA,NA,NA,NA,NA,NA,NA,NA,NA,70,175,8,"Cleveland Browns","REMAINING",NA
"Tre Tucker","WR","LV",NA,0,0,0,NA,0,0,NA,3.7,16.91,NA,0.16,NA,79.28,NA,"55732","FanDuel","16287","NumberFire","WR",85.33,34.46,423.03,NA,NA,2.8,NA,NA,NA,NA,NA,NA,NA,NA,NA,NA,NA,NA,NA,NA,NA,NA,NA,NA,NA,NA,NA,NA,NA,NA,NA,NA,NA,NA,NA,NA,NA,NA,NA,NA,NA,NA,NA,NA,71,176,35,"Las Vegas Raiders","REMAINING",NA
"Tre Harris","WR","LAC",NA,0,0,0,NA,0,0,NA,0.02,0.08,NA,0,NA,77.3,NA,"56287","FanDuel","17072","NumberFire","WR",59.92,36.76,447.55,NA,NA,2.36,NA,NA,NA,NA,NA,NA,NA,NA,NA,NA,NA,NA,NA,NA,NA,NA,NA,NA,NA,NA,NA,NA,NA,NA,NA,NA,NA,NA,NA,NA,NA,NA,NA,NA,NA,NA,NA,NA,72,178,34,"Los Angeles Chargers","REMAINING",NA
"Jalen Coker","WR","CAR",NA,0,0,0,NA,0,0,NA,0,0,NA,0,NA,72.76,NA,"56109","FanDuel","16809","NumberFire","WR",53.26,34.65,420.37,NA,NA,2.29,NA,NA,NA,NA,NA,NA,NA,NA,NA,NA,NA,NA,NA,NA,NA,NA,NA,NA,NA,NA,NA,NA,NA,NA,NA,NA,NA,NA,NA,NA,NA,NA,NA,NA,NA,NA,NA,NA,73,184,5,"Carolina Panthers","REMAINING",NA
"Keon Coleman","WR","BUF",NA,0,0,0,NA,0,0,NA,0,0,NA,0,NA,72.49,NA,"55908","FanDuel","16617","NumberFire","WR",51.34,31.02,417.99,NA,NA,2.58,NA,NA,NA,NA,NA,NA,NA,NA,NA,NA,NA,NA,NA,NA,NA,NA,NA,NA,NA,NA,NA,NA,NA,NA,NA,NA,NA,NA,NA,NA,NA,NA,NA,NA,NA,NA,NA,NA,74,185,4,"Buffalo Bills","REMAINING",NA
"Jalen Nailor","WR","LV",NA,0,0,0,NA,0,0,NA,0,0,NA,0,NA,72.27,NA,"55424","FanDuel","15786","NumberFire","WR",73.96,30.39,413.56,NA,NA,2.62,NA,NA,NA,NA,NA,NA,NA,NA,NA,NA,NA,NA,NA,NA,NA,NA,NA,NA,NA,NA,NA,NA,NA,NA,NA,NA,NA,NA,NA,NA,NA,NA,NA,NA,NA,NA,NA,NA,75,186,35,"Las Vegas Raiders","REMAINING",NA
"John Metchie III","WR","CAR",NA,0,0,0,NA,0,0,NA,1.98,8.68,NA,0.07,NA,69.37,NA,"55250","FanDuel","15759","NumberFire","WR",60.44,36.21,360.79,NA,NA,2.37,NA,NA,NA,NA,NA,NA,NA,NA,NA,NA,NA,NA,NA,NA,NA,NA,NA,NA,NA,NA,NA,NA,NA,NA,NA,NA,NA,NA,NA,NA,NA,NA,NA,NA,NA,NA,NA,NA,76,188,5,"Carolina Panthers","REMAINING",NA
"Chris Bell","WR","MIA",NA,0,0,0,NA,0,0,NA,0,0,NA,0,NA,67.8,NA,"56670","FanDuel","17506","NumberFire","WR",50.74,28.98,424.51,NA,NA,1.86,NA,NA,NA,NA,NA,NA,NA,NA,NA,NA,NA,NA,NA,NA,NA,NA,NA,NA,NA,NA,NA,NA,NA,NA,NA,NA,NA,NA,NA,NA,NA,NA,NA,NA,NA,NA,NA,NA,77,189,17,"Miami Dolphins","REMAINING",NA
"Jared Wayne","WR","HOU",NA,0,0,0,NA,0,0,NA,0,0,NA,0,NA,67.23,NA,"56244","FanDuel","17011","NumberFire","WR",53.64,31,400.28,NA,NA,2,NA,NA,NA,NA,NA,NA,NA,NA,NA,NA,NA,NA,NA,NA,NA,NA,NA,NA,NA,NA,NA,NA,NA,NA,NA,NA,NA,NA,NA,NA,NA,NA,NA,NA,NA,NA,NA,NA,78,190,13,"Houston Texans","REMAINING",NA
"Malachi Fields","WR","NYG",NA,0,0,0,NA,0,0,NA,0,0,NA,0,NA,66.14,NA,"56675","FanDuel","17511","NumberFire","WR",51.37,29.42,400.74,NA,NA,1.94,NA,NA,NA,NA,NA,NA,NA,NA,NA,NA,NA,NA,NA,NA,NA,NA,NA,NA,NA,NA,NA,NA,NA,NA,NA,NA,NA,NA,NA,NA,NA,NA,NA,NA,NA,NA,NA,NA,79,191,21,"New York Giants","REMAINING",NA
"Troy Franklin","WR","DEN",NA,0,0,0,NA,0,0,NA,3.77,16.99,NA,0.14,NA,65.47,NA,"56064","FanDuel","16619","NumberFire","WR",54.47,31.67,337.17,NA,NA,2.27,NA,NA,NA,NA,NA,NA,NA,NA,NA,NA,NA,NA,NA,NA,NA,NA,NA,NA,NA,NA,NA,NA,NA,NA,NA,NA,NA,NA,NA,NA,NA,NA,NA,NA,NA,NA,NA,NA,80,194,10,"Denver Broncos","REMAINING",NA
"Darnell Mooney","WR","NYG",NA,0,0,0,NA,0,0,NA,3.84,17.54,NA,0.14,NA,64.59,NA,"54612","FanDuel","14974","NumberFire","WR",50.45,26.41,394.34,NA,NA,1.61,NA,NA,NA,NA,NA,NA,NA,NA,NA,NA,NA,NA,NA,NA,NA,NA,NA,NA,NA,NA,NA,NA,NA,NA,NA,NA,NA,NA,NA,NA,NA,NA,NA,NA,NA,NA,NA,NA,81,197,21,"New York Giants","REMAINING",NA
"Germie Bernard","WR","PIT",NA,0,0,0,NA,0,0,NA,0,0,NA,0,NA,64.5,NA,"56678","FanDuel","17503","NumberFire","WR",53.56,30.63,370.04,NA,NA,2.08,NA,NA,NA,NA,NA,NA,NA,NA,NA,NA,NA,NA,NA,NA,NA,NA,NA,NA,NA,NA,NA,NA,NA,NA,NA,NA,NA,NA,NA,NA,NA,NA,NA,NA,NA,NA,NA,NA,82,198,25,"Pittsburgh Steelers","REMAINING",NA
"Jaylin Noel","WR","HOU",NA,0,0,0,NA,0,0,NA,12.01,55.69,NA,0.41,NA,64.24,NA,"56308","FanDuel","17080","NumberFire","WR",42.29,26.01,338.26,NA,NA,1.61,NA,NA,NA,NA,NA,NA,NA,NA,NA,NA,NA,NA,NA,NA,NA,NA,NA,NA,NA,NA,NA,NA,NA,NA,NA,NA,NA,NA,NA,NA,NA,NA,NA,NA,NA,NA,NA,NA,83,200,13,"Houston Texans","REMAINING",NA
"Adonai Mitchell","WR","NYJ",NA,0,0,0,NA,0,0,NA,0,0,NA,0,NA,63.81,NA,"55915","FanDuel","16626","NumberFire","WR",54.25,29.28,381.68,NA,NA,1.93,NA,NA,NA,NA,NA,NA,NA,NA,NA,NA,NA,NA,NA,NA,NA,NA,NA,NA,NA,NA,NA,NA,NA,NA,NA,NA,NA,NA,NA,NA,NA,NA,NA,NA,NA,NA,NA,NA,84,202,22,"New York Jets","REMAINING",NA
"Omar Cooper","WR","NYJ",NA,0,0,0,NA,0,0,NA,0,0,NA,0,NA,60.23,NA,"56644","FanDuel","17502","NumberFire","WR",47.76,29.31,356.73,NA,NA,1.65,NA,NA,NA,NA,NA,NA,NA,NA,NA,NA,NA,NA,NA,NA,NA,NA,NA,NA,NA,NA,NA,NA,NA,NA,NA,NA,NA,NA,NA,NA,NA,NA,NA,NA,NA,NA,NA,NA,85,207,22,"New York Jets","REMAINING",NA
"Isaac TeSlaa","WR","DET",NA,0,0,0,NA,0,0,NA,0,0,NA,0,NA,60.2,NA,"56307","FanDuel","17157","NumberFire","WR",42.88,25.84,337.58,NA,NA,2.3,NA,NA,NA,NA,NA,NA,NA,NA,NA,NA,NA,NA,NA,NA,NA,NA,NA,NA,NA,NA,NA,NA,NA,NA,NA,NA,NA,NA,NA,NA,NA,NA,NA,NA,NA,NA,NA,NA,86,208,11,"Detroit Lions","REMAINING",NA
"Kevin Coleman","WR","MIA",NA,0,0,0,NA,0,0,NA,0,0,NA,0,NA,58.96,NA,"56671","FanDuel","17528","NumberFire","WR",44.92,26.24,369.65,NA,NA,1.53,NA,NA,NA,NA,NA,NA,NA,NA,NA,NA,NA,NA,NA,NA,NA,NA,NA,NA,NA,NA,NA,NA,NA,NA,NA,NA,NA,NA,NA,NA,NA,NA,NA,NA,NA,NA,NA,NA,87,212,17,"Miami Dolphins","REMAINING",NA
"Olamide Zaccheaus","WR","ATL",NA,0,0,0,NA,0,0,NA,0,0,NA,0,NA,58.9,NA,"54379","FanDuel","14592","NumberFire","WR",49.87,29.56,323.64,NA,NA,2.06,NA,NA,NA,NA,NA,NA,NA,NA,NA,NA,NA,NA,NA,NA,NA,NA,NA,NA,NA,NA,NA,NA,NA,NA,NA,NA,NA,NA,NA,NA,NA,NA,NA,NA,NA,NA,NA,NA,88,213,2,"Atlanta Falcons","REMAINING",NA
"Kendrick Bourne","WR","ARI",NA,0,0,0,NA,0,0,NA,0,0,NA,0,NA,57.38,NA,"53674","FanDuel","13418","NumberFire","WR",42.89,28.76,344.44,NA,NA,1.53,NA,NA,NA,NA,NA,NA,NA,NA,NA,NA,NA,NA,NA,NA,NA,NA,NA,NA,NA,NA,NA,NA,NA,NA,NA,NA,NA,NA,NA,NA,NA,NA,NA,NA,NA,NA,NA,NA,89,217,1,"Arizona Cardinals","REMAINING",NA
"Pat Bryant","WR","DEN",NA,0,0,0,NA,0,0,NA,4.39,20.12,NA,0.16,NA,56.9,NA,"56357","FanDuel","17082","NumberFire","WR",42.28,25.63,301.16,NA,NA,1.88,NA,NA,NA,NA,NA,NA,NA,NA,NA,NA,NA,NA,NA,NA,NA,NA,NA,NA,NA,NA,NA,NA,NA,NA,NA,NA,NA,NA,NA,NA,NA,NA,NA,NA,NA,NA,NA,NA,90,218,10,"Denver Broncos","REMAINING",NA
"Laquon Treadwell","WR","IND",NA,0,0,0,NA,0,0,NA,0,0,NA,0,NA,55.63,NA,"53069","FanDuel","12645","NumberFire","WR",42.12,25.38,343.43,NA,NA,1.48,NA,NA,NA,NA,NA,NA,NA,NA,NA,NA,NA,NA,NA,NA,NA,NA,NA,NA,NA,NA,NA,NA,NA,NA,NA,NA,NA,NA,NA,NA,NA,NA,NA,NA,NA,NA,NA,NA,91,221,14,"Indianapolis Colts","REMAINING",NA
"Jahan Dotson","WR","ATL",NA,0,0,0,NA,0,0,NA,0,0,NA,0,NA,51.58,NA,"55244","FanDuel","15755","NumberFire","WR",42.44,23.56,291.21,NA,NA,1.78,NA,NA,NA,NA,NA,NA,NA,NA,NA,NA,NA,NA,NA,NA,NA,NA,NA,NA,NA,NA,NA,NA,NA,NA,NA,NA,NA,NA,NA,NA,NA,NA,NA,NA,NA,NA,NA,NA,92,225,2,"Atlanta Falcons","REMAINING",NA
"Ryan Miller","WR","MIA",NA,0,0,0,NA,0,0,NA,3.54,16.49,NA,0.14,NA,50.2,NA,"56140","FanDuel","16958","NumberFire","WR",34.83,19.97,299.63,NA,NA,1.34,NA,NA,NA,NA,NA,NA,NA,NA,NA,NA,NA,NA,NA,NA,NA,NA,NA,NA,NA,NA,NA,NA,NA,NA,NA,NA,NA,NA,NA,NA,NA,NA,NA,NA,NA,NA,NA,NA,93,226,17,"Miami Dolphins","REMAINING",NA
"Kyle Williams","WR","NE",NA,0,0,0,NA,0,0,NA,0,0,NA,0,NA,49.59,NA,"56374","FanDuel","17134","NumberFire","WR",34.33,21.03,295.33,NA,NA,1.64,NA,NA,NA,NA,NA,NA,NA,NA,NA,NA,NA,NA,NA,NA,NA,NA,NA,NA,NA,NA,NA,NA,NA,NA,NA,NA,NA,NA,NA,NA,NA,NA,NA,NA,NA,NA,NA,NA,94,229,19,"New England Patriots","REMAINING",NA
"Tyquan Thornton","WR","KC",NA,0,0,0,NA,0,0,NA,0,0,NA,0,NA,49.47,NA,"55438","FanDuel","15787","NumberFire","WR",37.29,20.76,286.45,NA,NA,1.79,NA,NA,NA,NA,NA,NA,NA,NA,NA,NA,NA,NA,NA,NA,NA,NA,NA,NA,NA,NA,NA,NA,NA,NA,NA,NA,NA,NA,NA,NA,NA,NA,NA,NA,NA,NA,NA,NA,95,230,16,"Kansas City Chiefs","REMAINING",NA
"David Moore","WR","CAR",NA,0,0,0,NA,0,0,NA,0,0,NA,0,NA,48.26,NA,"53884","FanDuel","13348","NumberFire","WR",39.45,22.89,274.71,NA,NA,1.67,NA,NA,NA,NA,NA,NA,NA,NA,NA,NA,NA,NA,NA,NA,NA,NA,NA,NA,NA,NA,NA,NA,NA,NA,NA,NA,NA,NA,NA,NA,NA,NA,NA,NA,NA,NA,NA,NA,96,234,5,"Carolina Panthers","REMAINING",NA
"Dyami Brown","WR","WSH",NA,0,0,0,NA,0,0,NA,0.07,0.28,NA,0,NA,46.05,NA,"54897","FanDuel","15292","NumberFire","WR",41.19,21.56,254.23,NA,NA,1.72,NA,NA,NA,NA,NA,NA,NA,NA,NA,NA,NA,NA,NA,NA,NA,NA,NA,NA,NA,NA,NA,NA,NA,NA,NA,NA,NA,NA,NA,NA,NA,NA,NA,NA,NA,NA,NA,NA,97,239,32,"Washington Commanders","REMAINING",NA
"Dohnte Meyers","WR","CIN",NA,0,0,0,NA,0,0,NA,0,0,NA,0,NA,45.89,NA,"56699","FanDuel","17752","NumberFire","WR",34.56,21.06,251.21,NA,NA,1.8,NA,NA,NA,NA,NA,NA,NA,NA,NA,NA,NA,NA,NA,NA,NA,NA,NA,NA,NA,NA,NA,NA,NA,NA,NA,NA,NA,NA,NA,NA,NA,NA,NA,NA,NA,NA,NA,NA,98,240,7,"Cincinnati Bengals","REMAINING",NA
"Jack Bech","WR","LV",NA,0,0,0,NA,0,0,NA,0,0,NA,0,NA,45.41,NA,"56314","FanDuel","17078","NumberFire","WR",50.1,21.24,253.7,NA,NA,1.62,NA,NA,NA,NA,NA,NA,NA,NA,NA,NA,NA,NA,NA,NA,NA,NA,NA,NA,NA,NA,NA,NA,NA,NA,NA,NA,NA,NA,NA,NA,NA,NA,NA,NA,NA,NA,NA,NA,99,241,35,"Las Vegas Raiders","REMAINING",NA
"Bryce Lance","WR","NO",NA,0,0,0,NA,0,0,NA,0,0,NA,0,NA,45.31,NA,"56674","FanDuel","17519","NumberFire","WR",32.56,19.93,263.81,NA,NA,1.54,NA,NA,NA,NA,NA,NA,NA,NA,NA,NA,NA,NA,NA,NA,NA,NA,NA,NA,NA,NA,NA,NA,NA,NA,NA,NA,NA,NA,NA,NA,NA,NA,NA,NA,NA,NA,NA,NA,100,242,20,"New Orleans Saints","REMAINING",NA
"LaJohntay Wester","WR","BAL",NA,0,0,0,NA,0,0,NA,0,0,NA,0,NA,44.72,NA,"56329","FanDuel","17232","NumberFire","WR",33.47,19.54,254.65,NA,NA,1.63,NA,NA,NA,NA,NA,NA,NA,NA,NA,NA,NA,NA,NA,NA,NA,NA,NA,NA,NA,NA,NA,NA,NA,NA,NA,NA,NA,NA,NA,NA,NA,NA,NA,NA,NA,NA,NA,NA,101,245,3,"Baltimore Ravens","REMAINING",NA
"Jahdae Walker","WR","CHI",NA,0,0,0,NA,0,0,NA,0,0,NA,0,NA,44.54,NA,"56427","FanDuel","17353","NumberFire","WR",36.02,19.56,245.44,NA,NA,1.75,NA,NA,NA,NA,NA,NA,NA,NA,NA,NA,NA,NA,NA,NA,NA,NA,NA,NA,NA,NA,NA,NA,NA,NA,NA,NA,NA,NA,NA,NA,NA,NA,NA,NA,NA,NA,NA,NA,102,246,6,"Chicago Bears","REMAINING",NA
"Elic Ayomanor","WR","TEN",NA,0,0,0,NA,0,0,NA,0,0,NA,0,NA,43.67,NA,"56302","FanDuel","17073","NumberFire","WR",40.71,20.73,251.25,NA,NA,1.41,NA,NA,NA,NA,NA,NA,NA,NA,NA,NA,NA,NA,NA,NA,NA,NA,NA,NA,NA,NA,NA,NA,NA,NA,NA,NA,NA,NA,NA,NA,NA,NA,NA,NA,NA,NA,NA,NA,103,248,31,"Tennessee Titans","REMAINING",NA
"KaVontae Turpin","WR","DAL",NA,0,0,0,NA,0,0,NA,11.73,55.02,NA,0.46,NA,43.42,NA,"55345","FanDuel","15981","NumberFire","WR",26.51,16.39,204.26,NA,NA,1.29,NA,NA,NA,NA,NA,NA,NA,NA,NA,NA,NA,NA,NA,NA,NA,NA,NA,NA,NA,NA,NA,NA,NA,NA,NA,NA,NA,NA,NA,NA,NA,NA,NA,NA,NA,NA,NA,NA,104,249,9,"Dallas Cowboys","REMAINING",NA
"Brycen Tremayne","WR","CAR",NA,0,0,0,NA,0,0,NA,0,0,NA,0,NA,42.29,NA,"56119","FanDuel","16949","NumberFire","WR",34.5,20.62,239.85,NA,NA,1.38,NA,NA,NA,NA,NA,NA,NA,NA,NA,NA,NA,NA,NA,NA,NA,NA,NA,NA,NA,NA,NA,NA,NA,NA,NA,NA,NA,NA,NA,NA,NA,NA,NA,NA,NA,NA,NA,NA,105,250,5,"Carolina Panthers","REMAINING",NA
"Ted Hurst","WR","TB",NA,0,0,0,NA,0,0,NA,0,0,NA,0,NA,40.38,NA,"56684","FanDuel","17520","NumberFire","WR",33.02,18.3,224.48,NA,NA,1.51,NA,NA,NA,NA,NA,NA,NA,NA,NA,NA,NA,NA,NA,NA,NA,NA,NA,NA,NA,NA,NA,NA,NA,NA,NA,NA,NA,NA,NA,NA,NA,NA,NA,NA,NA,NA,NA,NA,106,255,30,"Tampa Bay Buccaneers","REMAINING",NA
"Josh Palmer","WR","BUF",NA,0,0,0,NA,0,0,NA,0,0,NA,0,NA,38.75,NA,"54899","FanDuel","15319","NumberFire","WR",26.32,16.14,237.76,NA,NA,1.2,NA,NA,NA,NA,NA,NA,NA,NA,NA,NA,NA,NA,NA,NA,NA,NA,NA,NA,NA,NA,NA,NA,NA,NA,NA,NA,NA,NA,NA,NA,NA,NA,NA,NA,NA,NA,NA,NA,107,258,4,"Buffalo Bills","REMAINING",NA
"Xavier Legette","WR","CAR",NA,0,0,0,NA,0,0,NA,0,0,NA,0,NA,38.66,NA,"55909","FanDuel","16639","NumberFire","WR",33.74,19.73,206.95,NA,NA,1.4,NA,NA,NA,NA,NA,NA,NA,NA,NA,NA,NA,NA,NA,NA,NA,NA,NA,NA,NA,NA,NA,NA,NA,NA,NA,NA,NA,NA,NA,NA,NA,NA,NA,NA,NA,NA,NA,NA,108,259,5,"Carolina Panthers","REMAINING",NA
"Zachariah Branch","WR","ATL",NA,0,0,0,NA,0,0,NA,0,0,NA,0,NA,38.56,NA,"56647","FanDuel","17507","NumberFire","WR",30.97,18.15,227.66,NA,NA,1.17,NA,NA,NA,NA,NA,NA,NA,NA,NA,NA,NA,NA,NA,NA,NA,NA,NA,NA,NA,NA,NA,NA,NA,NA,NA,NA,NA,NA,NA,NA,NA,NA,NA,NA,NA,NA,NA,NA,109,260,2,"Atlanta Falcons","REMAINING",NA
"Devontez Walker","WR","BAL",NA,0,0,0,NA,0,0,NA,0,0,NA,0,NA,37.6,NA,"56161","FanDuel","16621","NumberFire","WR",24.9,14.87,215.45,NA,NA,1.46,NA,NA,NA,NA,NA,NA,NA,NA,NA,NA,NA,NA,NA,NA,NA,NA,NA,NA,NA,NA,NA,NA,NA,NA,NA,NA,NA,NA,NA,NA,NA,NA,NA,NA,NA,NA,NA,NA,110,261,3,"Baltimore Ravens","REMAINING",NA
"Skyy Moore","WR","GB",NA,0,0,0,NA,0,0,NA,0.55,2.65,NA,0.02,NA,36.86,NA,"55256","FanDuel","15766","NumberFire","WR",29.58,17.37,205.28,NA,NA,1.31,NA,NA,NA,NA,NA,NA,NA,NA,NA,NA,NA,NA,NA,NA,NA,NA,NA,NA,NA,NA,NA,NA,NA,NA,NA,NA,NA,NA,NA,NA,NA,NA,NA,NA,NA,NA,NA,NA,111,264,12,"Green Bay Packers","REMAINING",NA
"Lewis Bond","WR","HOU",NA,0,0,0,NA,0,0,NA,0,0,NA,0,NA,35.72,NA,"56813","FanDuel","17530","NumberFire","WR",28.86,17.12,215.02,NA,NA,0.99,NA,NA,NA,NA,NA,NA,NA,NA,NA,NA,NA,NA,NA,NA,NA,NA,NA,NA,NA,NA,NA,NA,NA,NA,NA,NA,NA,NA,NA,NA,NA,NA,NA,NA,NA,NA,NA,NA,112,266,13,"Houston Texans","REMAINING",NA
"Marquise Brown","WR","PHI",NA,0,0,0,NA,0,0,NA,0.89,4.35,NA,0.03,NA,35.25,NA,"54127","FanDuel","14105","NumberFire","WR",30.18,16.49,192.1,NA,NA,1.25,NA,NA,NA,NA,NA,NA,NA,NA,NA,NA,NA,NA,NA,NA,NA,NA,NA,NA,NA,NA,NA,NA,NA,NA,NA,NA,NA,NA,NA,NA,NA,NA,NA,NA,NA,NA,NA,NA,113,269,24,"Philadelphia Eagles","REMAINING",NA
"Efton Chism III","WR","NE",NA,0,0,0,NA,0,0,NA,0,0,NA,0,NA,34.74,NA,"56519","FanDuel","17269","NumberFire","WR",24.69,15.79,207.7,NA,NA,1.06,NA,NA,NA,NA,NA,NA,NA,NA,NA,NA,NA,NA,NA,NA,NA,NA,NA,NA,NA,NA,NA,NA,NA,NA,NA,NA,NA,NA,NA,NA,NA,NA,NA,NA,NA,NA,NA,NA,114,271,19,"New England Patriots","REMAINING",NA
"Jacob Cowing","WR","SF",NA,0,0,0,NA,0,0,NA,0,0,NA,0,NA,34.15,NA,"56051","FanDuel","16640","NumberFire","WR",26.65,15.8,198.85,NA,NA,1.11,NA,NA,NA,NA,NA,NA,NA,NA,NA,NA,NA,NA,NA,NA,NA,NA,NA,NA,NA,NA,NA,NA,NA,NA,NA,NA,NA,NA,NA,NA,NA,NA,NA,NA,NA,NA,NA,NA,115,273,27,"San Francisco 49ers","REMAINING",NA
"Jordan Whittington","WR","LA",NA,0,0,0,NA,0,0,NA,0.28,1.25,NA,0.01,NA,32.51,NA,"55992","FanDuel","16633","NumberFire","WR",24.02,14.62,181.17,NA,NA,1.2,NA,NA,NA,NA,NA,NA,NA,NA,NA,NA,NA,NA,NA,NA,NA,NA,NA,NA,NA,NA,NA,NA,NA,NA,NA,NA,NA,NA,NA,NA,NA,NA,NA,NA,NA,NA,NA,NA,116,279,33,"Los Angeles Rams","REMAINING",NA
"Roman Wilson","WR","PIT",NA,0,0,0,NA,0,0,NA,0,0,NA,0,NA,31.69,NA,"55924","FanDuel","16629","NumberFire","WR",25.9,15.26,182.98,NA,NA,1.01,NA,NA,NA,NA,NA,NA,NA,NA,NA,NA,NA,NA,NA,NA,NA,NA,NA,NA,NA,NA,NA,NA,NA,NA,NA,NA,NA,NA,NA,NA,NA,NA,NA,NA,NA,NA,NA,NA,117,280,25,"Pittsburgh Steelers","REMAINING",NA
"Lil'Jordan Humphrey","WR","DEN",NA,0,0,0,NA,0,0,NA,0,0,NA,0,NA,31.4,NA,"54340","FanDuel","14118","NumberFire","WR",25.2,14.9,173.53,NA,NA,1.15,NA,NA,NA,NA,NA,NA,NA,NA,NA,NA,NA,NA,NA,NA,NA,NA,NA,NA,NA,NA,NA,NA,NA,NA,NA,NA,NA,NA,NA,NA,NA,NA,NA,NA,NA,NA,NA,NA,118,282,10,"Denver Broncos","REMAINING",NA
"J. Michael Sturdivant","WR","GB",NA,0,0,0,NA,0,0,NA,0,0,NA,0,NA,31.21,NA,"56801","FanDuel","17707","NumberFire","WR",23.86,13.83,171.95,NA,NA,1.23,NA,NA,NA,NA,NA,NA,NA,NA,NA,NA,NA,NA,NA,NA,NA,NA,NA,NA,NA,NA,NA,NA,NA,NA,NA,NA,NA,NA,NA,NA,NA,NA,NA,NA,NA,NA,NA,NA,119,283,12,"Green Bay Packers","REMAINING",NA
"Tai Felton","WR","MIN",NA,0,0,0,NA,0,0,NA,0,0,NA,0,NA,30.28,NA,"56281","FanDuel","17097","NumberFire","WR",23.45,14.33,163.77,NA,NA,1.17,NA,NA,NA,NA,NA,NA,NA,NA,NA,NA,NA,NA,NA,NA,NA,NA,NA,NA,NA,NA,NA,NA,NA,NA,NA,NA,NA,NA,NA,NA,NA,NA,NA,NA,NA,NA,NA,NA,120,289,18,"Minnesota Vikings","REMAINING",NA
"Tez Johnson","WR","TB",NA,0,0,0,NA,0,0,NA,3.94,18.02,NA,0.14,NA,30.07,NA,"56383","FanDuel","17079","NumberFire","WR",22.26,12.35,151.32,NA,NA,1.07,NA,NA,NA,NA,NA,NA,NA,NA,NA,NA,NA,NA,NA,NA,NA,NA,NA,NA,NA,NA,NA,NA,NA,NA,NA,NA,NA,NA,NA,NA,NA,NA,NA,NA,NA,NA,NA,NA,121,291,30,"Tampa Bay Buccaneers","REMAINING",NA
"Marvin Mims","WR","DEN",NA,0,0,0,NA,0,0,NA,0,0,NA,0,NA,29.18,NA,"55594","FanDuel","16189","NumberFire","WR",23.81,14.86,158.69,NA,NA,1.07,NA,NA,NA,NA,NA,NA,NA,NA,NA,NA,NA,NA,NA,NA,NA,NA,NA,NA,NA,NA,NA,NA,NA,NA,NA,NA,NA,NA,NA,NA,NA,NA,NA,NA,NA,NA,NA,NA,122,295,10,"Denver Broncos","REMAINING",NA
"Jalen Tolbert","WR","MIA",NA,0,0,0,NA,0,0,NA,0,0,NA,0,NA,29.1,NA,"55243","FanDuel","15788","NumberFire","WR",21.69,12.73,177.72,NA,NA,0.83,NA,NA,NA,NA,NA,NA,NA,NA,NA,NA,NA,NA,NA,NA,NA,NA,NA,NA,NA,NA,NA,NA,NA,NA,NA,NA,NA,NA,NA,NA,NA,NA,NA,NA,NA,NA,NA,NA,123,297,17,"Miami Dolphins","REMAINING",NA
"Tory Horton","WR","SEA",NA,0,0,0,NA,0,0,NA,0,0,NA,0,NA,28.14,NA,"56304","FanDuel","17098","NumberFire","WR",22.24,12.12,158.62,NA,NA,1.04,NA,NA,NA,NA,NA,NA,NA,NA,NA,NA,NA,NA,NA,NA,NA,NA,NA,NA,NA,NA,NA,NA,NA,NA,NA,NA,NA,NA,NA,NA,NA,NA,NA,NA,NA,NA,NA,NA,124,299,28,"Seattle Seahawks","REMAINING",NA
"KeAndre Lambert-Smith","WR","LAC",NA,0,0,0,NA,0,0,NA,0,0,NA,0,NA,28.03,NA,"56366","FanDuel","17205","NumberFire","WR",22.7,13.16,162.66,NA,NA,0.9,NA,NA,NA,NA,NA,NA,NA,NA,NA,NA,NA,NA,NA,NA,NA,NA,NA,NA,NA,NA,NA,NA,NA,NA,NA,NA,NA,NA,NA,NA,NA,NA,NA,NA,NA,NA,NA,NA,125,300,34,"Los Angeles Chargers","REMAINING",NA
"Konata Mumpfield","WR","LA",NA,0,0,0,NA,0,0,NA,0,0,NA,0,NA,27.63,NA,"56341","FanDuel","17254","NumberFire","WR",22.08,11.98,149.97,NA,NA,1.11,NA,NA,NA,NA,NA,NA,NA,NA,NA,NA,NA,NA,NA,NA,NA,NA,NA,NA,NA,NA,NA,NA,NA,NA,NA,NA,NA,NA,NA,NA,NA,NA,NA,NA,NA,NA,NA,NA,126,302,33,"Los Angeles Rams","REMAINING",NA
"Cyrus Allen","WR","KC",NA,0,0,0,NA,0,0,NA,0,0,NA,0,NA,25.84,NA,"56663","FanDuel","17518","NumberFire","WR",20.22,11.34,144.95,NA,NA,0.95,NA,NA,NA,NA,NA,NA,NA,NA,NA,NA,NA,NA,NA,NA,NA,NA,NA,NA,NA,NA,NA,NA,NA,NA,NA,NA,NA,NA,NA,NA,NA,NA,NA,NA,NA,NA,NA,NA,127,307,16,"Kansas City Chiefs","REMAINING",NA
"Kevin Austin Jr.","WR","NO",NA,0,0,0,NA,0,0,NA,0,0,NA,0,NA,25.26,NA,"56183","FanDuel","15765","NumberFire","WR",19.37,11.09,144.74,NA,NA,0.92,NA,NA,NA,NA,NA,NA,NA,NA,NA,NA,NA,NA,NA,NA,NA,NA,NA,NA,NA,NA,NA,NA,NA,NA,NA,NA,NA,NA,NA,NA,NA,NA,NA,NA,NA,NA,NA,NA,128,309,20,"New Orleans Saints","REMAINING",NA
"Malachi Corley","WR","CLE",NA,0,0,0,NA,0,0,NA,3.78,17.94,NA,0.14,NA,24.18,NA,"55923","FanDuel","16636","NumberFire","WR",18.28,11.59,126.7,NA,NA,0.56,NA,NA,NA,NA,NA,NA,NA,NA,NA,NA,NA,NA,NA,NA,NA,NA,NA,NA,NA,NA,NA,NA,NA,NA,NA,NA,NA,NA,NA,NA,NA,NA,NA,NA,NA,NA,NA,NA,129,312,8,"Cleveland Browns","REMAINING",NA
"Chris Blair","WR","ATL",NA,0,0,0,NA,0,0,NA,0,0,NA,0,NA,23.86,NA,"56222","FanDuel","16499","NumberFire","WR",18.88,10.69,139.53,NA,NA,0.76,NA,NA,NA,NA,NA,NA,NA,NA,NA,NA,NA,NA,NA,NA,NA,NA,NA,NA,NA,NA,NA,NA,NA,NA,NA,NA,NA,NA,NA,NA,NA,NA,NA,NA,NA,NA,NA,NA,130,315,2,"Atlanta Falcons","REMAINING",NA
"Odell Beckham","WR","NYG",NA,0,0,0,NA,0,0,NA,0,0,NA,0,NA,22.14,NA,"52424","FanDuel","11679","NumberFire","WR",18.69,9.42,129.26,NA,NA,0.75,NA,NA,NA,NA,NA,NA,NA,NA,NA,NA,NA,NA,NA,NA,NA,NA,NA,NA,NA,NA,NA,NA,NA,NA,NA,NA,NA,NA,NA,NA,NA,NA,NA,NA,NA,NA,NA,NA,131,320,21,"New York Giants","REMAINING",NA
"Xavier Smith","WR","LA",NA,0,0,0,NA,0,0,NA,0,0,NA,0,NA,22.07,NA,"55646","FanDuel","16428","NumberFire","WR",16.95,9.72,125.88,NA,NA,0.77,NA,NA,NA,NA,NA,NA,NA,NA,NA,NA,NA,NA,NA,NA,NA,NA,NA,NA,NA,NA,NA,NA,NA,NA,NA,NA,NA,NA,NA,NA,NA,NA,NA,NA,NA,NA,NA,NA,132,321,33,"Los Angeles Rams","REMAINING",NA
"Chimere Dike","WR","TEN",NA,0,0,0,NA,0,0,NA,7.51,34,NA,0.27,NA,21.51,NA,"56349","FanDuel","17171","NumberFire","WR",16.5,9.08,92.71,NA,NA,0.5,NA,NA,NA,NA,NA,NA,NA,NA,NA,NA,NA,NA,NA,NA,NA,NA,NA,NA,NA,NA,NA,NA,NA,NA,NA,NA,NA,NA,NA,NA,NA,NA,NA,NA,NA,NA,NA,NA,133,325,31,"Tennessee Titans","REMAINING",NA
"Jalen Royals","WR","KC",NA,0,0,0,NA,0,0,NA,0,0,NA,0,NA,20.67,NA,"56493","FanDuel","17086","NumberFire","WR",16.19,9.14,114.16,NA,NA,0.78,NA,NA,NA,NA,NA,NA,NA,NA,NA,NA,NA,NA,NA,NA,NA,NA,NA,NA,NA,NA,NA,NA,NA,NA,NA,NA,NA,NA,NA,NA,NA,NA,NA,NA,NA,NA,NA,NA,134,327,16,"Kansas City Chiefs","REMAINING",NA
"Kameron Johnson","WR","TB",NA,0,0,0,NA,0,0,NA,0.13,0.6,NA,0,NA,19.35,NA,"56023","FanDuel","16883","NumberFire","WR",15.72,9.05,108.63,NA,NA,0.7,NA,NA,NA,NA,NA,NA,NA,NA,NA,NA,NA,NA,NA,NA,NA,NA,NA,NA,NA,NA,NA,NA,NA,NA,NA,NA,NA,NA,NA,NA,NA,NA,NA,NA,NA,NA,NA,NA,135,330,30,"Tampa Bay Buccaneers","REMAINING",NA
"Josh Cameron","WR","JAC",NA,0,0,0,NA,0,0,NA,0,0,NA,0,NA,19.31,NA,"56691","FanDuel","17527","NumberFire","WR",14.05,8.37,109.87,NA,NA,0.69,NA,NA,NA,NA,NA,NA,NA,NA,NA,NA,NA,NA,NA,NA,NA,NA,NA,NA,NA,NA,NA,NA,NA,NA,NA,NA,NA,NA,NA,NA,NA,NA,NA,NA,NA,NA,NA,NA,136,331,15,"Jacksonville Jaguars","REMAINING",NA
"Jackson Meeks","WR","DET",NA,0,0,0,NA,0,0,NA,0,0,NA,0,NA,18.66,NA,"56490","FanDuel","17334","NumberFire","WR",14.51,8.76,103.01,NA,NA,0.71,NA,NA,NA,NA,NA,NA,NA,NA,NA,NA,NA,NA,NA,NA,NA,NA,NA,NA,NA,NA,NA,NA,NA,NA,NA,NA,NA,NA,NA,NA,NA,NA,NA,NA,NA,NA,NA,NA,137,333,11,"Detroit Lions","REMAINING",NA
"Andrei Iosivas","WR","CIN",NA,0,0,0,NA,0,0,NA,1.07,5.12,NA,0.03,NA,18.04,NA,"55777","FanDuel","16207","NumberFire","WR",12.66,7.54,93.94,NA,NA,0.7,NA,NA,NA,NA,NA,NA,NA,NA,NA,NA,NA,NA,NA,NA,NA,NA,NA,NA,NA,NA,NA,NA,NA,NA,NA,NA,NA,NA,NA,NA,NA,NA,NA,NA,NA,NA,NA,NA,138,335,7,"Cincinnati Bengals","REMAINING",NA
"Malik Turner","WR","SF",NA,0,0,0,NA,0,0,NA,0,0,NA,0,NA,17.54,NA,"54081","FanDuel","13669","NumberFire","WR",13.67,8.2,101.44,NA,NA,0.6,NA,NA,NA,NA,NA,NA,NA,NA,NA,NA,NA,NA,NA,NA,NA,NA,NA,NA,NA,NA,NA,NA,NA,NA,NA,NA,NA,NA,NA,NA,NA,NA,NA,NA,NA,NA,NA,NA,139,337,27,"San Francisco 49ers","REMAINING",NA
"Isaiah Bond","WR","CLE",NA,0,0,0,NA,0,0,NA,0,0,NA,0,NA,17.19,NA,"56411","FanDuel","17076","NumberFire","WR",13.86,8.19,103.95,NA,NA,0.45,NA,NA,NA,NA,NA,NA,NA,NA,NA,NA,NA,NA,NA,NA,NA,NA,NA,NA,NA,NA,NA,NA,NA,NA,NA,NA,NA,NA,NA,NA,NA,NA,NA,NA,NA,NA,NA,NA,140,339,8,"Cleveland Browns","REMAINING",NA
"Jalen Brooks","WR","ARI",NA,0,0,0,NA,0,0,NA,0,0,NA,0,NA,17.07,NA,"55851","FanDuel","16364","NumberFire","WR",14.48,8.38,100.39,NA,NA,0.52,NA,NA,NA,NA,NA,NA,NA,NA,NA,NA,NA,NA,NA,NA,NA,NA,NA,NA,NA,NA,NA,NA,NA,NA,NA,NA,NA,NA,NA,NA,NA,NA,NA,NA,NA,NA,NA,NA,141,341,1,"Arizona Cardinals","REMAINING",NA
"Kaden Wetjen","WR","PIT",NA,0,0,0,NA,0,0,NA,0,0,NA,0,NA,16.36,NA,"56680","FanDuel","17620","NumberFire","WR",13.44,8.01,94.74,NA,NA,0.48,NA,NA,NA,NA,NA,NA,NA,NA,NA,NA,NA,NA,NA,NA,NA,NA,NA,NA,NA,NA,NA,NA,NA,NA,NA,NA,NA,NA,NA,NA,NA,NA,NA,NA,NA,NA,NA,NA,142,342,25,"Pittsburgh Steelers","REMAINING",NA
"Tim Patrick","WR","NYJ",NA,0,0,0,NA,0,0,NA,0,0,NA,0,NA,13.98,NA,"53848","FanDuel","13377","NumberFire","WR",10.84,6.46,82.88,NA,NA,0.41,NA,NA,NA,NA,NA,NA,NA,NA,NA,NA,NA,NA,NA,NA,NA,NA,NA,NA,NA,NA,NA,NA,NA,NA,NA,NA,NA,NA,NA,NA,NA,NA,NA,NA,NA,NA,NA,NA,143,355,22,"New York Jets","REMAINING",NA
"Luke McCaffrey","WR","WSH",NA,0,0,0,NA,0,0,NA,0,0,NA,0,NA,13.95,NA,"55927","FanDuel","16635","NumberFire","WR",12.27,6.56,77.87,NA,NA,0.48,NA,NA,NA,NA,NA,NA,NA,NA,NA,NA,NA,NA,NA,NA,NA,NA,NA,NA,NA,NA,NA,NA,NA,NA,NA,NA,NA,NA,NA,NA,NA,NA,NA,NA,NA,NA,NA,NA,144,356,32,"Washington Commanders","REMAINING",NA
"Jaylin Lane","WR","WSH",NA,0,0,0,NA,0,0,NA,0,0.01,NA,0,NA,13.58,NA,"56362","FanDuel","17184","NumberFire","WR",12.56,6.29,76.91,NA,NA,0.51,NA,NA,NA,NA,NA,NA,NA,NA,NA,NA,NA,NA,NA,NA,NA,NA,NA,NA,NA,NA,NA,NA,NA,NA,NA,NA,NA,NA,NA,NA,NA,NA,NA,NA,NA,NA,NA,NA,145,357,32,"Washington Commanders","REMAINING",NA
"Malik Benson","WR","LV",NA,0,0,0,NA,0,0,NA,0.1,0.46,NA,0,NA,13.45,NA,"56667","FanDuel","17706","NumberFire","WR",15.41,6.15,75.07,NA,NA,0.47,NA,NA,NA,NA,NA,NA,NA,NA,NA,NA,NA,NA,NA,NA,NA,NA,NA,NA,NA,NA,NA,NA,NA,NA,NA,NA,NA,NA,NA,NA,NA,NA,NA,NA,NA,NA,NA,NA,146,358,35,"Las Vegas Raiders","REMAINING",NA
"Isaiah Williams","WR","NYJ",NA,0,0,0,NA,0,0,NA,3.98,18.52,NA,0.15,NA,12.37,NA,"56165","FanDuel","16630","NumberFire","WR",9.02,5.07,56.59,NA,NA,0.29,NA,NA,NA,NA,NA,NA,NA,NA,NA,NA,NA,NA,NA,NA,NA,NA,NA,NA,NA,NA,NA,NA,NA,NA,NA,NA,NA,NA,NA,NA,NA,NA,NA,NA,NA,NA,NA,NA,147,364,22,"New York Jets","REMAINING",NA
"Jonathan Mingo","WR","DAL",NA,0,0,0,NA,0,0,NA,0,0,NA,0,NA,12.24,NA,"55587","FanDuel","16197","NumberFire","WR",10.58,5.78,62.29,NA,NA,0.52,NA,NA,NA,NA,NA,NA,NA,NA,NA,NA,NA,NA,NA,NA,NA,NA,NA,NA,NA,NA,NA,NA,NA,NA,NA,NA,NA,NA,NA,NA,NA,NA,NA,NA,NA,NA,NA,NA,148,366,9,"Dallas Cowboys","REMAINING",NA
"Ben Skowronek","WR","PIT",NA,0,0,0,NA,0,0,NA,0,0,NA,0,NA,11.65,NA,"55037","FanDuel","15491","NumberFire","WR",10.19,5.95,65.11,NA,NA,0.36,NA,NA,NA,NA,NA,NA,NA,NA,NA,NA,NA,NA,NA,NA,NA,NA,NA,NA,NA,NA,NA,NA,NA,NA,NA,NA,NA,NA,NA,NA,NA,NA,NA,NA,NA,NA,NA,NA,149,369,25,"Pittsburgh Steelers","REMAINING",NA
"Simi Fehoko","WR","ARI",NA,0,0,0,NA,0,0,NA,0,0,NA,0,NA,11.57,NA,"55288","FanDuel","15303","NumberFire","WR",9.44,5.29,67.09,NA,NA,0.37,NA,NA,NA,NA,NA,NA,NA,NA,NA,NA,NA,NA,NA,NA,NA,NA,NA,NA,NA,NA,NA,NA,NA,NA,NA,NA,NA,NA,NA,NA,NA,NA,NA,NA,NA,NA,NA,NA,150,370,1,"Arizona Cardinals","REMAINING",NA
"Myles Price","WR","MIN",NA,0,0,0,NA,0,0,NA,0,0,NA,0,NA,11.07,NA,"56430","FanDuel","17360","NumberFire","WR",8.93,5.54,61.83,NA,NA,0.4,NA,NA,NA,NA,NA,NA,NA,NA,NA,NA,NA,NA,NA,NA,NA,NA,NA,NA,NA,NA,NA,NA,NA,NA,NA,NA,NA,NA,NA,NA,NA,NA,NA,NA,NA,NA,NA,NA,151,372,18,"Minnesota Vikings","REMAINING",NA
"Travis Hunter","WR","JAC",NA,0,0,0,NA,0,0,NA,3.9,3.47,NA,0.06,NA,10.22,NA,"56246","FanDuel","17074","NumberFire","WR",32.81,4.97,17.52,NA,NA,0.88,NA,NA,NA,NA,NA,NA,NA,NA,NA,NA,NA,NA,NA,NA,NA,NA,NA,NA,NA,NA,NA,NA,NA,NA,NA,NA,NA,NA,NA,NA,NA,NA,NA,NA,NA,NA,NA,NA,152,373,15,"Jacksonville Jaguars","REMAINING",NA
"Jayden Reed","WR","GB",NA,0,0,0,NA,0,0,NA,0.55,2.73,NA,0.02,NA,9.37,NA,"55614","FanDuel","16184","NumberFire","WR",6.21,4,50.94,NA,NA,0.33,NA,NA,NA,NA,NA,NA,NA,NA,NA,NA,NA,NA,NA,NA,NA,NA,NA,NA,NA,NA,NA,NA,NA,NA,NA,NA,NA,NA,NA,NA,NA,NA,NA,NA,NA,NA,NA,NA,153,374,12,"Green Bay Packers","REMAINING",NA
"Caleb Douglas","WR","MIA",NA,0,0,0,NA,0,0,NA,0,0,NA,0,NA,7.58,NA,"56668","FanDuel","17599","NumberFire","WR",5.53,3.39,47.68,NA,NA,0.19,NA,NA,NA,NA,NA,NA,NA,NA,NA,NA,NA,NA,NA,NA,NA,NA,NA,NA,NA,NA,NA,NA,NA,NA,NA,NA,NA,NA,NA,NA,NA,NA,NA,NA,NA,NA,NA,NA,154,379,17,"Miami Dolphins","REMAINING",NA
"Treylon Burks","WR","WSH",NA,0,0,0,NA,0,0,NA,0,0,NA,0,NA,7.53,NA,"55260","FanDuel","15752","NumberFire","WR",7.28,3.48,42.87,NA,NA,0.25,NA,NA,NA,NA,NA,NA,NA,NA,NA,NA,NA,NA,NA,NA,NA,NA,NA,NA,NA,NA,NA,NA,NA,NA,NA,NA,NA,NA,NA,NA,NA,NA,NA,NA,NA,NA,NA,NA,155,380,32,"Washington Commanders","REMAINING",NA
"Ke'Shawn Williams","WR","CIN",NA,0,0,0,NA,0,0,NA,0.27,1.28,NA,0.01,NA,7.49,NA,"56514","FanDuel","17396","NumberFire","WR",5.28,3.18,39.73,NA,NA,0.29,NA,NA,NA,NA,NA,NA,NA,NA,NA,NA,NA,NA,NA,NA,NA,NA,NA,NA,NA,NA,NA,NA,NA,NA,NA,NA,NA,NA,NA,NA,NA,NA,NA,NA,NA,NA,NA,NA,156,381,7,"Cincinnati Bengals","REMAINING",NA
"Derius Davis","WR","LAC",NA,0,0,0,NA,0,0,NA,0.15,0.66,NA,0.01,NA,6.45,NA,"55644","FanDuel","16299","NumberFire","WR",5.77,3.43,36.12,NA,NA,0.17,NA,NA,NA,NA,NA,NA,NA,NA,NA,NA,NA,NA,NA,NA,NA,NA,NA,NA,NA,NA,NA,NA,NA,NA,NA,NA,NA,NA,NA,NA,NA,NA,NA,NA,NA,NA,NA,NA,157,384,34,"Los Angeles Chargers","REMAINING",NA
"Nikko Remigio","WR","KC",NA,0,0,0,NA,0,0,NA,0,0,NA,0,NA,6.35,NA,"56202","FanDuel","16422","NumberFire","WR",4.92,2.82,35.62,NA,NA,0.23,NA,NA,NA,NA,NA,NA,NA,NA,NA,NA,NA,NA,NA,NA,NA,NA,NA,NA,NA,NA,NA,NA,NA,NA,NA,NA,NA,NA,NA,NA,NA,NA,NA,NA,NA,NA,NA,NA,158,386,16,"Kansas City Chiefs","REMAINING",NA
"Dareke Young","WR","LV",NA,0,0,0,NA,0,0,NA,0,0,NA,0,NA,5.22,NA,"55490","FanDuel","15941","NumberFire","WR",5.92,2.45,29.76,NA,NA,0.17,NA,NA,NA,NA,NA,NA,NA,NA,NA,NA,NA,NA,NA,NA,NA,NA,NA,NA,NA,NA,NA,NA,NA,NA,NA,NA,NA,NA,NA,NA,NA,NA,NA,NA,NA,NA,NA,NA,159,394,35,"Las Vegas Raiders","REMAINING",NA
"Christian Kirk","WR","SF",NA,0,0,0,NA,0,0,NA,0,0,NA,0,NA,4.28,NA,"53770","FanDuel","13633","NumberFire","WR",6.14,2.04,25.62,NA,NA,0.12,NA,NA,NA,NA,NA,NA,NA,NA,NA,NA,NA,NA,NA,NA,NA,NA,NA,NA,NA,NA,NA,NA,NA,NA,NA,NA,NA,NA,NA,NA,NA,NA,NA,NA,NA,NA,NA,NA,160,401,27,"San Francisco 49ers","REMAINING",NA
"Jimmy Horn Jr.","WR","CLE",NA,0,0,0,NA,0,0,NA,0,0,NA,0,NA,4.15,NA,"56496","FanDuel","17234","NumberFire","WR",17.65,2.75,8.57,NA,NA,0.32,NA,NA,NA,NA,NA,NA,NA,NA,NA,NA,NA,NA,NA,NA,NA,NA,NA,NA,NA,NA,NA,NA,NA,NA,NA,NA,NA,NA,NA,NA,NA,NA,NA,NA,NA,NA,NA,NA,161,405,8,"Cleveland Browns","REMAINING",NA
"Ricky Pearsall","WR","SF",NA,0,0,0,NA,0,0,NA,0.02,0.09,NA,0,NA,4.04,NA,"55925","FanDuel","16622","NumberFire","WR",5.53,1.87,24.33,NA,NA,0.11,NA,NA,NA,NA,NA,NA,NA,NA,NA,NA,NA,NA,NA,NA,NA,NA,NA,NA,NA,NA,NA,NA,NA,NA,NA,NA,NA,NA,NA,NA,NA,NA,NA,NA,NA,NA,NA,NA,162,407,27,"San Francisco 49ers","REMAINING",NA
"Dont'e Thornton Jr.","WR","LV",NA,0,0,0,NA,0,0,NA,0,0,NA,0,NA,3.41,NA,"56295","FanDuel","17087","NumberFire","WR",4.07,1.58,19.62,NA,NA,0.11,NA,NA,NA,NA,NA,NA,NA,NA,NA,NA,NA,NA,NA,NA,NA,NA,NA,NA,NA,NA,NA,NA,NA,NA,NA,NA,NA,NA,NA,NA,NA,NA,NA,NA,NA,NA,NA,NA,163,429,35,"Las Vegas Raiders","REMAINING",NA
"Brenen Thompson","WR","LAC",NA,0,0,0,NA,0,0,NA,0,0,NA,0,NA,3.39,NA,"56664","FanDuel","17529","NumberFire","WR",3.78,1.64,20.33,NA,NA,0.09,NA,NA,NA,NA,NA,NA,NA,NA,NA,NA,NA,NA,NA,NA,NA,NA,NA,NA,NA,NA,NA,NA,NA,NA,NA,NA,NA,NA,NA,NA,NA,NA,NA,NA,NA,NA,NA,NA,164,430,34,"Los Angeles Chargers","REMAINING",NA
"Casey Washington","WR","CAR",NA,0,0,0,NA,0,0,NA,0,0,NA,0,NA,2.63,NA,"56153","FanDuel","16760","NumberFire","WR",2.24,1.34,14.56,NA,NA,0.09,NA,NA,NA,NA,NA,NA,NA,NA,NA,NA,NA,NA,NA,NA,NA,NA,NA,NA,NA,NA,NA,NA,NA,NA,NA,NA,NA,NA,NA,NA,NA,NA,NA,NA,NA,NA,NA,NA,165,433,5,"Carolina Panthers","REMAINING",NA
"David Sills V","WR","TB",NA,0,0,0,NA,0,0,NA,0,0,NA,0,NA,2.61,NA,"55104","FanDuel","14110","NumberFire","WR",3.32,1.38,14.79,NA,NA,0.08,NA,NA,NA,NA,NA,NA,NA,NA,NA,NA,NA,NA,NA,NA,NA,NA,NA,NA,NA,NA,NA,NA,NA,NA,NA,NA,NA,NA,NA,NA,NA,NA,NA,NA,NA,NA,NA,NA,166,434,30,"Tampa Bay Buccaneers","REMAINING",NA
"Ashton Dulin","WR","IND",NA,0,0,0,NA,0,0,NA,0.27,1.05,NA,0.01,NA,2.47,NA,"54348","FanDuel","14315","NumberFire","WR",1.69,0.94,14.9,NA,NA,0.06,NA,NA,NA,NA,NA,NA,NA,NA,NA,NA,NA,NA,NA,NA,NA,NA,NA,NA,NA,NA,NA,NA,NA,NA,NA,NA,NA,NA,NA,NA,NA,NA,NA,NA,NA,NA,NA,NA,167,437,14,"Indianapolis Colts","REMAINING",NA
"Skyler Bell","WR","BUF",NA,0,0,0,NA,0,0,NA,0,0,NA,0,NA,2.2,NA,"56652","FanDuel","17508","NumberFire","WR",1.69,1.01,12.16,NA,NA,0.08,NA,NA,NA,NA,NA,NA,NA,NA,NA,NA,NA,NA,NA,NA,NA,NA,NA,NA,NA,NA,NA,NA,NA,NA,NA,NA,NA,NA,NA,NA,NA,NA,NA,NA,NA,NA,NA,NA,168,440,4,"Buffalo Bills","REMAINING",NA
"Xavier Restrepo","WR","TEN",NA,0,0,0,NA,0,0,NA,0,0,NA,0,NA,2.03,NA,"56564","FanDuel","17077","NumberFire","WR",2.8,1.1,12.15,NA,NA,0.05,NA,NA,NA,NA,NA,NA,NA,NA,NA,NA,NA,NA,NA,NA,NA,NA,NA,NA,NA,NA,NA,NA,NA,NA,NA,NA,NA,NA,NA,NA,NA,NA,NA,NA,NA,NA,NA,NA,169,442,31,"Tennessee Titans","REMAINING",NA
"Cody White","WR","LV",NA,0,0,0,NA,0,0,NA,0,0,NA,0,NA,1.91,NA,"55050","FanDuel","15589","NumberFire","WR",2.22,0.94,11.02,NA,NA,0.06,NA,NA,NA,NA,NA,NA,NA,NA,NA,NA,NA,NA,NA,NA,NA,NA,NA,NA,NA,NA,NA,NA,NA,NA,NA,NA,NA,NA,NA,NA,NA,NA,NA,NA,NA,NA,NA,NA,170,443,35,"Las Vegas Raiders","REMAINING",NA
"Zavion Thomas","WR","CHI",NA,0,0,0,NA,0,0,NA,0,0,NA,0,NA,1.86,NA,"56655","FanDuel","17521","NumberFire","WR",1.72,0.99,10.6,NA,NA,0.05,NA,NA,NA,NA,NA,NA,NA,NA,NA,NA,NA,NA,NA,NA,NA,NA,NA,NA,NA,NA,NA,NA,NA,NA,NA,NA,NA,NA,NA,NA,NA,NA,NA,NA,NA,NA,NA,NA,171,445,6,"Chicago Bears","REMAINING",NA
"Tutu Atwell","WR","LA",NA,0,0,0,NA,0,0,NA,0,0,NA,0,NA,1.8,NA,"54990","FanDuel","15301","NumberFire","WR",1.83,0.75,10.65,NA,NA,0.06,NA,NA,NA,NA,NA,NA,NA,NA,NA,NA,NA,NA,NA,NA,NA,NA,NA,NA,NA,NA,NA,NA,NA,NA,NA,NA,NA,NA,NA,NA,NA,NA,NA,NA,NA,NA,NA,NA,172,447,33,"Los Angeles Rams","REMAINING",NA
"Britain Covey","WR","PHI",NA,0,0,0,NA,0,0,NA,0,0,NA,0,NA,1.77,NA,"55313","FanDuel","15772","NumberFire","WR",2.44,0.9,10.19,NA,NA,0.06,NA,NA,NA,NA,NA,NA,NA,NA,NA,NA,NA,NA,NA,NA,NA,NA,NA,NA,NA,NA,NA,NA,NA,NA,NA,NA,NA,NA,NA,NA,NA,NA,NA,NA,NA,NA,NA,NA,173,448,24,"Philadelphia Eagles","REMAINING",NA
"Elijah Moore","WR","PHI",NA,0,0,0,NA,0,0,NA,0.1,0.5,NA,0,NA,1.62,NA,"54875","FanDuel","15288","NumberFire","WR",2.39,0.81,8.87,NA,NA,0.05,NA,NA,NA,NA,NA,NA,NA,NA,NA,NA,NA,NA,NA,NA,NA,NA,NA,NA,NA,NA,NA,NA,NA,NA,NA,NA,NA,NA,NA,NA,NA,NA,NA,NA,NA,NA,NA,NA,174,451,24,"Philadelphia Eagles","REMAINING",NA
"Jordan Watkins","WR","SF",NA,0,0,0,NA,0,0,NA,0,0,NA,0,NA,1.5,NA,"56540","FanDuel","17192","NumberFire","WR",2.13,0.68,8.61,NA,NA,0.05,NA,NA,NA,NA,NA,NA,NA,NA,NA,NA,NA,NA,NA,NA,NA,NA,NA,NA,NA,NA,NA,NA,NA,NA,NA,NA,NA,NA,NA,NA,NA,NA,NA,NA,NA,NA,NA,NA,175,452,27,"San Francisco 49ers","REMAINING",NA
"Tom Kennedy","WR","DET",NA,0,0,0,NA,0,0,NA,0,0,NA,0,NA,1.43,NA,"54981","FanDuel","14503","NumberFire","WR",4.83,0.7,2.37,NA,NA,0.14,NA,NA,NA,NA,NA,NA,NA,NA,NA,NA,NA,NA,NA,NA,NA,NA,NA,NA,NA,NA,NA,NA,NA,NA,NA,NA,NA,NA,NA,NA,NA,NA,NA,NA,NA,NA,NA,NA,176,453,11,"Detroit Lions","REMAINING",NA
"Darius Cooper","WR","PHI",NA,0,0,0,NA,0,0,NA,0,0,NA,0,NA,1.43,NA,"56358","FanDuel","17333","NumberFire","WR",1.81,0.64,8.14,NA,NA,0.05,NA,NA,NA,NA,NA,NA,NA,NA,NA,NA,NA,NA,NA,NA,NA,NA,NA,NA,NA,NA,NA,NA,NA,NA,NA,NA,NA,NA,NA,NA,NA,NA,NA,NA,NA,NA,NA,NA,176,453,24,"Philadelphia Eagles","REMAINING",NA
"Arian Smith","WR","NYJ",NA,0,0,0,NA,0,0,NA,0.02,0.07,NA,0,NA,1.34,NA,"56412","FanDuel","17175","NumberFire","WR",1.54,0.6,7.95,NA,NA,0.04,NA,NA,NA,NA,NA,NA,NA,NA,NA,NA,NA,NA,NA,NA,NA,NA,NA,NA,NA,NA,NA,NA,NA,NA,NA,NA,NA,NA,NA,NA,NA,NA,NA,NA,NA,NA,NA,NA,178,457,22,"New York Jets","REMAINING",NA
"Jake Bobo","WR","SEA",NA,0,0,0,NA,0,0,NA,0,0,NA,0,NA,1.33,NA,"55730","FanDuel","16393","NumberFire","WR",1.45,0.58,7.38,NA,NA,0.05,NA,NA,NA,NA,NA,NA,NA,NA,NA,NA,NA,NA,NA,NA,NA,NA,NA,NA,NA,NA,NA,NA,NA,NA,NA,NA,NA,NA,NA,NA,NA,NA,NA,NA,NA,NA,NA,NA,179,458,28,"Seattle Seahawks","REMAINING",NA
"Malik Heath","WR","GB",NA,0,0,0,NA,0,0,NA,0,0,NA,0,NA,1.19,NA,"55697","FanDuel","16413","NumberFire","WR",0.97,0.59,6.12,NA,NA,0.05,NA,NA,NA,NA,NA,NA,NA,NA,NA,NA,NA,NA,NA,NA,NA,NA,NA,NA,NA,NA,NA,NA,NA,NA,NA,NA,NA,NA,NA,NA,NA,NA,NA,NA,NA,NA,NA,NA,180,463,12,"Green Bay Packers","REMAINING",NA
"Tylan Wallace","WR","CLE",NA,0,0,0,NA,0,0,NA,0,0,NA,0,NA,0.75,NA,"55065","FanDuel","15285","NumberFire","WR",0.63,0.38,4.39,NA,NA,0.02,NA,NA,NA,NA,NA,NA,NA,NA,NA,NA,NA,NA,NA,NA,NA,NA,NA,NA,NA,NA,NA,NA,NA,NA,NA,NA,NA,NA,NA,NA,NA,NA,NA,NA,NA,NA,NA,NA,181,468,8,"Cleveland Browns","REMAINING",NA
"Irvin Charles","WR","NYJ",NA,0,0,0,NA,0,0,NA,0,0,NA,0,NA,0.71,NA,"55810","FanDuel",NA,"NumberFire","WR",0.84,0.35,4.32,NA,NA,0.02,NA,NA,NA,NA,NA,NA,NA,NA,NA,NA,NA,NA,NA,NA,NA,NA,NA,NA,NA,NA,NA,NA,NA,NA,NA,NA,NA,NA,NA,NA,NA,NA,NA,NA,NA,NA,NA,NA,182,469,22,"New York Jets","REMAINING",NA
"Devin Duvernay","WR","ARI",NA,0,0,0,NA,0,0,NA,0,0,NA,0,NA,0.39,NA,"54504","FanDuel","14847","NumberFire","WR",0.35,0.22,2.16,NA,NA,0.01,NA,NA,NA,NA,NA,NA,NA,NA,NA,NA,NA,NA,NA,NA,NA,NA,NA,NA,NA,NA,NA,NA,NA,NA,NA,NA,NA,NA,NA,NA,NA,NA,NA,NA,NA,NA,NA,NA,183,474,1,"Arizona Cardinals","REMAINING",NA
"Brandin Cooks","WR","BUF",NA,0,0,0,NA,0,0,NA,0,0,NA,0,NA,0,NA,"52427","FanDuel","11674","NumberFire","WR",0,0,0,NA,NA,0,NA,NA,NA,NA,NA,NA,NA,NA,NA,NA,NA,NA,NA,NA,NA,NA,NA,NA,NA,NA,NA,NA,NA,NA,NA,NA,NA,NA,NA,NA,NA,NA,NA,NA,NA,NA,NA,NA,184,480,4,"Buffalo Bills","REMAINING",NA
"Gary Jennings Jr.","WR","LAC",NA,0,0,0,NA,0,0,NA,0,0,NA,0,NA,0,NA,"54175","FanDuel","14120","NumberFire","WR",0,0,0,NA,NA,0,NA,NA,NA,NA,NA,NA,NA,NA,NA,NA,NA,NA,NA,NA,NA,NA,NA,NA,NA,NA,NA,NA,NA,NA,NA,NA,NA,NA,NA,NA,NA,NA,NA,NA,NA,NA,NA,NA,184,480,34,"Los Angeles Chargers","REMAINING",NA
"Nico Collins","WR","HOU",NA,0,0,0,NA,0,0,NA,0,0,NA,0,NA,0,NA,"54887","FanDuel","15290","NumberFire","WR",0,0,0,NA,NA,0,NA,NA,NA,NA,NA,NA,NA,NA,NA,NA,NA,NA,NA,NA,NA,NA,NA,NA,NA,NA,NA,NA,NA,NA,NA,NA,NA,NA,NA,NA,NA,NA,NA,NA,NA,NA,NA,NA,184,480,13,"Houston Texans","REMAINING",NA
"Alec Pierce","WR","IND",NA,0,0,0,NA,0,0,NA,0,0,NA,0,NA,0,NA,"55253","FanDuel","15768","NumberFire","WR",0,0,0,NA,NA,0,NA,NA,NA,NA,NA,NA,NA,NA,NA,NA,NA,NA,NA,NA,NA,NA,NA,NA,NA,NA,NA,NA,NA,NA,NA,NA,NA,NA,NA,NA,NA,NA,NA,NA,NA,NA,NA,NA,184,480,14,"Indianapolis Colts","REMAINING",NA
"Tay Martin","WR","DET",NA,0,0,0,NA,0,0,NA,0,0,NA,0,NA,0,NA,"55562","FanDuel","15771","NumberFire","WR",0,0,0,NA,NA,0,NA,NA,NA,NA,NA,NA,NA,NA,NA,NA,NA,NA,NA,NA,NA,NA,NA,NA,NA,NA,NA,NA,NA,NA,NA,NA,NA,NA,NA,NA,NA,NA,NA,NA,NA,NA,NA,NA,184,480,11,"Detroit Lions","REMAINING",NA
"Trey Palmer","WR","NO",NA,0,0,0,NA,0,0,NA,0,0,NA,0,NA,0,NA,"55632","FanDuel","16199","NumberFire","WR",0,0,0,NA,NA,0,NA,NA,NA,NA,NA,NA,NA,NA,NA,NA,NA,NA,NA,NA,NA,NA,NA,NA,NA,NA,NA,NA,NA,NA,NA,NA,NA,NA,NA,NA,NA,NA,NA,NA,NA,NA,NA,NA,184,480,20,"New Orleans Saints","REMAINING",NA
"Tank Dell","WR","HOU",NA,0,0,0,NA,0,0,NA,0,0,NA,0,NA,0,NA,"55643","FanDuel","16204","NumberFire","WR",0,0,0,NA,NA,0,NA,NA,NA,NA,NA,NA,NA,NA,NA,NA,NA,NA,NA,NA,NA,NA,NA,NA,NA,NA,NA,NA,NA,NA,NA,NA,NA,NA,NA,NA,NA,NA,NA,NA,NA,NA,NA,NA,184,480,13,"Houston Texans","REMAINING",NA
"Mason Tipton","WR","NO",NA,0,0,0,NA,0,0,NA,0,0,NA,0,NA,0,NA,"56021","FanDuel","16858","NumberFire","WR",0,0,0,NA,NA,0,NA,NA,NA,NA,NA,NA,NA,NA,NA,NA,NA,NA,NA,NA,NA,NA,NA,NA,NA,NA,NA,NA,NA,NA,NA,NA,NA,NA,NA,NA,NA,NA,NA,NA,NA,NA,NA,NA,184,480,20,"New Orleans Saints","REMAINING",NA
"Xavier Weaver","WR","ARI",NA,0,0,0,NA,0,0,NA,0,0,NA,0,NA,0,NA,"56143","FanDuel","16634","NumberFire","WR",0,0,0,NA,NA,0,NA,NA,NA,NA,NA,NA,NA,NA,NA,NA,NA,NA,NA,NA,NA,NA,NA,NA,NA,NA,NA,NA,NA,NA,NA,NA,NA,NA,NA,NA,NA,NA,NA,NA,NA,NA,NA,NA,184,480,1,"Arizona Cardinals","REMAINING",NA
"Jamari Thrash","WR","CLE",NA,0,0,0,NA,0,0,NA,0,0,NA,0,NA,0,NA,"56188","FanDuel","16624","NumberFire","WR",0,0,0,NA,NA,0,NA,NA,NA,NA,NA,NA,NA,NA,NA,NA,NA,NA,NA,NA,NA,NA,NA,NA,NA,NA,NA,NA,NA,NA,NA,NA,NA,NA,NA,NA,NA,NA,NA,NA,NA,NA,NA,NA,184,480,8,"Cleveland Browns","REMAINING",NA
"Tyrell Shavers","WR","BUF",NA,0,0,0,NA,0,0,NA,0,0,NA,0,NA,0,NA,"56224","FanDuel","16451","NumberFire","WR",0,0,0,NA,NA,0,NA,NA,NA,NA,NA,NA,NA,NA,NA,NA,NA,NA,NA,NA,NA,NA,NA,NA,NA,NA,NA,NA,NA,NA,NA,NA,NA,NA,NA,NA,NA,NA,NA,NA,NA,NA,NA,NA,184,480,4,"Buffalo Bills","REMAINING",NA
"Savion Williams","WR","GB",NA,0,0,0,NA,0,0,NA,0,0,NA,0,NA,0,NA,"56328","FanDuel","17096","NumberFire","WR",0,0,0,NA,NA,0,NA,NA,NA,NA,NA,NA,NA,NA,NA,NA,NA,NA,NA,NA,NA,NA,NA,NA,NA,NA,NA,NA,NA,NA,NA,NA,NA,NA,NA,NA,NA,NA,NA,NA,NA,NA,NA,NA,184,480,12,"Green Bay Packers","REMAINING",NA
"Dalevon Campbell","WR","LAC",NA,0,0,0,NA,0,0,NA,0,0,NA,0,NA,0,NA,"56469","FanDuel","17325","NumberFire","WR",0,0,0,NA,NA,0,NA,NA,NA,NA,NA,NA,NA,NA,NA,NA,NA,NA,NA,NA,NA,NA,NA,NA,NA,NA,NA,NA,NA,NA,NA,NA,NA,NA,NA,NA,NA,NA,NA,NA,NA,NA,NA,NA,184,480,34,"Los Angeles Chargers","REMAINING",NA
"Ricky White III","WR","SEA",NA,0,0,0,NA,0,0,NA,0,0,NA,0,NA,0,NA,"56547","FanDuel","17084","NumberFire","WR",0,0,0,NA,NA,0,NA,NA,NA,NA,NA,NA,NA,NA,NA,NA,NA,NA,NA,NA,NA,NA,NA,NA,NA,NA,NA,NA,NA,NA,NA,NA,NA,NA,NA,NA,NA,NA,NA,NA,NA,NA,NA,NA,184,480,28,"Seattle Seahawks","REMAINING",NA
"Brennan Presley","WR","LA",NA,0,0,0,NA,0,0,NA,0,0,NA,0,NA,0,NA,"56569","FanDuel","17321","NumberFire","WR",0,0,0,NA,NA,0,NA,NA,NA,NA,NA,NA,NA,NA,NA,NA,NA,NA,NA,NA,NA,NA,NA,NA,NA,NA,NA,NA,NA,NA,NA,NA,NA,NA,NA,NA,NA,NA,NA,NA,NA,NA,NA,NA,184,480,33,"Los Angeles Rams","REMAINING",NA
"Coleman Owen","WR","IND",NA,0,0,0,NA,0,0,NA,0,0,NA,0,NA,0,NA,"56582","FanDuel","17278","NumberFire","WR",0,0,0,NA,NA,0,NA,NA,NA,NA,NA,NA,NA,NA,NA,NA,NA,NA,NA,NA,NA,NA,NA,NA,NA,NA,NA,NA,NA,NA,NA,NA,NA,NA,NA,NA,NA,NA,NA,NA,NA,NA,NA,NA,184,480,14,"Indianapolis Colts","REMAINING",NA
"Jordan Moore","WR","CIN",NA,0,0,0,NA,0,0,NA,0,0,NA,0,NA,0,NA,"56583","FanDuel","17305","NumberFire","WR",0,0,0,NA,NA,0,NA,NA,NA,NA,NA,NA,NA,NA,NA,NA,NA,NA,NA,NA,NA,NA,NA,NA,NA,NA,NA,NA,NA,NA,NA,NA,NA,NA,NA,NA,NA,NA,NA,NA,NA,NA,NA,NA,184,480,7,"Cincinnati Bengals","REMAINING",NA
"Chandler Brayboy","WR","JAC",NA,0,0,0,NA,0,0,NA,0,0,NA,0,NA,0,NA,"56584","FanDuel",NA,"NumberFire","WR",0,0,0,NA,NA,0,NA,NA,NA,NA,NA,NA,NA,NA,NA,NA,NA,NA,NA,NA,NA,NA,NA,NA,NA,NA,NA,NA,NA,NA,NA,NA,NA,NA,NA,NA,NA,NA,NA,NA,NA,NA,NA,NA,184,480,15,"Jacksonville Jaguars","REMAINING",NA
"Tejhaun Palmer","WR","NE",NA,0,0,0,NA,0,0,NA,0,0,NA,0,NA,0,NA,"56612","FanDuel","16763","NumberFire","WR",0,0,0,NA,NA,0,NA,NA,NA,NA,NA,NA,NA,NA,NA,NA,NA,NA,NA,NA,NA,NA,NA,NA,NA,NA,NA,NA,NA,NA,NA,NA,NA,NA,NA,NA,NA,NA,NA,NA,NA,NA,NA,NA,184,480,19,"New England Patriots","REMAINING",NA
"Jimmy Holiday","WR","KC",NA,0,0,0,NA,0,0,NA,0,0,NA,0,NA,0,NA,"56614","FanDuel",NA,"NumberFire","WR",0,0,0,NA,NA,0,NA,NA,NA,NA,NA,NA,NA,NA,NA,NA,NA,NA,NA,NA,NA,NA,NA,NA,NA,NA,NA,NA,NA,NA,NA,NA,NA,NA,NA,NA,NA,NA,NA,NA,NA,NA,NA,NA,184,480,16,"Kansas City Chiefs","REMAINING",NA
"Jeshaun Jones","WR","MIN",NA,0,0,0,NA,0,0,NA,0,0,NA,0,NA,0,NA,"56615","FanDuel",NA,"NumberFire","WR",0,0,0,NA,NA,0,NA,NA,NA,NA,NA,NA,NA,NA,NA,NA,NA,NA,NA,NA,NA,NA,NA,NA,NA,NA,NA,NA,NA,NA,NA,NA,NA,NA,NA,NA,NA,NA,NA,NA,NA,NA,NA,NA,184,480,18,"Minnesota Vikings","REMAINING",NA
"Jordyn Tyson","WR","NO",NA,0,0,0,NA,0,0,NA,0,0,NA,0,NA,0,NA,"56631","FanDuel","17498","NumberFire","WR",0,0,0,NA,NA,0,NA,NA,NA,NA,NA,NA,NA,NA,NA,NA,NA,NA,NA,NA,NA,NA,NA,NA,NA,NA,NA,NA,NA,NA,NA,NA,NA,NA,NA,NA,NA,NA,NA,NA,NA,NA,NA,NA,184,480,20,"New Orleans Saints","REMAINING",NA
"Ja'Kobi Lane","WR","BAL",NA,0,0,0,NA,0,0,NA,0,0,NA,0,NA,0,NA,"56648","FanDuel","17517","NumberFire","WR",0,0,0,NA,NA,0,NA,NA,NA,NA,NA,NA,NA,NA,NA,NA,NA,NA,NA,NA,NA,NA,NA,NA,NA,NA,NA,NA,NA,NA,NA,NA,NA,NA,NA,NA,NA,NA,NA,NA,NA,NA,NA,NA,184,480,3,"Baltimore Ravens","REMAINING",NA
"Elijah Sarratt","WR","BAL",NA,0,0,0,NA,0,0,NA,0,0,NA,0,NA,0,NA,"56649","FanDuel","17505","NumberFire","WR",0,0,0,NA,NA,0,NA,NA,NA,NA,NA,NA,NA,NA,NA,NA,NA,NA,NA,NA,NA,NA,NA,NA,NA,NA,NA,NA,NA,NA,NA,NA,NA,NA,NA,NA,NA,NA,NA,NA,NA,NA,NA,NA,184,480,3,"Baltimore Ravens","REMAINING",NA
"Chris Brazzell","WR","CAR",NA,0,0,0,NA,0,0,NA,0,0,NA,0,NA,0,NA,"56653","FanDuel","17509","NumberFire","WR",0,0,0,NA,NA,0,NA,NA,NA,NA,NA,NA,NA,NA,NA,NA,NA,NA,NA,NA,NA,NA,NA,NA,NA,NA,NA,NA,NA,NA,NA,NA,NA,NA,NA,NA,NA,NA,NA,NA,NA,NA,NA,NA,184,480,5,"Carolina Panthers","REMAINING",NA
"Colbie Young","WR","CIN",NA,0,0,0,NA,0,0,NA,0,0,NA,0,NA,0,NA,"56656","FanDuel","17542","NumberFire","WR",0,0,0,NA,NA,0,NA,NA,NA,NA,NA,NA,NA,NA,NA,NA,NA,NA,NA,NA,NA,NA,NA,NA,NA,NA,NA,NA,NA,NA,NA,NA,NA,NA,NA,NA,NA,NA,NA,NA,NA,NA,NA,NA,184,480,7,"Cincinnati Bengals","REMAINING",NA
"De'Zhaun Stribling","WR","SF",NA,0,0,0,NA,0,0,NA,0,0,NA,0,NA,0,NA,"56682","FanDuel","17514","NumberFire","WR",0,0,0,NA,NA,0,NA,NA,NA,NA,NA,NA,NA,NA,NA,NA,NA,NA,NA,NA,NA,NA,NA,NA,NA,NA,NA,NA,NA,NA,NA,NA,NA,NA,NA,NA,NA,NA,NA,NA,NA,NA,NA,NA,184,480,27,"San Francisco 49ers","REMAINING",NA
"Barion Brown","WR","NO",NA,0,0,0,NA,0,0,NA,0,0,NA,0,NA,0,NA,"56689","FanDuel","17541","NumberFire","WR",0,0,0,NA,NA,0,NA,NA,NA,NA,NA,NA,NA,NA,NA,NA,NA,NA,NA,NA,NA,NA,NA,NA,NA,NA,NA,NA,NA,NA,NA,NA,NA,NA,NA,NA,NA,NA,NA,NA,NA,NA,NA,NA,184,480,20,"New Orleans Saints","REMAINING",NA
"CJ Williams","WR","JAC",NA,0,0,0,NA,0,0,NA,0,0,NA,0,NA,0,NA,"56698","FanDuel","17671","NumberFire","WR",0,0,0,NA,NA,0,NA,NA,NA,NA,NA,NA,NA,NA,NA,NA,NA,NA,NA,NA,NA,NA,NA,NA,NA,NA,NA,NA,NA,NA,NA,NA,NA,NA,NA,NA,NA,NA,NA,NA,NA,NA,NA,NA,184,480,15,"Jacksonville Jaguars","REMAINING",NA
"Montorie Foster Jr.","WR","SEA",NA,0,0,0,NA,0,0,NA,0,0,NA,0,NA,0,NA,"56701","FanDuel","17754","NumberFire","WR",0,0,0,NA,NA,0,NA,NA,NA,NA,NA,NA,NA,NA,NA,NA,NA,NA,NA,NA,NA,NA,NA,NA,NA,NA,NA,NA,NA,NA,NA,NA,NA,NA,NA,NA,NA,NA,NA,NA,NA,NA,NA,NA,184,480,28,"Seattle Seahawks","REMAINING",NA
"Deion Burks","WR","IND",NA,0,0,0,NA,0,0,NA,0,0,NA,0,NA,0,NA,"56702","FanDuel","17510","NumberFire","WR",0,0,0,NA,NA,0,NA,NA,NA,NA,NA,NA,NA,NA,NA,NA,NA,NA,NA,NA,NA,NA,NA,NA,NA,NA,NA,NA,NA,NA,NA,NA,NA,NA,NA,NA,NA,NA,NA,NA,NA,NA,NA,NA,184,480,14,"Indianapolis Colts","REMAINING",NA
"Dillon Bell","WR","MIN",NA,0,0,0,NA,0,0,NA,0,0,NA,0,NA,0,NA,"56814","FanDuel","17536","NumberFire","WR",0,0,0,NA,NA,0,NA,NA,NA,NA,NA,NA,NA,NA,NA,NA,NA,NA,NA,NA,NA,NA,NA,NA,NA,NA,NA,NA,NA,NA,NA,NA,NA,NA,NA,NA,NA,NA,NA,NA,NA,NA,NA,NA,184,480,18,"Minnesota Vikings","REMAINING",NA
"Brock Rechsteiner","WR","NO",NA,0,0,0,NA,0,0,NA,0,0,NA,0,NA,0,NA,"56849","FanDuel","17741","NumberFire","WR",0,0,0,NA,NA,0,NA,NA,NA,NA,NA,NA,NA,NA,NA,NA,NA,NA,NA,NA,NA,NA,NA,NA,NA,NA,NA,NA,NA,NA,NA,NA,NA,NA,NA,NA,NA,NA,NA,NA,NA,NA,NA,NA,184,480,20,"New Orleans Saints","REMAINING",NA
"Corey Rucker","WR","LV",NA,0,0,0,NA,0,0,NA,0,0,NA,0,NA,0,NA,"56862","FanDuel",NA,"NumberFire","WR",0,0,0,NA,NA,0,NA,NA,NA,NA,NA,NA,NA,NA,NA,NA,NA,NA,NA,NA,NA,NA,NA,NA,NA,NA,NA,NA,NA,NA,NA,NA,NA,NA,NA,NA,NA,NA,NA,NA,NA,NA,NA,NA,184,480,35,"Las Vegas Raiders","REMAINING",NA
"Malik McClain","WR","NYJ",NA,0,0,0,NA,0,0,NA,0,0,NA,0,NA,0,NA,"56864","FanDuel",NA,"NumberFire","WR",0,0,0,NA,NA,0,NA,NA,NA,NA,NA,NA,NA,NA,NA,NA,NA,NA,NA,NA,NA,NA,NA,NA,NA,NA,NA,NA,NA,NA,NA,NA,NA,NA,NA,NA,NA,NA,NA,NA,NA,NA,NA,NA,184,480,22,"New York Jets","REMAINING",NA
"Jamaal Pritchett","WR","NYJ",NA,0,0,0,NA,0,0,NA,0,0,NA,0,NA,0,NA,"56868","FanDuel","17293","NumberFire","WR",0,0,0,NA,NA,0,NA,NA,NA,NA,NA,NA,NA,NA,NA,NA,NA,NA,NA,NA,NA,NA,NA,NA,NA,NA,NA,NA,NA,NA,NA,NA,NA,NA,NA,NA,NA,NA,NA,NA,NA,NA,NA,NA,184,480,22,"New York Jets","REMAINING",NA
"Kolbe Katsis","WR","DEN",NA,0,0,0,NA,0,0,NA,0,0,NA,0,NA,0,NA,"56871","FanDuel","17799","NumberFire","WR",0,0,0,NA,NA,0,NA,NA,NA,NA,NA,NA,NA,NA,NA,NA,NA,NA,NA,NA,NA,NA,NA,NA,NA,NA,NA,NA,NA,NA,NA,NA,NA,NA,NA,NA,NA,NA,NA,NA,NA,NA,NA,NA,184,480,10,"Denver Broncos","REMAINING",NA
"Trey McBride","TE","ARI",NA,0,0,0,NA,0,0,NA,0,0,NA,0,NA,164.8,NA,"55232","FanDuel","15794","NumberFire","TE",133.15,92.78,881.71,NA,NA,4.99,NA,NA,NA,NA,NA,NA,NA,NA,NA,NA,NA,NA,NA,NA,NA,NA,NA,NA,NA,NA,NA,NA,NA,NA,NA,NA,NA,NA,NA,NA,NA,NA,NA,NA,NA,NA,NA,NA,1,69,1,"Arizona Cardinals","REMAINING",NA
"Mark Andrews","TE","BAL",NA,0,0,0,NA,0,0,NA,0.8,2.97,NA,0.03,NA,151.89,NA,"53836","FanDuel","13671","NumberFire","TE",100.41,66.87,728.13,NA,NA,7.64,NA,NA,NA,NA,NA,NA,NA,NA,NA,NA,NA,NA,NA,NA,NA,NA,NA,NA,NA,NA,NA,NA,NA,NA,NA,NA,NA,NA,NA,NA,NA,NA,NA,NA,NA,NA,NA,NA,2,79,3,"Baltimore Ravens","REMAINING",NA
"Tyler Warren","TE","IND",NA,0,0,0,NA,0,0,NA,8.05,32.85,NA,0.67,NA,147.34,NA,"56254","FanDuel","17102","NumberFire","TE",101.16,69.94,790.88,NA,NA,4.38,NA,NA,NA,NA,NA,NA,NA,NA,NA,NA,NA,NA,NA,NA,NA,NA,NA,NA,NA,NA,NA,NA,NA,NA,NA,NA,NA,NA,NA,NA,NA,NA,NA,NA,NA,NA,NA,NA,3,83,14,"Indianapolis Colts","REMAINING",NA
"Travis Kelce","TE","KC",NA,0,0,0,NA,0,0,NA,0,0,NA,0,NA,140.16,NA,"52104","FanDuel","11244","NumberFire","TE",99.88,66.63,755.09,NA,NA,5.34,NA,NA,NA,NA,NA,NA,NA,NA,NA,NA,NA,NA,NA,NA,NA,NA,NA,NA,NA,NA,NA,NA,NA,NA,NA,NA,NA,NA,NA,NA,NA,NA,NA,NA,NA,NA,NA,NA,4,86,16,"Kansas City Chiefs","REMAINING",NA
"Isaiah Likely","TE","NYG",NA,0,0,0,NA,0,0,NA,0,0,NA,0,NA,135.19,NA,"55282","FanDuel","15798","NumberFire","TE",99.66,64.38,760.81,NA,NA,4.68,NA,NA,NA,NA,NA,NA,NA,NA,NA,NA,NA,NA,NA,NA,NA,NA,NA,NA,NA,NA,NA,NA,NA,NA,NA,NA,NA,NA,NA,NA,NA,NA,NA,NA,NA,NA,NA,NA,5,93,21,"New York Giants","REMAINING",NA
"Sam LaPorta","TE","DET",NA,0,0,0,NA,0,0,NA,0,0,NA,0,NA,131.64,NA,"55608","FanDuel","16214","NumberFire","TE",88.53,62,680.56,NA,NA,5.38,NA,NA,NA,NA,NA,NA,NA,NA,NA,NA,NA,NA,NA,NA,NA,NA,NA,NA,NA,NA,NA,NA,NA,NA,NA,NA,NA,NA,NA,NA,NA,NA,NA,NA,NA,NA,NA,NA,6,96,11,"Detroit Lions","REMAINING",NA
"Tucker Kraft","TE","GB",NA,0,0,0,NA,0,0,NA,0,0,NA,0,NA,130.16,NA,"55615","FanDuel","16222","NumberFire","TE",81.17,56.03,720.27,NA,NA,5.07,NA,NA,NA,NA,NA,NA,NA,NA,NA,NA,NA,NA,NA,NA,NA,NA,NA,NA,NA,NA,NA,NA,NA,NA,NA,NA,NA,NA,NA,NA,NA,NA,NA,NA,NA,NA,NA,NA,7,99,12,"Green Bay Packers","REMAINING",NA
"Dalton Kincaid","TE","BUF",NA,0,0,0,NA,0,0,NA,0,0,NA,0,NA,129.79,NA,"55586","FanDuel","16213","NumberFire","TE",84.14,59.23,740.98,NA,NA,4.45,NA,NA,NA,NA,NA,NA,NA,NA,NA,NA,NA,NA,NA,NA,NA,NA,NA,NA,NA,NA,NA,NA,NA,NA,NA,NA,NA,NA,NA,NA,NA,NA,NA,NA,NA,NA,NA,NA,8,100,4,"Buffalo Bills","REMAINING",NA
"Colston Loveland","TE","CHI",NA,0,0,0,NA,0,0,NA,0.55,2.14,NA,0.02,NA,122.49,NA,"56251","FanDuel","17104","NumberFire","TE",91.04,58.21,634.08,NA,NA,4.94,NA,NA,NA,NA,NA,NA,NA,NA,NA,NA,NA,NA,NA,NA,NA,NA,NA,NA,NA,NA,NA,NA,NA,NA,NA,NA,NA,NA,NA,NA,NA,NA,NA,NA,NA,NA,NA,NA,9,112,6,"Chicago Bears","REMAINING",NA
"Brock Bowers","TE","LV",NA,0,0,0,NA,0,0,NA,7.53,30.41,NA,0.49,NA,121.98,NA,"55931","FanDuel","16641","NumberFire","TE",121.56,58.46,599.47,NA,NA,4.42,NA,NA,NA,NA,NA,NA,NA,NA,NA,NA,NA,NA,NA,NA,NA,NA,NA,NA,NA,NA,NA,NA,NA,NA,NA,NA,NA,NA,NA,NA,NA,NA,NA,NA,NA,NA,NA,NA,10,113,35,"Las Vegas Raiders","REMAINING",NA
"George Kittle","TE","SF",NA,0,0,0,NA,0,0,NA,0.02,0.07,NA,0,NA,118.6,NA,"53461","FanDuel","13299","NumberFire","TE",74.49,53.98,659.21,NA,NA,4.23,NA,NA,NA,NA,NA,NA,NA,NA,NA,NA,NA,NA,NA,NA,NA,NA,NA,NA,NA,NA,NA,NA,NA,NA,NA,NA,NA,NA,NA,NA,NA,NA,NA,NA,NA,NA,NA,NA,11,116,27,"San Francisco 49ers","REMAINING",NA
"Brenton Strange","TE","JAC",NA,0,0,0,NA,0,0,NA,0,0,NA,0,NA,112.34,NA,"55757","FanDuel","16269","NumberFire","TE",76.32,54.56,593.56,NA,NA,4.32,NA,NA,NA,NA,NA,NA,NA,NA,NA,NA,NA,NA,NA,NA,NA,NA,NA,NA,NA,NA,NA,NA,NA,NA,NA,NA,NA,NA,NA,NA,NA,NA,NA,NA,NA,NA,NA,NA,12,123,15,"Jacksonville Jaguars","REMAINING",NA
"Harold Fannin Jr.","TE","CLE",NA,0,0,0,NA,0,0,NA,0.77,3.21,NA,0.02,NA,110.18,NA,"56414","FanDuel","17103","NumberFire","TE",85.34,61.66,586.51,NA,NA,3.43,NA,NA,NA,NA,NA,NA,NA,NA,NA,NA,NA,NA,NA,NA,NA,NA,NA,NA,NA,NA,NA,NA,NA,NA,NA,NA,NA,NA,NA,NA,NA,NA,NA,NA,NA,NA,NA,NA,13,125,8,"Cleveland Browns","REMAINING",NA
"Oronde Gadsden","TE","LAC",NA,0,0,0,NA,0,0,NA,0,0,NA,0,NA,108.04,NA,"56472","FanDuel","17099","NumberFire","TE",78.12,54.33,609.91,NA,NA,3.41,NA,NA,NA,NA,NA,NA,NA,NA,NA,NA,NA,NA,NA,NA,NA,NA,NA,NA,NA,NA,NA,NA,NA,NA,NA,NA,NA,NA,NA,NA,NA,NA,NA,NA,NA,NA,NA,NA,14,131,34,"Los Angeles Chargers","REMAINING",NA
"Hunter Henry","TE","NE",NA,0,0,0,NA,0,0,NA,0,0,NA,0,NA,105.27,NA,"53079","FanDuel","12676","NumberFire","TE",67.53,48.27,572.1,NA,NA,3.99,NA,NA,NA,NA,NA,NA,NA,NA,NA,NA,NA,NA,NA,NA,NA,NA,NA,NA,NA,NA,NA,NA,NA,NA,NA,NA,NA,NA,NA,NA,NA,NA,NA,NA,NA,NA,NA,NA,15,135,19,"New England Patriots","REMAINING",NA
"AJ Barner","TE","SEA",NA,0,0,0,NA,0,0,NA,8.04,31.5,NA,0.63,NA,103.76,NA,"56078","FanDuel","16723","NumberFire","TE",71.8,49.47,476.54,NA,NA,4.16,NA,NA,NA,NA,NA,NA,NA,NA,NA,NA,NA,NA,NA,NA,NA,NA,NA,NA,NA,NA,NA,NA,NA,NA,NA,NA,NA,NA,NA,NA,NA,NA,NA,NA,NA,NA,NA,NA,16,138,28,"Seattle Seahawks","REMAINING",NA
"Dalton Schultz","TE","HOU",NA,0,0,0,NA,0,0,NA,0,0,NA,0,NA,100.89,NA,"54022","FanDuel","13772","NumberFire","TE",82.46,55.56,546.73,NA,NA,3.13,NA,NA,NA,NA,NA,NA,NA,NA,NA,NA,NA,NA,NA,NA,NA,NA,NA,NA,NA,NA,NA,NA,NA,NA,NA,NA,NA,NA,NA,NA,NA,NA,NA,NA,NA,NA,NA,NA,17,142,13,"Houston Texans","REMAINING",NA
"Juwan Johnson","TE","NO",NA,0,0,0,NA,0,0,NA,0,0,NA,0,NA,100.81,NA,"54742","FanDuel","14861","NumberFire","TE",67.86,45.98,553.39,NA,NA,3.85,NA,NA,NA,NA,NA,NA,NA,NA,NA,NA,NA,NA,NA,NA,NA,NA,NA,NA,NA,NA,NA,NA,NA,NA,NA,NA,NA,NA,NA,NA,NA,NA,NA,NA,NA,NA,NA,NA,18,143,20,"New Orleans Saints","REMAINING",NA
"T.J. Hockenson","TE","MIN",NA,0,0,0,NA,0,0,NA,0,0,NA,0,NA,97.49,NA,"54137","FanDuel","14138","NumberFire","TE",75.67,54.5,483.43,NA,NA,3.65,NA,NA,NA,NA,NA,NA,NA,NA,NA,NA,NA,NA,NA,NA,NA,NA,NA,NA,NA,NA,NA,NA,NA,NA,NA,NA,NA,NA,NA,NA,NA,NA,NA,NA,NA,NA,NA,NA,19,146,18,"Minnesota Vikings","REMAINING",NA
"Dallas Goedert","TE","PHI",NA,0,0,0,NA,0,0,NA,0.1,0.42,NA,0,NA,96.89,NA,"53795","FanDuel","13674","NumberFire","TE",73.23,50.43,506.89,NA,NA,3.58,NA,NA,NA,NA,NA,NA,NA,NA,NA,NA,NA,NA,NA,NA,NA,NA,NA,NA,NA,NA,NA,NA,NA,NA,NA,NA,NA,NA,NA,NA,NA,NA,NA,NA,NA,NA,NA,NA,20,149,24,"Philadelphia Eagles","REMAINING",NA
"Greg Dulcich","TE","MIA",NA,0,0,0,NA,0,0,NA,0,0,NA,0,NA,91.34,NA,"55475","FanDuel","15797","NumberFire","TE",64.17,42.71,540.86,NA,NA,2.65,NA,NA,NA,NA,NA,NA,NA,NA,NA,NA,NA,NA,NA,NA,NA,NA,NA,NA,NA,NA,NA,NA,NA,NA,NA,NA,NA,NA,NA,NA,NA,NA,NA,NA,NA,NA,NA,NA,21,161,17,"Miami Dolphins","REMAINING",NA
"Jake Ferguson","TE","DAL",NA,0,0,0,NA,0,0,NA,0,0,NA,0,NA,89.1,NA,"55396","FanDuel","15799","NumberFire","TE",71.51,51.75,390.64,NA,NA,4.28,NA,NA,NA,NA,NA,NA,NA,NA,NA,NA,NA,NA,NA,NA,NA,NA,NA,NA,NA,NA,NA,NA,NA,NA,NA,NA,NA,NA,NA,NA,NA,NA,NA,NA,NA,NA,NA,NA,22,164,9,"Dallas Cowboys","REMAINING",NA
"Kyle Pitts","TE","ATL",NA,0,0,0,NA,0,0,NA,0,0,NA,0,NA,87.19,NA,"54859","FanDuel","15329","NumberFire","TE",71.76,44.48,473.31,NA,NA,2.89,NA,NA,NA,NA,NA,NA,NA,NA,NA,NA,NA,NA,NA,NA,NA,NA,NA,NA,NA,NA,NA,NA,NA,NA,NA,NA,NA,NA,NA,NA,NA,NA,NA,NA,NA,NA,NA,NA,23,166,2,"Atlanta Falcons","REMAINING",NA
"Kenyon Sadiq","TE","NYJ",NA,0,0,0,NA,0,0,NA,0.1,0.37,NA,0,NA,84.36,NA,"56635","FanDuel","17543","NumberFire","TE",67.08,46.65,450.75,NA,NA,2.71,NA,NA,NA,NA,NA,NA,NA,NA,NA,NA,NA,NA,NA,NA,NA,NA,NA,NA,NA,NA,NA,NA,NA,NA,NA,NA,NA,NA,NA,NA,NA,NA,NA,NA,NA,NA,NA,NA,24,167,22,"New York Jets","REMAINING",NA
"Darren Waller","TE","CAR",NA,0,0,0,NA,0,0,NA,0,0,NA,0,NA,83.98,NA,"52802","FanDuel","12263","NumberFire","TE",64.07,43.01,455.59,NA,NA,2.82,NA,NA,NA,NA,NA,NA,NA,NA,NA,NA,NA,NA,NA,NA,NA,NA,NA,NA,NA,NA,NA,NA,NA,NA,NA,NA,NA,NA,NA,NA,NA,NA,NA,NA,NA,NA,NA,NA,25,168,5,"Carolina Panthers","REMAINING",NA
"Terrance Ferguson","TE","LA",NA,0,0,0,NA,0,0,NA,1.53,5.91,NA,0.09,NA,80.42,NA,"56313","FanDuel","17107","NumberFire","TE",57.06,37.26,407.39,NA,NA,3.38,NA,NA,NA,NA,NA,NA,NA,NA,NA,NA,NA,NA,NA,NA,NA,NA,NA,NA,NA,NA,NA,NA,NA,NA,NA,NA,NA,NA,NA,NA,NA,NA,NA,NA,NA,NA,NA,NA,26,172,33,"Los Angeles Rams","REMAINING",NA
"Mike Gesicki","TE","CIN",NA,0,0,0,NA,0,0,NA,0,0,NA,0,NA,80.1,NA,"53784","FanDuel","13672","NumberFire","TE",57.79,38.9,423.94,NA,NA,3.06,NA,NA,NA,NA,NA,NA,NA,NA,NA,NA,NA,NA,NA,NA,NA,NA,NA,NA,NA,NA,NA,NA,NA,NA,NA,NA,NA,NA,NA,NA,NA,NA,NA,NA,NA,NA,NA,NA,27,173,7,"Cincinnati Bengals","REMAINING",NA
"Pat Freiermuth","TE","PIT",NA,0,0,0,NA,0,0,NA,0.89,4.85,NA,0.04,NA,77.47,NA,"54891","FanDuel","15331","NumberFire","TE",58.14,40.19,406.07,NA,NA,2.74,NA,NA,NA,NA,NA,NA,NA,NA,NA,NA,NA,NA,NA,NA,NA,NA,NA,NA,NA,NA,NA,NA,NA,NA,NA,NA,NA,NA,NA,NA,NA,NA,NA,NA,NA,NA,NA,NA,28,177,25,"Pittsburgh Steelers","REMAINING",NA
"Cade Otton","TE","TB",NA,0,0,0,NA,0,0,NA,0,0,NA,0,NA,76.82,NA,"55343","FanDuel","15802","NumberFire","TE",62.73,40.82,388.86,NA,NA,3.02,NA,NA,NA,NA,NA,NA,NA,NA,NA,NA,NA,NA,NA,NA,NA,NA,NA,NA,NA,NA,NA,NA,NA,NA,NA,NA,NA,NA,NA,NA,NA,NA,NA,NA,NA,NA,NA,NA,29,179,30,"Tampa Bay Buccaneers","REMAINING",NA
"Chigoziem Okonkwo","TE","WSH",NA,0,0,0,NA,0,0,NA,0,0,NA,0,NA,71.6,NA,"55293","FanDuel","15889","NumberFire","TE",60.68,38.57,361.18,NA,NA,2.7,NA,NA,NA,NA,NA,NA,NA,NA,NA,NA,NA,NA,NA,NA,NA,NA,NA,NA,NA,NA,NA,NA,NA,NA,NA,NA,NA,NA,NA,NA,NA,NA,NA,NA,NA,NA,NA,NA,30,187,32,"Washington Commanders","REMAINING",NA
"Colby Parkinson","TE","LA",NA,0,0,0,NA,0,0,NA,0,0,NA,0,NA,66.03,NA,"54804","FanDuel","14871","NumberFire","TE",48.59,32.67,313.38,NA,NA,3.11,NA,NA,NA,NA,NA,NA,NA,NA,NA,NA,NA,NA,NA,NA,NA,NA,NA,NA,NA,NA,NA,NA,NA,NA,NA,NA,NA,NA,NA,NA,NA,NA,NA,NA,NA,NA,NA,NA,31,192,33,"Los Angeles Rams","REMAINING",NA
"Mason Taylor","TE","NYJ",NA,0,0,0,NA,0,0,NA,0,0,NA,0,NA,65.32,NA,"56283","FanDuel","17106","NumberFire","TE",53.68,36.74,341.51,NA,NA,2.17,NA,NA,NA,NA,NA,NA,NA,NA,NA,NA,NA,NA,NA,NA,NA,NA,NA,NA,NA,NA,NA,NA,NA,NA,NA,NA,NA,NA,NA,NA,NA,NA,NA,NA,NA,NA,NA,NA,32,195,22,"New York Jets","REMAINING",NA
"Jonnu Smith","TE","GB",NA,0,0,0,NA,0,0,NA,0,0,NA,0,NA,64.37,NA,"53510","FanDuel","13193","NumberFire","TE",50.9,35.44,303.85,NA,NA,2.86,NA,NA,NA,NA,NA,NA,NA,NA,NA,NA,NA,NA,NA,NA,NA,NA,NA,NA,NA,NA,NA,NA,NA,NA,NA,NA,NA,NA,NA,NA,NA,NA,NA,NA,NA,NA,NA,NA,33,199,12,"Green Bay Packers","REMAINING",NA
"Theo Johnson","TE","NYG",NA,0,0,0,NA,0,0,NA,0,0,NA,0,NA,62.56,NA,"56025","FanDuel","16649","NumberFire","TE",49.21,30.72,354.39,NA,NA,2.01,NA,NA,NA,NA,NA,NA,NA,NA,NA,NA,NA,NA,NA,NA,NA,NA,NA,NA,NA,NA,NA,NA,NA,NA,NA,NA,NA,NA,NA,NA,NA,NA,NA,NA,NA,NA,NA,NA,34,203,21,"New York Giants","REMAINING",NA
"Noah Fant","TE","NO",NA,0,0,0,NA,0,0,NA,0,0,NA,0,NA,60.49,NA,"54136","FanDuel","14137","NumberFire","TE",44.48,31.93,326.24,NA,NA,2.08,NA,NA,NA,NA,NA,NA,NA,NA,NA,NA,NA,NA,NA,NA,NA,NA,NA,NA,NA,NA,NA,NA,NA,NA,NA,NA,NA,NA,NA,NA,NA,NA,NA,NA,NA,NA,NA,NA,35,206,20,"New Orleans Saints","REMAINING",NA
"Evan Engram","TE","DEN",NA,0,0,0,NA,0,0,NA,0,0,NA,0,NA,60.13,NA,"53441","FanDuel","13189","NumberFire","TE",51.62,36.56,308.05,NA,NA,1.94,NA,NA,NA,NA,NA,NA,NA,NA,NA,NA,NA,NA,NA,NA,NA,NA,NA,NA,NA,NA,NA,NA,NA,NA,NA,NA,NA,NA,NA,NA,NA,NA,NA,NA,NA,NA,NA,NA,36,209,10,"Denver Broncos","REMAINING",NA
"Tommy Tremble","TE","CAR",NA,0,0,0,NA,0,0,NA,0,0,NA,0,NA,58.15,NA,"54965","FanDuel","15332","NumberFire","TE",48.29,32.73,282.62,NA,NA,2.35,NA,NA,NA,NA,NA,NA,NA,NA,NA,NA,NA,NA,NA,NA,NA,NA,NA,NA,NA,NA,NA,NA,NA,NA,NA,NA,NA,NA,NA,NA,NA,NA,NA,NA,NA,NA,NA,NA,37,215,5,"Carolina Panthers","REMAINING",NA
"Sam Roush","TE","CHI",NA,0,0,0,NA,0,0,NA,0,0,NA,0,NA,56.11,NA,"56654","FanDuel","17549","NumberFire","TE",45.6,29.09,281.66,NA,NA,2.3,NA,NA,NA,NA,NA,NA,NA,NA,NA,NA,NA,NA,NA,NA,NA,NA,NA,NA,NA,NA,NA,NA,NA,NA,NA,NA,NA,NA,NA,NA,NA,NA,NA,NA,NA,NA,NA,NA,38,219,6,"Chicago Bears","REMAINING",NA
"Gunnar Helm","TE","TEN",NA,0,0,0,NA,0,0,NA,0,0,NA,0,NA,55.65,NA,"56361","FanDuel","17105","NumberFire","TE",47.58,32.1,279.59,NA,NA,1.94,NA,NA,NA,NA,NA,NA,NA,NA,NA,NA,NA,NA,NA,NA,NA,NA,NA,NA,NA,NA,NA,NA,NA,NA,NA,NA,NA,NA,NA,NA,NA,NA,NA,NA,NA,NA,NA,NA,39,220,31,"Tennessee Titans","REMAINING",NA
"Dawson Knox","TE","BUF",NA,0,0,0,NA,0,0,NA,3.85,15.71,NA,0.18,NA,53.39,NA,"54230","FanDuel","14143","NumberFire","TE",35.59,23.68,262.99,NA,NA,2.1,NA,NA,NA,NA,NA,NA,NA,NA,NA,NA,NA,NA,NA,NA,NA,NA,NA,NA,NA,NA,NA,NA,NA,NA,NA,NA,NA,NA,NA,NA,NA,NA,NA,NA,NA,NA,NA,NA,40,224,4,"Buffalo Bills","REMAINING",NA
"Austin Hooper","TE","ATL",NA,0,0,0,NA,0,0,NA,0,0,NA,0,NA,50.16,NA,"53054","FanDuel","12677","NumberFire","TE",38.74,25.7,275.69,NA,NA,1.67,NA,NA,NA,NA,NA,NA,NA,NA,NA,NA,NA,NA,NA,NA,NA,NA,NA,NA,NA,NA,NA,NA,NA,NA,NA,NA,NA,NA,NA,NA,NA,NA,NA,NA,NA,NA,NA,NA,41,227,2,"Atlanta Falcons","REMAINING",NA
"Foster Moreau","TE","HOU",NA,0,0,0,NA,0,0,NA,0,0,NA,0,NA,48.88,NA,"54273","FanDuel","14239","NumberFire","TE",35.23,24.32,274.78,NA,NA,1.59,NA,NA,NA,NA,NA,NA,NA,NA,NA,NA,NA,NA,NA,NA,NA,NA,NA,NA,NA,NA,NA,NA,NA,NA,NA,NA,NA,NA,NA,NA,NA,NA,NA,NA,NA,NA,NA,NA,42,231,13,"Houston Texans","REMAINING",NA
"Cole Kmet","TE","CHI",NA,0,0,0,NA,0,0,NA,0,0,NA,0,NA,48.86,NA,"54510","FanDuel","14867","NumberFire","TE",36.71,24.23,260,NA,NA,1.84,NA,NA,NA,NA,NA,NA,NA,NA,NA,NA,NA,NA,NA,NA,NA,NA,NA,NA,NA,NA,NA,NA,NA,NA,NA,NA,NA,NA,NA,NA,NA,NA,NA,NA,NA,NA,NA,NA,43,232,6,"Chicago Bears","REMAINING",NA
"Michael Mayer","TE","LV",NA,0,0,0,NA,0,0,NA,0,0,NA,0,NA,48.08,NA,"55578","FanDuel","16212","NumberFire","TE",56.52,26.42,242.07,NA,NA,1.82,NA,NA,NA,NA,NA,NA,NA,NA,NA,NA,NA,NA,NA,NA,NA,NA,NA,NA,NA,NA,NA,NA,NA,NA,NA,NA,NA,NA,NA,NA,NA,NA,NA,NA,NA,NA,NA,NA,44,235,35,"Las Vegas Raiders","REMAINING",NA
"Mo Alie-Cox","TE","IND",NA,0,0,0,NA,0,0,NA,0,0,NA,0,NA,48,NA,"53973","FanDuel","13246","NumberFire","TE",34.44,22.64,279.38,NA,NA,1.54,NA,NA,NA,NA,NA,NA,NA,NA,NA,NA,NA,NA,NA,NA,NA,NA,NA,NA,NA,NA,NA,NA,NA,NA,NA,NA,NA,NA,NA,NA,NA,NA,NA,NA,NA,NA,NA,NA,45,236,14,"Indianapolis Colts","REMAINING",NA
"Darnell Washington","TE","PIT",NA,0,0,0,NA,0,0,NA,6.97,28.4,NA,0.24,NA,47.17,NA,"55776","FanDuel","16216","NumberFire","TE",34.27,23.33,232.48,NA,NA,1.43,NA,NA,NA,NA,NA,NA,NA,NA,NA,NA,NA,NA,NA,NA,NA,NA,NA,NA,NA,NA,NA,NA,NA,NA,NA,NA,NA,NA,NA,NA,NA,NA,NA,NA,NA,NA,NA,NA,46,237,25,"Pittsburgh Steelers","REMAINING",NA
"Brock Wright","TE","DET",NA,0,0,0,NA,0,0,NA,0,0,NA,0,NA,46.28,NA,"55103","FanDuel","15626","NumberFire","TE",34.92,24.28,225.42,NA,NA,1.98,NA,NA,NA,NA,NA,NA,NA,NA,NA,NA,NA,NA,NA,NA,NA,NA,NA,NA,NA,NA,NA,NA,NA,NA,NA,NA,NA,NA,NA,NA,NA,NA,NA,NA,NA,NA,NA,NA,47,238,11,"Detroit Lions","REMAINING",NA
"Matthew Hibner","TE","BAL",NA,0,0,0,NA,0,0,NA,0,0,NA,0,NA,45.31,NA,"56650","FanDuel","17627","NumberFire","TE",32.46,21.89,231.45,NA,NA,1.92,NA,NA,NA,NA,NA,NA,NA,NA,NA,NA,NA,NA,NA,NA,NA,NA,NA,NA,NA,NA,NA,NA,NA,NA,NA,NA,NA,NA,NA,NA,NA,NA,NA,NA,NA,NA,NA,NA,48,242,3,"Baltimore Ravens","REMAINING",NA
"Cade Stover","TE","HOU",NA,0,0,0,NA,0,0,NA,12.29,49.72,NA,0.81,NA,45.08,NA,"56062","FanDuel","16642","NumberFire","TE",29.32,20.12,187.91,NA,NA,1.16,NA,NA,NA,NA,NA,NA,NA,NA,NA,NA,NA,NA,NA,NA,NA,NA,NA,NA,NA,NA,NA,NA,NA,NA,NA,NA,NA,NA,NA,NA,NA,NA,NA,NA,NA,NA,NA,NA,49,244,13,"Houston Texans","REMAINING",NA
"David Njoku","TE","LAC",NA,0,0,0,NA,0,0,NA,0,0,NA,0,NA,41.82,NA,"53429","FanDuel","13192","NumberFire","TE",37.27,23.74,204.52,NA,NA,1.62,NA,NA,NA,NA,NA,NA,NA,NA,NA,NA,NA,NA,NA,NA,NA,NA,NA,NA,NA,NA,NA,NA,NA,NA,NA,NA,NA,NA,NA,NA,NA,NA,NA,NA,NA,NA,NA,NA,50,251,34,"Los Angeles Chargers","REMAINING",NA
"Will Kacmarek","TE","MIA",NA,0,0,0,NA,0,0,NA,0,0,NA,0,NA,41.76,NA,"56669","FanDuel","17605","NumberFire","TE",31.49,21.3,237.89,NA,NA,1.27,NA,NA,NA,NA,NA,NA,NA,NA,NA,NA,NA,NA,NA,NA,NA,NA,NA,NA,NA,NA,NA,NA,NA,NA,NA,NA,NA,NA,NA,NA,NA,NA,NA,NA,NA,NA,NA,NA,51,252,17,"Miami Dolphins","REMAINING",NA
"Mitchell Evans","TE","CAR",NA,0,0,0,NA,0,0,NA,2.19,11.95,NA,0.11,NA,40.7,NA,"56418","FanDuel","17109","NumberFire","TE",31.22,21.84,198.48,NA,NA,1.4,NA,NA,NA,NA,NA,NA,NA,NA,NA,NA,NA,NA,NA,NA,NA,NA,NA,NA,NA,NA,NA,NA,NA,NA,NA,NA,NA,NA,NA,NA,NA,NA,NA,NA,NA,NA,NA,NA,52,253,5,"Carolina Panthers","REMAINING",NA
"Jackson Hawes","TE","BUF",NA,0,0,0,NA,0,0,NA,0,0,NA,0,NA,40.69,NA,"56419","FanDuel","17213","NumberFire","TE",29.77,20.81,210.28,NA,NA,1.59,NA,NA,NA,NA,NA,NA,NA,NA,NA,NA,NA,NA,NA,NA,NA,NA,NA,NA,NA,NA,NA,NA,NA,NA,NA,NA,NA,NA,NA,NA,NA,NA,NA,NA,NA,NA,NA,NA,53,254,4,"Buffalo Bills","REMAINING",NA
"Drew Sample","TE","CIN",NA,0,0,0,NA,0,0,NA,0,0,NA,0,NA,38.96,NA,"54280","FanDuel","14146","NumberFire","TE",30.68,22.29,173.71,NA,NA,1.79,NA,NA,NA,NA,NA,NA,NA,NA,NA,NA,NA,NA,NA,NA,NA,NA,NA,NA,NA,NA,NA,NA,NA,NA,NA,NA,NA,NA,NA,NA,NA,NA,NA,NA,NA,NA,NA,NA,54,257,7,"Cincinnati Bengals","REMAINING",NA
"Tanner Hudson","TE","CIN",NA,0,0,0,NA,0,0,NA,0,0,NA,0,NA,35.23,NA,"54397","FanDuel","14370","NumberFire","TE",26.07,18.38,179.42,NA,NA,1.4,NA,NA,NA,NA,NA,NA,NA,NA,NA,NA,NA,NA,NA,NA,NA,NA,NA,NA,NA,NA,NA,NA,NA,NA,NA,NA,NA,NA,NA,NA,NA,NA,NA,NA,NA,NA,NA,NA,55,270,7,"Cincinnati Bengals","REMAINING",NA
"Hunter Long","TE","ARI",NA,0,0,0,NA,0,0,NA,0,0,NA,0,NA,33.71,NA,"55093","FanDuel","15334","NumberFire","TE",28.27,19.05,176.28,NA,NA,1.14,NA,NA,NA,NA,NA,NA,NA,NA,NA,NA,NA,NA,NA,NA,NA,NA,NA,NA,NA,NA,NA,NA,NA,NA,NA,NA,NA,NA,NA,NA,NA,NA,NA,NA,NA,NA,NA,NA,56,274,1,"Arizona Cardinals","REMAINING",NA
"Luke Farrell","TE","SF",NA,0,0,0,NA,0,0,NA,0,0,NA,0,NA,33.69,NA,"54992","FanDuel","15335","NumberFire","TE",25.99,18.28,171.7,NA,NA,1.28,NA,NA,NA,NA,NA,NA,NA,NA,NA,NA,NA,NA,NA,NA,NA,NA,NA,NA,NA,NA,NA,NA,NA,NA,NA,NA,NA,NA,NA,NA,NA,NA,NA,NA,NA,NA,NA,NA,57,275,27,"San Francisco 49ers","REMAINING",NA
"John FitzPatrick","TE","GB",NA,0,0,0,NA,0,0,NA,0,0,NA,0,NA,33.38,NA,"55760","FanDuel","15925","NumberFire","TE",26.11,17.99,162.84,NA,NA,1.4,NA,NA,NA,NA,NA,NA,NA,NA,NA,NA,NA,NA,NA,NA,NA,NA,NA,NA,NA,NA,NA,NA,NA,NA,NA,NA,NA,NA,NA,NA,NA,NA,NA,NA,NA,NA,NA,NA,58,276,12,"Green Bay Packers","REMAINING",NA
"Elijah Arroyo","TE","SEA",NA,0,0,0,NA,0,0,NA,0,0,NA,0,NA,32.62,NA,"56390","FanDuel","17108","NumberFire","TE",25.5,16.56,171.44,NA,NA,1.25,NA,NA,NA,NA,NA,NA,NA,NA,NA,NA,NA,NA,NA,NA,NA,NA,NA,NA,NA,NA,NA,NA,NA,NA,NA,NA,NA,NA,NA,NA,NA,NA,NA,NA,NA,NA,NA,NA,59,278,28,"Seattle Seahawks","REMAINING",NA
"Tyler Higbee","TE","LA",NA,0,0,0,NA,0,0,NA,0,0,NA,0,NA,31.56,NA,"53085","FanDuel","12678","NumberFire","TE",24.89,15.63,158.82,NA,NA,1.31,NA,NA,NA,NA,NA,NA,NA,NA,NA,NA,NA,NA,NA,NA,NA,NA,NA,NA,NA,NA,NA,NA,NA,NA,NA,NA,NA,NA,NA,NA,NA,NA,NA,NA,NA,NA,NA,NA,60,281,33,"Los Angeles Rams","REMAINING",NA
"Zach Ertz","TE","PHI",NA,0,0,0,NA,0,0,NA,0,0,NA,0,NA,31.21,NA,"52077","FanDuel","11247","NumberFire","TE",28.15,17.18,164.8,NA,NA,1.07,NA,NA,NA,NA,NA,NA,NA,NA,NA,NA,NA,NA,NA,NA,NA,NA,NA,NA,NA,NA,NA,NA,NA,NA,NA,NA,NA,NA,NA,NA,NA,NA,NA,NA,NA,NA,NA,NA,61,283,24,"Philadelphia Eagles","REMAINING",NA
"Josh Cuevas","TE","BAL",NA,0,0,0,NA,0,0,NA,0,0,NA,0,NA,30.9,NA,"56651","FanDuel","17651","NumberFire","TE",22.21,14.95,157.87,NA,NA,1.32,NA,NA,NA,NA,NA,NA,NA,NA,NA,NA,NA,NA,NA,NA,NA,NA,NA,NA,NA,NA,NA,NA,NA,NA,NA,NA,NA,NA,NA,NA,NA,NA,NA,NA,NA,NA,NA,NA,62,285,3,"Baltimore Ravens","REMAINING",NA
"Elijah Higgins","TE","ARI",NA,0,0,0,NA,0,0,NA,0,0,NA,0,NA,30.19,NA,"55823","FanDuel","16333","NumberFire","TE",24.37,16.82,163.02,NA,NA,0.96,NA,NA,NA,NA,NA,NA,NA,NA,NA,NA,NA,NA,NA,NA,NA,NA,NA,NA,NA,NA,NA,NA,NA,NA,NA,NA,NA,NA,NA,NA,NA,NA,NA,NA,NA,NA,NA,NA,63,290,1,"Arizona Cardinals","REMAINING",NA
"Noah Gray","TE","KC",NA,0,0,0,NA,0,0,NA,0,0,NA,0,NA,29.78,NA,"55048","FanDuel","15337","NumberFire","TE",22.2,14.78,153.75,NA,NA,1.17,NA,NA,NA,NA,NA,NA,NA,NA,NA,NA,NA,NA,NA,NA,NA,NA,NA,NA,NA,NA,NA,NA,NA,NA,NA,NA,NA,NA,NA,NA,NA,NA,NA,NA,NA,NA,NA,NA,64,292,16,"Kansas City Chiefs","REMAINING",NA
"Daniel Bellinger","TE","TEN",NA,0,0,0,NA,0,0,NA,0,0,NA,0,NA,29.34,NA,"55285","FanDuel","15873","NumberFire","TE",24.11,16.36,159.44,NA,NA,0.92,NA,NA,NA,NA,NA,NA,NA,NA,NA,NA,NA,NA,NA,NA,NA,NA,NA,NA,NA,NA,NA,NA,NA,NA,NA,NA,NA,NA,NA,NA,NA,NA,NA,NA,NA,NA,NA,NA,65,294,31,"Tennessee Titans","REMAINING",NA
"Andrew Ogletree","TE","IND",NA,0,0,0,NA,0,0,NA,0,0,NA,0,NA,27.89,NA,"55667","FanDuel","15916","NumberFire","TE",20.42,13.77,161.4,NA,NA,0.86,NA,NA,NA,NA,NA,NA,NA,NA,NA,NA,NA,NA,NA,NA,NA,NA,NA,NA,NA,NA,NA,NA,NA,NA,NA,NA,NA,NA,NA,NA,NA,NA,NA,NA,NA,NA,NA,NA,66,301,14,"Indianapolis Colts","REMAINING",NA
"Luke Schoonmaker","TE","DAL",NA,0,0,0,NA,0,0,NA,0,0,NA,0,NA,26.86,NA,"55592","FanDuel","16221","NumberFire","TE",20.65,14.42,129.14,NA,NA,1.17,NA,NA,NA,NA,NA,NA,NA,NA,NA,NA,NA,NA,NA,NA,NA,NA,NA,NA,NA,NA,NA,NA,NA,NA,NA,NA,NA,NA,NA,NA,NA,NA,NA,NA,NA,NA,NA,NA,67,303,9,"Dallas Cowboys","REMAINING",NA
"Payne Durham","TE","TB",NA,0,0,0,NA,0,0,NA,0,0,NA,0,NA,26.15,NA,"55808","FanDuel","16218","NumberFire","TE",20.55,13.75,131.59,NA,NA,1.07,NA,NA,NA,NA,NA,NA,NA,NA,NA,NA,NA,NA,NA,NA,NA,NA,NA,NA,NA,NA,NA,NA,NA,NA,NA,NA,NA,NA,NA,NA,NA,NA,NA,NA,NA,NA,NA,NA,68,304,30,"Tampa Bay Buccaneers","REMAINING",NA
"Ben Sinnott","TE","WSH",NA,0,0,0,NA,0,0,NA,0,0,NA,0,NA,24.15,NA,"55926","FanDuel","16644","NumberFire","TE",20.62,13.21,120.23,NA,NA,0.97,NA,NA,NA,NA,NA,NA,NA,NA,NA,NA,NA,NA,NA,NA,NA,NA,NA,NA,NA,NA,NA,NA,NA,NA,NA,NA,NA,NA,NA,NA,NA,NA,NA,NA,NA,NA,NA,NA,69,313,32,"Washington Commanders","REMAINING",NA
"Blake Whiteheart","TE","CLE",NA,0,0,0,NA,0,0,NA,0,0,NA,0,NA,23.97,NA,"56111","FanDuel","16940","NumberFire","TE",19.55,14.06,128.01,NA,NA,0.74,NA,NA,NA,NA,NA,NA,NA,NA,NA,NA,NA,NA,NA,NA,NA,NA,NA,NA,NA,NA,NA,NA,NA,NA,NA,NA,NA,NA,NA,NA,NA,NA,NA,NA,NA,NA,NA,NA,70,314,8,"Cleveland Browns","REMAINING",NA
"Charlie Kolar","TE","LAC",NA,0,0,0,NA,0,0,NA,0,0,NA,0,NA,22.18,NA,"55566","FanDuel","15795","NumberFire","TE",16.21,11.13,120.58,NA,NA,0.76,NA,NA,NA,NA,NA,NA,NA,NA,NA,NA,NA,NA,NA,NA,NA,NA,NA,NA,NA,NA,NA,NA,NA,NA,NA,NA,NA,NA,NA,NA,NA,NA,NA,NA,NA,NA,NA,NA,71,319,34,"Los Angeles Chargers","REMAINING",NA
"Brevyn Spann-Ford","TE","DAL",NA,0,0,0,NA,0,0,NA,0,0,NA,0,NA,21.86,NA,"56075","FanDuel","16647","NumberFire","TE",16.44,11.61,106.94,NA,NA,0.94,NA,NA,NA,NA,NA,NA,NA,NA,NA,NA,NA,NA,NA,NA,NA,NA,NA,NA,NA,NA,NA,NA,NA,NA,NA,NA,NA,NA,NA,NA,NA,NA,NA,NA,NA,NA,NA,NA,72,322,9,"Dallas Cowboys","REMAINING",NA
"Oscar Delp","TE","NO",NA,0,0,0,NA,0,0,NA,0,0,NA,0,NA,21.52,NA,"56673","FanDuel","17567","NumberFire","TE",15.94,10.98,112.09,NA,NA,0.82,NA,NA,NA,NA,NA,NA,NA,NA,NA,NA,NA,NA,NA,NA,NA,NA,NA,NA,NA,NA,NA,NA,NA,NA,NA,NA,NA,NA,NA,NA,NA,NA,NA,NA,NA,NA,NA,NA,73,324,20,"New Orleans Saints","REMAINING",NA
"Durham Smythe","TE","BAL",NA,0,0,0,NA,0,0,NA,0,0,NA,0,NA,20.19,NA,"53972","FanDuel","13676","NumberFire","TE",14.69,10.1,105.21,NA,NA,0.77,NA,NA,NA,NA,NA,NA,NA,NA,NA,NA,NA,NA,NA,NA,NA,NA,NA,NA,NA,NA,NA,NA,NA,NA,NA,NA,NA,NA,NA,NA,NA,NA,NA,NA,NA,NA,NA,NA,74,328,3,"Baltimore Ravens","REMAINING",NA
"Jeremy Ruckert","TE","NYJ",NA,0,0,0,NA,0,0,NA,0,0,NA,0,NA,19.45,NA,"55359","FanDuel","15796","NumberFire","TE",17.05,11.57,99.42,NA,NA,0.63,NA,NA,NA,NA,NA,NA,NA,NA,NA,NA,NA,NA,NA,NA,NA,NA,NA,NA,NA,NA,NA,NA,NA,NA,NA,NA,NA,NA,NA,NA,NA,NA,NA,NA,NA,NA,NA,NA,75,329,22,"New York Jets","REMAINING",NA
"Nate Boerkircher","TE","JAC",NA,0,0,0,NA,0,0,NA,0,0,NA,0,NA,19.03,NA,"56661","FanDuel","17591","NumberFire","TE",14.05,9.93,99,NA,NA,0.73,NA,NA,NA,NA,NA,NA,NA,NA,NA,NA,NA,NA,NA,NA,NA,NA,NA,NA,NA,NA,NA,NA,NA,NA,NA,NA,NA,NA,NA,NA,NA,NA,NA,NA,NA,NA,NA,NA,76,332,15,"Jacksonville Jaguars","REMAINING",NA
"Eli Raridon","TE","NE",NA,0,0,0,NA,0,0,NA,0,0,NA,0,NA,15.86,NA,"56672","FanDuel","17607","NumberFire","TE",11.07,8.13,84.58,NA,NA,0.56,NA,NA,NA,NA,NA,NA,NA,NA,NA,NA,NA,NA,NA,NA,NA,NA,NA,NA,NA,NA,NA,NA,NA,NA,NA,NA,NA,NA,NA,NA,NA,NA,NA,NA,NA,NA,NA,NA,77,344,19,"New England Patriots","REMAINING",NA
"Quintin Morris","TE","JAC",NA,0,0,0,NA,0,0,NA,0,0,NA,0,NA,15.24,NA,"55394","FanDuel","15341","NumberFire","TE",11.25,7.81,76.95,NA,NA,0.61,NA,NA,NA,NA,NA,NA,NA,NA,NA,NA,NA,NA,NA,NA,NA,NA,NA,NA,NA,NA,NA,NA,NA,NA,NA,NA,NA,NA,NA,NA,NA,NA,NA,NA,NA,NA,NA,NA,78,346,15,"Jacksonville Jaguars","REMAINING",NA
"Erick All Jr.","TE","CIN",NA,0,0,0,NA,0,0,NA,0,0,NA,0,NA,14.47,NA,"56061","FanDuel","16645","NumberFire","TE",10.56,7.47,71.94,NA,NA,0.59,NA,NA,NA,NA,NA,NA,NA,NA,NA,NA,NA,NA,NA,NA,NA,NA,NA,NA,NA,NA,NA,NA,NA,NA,NA,NA,NA,NA,NA,NA,NA,NA,NA,NA,NA,NA,NA,NA,79,352,7,"Cincinnati Bengals","REMAINING",NA
"Adam Trautman","TE","DEN",NA,0,0,0,NA,0,0,NA,0,0,NA,0,NA,14.12,NA,"54566","FanDuel","14870","NumberFire","TE",10.57,7.26,71.26,NA,NA,0.56,NA,NA,NA,NA,NA,NA,NA,NA,NA,NA,NA,NA,NA,NA,NA,NA,NA,NA,NA,NA,NA,NA,NA,NA,NA,NA,NA,NA,NA,NA,NA,NA,NA,NA,NA,NA,NA,NA,80,353,10,"Denver Broncos","REMAINING",NA
"Nate Adkins","TE","DEN",NA,0,0,0,NA,0,0,NA,0,0,NA,0,NA,12.93,NA,"55761","FanDuel","16474","NumberFire","TE",10.21,7.04,62.85,NA,NA,0.52,NA,NA,NA,NA,NA,NA,NA,NA,NA,NA,NA,NA,NA,NA,NA,NA,NA,NA,NA,NA,NA,NA,NA,NA,NA,NA,NA,NA,NA,NA,NA,NA,NA,NA,NA,NA,NA,NA,81,360,10,"Denver Broncos","REMAINING",NA
"Marlin Klein","TE","HOU",NA,0,0,0,NA,0,0,NA,0,0,NA,0,NA,12.9,NA,"56659","FanDuel","17593","NumberFire","TE",10.11,6.95,69.09,NA,NA,0.42,NA,NA,NA,NA,NA,NA,NA,NA,NA,NA,NA,NA,NA,NA,NA,NA,NA,NA,NA,NA,NA,NA,NA,NA,NA,NA,NA,NA,NA,NA,NA,NA,NA,NA,NA,NA,NA,NA,82,361,13,"Houston Texans","REMAINING",NA
"John Bates","TE","WSH",NA,0,0,0,NA,0,0,NA,0,0,NA,0,NA,12.87,NA,"55089","FanDuel","15344","NumberFire","TE",11.86,7.17,65.86,NA,NA,0.5,NA,NA,NA,NA,NA,NA,NA,NA,NA,NA,NA,NA,NA,NA,NA,NA,NA,NA,NA,NA,NA,NA,NA,NA,NA,NA,NA,NA,NA,NA,NA,NA,NA,NA,NA,NA,NA,NA,83,362,32,"Washington Commanders","REMAINING",NA
"Eric Saubert","TE","SEA",NA,0,0,0,NA,0,0,NA,0,0,NA,0,NA,12.83,NA,"53528","FanDuel","13315","NumberFire","TE",10.6,6.81,62.66,NA,NA,0.53,NA,NA,NA,NA,NA,NA,NA,NA,NA,NA,NA,NA,NA,NA,NA,NA,NA,NA,NA,NA,NA,NA,NA,NA,NA,NA,NA,NA,NA,NA,NA,NA,NA,NA,NA,NA,NA,NA,84,363,28,"Seattle Seahawks","REMAINING",NA
"Davis Allen","TE","LA",NA,0,0,0,NA,0,0,NA,0,0,NA,0,NA,12.29,NA,"55842","FanDuel","16219","NumberFire","TE",9.85,6.34,60.15,NA,NA,0.52,NA,NA,NA,NA,NA,NA,NA,NA,NA,NA,NA,NA,NA,NA,NA,NA,NA,NA,NA,NA,NA,NA,NA,NA,NA,NA,NA,NA,NA,NA,NA,NA,NA,NA,NA,NA,NA,NA,85,365,33,"Los Angeles Rams","REMAINING",NA
"Kylen Granson","TE","TEN",NA,0,0,0,NA,0,0,NA,0,0,NA,0,NA,12.18,NA,"55071","FanDuel","15419","NumberFire","TE",11.22,6.78,67.11,NA,NA,0.35,NA,NA,NA,NA,NA,NA,NA,NA,NA,NA,NA,NA,NA,NA,NA,NA,NA,NA,NA,NA,NA,NA,NA,NA,NA,NA,NA,NA,NA,NA,NA,NA,NA,NA,NA,NA,NA,NA,86,367,31,"Tennessee Titans","REMAINING",NA
"David Martin-Robinson","TE","TEN",NA,0,0,0,NA,0,0,NA,0,0,NA,0,NA,11.29,NA,"56207","FanDuel","16831","NumberFire","TE",9.84,6.4,58.12,NA,NA,0.38,NA,NA,NA,NA,NA,NA,NA,NA,NA,NA,NA,NA,NA,NA,NA,NA,NA,NA,NA,NA,NA,NA,NA,NA,NA,NA,NA,NA,NA,NA,NA,NA,NA,NA,NA,NA,NA,NA,87,371,31,"Tennessee Titans","REMAINING",NA
"Nick Kallerup","TE","SEA",NA,0,0,0,NA,0,0,NA,0,0,NA,0,NA,8.62,NA,"56545","FanDuel","17414","NumberFire","TE",7.2,4.32,43.84,NA,NA,0.35,NA,NA,NA,NA,NA,NA,NA,NA,NA,NA,NA,NA,NA,NA,NA,NA,NA,NA,NA,NA,NA,NA,NA,NA,NA,NA,NA,NA,NA,NA,NA,NA,NA,NA,NA,NA,NA,NA,88,377,28,"Seattle Seahawks","REMAINING",NA
"Charlie Woerner","TE","ATL",NA,0,0,0,NA,0,0,NA,0,0,NA,0,NA,7.45,NA,"54786","FanDuel","14984","NumberFire","TE",6.06,4.08,39.26,NA,NA,0.25,NA,NA,NA,NA,NA,NA,NA,NA,NA,NA,NA,NA,NA,NA,NA,NA,NA,NA,NA,NA,NA,NA,NA,NA,NA,NA,NA,NA,NA,NA,NA,NA,NA,NA,NA,NA,NA,NA,89,382,2,"Atlanta Falcons","REMAINING",NA
"Jared Wiley","TE","KC",NA,0,0,0,NA,0,0,NA,0,0,NA,0,NA,6.45,NA,"56071","FanDuel","16648","NumberFire","TE",4.92,3.28,32.51,NA,NA,0.26,NA,NA,NA,NA,NA,NA,NA,NA,NA,NA,NA,NA,NA,NA,NA,NA,NA,NA,NA,NA,NA,NA,NA,NA,NA,NA,NA,NA,NA,NA,NA,NA,NA,NA,NA,NA,NA,NA,90,384,16,"Kansas City Chiefs","REMAINING",NA
"Chris Manhertz","TE","NYG",NA,0,0,0,NA,0,0,NA,0,0,NA,0,NA,6.06,NA,"53390","FanDuel","12955","NumberFire","TE",4.99,3.21,33.75,NA,NA,0.18,NA,NA,NA,NA,NA,NA,NA,NA,NA,NA,NA,NA,NA,NA,NA,NA,NA,NA,NA,NA,NA,NA,NA,NA,NA,NA,NA,NA,NA,NA,NA,NA,NA,NA,NA,NA,NA,NA,91,387,21,"New York Giants","REMAINING",NA
"Ben Yurosek","TE","MIN",NA,0,0,0,NA,0,0,NA,0,0,NA,0,NA,5.93,NA,"56425","FanDuel","17285","NumberFire","TE",4.45,3.19,28.31,NA,NA,0.25,NA,NA,NA,NA,NA,NA,NA,NA,NA,NA,NA,NA,NA,NA,NA,NA,NA,NA,NA,NA,NA,NA,NA,NA,NA,NA,NA,NA,NA,NA,NA,NA,NA,NA,NA,NA,NA,NA,92,388,18,"Minnesota Vikings","REMAINING",NA
"Ian Thomas","TE","LV",NA,0,0,0,NA,0,0,NA,0,0,NA,0,NA,5.23,NA,"53897","FanDuel","13678","NumberFire","TE",6.36,2.92,26.31,NA,NA,0.19,NA,NA,NA,NA,NA,NA,NA,NA,NA,NA,NA,NA,NA,NA,NA,NA,NA,NA,NA,NA,NA,NA,NA,NA,NA,NA,NA,NA,NA,NA,NA,NA,NA,NA,NA,NA,NA,NA,93,393,35,"Las Vegas Raiders","REMAINING",NA
"Connor Heyward","TE","LV",NA,0,0,0,NA,0,0,NA,11.73,3.69,NA,0.32,NA,5.13,NA,"55306","FanDuel","15800","NumberFire","TE",14.29,1.55,3.89,NA,NA,0.28,NA,NA,NA,NA,NA,NA,NA,NA,NA,NA,NA,NA,NA,NA,NA,NA,NA,NA,NA,NA,NA,NA,NA,NA,NA,NA,NA,NA,NA,NA,NA,NA,NA,NA,NA,NA,NA,NA,94,395,35,"Las Vegas Raiders","REMAINING",NA
"Jake Tonges","TE","SF",NA,0,0,0,NA,0,0,NA,0,0,NA,0,NA,3.67,NA,"55404","FanDuel","16036","NumberFire","TE",5.09,1.94,19.2,NA,NA,0.13,NA,NA,NA,NA,NA,NA,NA,NA,NA,NA,NA,NA,NA,NA,NA,NA,NA,NA,NA,NA,NA,NA,NA,NA,NA,NA,NA,NA,NA,NA,NA,NA,NA,NA,NA,NA,NA,NA,95,417,27,"San Francisco 49ers","REMAINING",NA
"Josh Oliver","TE","MIN",NA,0,0,0,NA,0,0,NA,0,0,NA,0,NA,2.37,NA,"54399","FanDuel","14209","NumberFire","TE",1.73,1.26,11.64,NA,NA,0.1,NA,NA,NA,NA,NA,NA,NA,NA,NA,NA,NA,NA,NA,NA,NA,NA,NA,NA,NA,NA,NA,NA,NA,NA,NA,NA,NA,NA,NA,NA,NA,NA,NA,NA,NA,NA,NA,NA,96,438,18,"Minnesota Vikings","REMAINING",NA
"Jelani Woods","TE","NYJ",NA,0,0,0,NA,0,0,NA,0,0,NA,0,NA,2.26,NA,"55399","FanDuel","15840","NumberFire","TE",2.62,1.21,12.51,NA,NA,0.07,NA,NA,NA,NA,NA,NA,NA,NA,NA,NA,NA,NA,NA,NA,NA,NA,NA,NA,NA,NA,NA,NA,NA,NA,NA,NA,NA,NA,NA,NA,NA,NA,NA,NA,NA,NA,NA,NA,97,439,22,"New York Jets","REMAINING",NA
"Stone Smartt","TE","PHI",NA,0,0,0,NA,0,0,NA,0,0,NA,0,NA,2.06,NA,"55515","FanDuel","16113","NumberFire","TE",2.7,1.11,11.03,NA,NA,0.07,NA,NA,NA,NA,NA,NA,NA,NA,NA,NA,NA,NA,NA,NA,NA,NA,NA,NA,NA,NA,NA,NA,NA,NA,NA,NA,NA,NA,NA,NA,NA,NA,NA,NA,NA,NA,NA,NA,98,441,24,"Philadelphia Eagles","REMAINING",NA
"Jake Briningstool","TE","KC",NA,0,0,0,NA,0,0,NA,0,0,NA,0,NA,1.87,NA,"56724","FanDuel","17268","NumberFire","TE",1.41,0.93,9.46,NA,NA,0.08,NA,NA,NA,NA,NA,NA,NA,NA,NA,NA,NA,NA,NA,NA,NA,NA,NA,NA,NA,NA,NA,NA,NA,NA,NA,NA,NA,NA,NA,NA,NA,NA,NA,NA,NA,NA,NA,NA,99,444,16,"Kansas City Chiefs","REMAINING",NA
"Robert Tonyan","TE","PIT",NA,0,0,0,NA,0,0,NA,0,0,NA,0,NA,1.84,NA,"54046","FanDuel","13427","NumberFire","TE",1.72,1.01,9.15,NA,NA,0.07,NA,NA,NA,NA,NA,NA,NA,NA,NA,NA,NA,NA,NA,NA,NA,NA,NA,NA,NA,NA,NA,NA,NA,NA,NA,NA,NA,NA,NA,NA,NA,NA,NA,NA,NA,NA,NA,NA,100,446,25,"Pittsburgh Steelers","REMAINING",NA
"Carter Runyon","TE","LV",NA,0,0,0,NA,0,0,NA,0,0,NA,0,NA,1.76,NA,"56489","FanDuel","17385","NumberFire","TE",2,0.98,9.28,NA,NA,0.06,NA,NA,NA,NA,NA,NA,NA,NA,NA,NA,NA,NA,NA,NA,NA,NA,NA,NA,NA,NA,NA,NA,NA,NA,NA,NA,NA,NA,NA,NA,NA,NA,NA,NA,NA,NA,NA,NA,101,449,35,"Las Vegas Raiders","REMAINING",NA
"Grant Calcaterra","TE","PHI",NA,0,0,0,NA,0,0,NA,0,0,NA,0,NA,1.65,NA,"55414","FanDuel","15804","NumberFire","TE",2.09,0.87,8.79,NA,NA,0.06,NA,NA,NA,NA,NA,NA,NA,NA,NA,NA,NA,NA,NA,NA,NA,NA,NA,NA,NA,NA,NA,NA,NA,NA,NA,NA,NA,NA,NA,NA,NA,NA,NA,NA,NA,NA,NA,NA,102,450,24,"Philadelphia Eagles","REMAINING",NA
"Riley Nowakowski","TE","PIT",NA,0,0,0,NA,0,0,NA,0,0,NA,0,NA,1.39,NA,"56681","FanDuel","17648","NumberFire","TE",4.66,0.73,1.89,NA,NA,0.14,NA,NA,NA,NA,NA,NA,NA,NA,NA,NA,NA,NA,NA,NA,NA,NA,NA,NA,NA,NA,NA,NA,NA,NA,NA,NA,NA,NA,NA,NA,NA,NA,NA,NA,NA,NA,NA,NA,103,455,25,"Pittsburgh Steelers","REMAINING",NA
"E.J. Jenkins","TE","PHI",NA,0,0,0,NA,0,0,NA,0,0,NA,0,NA,1.32,NA,"56226","FanDuel","16919","NumberFire","TE",1.76,0.72,6.81,NA,NA,0.05,NA,NA,NA,NA,NA,NA,NA,NA,NA,NA,NA,NA,NA,NA,NA,NA,NA,NA,NA,NA,NA,NA,NA,NA,NA,NA,NA,NA,NA,NA,NA,NA,NA,NA,NA,NA,NA,NA,104,459,24,"Philadelphia Eagles","REMAINING",NA
"Johnny Mundt","TE","PHI",NA,0,0,0,NA,0,0,NA,0,0,NA,0,NA,1.3,NA,"54117","FanDuel","13940","NumberFire","TE",1.76,0.72,6.38,NA,NA,0.05,NA,NA,NA,NA,NA,NA,NA,NA,NA,NA,NA,NA,NA,NA,NA,NA,NA,NA,NA,NA,NA,NA,NA,NA,NA,NA,NA,NA,NA,NA,NA,NA,NA,NA,NA,NA,NA,NA,105,460,24,"Philadelphia Eagles","REMAINING",NA
"Colson Yankoff","TE","WSH",NA,0,0,0,NA,0,0,NA,0,0,NA,0,NA,1.3,NA,"56067","FanDuel","16898","NumberFire","TE",1.5,0.67,6.68,NA,NA,0.05,NA,NA,NA,NA,NA,NA,NA,NA,NA,NA,NA,NA,NA,NA,NA,NA,NA,NA,NA,NA,NA,NA,NA,NA,NA,NA,NA,NA,NA,NA,NA,NA,NA,NA,NA,NA,NA,NA,105,460,32,"Washington Commanders","REMAINING",NA
"Ko Kieft","TE","TB",NA,0,0,0,NA,0,0,NA,0,0,NA,0,NA,1.01,NA,"55387","FanDuel","15929","NumberFire","TE",1.25,0.6,5.33,NA,NA,0.03,NA,NA,NA,NA,NA,NA,NA,NA,NA,NA,NA,NA,NA,NA,NA,NA,NA,NA,NA,NA,NA,NA,NA,NA,NA,NA,NA,NA,NA,NA,NA,NA,NA,NA,NA,NA,NA,NA,107,464,30,"Tampa Bay Buccaneers","REMAINING",NA
"Ja'Tavion Sanders","TE","CAR",NA,0,0,0,NA,0,0,NA,0,0,NA,0,NA,0.81,NA,"56003","FanDuel","16643","NumberFire","TE",0.66,0.47,3.97,NA,NA,0.03,NA,NA,NA,NA,NA,NA,NA,NA,NA,NA,NA,NA,NA,NA,NA,NA,NA,NA,NA,NA,NA,NA,NA,NA,NA,NA,NA,NA,NA,NA,NA,NA,NA,NA,NA,NA,NA,NA,108,466,5,"Carolina Panthers","REMAINING",NA
"Josh Whyle","TE","GB",NA,0,0,0,NA,0,0,NA,0,0,NA,0,NA,0.8,NA,"55742","FanDuel","16312","NumberFire","TE",0.64,0.44,3.97,NA,NA,0.03,NA,NA,NA,NA,NA,NA,NA,NA,NA,NA,NA,NA,NA,NA,NA,NA,NA,NA,NA,NA,NA,NA,NA,NA,NA,NA,NA,NA,NA,NA,NA,NA,NA,NA,NA,NA,NA,NA,109,467,12,"Green Bay Packers","REMAINING",NA
"Keleki Latu","TE","BUF",NA,0,0,0,NA,0,0,NA,0,0,NA,0,NA,0.47,NA,"56560","FanDuel","17419","NumberFire","TE",0.34,0.24,2.28,NA,NA,0.02,NA,NA,NA,NA,NA,NA,NA,NA,NA,NA,NA,NA,NA,NA,NA,NA,NA,NA,NA,NA,NA,NA,NA,NA,NA,NA,NA,NA,NA,NA,NA,NA,NA,NA,NA,NA,NA,NA,110,471,4,"Buffalo Bills","REMAINING",NA
"Thomas Fidone II","TE","NYG",NA,0,0,0,NA,0,0,NA,0,0,NA,0,NA,0.38,NA,"56502","FanDuel","17243","NumberFire","TE",0.31,0.21,2.12,NA,NA,0.01,NA,NA,NA,NA,NA,NA,NA,NA,NA,NA,NA,NA,NA,NA,NA,NA,NA,NA,NA,NA,NA,NA,NA,NA,NA,NA,NA,NA,NA,NA,NA,NA,NA,NA,NA,NA,NA,NA,111,475,21,"New York Giants","REMAINING",NA
"Brayden Willis","TE","SF",NA,0,0,0,NA,0,0,NA,0,0,NA,0,NA,0.12,NA,"55780","FanDuel","16367","NumberFire","TE",0.89,0.08,0.22,NA,NA,0.01,NA,NA,NA,NA,NA,NA,NA,NA,NA,NA,NA,NA,NA,NA,NA,NA,NA,NA,NA,NA,NA,NA,NA,NA,NA,NA,NA,NA,NA,NA,NA,NA,NA,NA,NA,NA,NA,NA,112,479,27,"San Francisco 49ers","REMAINING",NA
"Tyler Conklin","TE","DET",NA,0,0,0,NA,0,0,NA,0,0,NA,0,NA,0,NA,"53898","FanDuel","13675","NumberFire","TE",0,0,0,NA,NA,0,NA,NA,NA,NA,NA,NA,NA,NA,NA,NA,NA,NA,NA,NA,NA,NA,NA,NA,NA,NA,NA,NA,NA,NA,NA,NA,NA,NA,NA,NA,NA,NA,NA,NA,NA,NA,NA,NA,113,480,11,"Detroit Lions","REMAINING",NA
"Feleipe Franks","TE","CAR",NA,0,0,0,NA,0,0,NA,0,0,NA,0,NA,0,NA,"55067","FanDuel","15244","NumberFire","TE",0,0,0,NA,NA,0,NA,NA,NA,NA,NA,NA,NA,NA,NA,NA,NA,NA,NA,NA,NA,NA,NA,NA,NA,NA,NA,NA,NA,NA,NA,NA,NA,NA,NA,NA,NA,NA,NA,NA,NA,NA,NA,NA,113,480,5,"Carolina Panthers","REMAINING",NA
"Brevin Jordan","TE","HOU",NA,0,0,0,NA,0,0,NA,0,0,NA,0,NA,0,NA,"55111","FanDuel","15330","NumberFire","TE",0,0,0,NA,NA,0,NA,NA,NA,NA,NA,NA,NA,NA,NA,NA,NA,NA,NA,NA,NA,NA,NA,NA,NA,NA,NA,NA,NA,NA,NA,NA,NA,NA,NA,NA,NA,NA,NA,NA,NA,NA,NA,NA,113,480,13,"Houston Texans","REMAINING",NA
"James Mitchell","TE","CAR",NA,0,0,0,NA,0,0,NA,0,0,NA,0,NA,0,NA,"55496","FanDuel","15909","NumberFire","TE",0,0,0,NA,NA,0,NA,NA,NA,NA,NA,NA,NA,NA,NA,NA,NA,NA,NA,NA,NA,NA,NA,NA,NA,NA,NA,NA,NA,NA,NA,NA,NA,NA,NA,NA,NA,NA,NA,NA,NA,NA,NA,NA,113,480,5,"Carolina Panthers","REMAINING",NA
"Luke Musgrave","TE","GB",NA,0,0,0,NA,0,0,NA,0,0,NA,0,NA,0,NA,"55616","FanDuel","16215","NumberFire","TE",0,0,0,NA,NA,0,NA,NA,NA,NA,NA,NA,NA,NA,NA,NA,NA,NA,NA,NA,NA,NA,NA,NA,NA,NA,NA,NA,NA,NA,NA,NA,NA,NA,NA,NA,NA,NA,NA,NA,NA,NA,NA,NA,113,480,12,"Green Bay Packers","REMAINING",NA
"Will Mallory","TE","IND",NA,0,0,0,NA,0,0,NA,0,0,NA,0,NA,0,NA,"55725","FanDuel","16220","NumberFire","TE",0,0,0,NA,NA,0,NA,NA,NA,NA,NA,NA,NA,NA,NA,NA,NA,NA,NA,NA,NA,NA,NA,NA,NA,NA,NA,NA,NA,NA,NA,NA,NA,NA,NA,NA,NA,NA,NA,NA,NA,NA,NA,NA,113,480,14,"Indianapolis Colts","REMAINING",NA
"Julian Hill","TE","NE",NA,0,0,0,NA,0,0,NA,0,0,NA,0,NA,0,NA,"55753","FanDuel","16425","NumberFire","TE",0,0,0,NA,NA,0,NA,NA,NA,NA,NA,NA,NA,NA,NA,NA,NA,NA,NA,NA,NA,NA,NA,NA,NA,NA,NA,NA,NA,NA,NA,NA,NA,NA,NA,NA,NA,NA,NA,NA,NA,NA,NA,NA,113,480,19,"New England Patriots","REMAINING",NA
"Nick Muse","TE","ATL",NA,0,0,0,NA,0,0,NA,0,0,NA,0,NA,0,NA,"55899","FanDuel","15937","NumberFire","TE",0,0,0,NA,NA,0,NA,NA,NA,NA,NA,NA,NA,NA,NA,NA,NA,NA,NA,NA,NA,NA,NA,NA,NA,NA,NA,NA,NA,NA,NA,NA,NA,NA,NA,NA,NA,NA,NA,NA,NA,NA,NA,NA,113,480,2,"Atlanta Falcons","REMAINING",NA
"Tip Reiman","TE","ARI",NA,0,0,0,NA,0,0,NA,0,0,NA,0,NA,0,NA,"56097","FanDuel","16706","NumberFire","TE",0,0,0,NA,NA,0,NA,NA,NA,NA,NA,NA,NA,NA,NA,NA,NA,NA,NA,NA,NA,NA,NA,NA,NA,NA,NA,NA,NA,NA,NA,NA,NA,NA,NA,NA,NA,NA,NA,NA,NA,NA,NA,NA,113,480,1,"Arizona Cardinals","REMAINING",NA
"Cam Grandy","TE","CIN",NA,0,0,0,NA,0,0,NA,0,0,NA,0,NA,0,NA,"56187","FanDuel","16979","NumberFire","TE",0,0,0,NA,NA,0,NA,NA,NA,NA,NA,NA,NA,NA,NA,NA,NA,NA,NA,NA,NA,NA,NA,NA,NA,NA,NA,NA,NA,NA,NA,NA,NA,NA,NA,NA,NA,NA,NA,NA,NA,NA,NA,NA,113,480,7,"Cincinnati Bengals","REMAINING",NA
"Justin Shorter","TE","LV",NA,0,0,0,NA,0,0,NA,0,0,NA,0,NA,0,NA,"56196","FanDuel","16210","NumberFire","TE",0,0,0,NA,NA,0,NA,NA,NA,NA,NA,NA,NA,NA,NA,NA,NA,NA,NA,NA,NA,NA,NA,NA,NA,NA,NA,NA,NA,NA,NA,NA,NA,NA,NA,NA,NA,NA,NA,NA,NA,NA,NA,NA,113,480,35,"Las Vegas Raiders","REMAINING",NA
"Moliki Matavao","TE","NO",NA,0,0,0,NA,0,0,NA,0,0,NA,0,NA,0,NA,"56343","FanDuel","17259","NumberFire","TE",0,0,0,NA,NA,0,NA,NA,NA,NA,NA,NA,NA,NA,NA,NA,NA,NA,NA,NA,NA,NA,NA,NA,NA,NA,NA,NA,NA,NA,NA,NA,NA,NA,NA,NA,NA,NA,NA,NA,NA,NA,NA,NA,113,480,20,"New Orleans Saints","REMAINING",NA
"Jack Westover","TE","WSH",NA,0,0,0,NA,0,0,NA,0,0,NA,0,NA,0,NA,"56352","FanDuel","16839","NumberFire","TE",0,0,0,NA,NA,0,NA,NA,NA,NA,NA,NA,NA,NA,NA,NA,NA,NA,NA,NA,NA,NA,NA,NA,NA,NA,NA,NA,NA,NA,NA,NA,NA,NA,NA,NA,NA,NA,NA,NA,NA,NA,NA,NA,113,480,32,"Washington Commanders","REMAINING",NA
"Cameron Latu","TE","PHI",NA,0,0,0,NA,0,0,NA,0,0,NA,0,NA,0,NA,"56444","FanDuel","16217","NumberFire","TE",0,0,0,NA,NA,0,NA,NA,NA,NA,NA,NA,NA,NA,NA,NA,NA,NA,NA,NA,NA,NA,NA,NA,NA,NA,NA,NA,NA,NA,NA,NA,NA,NA,NA,NA,NA,NA,NA,NA,NA,NA,NA,NA,113,480,24,"Philadelphia Eagles","REMAINING",NA
"Drake Dabney","TE","GB",NA,0,0,0,NA,0,0,NA,0,0,NA,0,NA,0,NA,"56599","FanDuel",NA,"NumberFire","TE",0,0,0,NA,NA,0,NA,NA,NA,NA,NA,NA,NA,NA,NA,NA,NA,NA,NA,NA,NA,NA,NA,NA,NA,NA,NA,NA,NA,NA,NA,NA,NA,NA,NA,NA,NA,NA,NA,NA,NA,NA,NA,NA,113,480,12,"Green Bay Packers","REMAINING",NA
"Max Klare","TE","LA",NA,0,0,0,NA,0,0,NA,0,0,NA,0,NA,0,NA,"56665","FanDuel","17547","NumberFire","TE",0,0,0,NA,NA,0,NA,NA,NA,NA,NA,NA,NA,NA,NA,NA,NA,NA,NA,NA,NA,NA,NA,NA,NA,NA,NA,NA,NA,NA,NA,NA,NA,NA,NA,NA,NA,NA,NA,NA,NA,NA,NA,NA,113,480,33,"Los Angeles Rams","REMAINING",NA
"Eli Stowers","TE","PHI",NA,0,0,0,NA,0,0,NA,0,0,NA,0,NA,0,NA,"56677","FanDuel","17544","NumberFire","TE",0,0,0,NA,NA,0,NA,NA,NA,NA,NA,NA,NA,NA,NA,NA,NA,NA,NA,NA,NA,NA,NA,NA,NA,NA,NA,NA,NA,NA,NA,NA,NA,NA,NA,NA,NA,NA,NA,NA,NA,NA,NA,NA,113,480,24,"Philadelphia Eagles","REMAINING",NA
"Tanner Arkin","TE","NE",NA,0,0,0,NA,0,0,NA,0,0,NA,0,NA,0,NA,"56692","FanDuel","17795","NumberFire","TE",0,0,0,NA,NA,0,NA,NA,NA,NA,NA,NA,NA,NA,NA,NA,NA,NA,NA,NA,NA,NA,NA,NA,NA,NA,NA,NA,NA,NA,NA,NA,NA,NA,NA,NA,NA,NA,NA,NA,NA,NA,NA,NA,113,480,19,"New England Patriots","REMAINING",NA
"Bauer Sharp","TE","TB",NA,0,0,0,NA,0,0,NA,0,0,NA,0,NA,0,NA,"56694","FanDuel","17660","NumberFire","TE",0,0,0,NA,NA,0,NA,NA,NA,NA,NA,NA,NA,NA,NA,NA,NA,NA,NA,NA,NA,NA,NA,NA,NA,NA,NA,NA,NA,NA,NA,NA,NA,NA,NA,NA,NA,NA,NA,NA,NA,NA,NA,NA,113,480,30,"Tampa Bay Buccaneers","REMAINING",NA
"Carsen Ryan","TE","CLE",NA,0,0,0,NA,0,0,NA,0,0,NA,0,NA,0,NA,"56696","FanDuel","17696","NumberFire","TE",0,0,0,NA,NA,0,NA,NA,NA,NA,NA,NA,NA,NA,NA,NA,NA,NA,NA,NA,NA,NA,NA,NA,NA,NA,NA,NA,NA,NA,NA,NA,NA,NA,NA,NA,NA,NA,NA,NA,NA,NA,NA,NA,113,480,8,"Cleveland Browns","REMAINING",NA
"Seydou Traore","TE","MIA",NA,0,0,0,NA,0,0,NA,0,0,NA,0,NA,0,NA,"56697","FanDuel","17655","NumberFire","TE",0,0,0,NA,NA,0,NA,NA,NA,NA,NA,NA,NA,NA,NA,NA,NA,NA,NA,NA,NA,NA,NA,NA,NA,NA,NA,NA,NA,NA,NA,NA,NA,NA,NA,NA,NA,NA,NA,NA,NA,NA,NA,NA,113,480,17,"Miami Dolphins","REMAINING",NA
"Gavin Bartholomew","TE","MIN",NA,0,0,0,NA,0,0,NA,0,0,NA,0,NA,0,NA,"56700","FanDuel","17231","NumberFire","TE",0,0,0,NA,NA,0,NA,NA,NA,NA,NA,NA,NA,NA,NA,NA,NA,NA,NA,NA,NA,NA,NA,NA,NA,NA,NA,NA,NA,NA,NA,NA,NA,NA,NA,NA,NA,NA,NA,NA,NA,NA,NA,NA,113,480,18,"Minnesota Vikings","REMAINING",NA
"Mark Redman","TE","GB",NA,0,0,0,NA,0,0,NA,0,0,NA,0,NA,0,NA,"56704","FanDuel",NA,"NumberFire","TE",0,0,0,NA,NA,0,NA,NA,NA,NA,NA,NA,NA,NA,NA,NA,NA,NA,NA,NA,NA,NA,NA,NA,NA,NA,NA,NA,NA,NA,NA,NA,NA,NA,NA,NA,NA,NA,NA,NA,NA,NA,NA,NA,113,480,12,"Green Bay Packers","REMAINING",NA
"Jack Endries","TE","CIN",NA,0,0,0,NA,0,0,NA,0,0,NA,0,NA,0,NA,"56810","FanDuel","17545","NumberFire","TE",0,0,0,NA,NA,0,NA,NA,NA,NA,NA,NA,NA,NA,NA,NA,NA,NA,NA,NA,NA,NA,NA,NA,NA,NA,NA,NA,NA,NA,NA,NA,NA,NA,NA,NA,NA,NA,NA,NA,NA,NA,NA,NA,113,480,7,"Cincinnati Bengals","REMAINING",NA
"Patrick Gurd","TE","LV",NA,0,0,0,NA,0,0,NA,0,0,NA,0,NA,0,NA,"56832","FanDuel",NA,"NumberFire","TE",0,0,0,NA,NA,0,NA,NA,NA,NA,NA,NA,NA,NA,NA,NA,NA,NA,NA,NA,NA,NA,NA,NA,NA,NA,NA,NA,NA,NA,NA,NA,NA,NA,NA,NA,NA,NA,NA,NA,NA,NA,NA,NA,113,480,35,"Las Vegas Raiders","REMAINING",NA
"Justin Joly","TE","MIA",NA,0,0,0,NA,0,0,NA,0,0,NA,0,NA,0,NA,"56870","FanDuel","17548","NumberFire","TE",0,0,0,NA,NA,0,NA,NA,NA,NA,NA,NA,NA,NA,NA,NA,NA,NA,NA,NA,NA,NA,NA,NA,NA,NA,NA,NA,NA,NA,NA,NA,NA,NA,NA,NA,NA,NA,NA,NA,NA,NA,NA,NA,113,480,17,"Miami Dolphins","REMAINING",NA
"Patrick Herbert","TE","LAC",NA,0,0,0,NA,0,0,NA,0,0,NA,0,NA,0,NA,"56874","FanDuel",NA,"NumberFire","TE",0,0,0,NA,NA,0,NA,NA,NA,NA,NA,NA,NA,NA,NA,NA,NA,NA,NA,NA,NA,NA,NA,NA,NA,NA,NA,NA,NA,NA,NA,NA,NA,NA,NA,NA,NA,NA,NA,NA,NA,NA,NA,NA,113,480,34,"Los Angeles Chargers","REMAINING",NA
"Tanner Koziol","TE","JAC",NA,0,0,0,NA,0,0,NA,0,0,NA,0,NA,0,NA,"56875","FanDuel","17644","NumberFire","TE",0,0,0,NA,NA,0,NA,NA,NA,NA,NA,NA,NA,NA,NA,NA,NA,NA,NA,NA,NA,NA,NA,NA,NA,NA,NA,NA,NA,NA,NA,NA,NA,NA,NA,NA,NA,NA,NA,NA,NA,NA,NA,NA,113,480,15,"Jacksonville Jaguars","REMAINING",NA
"Jake Bates","K","DET",NA,NA,NA,NA,NA,NA,NA,NA,NA,NA,NA,NA,NA,139.45,NA,"55997","FanDuel","16846","NumberFire","K",NA,NA,NA,NA,NA,NA,27.69,32.08,0.84,NA,9.59,NA,7.46,NA,7.13,NA,2.68,NA,43.86,44.84,NA,NA,NA,NA,NA,NA,NA,NA,NA,NA,NA,NA,NA,NA,NA,NA,NA,NA,NA,NA,NA,NA,NA,NA,1,NA,11,"Detroit Lions","REMAINING",NA
"Cam Little","K","JAC",NA,NA,NA,NA,NA,NA,NA,NA,NA,NA,NA,NA,NA,138.69,NA,"55987","FanDuel","16680","NumberFire","K",NA,NA,NA,NA,NA,NA,29.55,33.86,0.18,NA,9.16,NA,9.38,NA,6.54,NA,4.27,NA,35.02,35.54,NA,NA,NA,NA,NA,NA,NA,NA,NA,NA,NA,NA,NA,NA,NA,NA,NA,NA,NA,NA,NA,NA,NA,NA,2,NA,15,"Jacksonville Jaguars","REMAINING",NA
"Eddy Pineiro","K","SF",NA,NA,NA,NA,NA,NA,NA,NA,NA,NA,NA,NA,NA,134.93,NA,"54195","FanDuel","13719","NumberFire","K",NA,NA,NA,NA,NA,NA,25.88,28.72,0,NA,6.89,NA,7.97,NA,7.93,NA,3.04,NA,43.43,44.08,NA,NA,NA,NA,NA,NA,NA,NA,NA,NA,NA,NA,NA,NA,NA,NA,NA,NA,NA,NA,NA,NA,NA,NA,3,NA,27,"San Francisco 49ers","REMAINING",NA
"Will Reichard","K","MIN",NA,NA,NA,NA,NA,NA,NA,NA,NA,NA,NA,NA,NA,132.99,NA,"55919","FanDuel","16681","NumberFire","K",NA,NA,NA,NA,NA,NA,29.35,32.03,0.1,NA,7.46,NA,8.17,NA,8.75,NA,4.99,NA,25.85,26.53,NA,NA,NA,NA,NA,NA,NA,NA,NA,NA,NA,NA,NA,NA,NA,NA,NA,NA,NA,NA,NA,NA,NA,NA,4,NA,18,"Minnesota Vikings","REMAINING",NA
"Harrison Mevis","K","LA",NA,NA,NA,NA,NA,NA,NA,NA,NA,NA,NA,NA,NA,132.72,NA,"56286","FanDuel","16843","NumberFire","K",NA,NA,NA,NA,NA,NA,25.34,29.86,0.12,NA,6.8,NA,9.53,NA,6.26,NA,2.69,NA,44.88,45.62,NA,NA,NA,NA,NA,NA,NA,NA,NA,NA,NA,NA,NA,NA,NA,NA,NA,NA,NA,NA,NA,NA,NA,NA,5,NA,33,"Los Angeles Rams","REMAINING",NA
"Ka'imi Fairbairn","K","HOU",NA,NA,NA,NA,NA,NA,NA,NA,NA,NA,NA,NA,NA,130.67,NA,"53463","FanDuel","12860","NumberFire","K",NA,NA,NA,NA,NA,NA,29,32.74,0.12,NA,8.52,NA,9.15,NA,8.28,NA,3.03,NA,29.03,29.55,NA,NA,NA,NA,NA,NA,NA,NA,NA,NA,NA,NA,NA,NA,NA,NA,NA,NA,NA,NA,NA,NA,NA,NA,6,NA,13,"Houston Texans","REMAINING",NA
"Brandon Aubrey","K","DAL",NA,NA,NA,NA,NA,NA,NA,NA,NA,NA,NA,NA,NA,130.05,NA,"55648","FanDuel","16414","NumberFire","K",NA,NA,NA,NA,NA,NA,26.35,30.12,0.18,NA,8.92,NA,7.82,NA,6.57,NA,2.89,NA,38.56,39.88,NA,NA,NA,NA,NA,NA,NA,NA,NA,NA,NA,NA,NA,NA,NA,NA,NA,NA,NA,NA,NA,NA,NA,NA,7,NA,9,"Dallas Cowboys","REMAINING",NA
"Evan McPherson","K","CIN",NA,NA,NA,NA,NA,NA,NA,NA,NA,NA,NA,NA,NA,129.74,NA,"54904","FanDuel","15368","NumberFire","K",NA,NA,NA,NA,NA,NA,27.7,30.9,0.22,NA,7.02,NA,7.8,NA,8.51,NA,4.19,NA,29.63,30.67,NA,NA,NA,NA,NA,NA,NA,NA,NA,NA,NA,NA,NA,NA,NA,NA,NA,NA,NA,NA,NA,NA,NA,NA,8,NA,7,"Cincinnati Bengals","REMAINING",NA
"Riley Patterson","K","MIA",NA,NA,NA,NA,NA,NA,NA,NA,NA,NA,NA,NA,NA,129.49,NA,"55158","FanDuel","15369","NumberFire","K",NA,NA,NA,NA,NA,NA,27.74,30.87,0.36,NA,6.31,NA,8.41,NA,9.01,NA,3.72,NA,29.61,30.68,NA,NA,NA,NA,NA,NA,NA,NA,NA,NA,NA,NA,NA,NA,NA,NA,NA,NA,NA,NA,NA,NA,NA,NA,9,NA,17,"Miami Dolphins","REMAINING",NA
"Drew Stevens","K","WSH",NA,NA,NA,NA,NA,NA,NA,NA,NA,NA,NA,NA,NA,127.82,NA,"56739","FanDuel","17726","NumberFire","K",NA,NA,NA,NA,NA,NA,26.22,31.33,0.56,NA,8.51,NA,7.2,NA,7.76,NA,2.3,NA,36.47,37.6,NA,NA,NA,NA,NA,NA,NA,NA,NA,NA,NA,NA,NA,NA,NA,NA,NA,NA,NA,NA,NA,NA,NA,NA,10,NA,32,"Washington Commanders","REMAINING",NA
"Nick Folk","K","ATL",NA,NA,NA,NA,NA,NA,NA,NA,NA,NA,NA,NA,NA,126.86,NA,"2816","FanDuel","8851","NumberFire","K",NA,NA,NA,NA,NA,NA,28.8,32.54,0.22,NA,8.8,NA,9.17,NA,8.45,NA,2.27,NA,27.14,27.8,NA,NA,NA,NA,NA,NA,NA,NA,NA,NA,NA,NA,NA,NA,NA,NA,NA,NA,NA,NA,NA,NA,NA,NA,11,NA,2,"Atlanta Falcons","REMAINING",NA
"Spencer Shrader","K","IND",NA,NA,NA,NA,NA,NA,NA,NA,NA,NA,NA,NA,NA,126.48,NA,"56002","FanDuel","16896","NumberFire","K",NA,NA,NA,NA,NA,NA,23.6,26.44,0.42,NA,5.85,NA,7.52,NA,7.29,NA,2.56,NA,43.15,44.13,NA,NA,NA,NA,NA,NA,NA,NA,NA,NA,NA,NA,NA,NA,NA,NA,NA,NA,NA,NA,NA,NA,NA,NA,12,NA,14,"Indianapolis Colts","REMAINING",NA
"Cairo Santos","K","CHI",NA,NA,NA,NA,NA,NA,NA,NA,NA,NA,NA,NA,NA,126.29,NA,"52487","FanDuel","11945","NumberFire","K",NA,NA,NA,NA,NA,NA,24.98,29.6,0.32,NA,7.87,NA,8.09,NA,6.88,NA,1.93,NA,40.28,41.89,NA,NA,NA,NA,NA,NA,NA,NA,NA,NA,NA,NA,NA,NA,NA,NA,NA,NA,NA,NA,NA,NA,NA,NA,13,NA,6,"Chicago Bears","REMAINING",NA
"Trey Smack","K","GB",NA,NA,NA,NA,NA,NA,NA,NA,NA,NA,NA,NA,NA,124.57,NA,"56688","FanDuel","17668","NumberFire","K",NA,NA,NA,NA,NA,NA,25.19,30.41,0.42,NA,9.53,NA,6.7,NA,5.67,NA,2.96,NA,37.14,37.99,NA,NA,NA,NA,NA,NA,NA,NA,NA,NA,NA,NA,NA,NA,NA,NA,NA,NA,NA,NA,NA,NA,NA,NA,14,NA,12,"Green Bay Packers","REMAINING",NA
"Jason Myers","K","SEA",NA,NA,NA,NA,NA,NA,NA,NA,NA,NA,NA,NA,NA,123.67,NA,"52814","FanDuel","12437","NumberFire","K",NA,NA,NA,NA,NA,NA,25.43,31.79,0.6,NA,9.21,NA,6.96,NA,6.16,NA,2.54,NA,36.02,37.13,NA,NA,NA,NA,NA,NA,NA,NA,NA,NA,NA,NA,NA,NA,NA,NA,NA,NA,NA,NA,NA,NA,NA,NA,15,NA,28,"Seattle Seahawks","REMAINING",NA
"Tyler Bass","K","BUF",NA,NA,NA,NA,NA,NA,NA,NA,NA,NA,NA,NA,NA,123.26,NA,"54578","FanDuel","14983","NumberFire","K",NA,NA,NA,NA,NA,NA,23.91,29.47,0.44,NA,8.61,NA,6.88,NA,5.37,NA,2.55,NA,41.24,42.34,NA,NA,NA,NA,NA,NA,NA,NA,NA,NA,NA,NA,NA,NA,NA,NA,NA,NA,NA,NA,NA,NA,NA,NA,16,NA,4,"Buffalo Bills","REMAINING",NA
"Tyler Loop","K","BAL",NA,NA,NA,NA,NA,NA,NA,NA,NA,NA,NA,NA,NA,122.2,NA,"56289","FanDuel","17222","NumberFire","K",NA,NA,NA,NA,NA,NA,24.89,29.77,0.02,NA,7.67,NA,9.08,NA,6.27,NA,1.86,NA,37.51,38.49,NA,NA,NA,NA,NA,NA,NA,NA,NA,NA,NA,NA,NA,NA,NA,NA,NA,NA,NA,NA,NA,NA,NA,NA,17,NA,3,"Baltimore Ravens","REMAINING",NA
"Andy Borregales","K","NE",NA,NA,NA,NA,NA,NA,NA,NA,NA,NA,NA,NA,NA,120.41,NA,"56311","FanDuel","17220","NumberFire","K",NA,NA,NA,NA,NA,NA,23.86,29.6,0.5,NA,8.71,NA,8.42,NA,4.41,NA,1.83,NA,40.73,42.22,NA,NA,NA,NA,NA,NA,NA,NA,NA,NA,NA,NA,NA,NA,NA,NA,NA,NA,NA,NA,NA,NA,NA,NA,18,NA,19,"New England Patriots","REMAINING",NA
"Dominic Zvada","K","NYG",NA,NA,NA,NA,NA,NA,NA,NA,NA,NA,NA,NA,NA,120.25,NA,"56733","FanDuel","17736","NumberFire","K",NA,NA,NA,NA,NA,NA,25.1,29.35,0.58,NA,8.21,NA,7.24,NA,7.14,NA,2.01,NA,33.55,34.73,NA,NA,NA,NA,NA,NA,NA,NA,NA,NA,NA,NA,NA,NA,NA,NA,NA,NA,NA,NA,NA,NA,NA,NA,19,NA,21,"New York Giants","REMAINING",NA
"Jake Elliott","K","PHI",NA,NA,NA,NA,NA,NA,NA,NA,NA,NA,NA,NA,NA,117.23,NA,"53569","FanDuel","13303","NumberFire","K",NA,NA,NA,NA,NA,NA,23.84,29.71,0.3,NA,7.42,NA,7.87,NA,6.78,NA,1.5,NA,35.84,37.68,NA,NA,NA,NA,NA,NA,NA,NA,NA,NA,NA,NA,NA,NA,NA,NA,NA,NA,NA,NA,NA,NA,NA,NA,20,NA,24,"Philadelphia Eagles","REMAINING",NA
"Harrison Butker","K","KC",NA,NA,NA,NA,NA,NA,NA,NA,NA,NA,NA,NA,NA,116.1,NA,"53628","FanDuel","13354","NumberFire","K",NA,NA,NA,NA,NA,NA,24.09,29.09,0.43,NA,7.08,NA,9.36,NA,5.52,NA,1.71,NA,34.86,35.5,NA,NA,NA,NA,NA,NA,NA,NA,NA,NA,NA,NA,NA,NA,NA,NA,NA,NA,NA,NA,NA,NA,NA,NA,21,NA,16,"Kansas City Chiefs","REMAINING",NA
"Chase McLaughlin","K","TB",NA,NA,NA,NA,NA,NA,NA,NA,NA,NA,NA,NA,NA,111.44,NA,"54352","FanDuel","14717","NumberFire","K",NA,NA,NA,NA,NA,NA,24.39,29.12,0.66,NA,8.17,NA,7.1,NA,6.89,NA,1.56,NA,28.29,29.26,NA,NA,NA,NA,NA,NA,NA,NA,NA,NA,NA,NA,NA,NA,NA,NA,NA,NA,NA,NA,NA,NA,NA,NA,22,NA,30,"Tampa Bay Buccaneers","REMAINING",NA
"Ryan Fitzgerald","K","CAR",NA,NA,NA,NA,NA,NA,NA,NA,NA,NA,NA,NA,NA,110.12,NA,"56309","FanDuel","17277","NumberFire","K",NA,NA,NA,NA,NA,NA,23.09,28.53,0.15,NA,6.79,NA,7.38,NA,6.43,NA,2.42,NA,29.34,30.27,NA,NA,NA,NA,NA,NA,NA,NA,NA,NA,NA,NA,NA,NA,NA,NA,NA,NA,NA,NA,NA,NA,NA,NA,23,NA,5,"Carolina Panthers","REMAINING",NA
"Joey Slye","K","TEN",NA,NA,NA,NA,NA,NA,NA,NA,NA,NA,NA,NA,NA,109.94,NA,"54202","FanDuel","14600","NumberFire","K",NA,NA,NA,NA,NA,NA,24.1,28.15,0.47,NA,5.92,NA,7.26,NA,7.13,NA,3.42,NA,23.37,23.8,NA,NA,NA,NA,NA,NA,NA,NA,NA,NA,NA,NA,NA,NA,NA,NA,NA,NA,NA,NA,NA,NA,NA,NA,24,NA,31,"Tennessee Titans","REMAINING",NA
"Chris Boswell","K","PIT",NA,NA,NA,NA,NA,NA,NA,NA,NA,NA,NA,NA,NA,108.52,NA,"52927","FanDuel","11936","NumberFire","K",NA,NA,NA,NA,NA,NA,23.26,28.35,0.12,NA,6.07,NA,7.17,NA,7.55,NA,2.35,NA,26.49,27.2,NA,NA,NA,NA,NA,NA,NA,NA,NA,NA,NA,NA,NA,NA,NA,NA,NA,NA,NA,NA,NA,NA,NA,NA,25,NA,25,"Pittsburgh Steelers","REMAINING",NA
"Daniel Carlson","K","NO",NA,NA,NA,NA,NA,NA,NA,NA,NA,NA,NA,NA,NA,107.34,NA,"53818","FanDuel","13718","NumberFire","K",NA,NA,NA,NA,NA,NA,23.47,27.29,0.25,NA,8.05,NA,7.3,NA,5.51,NA,2.29,NA,27.05,28.35,NA,NA,NA,NA,NA,NA,NA,NA,NA,NA,NA,NA,NA,NA,NA,NA,NA,NA,NA,NA,NA,NA,NA,NA,26,NA,20,"New Orleans Saints","REMAINING",NA
"Wil Lutz","K","DEN",NA,NA,NA,NA,NA,NA,NA,NA,NA,NA,NA,NA,NA,107.09,NA,"53178","FanDuel","12956","NumberFire","K",NA,NA,NA,NA,NA,NA,21.14,26.68,0.49,NA,7.59,NA,6.18,NA,5.18,NA,1.8,NA,34.59,35.28,NA,NA,NA,NA,NA,NA,NA,NA,NA,NA,NA,NA,NA,NA,NA,NA,NA,NA,NA,NA,NA,NA,NA,NA,27,NA,10,"Denver Broncos","REMAINING",NA
"Andre Szmyt","K","CLE",NA,NA,NA,NA,NA,NA,NA,NA,NA,NA,NA,NA,NA,106.93,NA,"56310","FanDuel","16419","NumberFire","K",NA,NA,NA,NA,NA,NA,23.58,27.54,0.22,NA,5.56,NA,7.81,NA,6.97,NA,3.15,NA,22.53,22.93,NA,NA,NA,NA,NA,NA,NA,NA,NA,NA,NA,NA,NA,NA,NA,NA,NA,NA,NA,NA,NA,NA,NA,NA,28,NA,8,"Cleveland Browns","REMAINING",NA
"Chad Ryland","K","ARI",NA,NA,NA,NA,NA,NA,NA,NA,NA,NA,NA,NA,NA,102.77,NA,"55627","FanDuel","16292","NumberFire","K",NA,NA,NA,NA,NA,NA,21.62,29.35,0.18,NA,5.85,NA,7.67,NA,6.45,NA,1.46,NA,28.57,29.19,NA,NA,NA,NA,NA,NA,NA,NA,NA,NA,NA,NA,NA,NA,NA,NA,NA,NA,NA,NA,NA,NA,NA,NA,29,NA,1,"Arizona Cardinals","REMAINING",NA
"Cameron Dicker","K","LAC",NA,NA,NA,NA,NA,NA,NA,NA,NA,NA,NA,NA,NA,100.18,NA,"55437","FanDuel","15979","NumberFire","K",NA,NA,NA,NA,NA,NA,21.14,25.93,0.24,NA,7.6,NA,6.65,NA,4.48,NA,2.27,NA,27.44,28.11,NA,NA,NA,NA,NA,NA,NA,NA,NA,NA,NA,NA,NA,NA,NA,NA,NA,NA,NA,NA,NA,NA,NA,NA,30,NA,34,"Los Angeles Chargers","REMAINING",NA
"Matt Gay","K","LV",NA,NA,NA,NA,NA,NA,NA,NA,NA,NA,NA,NA,NA,98.51,NA,"54199","FanDuel","14244","NumberFire","K",NA,NA,NA,NA,NA,NA,21.02,27.51,0.28,NA,5.27,NA,5.98,NA,7.12,NA,2.48,NA,23.04,24.34,NA,NA,NA,NA,NA,NA,NA,NA,NA,NA,NA,NA,NA,NA,NA,NA,NA,NA,NA,NA,NA,NA,NA,NA,31,NA,35,"Las Vegas Raiders","REMAINING",NA
"Blake Grupe","K","NYJ",NA,NA,NA,NA,NA,NA,NA,NA,NA,NA,NA,NA,NA,98.13,NA,"55655","FanDuel","16444","NumberFire","K",NA,NA,NA,NA,NA,NA,21.5,28.82,0.1,NA,6.67,NA,7.81,NA,4.67,NA,2.16,NA,24.91,26.36,NA,NA,NA,NA,NA,NA,NA,NA,NA,NA,NA,NA,NA,NA,NA,NA,NA,NA,NA,NA,NA,NA,NA,NA,32,NA,22,"New York Jets","REMAINING",NA
"Pittsburgh D/ST","DST","PIT",NA,NA,NA,NA,NA,NA,NA,NA,NA,NA,NA,NA,NA,117.48,NA,"2916","FanDuel","0510","NumberFire","DST",NA,NA,NA,NA,NA,NA,NA,NA,NA,NA,NA,NA,NA,NA,NA,NA,NA,NA,NA,NA,9.42,NA,53.68,NA,NA,NA,2.54,316.1,NA,NA,NA,4827.9,NA,NA,NA,NA,NA,NA,NA,NA,NA,NA,NA,NA,1,NA,25,"Pittsburgh Steelers","REMAINING",6.77
"Houston D/ST","DST","HOU",NA,NA,NA,NA,NA,NA,NA,NA,NA,NA,NA,NA,NA,113.71,NA,"2904","FanDuel","0532","NumberFire","DST",NA,NA,NA,NA,NA,NA,NA,NA,NA,NA,NA,NA,NA,NA,NA,NA,NA,NA,NA,NA,10.05,NA,40.83,NA,NA,NA,2.81,290.6,NA,NA,NA,4847.7,NA,NA,NA,NA,NA,NA,NA,NA,NA,NA,NA,NA,2,NA,13,"Houston Texans","REMAINING",6.66
"Denver D/ST","DST","DEN",NA,NA,NA,NA,NA,NA,NA,NA,NA,NA,NA,NA,NA,113.58,NA,"2901","FanDuel","0511","NumberFire","DST",NA,NA,NA,NA,NA,NA,NA,NA,NA,NA,NA,NA,NA,NA,NA,NA,NA,NA,NA,NA,9.35,NA,45.74,NA,NA,NA,2.68,301.2,NA,NA,NA,4702.3,NA,NA,NA,NA,NA,NA,NA,NA,NA,NA,NA,NA,3,NA,10,"Denver Broncos","REMAINING",6.45
"Minnesota D/ST","DST","MIN",NA,NA,NA,NA,NA,NA,NA,NA,NA,NA,NA,NA,NA,112.26,NA,"2909","FanDuel","0524","NumberFire","DST",NA,NA,NA,NA,NA,NA,NA,NA,NA,NA,NA,NA,NA,NA,NA,NA,NA,NA,NA,NA,10.38,NA,45.38,NA,NA,NA,2.61,317,NA,NA,NA,5031.9,NA,NA,NA,NA,NA,NA,NA,NA,NA,NA,NA,NA,4,NA,18,"Minnesota Vikings","REMAINING",7.16
"Seattle D/ST","DST","SEA",NA,NA,NA,NA,NA,NA,NA,NA,NA,NA,NA,NA,NA,108.84,NA,"2919","FanDuel","0515","NumberFire","DST",NA,NA,NA,NA,NA,NA,NA,NA,NA,NA,NA,NA,NA,NA,NA,NA,NA,NA,NA,NA,10.42,NA,39.51,NA,NA,NA,2.77,300.1,NA,NA,NA,4782.3,NA,NA,NA,NA,NA,NA,NA,NA,NA,NA,NA,NA,5,NA,28,"Seattle Seahawks","REMAINING",5.76
"Philadelphia D/ST","DST","PHI",NA,NA,NA,NA,NA,NA,NA,NA,NA,NA,NA,NA,NA,105.17,NA,"2915","FanDuel","0518","NumberFire","DST",NA,NA,NA,NA,NA,NA,NA,NA,NA,NA,NA,NA,NA,NA,NA,NA,NA,NA,NA,NA,11.71,NA,33.02,NA,NA,NA,2.74,301.9,NA,NA,NA,5034.6,NA,NA,NA,NA,NA,NA,NA,NA,NA,NA,NA,NA,6,NA,24,"Philadelphia Eagles","REMAINING",6.22
"Buffalo D/ST","DST","BUF",NA,NA,NA,NA,NA,NA,NA,NA,NA,NA,NA,NA,NA,103.33,NA,"2895","FanDuel","0501","NumberFire","DST",NA,NA,NA,NA,NA,NA,NA,NA,NA,NA,NA,NA,NA,NA,NA,NA,NA,NA,NA,NA,10.28,NA,39.77,NA,NA,NA,2.61,324.2,NA,NA,NA,5012.3,NA,NA,NA,NA,NA,NA,NA,NA,NA,NA,NA,NA,7,NA,4,"Buffalo Bills","REMAINING",6.38
"Los Angeles Chargers D/ST","DST","LAC",NA,NA,NA,NA,NA,NA,NA,NA,NA,NA,NA,NA,NA,101.07,NA,"53451","FanDuel","0514","NumberFire","DST",NA,NA,NA,NA,NA,NA,NA,NA,NA,NA,NA,NA,NA,NA,NA,NA,NA,NA,NA,NA,10.38,NA,43.85,NA,NA,NA,2.36,343.2,NA,NA,NA,5019.8,NA,NA,NA,NA,NA,NA,NA,NA,NA,NA,NA,NA,8,NA,34,"Los Angeles Chargers","REMAINING",6.22
"Kansas City D/ST","DST","KC",NA,NA,NA,NA,NA,NA,NA,NA,NA,NA,NA,NA,NA,100.46,NA,"2907","FanDuel","0512","NumberFire","DST",NA,NA,NA,NA,NA,NA,NA,NA,NA,NA,NA,NA,NA,NA,NA,NA,NA,NA,NA,NA,10.38,NA,34.59,NA,NA,NA,2.66,315.3,NA,NA,NA,5044.7,NA,NA,NA,NA,NA,NA,NA,NA,NA,NA,NA,NA,9,NA,16,"Kansas City Chiefs","REMAINING",6.27
"New England D/ST","DST","NE",NA,NA,NA,NA,NA,NA,NA,NA,NA,NA,NA,NA,NA,100.08,NA,"2910","FanDuel","0504","NumberFire","DST",NA,NA,NA,NA,NA,NA,NA,NA,NA,NA,NA,NA,NA,NA,NA,NA,NA,NA,NA,NA,10.02,NA,35.55,NA,NA,NA,2.62,320.8,NA,NA,NA,4959.9,NA,NA,NA,NA,NA,NA,NA,NA,NA,NA,NA,NA,10,NA,19,"New England Patriots","REMAINING",6.7
"New Orleans D/ST","DST","NO",NA,NA,NA,NA,NA,NA,NA,NA,NA,NA,NA,NA,NA,99.67,NA,"2911","FanDuel","0529","NumberFire","DST",NA,NA,NA,NA,NA,NA,NA,NA,NA,NA,NA,NA,NA,NA,NA,NA,NA,NA,NA,NA,10.48,NA,37.57,NA,NA,NA,2.47,330.6,NA,NA,NA,4792.8,NA,NA,NA,NA,NA,NA,NA,NA,NA,NA,NA,NA,11,NA,20,"New Orleans Saints","REMAINING",6.72
"Detroit D/ST","DST","DET",NA,NA,NA,NA,NA,NA,NA,NA,NA,NA,NA,NA,NA,99.66,NA,"2902","FanDuel","0522","NumberFire","DST",NA,NA,NA,NA,NA,NA,NA,NA,NA,NA,NA,NA,NA,NA,NA,NA,NA,NA,NA,NA,11.08,NA,38.47,NA,NA,NA,2.49,342.6,NA,NA,NA,5089.4,NA,NA,NA,NA,NA,NA,NA,NA,NA,NA,NA,NA,12,NA,11,"Detroit Lions","REMAINING",7.09
"Los Angeles Rams D/ST","DST","LA",NA,NA,NA,NA,NA,NA,NA,NA,NA,NA,NA,NA,NA,99.38,NA,"53450","FanDuel","0528","NumberFire","DST",NA,NA,NA,NA,NA,NA,NA,NA,NA,NA,NA,NA,NA,NA,NA,NA,NA,NA,NA,NA,10.43,NA,33.18,NA,NA,NA,2.67,313.4,NA,NA,NA,5024.5,NA,NA,NA,NA,NA,NA,NA,NA,NA,NA,NA,NA,13,NA,33,"Los Angeles Rams","REMAINING",6.18
"Chicago D/ST","DST","CHI",NA,NA,NA,NA,NA,NA,NA,NA,NA,NA,NA,NA,NA,96.23,NA,"2897","FanDuel","0521","NumberFire","DST",NA,NA,NA,NA,NA,NA,NA,NA,NA,NA,NA,NA,NA,NA,NA,NA,NA,NA,NA,NA,10.87,NA,38.82,NA,NA,NA,2.31,355,NA,NA,NA,5420.6,NA,NA,NA,NA,NA,NA,NA,NA,NA,NA,NA,NA,14,NA,6,"Chicago Bears","REMAINING",7.3
"Indianapolis D/ST","DST","IND",NA,NA,NA,NA,NA,NA,NA,NA,NA,NA,NA,NA,NA,94.89,NA,"2905","FanDuel","0502","NumberFire","DST",NA,NA,NA,NA,NA,NA,NA,NA,NA,NA,NA,NA,NA,NA,NA,NA,NA,NA,NA,NA,10.38,NA,35.97,NA,NA,NA,2.43,339.3,NA,NA,NA,5029.4,NA,NA,NA,NA,NA,NA,NA,NA,NA,NA,NA,NA,15,NA,14,"Indianapolis Colts","REMAINING",6.43
"Las Vegas D/ST","DST","LV",NA,NA,NA,NA,NA,NA,NA,NA,NA,NA,NA,NA,NA,93.04,NA,"54498","FanDuel","0513","NumberFire","DST",NA,NA,NA,NA,NA,NA,NA,NA,NA,NA,NA,NA,NA,NA,NA,NA,NA,NA,NA,NA,10.45,NA,38.71,NA,NA,NA,2.29,350.6,NA,NA,NA,5097.1,NA,NA,NA,NA,NA,NA,NA,NA,NA,NA,NA,NA,16,NA,35,"Las Vegas Raiders","REMAINING",6.01
"Baltimore D/ST","DST","BAL",NA,NA,NA,NA,NA,NA,NA,NA,NA,NA,NA,NA,NA,92.29,NA,"2894","FanDuel","0531","NumberFire","DST",NA,NA,NA,NA,NA,NA,NA,NA,NA,NA,NA,NA,NA,NA,NA,NA,NA,NA,NA,NA,10.61,NA,22.35,NA,NA,NA,2.75,304,NA,NA,NA,5200.2,NA,NA,NA,NA,NA,NA,NA,NA,NA,NA,NA,NA,17,NA,3,"Baltimore Ravens","REMAINING",6.11
"Atlanta D/ST","DST","ATL",NA,NA,NA,NA,NA,NA,NA,NA,NA,NA,NA,NA,NA,91.38,NA,"2893","FanDuel","0526","NumberFire","DST",NA,NA,NA,NA,NA,NA,NA,NA,NA,NA,NA,NA,NA,NA,NA,NA,NA,NA,NA,NA,10.33,NA,36.9,NA,NA,NA,2.28,355,NA,NA,NA,5141.1,NA,NA,NA,NA,NA,NA,NA,NA,NA,NA,NA,NA,18,NA,2,"Atlanta Falcons","REMAINING",6.77
"Cleveland D/ST","DST","CLE",NA,NA,NA,NA,NA,NA,NA,NA,NA,NA,NA,NA,NA,90.97,NA,"2899","FanDuel","0507","NumberFire","DST",NA,NA,NA,NA,NA,NA,NA,NA,NA,NA,NA,NA,NA,NA,NA,NA,NA,NA,NA,NA,9.64,NA,33.18,NA,NA,NA,2.37,332.8,NA,NA,NA,4942.9,NA,NA,NA,NA,NA,NA,NA,NA,NA,NA,NA,NA,19,NA,8,"Cleveland Browns","REMAINING",6.22
"New York Jets D/ST","DST","NYJ",NA,NA,NA,NA,NA,NA,NA,NA,NA,NA,NA,NA,NA,90.95,NA,"2912","FanDuel","0505","NumberFire","DST",NA,NA,NA,NA,NA,NA,NA,NA,NA,NA,NA,NA,NA,NA,NA,NA,NA,NA,NA,NA,9.46,NA,33.52,NA,NA,NA,2.41,336.4,NA,NA,NA,5119.7,NA,NA,NA,NA,NA,NA,NA,NA,NA,NA,NA,NA,20,NA,22,"New York Jets","REMAINING",6.47
"Green Bay D/ST","DST","GB",NA,NA,NA,NA,NA,NA,NA,NA,NA,NA,NA,NA,NA,90.49,NA,"2903","FanDuel","0523","NumberFire","DST",NA,NA,NA,NA,NA,NA,NA,NA,NA,NA,NA,NA,NA,NA,NA,NA,NA,NA,NA,NA,10.5,NA,33.61,NA,NA,NA,2.39,351.3,NA,NA,NA,5188.1,NA,NA,NA,NA,NA,NA,NA,NA,NA,NA,NA,NA,21,NA,12,"Green Bay Packers","REMAINING",6.81
"Tennessee D/ST","DST","TEN",NA,NA,NA,NA,NA,NA,NA,NA,NA,NA,NA,NA,NA,90.16,NA,"2922","FanDuel","0508","NumberFire","DST",NA,NA,NA,NA,NA,NA,NA,NA,NA,NA,NA,NA,NA,NA,NA,NA,NA,NA,NA,NA,9.61,NA,39.19,NA,NA,NA,2.23,359.3,NA,NA,NA,5203.8,NA,NA,NA,NA,NA,NA,NA,NA,NA,NA,NA,NA,22,NA,31,"Tennessee Titans","REMAINING",6.34
"New York Giants D/ST","DST","NYG",NA,NA,NA,NA,NA,NA,NA,NA,NA,NA,NA,NA,NA,88.91,NA,"2913","FanDuel","0517","NumberFire","DST",NA,NA,NA,NA,NA,NA,NA,NA,NA,NA,NA,NA,NA,NA,NA,NA,NA,NA,NA,NA,9.84,NA,33.27,NA,NA,NA,2.33,343.5,NA,NA,NA,5203.7,NA,NA,NA,NA,NA,NA,NA,NA,NA,NA,NA,NA,23,NA,21,"New York Giants","REMAINING",6.2
"Tampa Bay D/ST","DST","TB",NA,NA,NA,NA,NA,NA,NA,NA,NA,NA,NA,NA,NA,88.66,NA,"2921","FanDuel","0525","NumberFire","DST",NA,NA,NA,NA,NA,NA,NA,NA,NA,NA,NA,NA,NA,NA,NA,NA,NA,NA,NA,NA,10.31,NA,35.4,NA,NA,NA,2.28,360.4,NA,NA,NA,5311.4,NA,NA,NA,NA,NA,NA,NA,NA,NA,NA,NA,NA,24,NA,30,"Tampa Bay Buccaneers","REMAINING",6.75
"Washington D/ST","DST","WSH",NA,NA,NA,NA,NA,NA,NA,NA,NA,NA,NA,NA,NA,87.49,NA,"2923","FanDuel","0520","NumberFire","DST",NA,NA,NA,NA,NA,NA,NA,NA,NA,NA,NA,NA,NA,NA,NA,NA,NA,NA,NA,NA,11.59,NA,31.76,NA,NA,NA,2.25,357.8,NA,NA,NA,5407.1,NA,NA,NA,NA,NA,NA,NA,NA,NA,NA,NA,NA,25,NA,32,"Washington Commanders","REMAINING",6.32
"Cincinnati D/ST","DST","CIN",NA,NA,NA,NA,NA,NA,NA,NA,NA,NA,NA,NA,NA,86.6,NA,"2898","FanDuel","0506","NumberFire","DST",NA,NA,NA,NA,NA,NA,NA,NA,NA,NA,NA,NA,NA,NA,NA,NA,NA,NA,NA,NA,10.32,NA,23.91,NA,NA,NA,2.62,324.4,NA,NA,NA,5416.4,NA,NA,NA,NA,NA,NA,NA,NA,NA,NA,NA,NA,26,NA,7,"Cincinnati Bengals","REMAINING",5.93
"Carolina D/ST","DST","CAR",NA,NA,NA,NA,NA,NA,NA,NA,NA,NA,NA,NA,NA,86.22,NA,"2896","FanDuel","0527","NumberFire","DST",NA,NA,NA,NA,NA,NA,NA,NA,NA,NA,NA,NA,NA,NA,NA,NA,NA,NA,NA,NA,10.39,NA,33.15,NA,NA,NA,2.23,361.1,NA,NA,NA,5208.5,NA,NA,NA,NA,NA,NA,NA,NA,NA,NA,NA,NA,27,NA,5,"Carolina Panthers","REMAINING",6.72
"San Francisco D/ST","DST","SF",NA,NA,NA,NA,NA,NA,NA,NA,NA,NA,NA,NA,NA,85.55,NA,"2918","FanDuel","0530","NumberFire","DST",NA,NA,NA,NA,NA,NA,NA,NA,NA,NA,NA,NA,NA,NA,NA,NA,NA,NA,NA,NA,10.95,NA,24.26,NA,NA,NA,2.54,329.9,NA,NA,NA,5204.4,NA,NA,NA,NA,NA,NA,NA,NA,NA,NA,NA,NA,28,NA,27,"San Francisco 49ers","REMAINING",5.65
"Dallas D/ST","DST","DAL",NA,NA,NA,NA,NA,NA,NA,NA,NA,NA,NA,NA,NA,83.42,NA,"2900","FanDuel","0516","NumberFire","DST",NA,NA,NA,NA,NA,NA,NA,NA,NA,NA,NA,NA,NA,NA,NA,NA,NA,NA,NA,NA,11.08,NA,28.9,NA,NA,NA,2.32,360.5,NA,NA,NA,5524.5,NA,NA,NA,NA,NA,NA,NA,NA,NA,NA,NA,NA,29,NA,9,"Dallas Cowboys","REMAINING",6.26
"Jacksonville D/ST","DST","JAC",NA,NA,NA,NA,NA,NA,NA,NA,NA,NA,NA,NA,NA,81.52,NA,"2906","FanDuel","0509","NumberFire","DST",NA,NA,NA,NA,NA,NA,NA,NA,NA,NA,NA,NA,NA,NA,NA,NA,NA,NA,NA,NA,10.57,NA,19.95,NA,NA,NA,2.54,328.1,NA,NA,NA,5207.9,NA,NA,NA,NA,NA,NA,NA,NA,NA,NA,NA,NA,30,NA,15,"Jacksonville Jaguars","REMAINING",5.86
"Arizona D/ST","DST","ARI",NA,NA,NA,NA,NA,NA,NA,NA,NA,NA,NA,NA,NA,80.04,NA,"2892","FanDuel","0519","NumberFire","DST",NA,NA,NA,NA,NA,NA,NA,NA,NA,NA,NA,NA,NA,NA,NA,NA,NA,NA,NA,NA,10.88,NA,31.67,NA,NA,NA,2.11,374.4,NA,NA,NA,5251,NA,NA,NA,NA,NA,NA,NA,NA,NA,NA,NA,NA,31,NA,1,"Arizona Cardinals","REMAINING",5.79
"Miami D/ST","DST","MIA",NA,NA,NA,NA,NA,NA,NA,NA,NA,NA,NA,NA,NA,76.38,NA,"2908","FanDuel","0503","NumberFire","DST",NA,NA,NA,NA,NA,NA,NA,NA,NA,NA,NA,NA,NA,NA,NA,NA,NA,NA,NA,NA,10.43,NA,33.45,NA,NA,NA,1.95,398,NA,NA,NA,5487.2,NA,NA,NA,NA,NA,NA,NA,NA,NA,NA,NA,NA,32,NA,17,"Miami Dolphins","REMAINING",6.88
"Josh Allen","QB","BUF",NA,504.5,341.7,3889,NA,26.8,11.7,NA,115.5,577.8,NA,11.1,4.1,367.1,NA,"17298","FantasyPros","13589","Walterfootball","QB",NA,NA,NA,NA,NA,NA,NA,NA,NA,NA,NA,NA,NA,NA,NA,NA,NA,NA,NA,NA,NA,NA,NA,NA,NA,NA,NA,NA,NA,NA,NA,NA,NA,NA,NA,NA,NA,NA,7,NA,NA,NA,NA,NA,NA,NA,NA,NA,NA,NA
"Lamar Jackson","QB","BAL",NA,459.1,297,3715.1,NA,28.2,9.5,NA,119.2,655,NA,3.2,4.2,328.1,NA,"17233","FantasyPros","13593","Walterfootball","QB",NA,NA,NA,NA,NA,NA,NA,NA,NA,NA,NA,NA,NA,NA,NA,NA,NA,NA,NA,NA,NA,NA,NA,NA,NA,NA,NA,NA,NA,NA,NA,NA,NA,NA,NA,NA,NA,NA,13,NA,NA,NA,NA,NA,NA,NA,NA,NA,NA,NA
"Drake Maye","QB","NE",NA,512.1,352.3,4142.7,NA,27.6,10.7,NA,98.2,480.6,NA,3.8,5.6,324.8,NA,"23046","FantasyPros","16580","Walterfootball","QB",NA,NA,NA,NA,NA,NA,NA,NA,NA,NA,NA,NA,NA,NA,NA,NA,NA,NA,NA,NA,NA,NA,NA,NA,NA,NA,NA,NA,NA,NA,NA,NA,NA,NA,NA,NA,NA,NA,11,NA,NA,NA,NA,NA,NA,NA,NA,NA,NA,NA
"Jalen Hurts","QB","PHI",NA,500.5,325.1,3638.4,NA,24,8.1,NA,109.7,463.4,NA,8.3,4,321.8,NA,"19275","FantasyPros","14783","Walterfootball","QB",NA,NA,NA,NA,NA,NA,NA,NA,NA,NA,NA,NA,NA,NA,NA,NA,NA,NA,NA,NA,NA,NA,NA,NA,NA,NA,NA,NA,NA,NA,NA,NA,NA,NA,NA,NA,NA,NA,10,NA,NA,NA,NA,NA,NA,NA,NA,NA,NA,NA
"Dak Prescott","QB","DAL",NA,586.9,387.3,4328.3,NA,31.2,11.7,NA,54.4,207.9,NA,2.4,2.8,315.8,NA,"15600","FantasyPros","12620","Walterfootball","QB",NA,NA,NA,NA,NA,NA,NA,NA,NA,NA,NA,NA,NA,NA,NA,NA,NA,NA,NA,NA,NA,NA,NA,NA,NA,NA,NA,NA,NA,NA,NA,NA,NA,NA,NA,NA,NA,NA,14,NA,NA,NA,NA,NA,NA,NA,NA,NA,NA,NA
"Joe Burrow","QB","CIN",NA,595,396.9,4215.6,NA,33.4,11.5,NA,47.2,179.6,NA,1.5,1.9,313.7,NA,"19196","FantasyPros","14777","Walterfootball","QB",NA,NA,NA,NA,NA,NA,NA,NA,NA,NA,NA,NA,NA,NA,NA,NA,NA,NA,NA,NA,NA,NA,NA,NA,NA,NA,NA,NA,NA,NA,NA,NA,NA,NA,NA,NA,NA,NA,6,NA,NA,NA,NA,NA,NA,NA,NA,NA,NA,NA
"Jayden Daniels","QB","WAS",NA,497,320.8,3620.4,NA,22.9,11.3,NA,126.4,649.8,NA,4.7,2.8,312.6,NA,"22902","FantasyPros","16581","Walterfootball","QB",NA,NA,NA,NA,NA,NA,NA,NA,NA,NA,NA,NA,NA,NA,NA,NA,NA,NA,NA,NA,NA,NA,NA,NA,NA,NA,NA,NA,NA,NA,NA,NA,NA,NA,NA,NA,NA,NA,7,NA,NA,NA,NA,NA,NA,NA,NA,NA,NA,NA
"Trevor Lawrence","QB","JAC",NA,556.7,343.9,3992.1,NA,26.3,12.9,NA,81,361,NA,5.1,3.4,311.7,NA,"19780","FantasyPros","15237","Walterfootball","QB",NA,NA,NA,NA,NA,NA,NA,NA,NA,NA,NA,NA,NA,NA,NA,NA,NA,NA,NA,NA,NA,NA,NA,NA,NA,NA,NA,NA,NA,NA,NA,NA,NA,NA,NA,NA,NA,NA,7,NA,NA,NA,NA,NA,NA,NA,NA,NA,NA,NA
"Brock Purdy","QB","SF",NA,555.5,374.9,4219.5,NA,28.1,14.2,NA,70.8,304,NA,3.7,4.3,310.8,NA,"19797","FantasyPros","15698","Walterfootball","QB",NA,NA,NA,NA,NA,NA,NA,NA,NA,NA,NA,NA,NA,NA,NA,NA,NA,NA,NA,NA,NA,NA,NA,NA,NA,NA,NA,NA,NA,NA,NA,NA,NA,NA,NA,NA,NA,NA,8,NA,NA,NA,NA,NA,NA,NA,NA,NA,NA,NA
"Patrick Mahomes II","QB","KC",NA,559.8,356.5,3888.9,NA,27.4,11.7,NA,63.9,361.2,NA,3.4,2,305.8,NA,"16413","FantasyPros","13116","Walterfootball","QB",NA,NA,NA,NA,NA,NA,NA,NA,NA,NA,NA,NA,NA,NA,NA,NA,NA,NA,NA,NA,NA,NA,NA,NA,NA,NA,NA,NA,NA,NA,NA,NA,NA,NA,NA,NA,NA,NA,5,NA,NA,NA,NA,NA,NA,NA,NA,NA,NA,NA
"Jahmyr Gibbs","RB","DET",NA,NA,NA,NA,NA,NA,NA,NA,268.5,1419.3,NA,13.2,1.1,335.2,NA,"22968","FantasyPros","16162","Walterfootball","RB",NA,70.4,566.5,NA,NA,4.1,NA,NA,NA,NA,NA,NA,NA,NA,NA,NA,NA,NA,NA,NA,NA,NA,NA,NA,NA,NA,NA,NA,NA,NA,NA,NA,NA,NA,NA,NA,NA,NA,6,NA,NA,NA,NA,NA,NA,NA,NA,NA,NA,NA
"Bijan Robinson","RB","ATL",NA,NA,NA,NA,NA,NA,NA,NA,295.7,1426.1,NA,9,1.8,316.3,NA,"23133","FantasyPros","16161","Walterfootball","RB",NA,73.8,663.6,NA,NA,3.4,NA,NA,NA,NA,NA,NA,NA,NA,NA,NA,NA,NA,NA,NA,NA,NA,NA,NA,NA,NA,NA,NA,NA,NA,NA,NA,NA,NA,NA,NA,NA,NA,11,NA,NA,NA,NA,NA,NA,NA,NA,NA,NA,NA
"Christian McCaffrey","RB","SF",NA,NA,NA,NA,NA,NA,NA,NA,261.3,1087.8,NA,8.4,1.1,292,NA,"16393","FantasyPros","13130","Walterfootball","RB",NA,78.4,686.6,NA,NA,4.5,NA,NA,NA,NA,NA,NA,NA,NA,NA,NA,NA,NA,NA,NA,NA,NA,NA,NA,NA,NA,NA,NA,NA,NA,NA,NA,NA,NA,NA,NA,NA,NA,8,NA,NA,NA,NA,NA,NA,NA,NA,NA,NA,NA
"Jonathan Taylor","RB","IND",NA,NA,NA,NA,NA,NA,NA,NA,317.9,1465.4,NA,12.7,1.7,286.7,NA,"19217","FantasyPros","14802","Walterfootball","RB",NA,45.2,353.7,NA,NA,1.6,NA,NA,NA,NA,NA,NA,NA,NA,NA,NA,NA,NA,NA,NA,NA,NA,NA,NA,NA,NA,NA,NA,NA,NA,NA,NA,NA,NA,NA,NA,NA,NA,13,NA,NA,NA,NA,NA,NA,NA,NA,NA,NA,NA
"Derrick Henry","RB","BAL",NA,NA,NA,NA,NA,NA,NA,NA,319.5,1541.5,NA,13.2,1.7,267.7,NA,"15514","FantasyPros","12626","Walterfootball","RB",NA,21.6,210.8,NA,NA,1,NA,NA,NA,NA,NA,NA,NA,NA,NA,NA,NA,NA,NA,NA,NA,NA,NA,NA,NA,NA,NA,NA,NA,NA,NA,NA,NA,NA,NA,NA,NA,NA,13,NA,NA,NA,NA,NA,NA,NA,NA,NA,NA,NA
"De'Von Achane","RB","MIA",NA,NA,NA,NA,NA,NA,NA,NA,237.2,1200.2,NA,6.1,1,265.7,NA,"23136","FantasyPros","16167","Walterfootball","RB",NA,69.8,531.9,NA,NA,3.8,NA,NA,NA,NA,NA,NA,NA,NA,NA,NA,NA,NA,NA,NA,NA,NA,NA,NA,NA,NA,NA,NA,NA,NA,NA,NA,NA,NA,NA,NA,NA,NA,6,NA,NA,NA,NA,NA,NA,NA,NA,NA,NA,NA
"James Cook III","RB","BUF",NA,NA,NA,NA,NA,NA,NA,NA,297.7,1451.1,NA,10.5,2.4,255.1,NA,"22958","FantasyPros","15715","Walterfootball","RB",NA,30.7,260.2,NA,NA,1.7,NA,NA,NA,NA,NA,NA,NA,NA,NA,NA,NA,NA,NA,NA,NA,NA,NA,NA,NA,NA,NA,NA,NA,NA,NA,NA,NA,NA,NA,NA,NA,NA,7,NA,NA,NA,NA,NA,NA,NA,NA,NA,NA,NA
"Chase Brown","RB","CIN",NA,NA,NA,NA,NA,NA,NA,NA,249.9,1085.8,NA,7.7,1.1,253.2,NA,"25324","FantasyPros","16181","Walterfootball","RB",NA,65.2,444.3,NA,NA,4,NA,NA,NA,NA,NA,NA,NA,NA,NA,NA,NA,NA,NA,NA,NA,NA,NA,NA,NA,NA,NA,NA,NA,NA,NA,NA,NA,NA,NA,NA,NA,NA,6,NA,NA,NA,NA,NA,NA,NA,NA,NA,NA,NA
"Saquon Barkley","RB","PHI",NA,NA,NA,NA,NA,NA,NA,NA,295.7,1327.4,NA,8.3,1,251.7,NA,"17240","FantasyPros","13604","Walterfootball","RB",NA,45,353.3,NA,NA,2.2,NA,NA,NA,NA,NA,NA,NA,NA,NA,NA,NA,NA,NA,NA,NA,NA,NA,NA,NA,NA,NA,NA,NA,NA,NA,NA,NA,NA,NA,NA,NA,NA,10,NA,NA,NA,NA,NA,NA,NA,NA,NA,NA,NA
"Kenneth Walker III","RB","KC",NA,NA,NA,NA,NA,NA,NA,NA,264.5,1174.1,NA,8.7,0.9,234.4,NA,"23021","FantasyPros","15711","Walterfootball","RB",NA,45.3,346.9,NA,NA,1.5,NA,NA,NA,NA,NA,NA,NA,NA,NA,NA,NA,NA,NA,NA,NA,NA,NA,NA,NA,NA,NA,NA,NA,NA,NA,NA,NA,NA,NA,NA,NA,NA,5,NA,NA,NA,NA,NA,NA,NA,NA,NA,NA,NA
"Puka Nacua","WR","LAR",NA,NA,NA,NA,NA,NA,NA,NA,13,85,NA,1.1,1,279.8,NA,"23180","FantasyPros","16211","Walterfootball","WR",NA,117,1539,NA,NA,9,NA,NA,NA,NA,NA,NA,NA,NA,NA,NA,NA,NA,NA,NA,NA,NA,NA,NA,NA,NA,NA,NA,NA,NA,NA,NA,NA,NA,NA,NA,NA,NA,11,NA,NA,NA,NA,NA,NA,NA,NA,NA,NA,NA
"Ja'Marr Chase","WR","CIN",NA,NA,NA,NA,NA,NA,NA,NA,2.3,12.7,NA,0,1,277.1,NA,"19788","FantasyPros","15281","Walterfootball","WR",NA,122.5,1505.5,NA,NA,11,NA,NA,NA,NA,NA,NA,NA,NA,NA,NA,NA,NA,NA,NA,NA,NA,NA,NA,NA,NA,NA,NA,NA,NA,NA,NA,NA,NA,NA,NA,NA,NA,6,NA,NA,NA,NA,NA,NA,NA,NA,NA,NA,NA
"Amon-Ra St. Brown","WR","DET",NA,NA,NA,NA,NA,NA,NA,NA,4.6,19.6,NA,0.1,0.4,272.2,NA,"19799","FantasyPros","15287","Walterfootball","WR",NA,122.4,1451.8,NA,NA,10.7,NA,NA,NA,NA,NA,NA,NA,NA,NA,NA,NA,NA,NA,NA,NA,NA,NA,NA,NA,NA,NA,NA,NA,NA,NA,NA,NA,NA,NA,NA,NA,NA,6,NA,NA,NA,NA,NA,NA,NA,NA,NA,NA,NA
"Jaxon Smith-Njigba","WR","SEA",NA,NA,NA,NA,NA,NA,NA,NA,6.6,34.1,NA,0.1,1.1,269.2,NA,"23070","FantasyPros","16185","Walterfootball","WR",NA,109.9,1566,NA,NA,9.3,NA,NA,NA,NA,NA,NA,NA,NA,NA,NA,NA,NA,NA,NA,NA,NA,NA,NA,NA,NA,NA,NA,NA,NA,NA,NA,NA,NA,NA,NA,NA,NA,11,NA,NA,NA,NA,NA,NA,NA,NA,NA,NA,NA
"CeeDee Lamb","WR","DAL",NA,NA,NA,NA,NA,NA,NA,NA,4.1,20.6,NA,0.1,0.3,234.7,NA,"19202","FantasyPros","14832","Walterfootball","WR",NA,101.1,1345.2,NA,NA,7.9,NA,NA,NA,NA,NA,NA,NA,NA,NA,NA,NA,NA,NA,NA,NA,NA,NA,NA,NA,NA,NA,NA,NA,NA,NA,NA,NA,NA,NA,NA,NA,NA,14,NA,NA,NA,NA,NA,NA,NA,NA,NA,NA,NA
"Rashee Rice","WR","KC",NA,NA,NA,NA,NA,NA,NA,NA,4.3,19.5,NA,0.6,0.6,224.2,NA,"23113","FantasyPros","16194","Walterfootball","WR",NA,99.9,1134.1,NA,NA,9.3,NA,NA,NA,NA,NA,NA,NA,NA,NA,NA,NA,NA,NA,NA,NA,NA,NA,NA,NA,NA,NA,NA,NA,NA,NA,NA,NA,NA,NA,NA,NA,NA,5,NA,NA,NA,NA,NA,NA,NA,NA,NA,NA,NA
"Justin Jefferson","WR","MIN",NA,NA,NA,NA,NA,NA,NA,NA,1,4.2,NA,0,0.3,223.3,NA,"19236","FantasyPros","14836","Walterfootball","WR",NA,101.1,1296.8,NA,NA,7.2,NA,NA,NA,NA,NA,NA,NA,NA,NA,NA,NA,NA,NA,NA,NA,NA,NA,NA,NA,NA,NA,NA,NA,NA,NA,NA,NA,NA,NA,NA,NA,NA,6,NA,NA,NA,NA,NA,NA,NA,NA,NA,NA,NA
"Drake London","WR","ATL",NA,NA,NA,NA,NA,NA,NA,NA,0,0,NA,0,1,222.4,NA,"23163","FantasyPros","15751","Walterfootball","WR",NA,97.7,1263.4,NA,NA,8.2,NA,NA,NA,NA,NA,NA,NA,NA,NA,NA,NA,NA,NA,NA,NA,NA,NA,NA,NA,NA,NA,NA,NA,NA,NA,NA,NA,NA,NA,NA,NA,NA,11,NA,NA,NA,NA,NA,NA,NA,NA,NA,NA,NA
"A.J. Brown","WR","NE",NA,NA,NA,NA,NA,NA,NA,NA,0,0,NA,0,0.3,220,NA,"18218","FantasyPros","14104","Walterfootball","WR",NA,91.6,1272.8,NA,NA,7.9,NA,NA,NA,NA,NA,NA,NA,NA,NA,NA,NA,NA,NA,NA,NA,NA,NA,NA,NA,NA,NA,NA,NA,NA,NA,NA,NA,NA,NA,NA,NA,NA,11,NA,NA,NA,NA,NA,NA,NA,NA,NA,NA,NA
"Chris Olave","WR","NO",NA,NA,NA,NA,NA,NA,NA,NA,1.4,5.6,NA,0,0.3,213,NA,"20111","FantasyPros","15754","Walterfootball","WR",NA,96.1,1183.7,NA,NA,7.7,NA,NA,NA,NA,NA,NA,NA,NA,NA,NA,NA,NA,NA,NA,NA,NA,NA,NA,NA,NA,NA,NA,NA,NA,NA,NA,NA,NA,NA,NA,NA,NA,8,NA,NA,NA,NA,NA,NA,NA,NA,NA,NA,NA
"Trey McBride","TE","ARI",NA,NA,NA,NA,NA,NA,NA,NA,NA,NA,NA,NA,0.2,204.7,NA,"22936","FantasyPros","15794","Walterfootball","TE",NA,111.4,1100.2,NA,NA,6.6,NA,NA,NA,NA,NA,NA,NA,NA,NA,NA,NA,NA,NA,NA,NA,NA,NA,NA,NA,NA,NA,NA,NA,NA,NA,NA,NA,NA,NA,NA,NA,NA,14,NA,NA,NA,NA,NA,NA,NA,NA,NA,NA,NA
"Brock Bowers","TE","LV",NA,NA,NA,NA,NA,NA,NA,NA,NA,NA,NA,NA,0.2,192.4,NA,"22955","FantasyPros","16641","Walterfootball","TE",NA,93.9,991.4,NA,NA,6.8,NA,NA,NA,NA,NA,NA,NA,NA,NA,NA,NA,NA,NA,NA,NA,NA,NA,NA,NA,NA,NA,NA,NA,NA,NA,NA,NA,NA,NA,NA,NA,NA,13,NA,NA,NA,NA,NA,NA,NA,NA,NA,NA,NA
"Colston Loveland","TE","CHI",NA,NA,NA,NA,NA,NA,NA,NA,NA,NA,NA,NA,0.2,171.1,NA,"26006","FantasyPros","17104","Walterfootball","TE",NA,79.6,913.6,NA,NA,6.7,NA,NA,NA,NA,NA,NA,NA,NA,NA,NA,NA,NA,NA,NA,NA,NA,NA,NA,NA,NA,NA,NA,NA,NA,NA,NA,NA,NA,NA,NA,NA,NA,10,NA,NA,NA,NA,NA,NA,NA,NA,NA,NA,NA
"Tyler Warren","TE","IND",NA,NA,NA,NA,NA,NA,NA,NA,NA,NA,NA,NA,0.3,161.8,NA,"26434","FantasyPros","17102","Walterfootball","TE",NA,77.8,846.2,NA,NA,5.2,NA,NA,NA,NA,NA,NA,NA,NA,NA,NA,NA,NA,NA,NA,NA,NA,NA,NA,NA,NA,NA,NA,NA,NA,NA,NA,NA,NA,NA,NA,NA,NA,13,NA,NA,NA,NA,NA,NA,NA,NA,NA,NA,NA
"Harold Fannin Jr.","TE","CLE",NA,NA,NA,NA,NA,NA,NA,NA,NA,NA,NA,NA,0.8,158.6,NA,"27050","FantasyPros","17103","Walterfootball","TE",NA,79.5,790.5,NA,NA,5.2,NA,NA,NA,NA,NA,NA,NA,NA,NA,NA,NA,NA,NA,NA,NA,NA,NA,NA,NA,NA,NA,NA,NA,NA,NA,NA,NA,NA,NA,NA,NA,NA,11,NA,NA,NA,NA,NA,NA,NA,NA,NA,NA,NA
"George Kittle","TE","SF",NA,NA,NA,NA,NA,NA,NA,NA,NA,NA,NA,NA,0.2,156.2,NA,"16499","FantasyPros","13299","Walterfootball","TE",NA,72.1,829.1,NA,NA,6.3,NA,NA,NA,NA,NA,NA,NA,NA,NA,NA,NA,NA,NA,NA,NA,NA,NA,NA,NA,NA,NA,NA,NA,NA,NA,NA,NA,NA,NA,NA,NA,NA,8,NA,NA,NA,NA,NA,NA,NA,NA,NA,NA,NA
"Sam LaPorta","TE","DET",NA,NA,NA,NA,NA,NA,NA,NA,NA,NA,NA,NA,0.2,155.9,NA,"22978","FantasyPros","16214","Walterfootball","TE",NA,73.4,842.4,NA,NA,5.9,NA,NA,NA,NA,NA,NA,NA,NA,NA,NA,NA,NA,NA,NA,NA,NA,NA,NA,NA,NA,NA,NA,NA,NA,NA,NA,NA,NA,NA,NA,NA,NA,6,NA,NA,NA,NA,NA,NA,NA,NA,NA,NA,NA
"Dallas Goedert","TE","PHI",NA,NA,NA,NA,NA,NA,NA,NA,NA,NA,NA,NA,0.2,150.3,NA,"17270","FantasyPros","13674","Walterfootball","TE",NA,69.6,730.3,NA,NA,7.1,NA,NA,NA,NA,NA,NA,NA,NA,NA,NA,NA,NA,NA,NA,NA,NA,NA,NA,NA,NA,NA,NA,NA,NA,NA,NA,NA,NA,NA,NA,NA,NA,10,NA,NA,NA,NA,NA,NA,NA,NA,NA,NA,NA
"Travis Kelce","TE","KC",NA,NA,NA,NA,NA,NA,NA,NA,NA,NA,NA,NA,0.3,148,NA,"11594","FantasyPros","11244","Walterfootball","TE",NA,75.4,796.7,NA,NA,5.2,NA,NA,NA,NA,NA,NA,NA,NA,NA,NA,NA,NA,NA,NA,NA,NA,NA,NA,NA,NA,NA,NA,NA,NA,NA,NA,NA,NA,NA,NA,NA,NA,5,NA,NA,NA,NA,NA,NA,NA,NA,NA,NA,NA
"Tucker Kraft","TE","GB",NA,NA,NA,NA,NA,NA,NA,NA,NA,NA,NA,NA,0.2,143.8,NA,"25298","FantasyPros","16222","Walterfootball","TE",NA,59.9,777,NA,NA,6.1,NA,NA,NA,NA,NA,NA,NA,NA,NA,NA,NA,NA,NA,NA,NA,NA,NA,NA,NA,NA,NA,NA,NA,NA,NA,NA,NA,NA,NA,NA,NA,NA,11,NA,NA,NA,NA,NA,NA,NA,NA,NA,NA,NA
"Brandon Aubrey","K","DAL",NA,NA,NA,NA,NA,NA,NA,NA,NA,NA,NA,NA,NA,151.4,NA,"26068","FantasyPros","16414","Walterfootball","K",NA,NA,NA,NA,NA,NA,34.8,39.5,NA,NA,NA,NA,NA,NA,NA,NA,NA,NA,47,NA,NA,NA,NA,NA,NA,NA,NA,NA,NA,NA,NA,NA,NA,NA,NA,NA,NA,NA,14,NA,NA,NA,NA,NA,NA,NA,NA,NA,NA,NA
"Jason Myers","K","SEA",NA,NA,NA,NA,NA,NA,NA,NA,NA,NA,NA,NA,NA,150.4,NA,"14003","FantasyPros","12437","Walterfootball","K",NA,NA,NA,NA,NA,NA,34.7,39.6,NA,NA,NA,NA,NA,NA,NA,NA,NA,NA,46.3,NA,NA,NA,NA,NA,NA,NA,NA,NA,NA,NA,NA,NA,NA,NA,NA,NA,NA,NA,11,NA,NA,NA,NA,NA,NA,NA,NA,NA,NA,NA
"Ka'imi Fairbairn","K","HOU",NA,NA,NA,NA,NA,NA,NA,NA,NA,NA,NA,NA,NA,144.5,NA,"15756","FantasyPros","12860","Walterfootball","K",NA,NA,NA,NA,NA,NA,36.3,40.5,NA,NA,NA,NA,NA,NA,NA,NA,NA,NA,35.6,NA,NA,NA,NA,NA,NA,NA,NA,NA,NA,NA,NA,NA,NA,NA,NA,NA,NA,NA,8,NA,NA,NA,NA,NA,NA,NA,NA,NA,NA,NA
"Cameron Dicker","K","LAC",NA,NA,NA,NA,NA,NA,NA,NA,NA,NA,NA,NA,NA,142.7,NA,"23901","FantasyPros","15979","Walterfootball","K",NA,NA,NA,NA,NA,NA,34.3,37.6,NA,NA,NA,NA,NA,NA,NA,NA,NA,NA,39.8,NA,NA,NA,NA,NA,NA,NA,NA,NA,NA,NA,NA,NA,NA,NA,NA,NA,NA,NA,7,NA,NA,NA,NA,NA,NA,NA,NA,NA,NA,NA
"Jake Bates","K","DET",NA,NA,NA,NA,NA,NA,NA,NA,NA,NA,NA,NA,NA,135.9,NA,"26075","FantasyPros","16846","Walterfootball","K",NA,NA,NA,NA,NA,NA,28.3,33.8,NA,NA,NA,NA,NA,NA,NA,NA,NA,NA,51.1,NA,NA,NA,NA,NA,NA,NA,NA,NA,NA,NA,NA,NA,NA,NA,NA,NA,NA,NA,6,NA,NA,NA,NA,NA,NA,NA,NA,NA,NA,NA
"Harrison Mevis","K","LAR",NA,NA,NA,NA,NA,NA,NA,NA,NA,NA,NA,NA,NA,135.3,NA,"26638","FantasyPros","16843","Walterfootball","K",NA,NA,NA,NA,NA,NA,27,30.2,NA,NA,NA,NA,NA,NA,NA,NA,NA,NA,54.4,NA,NA,NA,NA,NA,NA,NA,NA,NA,NA,NA,NA,NA,NA,NA,NA,NA,NA,NA,11,NA,NA,NA,NA,NA,NA,NA,NA,NA,NA,NA
"Spencer Shrader","K","IND",NA,NA,NA,NA,NA,NA,NA,NA,NA,NA,NA,NA,NA,135.2,NA,"26763","FantasyPros","16896","Walterfootball","K",NA,NA,NA,NA,NA,NA,30.6,35.2,NA,NA,NA,NA,NA,NA,NA,NA,NA,NA,43.4,NA,NA,NA,NA,NA,NA,NA,NA,NA,NA,NA,NA,NA,NA,NA,NA,NA,NA,NA,13,NA,NA,NA,NA,NA,NA,NA,NA,NA,NA,NA
"Cairo Santos","K","CHI",NA,NA,NA,NA,NA,NA,NA,NA,NA,NA,NA,NA,NA,133.2,NA,"13731","FantasyPros","11945","Walterfootball","K",NA,NA,NA,NA,NA,NA,30,34.5,NA,NA,NA,NA,NA,NA,NA,NA,NA,NA,43.2,NA,NA,NA,NA,NA,NA,NA,NA,NA,NA,NA,NA,NA,NA,NA,NA,NA,NA,NA,10,NA,NA,NA,NA,NA,NA,NA,NA,NA,NA,NA
"Chase McLaughlin","K","TB",NA,NA,NA,NA,NA,NA,NA,NA,NA,NA,NA,NA,NA,132.8,NA,"19058","FantasyPros","14717","Walterfootball","K",NA,NA,NA,NA,NA,NA,31.5,36.2,NA,NA,NA,NA,NA,NA,NA,NA,NA,NA,38.2,NA,NA,NA,NA,NA,NA,NA,NA,NA,NA,NA,NA,NA,NA,NA,NA,NA,NA,NA,10,NA,NA,NA,NA,NA,NA,NA,NA,NA,NA,NA
"Eddy Pineiro","K","SF",NA,NA,NA,NA,NA,NA,NA,NA,NA,NA,NA,NA,NA,132.5,NA,"17575","FantasyPros","13719","Walterfootball","K",NA,NA,NA,NA,NA,NA,31,34.7,NA,NA,NA,NA,NA,NA,NA,NA,NA,NA,39.4,NA,NA,NA,NA,NA,NA,NA,NA,NA,NA,NA,NA,NA,NA,NA,NA,NA,NA,NA,8,NA,NA,NA,NA,NA,NA,NA,NA,NA,NA,NA
